ISO-10303-21;
HEADER;
FILE_DESCRIPTION(('Open CASCADE Model'),'2;1');
FILE_NAME('Open CASCADE Shape Model','2026-09-23T15:38:26',('Author'),(
    'Open CASCADE'),'Open CASCADE STEP processor 7.9','Open CASCADE 7.9'
  ,'Unknown');
FILE_SCHEMA(('AUTOMOTIVE_DESIGN { 1 0 10303 214 1 1 1 1 }'));
ENDSEC;
DATA;
#1 = APPLICATION_PROTOCOL_DEFINITION('international standard',
  'automotive_design',2000,#2);
#2 = APPLICATION_CONTEXT(
  'core data for automotive mechanical design processes');
#3 = SHAPE_DEFINITION_REPRESENTATION(#4,#10);
#4 = PRODUCT_DEFINITION_SHAPE('','',#5);
#5 = PRODUCT_DEFINITION('design','',#6,#9);
#6 = PRODUCT_DEFINITION_FORMATION('','',#7);
#7 = PRODUCT('Open CASCADE STEP translator 7.9 3',
  'Open CASCADE STEP translator 7.9 3','',(#8));
#8 = PRODUCT_CONTEXT('',#2,'mechanical');
#9 = PRODUCT_DEFINITION_CONTEXT('part definition',#2,'design');
#10 = ADVANCED_BREP_SHAPE_REPRESENTATION('',(#11,#15),#4558);
#11 = AXIS2_PLACEMENT_3D('',#12,#13,#14);
#12 = CARTESIAN_POINT('',(0.,0.,0.));
#13 = DIRECTION('',(0.,0.,1.));
#14 = DIRECTION('',(1.,0.,-0.));
#15 = MANIFOLD_SOLID_BREP('',#16);
#16 = CLOSED_SHELL('',(#17,#137,#1393,#1442,#2773,#2800,#2830,#2863,
    #2890,#2995,#3050,#3118,#3178,#3246,#3309,#3370,#3417,#3444,#3471,
    #3498,#3525,#3532,#3579,#3606,#3633,#3660,#3687,#3694,#3741,#3768,
    #3795,#3822,#3849,#3856,#3903,#3930,#3957,#3984,#4011,#4018,#4065,
    #4092,#4119,#4146,#4173,#4180,#4235,#4298,#4353,#4416,#4443,#4470,
    #4497,#4524,#4551));
#17 = ADVANCED_FACE('',(#18),#32,.F.);
#18 = FACE_BOUND('',#19,.F.);
#19 = EDGE_LOOP('',(#20,#55,#83,#111));
#20 = ORIENTED_EDGE('',*,*,#21,.F.);
#21 = EDGE_CURVE('',#22,#24,#26,.T.);
#22 = VERTEX_POINT('',#23);
#23 = CARTESIAN_POINT('',(0.,0.,0.));
#24 = VERTEX_POINT('',#25);
#25 = CARTESIAN_POINT('',(207.9625,0.,0.));
#26 = SURFACE_CURVE('',#27,(#31,#43),.PCURVE_S1.);
#27 = LINE('',#28,#29);
#28 = CARTESIAN_POINT('',(0.,0.,0.));
#29 = VECTOR('',#30,1.);
#30 = DIRECTION('',(1.,0.,0.));
#31 = PCURVE('',#32,#37);
#32 = PLANE('',#33);
#33 = AXIS2_PLACEMENT_3D('',#34,#35,#36);
#34 = CARTESIAN_POINT('',(0.,0.,0.));
#35 = DIRECTION('',(0.,1.,0.));
#36 = DIRECTION('',(1.,0.,0.));
#37 = DEFINITIONAL_REPRESENTATION('',(#38),#42);
#38 = LINE('',#39,#40);
#39 = CARTESIAN_POINT('',(0.,0.));
#40 = VECTOR('',#41,1.);
#41 = DIRECTION('',(1.,0.));
#42 = ( GEOMETRIC_REPRESENTATION_CONTEXT(2) 
PARAMETRIC_REPRESENTATION_CONTEXT() REPRESENTATION_CONTEXT('2D SPACE',''
  ) );
#43 = PCURVE('',#44,#49);
#44 = PLANE('',#45);
#45 = AXIS2_PLACEMENT_3D('',#46,#47,#48);
#46 = CARTESIAN_POINT('',(217.64725266008,53.255729267513,0.));
#47 = DIRECTION('',(0.,0.,1.));
#48 = DIRECTION('',(1.,0.,-0.));
#49 = DEFINITIONAL_REPRESENTATION('',(#50),#54);
#50 = LINE('',#51,#52);
#51 = CARTESIAN_POINT('',(-217.64725266,-53.25572926751));
#52 = VECTOR('',#53,1.);
#53 = DIRECTION('',(1.,0.));
#54 = ( GEOMETRIC_REPRESENTATION_CONTEXT(2) 
PARAMETRIC_REPRESENTATION_CONTEXT() REPRESENTATION_CONTEXT('2D SPACE',''
  ) );
#55 = ORIENTED_EDGE('',*,*,#56,.T.);
#56 = EDGE_CURVE('',#22,#57,#59,.T.);
#57 = VERTEX_POINT('',#58);
#58 = CARTESIAN_POINT('',(0.,0.,12.7));
#59 = SURFACE_CURVE('',#60,(#64,#71),.PCURVE_S1.);
#60 = LINE('',#61,#62);
#61 = CARTESIAN_POINT('',(0.,0.,0.));
#62 = VECTOR('',#63,1.);
#63 = DIRECTION('',(0.,0.,1.));
#64 = PCURVE('',#32,#65);
#65 = DEFINITIONAL_REPRESENTATION('',(#66),#70);
#66 = LINE('',#67,#68);
#67 = CARTESIAN_POINT('',(0.,0.));
#68 = VECTOR('',#69,1.);
#69 = DIRECTION('',(0.,-1.));
#70 = ( GEOMETRIC_REPRESENTATION_CONTEXT(2) 
PARAMETRIC_REPRESENTATION_CONTEXT() REPRESENTATION_CONTEXT('2D SPACE',''
  ) );
#71 = PCURVE('',#72,#77);
#72 = PLANE('',#73);
#73 = AXIS2_PLACEMENT_3D('',#74,#75,#76);
#74 = CARTESIAN_POINT('',(0.,76.2,0.));
#75 = DIRECTION('',(1.,0.,-0.));
#76 = DIRECTION('',(0.,-1.,0.));
#77 = DEFINITIONAL_REPRESENTATION('',(#78),#82);
#78 = LINE('',#79,#80);
#79 = CARTESIAN_POINT('',(76.2,0.));
#80 = VECTOR('',#81,1.);
#81 = DIRECTION('',(0.,-1.));
#82 = ( GEOMETRIC_REPRESENTATION_CONTEXT(2) 
PARAMETRIC_REPRESENTATION_CONTEXT() REPRESENTATION_CONTEXT('2D SPACE',''
  ) );
#83 = ORIENTED_EDGE('',*,*,#84,.T.);
#84 = EDGE_CURVE('',#57,#85,#87,.T.);
#85 = VERTEX_POINT('',#86);
#86 = CARTESIAN_POINT('',(207.9625,0.,12.7));
#87 = SURFACE_CURVE('',#88,(#92,#99),.PCURVE_S1.);
#88 = LINE('',#89,#90);
#89 = CARTESIAN_POINT('',(0.,0.,12.7));
#90 = VECTOR('',#91,1.);
#91 = DIRECTION('',(1.,0.,0.));
#92 = PCURVE('',#32,#93);
#93 = DEFINITIONAL_REPRESENTATION('',(#94),#98);
#94 = LINE('',#95,#96);
#95 = CARTESIAN_POINT('',(0.,-12.7));
#96 = VECTOR('',#97,1.);
#97 = DIRECTION('',(1.,0.));
#98 = ( GEOMETRIC_REPRESENTATION_CONTEXT(2) 
PARAMETRIC_REPRESENTATION_CONTEXT() REPRESENTATION_CONTEXT('2D SPACE',''
  ) );
#99 = PCURVE('',#100,#105);
#100 = PLANE('',#101);
#101 = AXIS2_PLACEMENT_3D('',#102,#103,#104);
#102 = CARTESIAN_POINT('',(0.,0.,12.7));
#103 = DIRECTION('',(0.,0.,1.));
#104 = DIRECTION('',(1.,0.,-0.));
#105 = DEFINITIONAL_REPRESENTATION('',(#106),#110);
#106 = LINE('',#107,#108);
#107 = CARTESIAN_POINT('',(0.,0.));
#108 = VECTOR('',#109,1.);
#109 = DIRECTION('',(1.,0.));
#110 = ( GEOMETRIC_REPRESENTATION_CONTEXT(2) 
PARAMETRIC_REPRESENTATION_CONTEXT() REPRESENTATION_CONTEXT('2D SPACE',''
  ) );
#111 = ORIENTED_EDGE('',*,*,#112,.T.);
#112 = EDGE_CURVE('',#85,#24,#113,.T.);
#113 = SURFACE_CURVE('',#114,(#118,#125),.PCURVE_S1.);
#114 = LINE('',#115,#116);
#115 = CARTESIAN_POINT('',(207.9625,0.,3.19359327753));
#116 = VECTOR('',#117,1.);
#117 = DIRECTION('',(0.,0.,-1.));
#118 = PCURVE('',#32,#119);
#119 = DEFINITIONAL_REPRESENTATION('',(#120),#124);
#120 = LINE('',#121,#122);
#121 = CARTESIAN_POINT('',(207.9625,-3.19359327753));
#122 = VECTOR('',#123,1.);
#123 = DIRECTION('',(0.,1.));
#124 = ( GEOMETRIC_REPRESENTATION_CONTEXT(2) 
PARAMETRIC_REPRESENTATION_CONTEXT() REPRESENTATION_CONTEXT('2D SPACE',''
  ) );
#125 = PCURVE('',#126,#131);
#126 = PLANE('',#127);
#127 = AXIS2_PLACEMENT_3D('',#128,#129,#130);
#128 = CARTESIAN_POINT('',(207.9625,8.015448168434,6.38718655506));
#129 = DIRECTION('',(1.,0.,0.));
#130 = DIRECTION('',(-0.,0.,1.));
#131 = DEFINITIONAL_REPRESENTATION('',(#132),#136);
#132 = LINE('',#133,#134);
#133 = CARTESIAN_POINT('',(-3.19359327753,8.015448168434));
#134 = VECTOR('',#135,1.);
#135 = DIRECTION('',(-1.,0.));
#136 = ( GEOMETRIC_REPRESENTATION_CONTEXT(2) 
PARAMETRIC_REPRESENTATION_CONTEXT() REPRESENTATION_CONTEXT('2D SPACE',''
  ) );
#137 = ADVANCED_FACE('',(#138,#543,#713,#883,#1053,#1223),#44,.F.);
#138 = FACE_BOUND('',#139,.F.);
#139 = EDGE_LOOP('',(#140,#163,#164,#187,#223,#251,#304,#332,#385,#413,
    #445,#473,#509));
#140 = ORIENTED_EDGE('',*,*,#141,.T.);
#141 = EDGE_CURVE('',#142,#22,#144,.T.);
#142 = VERTEX_POINT('',#143);
#143 = CARTESIAN_POINT('',(1.299495277635E-14,76.2,0.));
#144 = SURFACE_CURVE('',#145,(#149,#156),.PCURVE_S1.);
#145 = LINE('',#146,#147);
#146 = CARTESIAN_POINT('',(0.,76.2,0.));
#147 = VECTOR('',#148,1.);
#148 = DIRECTION('',(0.,-1.,0.));
#149 = PCURVE('',#44,#150);
#150 = DEFINITIONAL_REPRESENTATION('',(#151),#155);
#151 = LINE('',#152,#153);
#152 = CARTESIAN_POINT('',(-217.64725266,22.944270732487));
#153 = VECTOR('',#154,1.);
#154 = DIRECTION('',(0.,-1.));
#155 = ( GEOMETRIC_REPRESENTATION_CONTEXT(2) 
PARAMETRIC_REPRESENTATION_CONTEXT() REPRESENTATION_CONTEXT('2D SPACE',''
  ) );
#156 = PCURVE('',#72,#157);
#157 = DEFINITIONAL_REPRESENTATION('',(#158),#162);
#158 = LINE('',#159,#160);
#159 = CARTESIAN_POINT('',(0.,0.));
#160 = VECTOR('',#161,1.);
#161 = DIRECTION('',(1.,0.));
#162 = ( GEOMETRIC_REPRESENTATION_CONTEXT(2) 
PARAMETRIC_REPRESENTATION_CONTEXT() REPRESENTATION_CONTEXT('2D SPACE',''
  ) );
#163 = ORIENTED_EDGE('',*,*,#21,.T.);
#164 = ORIENTED_EDGE('',*,*,#165,.T.);
#165 = EDGE_CURVE('',#24,#166,#168,.T.);
#166 = VERTEX_POINT('',#167);
#167 = CARTESIAN_POINT('',(207.9625,25.284737305187,-2.636779683485E-16)
  );
#168 = SURFACE_CURVE('',#169,(#173,#180),.PCURVE_S1.);
#169 = LINE('',#170,#171);
#170 = CARTESIAN_POINT('',(207.9625,30.635588717974,0.));
#171 = VECTOR('',#172,1.);
#172 = DIRECTION('',(0.,1.,0.));
#173 = PCURVE('',#44,#174);
#174 = DEFINITIONAL_REPRESENTATION('',(#175),#179);
#175 = LINE('',#176,#177);
#176 = CARTESIAN_POINT('',(-9.68475266008,-22.62014054953));
#177 = VECTOR('',#178,1.);
#178 = DIRECTION('',(0.,1.));
#179 = ( GEOMETRIC_REPRESENTATION_CONTEXT(2) 
PARAMETRIC_REPRESENTATION_CONTEXT() REPRESENTATION_CONTEXT('2D SPACE',''
  ) );
#180 = PCURVE('',#126,#181);
#181 = DEFINITIONAL_REPRESENTATION('',(#182),#186);
#182 = LINE('',#183,#184);
#183 = CARTESIAN_POINT('',(-6.38718655506,-22.62014054954));
#184 = VECTOR('',#185,1.);
#185 = DIRECTION('',(0.,-1.));
#186 = ( GEOMETRIC_REPRESENTATION_CONTEXT(2) 
PARAMETRIC_REPRESENTATION_CONTEXT() REPRESENTATION_CONTEXT('2D SPACE',''
  ) );
#187 = ORIENTED_EDGE('',*,*,#188,.F.);
#188 = EDGE_CURVE('',#189,#166,#191,.T.);
#189 = VERTEX_POINT('',#190);
#190 = CARTESIAN_POINT('',(207.91765534551,25.442617351491,
    -6.106226635438E-16));
#191 = SURFACE_CURVE('',#192,(#197,#208),.PCURVE_S1.);
#192 = ELLIPSE('',#193,0.30018286329,0.3);
#193 = AXIS2_PLACEMENT_3D('',#194,#195,#196);
#194 = CARTESIAN_POINT('',(207.6625,25.284737305187,1.37227662929E-18));
#195 = DIRECTION('',(0.,0.,-1.));
#196 = DIRECTION('',(0.,1.,0.));
#197 = PCURVE('',#44,#198);
#198 = DEFINITIONAL_REPRESENTATION('',(#199),#207);
#199 = ( BOUNDED_CURVE() B_SPLINE_CURVE(2,(#200,#201,#202,#203,#204,#205
,#206),.UNSPECIFIED.,.T.,.F.) B_SPLINE_CURVE_WITH_KNOTS((1,2,2,2,2,1),(
    -2.094395102393,0.,2.094395102393,4.188790204786,6.28318530718,
8.377580409573),.UNSPECIFIED.) CURVE() GEOMETRIC_REPRESENTATION_ITEM() 
RATIONAL_B_SPLINE_CURVE((1.,0.5,1.,0.5,1.,0.5,1.)) REPRESENTATION_ITEM(
  '') );
#200 = CARTESIAN_POINT('',(-9.98475266008,-27.67080909903));
#201 = CARTESIAN_POINT('',(-9.465137417809,-27.67080909903));
#202 = CARTESIAN_POINT('',(-9.724945038945,-28.12108339397));
#203 = CARTESIAN_POINT('',(-9.98475266008,-28.5713576889));
#204 = CARTESIAN_POINT('',(-10.24456028121,-28.12108339397));
#205 = CARTESIAN_POINT('',(-10.50436790235,-27.67080909903));
#206 = CARTESIAN_POINT('',(-9.98475266008,-27.67080909903));
#207 = ( GEOMETRIC_REPRESENTATION_CONTEXT(2) 
PARAMETRIC_REPRESENTATION_CONTEXT() REPRESENTATION_CONTEXT('2D SPACE',''
  ) );
#208 = PCURVE('',#209,#214);
#209 = CYLINDRICAL_SURFACE('',#210,0.3);
#210 = AXIS2_PLACEMENT_3D('',#211,#212,#213);
#211 = CARTESIAN_POINT('',(207.6625,25.285370569291,1.813431127244E-02)
  );
#212 = DIRECTION('',(0.,3.48994967025E-02,0.999390827019));
#213 = DIRECTION('',(1.,0.,-0.));
#214 = DEFINITIONAL_REPRESENTATION('',(#215),#222);
#215 = B_SPLINE_CURVE_WITH_KNOTS('',5,(#216,#217,#218,#219,#220,#221),
  .UNSPECIFIED.,.F.,.F.,(6,6),(1.01696905776,1.570796326795),
  .PIECEWISE_BEZIER_KNOTS.);
#216 = CARTESIAN_POINT('',(0.553827269035,-1.263543078279E-02));
#217 = CARTESIAN_POINT('',(0.443061815228,-1.3622375456E-02));
#218 = CARTESIAN_POINT('',(0.332296361421,-1.469381898232E-02));
#219 = CARTESIAN_POINT('',(0.221530907614,-1.582455378258E-02));
#220 = CARTESIAN_POINT('',(0.110765453807,-1.698496047448E-02));
#221 = CARTESIAN_POINT('',(0.,-1.814536493849E-02));
#222 = ( GEOMETRIC_REPRESENTATION_CONTEXT(2) 
PARAMETRIC_REPRESENTATION_CONTEXT() REPRESENTATION_CONTEXT('2D SPACE',''
  ) );
#223 = ORIENTED_EDGE('',*,*,#224,.T.);
#224 = EDGE_CURVE('',#189,#225,#227,.T.);
#225 = VERTEX_POINT('',#226);
#226 = CARTESIAN_POINT('',(195.71250001733,18.391671740257,0.));
#227 = SURFACE_CURVE('',#228,(#232,#239),.PCURVE_S1.);
#228 = LINE('',#229,#230);
#229 = CARTESIAN_POINT('',(208.10809943491,25.552637329138,
    -6.106226635438E-16));
#230 = VECTOR('',#231,1.);
#231 = DIRECTION('',(-0.865893403497,-0.50022856154,0.));
#232 = PCURVE('',#44,#233);
#233 = DEFINITIONAL_REPRESENTATION('',(#234),#238);
#234 = LINE('',#235,#236);
#235 = CARTESIAN_POINT('',(-9.53915322517,-27.70309193837));
#236 = VECTOR('',#237,1.);
#237 = DIRECTION('',(-0.865893403497,-0.50022856154));
#238 = ( GEOMETRIC_REPRESENTATION_CONTEXT(2) 
PARAMETRIC_REPRESENTATION_CONTEXT() REPRESENTATION_CONTEXT('2D SPACE',''
  ) );
#239 = PCURVE('',#240,#245);
#240 = CYLINDRICAL_SURFACE('',#241,0.3);
#241 = AXIS2_PLACEMENT_3D('',#242,#243,#244);
#242 = CARTESIAN_POINT('',(208.10809943491,25.552637329138,0.3));
#243 = DIRECTION('',(-0.865893403497,-0.50022856154,0.));
#244 = DIRECTION('',(-0.,0.,-1.));
#245 = DEFINITIONAL_REPRESENTATION('',(#246),#250);
#246 = LINE('',#247,#248);
#247 = CARTESIAN_POINT('',(6.28318530718,0.));
#248 = VECTOR('',#249,1.);
#249 = DIRECTION('',(-0.,1.));
#250 = ( GEOMETRIC_REPRESENTATION_CONTEXT(2) 
PARAMETRIC_REPRESENTATION_CONTEXT() REPRESENTATION_CONTEXT('2D SPACE',''
  ) );
#251 = ORIENTED_EDGE('',*,*,#252,.F.);
#252 = EDGE_CURVE('',#253,#225,#255,.T.);
#253 = VERTEX_POINT('',#254);
#254 = CARTESIAN_POINT('',(194.9625,18.824948372559,0.));
#255 = SURFACE_CURVE('',#256,(#264,#275),.PCURVE_S1.);
#256 = B_SPLINE_CURVE_WITH_KNOTS('',6,(#257,#258,#259,#260,#261,#262,
    #263),.UNSPECIFIED.,.F.,.F.,(7,7),(0.,2.09465904264),
  .PIECEWISE_BEZIER_KNOTS.);
#257 = CARTESIAN_POINT('',(194.9625,18.824948372559,0.));
#258 = CARTESIAN_POINT('',(194.9625,18.65049988373,0.));
#259 = CARTESIAN_POINT('',(195.03537368331,18.476139522753,
    2.775557561563E-17));
#260 = CARTESIAN_POINT('',(195.18160580325,18.339313116188,
    -2.775557561563E-17));
#261 = CARTESIAN_POINT('',(195.37343981789,18.280259757776,
    8.326672684689E-17));
#262 = CARTESIAN_POINT('',(195.56123888136,18.304287842704,
    -5.551115123126E-17));
#263 = CARTESIAN_POINT('',(195.71250001733,18.391671740257,0.));
#264 = PCURVE('',#44,#265);
#265 = DEFINITIONAL_REPRESENTATION('',(#266),#274);
#266 = B_SPLINE_CURVE_WITH_KNOTS('',6,(#267,#268,#269,#270,#271,#272,
    #273),.UNSPECIFIED.,.F.,.F.,(7,7),(0.,2.09465904264),
  .PIECEWISE_BEZIER_KNOTS.);
#267 = CARTESIAN_POINT('',(-22.68475266008,-34.43078089495));
#268 = CARTESIAN_POINT('',(-22.68475266008,-34.60522938378));
#269 = CARTESIAN_POINT('',(-22.61187897677,-34.77958974476));
#270 = CARTESIAN_POINT('',(-22.46564685683,-34.91641615132));
#271 = CARTESIAN_POINT('',(-22.27381284219,-34.97546950973));
#272 = CARTESIAN_POINT('',(-22.08601377872,-34.9514414248));
#273 = CARTESIAN_POINT('',(-21.93475264275,-34.86405752725));
#274 = ( GEOMETRIC_REPRESENTATION_CONTEXT(2) 
PARAMETRIC_REPRESENTATION_CONTEXT() REPRESENTATION_CONTEXT('2D SPACE',''
  ) );
#275 = PCURVE('',#276,#298);
#276 = ( BOUNDED_SURFACE() B_SPLINE_SURFACE(2,6,(
    (#277,#278,#279,#280,#281,#282,#283)
    ,(#284,#285,#286,#287,#288,#289,#290)
    ,(#291,#292,#293,#294,#295,#296,#297
)),.UNSPECIFIED.,.F.,.F.,.F.) B_SPLINE_SURFACE_WITH_KNOTS((3,3),(7,7),(
    0.,2.09465904264),(0.,2.09465904264),.PIECEWISE_BEZIER_KNOTS.) 
GEOMETRIC_REPRESENTATION_ITEM() RATIONAL_B_SPLINE_SURFACE((
    (1.,1.,1.,1.,1.,1.,1.)
    ,(0.707106781187,0.711397365029,0.715653893219,0.718972705005
      ,0.720417185422,0.719839159044,0.717712982335)
,(1.,1.,1.,1.,1.,1.,1.))) REPRESENTATION_ITEM('') SURFACE() );
#277 = CARTESIAN_POINT('',(194.9625,18.824948372559,0.));
#278 = CARTESIAN_POINT('',(194.9625,18.65049988373,0.));
#279 = CARTESIAN_POINT('',(195.03537368331,18.476139522753,
    2.775557561563E-17));
#280 = CARTESIAN_POINT('',(195.18160580325,18.339313116188,
    -2.775557561563E-17));
#281 = CARTESIAN_POINT('',(195.37343981789,18.280259757776,
    8.326672684689E-17));
#282 = CARTESIAN_POINT('',(195.56123888136,18.304287842704,
    -5.551115123126E-17));
#283 = CARTESIAN_POINT('',(195.71250001733,18.391671740257,0.));
#284 = CARTESIAN_POINT('',(195.2625,18.824948372559,-1.110223024625E-16)
  );
#285 = CARTESIAN_POINT('',(195.25888127658,18.755653304604,
    -1.942890293094E-16));
#286 = CARTESIAN_POINT('',(195.28396567158,18.683375849607,
    8.326672684689E-16));
#287 = CARTESIAN_POINT('',(195.34159230344,18.621293594046,
    -8.326672684689E-16));
#288 = CARTESIAN_POINT('',(195.42508446286,18.594207636138,
    5.551115123126E-16));
#289 = CARTESIAN_POINT('',(195.50470009494,18.605722730946,0.));
#290 = CARTESIAN_POINT('',(195.56690058241,18.643703711119,0.));
#291 = CARTESIAN_POINT('',(195.2625,18.824948372559,0.3));
#292 = CARTESIAN_POINT('',(195.2625,18.755232835862,0.296359318883));
#293 = CARTESIAN_POINT('',(195.2915022,18.685581601083,0.292722005996));
#294 = CARTESIAN_POINT('',(195.34959580951,18.630564618254,
    0.289848789175));
#295 = CARTESIAN_POINT('',(195.42661743643,18.606583254714,
    0.288596555463));
#296 = CARTESIAN_POINT('',(195.50191271117,18.616255724669,0.28910166344
    ));
#297 = CARTESIAN_POINT('',(195.56250000693,18.651321087608,
    0.290932844992));
#298 = DEFINITIONAL_REPRESENTATION('',(#299),#303);
#299 = LINE('',#300,#301);
#300 = CARTESIAN_POINT('',(0.,0.));
#301 = VECTOR('',#302,1.);
#302 = DIRECTION('',(0.,1.));
#303 = ( GEOMETRIC_REPRESENTATION_CONTEXT(2) 
PARAMETRIC_REPRESENTATION_CONTEXT() REPRESENTATION_CONTEXT('2D SPACE',''
  ) );
#304 = ORIENTED_EDGE('',*,*,#305,.T.);
#305 = EDGE_CURVE('',#253,#306,#308,.T.);
#306 = VERTEX_POINT('',#307);
#307 = CARTESIAN_POINT('',(194.9625,71.645170087441,0.));
#308 = SURFACE_CURVE('',#309,(#313,#320),.PCURVE_S1.);
#309 = LINE('',#310,#311);
#310 = CARTESIAN_POINT('',(194.9625,18.467850811836,-5.551115123126E-17)
  );
#311 = VECTOR('',#312,1.);
#312 = DIRECTION('',(0.,1.,0.));
#313 = PCURVE('',#44,#314);
#314 = DEFINITIONAL_REPRESENTATION('',(#315),#319);
#315 = LINE('',#316,#317);
#316 = CARTESIAN_POINT('',(-22.68475266008,-34.78787845567));
#317 = VECTOR('',#318,1.);
#318 = DIRECTION('',(0.,1.));
#319 = ( GEOMETRIC_REPRESENTATION_CONTEXT(2) 
PARAMETRIC_REPRESENTATION_CONTEXT() REPRESENTATION_CONTEXT('2D SPACE',''
  ) );
#320 = PCURVE('',#321,#326);
#321 = CYLINDRICAL_SURFACE('',#322,0.3);
#322 = AXIS2_PLACEMENT_3D('',#323,#324,#325);
#323 = CARTESIAN_POINT('',(194.9625,18.467850811836,0.3));
#324 = DIRECTION('',(0.,1.,0.));
#325 = DIRECTION('',(0.,0.,-1.));
#326 = DEFINITIONAL_REPRESENTATION('',(#327),#331);
#327 = LINE('',#328,#329);
#328 = CARTESIAN_POINT('',(6.28318530718,0.));
#329 = VECTOR('',#330,1.);
#330 = DIRECTION('',(-0.,1.));
#331 = ( GEOMETRIC_REPRESENTATION_CONTEXT(2) 
PARAMETRIC_REPRESENTATION_CONTEXT() REPRESENTATION_CONTEXT('2D SPACE',''
  ) );
#332 = ORIENTED_EDGE('',*,*,#333,.F.);
#333 = EDGE_CURVE('',#334,#306,#336,.T.);
#334 = VERTEX_POINT('',#335);
#335 = CARTESIAN_POINT('',(195.71250001733,72.078446719743,0.));
#336 = SURFACE_CURVE('',#337,(#345,#356),.PCURVE_S1.);
#337 = B_SPLINE_CURVE_WITH_KNOTS('',6,(#338,#339,#340,#341,#342,#343,
    #344),.UNSPECIFIED.,.F.,.F.,(7,7),(4.575796127198E-14,2.09465904264)
  ,.PIECEWISE_BEZIER_KNOTS.);
#338 = CARTESIAN_POINT('',(195.71250001733,72.078446719743,0.));
#339 = CARTESIAN_POINT('',(195.56123888136,72.165830617296,
    -5.551115123126E-17));
#340 = CARTESIAN_POINT('',(195.37343981789,72.189858702224,
    1.665334536938E-16));
#341 = CARTESIAN_POINT('',(195.18160580325,72.130805343812,
    -2.498001805407E-16));
#342 = CARTESIAN_POINT('',(195.03537368331,71.993978937247,
    1.110223024625E-16));
#343 = CARTESIAN_POINT('',(194.9625,71.81961857627,-2.775557561563E-17)
  );
#344 = CARTESIAN_POINT('',(194.9625,71.645170087441,0.));
#345 = PCURVE('',#44,#346);
#346 = DEFINITIONAL_REPRESENTATION('',(#347),#355);
#347 = B_SPLINE_CURVE_WITH_KNOTS('',6,(#348,#349,#350,#351,#352,#353,
    #354),.UNSPECIFIED.,.F.,.F.,(7,7),(4.575796127198E-14,2.09465904264)
  ,.PIECEWISE_BEZIER_KNOTS.);
#348 = CARTESIAN_POINT('',(-21.93475264275,18.82271745223));
#349 = CARTESIAN_POINT('',(-22.08601377872,18.910101349783));
#350 = CARTESIAN_POINT('',(-22.27381284219,18.934129434711));
#351 = CARTESIAN_POINT('',(-22.46564685683,18.875076076299));
#352 = CARTESIAN_POINT('',(-22.61187897677,18.738249669734));
#353 = CARTESIAN_POINT('',(-22.68475266008,18.563889308757));
#354 = CARTESIAN_POINT('',(-22.68475266008,18.389440819928));
#355 = ( GEOMETRIC_REPRESENTATION_CONTEXT(2) 
PARAMETRIC_REPRESENTATION_CONTEXT() REPRESENTATION_CONTEXT('2D SPACE',''
  ) );
#356 = PCURVE('',#357,#379);
#357 = ( BOUNDED_SURFACE() B_SPLINE_SURFACE(2,6,(
    (#358,#359,#360,#361,#362,#363,#364)
    ,(#365,#366,#367,#368,#369,#370,#371)
    ,(#372,#373,#374,#375,#376,#377,#378
)),.UNSPECIFIED.,.F.,.F.,.F.) B_SPLINE_SURFACE_WITH_KNOTS((3,3),(7,7),(
    0.,2.09465904264),(4.575796127198E-14,2.09465904264),
.PIECEWISE_BEZIER_KNOTS.) GEOMETRIC_REPRESENTATION_ITEM() 
RATIONAL_B_SPLINE_SURFACE((
    (1.,1.,1.,1.,1.,1.,1.)
    ,(0.717712982335,0.719839159044,0.720417185422,0.718972705005
      ,0.715653893219,0.711397365029,0.707106781187)
,(1.,1.,1.,1.,1.,1.,1.))) REPRESENTATION_ITEM('') SURFACE() );
#358 = CARTESIAN_POINT('',(195.71250001733,72.078446719743,0.));
#359 = CARTESIAN_POINT('',(195.56123888136,72.165830617296,
    -5.551115123126E-17));
#360 = CARTESIAN_POINT('',(195.37343981789,72.189858702224,
    1.665334536938E-16));
#361 = CARTESIAN_POINT('',(195.18160580325,72.130805343812,
    -2.498001805407E-16));
#362 = CARTESIAN_POINT('',(195.03537368331,71.993978937247,
    1.110223024625E-16));
#363 = CARTESIAN_POINT('',(194.9625,71.81961857627,-2.775557561563E-17)
  );
#364 = CARTESIAN_POINT('',(194.9625,71.645170087441,0.));
#365 = CARTESIAN_POINT('',(195.56690058241,71.826414748881,
    -8.326672684689E-17));
#366 = CARTESIAN_POINT('',(195.50470009494,71.864395729054,
    1.942890293094E-16));
#367 = CARTESIAN_POINT('',(195.42508446286,71.875910823862,
    -6.383782391595E-16));
#368 = CARTESIAN_POINT('',(195.34159230344,71.848824865954,
    3.608224830032E-16));
#369 = CARTESIAN_POINT('',(195.28396567158,71.786742610393,
    -3.330669073875E-16));
#370 = CARTESIAN_POINT('',(195.25888127658,71.714465155396,
    2.498001805407E-16));
#371 = CARTESIAN_POINT('',(195.2625,71.645170087441,2.775557561563E-17)
  );
#372 = CARTESIAN_POINT('',(195.56250000693,71.818797372392,
    0.290932844992));
#373 = CARTESIAN_POINT('',(195.50191271117,71.853862735331,0.28910166344
    ));
#374 = CARTESIAN_POINT('',(195.42661743643,71.863535205286,
    0.288596555463));
#375 = CARTESIAN_POINT('',(195.34959580951,71.839553841746,
    0.289848789175));
#376 = CARTESIAN_POINT('',(195.2915022,71.784536858917,0.292722005996));
#377 = CARTESIAN_POINT('',(195.2625,71.714885624138,0.296359318883));
#378 = CARTESIAN_POINT('',(195.2625,71.645170087441,0.3));
#379 = DEFINITIONAL_REPRESENTATION('',(#380),#384);
#380 = LINE('',#381,#382);
#381 = CARTESIAN_POINT('',(0.,0.));
#382 = VECTOR('',#383,1.);
#383 = DIRECTION('',(0.,1.));
#384 = ( GEOMETRIC_REPRESENTATION_CONTEXT(2) 
PARAMETRIC_REPRESENTATION_CONTEXT() REPRESENTATION_CONTEXT('2D SPACE',''
  ) );
#385 = ORIENTED_EDGE('',*,*,#386,.T.);
#386 = EDGE_CURVE('',#334,#387,#389,.T.);
#387 = VERTEX_POINT('',#388);
#388 = CARTESIAN_POINT('',(207.91765534552,65.0275011085,
    -2.22044604925E-16));
#389 = SURFACE_CURVE('',#390,(#394,#401),.PCURVE_S1.);
#390 = LINE('',#391,#392);
#391 = CARTESIAN_POINT('',(195.40809943491,72.254299619026,
    -2.22044604925E-16));
#392 = VECTOR('',#393,1.);
#393 = DIRECTION('',(0.865893403497,-0.50022856154,0.));
#394 = PCURVE('',#44,#395);
#395 = DEFINITIONAL_REPRESENTATION('',(#396),#400);
#396 = LINE('',#397,#398);
#397 = CARTESIAN_POINT('',(-22.23915322517,18.998570351513));
#398 = VECTOR('',#399,1.);
#399 = DIRECTION('',(0.865893403497,-0.50022856154));
#400 = ( GEOMETRIC_REPRESENTATION_CONTEXT(2) 
PARAMETRIC_REPRESENTATION_CONTEXT() REPRESENTATION_CONTEXT('2D SPACE',''
  ) );
#401 = PCURVE('',#402,#407);
#402 = CYLINDRICAL_SURFACE('',#403,0.3);
#403 = AXIS2_PLACEMENT_3D('',#404,#405,#406);
#404 = CARTESIAN_POINT('',(195.40809943491,72.254299619026,0.3));
#405 = DIRECTION('',(0.865893403497,-0.50022856154,0.));
#406 = DIRECTION('',(0.,-0.,-1.));
#407 = DEFINITIONAL_REPRESENTATION('',(#408),#412);
#408 = LINE('',#409,#410);
#409 = CARTESIAN_POINT('',(6.28318530718,0.));
#410 = VECTOR('',#411,1.);
#411 = DIRECTION('',(-0.,1.));
#412 = ( GEOMETRIC_REPRESENTATION_CONTEXT(2) 
PARAMETRIC_REPRESENTATION_CONTEXT() REPRESENTATION_CONTEXT('2D SPACE',''
  ) );
#413 = ORIENTED_EDGE('',*,*,#414,.T.);
#414 = EDGE_CURVE('',#387,#415,#417,.T.);
#415 = VERTEX_POINT('',#416);
#416 = CARTESIAN_POINT('',(207.9625,65.185381154813,-9.367506770275E-17)
  );
#417 = SURFACE_CURVE('',#418,(#423,#430),.PCURVE_S1.);
#418 = ELLIPSE('',#419,0.30018286329,0.3);
#419 = AXIS2_PLACEMENT_3D('',#420,#421,#422);
#420 = CARTESIAN_POINT('',(207.6625,65.185381154813,9.34783507535E-19));
#421 = DIRECTION('',(0.,0.,1.));
#422 = DIRECTION('',(0.,-1.,0.));
#423 = PCURVE('',#44,#424);
#424 = DEFINITIONAL_REPRESENTATION('',(#425),#429);
#425 = ELLIPSE('',#426,0.30018286329,0.3);
#426 = AXIS2_PLACEMENT_2D('',#427,#428);
#427 = CARTESIAN_POINT('',(-9.98475266008,11.9296518873));
#428 = DIRECTION('',(0.,-1.));
#429 = ( GEOMETRIC_REPRESENTATION_CONTEXT(2) 
PARAMETRIC_REPRESENTATION_CONTEXT() REPRESENTATION_CONTEXT('2D SPACE',''
  ) );
#430 = PCURVE('',#431,#436);
#431 = CYLINDRICAL_SURFACE('',#432,0.3);
#432 = AXIS2_PLACEMENT_3D('',#433,#434,#435);
#433 = CARTESIAN_POINT('',(207.6625,65.184747890709,1.813431127244E-02)
  );
#434 = DIRECTION('',(0.,-3.48994967025E-02,0.999390827019));
#435 = DIRECTION('',(1.,0.,0.));
#436 = DEFINITIONAL_REPRESENTATION('',(#437),#444);
#437 = B_SPLINE_CURVE_WITH_KNOTS('',5,(#438,#439,#440,#441,#442,#443),
  .UNSPECIFIED.,.F.,.F.,(6,6),(1.016969057761,1.570796326795),
  .PIECEWISE_BEZIER_KNOTS.);
#438 = CARTESIAN_POINT('',(5.729358038146,-1.26354307828E-02));
#439 = CARTESIAN_POINT('',(5.840123491953,-1.362237545602E-02));
#440 = CARTESIAN_POINT('',(5.95088894576,-1.469381898233E-02));
#441 = CARTESIAN_POINT('',(6.061654399566,-1.582455378259E-02));
#442 = CARTESIAN_POINT('',(6.172419853373,-1.698496047448E-02));
#443 = CARTESIAN_POINT('',(6.28318530718,-1.814536493849E-02));
#444 = ( GEOMETRIC_REPRESENTATION_CONTEXT(2) 
PARAMETRIC_REPRESENTATION_CONTEXT() REPRESENTATION_CONTEXT('2D SPACE',''
  ) );
#445 = ORIENTED_EDGE('',*,*,#446,.T.);
#446 = EDGE_CURVE('',#415,#447,#449,.T.);
#447 = VERTEX_POINT('',#448);
#448 = CARTESIAN_POINT('',(207.9625,90.41019696742,0.));
#449 = SURFACE_CURVE('',#450,(#454,#461),.PCURVE_S1.);
#450 = LINE('',#451,#452);
#451 = CARTESIAN_POINT('',(207.9625,92.737670164539,0.));
#452 = VECTOR('',#453,1.);
#453 = DIRECTION('',(0.,1.,0.));
#454 = PCURVE('',#44,#455);
#455 = DEFINITIONAL_REPRESENTATION('',(#456),#460);
#456 = LINE('',#457,#458);
#457 = CARTESIAN_POINT('',(-9.68475266008,39.481940897026));
#458 = VECTOR('',#459,1.);
#459 = DIRECTION('',(0.,1.));
#460 = ( GEOMETRIC_REPRESENTATION_CONTEXT(2) 
PARAMETRIC_REPRESENTATION_CONTEXT() REPRESENTATION_CONTEXT('2D SPACE',''
  ) );
#461 = PCURVE('',#462,#467);
#462 = PLANE('',#463);
#463 = AXIS2_PLACEMENT_3D('',#464,#465,#466);
#464 = CARTESIAN_POINT('',(207.9625,132.21961106156,6.362554888218));
#465 = DIRECTION('',(1.,0.,0.));
#466 = DIRECTION('',(-0.,0.,1.));
#467 = DEFINITIONAL_REPRESENTATION('',(#468),#472);
#468 = LINE('',#469,#470);
#469 = CARTESIAN_POINT('',(-6.362554888218,39.481940897021));
#470 = VECTOR('',#471,1.);
#471 = DIRECTION('',(0.,-1.));
#472 = ( GEOMETRIC_REPRESENTATION_CONTEXT(2) 
PARAMETRIC_REPRESENTATION_CONTEXT() REPRESENTATION_CONTEXT('2D SPACE',''
  ) );
#473 = ORIENTED_EDGE('',*,*,#474,.T.);
#474 = EDGE_CURVE('',#447,#475,#477,.T.);
#475 = VERTEX_POINT('',#476);
#476 = CARTESIAN_POINT('',(190.,87.920736777609,0.));
#477 = SURFACE_CURVE('',#478,(#483,#494),.PCURVE_S1.);
#478 = ELLIPSE('',#479,424.44736842105,110.79605803202);
#479 = AXIS2_PLACEMENT_3D('',#480,#481,#482);
#480 = CARTESIAN_POINT('',(0.,186.99605803202,0.));
#481 = DIRECTION('',(0.,0.,-1.));
#482 = DIRECTION('',(1.,0.,0.));
#483 = PCURVE('',#44,#484);
#484 = DEFINITIONAL_REPRESENTATION('',(#485),#493);
#485 = ( BOUNDED_CURVE() B_SPLINE_CURVE(2,(#486,#487,#488,#489,#490,#491
,#492),.UNSPECIFIED.,.T.,.F.) B_SPLINE_CURVE_WITH_KNOTS((1,2,2,2,2,1),(
    -2.094395102393,0.,2.094395102393,4.188790204786,6.28318530718,
8.377580409573),.UNSPECIFIED.) CURVE() GEOMETRIC_REPRESENTATION_ITEM() 
RATIONAL_B_SPLINE_CURVE((1.,0.5,1.,0.5,1.,0.5,1.)) REPRESENTATION_ITEM(
  '') );
#486 = CARTESIAN_POINT('',(206.80011576097,133.7403287645));
#487 = CARTESIAN_POINT('',(206.80011576097,-58.1640730253));
#488 = CARTESIAN_POINT('',(-429.8709368706,37.788127869603));
#489 = CARTESIAN_POINT('',(-1.066541989502E+03,133.7403287645));
#490 = CARTESIAN_POINT('',(-429.8709368706,229.69252965941));
#491 = CARTESIAN_POINT('',(206.80011576096,325.64473055431));
#492 = CARTESIAN_POINT('',(206.80011576097,133.7403287645));
#493 = ( GEOMETRIC_REPRESENTATION_CONTEXT(2) 
PARAMETRIC_REPRESENTATION_CONTEXT() REPRESENTATION_CONTEXT('2D SPACE',''
  ) );
#494 = PCURVE('',#495,#503);
#495 = SURFACE_OF_LINEAR_EXTRUSION('',#496,#501);
#496 = ELLIPSE('',#497,424.44736842105,110.79605803202);
#497 = AXIS2_PLACEMENT_3D('',#498,#499,#500);
#498 = CARTESIAN_POINT('',(0.,186.99605803202,0.));
#499 = DIRECTION('',(0.,0.,-1.));
#500 = DIRECTION('',(1.,0.,0.));
#501 = VECTOR('',#502,1.);
#502 = DIRECTION('',(-0.,-0.,-1.));
#503 = DEFINITIONAL_REPRESENTATION('',(#504),#508);
#504 = LINE('',#505,#506);
#505 = CARTESIAN_POINT('',(0.,0.));
#506 = VECTOR('',#507,1.);
#507 = DIRECTION('',(1.,0.));
#508 = ( GEOMETRIC_REPRESENTATION_CONTEXT(2) 
PARAMETRIC_REPRESENTATION_CONTEXT() REPRESENTATION_CONTEXT('2D SPACE',''
  ) );
#509 = ORIENTED_EDGE('',*,*,#510,.T.);
#510 = EDGE_CURVE('',#475,#142,#511,.T.);
#511 = SURFACE_CURVE('',#512,(#517,#528),.PCURVE_S1.);
#512 = ELLIPSE('',#513,424.44736842105,110.79605803202);
#513 = AXIS2_PLACEMENT_3D('',#514,#515,#516);
#514 = CARTESIAN_POINT('',(0.,186.99605803202,0.));
#515 = DIRECTION('',(0.,0.,-1.));
#516 = DIRECTION('',(1.,0.,0.));
#517 = PCURVE('',#44,#518);
#518 = DEFINITIONAL_REPRESENTATION('',(#519),#527);
#519 = ( BOUNDED_CURVE() B_SPLINE_CURVE(2,(#520,#521,#522,#523,#524,#525
,#526),.UNSPECIFIED.,.T.,.F.) B_SPLINE_CURVE_WITH_KNOTS((1,2,2,2,2,1),(
    -2.094395102393,0.,2.094395102393,4.188790204786,6.28318530718,
8.377580409573),.UNSPECIFIED.) CURVE() GEOMETRIC_REPRESENTATION_ITEM() 
RATIONAL_B_SPLINE_CURVE((1.,0.5,1.,0.5,1.,0.5,1.)) REPRESENTATION_ITEM(
  '') );
#520 = CARTESIAN_POINT('',(206.80011576097,133.7403287645));
#521 = CARTESIAN_POINT('',(206.80011576097,-58.1640730253));
#522 = CARTESIAN_POINT('',(-429.8709368706,37.788127869603));
#523 = CARTESIAN_POINT('',(-1.066541989502E+03,133.7403287645));
#524 = CARTESIAN_POINT('',(-429.8709368706,229.69252965941));
#525 = CARTESIAN_POINT('',(206.80011576096,325.64473055431));
#526 = CARTESIAN_POINT('',(206.80011576097,133.7403287645));
#527 = ( GEOMETRIC_REPRESENTATION_CONTEXT(2) 
PARAMETRIC_REPRESENTATION_CONTEXT() REPRESENTATION_CONTEXT('2D SPACE',''
  ) );
#528 = PCURVE('',#529,#537);
#529 = SURFACE_OF_LINEAR_EXTRUSION('',#530,#535);
#530 = ELLIPSE('',#531,424.44736842105,110.79605803202);
#531 = AXIS2_PLACEMENT_3D('',#532,#533,#534);
#532 = CARTESIAN_POINT('',(0.,186.99605803202,0.));
#533 = DIRECTION('',(0.,0.,-1.));
#534 = DIRECTION('',(1.,0.,0.));
#535 = VECTOR('',#536,1.);
#536 = DIRECTION('',(-0.,-0.,-1.));
#537 = DEFINITIONAL_REPRESENTATION('',(#538),#542);
#538 = LINE('',#539,#540);
#539 = CARTESIAN_POINT('',(0.,0.));
#540 = VECTOR('',#541,1.);
#541 = DIRECTION('',(1.,0.));
#542 = ( GEOMETRIC_REPRESENTATION_CONTEXT(2) 
PARAMETRIC_REPRESENTATION_CONTEXT() REPRESENTATION_CONTEXT('2D SPACE',''
  ) );
#543 = FACE_BOUND('',#544,.F.);
#544 = EDGE_LOOP('',(#545,#575,#603,#631,#659,#687));
#545 = ORIENTED_EDGE('',*,*,#546,.F.);
#546 = EDGE_CURVE('',#547,#549,#551,.T.);
#547 = VERTEX_POINT('',#548);
#548 = CARTESIAN_POINT('',(43.024435397647,26.,0.));
#549 = VERTEX_POINT('',#550);
#550 = CARTESIAN_POINT('',(35.749822005857,38.6,0.));
#551 = SURFACE_CURVE('',#552,(#556,#563),.PCURVE_S1.);
#552 = LINE('',#553,#554);
#553 = CARTESIAN_POINT('',(43.024435397647,26.,0.));
#554 = VECTOR('',#555,1.);
#555 = DIRECTION('',(-0.5,0.866025403784,0.));
#556 = PCURVE('',#44,#557);
#557 = DEFINITIONAL_REPRESENTATION('',(#558),#562);
#558 = LINE('',#559,#560);
#559 = CARTESIAN_POINT('',(-174.6228172624,-27.25572926751));
#560 = VECTOR('',#561,1.);
#561 = DIRECTION('',(-0.5,0.866025403784));
#562 = ( GEOMETRIC_REPRESENTATION_CONTEXT(2) 
PARAMETRIC_REPRESENTATION_CONTEXT() REPRESENTATION_CONTEXT('2D SPACE',''
  ) );
#563 = PCURVE('',#564,#569);
#564 = PLANE('',#565);
#565 = AXIS2_PLACEMENT_3D('',#566,#567,#568);
#566 = CARTESIAN_POINT('',(43.024435397647,26.,0.));
#567 = DIRECTION('',(-0.866025403784,-0.5,0.));
#568 = DIRECTION('',(-0.5,0.866025403784,0.));
#569 = DEFINITIONAL_REPRESENTATION('',(#570),#574);
#570 = LINE('',#571,#572);
#571 = CARTESIAN_POINT('',(0.,0.));
#572 = VECTOR('',#573,1.);
#573 = DIRECTION('',(1.,0.));
#574 = ( GEOMETRIC_REPRESENTATION_CONTEXT(2) 
PARAMETRIC_REPRESENTATION_CONTEXT() REPRESENTATION_CONTEXT('2D SPACE',''
  ) );
#575 = ORIENTED_EDGE('',*,*,#576,.F.);
#576 = EDGE_CURVE('',#577,#547,#579,.T.);
#577 = VERTEX_POINT('',#578);
#578 = CARTESIAN_POINT('',(35.749822005857,13.4,0.));
#579 = SURFACE_CURVE('',#580,(#584,#591),.PCURVE_S1.);
#580 = LINE('',#581,#582);
#581 = CARTESIAN_POINT('',(35.749822005857,13.4,0.));
#582 = VECTOR('',#583,1.);
#583 = DIRECTION('',(0.5,0.866025403784,0.));
#584 = PCURVE('',#44,#585);
#585 = DEFINITIONAL_REPRESENTATION('',(#586),#590);
#586 = LINE('',#587,#588);
#587 = CARTESIAN_POINT('',(-181.8974306542,-39.85572926751));
#588 = VECTOR('',#589,1.);
#589 = DIRECTION('',(0.5,0.866025403784));
#590 = ( GEOMETRIC_REPRESENTATION_CONTEXT(2) 
PARAMETRIC_REPRESENTATION_CONTEXT() REPRESENTATION_CONTEXT('2D SPACE',''
  ) );
#591 = PCURVE('',#592,#597);
#592 = PLANE('',#593);
#593 = AXIS2_PLACEMENT_3D('',#594,#595,#596);
#594 = CARTESIAN_POINT('',(35.749822005857,13.4,0.));
#595 = DIRECTION('',(-0.866025403784,0.5,0.));
#596 = DIRECTION('',(0.5,0.866025403784,0.));
#597 = DEFINITIONAL_REPRESENTATION('',(#598),#602);
#598 = LINE('',#599,#600);
#599 = CARTESIAN_POINT('',(0.,0.));
#600 = VECTOR('',#601,1.);
#601 = DIRECTION('',(1.,0.));
#602 = ( GEOMETRIC_REPRESENTATION_CONTEXT(2) 
PARAMETRIC_REPRESENTATION_CONTEXT() REPRESENTATION_CONTEXT('2D SPACE',''
  ) );
#603 = ORIENTED_EDGE('',*,*,#604,.F.);
#604 = EDGE_CURVE('',#605,#577,#607,.T.);
#605 = VERTEX_POINT('',#606);
#606 = CARTESIAN_POINT('',(21.200595222279,13.4,0.));
#607 = SURFACE_CURVE('',#608,(#612,#619),.PCURVE_S1.);
#608 = LINE('',#609,#610);
#609 = CARTESIAN_POINT('',(21.200595222279,13.4,0.));
#610 = VECTOR('',#611,1.);
#611 = DIRECTION('',(1.,-2.441857379535E-16,0.));
#612 = PCURVE('',#44,#613);
#613 = DEFINITIONAL_REPRESENTATION('',(#614),#618);
#614 = LINE('',#615,#616);
#615 = CARTESIAN_POINT('',(-196.4466574378,-39.85572926751));
#616 = VECTOR('',#617,1.);
#617 = DIRECTION('',(1.,-2.441857379535E-16));
#618 = ( GEOMETRIC_REPRESENTATION_CONTEXT(2) 
PARAMETRIC_REPRESENTATION_CONTEXT() REPRESENTATION_CONTEXT('2D SPACE',''
  ) );
#619 = PCURVE('',#620,#625);
#620 = PLANE('',#621);
#621 = AXIS2_PLACEMENT_3D('',#622,#623,#624);
#622 = CARTESIAN_POINT('',(21.200595222279,13.4,0.));
#623 = DIRECTION('',(2.441857379535E-16,1.,-0.));
#624 = DIRECTION('',(1.,-2.441857379535E-16,0.));
#625 = DEFINITIONAL_REPRESENTATION('',(#626),#630);
#626 = LINE('',#627,#628);
#627 = CARTESIAN_POINT('',(0.,0.));
#628 = VECTOR('',#629,1.);
#629 = DIRECTION('',(1.,0.));
#630 = ( GEOMETRIC_REPRESENTATION_CONTEXT(2) 
PARAMETRIC_REPRESENTATION_CONTEXT() REPRESENTATION_CONTEXT('2D SPACE',''
  ) );
#631 = ORIENTED_EDGE('',*,*,#632,.F.);
#632 = EDGE_CURVE('',#633,#605,#635,.T.);
#633 = VERTEX_POINT('',#634);
#634 = CARTESIAN_POINT('',(13.925981830489,26.,0.));
#635 = SURFACE_CURVE('',#636,(#640,#647),.PCURVE_S1.);
#636 = LINE('',#637,#638);
#637 = CARTESIAN_POINT('',(13.925981830489,26.,0.));
#638 = VECTOR('',#639,1.);
#639 = DIRECTION('',(0.5,-0.866025403784,0.));
#640 = PCURVE('',#44,#641);
#641 = DEFINITIONAL_REPRESENTATION('',(#642),#646);
#642 = LINE('',#643,#644);
#643 = CARTESIAN_POINT('',(-203.7212708295,-27.25572926751));
#644 = VECTOR('',#645,1.);
#645 = DIRECTION('',(0.5,-0.866025403784));
#646 = ( GEOMETRIC_REPRESENTATION_CONTEXT(2) 
PARAMETRIC_REPRESENTATION_CONTEXT() REPRESENTATION_CONTEXT('2D SPACE',''
  ) );
#647 = PCURVE('',#648,#653);
#648 = PLANE('',#649);
#649 = AXIS2_PLACEMENT_3D('',#650,#651,#652);
#650 = CARTESIAN_POINT('',(13.925981830489,26.,0.));
#651 = DIRECTION('',(0.866025403784,0.5,-0.));
#652 = DIRECTION('',(0.5,-0.866025403784,0.));
#653 = DEFINITIONAL_REPRESENTATION('',(#654),#658);
#654 = LINE('',#655,#656);
#655 = CARTESIAN_POINT('',(0.,0.));
#656 = VECTOR('',#657,1.);
#657 = DIRECTION('',(1.,0.));
#658 = ( GEOMETRIC_REPRESENTATION_CONTEXT(2) 
PARAMETRIC_REPRESENTATION_CONTEXT() REPRESENTATION_CONTEXT('2D SPACE',''
  ) );
#659 = ORIENTED_EDGE('',*,*,#660,.F.);
#660 = EDGE_CURVE('',#661,#633,#663,.T.);
#661 = VERTEX_POINT('',#662);
#662 = CARTESIAN_POINT('',(21.200595222279,38.6,0.));
#663 = SURFACE_CURVE('',#664,(#668,#675),.PCURVE_S1.);
#664 = LINE('',#665,#666);
#665 = CARTESIAN_POINT('',(21.200595222279,38.6,0.));
#666 = VECTOR('',#667,1.);
#667 = DIRECTION('',(-0.5,-0.866025403784,0.));
#668 = PCURVE('',#44,#669);
#669 = DEFINITIONAL_REPRESENTATION('',(#670),#674);
#670 = LINE('',#671,#672);
#671 = CARTESIAN_POINT('',(-196.4466574378,-14.65572926751));
#672 = VECTOR('',#673,1.);
#673 = DIRECTION('',(-0.5,-0.866025403784));
#674 = ( GEOMETRIC_REPRESENTATION_CONTEXT(2) 
PARAMETRIC_REPRESENTATION_CONTEXT() REPRESENTATION_CONTEXT('2D SPACE',''
  ) );
#675 = PCURVE('',#676,#681);
#676 = PLANE('',#677);
#677 = AXIS2_PLACEMENT_3D('',#678,#679,#680);
#678 = CARTESIAN_POINT('',(21.200595222279,38.6,0.));
#679 = DIRECTION('',(0.866025403784,-0.5,0.));
#680 = DIRECTION('',(-0.5,-0.866025403784,0.));
#681 = DEFINITIONAL_REPRESENTATION('',(#682),#686);
#682 = LINE('',#683,#684);
#683 = CARTESIAN_POINT('',(0.,0.));
#684 = VECTOR('',#685,1.);
#685 = DIRECTION('',(1.,0.));
#686 = ( GEOMETRIC_REPRESENTATION_CONTEXT(2) 
PARAMETRIC_REPRESENTATION_CONTEXT() REPRESENTATION_CONTEXT('2D SPACE',''
  ) );
#687 = ORIENTED_EDGE('',*,*,#688,.F.);
#688 = EDGE_CURVE('',#549,#661,#689,.T.);
#689 = SURFACE_CURVE('',#690,(#694,#701),.PCURVE_S1.);
#690 = LINE('',#691,#692);
#691 = CARTESIAN_POINT('',(35.749822005857,38.6,0.));
#692 = VECTOR('',#693,1.);
#693 = DIRECTION('',(-1.,0.,0.));
#694 = PCURVE('',#44,#695);
#695 = DEFINITIONAL_REPRESENTATION('',(#696),#700);
#696 = LINE('',#697,#698);
#697 = CARTESIAN_POINT('',(-181.8974306542,-14.65572926751));
#698 = VECTOR('',#699,1.);
#699 = DIRECTION('',(-1.,0.));
#700 = ( GEOMETRIC_REPRESENTATION_CONTEXT(2) 
PARAMETRIC_REPRESENTATION_CONTEXT() REPRESENTATION_CONTEXT('2D SPACE',''
  ) );
#701 = PCURVE('',#702,#707);
#702 = PLANE('',#703);
#703 = AXIS2_PLACEMENT_3D('',#704,#705,#706);
#704 = CARTESIAN_POINT('',(35.749822005857,38.6,0.));
#705 = DIRECTION('',(0.,-1.,0.));
#706 = DIRECTION('',(-1.,0.,0.));
#707 = DEFINITIONAL_REPRESENTATION('',(#708),#712);
#708 = LINE('',#709,#710);
#709 = CARTESIAN_POINT('',(0.,-0.));
#710 = VECTOR('',#711,1.);
#711 = DIRECTION('',(1.,0.));
#712 = ( GEOMETRIC_REPRESENTATION_CONTEXT(2) 
PARAMETRIC_REPRESENTATION_CONTEXT() REPRESENTATION_CONTEXT('2D SPACE',''
  ) );
#713 = FACE_BOUND('',#714,.F.);
#714 = EDGE_LOOP('',(#715,#745,#773,#801,#829,#857));
#715 = ORIENTED_EDGE('',*,*,#716,.F.);
#716 = EDGE_CURVE('',#717,#719,#721,.T.);
#717 = VERTEX_POINT('',#718);
#718 = CARTESIAN_POINT('',(99.024435397647,26.,0.));
#719 = VERTEX_POINT('',#720);
#720 = CARTESIAN_POINT('',(91.749822005857,38.6,0.));
#721 = SURFACE_CURVE('',#722,(#726,#733),.PCURVE_S1.);
#722 = LINE('',#723,#724);
#723 = CARTESIAN_POINT('',(99.024435397647,26.,0.));
#724 = VECTOR('',#725,1.);
#725 = DIRECTION('',(-0.5,0.866025403784,0.));
#726 = PCURVE('',#44,#727);
#727 = DEFINITIONAL_REPRESENTATION('',(#728),#732);
#728 = LINE('',#729,#730);
#729 = CARTESIAN_POINT('',(-118.6228172624,-27.25572926751));
#730 = VECTOR('',#731,1.);
#731 = DIRECTION('',(-0.5,0.866025403784));
#732 = ( GEOMETRIC_REPRESENTATION_CONTEXT(2) 
PARAMETRIC_REPRESENTATION_CONTEXT() REPRESENTATION_CONTEXT('2D SPACE',''
  ) );
#733 = PCURVE('',#734,#739);
#734 = PLANE('',#735);
#735 = AXIS2_PLACEMENT_3D('',#736,#737,#738);
#736 = CARTESIAN_POINT('',(99.024435397647,26.,0.));
#737 = DIRECTION('',(-0.866025403784,-0.5,0.));
#738 = DIRECTION('',(-0.5,0.866025403784,0.));
#739 = DEFINITIONAL_REPRESENTATION('',(#740),#744);
#740 = LINE('',#741,#742);
#741 = CARTESIAN_POINT('',(0.,0.));
#742 = VECTOR('',#743,1.);
#743 = DIRECTION('',(1.,0.));
#744 = ( GEOMETRIC_REPRESENTATION_CONTEXT(2) 
PARAMETRIC_REPRESENTATION_CONTEXT() REPRESENTATION_CONTEXT('2D SPACE',''
  ) );
#745 = ORIENTED_EDGE('',*,*,#746,.F.);
#746 = EDGE_CURVE('',#747,#717,#749,.T.);
#747 = VERTEX_POINT('',#748);
#748 = CARTESIAN_POINT('',(91.749822005857,13.4,0.));
#749 = SURFACE_CURVE('',#750,(#754,#761),.PCURVE_S1.);
#750 = LINE('',#751,#752);
#751 = CARTESIAN_POINT('',(91.749822005857,13.4,0.));
#752 = VECTOR('',#753,1.);
#753 = DIRECTION('',(0.5,0.866025403784,0.));
#754 = PCURVE('',#44,#755);
#755 = DEFINITIONAL_REPRESENTATION('',(#756),#760);
#756 = LINE('',#757,#758);
#757 = CARTESIAN_POINT('',(-125.8974306542,-39.85572926751));
#758 = VECTOR('',#759,1.);
#759 = DIRECTION('',(0.5,0.866025403784));
#760 = ( GEOMETRIC_REPRESENTATION_CONTEXT(2) 
PARAMETRIC_REPRESENTATION_CONTEXT() REPRESENTATION_CONTEXT('2D SPACE',''
  ) );
#761 = PCURVE('',#762,#767);
#762 = PLANE('',#763);
#763 = AXIS2_PLACEMENT_3D('',#764,#765,#766);
#764 = CARTESIAN_POINT('',(91.749822005857,13.4,0.));
#765 = DIRECTION('',(-0.866025403784,0.5,0.));
#766 = DIRECTION('',(0.5,0.866025403784,0.));
#767 = DEFINITIONAL_REPRESENTATION('',(#768),#772);
#768 = LINE('',#769,#770);
#769 = CARTESIAN_POINT('',(0.,0.));
#770 = VECTOR('',#771,1.);
#771 = DIRECTION('',(1.,0.));
#772 = ( GEOMETRIC_REPRESENTATION_CONTEXT(2) 
PARAMETRIC_REPRESENTATION_CONTEXT() REPRESENTATION_CONTEXT('2D SPACE',''
  ) );
#773 = ORIENTED_EDGE('',*,*,#774,.F.);
#774 = EDGE_CURVE('',#775,#747,#777,.T.);
#775 = VERTEX_POINT('',#776);
#776 = CARTESIAN_POINT('',(77.200595222279,13.4,0.));
#777 = SURFACE_CURVE('',#778,(#782,#789),.PCURVE_S1.);
#778 = LINE('',#779,#780);
#779 = CARTESIAN_POINT('',(77.200595222279,13.4,0.));
#780 = VECTOR('',#781,1.);
#781 = DIRECTION('',(1.,-2.441857379535E-16,0.));
#782 = PCURVE('',#44,#783);
#783 = DEFINITIONAL_REPRESENTATION('',(#784),#788);
#784 = LINE('',#785,#786);
#785 = CARTESIAN_POINT('',(-140.4466574378,-39.85572926751));
#786 = VECTOR('',#787,1.);
#787 = DIRECTION('',(1.,-2.441857379535E-16));
#788 = ( GEOMETRIC_REPRESENTATION_CONTEXT(2) 
PARAMETRIC_REPRESENTATION_CONTEXT() REPRESENTATION_CONTEXT('2D SPACE',''
  ) );
#789 = PCURVE('',#790,#795);
#790 = PLANE('',#791);
#791 = AXIS2_PLACEMENT_3D('',#792,#793,#794);
#792 = CARTESIAN_POINT('',(77.200595222279,13.4,0.));
#793 = DIRECTION('',(2.441857379535E-16,1.,-0.));
#794 = DIRECTION('',(1.,-2.441857379535E-16,0.));
#795 = DEFINITIONAL_REPRESENTATION('',(#796),#800);
#796 = LINE('',#797,#798);
#797 = CARTESIAN_POINT('',(0.,0.));
#798 = VECTOR('',#799,1.);
#799 = DIRECTION('',(1.,0.));
#800 = ( GEOMETRIC_REPRESENTATION_CONTEXT(2) 
PARAMETRIC_REPRESENTATION_CONTEXT() REPRESENTATION_CONTEXT('2D SPACE',''
  ) );
#801 = ORIENTED_EDGE('',*,*,#802,.F.);
#802 = EDGE_CURVE('',#803,#775,#805,.T.);
#803 = VERTEX_POINT('',#804);
#804 = CARTESIAN_POINT('',(69.925981830489,26.,0.));
#805 = SURFACE_CURVE('',#806,(#810,#817),.PCURVE_S1.);
#806 = LINE('',#807,#808);
#807 = CARTESIAN_POINT('',(69.925981830489,26.,0.));
#808 = VECTOR('',#809,1.);
#809 = DIRECTION('',(0.5,-0.866025403784,0.));
#810 = PCURVE('',#44,#811);
#811 = DEFINITIONAL_REPRESENTATION('',(#812),#816);
#812 = LINE('',#813,#814);
#813 = CARTESIAN_POINT('',(-147.7212708295,-27.25572926751));
#814 = VECTOR('',#815,1.);
#815 = DIRECTION('',(0.5,-0.866025403784));
#816 = ( GEOMETRIC_REPRESENTATION_CONTEXT(2) 
PARAMETRIC_REPRESENTATION_CONTEXT() REPRESENTATION_CONTEXT('2D SPACE',''
  ) );
#817 = PCURVE('',#818,#823);
#818 = PLANE('',#819);
#819 = AXIS2_PLACEMENT_3D('',#820,#821,#822);
#820 = CARTESIAN_POINT('',(69.925981830489,26.,0.));
#821 = DIRECTION('',(0.866025403784,0.5,-0.));
#822 = DIRECTION('',(0.5,-0.866025403784,0.));
#823 = DEFINITIONAL_REPRESENTATION('',(#824),#828);
#824 = LINE('',#825,#826);
#825 = CARTESIAN_POINT('',(0.,0.));
#826 = VECTOR('',#827,1.);
#827 = DIRECTION('',(1.,0.));
#828 = ( GEOMETRIC_REPRESENTATION_CONTEXT(2) 
PARAMETRIC_REPRESENTATION_CONTEXT() REPRESENTATION_CONTEXT('2D SPACE',''
  ) );
#829 = ORIENTED_EDGE('',*,*,#830,.F.);
#830 = EDGE_CURVE('',#831,#803,#833,.T.);
#831 = VERTEX_POINT('',#832);
#832 = CARTESIAN_POINT('',(77.200595222279,38.6,0.));
#833 = SURFACE_CURVE('',#834,(#838,#845),.PCURVE_S1.);
#834 = LINE('',#835,#836);
#835 = CARTESIAN_POINT('',(77.200595222279,38.6,0.));
#836 = VECTOR('',#837,1.);
#837 = DIRECTION('',(-0.5,-0.866025403784,0.));
#838 = PCURVE('',#44,#839);
#839 = DEFINITIONAL_REPRESENTATION('',(#840),#844);
#840 = LINE('',#841,#842);
#841 = CARTESIAN_POINT('',(-140.4466574378,-14.65572926751));
#842 = VECTOR('',#843,1.);
#843 = DIRECTION('',(-0.5,-0.866025403784));
#844 = ( GEOMETRIC_REPRESENTATION_CONTEXT(2) 
PARAMETRIC_REPRESENTATION_CONTEXT() REPRESENTATION_CONTEXT('2D SPACE',''
  ) );
#845 = PCURVE('',#846,#851);
#846 = PLANE('',#847);
#847 = AXIS2_PLACEMENT_3D('',#848,#849,#850);
#848 = CARTESIAN_POINT('',(77.200595222279,38.6,0.));
#849 = DIRECTION('',(0.866025403784,-0.5,0.));
#850 = DIRECTION('',(-0.5,-0.866025403784,0.));
#851 = DEFINITIONAL_REPRESENTATION('',(#852),#856);
#852 = LINE('',#853,#854);
#853 = CARTESIAN_POINT('',(0.,0.));
#854 = VECTOR('',#855,1.);
#855 = DIRECTION('',(1.,0.));
#856 = ( GEOMETRIC_REPRESENTATION_CONTEXT(2) 
PARAMETRIC_REPRESENTATION_CONTEXT() REPRESENTATION_CONTEXT('2D SPACE',''
  ) );
#857 = ORIENTED_EDGE('',*,*,#858,.F.);
#858 = EDGE_CURVE('',#719,#831,#859,.T.);
#859 = SURFACE_CURVE('',#860,(#864,#871),.PCURVE_S1.);
#860 = LINE('',#861,#862);
#861 = CARTESIAN_POINT('',(91.749822005857,38.6,0.));
#862 = VECTOR('',#863,1.);
#863 = DIRECTION('',(-1.,0.,0.));
#864 = PCURVE('',#44,#865);
#865 = DEFINITIONAL_REPRESENTATION('',(#866),#870);
#866 = LINE('',#867,#868);
#867 = CARTESIAN_POINT('',(-125.8974306542,-14.65572926751));
#868 = VECTOR('',#869,1.);
#869 = DIRECTION('',(-1.,0.));
#870 = ( GEOMETRIC_REPRESENTATION_CONTEXT(2) 
PARAMETRIC_REPRESENTATION_CONTEXT() REPRESENTATION_CONTEXT('2D SPACE',''
  ) );
#871 = PCURVE('',#872,#877);
#872 = PLANE('',#873);
#873 = AXIS2_PLACEMENT_3D('',#874,#875,#876);
#874 = CARTESIAN_POINT('',(91.749822005857,38.6,0.));
#875 = DIRECTION('',(0.,-1.,0.));
#876 = DIRECTION('',(-1.,0.,0.));
#877 = DEFINITIONAL_REPRESENTATION('',(#878),#882);
#878 = LINE('',#879,#880);
#879 = CARTESIAN_POINT('',(0.,-0.));
#880 = VECTOR('',#881,1.);
#881 = DIRECTION('',(1.,0.));
#882 = ( GEOMETRIC_REPRESENTATION_CONTEXT(2) 
PARAMETRIC_REPRESENTATION_CONTEXT() REPRESENTATION_CONTEXT('2D SPACE',''
  ) );
#883 = FACE_BOUND('',#884,.F.);
#884 = EDGE_LOOP('',(#885,#915,#943,#971,#999,#1027));
#885 = ORIENTED_EDGE('',*,*,#886,.F.);
#886 = EDGE_CURVE('',#887,#889,#891,.T.);
#887 = VERTEX_POINT('',#888);
#888 = CARTESIAN_POINT('',(155.02443539764,26.,0.));
#889 = VERTEX_POINT('',#890);
#890 = CARTESIAN_POINT('',(147.74982200585,38.6,0.));
#891 = SURFACE_CURVE('',#892,(#896,#903),.PCURVE_S1.);
#892 = LINE('',#893,#894);
#893 = CARTESIAN_POINT('',(155.02443539764,26.,0.));
#894 = VECTOR('',#895,1.);
#895 = DIRECTION('',(-0.5,0.866025403784,0.));
#896 = PCURVE('',#44,#897);
#897 = DEFINITIONAL_REPRESENTATION('',(#898),#902);
#898 = LINE('',#899,#900);
#899 = CARTESIAN_POINT('',(-62.62281726243,-27.25572926751));
#900 = VECTOR('',#901,1.);
#901 = DIRECTION('',(-0.5,0.866025403784));
#902 = ( GEOMETRIC_REPRESENTATION_CONTEXT(2) 
PARAMETRIC_REPRESENTATION_CONTEXT() REPRESENTATION_CONTEXT('2D SPACE',''
  ) );
#903 = PCURVE('',#904,#909);
#904 = PLANE('',#905);
#905 = AXIS2_PLACEMENT_3D('',#906,#907,#908);
#906 = CARTESIAN_POINT('',(155.02443539764,26.,0.));
#907 = DIRECTION('',(-0.866025403784,-0.5,0.));
#908 = DIRECTION('',(-0.5,0.866025403784,0.));
#909 = DEFINITIONAL_REPRESENTATION('',(#910),#914);
#910 = LINE('',#911,#912);
#911 = CARTESIAN_POINT('',(0.,0.));
#912 = VECTOR('',#913,1.);
#913 = DIRECTION('',(1.,0.));
#914 = ( GEOMETRIC_REPRESENTATION_CONTEXT(2) 
PARAMETRIC_REPRESENTATION_CONTEXT() REPRESENTATION_CONTEXT('2D SPACE',''
  ) );
#915 = ORIENTED_EDGE('',*,*,#916,.F.);
#916 = EDGE_CURVE('',#917,#887,#919,.T.);
#917 = VERTEX_POINT('',#918);
#918 = CARTESIAN_POINT('',(147.74982200585,13.4,0.));
#919 = SURFACE_CURVE('',#920,(#924,#931),.PCURVE_S1.);
#920 = LINE('',#921,#922);
#921 = CARTESIAN_POINT('',(147.74982200585,13.4,0.));
#922 = VECTOR('',#923,1.);
#923 = DIRECTION('',(0.5,0.866025403784,0.));
#924 = PCURVE('',#44,#925);
#925 = DEFINITIONAL_REPRESENTATION('',(#926),#930);
#926 = LINE('',#927,#928);
#927 = CARTESIAN_POINT('',(-69.89743065422,-39.85572926751));
#928 = VECTOR('',#929,1.);
#929 = DIRECTION('',(0.5,0.866025403784));
#930 = ( GEOMETRIC_REPRESENTATION_CONTEXT(2) 
PARAMETRIC_REPRESENTATION_CONTEXT() REPRESENTATION_CONTEXT('2D SPACE',''
  ) );
#931 = PCURVE('',#932,#937);
#932 = PLANE('',#933);
#933 = AXIS2_PLACEMENT_3D('',#934,#935,#936);
#934 = CARTESIAN_POINT('',(147.74982200585,13.4,0.));
#935 = DIRECTION('',(-0.866025403784,0.5,0.));
#936 = DIRECTION('',(0.5,0.866025403784,0.));
#937 = DEFINITIONAL_REPRESENTATION('',(#938),#942);
#938 = LINE('',#939,#940);
#939 = CARTESIAN_POINT('',(0.,0.));
#940 = VECTOR('',#941,1.);
#941 = DIRECTION('',(1.,0.));
#942 = ( GEOMETRIC_REPRESENTATION_CONTEXT(2) 
PARAMETRIC_REPRESENTATION_CONTEXT() REPRESENTATION_CONTEXT('2D SPACE',''
  ) );
#943 = ORIENTED_EDGE('',*,*,#944,.F.);
#944 = EDGE_CURVE('',#945,#917,#947,.T.);
#945 = VERTEX_POINT('',#946);
#946 = CARTESIAN_POINT('',(133.20059522227,13.4,0.));
#947 = SURFACE_CURVE('',#948,(#952,#959),.PCURVE_S1.);
#948 = LINE('',#949,#950);
#949 = CARTESIAN_POINT('',(133.20059522227,13.4,0.));
#950 = VECTOR('',#951,1.);
#951 = DIRECTION('',(1.,-2.441857379535E-16,0.));
#952 = PCURVE('',#44,#953);
#953 = DEFINITIONAL_REPRESENTATION('',(#954),#958);
#954 = LINE('',#955,#956);
#955 = CARTESIAN_POINT('',(-84.4466574378,-39.85572926751));
#956 = VECTOR('',#957,1.);
#957 = DIRECTION('',(1.,-2.441857379535E-16));
#958 = ( GEOMETRIC_REPRESENTATION_CONTEXT(2) 
PARAMETRIC_REPRESENTATION_CONTEXT() REPRESENTATION_CONTEXT('2D SPACE',''
  ) );
#959 = PCURVE('',#960,#965);
#960 = PLANE('',#961);
#961 = AXIS2_PLACEMENT_3D('',#962,#963,#964);
#962 = CARTESIAN_POINT('',(133.20059522227,13.4,0.));
#963 = DIRECTION('',(2.441857379535E-16,1.,-0.));
#964 = DIRECTION('',(1.,-2.441857379535E-16,0.));
#965 = DEFINITIONAL_REPRESENTATION('',(#966),#970);
#966 = LINE('',#967,#968);
#967 = CARTESIAN_POINT('',(0.,0.));
#968 = VECTOR('',#969,1.);
#969 = DIRECTION('',(1.,0.));
#970 = ( GEOMETRIC_REPRESENTATION_CONTEXT(2) 
PARAMETRIC_REPRESENTATION_CONTEXT() REPRESENTATION_CONTEXT('2D SPACE',''
  ) );
#971 = ORIENTED_EDGE('',*,*,#972,.F.);
#972 = EDGE_CURVE('',#973,#945,#975,.T.);
#973 = VERTEX_POINT('',#974);
#974 = CARTESIAN_POINT('',(125.92598183048,26.,0.));
#975 = SURFACE_CURVE('',#976,(#980,#987),.PCURVE_S1.);
#976 = LINE('',#977,#978);
#977 = CARTESIAN_POINT('',(125.92598183048,26.,0.));
#978 = VECTOR('',#979,1.);
#979 = DIRECTION('',(0.5,-0.866025403784,0.));
#980 = PCURVE('',#44,#981);
#981 = DEFINITIONAL_REPRESENTATION('',(#982),#986);
#982 = LINE('',#983,#984);
#983 = CARTESIAN_POINT('',(-91.72127082959,-27.25572926751));
#984 = VECTOR('',#985,1.);
#985 = DIRECTION('',(0.5,-0.866025403784));
#986 = ( GEOMETRIC_REPRESENTATION_CONTEXT(2) 
PARAMETRIC_REPRESENTATION_CONTEXT() REPRESENTATION_CONTEXT('2D SPACE',''
  ) );
#987 = PCURVE('',#988,#993);
#988 = PLANE('',#989);
#989 = AXIS2_PLACEMENT_3D('',#990,#991,#992);
#990 = CARTESIAN_POINT('',(125.92598183048,26.,0.));
#991 = DIRECTION('',(0.866025403784,0.5,-0.));
#992 = DIRECTION('',(0.5,-0.866025403784,0.));
#993 = DEFINITIONAL_REPRESENTATION('',(#994),#998);
#994 = LINE('',#995,#996);
#995 = CARTESIAN_POINT('',(0.,0.));
#996 = VECTOR('',#997,1.);
#997 = DIRECTION('',(1.,0.));
#998 = ( GEOMETRIC_REPRESENTATION_CONTEXT(2) 
PARAMETRIC_REPRESENTATION_CONTEXT() REPRESENTATION_CONTEXT('2D SPACE',''
  ) );
#999 = ORIENTED_EDGE('',*,*,#1000,.F.);
#1000 = EDGE_CURVE('',#1001,#973,#1003,.T.);
#1001 = VERTEX_POINT('',#1002);
#1002 = CARTESIAN_POINT('',(133.20059522227,38.6,0.));
#1003 = SURFACE_CURVE('',#1004,(#1008,#1015),.PCURVE_S1.);
#1004 = LINE('',#1005,#1006);
#1005 = CARTESIAN_POINT('',(133.20059522227,38.6,0.));
#1006 = VECTOR('',#1007,1.);
#1007 = DIRECTION('',(-0.5,-0.866025403784,0.));
#1008 = PCURVE('',#44,#1009);
#1009 = DEFINITIONAL_REPRESENTATION('',(#1010),#1014);
#1010 = LINE('',#1011,#1012);
#1011 = CARTESIAN_POINT('',(-84.4466574378,-14.65572926751));
#1012 = VECTOR('',#1013,1.);
#1013 = DIRECTION('',(-0.5,-0.866025403784));
#1014 = ( GEOMETRIC_REPRESENTATION_CONTEXT(2) 
PARAMETRIC_REPRESENTATION_CONTEXT() REPRESENTATION_CONTEXT('2D SPACE',''
  ) );
#1015 = PCURVE('',#1016,#1021);
#1016 = PLANE('',#1017);
#1017 = AXIS2_PLACEMENT_3D('',#1018,#1019,#1020);
#1018 = CARTESIAN_POINT('',(133.20059522227,38.6,0.));
#1019 = DIRECTION('',(0.866025403784,-0.5,0.));
#1020 = DIRECTION('',(-0.5,-0.866025403784,0.));
#1021 = DEFINITIONAL_REPRESENTATION('',(#1022),#1026);
#1022 = LINE('',#1023,#1024);
#1023 = CARTESIAN_POINT('',(0.,0.));
#1024 = VECTOR('',#1025,1.);
#1025 = DIRECTION('',(1.,0.));
#1026 = ( GEOMETRIC_REPRESENTATION_CONTEXT(2) 
PARAMETRIC_REPRESENTATION_CONTEXT() REPRESENTATION_CONTEXT('2D SPACE',''
  ) );
#1027 = ORIENTED_EDGE('',*,*,#1028,.F.);
#1028 = EDGE_CURVE('',#889,#1001,#1029,.T.);
#1029 = SURFACE_CURVE('',#1030,(#1034,#1041),.PCURVE_S1.);
#1030 = LINE('',#1031,#1032);
#1031 = CARTESIAN_POINT('',(147.74982200585,38.6,0.));
#1032 = VECTOR('',#1033,1.);
#1033 = DIRECTION('',(-1.,0.,0.));
#1034 = PCURVE('',#44,#1035);
#1035 = DEFINITIONAL_REPRESENTATION('',(#1036),#1040);
#1036 = LINE('',#1037,#1038);
#1037 = CARTESIAN_POINT('',(-69.89743065422,-14.65572926751));
#1038 = VECTOR('',#1039,1.);
#1039 = DIRECTION('',(-1.,0.));
#1040 = ( GEOMETRIC_REPRESENTATION_CONTEXT(2) 
PARAMETRIC_REPRESENTATION_CONTEXT() REPRESENTATION_CONTEXT('2D SPACE',''
  ) );
#1041 = PCURVE('',#1042,#1047);
#1042 = PLANE('',#1043);
#1043 = AXIS2_PLACEMENT_3D('',#1044,#1045,#1046);
#1044 = CARTESIAN_POINT('',(147.74982200585,38.6,0.));
#1045 = DIRECTION('',(0.,-1.,0.));
#1046 = DIRECTION('',(-1.,0.,0.));
#1047 = DEFINITIONAL_REPRESENTATION('',(#1048),#1052);
#1048 = LINE('',#1049,#1050);
#1049 = CARTESIAN_POINT('',(0.,-0.));
#1050 = VECTOR('',#1051,1.);
#1051 = DIRECTION('',(1.,0.));
#1052 = ( GEOMETRIC_REPRESENTATION_CONTEXT(2) 
PARAMETRIC_REPRESENTATION_CONTEXT() REPRESENTATION_CONTEXT('2D SPACE',''
  ) );
#1053 = FACE_BOUND('',#1054,.F.);
#1054 = EDGE_LOOP('',(#1055,#1085,#1113,#1141,#1169,#1197));
#1055 = ORIENTED_EDGE('',*,*,#1056,.F.);
#1056 = EDGE_CURVE('',#1057,#1059,#1061,.T.);
#1057 = VERTEX_POINT('',#1058);
#1058 = CARTESIAN_POINT('',(71.024435397647,48.,0.));
#1059 = VERTEX_POINT('',#1060);
#1060 = CARTESIAN_POINT('',(63.749822005857,60.6,0.));
#1061 = SURFACE_CURVE('',#1062,(#1066,#1073),.PCURVE_S1.);
#1062 = LINE('',#1063,#1064);
#1063 = CARTESIAN_POINT('',(71.024435397647,48.,0.));
#1064 = VECTOR('',#1065,1.);
#1065 = DIRECTION('',(-0.5,0.866025403784,0.));
#1066 = PCURVE('',#44,#1067);
#1067 = DEFINITIONAL_REPRESENTATION('',(#1068),#1072);
#1068 = LINE('',#1069,#1070);
#1069 = CARTESIAN_POINT('',(-146.6228172624,-5.255729267513));
#1070 = VECTOR('',#1071,1.);
#1071 = DIRECTION('',(-0.5,0.866025403784));
#1072 = ( GEOMETRIC_REPRESENTATION_CONTEXT(2) 
PARAMETRIC_REPRESENTATION_CONTEXT() REPRESENTATION_CONTEXT('2D SPACE',''
  ) );
#1073 = PCURVE('',#1074,#1079);
#1074 = PLANE('',#1075);
#1075 = AXIS2_PLACEMENT_3D('',#1076,#1077,#1078);
#1076 = CARTESIAN_POINT('',(71.024435397647,48.,0.));
#1077 = DIRECTION('',(-0.866025403784,-0.5,0.));
#1078 = DIRECTION('',(-0.5,0.866025403784,0.));
#1079 = DEFINITIONAL_REPRESENTATION('',(#1080),#1084);
#1080 = LINE('',#1081,#1082);
#1081 = CARTESIAN_POINT('',(0.,0.));
#1082 = VECTOR('',#1083,1.);
#1083 = DIRECTION('',(1.,0.));
#1084 = ( GEOMETRIC_REPRESENTATION_CONTEXT(2) 
PARAMETRIC_REPRESENTATION_CONTEXT() REPRESENTATION_CONTEXT('2D SPACE',''
  ) );
#1085 = ORIENTED_EDGE('',*,*,#1086,.F.);
#1086 = EDGE_CURVE('',#1087,#1057,#1089,.T.);
#1087 = VERTEX_POINT('',#1088);
#1088 = CARTESIAN_POINT('',(63.749822005857,35.4,0.));
#1089 = SURFACE_CURVE('',#1090,(#1094,#1101),.PCURVE_S1.);
#1090 = LINE('',#1091,#1092);
#1091 = CARTESIAN_POINT('',(63.749822005857,35.4,0.));
#1092 = VECTOR('',#1093,1.);
#1093 = DIRECTION('',(0.5,0.866025403784,0.));
#1094 = PCURVE('',#44,#1095);
#1095 = DEFINITIONAL_REPRESENTATION('',(#1096),#1100);
#1096 = LINE('',#1097,#1098);
#1097 = CARTESIAN_POINT('',(-153.8974306542,-17.85572926751));
#1098 = VECTOR('',#1099,1.);
#1099 = DIRECTION('',(0.5,0.866025403784));
#1100 = ( GEOMETRIC_REPRESENTATION_CONTEXT(2) 
PARAMETRIC_REPRESENTATION_CONTEXT() REPRESENTATION_CONTEXT('2D SPACE',''
  ) );
#1101 = PCURVE('',#1102,#1107);
#1102 = PLANE('',#1103);
#1103 = AXIS2_PLACEMENT_3D('',#1104,#1105,#1106);
#1104 = CARTESIAN_POINT('',(63.749822005857,35.4,0.));
#1105 = DIRECTION('',(-0.866025403784,0.5,0.));
#1106 = DIRECTION('',(0.5,0.866025403784,0.));
#1107 = DEFINITIONAL_REPRESENTATION('',(#1108),#1112);
#1108 = LINE('',#1109,#1110);
#1109 = CARTESIAN_POINT('',(0.,0.));
#1110 = VECTOR('',#1111,1.);
#1111 = DIRECTION('',(1.,0.));
#1112 = ( GEOMETRIC_REPRESENTATION_CONTEXT(2) 
PARAMETRIC_REPRESENTATION_CONTEXT() REPRESENTATION_CONTEXT('2D SPACE',''
  ) );
#1113 = ORIENTED_EDGE('',*,*,#1114,.F.);
#1114 = EDGE_CURVE('',#1115,#1087,#1117,.T.);
#1115 = VERTEX_POINT('',#1116);
#1116 = CARTESIAN_POINT('',(49.200595222279,35.4,0.));
#1117 = SURFACE_CURVE('',#1118,(#1122,#1129),.PCURVE_S1.);
#1118 = LINE('',#1119,#1120);
#1119 = CARTESIAN_POINT('',(49.200595222279,35.4,0.));
#1120 = VECTOR('',#1121,1.);
#1121 = DIRECTION('',(1.,-4.883714759069E-16,0.));
#1122 = PCURVE('',#44,#1123);
#1123 = DEFINITIONAL_REPRESENTATION('',(#1124),#1128);
#1124 = LINE('',#1125,#1126);
#1125 = CARTESIAN_POINT('',(-168.4466574378,-17.85572926751));
#1126 = VECTOR('',#1127,1.);
#1127 = DIRECTION('',(1.,-4.883714759069E-16));
#1128 = ( GEOMETRIC_REPRESENTATION_CONTEXT(2) 
PARAMETRIC_REPRESENTATION_CONTEXT() REPRESENTATION_CONTEXT('2D SPACE',''
  ) );
#1129 = PCURVE('',#1130,#1135);
#1130 = PLANE('',#1131);
#1131 = AXIS2_PLACEMENT_3D('',#1132,#1133,#1134);
#1132 = CARTESIAN_POINT('',(49.200595222279,35.4,0.));
#1133 = DIRECTION('',(4.883714759069E-16,1.,-0.));
#1134 = DIRECTION('',(1.,-4.883714759069E-16,0.));
#1135 = DEFINITIONAL_REPRESENTATION('',(#1136),#1140);
#1136 = LINE('',#1137,#1138);
#1137 = CARTESIAN_POINT('',(0.,0.));
#1138 = VECTOR('',#1139,1.);
#1139 = DIRECTION('',(1.,0.));
#1140 = ( GEOMETRIC_REPRESENTATION_CONTEXT(2) 
PARAMETRIC_REPRESENTATION_CONTEXT() REPRESENTATION_CONTEXT('2D SPACE',''
  ) );
#1141 = ORIENTED_EDGE('',*,*,#1142,.F.);
#1142 = EDGE_CURVE('',#1143,#1115,#1145,.T.);
#1143 = VERTEX_POINT('',#1144);
#1144 = CARTESIAN_POINT('',(41.925981830489,48.,0.));
#1145 = SURFACE_CURVE('',#1146,(#1150,#1157),.PCURVE_S1.);
#1146 = LINE('',#1147,#1148);
#1147 = CARTESIAN_POINT('',(41.925981830489,48.,0.));
#1148 = VECTOR('',#1149,1.);
#1149 = DIRECTION('',(0.5,-0.866025403784,0.));
#1150 = PCURVE('',#44,#1151);
#1151 = DEFINITIONAL_REPRESENTATION('',(#1152),#1156);
#1152 = LINE('',#1153,#1154);
#1153 = CARTESIAN_POINT('',(-175.7212708295,-5.255729267513));
#1154 = VECTOR('',#1155,1.);
#1155 = DIRECTION('',(0.5,-0.866025403784));
#1156 = ( GEOMETRIC_REPRESENTATION_CONTEXT(2) 
PARAMETRIC_REPRESENTATION_CONTEXT() REPRESENTATION_CONTEXT('2D SPACE',''
  ) );
#1157 = PCURVE('',#1158,#1163);
#1158 = PLANE('',#1159);
#1159 = AXIS2_PLACEMENT_3D('',#1160,#1161,#1162);
#1160 = CARTESIAN_POINT('',(41.925981830489,48.,0.));
#1161 = DIRECTION('',(0.866025403784,0.5,-0.));
#1162 = DIRECTION('',(0.5,-0.866025403784,0.));
#1163 = DEFINITIONAL_REPRESENTATION('',(#1164),#1168);
#1164 = LINE('',#1165,#1166);
#1165 = CARTESIAN_POINT('',(0.,0.));
#1166 = VECTOR('',#1167,1.);
#1167 = DIRECTION('',(1.,0.));
#1168 = ( GEOMETRIC_REPRESENTATION_CONTEXT(2) 
PARAMETRIC_REPRESENTATION_CONTEXT() REPRESENTATION_CONTEXT('2D SPACE',''
  ) );
#1169 = ORIENTED_EDGE('',*,*,#1170,.F.);
#1170 = EDGE_CURVE('',#1171,#1143,#1173,.T.);
#1171 = VERTEX_POINT('',#1172);
#1172 = CARTESIAN_POINT('',(49.200595222279,60.6,0.));
#1173 = SURFACE_CURVE('',#1174,(#1178,#1185),.PCURVE_S1.);
#1174 = LINE('',#1175,#1176);
#1175 = CARTESIAN_POINT('',(49.200595222279,60.6,0.));
#1176 = VECTOR('',#1177,1.);
#1177 = DIRECTION('',(-0.5,-0.866025403784,0.));
#1178 = PCURVE('',#44,#1179);
#1179 = DEFINITIONAL_REPRESENTATION('',(#1180),#1184);
#1180 = LINE('',#1181,#1182);
#1181 = CARTESIAN_POINT('',(-168.4466574378,7.344270732487));
#1182 = VECTOR('',#1183,1.);
#1183 = DIRECTION('',(-0.5,-0.866025403784));
#1184 = ( GEOMETRIC_REPRESENTATION_CONTEXT(2) 
PARAMETRIC_REPRESENTATION_CONTEXT() REPRESENTATION_CONTEXT('2D SPACE',''
  ) );
#1185 = PCURVE('',#1186,#1191);
#1186 = PLANE('',#1187);
#1187 = AXIS2_PLACEMENT_3D('',#1188,#1189,#1190);
#1188 = CARTESIAN_POINT('',(49.200595222279,60.6,0.));
#1189 = DIRECTION('',(0.866025403784,-0.5,0.));
#1190 = DIRECTION('',(-0.5,-0.866025403784,0.));
#1191 = DEFINITIONAL_REPRESENTATION('',(#1192),#1196);
#1192 = LINE('',#1193,#1194);
#1193 = CARTESIAN_POINT('',(0.,0.));
#1194 = VECTOR('',#1195,1.);
#1195 = DIRECTION('',(1.,0.));
#1196 = ( GEOMETRIC_REPRESENTATION_CONTEXT(2) 
PARAMETRIC_REPRESENTATION_CONTEXT() REPRESENTATION_CONTEXT('2D SPACE',''
  ) );
#1197 = ORIENTED_EDGE('',*,*,#1198,.F.);
#1198 = EDGE_CURVE('',#1059,#1171,#1199,.T.);
#1199 = SURFACE_CURVE('',#1200,(#1204,#1211),.PCURVE_S1.);
#1200 = LINE('',#1201,#1202);
#1201 = CARTESIAN_POINT('',(63.749822005857,60.6,0.));
#1202 = VECTOR('',#1203,1.);
#1203 = DIRECTION('',(-1.,0.,0.));
#1204 = PCURVE('',#44,#1205);
#1205 = DEFINITIONAL_REPRESENTATION('',(#1206),#1210);
#1206 = LINE('',#1207,#1208);
#1207 = CARTESIAN_POINT('',(-153.8974306542,7.344270732487));
#1208 = VECTOR('',#1209,1.);
#1209 = DIRECTION('',(-1.,0.));
#1210 = ( GEOMETRIC_REPRESENTATION_CONTEXT(2) 
PARAMETRIC_REPRESENTATION_CONTEXT() REPRESENTATION_CONTEXT('2D SPACE',''
  ) );
#1211 = PCURVE('',#1212,#1217);
#1212 = PLANE('',#1213);
#1213 = AXIS2_PLACEMENT_3D('',#1214,#1215,#1216);
#1214 = CARTESIAN_POINT('',(63.749822005857,60.6,0.));
#1215 = DIRECTION('',(0.,-1.,0.));
#1216 = DIRECTION('',(-1.,0.,0.));
#1217 = DEFINITIONAL_REPRESENTATION('',(#1218),#1222);
#1218 = LINE('',#1219,#1220);
#1219 = CARTESIAN_POINT('',(0.,-0.));
#1220 = VECTOR('',#1221,1.);
#1221 = DIRECTION('',(1.,0.));
#1222 = ( GEOMETRIC_REPRESENTATION_CONTEXT(2) 
PARAMETRIC_REPRESENTATION_CONTEXT() REPRESENTATION_CONTEXT('2D SPACE',''
  ) );
#1223 = FACE_BOUND('',#1224,.F.);
#1224 = EDGE_LOOP('',(#1225,#1255,#1283,#1311,#1339,#1367));
#1225 = ORIENTED_EDGE('',*,*,#1226,.F.);
#1226 = EDGE_CURVE('',#1227,#1229,#1231,.T.);
#1227 = VERTEX_POINT('',#1228);
#1228 = CARTESIAN_POINT('',(127.02443539764,48.,0.));
#1229 = VERTEX_POINT('',#1230);
#1230 = CARTESIAN_POINT('',(119.74982200585,60.6,0.));
#1231 = SURFACE_CURVE('',#1232,(#1236,#1243),.PCURVE_S1.);
#1232 = LINE('',#1233,#1234);
#1233 = CARTESIAN_POINT('',(127.02443539764,48.,0.));
#1234 = VECTOR('',#1235,1.);
#1235 = DIRECTION('',(-0.5,0.866025403784,0.));
#1236 = PCURVE('',#44,#1237);
#1237 = DEFINITIONAL_REPRESENTATION('',(#1238),#1242);
#1238 = LINE('',#1239,#1240);
#1239 = CARTESIAN_POINT('',(-90.62281726243,-5.255729267513));
#1240 = VECTOR('',#1241,1.);
#1241 = DIRECTION('',(-0.5,0.866025403784));
#1242 = ( GEOMETRIC_REPRESENTATION_CONTEXT(2) 
PARAMETRIC_REPRESENTATION_CONTEXT() REPRESENTATION_CONTEXT('2D SPACE',''
  ) );
#1243 = PCURVE('',#1244,#1249);
#1244 = PLANE('',#1245);
#1245 = AXIS2_PLACEMENT_3D('',#1246,#1247,#1248);
#1246 = CARTESIAN_POINT('',(127.02443539764,48.,0.));
#1247 = DIRECTION('',(-0.866025403784,-0.5,0.));
#1248 = DIRECTION('',(-0.5,0.866025403784,0.));
#1249 = DEFINITIONAL_REPRESENTATION('',(#1250),#1254);
#1250 = LINE('',#1251,#1252);
#1251 = CARTESIAN_POINT('',(0.,0.));
#1252 = VECTOR('',#1253,1.);
#1253 = DIRECTION('',(1.,0.));
#1254 = ( GEOMETRIC_REPRESENTATION_CONTEXT(2) 
PARAMETRIC_REPRESENTATION_CONTEXT() REPRESENTATION_CONTEXT('2D SPACE',''
  ) );
#1255 = ORIENTED_EDGE('',*,*,#1256,.F.);
#1256 = EDGE_CURVE('',#1257,#1227,#1259,.T.);
#1257 = VERTEX_POINT('',#1258);
#1258 = CARTESIAN_POINT('',(119.74982200585,35.4,0.));
#1259 = SURFACE_CURVE('',#1260,(#1264,#1271),.PCURVE_S1.);
#1260 = LINE('',#1261,#1262);
#1261 = CARTESIAN_POINT('',(119.74982200585,35.4,0.));
#1262 = VECTOR('',#1263,1.);
#1263 = DIRECTION('',(0.5,0.866025403784,0.));
#1264 = PCURVE('',#44,#1265);
#1265 = DEFINITIONAL_REPRESENTATION('',(#1266),#1270);
#1266 = LINE('',#1267,#1268);
#1267 = CARTESIAN_POINT('',(-97.89743065422,-17.85572926751));
#1268 = VECTOR('',#1269,1.);
#1269 = DIRECTION('',(0.5,0.866025403784));
#1270 = ( GEOMETRIC_REPRESENTATION_CONTEXT(2) 
PARAMETRIC_REPRESENTATION_CONTEXT() REPRESENTATION_CONTEXT('2D SPACE',''
  ) );
#1271 = PCURVE('',#1272,#1277);
#1272 = PLANE('',#1273);
#1273 = AXIS2_PLACEMENT_3D('',#1274,#1275,#1276);
#1274 = CARTESIAN_POINT('',(119.74982200585,35.4,0.));
#1275 = DIRECTION('',(-0.866025403784,0.5,0.));
#1276 = DIRECTION('',(0.5,0.866025403784,0.));
#1277 = DEFINITIONAL_REPRESENTATION('',(#1278),#1282);
#1278 = LINE('',#1279,#1280);
#1279 = CARTESIAN_POINT('',(0.,0.));
#1280 = VECTOR('',#1281,1.);
#1281 = DIRECTION('',(1.,0.));
#1282 = ( GEOMETRIC_REPRESENTATION_CONTEXT(2) 
PARAMETRIC_REPRESENTATION_CONTEXT() REPRESENTATION_CONTEXT('2D SPACE',''
  ) );
#1283 = ORIENTED_EDGE('',*,*,#1284,.F.);
#1284 = EDGE_CURVE('',#1285,#1257,#1287,.T.);
#1285 = VERTEX_POINT('',#1286);
#1286 = CARTESIAN_POINT('',(105.20059522227,35.4,0.));
#1287 = SURFACE_CURVE('',#1288,(#1292,#1299),.PCURVE_S1.);
#1288 = LINE('',#1289,#1290);
#1289 = CARTESIAN_POINT('',(105.20059522227,35.4,0.));
#1290 = VECTOR('',#1291,1.);
#1291 = DIRECTION('',(1.,-4.883714759069E-16,0.));
#1292 = PCURVE('',#44,#1293);
#1293 = DEFINITIONAL_REPRESENTATION('',(#1294),#1298);
#1294 = LINE('',#1295,#1296);
#1295 = CARTESIAN_POINT('',(-112.4466574378,-17.85572926751));
#1296 = VECTOR('',#1297,1.);
#1297 = DIRECTION('',(1.,-4.883714759069E-16));
#1298 = ( GEOMETRIC_REPRESENTATION_CONTEXT(2) 
PARAMETRIC_REPRESENTATION_CONTEXT() REPRESENTATION_CONTEXT('2D SPACE',''
  ) );
#1299 = PCURVE('',#1300,#1305);
#1300 = PLANE('',#1301);
#1301 = AXIS2_PLACEMENT_3D('',#1302,#1303,#1304);
#1302 = CARTESIAN_POINT('',(105.20059522227,35.4,0.));
#1303 = DIRECTION('',(4.883714759069E-16,1.,-0.));
#1304 = DIRECTION('',(1.,-4.883714759069E-16,0.));
#1305 = DEFINITIONAL_REPRESENTATION('',(#1306),#1310);
#1306 = LINE('',#1307,#1308);
#1307 = CARTESIAN_POINT('',(0.,0.));
#1308 = VECTOR('',#1309,1.);
#1309 = DIRECTION('',(1.,0.));
#1310 = ( GEOMETRIC_REPRESENTATION_CONTEXT(2) 
PARAMETRIC_REPRESENTATION_CONTEXT() REPRESENTATION_CONTEXT('2D SPACE',''
  ) );
#1311 = ORIENTED_EDGE('',*,*,#1312,.F.);
#1312 = EDGE_CURVE('',#1313,#1285,#1315,.T.);
#1313 = VERTEX_POINT('',#1314);
#1314 = CARTESIAN_POINT('',(97.925981830489,48.,0.));
#1315 = SURFACE_CURVE('',#1316,(#1320,#1327),.PCURVE_S1.);
#1316 = LINE('',#1317,#1318);
#1317 = CARTESIAN_POINT('',(97.925981830489,48.,0.));
#1318 = VECTOR('',#1319,1.);
#1319 = DIRECTION('',(0.5,-0.866025403784,0.));
#1320 = PCURVE('',#44,#1321);
#1321 = DEFINITIONAL_REPRESENTATION('',(#1322),#1326);
#1322 = LINE('',#1323,#1324);
#1323 = CARTESIAN_POINT('',(-119.7212708295,-5.255729267513));
#1324 = VECTOR('',#1325,1.);
#1325 = DIRECTION('',(0.5,-0.866025403784));
#1326 = ( GEOMETRIC_REPRESENTATION_CONTEXT(2) 
PARAMETRIC_REPRESENTATION_CONTEXT() REPRESENTATION_CONTEXT('2D SPACE',''
  ) );
#1327 = PCURVE('',#1328,#1333);
#1328 = PLANE('',#1329);
#1329 = AXIS2_PLACEMENT_3D('',#1330,#1331,#1332);
#1330 = CARTESIAN_POINT('',(97.925981830489,48.,0.));
#1331 = DIRECTION('',(0.866025403784,0.5,-0.));
#1332 = DIRECTION('',(0.5,-0.866025403784,0.));
#1333 = DEFINITIONAL_REPRESENTATION('',(#1334),#1338);
#1334 = LINE('',#1335,#1336);
#1335 = CARTESIAN_POINT('',(0.,0.));
#1336 = VECTOR('',#1337,1.);
#1337 = DIRECTION('',(1.,0.));
#1338 = ( GEOMETRIC_REPRESENTATION_CONTEXT(2) 
PARAMETRIC_REPRESENTATION_CONTEXT() REPRESENTATION_CONTEXT('2D SPACE',''
  ) );
#1339 = ORIENTED_EDGE('',*,*,#1340,.F.);
#1340 = EDGE_CURVE('',#1341,#1313,#1343,.T.);
#1341 = VERTEX_POINT('',#1342);
#1342 = CARTESIAN_POINT('',(105.20059522227,60.6,0.));
#1343 = SURFACE_CURVE('',#1344,(#1348,#1355),.PCURVE_S1.);
#1344 = LINE('',#1345,#1346);
#1345 = CARTESIAN_POINT('',(105.20059522227,60.6,0.));
#1346 = VECTOR('',#1347,1.);
#1347 = DIRECTION('',(-0.5,-0.866025403784,0.));
#1348 = PCURVE('',#44,#1349);
#1349 = DEFINITIONAL_REPRESENTATION('',(#1350),#1354);
#1350 = LINE('',#1351,#1352);
#1351 = CARTESIAN_POINT('',(-112.4466574378,7.344270732487));
#1352 = VECTOR('',#1353,1.);
#1353 = DIRECTION('',(-0.5,-0.866025403784));
#1354 = ( GEOMETRIC_REPRESENTATION_CONTEXT(2) 
PARAMETRIC_REPRESENTATION_CONTEXT() REPRESENTATION_CONTEXT('2D SPACE',''
  ) );
#1355 = PCURVE('',#1356,#1361);
#1356 = PLANE('',#1357);
#1357 = AXIS2_PLACEMENT_3D('',#1358,#1359,#1360);
#1358 = CARTESIAN_POINT('',(105.20059522227,60.6,0.));
#1359 = DIRECTION('',(0.866025403784,-0.5,0.));
#1360 = DIRECTION('',(-0.5,-0.866025403784,0.));
#1361 = DEFINITIONAL_REPRESENTATION('',(#1362),#1366);
#1362 = LINE('',#1363,#1364);
#1363 = CARTESIAN_POINT('',(0.,0.));
#1364 = VECTOR('',#1365,1.);
#1365 = DIRECTION('',(1.,0.));
#1366 = ( GEOMETRIC_REPRESENTATION_CONTEXT(2) 
PARAMETRIC_REPRESENTATION_CONTEXT() REPRESENTATION_CONTEXT('2D SPACE',''
  ) );
#1367 = ORIENTED_EDGE('',*,*,#1368,.F.);
#1368 = EDGE_CURVE('',#1229,#1341,#1369,.T.);
#1369 = SURFACE_CURVE('',#1370,(#1374,#1381),.PCURVE_S1.);
#1370 = LINE('',#1371,#1372);
#1371 = CARTESIAN_POINT('',(119.74982200585,60.6,0.));
#1372 = VECTOR('',#1373,1.);
#1373 = DIRECTION('',(-1.,0.,0.));
#1374 = PCURVE('',#44,#1375);
#1375 = DEFINITIONAL_REPRESENTATION('',(#1376),#1380);
#1376 = LINE('',#1377,#1378);
#1377 = CARTESIAN_POINT('',(-97.89743065422,7.344270732487));
#1378 = VECTOR('',#1379,1.);
#1379 = DIRECTION('',(-1.,0.));
#1380 = ( GEOMETRIC_REPRESENTATION_CONTEXT(2) 
PARAMETRIC_REPRESENTATION_CONTEXT() REPRESENTATION_CONTEXT('2D SPACE',''
  ) );
#1381 = PCURVE('',#1382,#1387);
#1382 = PLANE('',#1383);
#1383 = AXIS2_PLACEMENT_3D('',#1384,#1385,#1386);
#1384 = CARTESIAN_POINT('',(119.74982200585,60.6,0.));
#1385 = DIRECTION('',(0.,-1.,0.));
#1386 = DIRECTION('',(-1.,0.,0.));
#1387 = DEFINITIONAL_REPRESENTATION('',(#1388),#1392);
#1388 = LINE('',#1389,#1390);
#1389 = CARTESIAN_POINT('',(0.,-0.));
#1390 = VECTOR('',#1391,1.);
#1391 = DIRECTION('',(1.,0.));
#1392 = ( GEOMETRIC_REPRESENTATION_CONTEXT(2) 
PARAMETRIC_REPRESENTATION_CONTEXT() REPRESENTATION_CONTEXT('2D SPACE',''
  ) );
#1393 = ADVANCED_FACE('',(#1394),#126,.T.);
#1394 = FACE_BOUND('',#1395,.T.);
#1395 = EDGE_LOOP('',(#1396,#1397,#1420,#1441));
#1396 = ORIENTED_EDGE('',*,*,#165,.T.);
#1397 = ORIENTED_EDGE('',*,*,#1398,.T.);
#1398 = EDGE_CURVE('',#166,#1399,#1401,.T.);
#1399 = VERTEX_POINT('',#1400);
#1400 = CARTESIAN_POINT('',(207.9625,25.728231077733,12.7));
#1401 = SURFACE_CURVE('',#1402,(#1406,#1413),.PCURVE_S1.);
#1402 = LINE('',#1403,#1404);
#1403 = CARTESIAN_POINT('',(207.9625,25.285370569291,1.813431127244E-02)
  );
#1404 = VECTOR('',#1405,1.);
#1405 = DIRECTION('',(0.,3.48994967025E-02,0.999390827019));
#1406 = PCURVE('',#126,#1407);
#1407 = DEFINITIONAL_REPRESENTATION('',(#1408),#1412);
#1408 = LINE('',#1409,#1410);
#1409 = CARTESIAN_POINT('',(-6.369052243788,-17.26992240085));
#1410 = VECTOR('',#1411,1.);
#1411 = DIRECTION('',(0.999390827019,-3.48994967025E-02));
#1412 = ( GEOMETRIC_REPRESENTATION_CONTEXT(2) 
PARAMETRIC_REPRESENTATION_CONTEXT() REPRESENTATION_CONTEXT('2D SPACE',''
  ) );
#1413 = PCURVE('',#209,#1414);
#1414 = DEFINITIONAL_REPRESENTATION('',(#1415),#1419);
#1415 = LINE('',#1416,#1417);
#1416 = CARTESIAN_POINT('',(0.,0.));
#1417 = VECTOR('',#1418,1.);
#1418 = DIRECTION('',(0.,1.));
#1419 = ( GEOMETRIC_REPRESENTATION_CONTEXT(2) 
PARAMETRIC_REPRESENTATION_CONTEXT() REPRESENTATION_CONTEXT('2D SPACE',''
  ) );
#1420 = ORIENTED_EDGE('',*,*,#1421,.F.);
#1421 = EDGE_CURVE('',#85,#1399,#1422,.T.);
#1422 = SURFACE_CURVE('',#1423,(#1427,#1434),.PCURVE_S1.);
#1423 = LINE('',#1424,#1425);
#1424 = CARTESIAN_POINT('',(207.9625,4.007724084217,12.7));
#1425 = VECTOR('',#1426,1.);
#1426 = DIRECTION('',(0.,1.,0.));
#1427 = PCURVE('',#126,#1428);
#1428 = DEFINITIONAL_REPRESENTATION('',(#1429),#1433);
#1429 = LINE('',#1430,#1431);
#1430 = CARTESIAN_POINT('',(6.31281344494,4.007724084217));
#1431 = VECTOR('',#1432,1.);
#1432 = DIRECTION('',(0.,-1.));
#1433 = ( GEOMETRIC_REPRESENTATION_CONTEXT(2) 
PARAMETRIC_REPRESENTATION_CONTEXT() REPRESENTATION_CONTEXT('2D SPACE',''
  ) );
#1434 = PCURVE('',#100,#1435);
#1435 = DEFINITIONAL_REPRESENTATION('',(#1436),#1440);
#1436 = LINE('',#1437,#1438);
#1437 = CARTESIAN_POINT('',(207.9625,4.007724084217));
#1438 = VECTOR('',#1439,1.);
#1439 = DIRECTION('',(0.,1.));
#1440 = ( GEOMETRIC_REPRESENTATION_CONTEXT(2) 
PARAMETRIC_REPRESENTATION_CONTEXT() REPRESENTATION_CONTEXT('2D SPACE',''
  ) );
#1441 = ORIENTED_EDGE('',*,*,#112,.T.);
#1442 = ADVANCED_FACE('',(#1443,#2073,#2213,#2353,#2493,#2633),#100,.T.
  );
#1443 = FACE_BOUND('',#1444,.T.);
#1444 = EDGE_LOOP('',(#1445,#1468,#1469,#1470,#1501,#1529,#1582,#1610,
    #1663,#1691,#1718,#1741,#1908));
#1445 = ORIENTED_EDGE('',*,*,#1446,.F.);
#1446 = EDGE_CURVE('',#57,#1447,#1449,.T.);
#1447 = VERTEX_POINT('',#1448);
#1448 = CARTESIAN_POINT('',(6.497476388175E-15,76.2,12.7));
#1449 = SURFACE_CURVE('',#1450,(#1454,#1461),.PCURVE_S1.);
#1450 = LINE('',#1451,#1452);
#1451 = CARTESIAN_POINT('',(0.,0.,12.7));
#1452 = VECTOR('',#1453,1.);
#1453 = DIRECTION('',(0.,1.,0.));
#1454 = PCURVE('',#100,#1455);
#1455 = DEFINITIONAL_REPRESENTATION('',(#1456),#1460);
#1456 = LINE('',#1457,#1458);
#1457 = CARTESIAN_POINT('',(0.,0.));
#1458 = VECTOR('',#1459,1.);
#1459 = DIRECTION('',(0.,1.));
#1460 = ( GEOMETRIC_REPRESENTATION_CONTEXT(2) 
PARAMETRIC_REPRESENTATION_CONTEXT() REPRESENTATION_CONTEXT('2D SPACE',''
  ) );
#1461 = PCURVE('',#72,#1462);
#1462 = DEFINITIONAL_REPRESENTATION('',(#1463),#1467);
#1463 = LINE('',#1464,#1465);
#1464 = CARTESIAN_POINT('',(76.2,-12.7));
#1465 = VECTOR('',#1466,1.);
#1466 = DIRECTION('',(-1.,0.));
#1467 = ( GEOMETRIC_REPRESENTATION_CONTEXT(2) 
PARAMETRIC_REPRESENTATION_CONTEXT() REPRESENTATION_CONTEXT('2D SPACE',''
  ) );
#1468 = ORIENTED_EDGE('',*,*,#84,.T.);
#1469 = ORIENTED_EDGE('',*,*,#1421,.T.);
#1470 = ORIENTED_EDGE('',*,*,#1471,.F.);
#1471 = EDGE_CURVE('',#1472,#1399,#1474,.T.);
#1472 = VERTEX_POINT('',#1473);
#1473 = CARTESIAN_POINT('',(207.92672250117,25.870396778506,12.7));
#1474 = SURFACE_CURVE('',#1475,(#1480,#1491),.PCURVE_S1.);
#1475 = ELLIPSE('',#1476,0.30018286329,0.3);
#1476 = AXIS2_PLACEMENT_3D('',#1477,#1478,#1479);
#1477 = CARTESIAN_POINT('',(207.6625,25.728231077733,12.7));
#1478 = DIRECTION('',(0.,0.,-1.));
#1479 = DIRECTION('',(0.,1.,0.));
#1480 = PCURVE('',#100,#1481);
#1481 = DEFINITIONAL_REPRESENTATION('',(#1482),#1490);
#1482 = ( BOUNDED_CURVE() B_SPLINE_CURVE(2,(#1483,#1484,#1485,#1486,
#1487,#1488,#1489),.UNSPECIFIED.,.T.,.F.) B_SPLINE_CURVE_WITH_KNOTS((1,2
    ,2,2,2,1),(-2.094395102393,0.,2.094395102393,4.188790204786,
6.28318530718,8.377580409573),.UNSPECIFIED.) CURVE() 
GEOMETRIC_REPRESENTATION_ITEM() RATIONAL_B_SPLINE_CURVE((1.,0.5,1.,0.5,
1.,0.5,1.)) REPRESENTATION_ITEM('') );
#1483 = CARTESIAN_POINT('',(207.6625,26.028413941023));
#1484 = CARTESIAN_POINT('',(208.18211524227,26.028413941023));
#1485 = CARTESIAN_POINT('',(207.92230762113,25.578139646088));
#1486 = CARTESIAN_POINT('',(207.6625,25.127865351153));
#1487 = CARTESIAN_POINT('',(207.40269237886,25.578139646088));
#1488 = CARTESIAN_POINT('',(207.14288475772,26.028413941023));
#1489 = CARTESIAN_POINT('',(207.6625,26.028413941023));
#1490 = ( GEOMETRIC_REPRESENTATION_CONTEXT(2) 
PARAMETRIC_REPRESENTATION_CONTEXT() REPRESENTATION_CONTEXT('2D SPACE',''
  ) );
#1491 = PCURVE('',#209,#1492);
#1492 = DEFINITIONAL_REPRESENTATION('',(#1493),#1500);
#1493 = B_SPLINE_CURVE_WITH_KNOTS('',5,(#1494,#1495,#1496,#1497,#1498,
    #1499),.UNSPECIFIED.,.F.,.F.,(6,6),(1.077425964568,1.570796326795),
  .PIECEWISE_BEZIER_KNOTS.);
#1494 = CARTESIAN_POINT('',(0.493370362227,12.694557359062));
#1495 = CARTESIAN_POINT('',(0.394696289782,12.693646907895));
#1496 = CARTESIAN_POINT('',(0.296022217336,12.692676072824));
#1497 = CARTESIAN_POINT('',(0.197348144891,12.691663313375));
#1498 = CARTESIAN_POINT('',(9.867407244546E-02,12.690629580018));
#1499 = CARTESIAN_POINT('',(0.,12.689595847657));
#1500 = ( GEOMETRIC_REPRESENTATION_CONTEXT(2) 
PARAMETRIC_REPRESENTATION_CONTEXT() REPRESENTATION_CONTEXT('2D SPACE',''
  ) );
#1501 = ORIENTED_EDGE('',*,*,#1502,.T.);
#1502 = EDGE_CURVE('',#1472,#1503,#1505,.T.);
#1503 = VERTEX_POINT('',#1504);
#1504 = CARTESIAN_POINT('',(195.71250001733,18.814213051107,12.7));
#1505 = SURFACE_CURVE('',#1506,(#1510,#1517),.PCURVE_S1.);
#1506 = LINE('',#1507,#1508);
#1507 = CARTESIAN_POINT('',(208.1171748808,25.980421545433,12.7));
#1508 = VECTOR('',#1509,1.);
#1509 = DIRECTION('',(-0.865893403497,-0.50022856154,0.));
#1510 = PCURVE('',#100,#1511);
#1511 = DEFINITIONAL_REPRESENTATION('',(#1512),#1516);
#1512 = LINE('',#1513,#1514);
#1513 = CARTESIAN_POINT('',(208.1171748808,25.980421545433));
#1514 = VECTOR('',#1515,1.);
#1515 = DIRECTION('',(-0.865893403497,-0.50022856154));
#1516 = ( GEOMETRIC_REPRESENTATION_CONTEXT(2) 
PARAMETRIC_REPRESENTATION_CONTEXT() REPRESENTATION_CONTEXT('2D SPACE',''
  ) );
#1517 = PCURVE('',#1518,#1523);
#1518 = CYLINDRICAL_SURFACE('',#1519,0.3);
#1519 = AXIS2_PLACEMENT_3D('',#1520,#1521,#1522);
#1520 = CARTESIAN_POINT('',(208.1171748808,25.980421545433,12.4));
#1521 = DIRECTION('',(-0.865893403497,-0.50022856154,0.));
#1522 = DIRECTION('',(0.,0.,1.));
#1523 = DEFINITIONAL_REPRESENTATION('',(#1524),#1528);
#1524 = LINE('',#1525,#1526);
#1525 = CARTESIAN_POINT('',(0.,0.));
#1526 = VECTOR('',#1527,1.);
#1527 = DIRECTION('',(0.,1.));
#1528 = ( GEOMETRIC_REPRESENTATION_CONTEXT(2) 
PARAMETRIC_REPRESENTATION_CONTEXT() REPRESENTATION_CONTEXT('2D SPACE',''
  ) );
#1529 = ORIENTED_EDGE('',*,*,#1530,.F.);
#1530 = EDGE_CURVE('',#1531,#1503,#1533,.T.);
#1531 = VERTEX_POINT('',#1532);
#1532 = CARTESIAN_POINT('',(194.9625,19.247489683409,12.7));
#1533 = SURFACE_CURVE('',#1534,(#1542,#1553),.PCURVE_S1.);
#1534 = B_SPLINE_CURVE_WITH_KNOTS('',6,(#1535,#1536,#1537,#1538,#1539,
    #1540,#1541),.UNSPECIFIED.,.F.,.F.,(7,7),(0.,2.09465904264),
  .PIECEWISE_BEZIER_KNOTS.);
#1535 = CARTESIAN_POINT('',(194.9625,19.247489683409,12.7));
#1536 = CARTESIAN_POINT('',(194.9625,19.07304119458,12.7));
#1537 = CARTESIAN_POINT('',(195.03537368331,18.898680833603,12.7));
#1538 = CARTESIAN_POINT('',(195.18160580325,18.761854427039,12.7));
#1539 = CARTESIAN_POINT('',(195.37343981789,18.702801068626,12.7));
#1540 = CARTESIAN_POINT('',(195.56123888136,18.726829153554,12.7));
#1541 = CARTESIAN_POINT('',(195.71250001733,18.814213051107,12.7));
#1542 = PCURVE('',#100,#1543);
#1543 = DEFINITIONAL_REPRESENTATION('',(#1544),#1552);
#1544 = B_SPLINE_CURVE_WITH_KNOTS('',6,(#1545,#1546,#1547,#1548,#1549,
    #1550,#1551),.UNSPECIFIED.,.F.,.F.,(7,7),(0.,2.09465904264),
  .PIECEWISE_BEZIER_KNOTS.);
#1545 = CARTESIAN_POINT('',(194.9625,19.247489683409));
#1546 = CARTESIAN_POINT('',(194.9625,19.07304119458));
#1547 = CARTESIAN_POINT('',(195.03537368331,18.898680833603));
#1548 = CARTESIAN_POINT('',(195.18160580325,18.761854427039));
#1549 = CARTESIAN_POINT('',(195.37343981789,18.702801068626));
#1550 = CARTESIAN_POINT('',(195.56123888136,18.726829153554));
#1551 = CARTESIAN_POINT('',(195.71250001733,18.814213051107));
#1552 = ( GEOMETRIC_REPRESENTATION_CONTEXT(2) 
PARAMETRIC_REPRESENTATION_CONTEXT() REPRESENTATION_CONTEXT('2D SPACE',''
  ) );
#1553 = PCURVE('',#1554,#1576);
#1554 = ( BOUNDED_SURFACE() B_SPLINE_SURFACE(2,6,(
    (#1555,#1556,#1557,#1558,#1559,#1560,#1561)
    ,(#1562,#1563,#1564,#1565,#1566,#1567,#1568)
    ,(#1569,#1570,#1571,#1572,#1573,#1574,#1575
)),.UNSPECIFIED.,.F.,.F.,.F.) B_SPLINE_SURFACE_WITH_KNOTS((3,3),(7,7),(
    0.,2.09465904264),(0.,2.09465904264),.PIECEWISE_BEZIER_KNOTS.) 
GEOMETRIC_REPRESENTATION_ITEM() RATIONAL_B_SPLINE_SURFACE((
    (1.,1.,1.,1.,1.,1.,1.)
    ,(0.707106781187,0.702816197344,0.698499787525,0.695043379923
      ,0.69353366164,0.694147612644,0.696339051747)
,(1.,1.,1.,1.,1.,1.,1.))) REPRESENTATION_ITEM('') SURFACE() );
#1555 = CARTESIAN_POINT('',(194.9625,19.247489683409,12.7));
#1556 = CARTESIAN_POINT('',(194.9625,19.07304119458,12.7));
#1557 = CARTESIAN_POINT('',(195.03537368331,18.898680833603,12.7));
#1558 = CARTESIAN_POINT('',(195.18160580325,18.761854427039,12.7));
#1559 = CARTESIAN_POINT('',(195.37343981789,18.702801068626,12.7));
#1560 = CARTESIAN_POINT('',(195.56123888136,18.726829153554,12.7));
#1561 = CARTESIAN_POINT('',(195.71250001733,18.814213051107,12.7));
#1562 = CARTESIAN_POINT('',(195.2625,19.247489683409,12.7));
#1563 = CARTESIAN_POINT('',(195.26616290691,19.177348544177,12.7));
#1564 = CARTESIAN_POINT('',(195.2993220202,19.110337385226,12.7));
#1565 = CARTESIAN_POINT('',(195.35829126303,19.062953279925,12.7));
#1566 = CARTESIAN_POINT('',(195.42823899493,19.042515202988,12.7));
#1567 = CARTESIAN_POINT('',(195.49890478575,19.050104741501,12.7));
#1568 = CARTESIAN_POINT('',(195.55782513653,19.081954578219,12.7));
#1569 = CARTESIAN_POINT('',(195.2625,19.247489683409,12.4));
#1570 = CARTESIAN_POINT('',(195.2625,19.177774146712,12.396359318883));
#1571 = CARTESIAN_POINT('',(195.2915022,19.108122911933,12.392722005996)
  );
#1572 = CARTESIAN_POINT('',(195.34959580951,19.053105929104,
    12.389848789175));
#1573 = CARTESIAN_POINT('',(195.42661743643,19.029124565564,
    12.388596555463));
#1574 = CARTESIAN_POINT('',(195.50191271117,19.03879703552,
    12.38910166344));
#1575 = CARTESIAN_POINT('',(195.56250000693,19.073862398458,
    12.390932844992));
#1576 = DEFINITIONAL_REPRESENTATION('',(#1577),#1581);
#1577 = LINE('',#1578,#1579);
#1578 = CARTESIAN_POINT('',(0.,0.));
#1579 = VECTOR('',#1580,1.);
#1580 = DIRECTION('',(0.,1.));
#1581 = ( GEOMETRIC_REPRESENTATION_CONTEXT(2) 
PARAMETRIC_REPRESENTATION_CONTEXT() REPRESENTATION_CONTEXT('2D SPACE',''
  ) );
#1582 = ORIENTED_EDGE('',*,*,#1583,.T.);
#1583 = EDGE_CURVE('',#1531,#1584,#1586,.T.);
#1584 = VERTEX_POINT('',#1585);
#1585 = CARTESIAN_POINT('',(194.9625,71.222628776591,12.7));
#1586 = SURFACE_CURVE('',#1587,(#1591,#1598),.PCURVE_S1.);
#1587 = LINE('',#1588,#1589);
#1588 = CARTESIAN_POINT('',(194.9625,18.911344584381,12.7));
#1589 = VECTOR('',#1590,1.);
#1590 = DIRECTION('',(0.,1.,0.));
#1591 = PCURVE('',#100,#1592);
#1592 = DEFINITIONAL_REPRESENTATION('',(#1593),#1597);
#1593 = LINE('',#1594,#1595);
#1594 = CARTESIAN_POINT('',(194.9625,18.911344584381));
#1595 = VECTOR('',#1596,1.);
#1596 = DIRECTION('',(0.,1.));
#1597 = ( GEOMETRIC_REPRESENTATION_CONTEXT(2) 
PARAMETRIC_REPRESENTATION_CONTEXT() REPRESENTATION_CONTEXT('2D SPACE',''
  ) );
#1598 = PCURVE('',#1599,#1604);
#1599 = CYLINDRICAL_SURFACE('',#1600,0.3);
#1600 = AXIS2_PLACEMENT_3D('',#1601,#1602,#1603);
#1601 = CARTESIAN_POINT('',(194.9625,18.911344584381,12.4));
#1602 = DIRECTION('',(0.,1.,0.));
#1603 = DIRECTION('',(0.,-0.,1.));
#1604 = DEFINITIONAL_REPRESENTATION('',(#1605),#1609);
#1605 = LINE('',#1606,#1607);
#1606 = CARTESIAN_POINT('',(0.,0.));
#1607 = VECTOR('',#1608,1.);
#1608 = DIRECTION('',(0.,1.));
#1609 = ( GEOMETRIC_REPRESENTATION_CONTEXT(2) 
PARAMETRIC_REPRESENTATION_CONTEXT() REPRESENTATION_CONTEXT('2D SPACE',''
  ) );
#1610 = ORIENTED_EDGE('',*,*,#1611,.F.);
#1611 = EDGE_CURVE('',#1612,#1584,#1614,.T.);
#1612 = VERTEX_POINT('',#1613);
#1613 = CARTESIAN_POINT('',(195.71250001733,71.655905408893,12.7));
#1614 = SURFACE_CURVE('',#1615,(#1623,#1634),.PCURVE_S1.);
#1615 = B_SPLINE_CURVE_WITH_KNOTS('',6,(#1616,#1617,#1618,#1619,#1620,
    #1621,#1622),.UNSPECIFIED.,.F.,.F.,(7,7),(0.,2.09465904264),
  .PIECEWISE_BEZIER_KNOTS.);
#1616 = CARTESIAN_POINT('',(195.71250001733,71.655905408893,12.7));
#1617 = CARTESIAN_POINT('',(195.56123888136,71.743289306446,12.7));
#1618 = CARTESIAN_POINT('',(195.37343981789,71.767317391374,12.7));
#1619 = CARTESIAN_POINT('',(195.18160580325,71.708264032961,12.7));
#1620 = CARTESIAN_POINT('',(195.03537368331,71.571437626397,12.7));
#1621 = CARTESIAN_POINT('',(194.9625,71.39707726542,12.7));
#1622 = CARTESIAN_POINT('',(194.9625,71.222628776591,12.7));
#1623 = PCURVE('',#100,#1624);
#1624 = DEFINITIONAL_REPRESENTATION('',(#1625),#1633);
#1625 = B_SPLINE_CURVE_WITH_KNOTS('',6,(#1626,#1627,#1628,#1629,#1630,
    #1631,#1632),.UNSPECIFIED.,.F.,.F.,(7,7),(0.,2.09465904264),
  .PIECEWISE_BEZIER_KNOTS.);
#1626 = CARTESIAN_POINT('',(195.71250001733,71.655905408893));
#1627 = CARTESIAN_POINT('',(195.56123888136,71.743289306446));
#1628 = CARTESIAN_POINT('',(195.37343981789,71.767317391374));
#1629 = CARTESIAN_POINT('',(195.18160580325,71.708264032961));
#1630 = CARTESIAN_POINT('',(195.03537368331,71.571437626397));
#1631 = CARTESIAN_POINT('',(194.9625,71.39707726542));
#1632 = CARTESIAN_POINT('',(194.9625,71.222628776591));
#1633 = ( GEOMETRIC_REPRESENTATION_CONTEXT(2) 
PARAMETRIC_REPRESENTATION_CONTEXT() REPRESENTATION_CONTEXT('2D SPACE',''
  ) );
#1634 = PCURVE('',#1635,#1657);
#1635 = ( BOUNDED_SURFACE() B_SPLINE_SURFACE(2,6,(
    (#1636,#1637,#1638,#1639,#1640,#1641,#1642)
    ,(#1643,#1644,#1645,#1646,#1647,#1648,#1649)
    ,(#1650,#1651,#1652,#1653,#1654,#1655,#1656
)),.UNSPECIFIED.,.F.,.F.,.F.) B_SPLINE_SURFACE_WITH_KNOTS((3,3),(7,7),(
    0.,2.09465904264),(0.,2.09465904264),.PIECEWISE_BEZIER_KNOTS.) 
GEOMETRIC_REPRESENTATION_ITEM() RATIONAL_B_SPLINE_SURFACE((
    (1.,1.,1.,1.,1.,1.,1.)
    ,(0.696339051747,0.694147612644,0.69353366164,0.695043379923
      ,0.698499787525,0.702816197344,0.707106781187)
,(1.,1.,1.,1.,1.,1.,1.))) REPRESENTATION_ITEM('') SURFACE() );
#1636 = CARTESIAN_POINT('',(195.71250001733,71.655905408893,12.7));
#1637 = CARTESIAN_POINT('',(195.56123888136,71.743289306446,12.7));
#1638 = CARTESIAN_POINT('',(195.37343981789,71.767317391374,12.7));
#1639 = CARTESIAN_POINT('',(195.18160580325,71.708264032961,12.7));
#1640 = CARTESIAN_POINT('',(195.03537368331,71.571437626397,12.7));
#1641 = CARTESIAN_POINT('',(194.9625,71.39707726542,12.7));
#1642 = CARTESIAN_POINT('',(194.9625,71.222628776591,12.7));
#1643 = CARTESIAN_POINT('',(195.55782513653,71.388163881781,12.7));
#1644 = CARTESIAN_POINT('',(195.49890478575,71.420013718499,12.7));
#1645 = CARTESIAN_POINT('',(195.42823899493,71.427603257012,12.7));
#1646 = CARTESIAN_POINT('',(195.35829126303,71.407165180075,12.7));
#1647 = CARTESIAN_POINT('',(195.2993220202,71.359781074774,12.7));
#1648 = CARTESIAN_POINT('',(195.26616290691,71.292769915823,12.7));
#1649 = CARTESIAN_POINT('',(195.2625,71.222628776591,12.7));
#1650 = CARTESIAN_POINT('',(195.56250000693,71.396256061542,
    12.390932844992));
#1651 = CARTESIAN_POINT('',(195.50191271117,71.43132142448,
    12.38910166344));
#1652 = CARTESIAN_POINT('',(195.42661743643,71.440993894436,
    12.388596555463));
#1653 = CARTESIAN_POINT('',(195.34959580951,71.417012530896,
    12.389848789175));
#1654 = CARTESIAN_POINT('',(195.2915022,71.361995548067,12.392722005996)
  );
#1655 = CARTESIAN_POINT('',(195.2625,71.292344313288,12.396359318883));
#1656 = CARTESIAN_POINT('',(195.2625,71.222628776591,12.4));
#1657 = DEFINITIONAL_REPRESENTATION('',(#1658),#1662);
#1658 = LINE('',#1659,#1660);
#1659 = CARTESIAN_POINT('',(0.,0.));
#1660 = VECTOR('',#1661,1.);
#1661 = DIRECTION('',(0.,1.));
#1662 = ( GEOMETRIC_REPRESENTATION_CONTEXT(2) 
PARAMETRIC_REPRESENTATION_CONTEXT() REPRESENTATION_CONTEXT('2D SPACE',''
  ) );
#1663 = ORIENTED_EDGE('',*,*,#1664,.T.);
#1664 = EDGE_CURVE('',#1612,#1665,#1667,.T.);
#1665 = VERTEX_POINT('',#1666);
#1666 = CARTESIAN_POINT('',(207.92672250115,64.599721681506,12.7));
#1667 = SURFACE_CURVE('',#1668,(#1672,#1679),.PCURVE_S1.);
#1668 = LINE('',#1669,#1670);
#1669 = CARTESIAN_POINT('',(195.4171748808,71.826515402731,12.7));
#1670 = VECTOR('',#1671,1.);
#1671 = DIRECTION('',(0.865893403497,-0.50022856154,0.));
#1672 = PCURVE('',#100,#1673);
#1673 = DEFINITIONAL_REPRESENTATION('',(#1674),#1678);
#1674 = LINE('',#1675,#1676);
#1675 = CARTESIAN_POINT('',(195.4171748808,71.826515402731));
#1676 = VECTOR('',#1677,1.);
#1677 = DIRECTION('',(0.865893403497,-0.50022856154));
#1678 = ( GEOMETRIC_REPRESENTATION_CONTEXT(2) 
PARAMETRIC_REPRESENTATION_CONTEXT() REPRESENTATION_CONTEXT('2D SPACE',''
  ) );
#1679 = PCURVE('',#1680,#1685);
#1680 = CYLINDRICAL_SURFACE('',#1681,0.3);
#1681 = AXIS2_PLACEMENT_3D('',#1682,#1683,#1684);
#1682 = CARTESIAN_POINT('',(195.4171748808,71.826515402731,12.4));
#1683 = DIRECTION('',(0.865893403497,-0.50022856154,0.));
#1684 = DIRECTION('',(0.,0.,1.));
#1685 = DEFINITIONAL_REPRESENTATION('',(#1686),#1690);
#1686 = LINE('',#1687,#1688);
#1687 = CARTESIAN_POINT('',(0.,0.));
#1688 = VECTOR('',#1689,1.);
#1689 = DIRECTION('',(0.,1.));
#1690 = ( GEOMETRIC_REPRESENTATION_CONTEXT(2) 
PARAMETRIC_REPRESENTATION_CONTEXT() REPRESENTATION_CONTEXT('2D SPACE',''
  ) );
#1691 = ORIENTED_EDGE('',*,*,#1692,.T.);
#1692 = EDGE_CURVE('',#1665,#1693,#1695,.T.);
#1693 = VERTEX_POINT('',#1694);
#1694 = CARTESIAN_POINT('',(207.9625,64.741887382267,12.7));
#1695 = SURFACE_CURVE('',#1696,(#1701,#1708),.PCURVE_S1.);
#1696 = ELLIPSE('',#1697,0.30018286329,0.3);
#1697 = AXIS2_PLACEMENT_3D('',#1698,#1699,#1700);
#1698 = CARTESIAN_POINT('',(207.6625,64.741887382267,12.7));
#1699 = DIRECTION('',(0.,0.,1.));
#1700 = DIRECTION('',(0.,-1.,0.));
#1701 = PCURVE('',#100,#1702);
#1702 = DEFINITIONAL_REPRESENTATION('',(#1703),#1707);
#1703 = ELLIPSE('',#1704,0.30018286329,0.3);
#1704 = AXIS2_PLACEMENT_2D('',#1705,#1706);
#1705 = CARTESIAN_POINT('',(207.6625,64.741887382267));
#1706 = DIRECTION('',(0.,-1.));
#1707 = ( GEOMETRIC_REPRESENTATION_CONTEXT(2) 
PARAMETRIC_REPRESENTATION_CONTEXT() REPRESENTATION_CONTEXT('2D SPACE',''
  ) );
#1708 = PCURVE('',#431,#1709);
#1709 = DEFINITIONAL_REPRESENTATION('',(#1710),#1717);
#1710 = B_SPLINE_CURVE_WITH_KNOTS('',5,(#1711,#1712,#1713,#1714,#1715,
    #1716),.UNSPECIFIED.,.F.,.F.,(6,6),(1.07742596457,1.570796326795),
  .PIECEWISE_BEZIER_KNOTS.);
#1711 = CARTESIAN_POINT('',(5.789814944955,12.694557359062));
#1712 = CARTESIAN_POINT('',(5.8884890174,12.693646907895));
#1713 = CARTESIAN_POINT('',(5.987163089845,12.692676072824));
#1714 = CARTESIAN_POINT('',(6.08583716229,12.691663313375));
#1715 = CARTESIAN_POINT('',(6.184511234735,12.690629580018));
#1716 = CARTESIAN_POINT('',(6.28318530718,12.689595847657));
#1717 = ( GEOMETRIC_REPRESENTATION_CONTEXT(2) 
PARAMETRIC_REPRESENTATION_CONTEXT() REPRESENTATION_CONTEXT('2D SPACE',''
  ) );
#1718 = ORIENTED_EDGE('',*,*,#1719,.T.);
#1719 = EDGE_CURVE('',#1693,#1720,#1722,.T.);
#1720 = VERTEX_POINT('',#1721);
#1721 = CARTESIAN_POINT('',(207.9625,90.410196957194,12.7));
#1722 = SURFACE_CURVE('',#1723,(#1727,#1734),.PCURVE_S1.);
#1723 = LINE('',#1724,#1725);
#1724 = CARTESIAN_POINT('',(207.9625,66.109805530783,12.7));
#1725 = VECTOR('',#1726,1.);
#1726 = DIRECTION('',(0.,1.,0.));
#1727 = PCURVE('',#100,#1728);
#1728 = DEFINITIONAL_REPRESENTATION('',(#1729),#1733);
#1729 = LINE('',#1730,#1731);
#1730 = CARTESIAN_POINT('',(207.9625,66.109805530783));
#1731 = VECTOR('',#1732,1.);
#1732 = DIRECTION('',(0.,1.));
#1733 = ( GEOMETRIC_REPRESENTATION_CONTEXT(2) 
PARAMETRIC_REPRESENTATION_CONTEXT() REPRESENTATION_CONTEXT('2D SPACE',''
  ) );
#1734 = PCURVE('',#462,#1735);
#1735 = DEFINITIONAL_REPRESENTATION('',(#1736),#1740);
#1736 = LINE('',#1737,#1738);
#1737 = CARTESIAN_POINT('',(6.337445111782,66.109805530777));
#1738 = VECTOR('',#1739,1.);
#1739 = DIRECTION('',(0.,-1.));
#1740 = ( GEOMETRIC_REPRESENTATION_CONTEXT(2) 
PARAMETRIC_REPRESENTATION_CONTEXT() REPRESENTATION_CONTEXT('2D SPACE',''
  ) );
#1741 = ORIENTED_EDGE('',*,*,#1742,.F.);
#1742 = EDGE_CURVE('',#1743,#1720,#1745,.T.);
#1743 = VERTEX_POINT('',#1744);
#1744 = CARTESIAN_POINT('',(189.99999999999,87.92073677838,12.7));
#1745 = SURFACE_CURVE('',#1746,(#1798,#1853),.PCURVE_S1.);
#1746 = B_SPLINE_CURVE_WITH_KNOTS('',8,(#1747,#1748,#1749,#1750,#1751,
    #1752,#1753,#1754,#1755,#1756,#1757,#1758,#1759,#1760,#1761,#1762,
    #1763,#1764,#1765,#1766,#1767,#1768,#1769,#1770,#1771,#1772,#1773,
    #1774,#1775,#1776,#1777,#1778,#1779,#1780,#1781,#1782,#1783,#1784,
    #1785,#1786,#1787,#1788,#1789,#1790,#1791,#1792,#1793,#1794,#1795,
    #1796,#1797),.UNSPECIFIED.,.F.,.F.,(9,7,7,7,7,7,7,9),(0.,
    0.213683802857,0.419775631631,0.60751072154,0.770858336379,
    0.867872563734,0.94940045527,1.),.UNSPECIFIED.);
#1747 = CARTESIAN_POINT('',(-4.38927617708E-11,76.2,12.7));
#1748 = CARTESIAN_POINT('',(11.093899923116,76.2,12.7));
#1749 = CARTESIAN_POINT('',(22.187766370482,76.286504351476,12.7));
#1750 = CARTESIAN_POINT('',(33.280858547151,76.459511354054,12.7));
#1751 = CARTESIAN_POINT('',(44.372395004459,76.719367138886,12.7));
#1752 = CARTESIAN_POINT('',(55.461553709316,77.066759510801,12.7));
#1753 = CARTESIAN_POINT('',(66.547471420915,77.502734292548,12.7));
#1754 = CARTESIAN_POINT('',(77.629242374833,78.028734171142,12.7));
#1755 = CARTESIAN_POINT('',(99.389046910581,79.242631626526,12.7));
#1756 = CARTESIAN_POINT('',(110.06734283196,79.924108076178,12.7));
#1757 = CARTESIAN_POINT('',(120.73999038733,80.692795895866,12.7));
#1758 = CARTESIAN_POINT('',(131.40602988724,81.550794456941,12.7));
#1759 = CARTESIAN_POINT('',(142.06435047046,82.500650921073,12.7));
#1760 = CARTESIAN_POINT('',(152.71368384884,83.545429728161,12.7));
#1761 = CARTESIAN_POINT('',(163.35259343489,84.688834397755,12.7));
#1762 = CARTESIAN_POINT('',(183.65977548379,87.07097021057,12.7));
#1763 = CARTESIAN_POINT('',(193.32990098246,88.292115783537,12.7));
#1764 = CARTESIAN_POINT('',(202.9887205826,89.602309041927,12.7));
#1765 = CARTESIAN_POINT('',(212.6347833364,91.005562729818,12.7));
#1766 = CARTESIAN_POINT('',(222.26627524077,92.506593359853,12.7));
#1767 = CARTESIAN_POINT('',(231.88099528891,94.110973940616,12.7));
#1768 = CARTESIAN_POINT('',(241.47630884073,95.825431902012,12.7));
#1769 = CARTESIAN_POINT('',(259.37826865579,99.253312409417,12.7));
#1770 = CARTESIAN_POINT('',(267.68987026017,100.93783782429,12.7));
#1771 = CARTESIAN_POINT('',(275.98214817103,102.71762856028,12.7));
#1772 = CARTESIAN_POINT('',(284.2525628622,104.59923790039,12.7));
#1773 = CARTESIAN_POINT('',(292.49769380766,106.59037232105,12.7));
#1774 = CARTESIAN_POINT('',(300.71311833848,108.70037540301,12.7));
#1775 = CARTESIAN_POINT('',(308.89328310997,110.9407553632,12.7));
#1776 = CARTESIAN_POINT('',(321.86416991386,114.74429140918,12.7));
#1777 = CARTESIAN_POINT('',(326.68201474165,116.21291081111,12.7));
#1778 = CARTESIAN_POINT('',(331.4831888781,117.73617682961,12.7));
#1779 = CARTESIAN_POINT('',(336.26582220495,119.31777805222,12.7));
#1780 = CARTESIAN_POINT('',(341.0275181814,120.9619568204,12.7));
#1781 = CARTESIAN_POINT('',(345.76530671892,122.67364521411,12.7));
#1782 = CARTESIAN_POINT('',(350.47554526889,124.45875037222,12.7));
#1783 = CARTESIAN_POINT('',(359.08510827199,127.89286653839,12.7));
#1784 = CARTESIAN_POINT('',(362.9932202662,129.51786273318,12.7));
#1785 = CARTESIAN_POINT('',(366.87582224248,131.20430872558,12.7));
#1786 = CARTESIAN_POINT('',(370.72960870368,132.95735855368,12.7));
#1787 = CARTESIAN_POINT('',(374.55012138585,134.78289813892,12.7));
#1788 = CARTESIAN_POINT('',(378.331571066,136.6879058076,12.7));
#1789 = CARTESIAN_POINT('',(382.06665826451,138.68082471402,12.7));
#1790 = CARTESIAN_POINT('',(388.02934571533,142.07149548404,12.7));
#1791 = CARTESIAN_POINT('',(390.29084956094,143.40796755409,12.7));
#1792 = CARTESIAN_POINT('',(392.52828307925,144.78519922835,12.7));
#1793 = CARTESIAN_POINT('',(394.73880422656,146.20617167035,12.7));
#1794 = CARTESIAN_POINT('',(396.91876726624,147.67415917973,12.7));
#1795 = CARTESIAN_POINT('',(399.06366502215,149.19281451176,12.7));
#1796 = CARTESIAN_POINT('',(401.16799913293,150.76636046146,12.7));
#1797 = CARTESIAN_POINT('',(403.22499999999,152.4,12.7));
#1798 = PCURVE('',#100,#1799);
#1799 = DEFINITIONAL_REPRESENTATION('',(#1800),#1852);
#1800 = B_SPLINE_CURVE_WITH_KNOTS('',8,(#1801,#1802,#1803,#1804,#1805,
    #1806,#1807,#1808,#1809,#1810,#1811,#1812,#1813,#1814,#1815,#1816,
    #1817,#1818,#1819,#1820,#1821,#1822,#1823,#1824,#1825,#1826,#1827,
    #1828,#1829,#1830,#1831,#1832,#1833,#1834,#1835,#1836,#1837,#1838,
    #1839,#1840,#1841,#1842,#1843,#1844,#1845,#1846,#1847,#1848,#1849,
    #1850,#1851),.UNSPECIFIED.,.F.,.F.,(9,7,7,7,7,7,7,9),(0.,
    0.213683802857,0.419775631631,0.60751072154,0.770858336379,
    0.867872563734,0.94940045527,1.),.UNSPECIFIED.);
#1801 = CARTESIAN_POINT('',(-4.38927617708E-11,76.2));
#1802 = CARTESIAN_POINT('',(11.093899923116,76.2));
#1803 = CARTESIAN_POINT('',(22.187766370482,76.286504351476));
#1804 = CARTESIAN_POINT('',(33.280858547151,76.459511354054));
#1805 = CARTESIAN_POINT('',(44.372395004459,76.719367138886));
#1806 = CARTESIAN_POINT('',(55.461553709316,77.066759510801));
#1807 = CARTESIAN_POINT('',(66.547471420915,77.502734292548));
#1808 = CARTESIAN_POINT('',(77.629242374833,78.028734171142));
#1809 = CARTESIAN_POINT('',(99.389046910581,79.242631626526));
#1810 = CARTESIAN_POINT('',(110.06734283196,79.924108076178));
#1811 = CARTESIAN_POINT('',(120.73999038733,80.692795895866));
#1812 = CARTESIAN_POINT('',(131.40602988724,81.550794456941));
#1813 = CARTESIAN_POINT('',(142.06435047046,82.500650921073));
#1814 = CARTESIAN_POINT('',(152.71368384884,83.545429728161));
#1815 = CARTESIAN_POINT('',(163.35259343489,84.688834397755));
#1816 = CARTESIAN_POINT('',(183.65977548379,87.07097021057));
#1817 = CARTESIAN_POINT('',(193.32990098246,88.292115783537));
#1818 = CARTESIAN_POINT('',(202.9887205826,89.602309041927));
#1819 = CARTESIAN_POINT('',(212.6347833364,91.005562729818));
#1820 = CARTESIAN_POINT('',(222.26627524077,92.506593359853));
#1821 = CARTESIAN_POINT('',(231.88099528891,94.110973940616));
#1822 = CARTESIAN_POINT('',(241.47630884073,95.825431902012));
#1823 = CARTESIAN_POINT('',(259.37826865579,99.253312409417));
#1824 = CARTESIAN_POINT('',(267.68987026017,100.93783782429));
#1825 = CARTESIAN_POINT('',(275.98214817103,102.71762856028));
#1826 = CARTESIAN_POINT('',(284.2525628622,104.59923790039));
#1827 = CARTESIAN_POINT('',(292.49769380766,106.59037232105));
#1828 = CARTESIAN_POINT('',(300.71311833848,108.70037540301));
#1829 = CARTESIAN_POINT('',(308.89328310997,110.9407553632));
#1830 = CARTESIAN_POINT('',(321.86416991386,114.74429140918));
#1831 = CARTESIAN_POINT('',(326.68201474165,116.21291081111));
#1832 = CARTESIAN_POINT('',(331.4831888781,117.73617682961));
#1833 = CARTESIAN_POINT('',(336.26582220495,119.31777805222));
#1834 = CARTESIAN_POINT('',(341.0275181814,120.9619568204));
#1835 = CARTESIAN_POINT('',(345.76530671892,122.67364521411));
#1836 = CARTESIAN_POINT('',(350.47554526889,124.45875037222));
#1837 = CARTESIAN_POINT('',(359.08510827199,127.89286653839));
#1838 = CARTESIAN_POINT('',(362.9932202662,129.51786273318));
#1839 = CARTESIAN_POINT('',(366.87582224248,131.20430872558));
#1840 = CARTESIAN_POINT('',(370.72960870368,132.95735855368));
#1841 = CARTESIAN_POINT('',(374.55012138585,134.78289813892));
#1842 = CARTESIAN_POINT('',(378.331571066,136.6879058076));
#1843 = CARTESIAN_POINT('',(382.06665826451,138.68082471402));
#1844 = CARTESIAN_POINT('',(388.02934571533,142.07149548404));
#1845 = CARTESIAN_POINT('',(390.29084956094,143.40796755409));
#1846 = CARTESIAN_POINT('',(392.52828307925,144.78519922835));
#1847 = CARTESIAN_POINT('',(394.73880422656,146.20617167035));
#1848 = CARTESIAN_POINT('',(396.91876726624,147.67415917973));
#1849 = CARTESIAN_POINT('',(399.06366502215,149.19281451176));
#1850 = CARTESIAN_POINT('',(401.16799913293,150.76636046146));
#1851 = CARTESIAN_POINT('',(403.22499999999,152.4));
#1852 = ( GEOMETRIC_REPRESENTATION_CONTEXT(2) 
PARAMETRIC_REPRESENTATION_CONTEXT() REPRESENTATION_CONTEXT('2D SPACE',''
  ) );
#1853 = PCURVE('',#495,#1854);
#1854 = DEFINITIONAL_REPRESENTATION('',(#1855),#1907);
#1855 = B_SPLINE_CURVE_WITH_KNOTS('',8,(#1856,#1857,#1858,#1859,#1860,
    #1861,#1862,#1863,#1864,#1865,#1866,#1867,#1868,#1869,#1870,#1871,
    #1872,#1873,#1874,#1875,#1876,#1877,#1878,#1879,#1880,#1881,#1882,
    #1883,#1884,#1885,#1886,#1887,#1888,#1889,#1890,#1891,#1892,#1893,
    #1894,#1895,#1896,#1897,#1898,#1899,#1900,#1901,#1902,#1903,#1904,
    #1905,#1906),.UNSPECIFIED.,.F.,.F.,(9,7,7,7,7,7,7,9),(0.,
    0.213683802857,0.419775631631,0.60751072154,0.770858336379,
    0.867872563734,0.94940045527,1.),.UNSPECIFIED.);
#1856 = CARTESIAN_POINT('',(1.570796326795,-12.7));
#1857 = CARTESIAN_POINT('',(1.544659046301,-12.7));
#1858 = CARTESIAN_POINT('',(1.518521841687,-12.7));
#1859 = CARTESIAN_POINT('',(1.492359262883,-12.7));
#1860 = CARTESIAN_POINT('',(1.466145920387,-12.7));
#1861 = CARTESIAN_POINT('',(1.439856056602,-12.7));
#1862 = CARTESIAN_POINT('',(1.413463026379,-12.7));
#1863 = CARTESIAN_POINT('',(1.386938686774,-12.7));
#1864 = CARTESIAN_POINT('',(1.334514832101,-12.7));
#1865 = CARTESIAN_POINT('',(1.308626822389,-12.7));
#1866 = CARTESIAN_POINT('',(1.282561338381,-12.7));
#1867 = CARTESIAN_POINT('',(1.256289387134,-12.7));
#1868 = CARTESIAN_POINT('',(1.229779626342,-12.7));
#1869 = CARTESIAN_POINT('',(1.202997611253,-12.7));
#1870 = CARTESIAN_POINT('',(1.175904635672,-12.7));
#1871 = CARTESIAN_POINT('',(1.123451906784,-12.7));
#1872 = CARTESIAN_POINT('',(1.098153231685,-12.7));
#1873 = CARTESIAN_POINT('',(1.072525584775,-12.7));
#1874 = CARTESIAN_POINT('',(1.04653109117,-12.7));
#1875 = CARTESIAN_POINT('',(1.020126859112,-12.7));
#1876 = CARTESIAN_POINT('',(0.993263572991,-12.7));
#1877 = CARTESIAN_POINT('',(0.965882853592,-12.7));
#1878 = CARTESIAN_POINT('',(0.913575033949,-12.7));
#1879 = CARTESIAN_POINT('',(0.888792781493,-12.7));
#1880 = CARTESIAN_POINT('',(0.863516716119,-12.7));
#1881 = CARTESIAN_POINT('',(0.837691308987,-12.7));
#1882 = CARTESIAN_POINT('',(0.811252124102,-12.7));
#1883 = CARTESIAN_POINT('',(0.784121455363,-12.7));
#1884 = CARTESIAN_POINT('',(0.756203619722,-12.7));
#1885 = CARTESIAN_POINT('',(0.710243063444,-12.7));
#1886 = CARTESIAN_POINT('',(0.692795169592,-12.7));
#1887 = CARTESIAN_POINT('',(0.674997333274,-12.7));
#1888 = CARTESIAN_POINT('',(0.656818773254,-12.7));
#1889 = CARTESIAN_POINT('',(0.638224192537,-12.7));
#1890 = CARTESIAN_POINT('',(0.619172527471,-12.7));
#1891 = CARTESIAN_POINT('',(0.599614374024,-12.7));
#1892 = CARTESIAN_POINT('',(0.562572055836,-12.7));
#1893 = CARTESIAN_POINT('',(0.545257914966,-12.7));
#1894 = CARTESIAN_POINT('',(0.527505238696,-12.7));
#1895 = CARTESIAN_POINT('',(0.509270517369,-12.7));
#1896 = CARTESIAN_POINT('',(0.490504281668,-12.7));
#1897 = CARTESIAN_POINT('',(0.471147745129,-12.7));
#1898 = CARTESIAN_POINT('',(0.451129340945,-12.7));
#1899 = CARTESIAN_POINT('',(0.417456181315,-12.7));
#1900 = CARTESIAN_POINT('',(0.404270757625,-12.7));
#1901 = CARTESIAN_POINT('',(0.390771386308,-12.7));
#1902 = CARTESIAN_POINT('',(0.376932531051,-12.7));
#1903 = CARTESIAN_POINT('',(0.362726217078,-12.7));
#1904 = CARTESIAN_POINT('',(0.348121176615,-12.7));
#1905 = CARTESIAN_POINT('',(0.33308102269,-12.7));
#1906 = CARTESIAN_POINT('',(0.317560429292,-12.7));
#1907 = ( GEOMETRIC_REPRESENTATION_CONTEXT(2) 
PARAMETRIC_REPRESENTATION_CONTEXT() REPRESENTATION_CONTEXT('2D SPACE',''
  ) );
#1908 = ORIENTED_EDGE('',*,*,#1909,.F.);
#1909 = EDGE_CURVE('',#1447,#1743,#1910,.T.);
#1910 = SURFACE_CURVE('',#1911,(#1963,#2018),.PCURVE_S1.);
#1911 = B_SPLINE_CURVE_WITH_KNOTS('',8,(#1912,#1913,#1914,#1915,#1916,
    #1917,#1918,#1919,#1920,#1921,#1922,#1923,#1924,#1925,#1926,#1927,
    #1928,#1929,#1930,#1931,#1932,#1933,#1934,#1935,#1936,#1937,#1938,
    #1939,#1940,#1941,#1942,#1943,#1944,#1945,#1946,#1947,#1948,#1949,
    #1950,#1951,#1952,#1953,#1954,#1955,#1956,#1957,#1958,#1959,#1960,
    #1961,#1962),.UNSPECIFIED.,.F.,.F.,(9,7,7,7,7,7,7,9),(0.,
    0.213683802857,0.419775631631,0.60751072154,0.770858336379,
    0.867872563734,0.94940045527,1.),.UNSPECIFIED.);
#1912 = CARTESIAN_POINT('',(-4.38927617708E-11,76.2,12.7));
#1913 = CARTESIAN_POINT('',(11.093899923116,76.2,12.7));
#1914 = CARTESIAN_POINT('',(22.187766370482,76.286504351476,12.7));
#1915 = CARTESIAN_POINT('',(33.280858547151,76.459511354054,12.7));
#1916 = CARTESIAN_POINT('',(44.372395004459,76.719367138886,12.7));
#1917 = CARTESIAN_POINT('',(55.461553709316,77.066759510801,12.7));
#1918 = CARTESIAN_POINT('',(66.547471420915,77.502734292548,12.7));
#1919 = CARTESIAN_POINT('',(77.629242374833,78.028734171142,12.7));
#1920 = CARTESIAN_POINT('',(99.389046910581,79.242631626526,12.7));
#1921 = CARTESIAN_POINT('',(110.06734283196,79.924108076178,12.7));
#1922 = CARTESIAN_POINT('',(120.73999038733,80.692795895866,12.7));
#1923 = CARTESIAN_POINT('',(131.40602988724,81.550794456941,12.7));
#1924 = CARTESIAN_POINT('',(142.06435047046,82.500650921073,12.7));
#1925 = CARTESIAN_POINT('',(152.71368384884,83.545429728161,12.7));
#1926 = CARTESIAN_POINT('',(163.35259343489,84.688834397755,12.7));
#1927 = CARTESIAN_POINT('',(183.65977548379,87.07097021057,12.7));
#1928 = CARTESIAN_POINT('',(193.32990098246,88.292115783537,12.7));
#1929 = CARTESIAN_POINT('',(202.9887205826,89.602309041927,12.7));
#1930 = CARTESIAN_POINT('',(212.6347833364,91.005562729818,12.7));
#1931 = CARTESIAN_POINT('',(222.26627524077,92.506593359853,12.7));
#1932 = CARTESIAN_POINT('',(231.88099528891,94.110973940616,12.7));
#1933 = CARTESIAN_POINT('',(241.47630884073,95.825431902012,12.7));
#1934 = CARTESIAN_POINT('',(259.37826865579,99.253312409417,12.7));
#1935 = CARTESIAN_POINT('',(267.68987026017,100.93783782429,12.7));
#1936 = CARTESIAN_POINT('',(275.98214817103,102.71762856028,12.7));
#1937 = CARTESIAN_POINT('',(284.2525628622,104.59923790039,12.7));
#1938 = CARTESIAN_POINT('',(292.49769380766,106.59037232105,12.7));
#1939 = CARTESIAN_POINT('',(300.71311833848,108.70037540301,12.7));
#1940 = CARTESIAN_POINT('',(308.89328310997,110.9407553632,12.7));
#1941 = CARTESIAN_POINT('',(321.86416991386,114.74429140918,12.7));
#1942 = CARTESIAN_POINT('',(326.68201474165,116.21291081111,12.7));
#1943 = CARTESIAN_POINT('',(331.4831888781,117.73617682961,12.7));
#1944 = CARTESIAN_POINT('',(336.26582220495,119.31777805222,12.7));
#1945 = CARTESIAN_POINT('',(341.0275181814,120.9619568204,12.7));
#1946 = CARTESIAN_POINT('',(345.76530671892,122.67364521411,12.7));
#1947 = CARTESIAN_POINT('',(350.47554526889,124.45875037222,12.7));
#1948 = CARTESIAN_POINT('',(359.08510827199,127.89286653839,12.7));
#1949 = CARTESIAN_POINT('',(362.9932202662,129.51786273318,12.7));
#1950 = CARTESIAN_POINT('',(366.87582224248,131.20430872558,12.7));
#1951 = CARTESIAN_POINT('',(370.72960870368,132.95735855368,12.7));
#1952 = CARTESIAN_POINT('',(374.55012138585,134.78289813892,12.7));
#1953 = CARTESIAN_POINT('',(378.331571066,136.6879058076,12.7));
#1954 = CARTESIAN_POINT('',(382.06665826451,138.68082471402,12.7));
#1955 = CARTESIAN_POINT('',(388.02934571533,142.07149548404,12.7));
#1956 = CARTESIAN_POINT('',(390.29084956094,143.40796755409,12.7));
#1957 = CARTESIAN_POINT('',(392.52828307925,144.78519922835,12.7));
#1958 = CARTESIAN_POINT('',(394.73880422656,146.20617167035,12.7));
#1959 = CARTESIAN_POINT('',(396.91876726624,147.67415917973,12.7));
#1960 = CARTESIAN_POINT('',(399.06366502215,149.19281451176,12.7));
#1961 = CARTESIAN_POINT('',(401.16799913293,150.76636046146,12.7));
#1962 = CARTESIAN_POINT('',(403.22499999999,152.4,12.7));
#1963 = PCURVE('',#100,#1964);
#1964 = DEFINITIONAL_REPRESENTATION('',(#1965),#2017);
#1965 = B_SPLINE_CURVE_WITH_KNOTS('',8,(#1966,#1967,#1968,#1969,#1970,
    #1971,#1972,#1973,#1974,#1975,#1976,#1977,#1978,#1979,#1980,#1981,
    #1982,#1983,#1984,#1985,#1986,#1987,#1988,#1989,#1990,#1991,#1992,
    #1993,#1994,#1995,#1996,#1997,#1998,#1999,#2000,#2001,#2002,#2003,
    #2004,#2005,#2006,#2007,#2008,#2009,#2010,#2011,#2012,#2013,#2014,
    #2015,#2016),.UNSPECIFIED.,.F.,.F.,(9,7,7,7,7,7,7,9),(0.,
    0.213683802857,0.419775631631,0.60751072154,0.770858336379,
    0.867872563734,0.94940045527,1.),.UNSPECIFIED.);
#1966 = CARTESIAN_POINT('',(-4.38927617708E-11,76.2));
#1967 = CARTESIAN_POINT('',(11.093899923116,76.2));
#1968 = CARTESIAN_POINT('',(22.187766370482,76.286504351476));
#1969 = CARTESIAN_POINT('',(33.280858547151,76.459511354054));
#1970 = CARTESIAN_POINT('',(44.372395004459,76.719367138886));
#1971 = CARTESIAN_POINT('',(55.461553709316,77.066759510801));
#1972 = CARTESIAN_POINT('',(66.547471420915,77.502734292548));
#1973 = CARTESIAN_POINT('',(77.629242374833,78.028734171142));
#1974 = CARTESIAN_POINT('',(99.389046910581,79.242631626526));
#1975 = CARTESIAN_POINT('',(110.06734283196,79.924108076178));
#1976 = CARTESIAN_POINT('',(120.73999038733,80.692795895866));
#1977 = CARTESIAN_POINT('',(131.40602988724,81.550794456941));
#1978 = CARTESIAN_POINT('',(142.06435047046,82.500650921073));
#1979 = CARTESIAN_POINT('',(152.71368384884,83.545429728161));
#1980 = CARTESIAN_POINT('',(163.35259343489,84.688834397755));
#1981 = CARTESIAN_POINT('',(183.65977548379,87.07097021057));
#1982 = CARTESIAN_POINT('',(193.32990098246,88.292115783537));
#1983 = CARTESIAN_POINT('',(202.9887205826,89.602309041927));
#1984 = CARTESIAN_POINT('',(212.6347833364,91.005562729818));
#1985 = CARTESIAN_POINT('',(222.26627524077,92.506593359853));
#1986 = CARTESIAN_POINT('',(231.88099528891,94.110973940616));
#1987 = CARTESIAN_POINT('',(241.47630884073,95.825431902012));
#1988 = CARTESIAN_POINT('',(259.37826865579,99.253312409417));
#1989 = CARTESIAN_POINT('',(267.68987026017,100.93783782429));
#1990 = CARTESIAN_POINT('',(275.98214817103,102.71762856028));
#1991 = CARTESIAN_POINT('',(284.2525628622,104.59923790039));
#1992 = CARTESIAN_POINT('',(292.49769380766,106.59037232105));
#1993 = CARTESIAN_POINT('',(300.71311833848,108.70037540301));
#1994 = CARTESIAN_POINT('',(308.89328310997,110.9407553632));
#1995 = CARTESIAN_POINT('',(321.86416991386,114.74429140918));
#1996 = CARTESIAN_POINT('',(326.68201474165,116.21291081111));
#1997 = CARTESIAN_POINT('',(331.4831888781,117.73617682961));
#1998 = CARTESIAN_POINT('',(336.26582220495,119.31777805222));
#1999 = CARTESIAN_POINT('',(341.0275181814,120.9619568204));
#2000 = CARTESIAN_POINT('',(345.76530671892,122.67364521411));
#2001 = CARTESIAN_POINT('',(350.47554526889,124.45875037222));
#2002 = CARTESIAN_POINT('',(359.08510827199,127.89286653839));
#2003 = CARTESIAN_POINT('',(362.9932202662,129.51786273318));
#2004 = CARTESIAN_POINT('',(366.87582224248,131.20430872558));
#2005 = CARTESIAN_POINT('',(370.72960870368,132.95735855368));
#2006 = CARTESIAN_POINT('',(374.55012138585,134.78289813892));
#2007 = CARTESIAN_POINT('',(378.331571066,136.6879058076));
#2008 = CARTESIAN_POINT('',(382.06665826451,138.68082471402));
#2009 = CARTESIAN_POINT('',(388.02934571533,142.07149548404));
#2010 = CARTESIAN_POINT('',(390.29084956094,143.40796755409));
#2011 = CARTESIAN_POINT('',(392.52828307925,144.78519922835));
#2012 = CARTESIAN_POINT('',(394.73880422656,146.20617167035));
#2013 = CARTESIAN_POINT('',(396.91876726624,147.67415917973));
#2014 = CARTESIAN_POINT('',(399.06366502215,149.19281451176));
#2015 = CARTESIAN_POINT('',(401.16799913293,150.76636046146));
#2016 = CARTESIAN_POINT('',(403.22499999999,152.4));
#2017 = ( GEOMETRIC_REPRESENTATION_CONTEXT(2) 
PARAMETRIC_REPRESENTATION_CONTEXT() REPRESENTATION_CONTEXT('2D SPACE',''
  ) );
#2018 = PCURVE('',#529,#2019);
#2019 = DEFINITIONAL_REPRESENTATION('',(#2020),#2072);
#2020 = B_SPLINE_CURVE_WITH_KNOTS('',8,(#2021,#2022,#2023,#2024,#2025,
    #2026,#2027,#2028,#2029,#2030,#2031,#2032,#2033,#2034,#2035,#2036,
    #2037,#2038,#2039,#2040,#2041,#2042,#2043,#2044,#2045,#2046,#2047,
    #2048,#2049,#2050,#2051,#2052,#2053,#2054,#2055,#2056,#2057,#2058,
    #2059,#2060,#2061,#2062,#2063,#2064,#2065,#2066,#2067,#2068,#2069,
    #2070,#2071),.UNSPECIFIED.,.F.,.F.,(9,7,7,7,7,7,7,9),(0.,
    0.213683802857,0.419775631631,0.60751072154,0.770858336379,
    0.867872563734,0.94940045527,1.),.UNSPECIFIED.);
#2021 = CARTESIAN_POINT('',(1.570796326795,-12.7));
#2022 = CARTESIAN_POINT('',(1.544659046301,-12.7));
#2023 = CARTESIAN_POINT('',(1.518521841687,-12.7));
#2024 = CARTESIAN_POINT('',(1.492359262883,-12.7));
#2025 = CARTESIAN_POINT('',(1.466145920387,-12.7));
#2026 = CARTESIAN_POINT('',(1.439856056602,-12.7));
#2027 = CARTESIAN_POINT('',(1.413463026379,-12.7));
#2028 = CARTESIAN_POINT('',(1.386938686774,-12.7));
#2029 = CARTESIAN_POINT('',(1.334514832101,-12.7));
#2030 = CARTESIAN_POINT('',(1.308626822389,-12.7));
#2031 = CARTESIAN_POINT('',(1.282561338381,-12.7));
#2032 = CARTESIAN_POINT('',(1.256289387134,-12.7));
#2033 = CARTESIAN_POINT('',(1.229779626342,-12.7));
#2034 = CARTESIAN_POINT('',(1.202997611253,-12.7));
#2035 = CARTESIAN_POINT('',(1.175904635672,-12.7));
#2036 = CARTESIAN_POINT('',(1.123451906784,-12.7));
#2037 = CARTESIAN_POINT('',(1.098153231685,-12.7));
#2038 = CARTESIAN_POINT('',(1.072525584775,-12.7));
#2039 = CARTESIAN_POINT('',(1.04653109117,-12.7));
#2040 = CARTESIAN_POINT('',(1.020126859112,-12.7));
#2041 = CARTESIAN_POINT('',(0.993263572991,-12.7));
#2042 = CARTESIAN_POINT('',(0.965882853592,-12.7));
#2043 = CARTESIAN_POINT('',(0.913575033949,-12.7));
#2044 = CARTESIAN_POINT('',(0.888792781493,-12.7));
#2045 = CARTESIAN_POINT('',(0.863516716119,-12.7));
#2046 = CARTESIAN_POINT('',(0.837691308987,-12.7));
#2047 = CARTESIAN_POINT('',(0.811252124102,-12.7));
#2048 = CARTESIAN_POINT('',(0.784121455363,-12.7));
#2049 = CARTESIAN_POINT('',(0.756203619722,-12.7));
#2050 = CARTESIAN_POINT('',(0.710243063444,-12.7));
#2051 = CARTESIAN_POINT('',(0.692795169592,-12.7));
#2052 = CARTESIAN_POINT('',(0.674997333274,-12.7));
#2053 = CARTESIAN_POINT('',(0.656818773254,-12.7));
#2054 = CARTESIAN_POINT('',(0.638224192537,-12.7));
#2055 = CARTESIAN_POINT('',(0.619172527471,-12.7));
#2056 = CARTESIAN_POINT('',(0.599614374024,-12.7));
#2057 = CARTESIAN_POINT('',(0.562572055836,-12.7));
#2058 = CARTESIAN_POINT('',(0.545257914966,-12.7));
#2059 = CARTESIAN_POINT('',(0.527505238696,-12.7));
#2060 = CARTESIAN_POINT('',(0.509270517369,-12.7));
#2061 = CARTESIAN_POINT('',(0.490504281668,-12.7));
#2062 = CARTESIAN_POINT('',(0.471147745129,-12.7));
#2063 = CARTESIAN_POINT('',(0.451129340945,-12.7));
#2064 = CARTESIAN_POINT('',(0.417456181315,-12.7));
#2065 = CARTESIAN_POINT('',(0.404270757625,-12.7));
#2066 = CARTESIAN_POINT('',(0.390771386308,-12.7));
#2067 = CARTESIAN_POINT('',(0.376932531051,-12.7));
#2068 = CARTESIAN_POINT('',(0.362726217078,-12.7));
#2069 = CARTESIAN_POINT('',(0.348121176615,-12.7));
#2070 = CARTESIAN_POINT('',(0.33308102269,-12.7));
#2071 = CARTESIAN_POINT('',(0.317560429292,-12.7));
#2072 = ( GEOMETRIC_REPRESENTATION_CONTEXT(2) 
PARAMETRIC_REPRESENTATION_CONTEXT() REPRESENTATION_CONTEXT('2D SPACE',''
  ) );
#2073 = FACE_BOUND('',#2074,.T.);
#2074 = EDGE_LOOP('',(#2075,#2100,#2123,#2146,#2169,#2192));
#2075 = ORIENTED_EDGE('',*,*,#2076,.F.);
#2076 = EDGE_CURVE('',#2077,#2079,#2081,.T.);
#2077 = VERTEX_POINT('',#2078);
#2078 = CARTESIAN_POINT('',(43.024435397647,26.,12.7));
#2079 = VERTEX_POINT('',#2080);
#2080 = CARTESIAN_POINT('',(35.749822005857,38.6,12.7));
#2081 = SURFACE_CURVE('',#2082,(#2086,#2093),.PCURVE_S1.);
#2082 = LINE('',#2083,#2084);
#2083 = CARTESIAN_POINT('',(43.024435397647,26.,12.7));
#2084 = VECTOR('',#2085,1.);
#2085 = DIRECTION('',(-0.5,0.866025403784,0.));
#2086 = PCURVE('',#100,#2087);
#2087 = DEFINITIONAL_REPRESENTATION('',(#2088),#2092);
#2088 = LINE('',#2089,#2090);
#2089 = CARTESIAN_POINT('',(43.024435397647,26.));
#2090 = VECTOR('',#2091,1.);
#2091 = DIRECTION('',(-0.5,0.866025403784));
#2092 = ( GEOMETRIC_REPRESENTATION_CONTEXT(2) 
PARAMETRIC_REPRESENTATION_CONTEXT() REPRESENTATION_CONTEXT('2D SPACE',''
  ) );
#2093 = PCURVE('',#564,#2094);
#2094 = DEFINITIONAL_REPRESENTATION('',(#2095),#2099);
#2095 = LINE('',#2096,#2097);
#2096 = CARTESIAN_POINT('',(0.,-12.7));
#2097 = VECTOR('',#2098,1.);
#2098 = DIRECTION('',(1.,0.));
#2099 = ( GEOMETRIC_REPRESENTATION_CONTEXT(2) 
PARAMETRIC_REPRESENTATION_CONTEXT() REPRESENTATION_CONTEXT('2D SPACE',''
  ) );
#2100 = ORIENTED_EDGE('',*,*,#2101,.F.);
#2101 = EDGE_CURVE('',#2102,#2077,#2104,.T.);
#2102 = VERTEX_POINT('',#2103);
#2103 = CARTESIAN_POINT('',(35.749822005857,13.4,12.7));
#2104 = SURFACE_CURVE('',#2105,(#2109,#2116),.PCURVE_S1.);
#2105 = LINE('',#2106,#2107);
#2106 = CARTESIAN_POINT('',(35.749822005857,13.4,12.7));
#2107 = VECTOR('',#2108,1.);
#2108 = DIRECTION('',(0.5,0.866025403784,0.));
#2109 = PCURVE('',#100,#2110);
#2110 = DEFINITIONAL_REPRESENTATION('',(#2111),#2115);
#2111 = LINE('',#2112,#2113);
#2112 = CARTESIAN_POINT('',(35.749822005857,13.4));
#2113 = VECTOR('',#2114,1.);
#2114 = DIRECTION('',(0.5,0.866025403784));
#2115 = ( GEOMETRIC_REPRESENTATION_CONTEXT(2) 
PARAMETRIC_REPRESENTATION_CONTEXT() REPRESENTATION_CONTEXT('2D SPACE',''
  ) );
#2116 = PCURVE('',#592,#2117);
#2117 = DEFINITIONAL_REPRESENTATION('',(#2118),#2122);
#2118 = LINE('',#2119,#2120);
#2119 = CARTESIAN_POINT('',(0.,-12.7));
#2120 = VECTOR('',#2121,1.);
#2121 = DIRECTION('',(1.,0.));
#2122 = ( GEOMETRIC_REPRESENTATION_CONTEXT(2) 
PARAMETRIC_REPRESENTATION_CONTEXT() REPRESENTATION_CONTEXT('2D SPACE',''
  ) );
#2123 = ORIENTED_EDGE('',*,*,#2124,.F.);
#2124 = EDGE_CURVE('',#2125,#2102,#2127,.T.);
#2125 = VERTEX_POINT('',#2126);
#2126 = CARTESIAN_POINT('',(21.200595222279,13.4,12.7));
#2127 = SURFACE_CURVE('',#2128,(#2132,#2139),.PCURVE_S1.);
#2128 = LINE('',#2129,#2130);
#2129 = CARTESIAN_POINT('',(21.200595222279,13.4,12.7));
#2130 = VECTOR('',#2131,1.);
#2131 = DIRECTION('',(1.,-2.441857379535E-16,0.));
#2132 = PCURVE('',#100,#2133);
#2133 = DEFINITIONAL_REPRESENTATION('',(#2134),#2138);
#2134 = LINE('',#2135,#2136);
#2135 = CARTESIAN_POINT('',(21.200595222279,13.4));
#2136 = VECTOR('',#2137,1.);
#2137 = DIRECTION('',(1.,-2.441857379535E-16));
#2138 = ( GEOMETRIC_REPRESENTATION_CONTEXT(2) 
PARAMETRIC_REPRESENTATION_CONTEXT() REPRESENTATION_CONTEXT('2D SPACE',''
  ) );
#2139 = PCURVE('',#620,#2140);
#2140 = DEFINITIONAL_REPRESENTATION('',(#2141),#2145);
#2141 = LINE('',#2142,#2143);
#2142 = CARTESIAN_POINT('',(0.,-12.7));
#2143 = VECTOR('',#2144,1.);
#2144 = DIRECTION('',(1.,0.));
#2145 = ( GEOMETRIC_REPRESENTATION_CONTEXT(2) 
PARAMETRIC_REPRESENTATION_CONTEXT() REPRESENTATION_CONTEXT('2D SPACE',''
  ) );
#2146 = ORIENTED_EDGE('',*,*,#2147,.F.);
#2147 = EDGE_CURVE('',#2148,#2125,#2150,.T.);
#2148 = VERTEX_POINT('',#2149);
#2149 = CARTESIAN_POINT('',(13.925981830489,26.,12.7));
#2150 = SURFACE_CURVE('',#2151,(#2155,#2162),.PCURVE_S1.);
#2151 = LINE('',#2152,#2153);
#2152 = CARTESIAN_POINT('',(13.925981830489,26.,12.7));
#2153 = VECTOR('',#2154,1.);
#2154 = DIRECTION('',(0.5,-0.866025403784,0.));
#2155 = PCURVE('',#100,#2156);
#2156 = DEFINITIONAL_REPRESENTATION('',(#2157),#2161);
#2157 = LINE('',#2158,#2159);
#2158 = CARTESIAN_POINT('',(13.925981830489,26.));
#2159 = VECTOR('',#2160,1.);
#2160 = DIRECTION('',(0.5,-0.866025403784));
#2161 = ( GEOMETRIC_REPRESENTATION_CONTEXT(2) 
PARAMETRIC_REPRESENTATION_CONTEXT() REPRESENTATION_CONTEXT('2D SPACE',''
  ) );
#2162 = PCURVE('',#648,#2163);
#2163 = DEFINITIONAL_REPRESENTATION('',(#2164),#2168);
#2164 = LINE('',#2165,#2166);
#2165 = CARTESIAN_POINT('',(0.,-12.7));
#2166 = VECTOR('',#2167,1.);
#2167 = DIRECTION('',(1.,0.));
#2168 = ( GEOMETRIC_REPRESENTATION_CONTEXT(2) 
PARAMETRIC_REPRESENTATION_CONTEXT() REPRESENTATION_CONTEXT('2D SPACE',''
  ) );
#2169 = ORIENTED_EDGE('',*,*,#2170,.F.);
#2170 = EDGE_CURVE('',#2171,#2148,#2173,.T.);
#2171 = VERTEX_POINT('',#2172);
#2172 = CARTESIAN_POINT('',(21.200595222279,38.6,12.7));
#2173 = SURFACE_CURVE('',#2174,(#2178,#2185),.PCURVE_S1.);
#2174 = LINE('',#2175,#2176);
#2175 = CARTESIAN_POINT('',(21.200595222279,38.6,12.7));
#2176 = VECTOR('',#2177,1.);
#2177 = DIRECTION('',(-0.5,-0.866025403784,0.));
#2178 = PCURVE('',#100,#2179);
#2179 = DEFINITIONAL_REPRESENTATION('',(#2180),#2184);
#2180 = LINE('',#2181,#2182);
#2181 = CARTESIAN_POINT('',(21.200595222279,38.6));
#2182 = VECTOR('',#2183,1.);
#2183 = DIRECTION('',(-0.5,-0.866025403784));
#2184 = ( GEOMETRIC_REPRESENTATION_CONTEXT(2) 
PARAMETRIC_REPRESENTATION_CONTEXT() REPRESENTATION_CONTEXT('2D SPACE',''
  ) );
#2185 = PCURVE('',#676,#2186);
#2186 = DEFINITIONAL_REPRESENTATION('',(#2187),#2191);
#2187 = LINE('',#2188,#2189);
#2188 = CARTESIAN_POINT('',(0.,-12.7));
#2189 = VECTOR('',#2190,1.);
#2190 = DIRECTION('',(1.,0.));
#2191 = ( GEOMETRIC_REPRESENTATION_CONTEXT(2) 
PARAMETRIC_REPRESENTATION_CONTEXT() REPRESENTATION_CONTEXT('2D SPACE',''
  ) );
#2192 = ORIENTED_EDGE('',*,*,#2193,.F.);
#2193 = EDGE_CURVE('',#2079,#2171,#2194,.T.);
#2194 = SURFACE_CURVE('',#2195,(#2199,#2206),.PCURVE_S1.);
#2195 = LINE('',#2196,#2197);
#2196 = CARTESIAN_POINT('',(35.749822005857,38.6,12.7));
#2197 = VECTOR('',#2198,1.);
#2198 = DIRECTION('',(-1.,0.,0.));
#2199 = PCURVE('',#100,#2200);
#2200 = DEFINITIONAL_REPRESENTATION('',(#2201),#2205);
#2201 = LINE('',#2202,#2203);
#2202 = CARTESIAN_POINT('',(35.749822005857,38.6));
#2203 = VECTOR('',#2204,1.);
#2204 = DIRECTION('',(-1.,0.));
#2205 = ( GEOMETRIC_REPRESENTATION_CONTEXT(2) 
PARAMETRIC_REPRESENTATION_CONTEXT() REPRESENTATION_CONTEXT('2D SPACE',''
  ) );
#2206 = PCURVE('',#702,#2207);
#2207 = DEFINITIONAL_REPRESENTATION('',(#2208),#2212);
#2208 = LINE('',#2209,#2210);
#2209 = CARTESIAN_POINT('',(0.,-12.7));
#2210 = VECTOR('',#2211,1.);
#2211 = DIRECTION('',(1.,0.));
#2212 = ( GEOMETRIC_REPRESENTATION_CONTEXT(2) 
PARAMETRIC_REPRESENTATION_CONTEXT() REPRESENTATION_CONTEXT('2D SPACE',''
  ) );
#2213 = FACE_BOUND('',#2214,.T.);
#2214 = EDGE_LOOP('',(#2215,#2240,#2263,#2286,#2309,#2332));
#2215 = ORIENTED_EDGE('',*,*,#2216,.F.);
#2216 = EDGE_CURVE('',#2217,#2219,#2221,.T.);
#2217 = VERTEX_POINT('',#2218);
#2218 = CARTESIAN_POINT('',(99.024435397647,26.,12.7));
#2219 = VERTEX_POINT('',#2220);
#2220 = CARTESIAN_POINT('',(91.749822005857,38.6,12.7));
#2221 = SURFACE_CURVE('',#2222,(#2226,#2233),.PCURVE_S1.);
#2222 = LINE('',#2223,#2224);
#2223 = CARTESIAN_POINT('',(99.024435397647,26.,12.7));
#2224 = VECTOR('',#2225,1.);
#2225 = DIRECTION('',(-0.5,0.866025403784,0.));
#2226 = PCURVE('',#100,#2227);
#2227 = DEFINITIONAL_REPRESENTATION('',(#2228),#2232);
#2228 = LINE('',#2229,#2230);
#2229 = CARTESIAN_POINT('',(99.024435397647,26.));
#2230 = VECTOR('',#2231,1.);
#2231 = DIRECTION('',(-0.5,0.866025403784));
#2232 = ( GEOMETRIC_REPRESENTATION_CONTEXT(2) 
PARAMETRIC_REPRESENTATION_CONTEXT() REPRESENTATION_CONTEXT('2D SPACE',''
  ) );
#2233 = PCURVE('',#734,#2234);
#2234 = DEFINITIONAL_REPRESENTATION('',(#2235),#2239);
#2235 = LINE('',#2236,#2237);
#2236 = CARTESIAN_POINT('',(0.,-12.7));
#2237 = VECTOR('',#2238,1.);
#2238 = DIRECTION('',(1.,0.));
#2239 = ( GEOMETRIC_REPRESENTATION_CONTEXT(2) 
PARAMETRIC_REPRESENTATION_CONTEXT() REPRESENTATION_CONTEXT('2D SPACE',''
  ) );
#2240 = ORIENTED_EDGE('',*,*,#2241,.F.);
#2241 = EDGE_CURVE('',#2242,#2217,#2244,.T.);
#2242 = VERTEX_POINT('',#2243);
#2243 = CARTESIAN_POINT('',(91.749822005857,13.4,12.7));
#2244 = SURFACE_CURVE('',#2245,(#2249,#2256),.PCURVE_S1.);
#2245 = LINE('',#2246,#2247);
#2246 = CARTESIAN_POINT('',(91.749822005857,13.4,12.7));
#2247 = VECTOR('',#2248,1.);
#2248 = DIRECTION('',(0.5,0.866025403784,0.));
#2249 = PCURVE('',#100,#2250);
#2250 = DEFINITIONAL_REPRESENTATION('',(#2251),#2255);
#2251 = LINE('',#2252,#2253);
#2252 = CARTESIAN_POINT('',(91.749822005857,13.4));
#2253 = VECTOR('',#2254,1.);
#2254 = DIRECTION('',(0.5,0.866025403784));
#2255 = ( GEOMETRIC_REPRESENTATION_CONTEXT(2) 
PARAMETRIC_REPRESENTATION_CONTEXT() REPRESENTATION_CONTEXT('2D SPACE',''
  ) );
#2256 = PCURVE('',#762,#2257);
#2257 = DEFINITIONAL_REPRESENTATION('',(#2258),#2262);
#2258 = LINE('',#2259,#2260);
#2259 = CARTESIAN_POINT('',(0.,-12.7));
#2260 = VECTOR('',#2261,1.);
#2261 = DIRECTION('',(1.,0.));
#2262 = ( GEOMETRIC_REPRESENTATION_CONTEXT(2) 
PARAMETRIC_REPRESENTATION_CONTEXT() REPRESENTATION_CONTEXT('2D SPACE',''
  ) );
#2263 = ORIENTED_EDGE('',*,*,#2264,.F.);
#2264 = EDGE_CURVE('',#2265,#2242,#2267,.T.);
#2265 = VERTEX_POINT('',#2266);
#2266 = CARTESIAN_POINT('',(77.200595222279,13.4,12.7));
#2267 = SURFACE_CURVE('',#2268,(#2272,#2279),.PCURVE_S1.);
#2268 = LINE('',#2269,#2270);
#2269 = CARTESIAN_POINT('',(77.200595222279,13.4,12.7));
#2270 = VECTOR('',#2271,1.);
#2271 = DIRECTION('',(1.,-2.441857379535E-16,0.));
#2272 = PCURVE('',#100,#2273);
#2273 = DEFINITIONAL_REPRESENTATION('',(#2274),#2278);
#2274 = LINE('',#2275,#2276);
#2275 = CARTESIAN_POINT('',(77.200595222279,13.4));
#2276 = VECTOR('',#2277,1.);
#2277 = DIRECTION('',(1.,-2.441857379535E-16));
#2278 = ( GEOMETRIC_REPRESENTATION_CONTEXT(2) 
PARAMETRIC_REPRESENTATION_CONTEXT() REPRESENTATION_CONTEXT('2D SPACE',''
  ) );
#2279 = PCURVE('',#790,#2280);
#2280 = DEFINITIONAL_REPRESENTATION('',(#2281),#2285);
#2281 = LINE('',#2282,#2283);
#2282 = CARTESIAN_POINT('',(0.,-12.7));
#2283 = VECTOR('',#2284,1.);
#2284 = DIRECTION('',(1.,0.));
#2285 = ( GEOMETRIC_REPRESENTATION_CONTEXT(2) 
PARAMETRIC_REPRESENTATION_CONTEXT() REPRESENTATION_CONTEXT('2D SPACE',''
  ) );
#2286 = ORIENTED_EDGE('',*,*,#2287,.F.);
#2287 = EDGE_CURVE('',#2288,#2265,#2290,.T.);
#2288 = VERTEX_POINT('',#2289);
#2289 = CARTESIAN_POINT('',(69.925981830489,26.,12.7));
#2290 = SURFACE_CURVE('',#2291,(#2295,#2302),.PCURVE_S1.);
#2291 = LINE('',#2292,#2293);
#2292 = CARTESIAN_POINT('',(69.925981830489,26.,12.7));
#2293 = VECTOR('',#2294,1.);
#2294 = DIRECTION('',(0.5,-0.866025403784,0.));
#2295 = PCURVE('',#100,#2296);
#2296 = DEFINITIONAL_REPRESENTATION('',(#2297),#2301);
#2297 = LINE('',#2298,#2299);
#2298 = CARTESIAN_POINT('',(69.925981830489,26.));
#2299 = VECTOR('',#2300,1.);
#2300 = DIRECTION('',(0.5,-0.866025403784));
#2301 = ( GEOMETRIC_REPRESENTATION_CONTEXT(2) 
PARAMETRIC_REPRESENTATION_CONTEXT() REPRESENTATION_CONTEXT('2D SPACE',''
  ) );
#2302 = PCURVE('',#818,#2303);
#2303 = DEFINITIONAL_REPRESENTATION('',(#2304),#2308);
#2304 = LINE('',#2305,#2306);
#2305 = CARTESIAN_POINT('',(0.,-12.7));
#2306 = VECTOR('',#2307,1.);
#2307 = DIRECTION('',(1.,0.));
#2308 = ( GEOMETRIC_REPRESENTATION_CONTEXT(2) 
PARAMETRIC_REPRESENTATION_CONTEXT() REPRESENTATION_CONTEXT('2D SPACE',''
  ) );
#2309 = ORIENTED_EDGE('',*,*,#2310,.F.);
#2310 = EDGE_CURVE('',#2311,#2288,#2313,.T.);
#2311 = VERTEX_POINT('',#2312);
#2312 = CARTESIAN_POINT('',(77.200595222279,38.6,12.7));
#2313 = SURFACE_CURVE('',#2314,(#2318,#2325),.PCURVE_S1.);
#2314 = LINE('',#2315,#2316);
#2315 = CARTESIAN_POINT('',(77.200595222279,38.6,12.7));
#2316 = VECTOR('',#2317,1.);
#2317 = DIRECTION('',(-0.5,-0.866025403784,0.));
#2318 = PCURVE('',#100,#2319);
#2319 = DEFINITIONAL_REPRESENTATION('',(#2320),#2324);
#2320 = LINE('',#2321,#2322);
#2321 = CARTESIAN_POINT('',(77.200595222279,38.6));
#2322 = VECTOR('',#2323,1.);
#2323 = DIRECTION('',(-0.5,-0.866025403784));
#2324 = ( GEOMETRIC_REPRESENTATION_CONTEXT(2) 
PARAMETRIC_REPRESENTATION_CONTEXT() REPRESENTATION_CONTEXT('2D SPACE',''
  ) );
#2325 = PCURVE('',#846,#2326);
#2326 = DEFINITIONAL_REPRESENTATION('',(#2327),#2331);
#2327 = LINE('',#2328,#2329);
#2328 = CARTESIAN_POINT('',(0.,-12.7));
#2329 = VECTOR('',#2330,1.);
#2330 = DIRECTION('',(1.,0.));
#2331 = ( GEOMETRIC_REPRESENTATION_CONTEXT(2) 
PARAMETRIC_REPRESENTATION_CONTEXT() REPRESENTATION_CONTEXT('2D SPACE',''
  ) );
#2332 = ORIENTED_EDGE('',*,*,#2333,.F.);
#2333 = EDGE_CURVE('',#2219,#2311,#2334,.T.);
#2334 = SURFACE_CURVE('',#2335,(#2339,#2346),.PCURVE_S1.);
#2335 = LINE('',#2336,#2337);
#2336 = CARTESIAN_POINT('',(91.749822005857,38.6,12.7));
#2337 = VECTOR('',#2338,1.);
#2338 = DIRECTION('',(-1.,0.,0.));
#2339 = PCURVE('',#100,#2340);
#2340 = DEFINITIONAL_REPRESENTATION('',(#2341),#2345);
#2341 = LINE('',#2342,#2343);
#2342 = CARTESIAN_POINT('',(91.749822005857,38.6));
#2343 = VECTOR('',#2344,1.);
#2344 = DIRECTION('',(-1.,0.));
#2345 = ( GEOMETRIC_REPRESENTATION_CONTEXT(2) 
PARAMETRIC_REPRESENTATION_CONTEXT() REPRESENTATION_CONTEXT('2D SPACE',''
  ) );
#2346 = PCURVE('',#872,#2347);
#2347 = DEFINITIONAL_REPRESENTATION('',(#2348),#2352);
#2348 = LINE('',#2349,#2350);
#2349 = CARTESIAN_POINT('',(0.,-12.7));
#2350 = VECTOR('',#2351,1.);
#2351 = DIRECTION('',(1.,0.));
#2352 = ( GEOMETRIC_REPRESENTATION_CONTEXT(2) 
PARAMETRIC_REPRESENTATION_CONTEXT() REPRESENTATION_CONTEXT('2D SPACE',''
  ) );
#2353 = FACE_BOUND('',#2354,.T.);
#2354 = EDGE_LOOP('',(#2355,#2380,#2403,#2426,#2449,#2472));
#2355 = ORIENTED_EDGE('',*,*,#2356,.F.);
#2356 = EDGE_CURVE('',#2357,#2359,#2361,.T.);
#2357 = VERTEX_POINT('',#2358);
#2358 = CARTESIAN_POINT('',(155.02443539764,26.,12.7));
#2359 = VERTEX_POINT('',#2360);
#2360 = CARTESIAN_POINT('',(147.74982200585,38.6,12.7));
#2361 = SURFACE_CURVE('',#2362,(#2366,#2373),.PCURVE_S1.);
#2362 = LINE('',#2363,#2364);
#2363 = CARTESIAN_POINT('',(155.02443539764,26.,12.7));
#2364 = VECTOR('',#2365,1.);
#2365 = DIRECTION('',(-0.5,0.866025403784,0.));
#2366 = PCURVE('',#100,#2367);
#2367 = DEFINITIONAL_REPRESENTATION('',(#2368),#2372);
#2368 = LINE('',#2369,#2370);
#2369 = CARTESIAN_POINT('',(155.02443539764,26.));
#2370 = VECTOR('',#2371,1.);
#2371 = DIRECTION('',(-0.5,0.866025403784));
#2372 = ( GEOMETRIC_REPRESENTATION_CONTEXT(2) 
PARAMETRIC_REPRESENTATION_CONTEXT() REPRESENTATION_CONTEXT('2D SPACE',''
  ) );
#2373 = PCURVE('',#904,#2374);
#2374 = DEFINITIONAL_REPRESENTATION('',(#2375),#2379);
#2375 = LINE('',#2376,#2377);
#2376 = CARTESIAN_POINT('',(0.,-12.7));
#2377 = VECTOR('',#2378,1.);
#2378 = DIRECTION('',(1.,0.));
#2379 = ( GEOMETRIC_REPRESENTATION_CONTEXT(2) 
PARAMETRIC_REPRESENTATION_CONTEXT() REPRESENTATION_CONTEXT('2D SPACE',''
  ) );
#2380 = ORIENTED_EDGE('',*,*,#2381,.F.);
#2381 = EDGE_CURVE('',#2382,#2357,#2384,.T.);
#2382 = VERTEX_POINT('',#2383);
#2383 = CARTESIAN_POINT('',(147.74982200585,13.4,12.7));
#2384 = SURFACE_CURVE('',#2385,(#2389,#2396),.PCURVE_S1.);
#2385 = LINE('',#2386,#2387);
#2386 = CARTESIAN_POINT('',(147.74982200585,13.4,12.7));
#2387 = VECTOR('',#2388,1.);
#2388 = DIRECTION('',(0.5,0.866025403784,0.));
#2389 = PCURVE('',#100,#2390);
#2390 = DEFINITIONAL_REPRESENTATION('',(#2391),#2395);
#2391 = LINE('',#2392,#2393);
#2392 = CARTESIAN_POINT('',(147.74982200585,13.4));
#2393 = VECTOR('',#2394,1.);
#2394 = DIRECTION('',(0.5,0.866025403784));
#2395 = ( GEOMETRIC_REPRESENTATION_CONTEXT(2) 
PARAMETRIC_REPRESENTATION_CONTEXT() REPRESENTATION_CONTEXT('2D SPACE',''
  ) );
#2396 = PCURVE('',#932,#2397);
#2397 = DEFINITIONAL_REPRESENTATION('',(#2398),#2402);
#2398 = LINE('',#2399,#2400);
#2399 = CARTESIAN_POINT('',(0.,-12.7));
#2400 = VECTOR('',#2401,1.);
#2401 = DIRECTION('',(1.,0.));
#2402 = ( GEOMETRIC_REPRESENTATION_CONTEXT(2) 
PARAMETRIC_REPRESENTATION_CONTEXT() REPRESENTATION_CONTEXT('2D SPACE',''
  ) );
#2403 = ORIENTED_EDGE('',*,*,#2404,.F.);
#2404 = EDGE_CURVE('',#2405,#2382,#2407,.T.);
#2405 = VERTEX_POINT('',#2406);
#2406 = CARTESIAN_POINT('',(133.20059522227,13.4,12.7));
#2407 = SURFACE_CURVE('',#2408,(#2412,#2419),.PCURVE_S1.);
#2408 = LINE('',#2409,#2410);
#2409 = CARTESIAN_POINT('',(133.20059522227,13.4,12.7));
#2410 = VECTOR('',#2411,1.);
#2411 = DIRECTION('',(1.,-2.441857379535E-16,0.));
#2412 = PCURVE('',#100,#2413);
#2413 = DEFINITIONAL_REPRESENTATION('',(#2414),#2418);
#2414 = LINE('',#2415,#2416);
#2415 = CARTESIAN_POINT('',(133.20059522227,13.4));
#2416 = VECTOR('',#2417,1.);
#2417 = DIRECTION('',(1.,-2.441857379535E-16));
#2418 = ( GEOMETRIC_REPRESENTATION_CONTEXT(2) 
PARAMETRIC_REPRESENTATION_CONTEXT() REPRESENTATION_CONTEXT('2D SPACE',''
  ) );
#2419 = PCURVE('',#960,#2420);
#2420 = DEFINITIONAL_REPRESENTATION('',(#2421),#2425);
#2421 = LINE('',#2422,#2423);
#2422 = CARTESIAN_POINT('',(0.,-12.7));
#2423 = VECTOR('',#2424,1.);
#2424 = DIRECTION('',(1.,0.));
#2425 = ( GEOMETRIC_REPRESENTATION_CONTEXT(2) 
PARAMETRIC_REPRESENTATION_CONTEXT() REPRESENTATION_CONTEXT('2D SPACE',''
  ) );
#2426 = ORIENTED_EDGE('',*,*,#2427,.F.);
#2427 = EDGE_CURVE('',#2428,#2405,#2430,.T.);
#2428 = VERTEX_POINT('',#2429);
#2429 = CARTESIAN_POINT('',(125.92598183048,26.,12.7));
#2430 = SURFACE_CURVE('',#2431,(#2435,#2442),.PCURVE_S1.);
#2431 = LINE('',#2432,#2433);
#2432 = CARTESIAN_POINT('',(125.92598183048,26.,12.7));
#2433 = VECTOR('',#2434,1.);
#2434 = DIRECTION('',(0.5,-0.866025403784,0.));
#2435 = PCURVE('',#100,#2436);
#2436 = DEFINITIONAL_REPRESENTATION('',(#2437),#2441);
#2437 = LINE('',#2438,#2439);
#2438 = CARTESIAN_POINT('',(125.92598183048,26.));
#2439 = VECTOR('',#2440,1.);
#2440 = DIRECTION('',(0.5,-0.866025403784));
#2441 = ( GEOMETRIC_REPRESENTATION_CONTEXT(2) 
PARAMETRIC_REPRESENTATION_CONTEXT() REPRESENTATION_CONTEXT('2D SPACE',''
  ) );
#2442 = PCURVE('',#988,#2443);
#2443 = DEFINITIONAL_REPRESENTATION('',(#2444),#2448);
#2444 = LINE('',#2445,#2446);
#2445 = CARTESIAN_POINT('',(0.,-12.7));
#2446 = VECTOR('',#2447,1.);
#2447 = DIRECTION('',(1.,0.));
#2448 = ( GEOMETRIC_REPRESENTATION_CONTEXT(2) 
PARAMETRIC_REPRESENTATION_CONTEXT() REPRESENTATION_CONTEXT('2D SPACE',''
  ) );
#2449 = ORIENTED_EDGE('',*,*,#2450,.F.);
#2450 = EDGE_CURVE('',#2451,#2428,#2453,.T.);
#2451 = VERTEX_POINT('',#2452);
#2452 = CARTESIAN_POINT('',(133.20059522227,38.6,12.7));
#2453 = SURFACE_CURVE('',#2454,(#2458,#2465),.PCURVE_S1.);
#2454 = LINE('',#2455,#2456);
#2455 = CARTESIAN_POINT('',(133.20059522227,38.6,12.7));
#2456 = VECTOR('',#2457,1.);
#2457 = DIRECTION('',(-0.5,-0.866025403784,0.));
#2458 = PCURVE('',#100,#2459);
#2459 = DEFINITIONAL_REPRESENTATION('',(#2460),#2464);
#2460 = LINE('',#2461,#2462);
#2461 = CARTESIAN_POINT('',(133.20059522227,38.6));
#2462 = VECTOR('',#2463,1.);
#2463 = DIRECTION('',(-0.5,-0.866025403784));
#2464 = ( GEOMETRIC_REPRESENTATION_CONTEXT(2) 
PARAMETRIC_REPRESENTATION_CONTEXT() REPRESENTATION_CONTEXT('2D SPACE',''
  ) );
#2465 = PCURVE('',#1016,#2466);
#2466 = DEFINITIONAL_REPRESENTATION('',(#2467),#2471);
#2467 = LINE('',#2468,#2469);
#2468 = CARTESIAN_POINT('',(0.,-12.7));
#2469 = VECTOR('',#2470,1.);
#2470 = DIRECTION('',(1.,0.));
#2471 = ( GEOMETRIC_REPRESENTATION_CONTEXT(2) 
PARAMETRIC_REPRESENTATION_CONTEXT() REPRESENTATION_CONTEXT('2D SPACE',''
  ) );
#2472 = ORIENTED_EDGE('',*,*,#2473,.F.);
#2473 = EDGE_CURVE('',#2359,#2451,#2474,.T.);
#2474 = SURFACE_CURVE('',#2475,(#2479,#2486),.PCURVE_S1.);
#2475 = LINE('',#2476,#2477);
#2476 = CARTESIAN_POINT('',(147.74982200585,38.6,12.7));
#2477 = VECTOR('',#2478,1.);
#2478 = DIRECTION('',(-1.,0.,0.));
#2479 = PCURVE('',#100,#2480);
#2480 = DEFINITIONAL_REPRESENTATION('',(#2481),#2485);
#2481 = LINE('',#2482,#2483);
#2482 = CARTESIAN_POINT('',(147.74982200585,38.6));
#2483 = VECTOR('',#2484,1.);
#2484 = DIRECTION('',(-1.,0.));
#2485 = ( GEOMETRIC_REPRESENTATION_CONTEXT(2) 
PARAMETRIC_REPRESENTATION_CONTEXT() REPRESENTATION_CONTEXT('2D SPACE',''
  ) );
#2486 = PCURVE('',#1042,#2487);
#2487 = DEFINITIONAL_REPRESENTATION('',(#2488),#2492);
#2488 = LINE('',#2489,#2490);
#2489 = CARTESIAN_POINT('',(0.,-12.7));
#2490 = VECTOR('',#2491,1.);
#2491 = DIRECTION('',(1.,0.));
#2492 = ( GEOMETRIC_REPRESENTATION_CONTEXT(2) 
PARAMETRIC_REPRESENTATION_CONTEXT() REPRESENTATION_CONTEXT('2D SPACE',''
  ) );
#2493 = FACE_BOUND('',#2494,.T.);
#2494 = EDGE_LOOP('',(#2495,#2520,#2543,#2566,#2589,#2612));
#2495 = ORIENTED_EDGE('',*,*,#2496,.F.);
#2496 = EDGE_CURVE('',#2497,#2499,#2501,.T.);
#2497 = VERTEX_POINT('',#2498);
#2498 = CARTESIAN_POINT('',(71.024435397647,48.,12.7));
#2499 = VERTEX_POINT('',#2500);
#2500 = CARTESIAN_POINT('',(63.749822005857,60.6,12.7));
#2501 = SURFACE_CURVE('',#2502,(#2506,#2513),.PCURVE_S1.);
#2502 = LINE('',#2503,#2504);
#2503 = CARTESIAN_POINT('',(71.024435397647,48.,12.7));
#2504 = VECTOR('',#2505,1.);
#2505 = DIRECTION('',(-0.5,0.866025403784,0.));
#2506 = PCURVE('',#100,#2507);
#2507 = DEFINITIONAL_REPRESENTATION('',(#2508),#2512);
#2508 = LINE('',#2509,#2510);
#2509 = CARTESIAN_POINT('',(71.024435397647,48.));
#2510 = VECTOR('',#2511,1.);
#2511 = DIRECTION('',(-0.5,0.866025403784));
#2512 = ( GEOMETRIC_REPRESENTATION_CONTEXT(2) 
PARAMETRIC_REPRESENTATION_CONTEXT() REPRESENTATION_CONTEXT('2D SPACE',''
  ) );
#2513 = PCURVE('',#1074,#2514);
#2514 = DEFINITIONAL_REPRESENTATION('',(#2515),#2519);
#2515 = LINE('',#2516,#2517);
#2516 = CARTESIAN_POINT('',(0.,-12.7));
#2517 = VECTOR('',#2518,1.);
#2518 = DIRECTION('',(1.,0.));
#2519 = ( GEOMETRIC_REPRESENTATION_CONTEXT(2) 
PARAMETRIC_REPRESENTATION_CONTEXT() REPRESENTATION_CONTEXT('2D SPACE',''
  ) );
#2520 = ORIENTED_EDGE('',*,*,#2521,.F.);
#2521 = EDGE_CURVE('',#2522,#2497,#2524,.T.);
#2522 = VERTEX_POINT('',#2523);
#2523 = CARTESIAN_POINT('',(63.749822005857,35.4,12.7));
#2524 = SURFACE_CURVE('',#2525,(#2529,#2536),.PCURVE_S1.);
#2525 = LINE('',#2526,#2527);
#2526 = CARTESIAN_POINT('',(63.749822005857,35.4,12.7));
#2527 = VECTOR('',#2528,1.);
#2528 = DIRECTION('',(0.5,0.866025403784,0.));
#2529 = PCURVE('',#100,#2530);
#2530 = DEFINITIONAL_REPRESENTATION('',(#2531),#2535);
#2531 = LINE('',#2532,#2533);
#2532 = CARTESIAN_POINT('',(63.749822005857,35.4));
#2533 = VECTOR('',#2534,1.);
#2534 = DIRECTION('',(0.5,0.866025403784));
#2535 = ( GEOMETRIC_REPRESENTATION_CONTEXT(2) 
PARAMETRIC_REPRESENTATION_CONTEXT() REPRESENTATION_CONTEXT('2D SPACE',''
  ) );
#2536 = PCURVE('',#1102,#2537);
#2537 = DEFINITIONAL_REPRESENTATION('',(#2538),#2542);
#2538 = LINE('',#2539,#2540);
#2539 = CARTESIAN_POINT('',(0.,-12.7));
#2540 = VECTOR('',#2541,1.);
#2541 = DIRECTION('',(1.,0.));
#2542 = ( GEOMETRIC_REPRESENTATION_CONTEXT(2) 
PARAMETRIC_REPRESENTATION_CONTEXT() REPRESENTATION_CONTEXT('2D SPACE',''
  ) );
#2543 = ORIENTED_EDGE('',*,*,#2544,.F.);
#2544 = EDGE_CURVE('',#2545,#2522,#2547,.T.);
#2545 = VERTEX_POINT('',#2546);
#2546 = CARTESIAN_POINT('',(49.200595222279,35.4,12.7));
#2547 = SURFACE_CURVE('',#2548,(#2552,#2559),.PCURVE_S1.);
#2548 = LINE('',#2549,#2550);
#2549 = CARTESIAN_POINT('',(49.200595222279,35.4,12.7));
#2550 = VECTOR('',#2551,1.);
#2551 = DIRECTION('',(1.,-4.883714759069E-16,0.));
#2552 = PCURVE('',#100,#2553);
#2553 = DEFINITIONAL_REPRESENTATION('',(#2554),#2558);
#2554 = LINE('',#2555,#2556);
#2555 = CARTESIAN_POINT('',(49.200595222279,35.4));
#2556 = VECTOR('',#2557,1.);
#2557 = DIRECTION('',(1.,-4.883714759069E-16));
#2558 = ( GEOMETRIC_REPRESENTATION_CONTEXT(2) 
PARAMETRIC_REPRESENTATION_CONTEXT() REPRESENTATION_CONTEXT('2D SPACE',''
  ) );
#2559 = PCURVE('',#1130,#2560);
#2560 = DEFINITIONAL_REPRESENTATION('',(#2561),#2565);
#2561 = LINE('',#2562,#2563);
#2562 = CARTESIAN_POINT('',(0.,-12.7));
#2563 = VECTOR('',#2564,1.);
#2564 = DIRECTION('',(1.,0.));
#2565 = ( GEOMETRIC_REPRESENTATION_CONTEXT(2) 
PARAMETRIC_REPRESENTATION_CONTEXT() REPRESENTATION_CONTEXT('2D SPACE',''
  ) );
#2566 = ORIENTED_EDGE('',*,*,#2567,.F.);
#2567 = EDGE_CURVE('',#2568,#2545,#2570,.T.);
#2568 = VERTEX_POINT('',#2569);
#2569 = CARTESIAN_POINT('',(41.925981830489,48.,12.7));
#2570 = SURFACE_CURVE('',#2571,(#2575,#2582),.PCURVE_S1.);
#2571 = LINE('',#2572,#2573);
#2572 = CARTESIAN_POINT('',(41.925981830489,48.,12.7));
#2573 = VECTOR('',#2574,1.);
#2574 = DIRECTION('',(0.5,-0.866025403784,0.));
#2575 = PCURVE('',#100,#2576);
#2576 = DEFINITIONAL_REPRESENTATION('',(#2577),#2581);
#2577 = LINE('',#2578,#2579);
#2578 = CARTESIAN_POINT('',(41.925981830489,48.));
#2579 = VECTOR('',#2580,1.);
#2580 = DIRECTION('',(0.5,-0.866025403784));
#2581 = ( GEOMETRIC_REPRESENTATION_CONTEXT(2) 
PARAMETRIC_REPRESENTATION_CONTEXT() REPRESENTATION_CONTEXT('2D SPACE',''
  ) );
#2582 = PCURVE('',#1158,#2583);
#2583 = DEFINITIONAL_REPRESENTATION('',(#2584),#2588);
#2584 = LINE('',#2585,#2586);
#2585 = CARTESIAN_POINT('',(0.,-12.7));
#2586 = VECTOR('',#2587,1.);
#2587 = DIRECTION('',(1.,0.));
#2588 = ( GEOMETRIC_REPRESENTATION_CONTEXT(2) 
PARAMETRIC_REPRESENTATION_CONTEXT() REPRESENTATION_CONTEXT('2D SPACE',''
  ) );
#2589 = ORIENTED_EDGE('',*,*,#2590,.F.);
#2590 = EDGE_CURVE('',#2591,#2568,#2593,.T.);
#2591 = VERTEX_POINT('',#2592);
#2592 = CARTESIAN_POINT('',(49.200595222279,60.6,12.7));
#2593 = SURFACE_CURVE('',#2594,(#2598,#2605),.PCURVE_S1.);
#2594 = LINE('',#2595,#2596);
#2595 = CARTESIAN_POINT('',(49.200595222279,60.6,12.7));
#2596 = VECTOR('',#2597,1.);
#2597 = DIRECTION('',(-0.5,-0.866025403784,0.));
#2598 = PCURVE('',#100,#2599);
#2599 = DEFINITIONAL_REPRESENTATION('',(#2600),#2604);
#2600 = LINE('',#2601,#2602);
#2601 = CARTESIAN_POINT('',(49.200595222279,60.6));
#2602 = VECTOR('',#2603,1.);
#2603 = DIRECTION('',(-0.5,-0.866025403784));
#2604 = ( GEOMETRIC_REPRESENTATION_CONTEXT(2) 
PARAMETRIC_REPRESENTATION_CONTEXT() REPRESENTATION_CONTEXT('2D SPACE',''
  ) );
#2605 = PCURVE('',#1186,#2606);
#2606 = DEFINITIONAL_REPRESENTATION('',(#2607),#2611);
#2607 = LINE('',#2608,#2609);
#2608 = CARTESIAN_POINT('',(0.,-12.7));
#2609 = VECTOR('',#2610,1.);
#2610 = DIRECTION('',(1.,0.));
#2611 = ( GEOMETRIC_REPRESENTATION_CONTEXT(2) 
PARAMETRIC_REPRESENTATION_CONTEXT() REPRESENTATION_CONTEXT('2D SPACE',''
  ) );
#2612 = ORIENTED_EDGE('',*,*,#2613,.F.);
#2613 = EDGE_CURVE('',#2499,#2591,#2614,.T.);
#2614 = SURFACE_CURVE('',#2615,(#2619,#2626),.PCURVE_S1.);
#2615 = LINE('',#2616,#2617);
#2616 = CARTESIAN_POINT('',(63.749822005857,60.6,12.7));
#2617 = VECTOR('',#2618,1.);
#2618 = DIRECTION('',(-1.,0.,0.));
#2619 = PCURVE('',#100,#2620);
#2620 = DEFINITIONAL_REPRESENTATION('',(#2621),#2625);
#2621 = LINE('',#2622,#2623);
#2622 = CARTESIAN_POINT('',(63.749822005857,60.6));
#2623 = VECTOR('',#2624,1.);
#2624 = DIRECTION('',(-1.,0.));
#2625 = ( GEOMETRIC_REPRESENTATION_CONTEXT(2) 
PARAMETRIC_REPRESENTATION_CONTEXT() REPRESENTATION_CONTEXT('2D SPACE',''
  ) );
#2626 = PCURVE('',#1212,#2627);
#2627 = DEFINITIONAL_REPRESENTATION('',(#2628),#2632);
#2628 = LINE('',#2629,#2630);
#2629 = CARTESIAN_POINT('',(0.,-12.7));
#2630 = VECTOR('',#2631,1.);
#2631 = DIRECTION('',(1.,0.));
#2632 = ( GEOMETRIC_REPRESENTATION_CONTEXT(2) 
PARAMETRIC_REPRESENTATION_CONTEXT() REPRESENTATION_CONTEXT('2D SPACE',''
  ) );
#2633 = FACE_BOUND('',#2634,.T.);
#2634 = EDGE_LOOP('',(#2635,#2660,#2683,#2706,#2729,#2752));
#2635 = ORIENTED_EDGE('',*,*,#2636,.F.);
#2636 = EDGE_CURVE('',#2637,#2639,#2641,.T.);
#2637 = VERTEX_POINT('',#2638);
#2638 = CARTESIAN_POINT('',(127.02443539764,48.,12.7));
#2639 = VERTEX_POINT('',#2640);
#2640 = CARTESIAN_POINT('',(119.74982200585,60.6,12.7));
#2641 = SURFACE_CURVE('',#2642,(#2646,#2653),.PCURVE_S1.);
#2642 = LINE('',#2643,#2644);
#2643 = CARTESIAN_POINT('',(127.02443539764,48.,12.7));
#2644 = VECTOR('',#2645,1.);
#2645 = DIRECTION('',(-0.5,0.866025403784,0.));
#2646 = PCURVE('',#100,#2647);
#2647 = DEFINITIONAL_REPRESENTATION('',(#2648),#2652);
#2648 = LINE('',#2649,#2650);
#2649 = CARTESIAN_POINT('',(127.02443539764,48.));
#2650 = VECTOR('',#2651,1.);
#2651 = DIRECTION('',(-0.5,0.866025403784));
#2652 = ( GEOMETRIC_REPRESENTATION_CONTEXT(2) 
PARAMETRIC_REPRESENTATION_CONTEXT() REPRESENTATION_CONTEXT('2D SPACE',''
  ) );
#2653 = PCURVE('',#1244,#2654);
#2654 = DEFINITIONAL_REPRESENTATION('',(#2655),#2659);
#2655 = LINE('',#2656,#2657);
#2656 = CARTESIAN_POINT('',(0.,-12.7));
#2657 = VECTOR('',#2658,1.);
#2658 = DIRECTION('',(1.,0.));
#2659 = ( GEOMETRIC_REPRESENTATION_CONTEXT(2) 
PARAMETRIC_REPRESENTATION_CONTEXT() REPRESENTATION_CONTEXT('2D SPACE',''
  ) );
#2660 = ORIENTED_EDGE('',*,*,#2661,.F.);
#2661 = EDGE_CURVE('',#2662,#2637,#2664,.T.);
#2662 = VERTEX_POINT('',#2663);
#2663 = CARTESIAN_POINT('',(119.74982200585,35.4,12.7));
#2664 = SURFACE_CURVE('',#2665,(#2669,#2676),.PCURVE_S1.);
#2665 = LINE('',#2666,#2667);
#2666 = CARTESIAN_POINT('',(119.74982200585,35.4,12.7));
#2667 = VECTOR('',#2668,1.);
#2668 = DIRECTION('',(0.5,0.866025403784,0.));
#2669 = PCURVE('',#100,#2670);
#2670 = DEFINITIONAL_REPRESENTATION('',(#2671),#2675);
#2671 = LINE('',#2672,#2673);
#2672 = CARTESIAN_POINT('',(119.74982200585,35.4));
#2673 = VECTOR('',#2674,1.);
#2674 = DIRECTION('',(0.5,0.866025403784));
#2675 = ( GEOMETRIC_REPRESENTATION_CONTEXT(2) 
PARAMETRIC_REPRESENTATION_CONTEXT() REPRESENTATION_CONTEXT('2D SPACE',''
  ) );
#2676 = PCURVE('',#1272,#2677);
#2677 = DEFINITIONAL_REPRESENTATION('',(#2678),#2682);
#2678 = LINE('',#2679,#2680);
#2679 = CARTESIAN_POINT('',(0.,-12.7));
#2680 = VECTOR('',#2681,1.);
#2681 = DIRECTION('',(1.,0.));
#2682 = ( GEOMETRIC_REPRESENTATION_CONTEXT(2) 
PARAMETRIC_REPRESENTATION_CONTEXT() REPRESENTATION_CONTEXT('2D SPACE',''
  ) );
#2683 = ORIENTED_EDGE('',*,*,#2684,.F.);
#2684 = EDGE_CURVE('',#2685,#2662,#2687,.T.);
#2685 = VERTEX_POINT('',#2686);
#2686 = CARTESIAN_POINT('',(105.20059522227,35.4,12.7));
#2687 = SURFACE_CURVE('',#2688,(#2692,#2699),.PCURVE_S1.);
#2688 = LINE('',#2689,#2690);
#2689 = CARTESIAN_POINT('',(105.20059522227,35.4,12.7));
#2690 = VECTOR('',#2691,1.);
#2691 = DIRECTION('',(1.,-4.883714759069E-16,0.));
#2692 = PCURVE('',#100,#2693);
#2693 = DEFINITIONAL_REPRESENTATION('',(#2694),#2698);
#2694 = LINE('',#2695,#2696);
#2695 = CARTESIAN_POINT('',(105.20059522227,35.4));
#2696 = VECTOR('',#2697,1.);
#2697 = DIRECTION('',(1.,-4.883714759069E-16));
#2698 = ( GEOMETRIC_REPRESENTATION_CONTEXT(2) 
PARAMETRIC_REPRESENTATION_CONTEXT() REPRESENTATION_CONTEXT('2D SPACE',''
  ) );
#2699 = PCURVE('',#1300,#2700);
#2700 = DEFINITIONAL_REPRESENTATION('',(#2701),#2705);
#2701 = LINE('',#2702,#2703);
#2702 = CARTESIAN_POINT('',(0.,-12.7));
#2703 = VECTOR('',#2704,1.);
#2704 = DIRECTION('',(1.,0.));
#2705 = ( GEOMETRIC_REPRESENTATION_CONTEXT(2) 
PARAMETRIC_REPRESENTATION_CONTEXT() REPRESENTATION_CONTEXT('2D SPACE',''
  ) );
#2706 = ORIENTED_EDGE('',*,*,#2707,.F.);
#2707 = EDGE_CURVE('',#2708,#2685,#2710,.T.);
#2708 = VERTEX_POINT('',#2709);
#2709 = CARTESIAN_POINT('',(97.925981830489,48.,12.7));
#2710 = SURFACE_CURVE('',#2711,(#2715,#2722),.PCURVE_S1.);
#2711 = LINE('',#2712,#2713);
#2712 = CARTESIAN_POINT('',(97.925981830489,48.,12.7));
#2713 = VECTOR('',#2714,1.);
#2714 = DIRECTION('',(0.5,-0.866025403784,0.));
#2715 = PCURVE('',#100,#2716);
#2716 = DEFINITIONAL_REPRESENTATION('',(#2717),#2721);
#2717 = LINE('',#2718,#2719);
#2718 = CARTESIAN_POINT('',(97.925981830489,48.));
#2719 = VECTOR('',#2720,1.);
#2720 = DIRECTION('',(0.5,-0.866025403784));
#2721 = ( GEOMETRIC_REPRESENTATION_CONTEXT(2) 
PARAMETRIC_REPRESENTATION_CONTEXT() REPRESENTATION_CONTEXT('2D SPACE',''
  ) );
#2722 = PCURVE('',#1328,#2723);
#2723 = DEFINITIONAL_REPRESENTATION('',(#2724),#2728);
#2724 = LINE('',#2725,#2726);
#2725 = CARTESIAN_POINT('',(0.,-12.7));
#2726 = VECTOR('',#2727,1.);
#2727 = DIRECTION('',(1.,0.));
#2728 = ( GEOMETRIC_REPRESENTATION_CONTEXT(2) 
PARAMETRIC_REPRESENTATION_CONTEXT() REPRESENTATION_CONTEXT('2D SPACE',''
  ) );
#2729 = ORIENTED_EDGE('',*,*,#2730,.F.);
#2730 = EDGE_CURVE('',#2731,#2708,#2733,.T.);
#2731 = VERTEX_POINT('',#2732);
#2732 = CARTESIAN_POINT('',(105.20059522227,60.6,12.7));
#2733 = SURFACE_CURVE('',#2734,(#2738,#2745),.PCURVE_S1.);
#2734 = LINE('',#2735,#2736);
#2735 = CARTESIAN_POINT('',(105.20059522227,60.6,12.7));
#2736 = VECTOR('',#2737,1.);
#2737 = DIRECTION('',(-0.5,-0.866025403784,0.));
#2738 = PCURVE('',#100,#2739);
#2739 = DEFINITIONAL_REPRESENTATION('',(#2740),#2744);
#2740 = LINE('',#2741,#2742);
#2741 = CARTESIAN_POINT('',(105.20059522227,60.6));
#2742 = VECTOR('',#2743,1.);
#2743 = DIRECTION('',(-0.5,-0.866025403784));
#2744 = ( GEOMETRIC_REPRESENTATION_CONTEXT(2) 
PARAMETRIC_REPRESENTATION_CONTEXT() REPRESENTATION_CONTEXT('2D SPACE',''
  ) );
#2745 = PCURVE('',#1356,#2746);
#2746 = DEFINITIONAL_REPRESENTATION('',(#2747),#2751);
#2747 = LINE('',#2748,#2749);
#2748 = CARTESIAN_POINT('',(0.,-12.7));
#2749 = VECTOR('',#2750,1.);
#2750 = DIRECTION('',(1.,0.));
#2751 = ( GEOMETRIC_REPRESENTATION_CONTEXT(2) 
PARAMETRIC_REPRESENTATION_CONTEXT() REPRESENTATION_CONTEXT('2D SPACE',''
  ) );
#2752 = ORIENTED_EDGE('',*,*,#2753,.F.);
#2753 = EDGE_CURVE('',#2639,#2731,#2754,.T.);
#2754 = SURFACE_CURVE('',#2755,(#2759,#2766),.PCURVE_S1.);
#2755 = LINE('',#2756,#2757);
#2756 = CARTESIAN_POINT('',(119.74982200585,60.6,12.7));
#2757 = VECTOR('',#2758,1.);
#2758 = DIRECTION('',(-1.,0.,0.));
#2759 = PCURVE('',#100,#2760);
#2760 = DEFINITIONAL_REPRESENTATION('',(#2761),#2765);
#2761 = LINE('',#2762,#2763);
#2762 = CARTESIAN_POINT('',(119.74982200585,60.6));
#2763 = VECTOR('',#2764,1.);
#2764 = DIRECTION('',(-1.,0.));
#2765 = ( GEOMETRIC_REPRESENTATION_CONTEXT(2) 
PARAMETRIC_REPRESENTATION_CONTEXT() REPRESENTATION_CONTEXT('2D SPACE',''
  ) );
#2766 = PCURVE('',#1382,#2767);
#2767 = DEFINITIONAL_REPRESENTATION('',(#2768),#2772);
#2768 = LINE('',#2769,#2770);
#2769 = CARTESIAN_POINT('',(0.,-12.7));
#2770 = VECTOR('',#2771,1.);
#2771 = DIRECTION('',(1.,0.));
#2772 = ( GEOMETRIC_REPRESENTATION_CONTEXT(2) 
PARAMETRIC_REPRESENTATION_CONTEXT() REPRESENTATION_CONTEXT('2D SPACE',''
  ) );
#2773 = ADVANCED_FACE('',(#2774),#72,.F.);
#2774 = FACE_BOUND('',#2775,.F.);
#2775 = EDGE_LOOP('',(#2776,#2777,#2798,#2799));
#2776 = ORIENTED_EDGE('',*,*,#141,.F.);
#2777 = ORIENTED_EDGE('',*,*,#2778,.T.);
#2778 = EDGE_CURVE('',#142,#1447,#2779,.T.);
#2779 = SURFACE_CURVE('',#2780,(#2784,#2791),.PCURVE_S1.);
#2780 = LINE('',#2781,#2782);
#2781 = CARTESIAN_POINT('',(1.299495277635E-14,76.2,0.));
#2782 = VECTOR('',#2783,1.);
#2783 = DIRECTION('',(0.,0.,1.));
#2784 = PCURVE('',#72,#2785);
#2785 = DEFINITIONAL_REPRESENTATION('',(#2786),#2790);
#2786 = LINE('',#2787,#2788);
#2787 = CARTESIAN_POINT('',(0.,0.));
#2788 = VECTOR('',#2789,1.);
#2789 = DIRECTION('',(0.,-1.));
#2790 = ( GEOMETRIC_REPRESENTATION_CONTEXT(2) 
PARAMETRIC_REPRESENTATION_CONTEXT() REPRESENTATION_CONTEXT('2D SPACE',''
  ) );
#2791 = PCURVE('',#529,#2792);
#2792 = DEFINITIONAL_REPRESENTATION('',(#2793),#2797);
#2793 = LINE('',#2794,#2795);
#2794 = CARTESIAN_POINT('',(1.570796326795,0.));
#2795 = VECTOR('',#2796,1.);
#2796 = DIRECTION('',(0.,-1.));
#2797 = ( GEOMETRIC_REPRESENTATION_CONTEXT(2) 
PARAMETRIC_REPRESENTATION_CONTEXT() REPRESENTATION_CONTEXT('2D SPACE',''
  ) );
#2798 = ORIENTED_EDGE('',*,*,#1446,.F.);
#2799 = ORIENTED_EDGE('',*,*,#56,.F.);
#2800 = ADVANCED_FACE('',(#2801),#529,.F.);
#2801 = FACE_BOUND('',#2802,.F.);
#2802 = EDGE_LOOP('',(#2803,#2804,#2828,#2829));
#2803 = ORIENTED_EDGE('',*,*,#510,.F.);
#2804 = ORIENTED_EDGE('',*,*,#2805,.F.);
#2805 = EDGE_CURVE('',#1743,#475,#2806,.T.);
#2806 = SURFACE_CURVE('',#2807,(#2813,#2819),.PCURVE_S1.);
#2807 = B_SPLINE_CURVE_WITH_KNOTS('',4,(#2808,#2809,#2810,#2811,#2812),
  .UNSPECIFIED.,.F.,.F.,(5,5),(0.,1.),.PIECEWISE_BEZIER_KNOTS.);
#2808 = CARTESIAN_POINT('',(190.,87.920736777607,12.7));
#2809 = CARTESIAN_POINT('',(190.,87.920736777607,9.525000000318));
#2810 = CARTESIAN_POINT('',(190.,87.920736777607,6.350000000001));
#2811 = CARTESIAN_POINT('',(190.,87.920736777607,3.174999999683));
#2812 = CARTESIAN_POINT('',(190.,87.920736777607,0.));
#2813 = PCURVE('',#529,#2814);
#2814 = DEFINITIONAL_REPRESENTATION('',(#2815),#2818);
#2815 = B_SPLINE_CURVE_WITH_KNOTS('',1,(#2816,#2817),.UNSPECIFIED.,.F.,
  .F.,(2,2),(0.,1.),.PIECEWISE_BEZIER_KNOTS.);
#2816 = CARTESIAN_POINT('',(1.106670925025,-12.7));
#2817 = CARTESIAN_POINT('',(1.106670925025,0.));
#2818 = ( GEOMETRIC_REPRESENTATION_CONTEXT(2) 
PARAMETRIC_REPRESENTATION_CONTEXT() REPRESENTATION_CONTEXT('2D SPACE',''
  ) );
#2819 = PCURVE('',#495,#2820);
#2820 = DEFINITIONAL_REPRESENTATION('',(#2821),#2827);
#2821 = B_SPLINE_CURVE_WITH_KNOTS('',4,(#2822,#2823,#2824,#2825,#2826),
  .UNSPECIFIED.,.F.,.F.,(5,5),(0.,1.),.PIECEWISE_BEZIER_KNOTS.);
#2822 = CARTESIAN_POINT('',(1.106670925025,-12.69999999873));
#2823 = CARTESIAN_POINT('',(1.106670925025,-9.524999999048));
#2824 = CARTESIAN_POINT('',(1.106670925025,-6.349999999999));
#2825 = CARTESIAN_POINT('',(1.106670925025,-3.175000000952));
#2826 = CARTESIAN_POINT('',(1.106670925025,-1.269940597126E-09));
#2827 = ( GEOMETRIC_REPRESENTATION_CONTEXT(2) 
PARAMETRIC_REPRESENTATION_CONTEXT() REPRESENTATION_CONTEXT('2D SPACE',''
  ) );
#2828 = ORIENTED_EDGE('',*,*,#1909,.F.);
#2829 = ORIENTED_EDGE('',*,*,#2778,.F.);
#2830 = ADVANCED_FACE('',(#2831),#495,.F.);
#2831 = FACE_BOUND('',#2832,.F.);
#2832 = EDGE_LOOP('',(#2833,#2834,#2835,#2862));
#2833 = ORIENTED_EDGE('',*,*,#2805,.T.);
#2834 = ORIENTED_EDGE('',*,*,#474,.F.);
#2835 = ORIENTED_EDGE('',*,*,#2836,.F.);
#2836 = EDGE_CURVE('',#1720,#447,#2837,.T.);
#2837 = SURFACE_CURVE('',#2838,(#2844,#2853),.PCURVE_S1.);
#2838 = B_SPLINE_CURVE_WITH_KNOTS('',4,(#2839,#2840,#2841,#2842,#2843),
  .UNSPECIFIED.,.F.,.F.,(5,5),(0.,1.),.PIECEWISE_BEZIER_KNOTS.);
#2839 = CARTESIAN_POINT('',(207.9625,90.41019696742,12.7000006));
#2840 = CARTESIAN_POINT('',(207.9625,90.41019696742,9.5250003));
#2841 = CARTESIAN_POINT('',(207.9625,90.41019696742,6.35));
#2842 = CARTESIAN_POINT('',(207.9625,90.41019696742,3.1749997));
#2843 = CARTESIAN_POINT('',(207.9625,90.41019696742,-5.999999999062E-07)
  );
#2844 = PCURVE('',#495,#2845);
#2845 = DEFINITIONAL_REPRESENTATION('',(#2846),#2852);
#2846 = B_SPLINE_CURVE_WITH_KNOTS('',4,(#2847,#2848,#2849,#2850,#2851),
  .UNSPECIFIED.,.F.,.F.,(5,5),(0.,1.),.PIECEWISE_BEZIER_KNOTS.);
#2847 = CARTESIAN_POINT('',(1.058751736836,-12.7000006));
#2848 = CARTESIAN_POINT('',(1.058751736836,-9.5250003));
#2849 = CARTESIAN_POINT('',(1.058751736836,-6.35));
#2850 = CARTESIAN_POINT('',(1.058751736836,-3.1749997));
#2851 = CARTESIAN_POINT('',(1.058751736836,5.999999999062E-07));
#2852 = ( GEOMETRIC_REPRESENTATION_CONTEXT(2) 
PARAMETRIC_REPRESENTATION_CONTEXT() REPRESENTATION_CONTEXT('2D SPACE',''
  ) );
#2853 = PCURVE('',#462,#2854);
#2854 = DEFINITIONAL_REPRESENTATION('',(#2855),#2861);
#2855 = B_SPLINE_CURVE_WITH_KNOTS('',4,(#2856,#2857,#2858,#2859,#2860),
  .UNSPECIFIED.,.F.,.F.,(5,5),(0.,1.),.PIECEWISE_BEZIER_KNOTS.);
#2856 = CARTESIAN_POINT('',(6.337445711782,41.80941409414));
#2857 = CARTESIAN_POINT('',(3.162445411782,41.80941409414));
#2858 = CARTESIAN_POINT('',(-1.2554888218E-02,41.80941409414));
#2859 = CARTESIAN_POINT('',(-3.187555188218,41.80941409414));
#2860 = CARTESIAN_POINT('',(-6.362555488218,41.80941409414));
#2861 = ( GEOMETRIC_REPRESENTATION_CONTEXT(2) 
PARAMETRIC_REPRESENTATION_CONTEXT() REPRESENTATION_CONTEXT('2D SPACE',''
  ) );
#2862 = ORIENTED_EDGE('',*,*,#1742,.F.);
#2863 = ADVANCED_FACE('',(#2864),#462,.T.);
#2864 = FACE_BOUND('',#2865,.T.);
#2865 = EDGE_LOOP('',(#2866,#2867,#2888,#2889));
#2866 = ORIENTED_EDGE('',*,*,#1719,.F.);
#2867 = ORIENTED_EDGE('',*,*,#2868,.F.);
#2868 = EDGE_CURVE('',#415,#1693,#2869,.T.);
#2869 = SURFACE_CURVE('',#2870,(#2874,#2881),.PCURVE_S1.);
#2870 = LINE('',#2871,#2872);
#2871 = CARTESIAN_POINT('',(207.9625,65.184747890709,1.813431127244E-02)
  );
#2872 = VECTOR('',#2873,1.);
#2873 = DIRECTION('',(0.,-3.48994967025E-02,0.999390827019));
#2874 = PCURVE('',#462,#2875);
#2875 = DEFINITIONAL_REPRESENTATION('',(#2876),#2880);
#2876 = LINE('',#2877,#2878);
#2877 = CARTESIAN_POINT('',(-6.344420576946,67.034863170851));
#2878 = VECTOR('',#2879,1.);
#2879 = DIRECTION('',(0.999390827019,3.48994967025E-02));
#2880 = ( GEOMETRIC_REPRESENTATION_CONTEXT(2) 
PARAMETRIC_REPRESENTATION_CONTEXT() REPRESENTATION_CONTEXT('2D SPACE',''
  ) );
#2881 = PCURVE('',#431,#2882);
#2882 = DEFINITIONAL_REPRESENTATION('',(#2883),#2887);
#2883 = LINE('',#2884,#2885);
#2884 = CARTESIAN_POINT('',(6.28318530718,0.));
#2885 = VECTOR('',#2886,1.);
#2886 = DIRECTION('',(-0.,1.));
#2887 = ( GEOMETRIC_REPRESENTATION_CONTEXT(2) 
PARAMETRIC_REPRESENTATION_CONTEXT() REPRESENTATION_CONTEXT('2D SPACE',''
  ) );
#2888 = ORIENTED_EDGE('',*,*,#446,.T.);
#2889 = ORIENTED_EDGE('',*,*,#2836,.F.);
#2890 = ADVANCED_FACE('',(#2891),#431,.T.);
#2891 = FACE_BOUND('',#2892,.T.);
#2892 = EDGE_LOOP('',(#2893,#2894,#2895,#2896,#2937,#2965));
#2893 = ORIENTED_EDGE('',*,*,#414,.T.);
#2894 = ORIENTED_EDGE('',*,*,#2868,.T.);
#2895 = ORIENTED_EDGE('',*,*,#1692,.F.);
#2896 = ORIENTED_EDGE('',*,*,#2897,.F.);
#2897 = EDGE_CURVE('',#2898,#1665,#2900,.T.);
#2898 = VERTEX_POINT('',#2899);
#2899 = CARTESIAN_POINT('',(207.5124999896,64.492714265764,
    12.390932844992));
#2900 = SURFACE_CURVE('',#2901,(#2911,#2924),.PCURVE_S1.);
#2901 = B_SPLINE_CURVE_WITH_KNOTS('',8,(#2902,#2903,#2904,#2905,#2906,
    #2907,#2908,#2909,#2910),.UNSPECIFIED.,.F.,.F.,(9,9),(0.,1.),
  .PIECEWISE_BEZIER_KNOTS.);
#2902 = CARTESIAN_POINT('',(207.5124999896,64.492714265764,
    12.390932844992));
#2903 = CARTESIAN_POINT('',(207.56286942396,64.461585580824,
    12.449067902107));
#2904 = CARTESIAN_POINT('',(207.61969183364,64.441604522848,
    12.507603477097));
#2905 = CARTESIAN_POINT('',(207.68050128367,64.434306227875,
    12.563688252974));
#2906 = CARTESIAN_POINT('',(207.74240824898,64.440956182175,
    12.614229456975));
#2907 = CARTESIAN_POINT('',(207.80201704972,64.462198479019,
    12.655985102842));
#2908 = CARTESIAN_POINT('',(207.85508288775,64.497812505645,
    12.685380126737));
#2909 = CARTESIAN_POINT('',(207.8973822408,64.545124752534,12.7));
#2910 = CARTESIAN_POINT('',(207.92672250115,64.599721681503,12.7));
#2911 = PCURVE('',#431,#2912);
#2912 = DEFINITIONAL_REPRESENTATION('',(#2913),#2923);
#2913 = B_SPLINE_CURVE_WITH_KNOTS('',8,(#2914,#2915,#2916,#2917,#2918,
    #2919,#2920,#2921,#2922),.UNSPECIFIED.,.F.,.F.,(9,9),(0.,1.),
  .PIECEWISE_BEZIER_KNOTS.);
#2914 = CARTESIAN_POINT('',(4.188790164755,12.389412984367));
#2915 = CARTESIAN_POINT('',(4.382660383235,12.448599002613));
#2916 = CARTESIAN_POINT('',(4.576581972719,12.507796248179));
#2917 = CARTESIAN_POINT('',(4.772078707236,12.564101565547));
#2918 = CARTESIAN_POINT('',(4.970202102313,12.614379901155));
#2919 = CARTESIAN_POINT('',(5.171532702719,12.655368765142));
#2920 = CARTESIAN_POINT('',(5.37621805751,12.683502970777));
#2921 = CARTESIAN_POINT('',(5.583308422024,12.696462764404));
#2922 = CARTESIAN_POINT('',(5.789814944955,12.694557359061));
#2923 = ( GEOMETRIC_REPRESENTATION_CONTEXT(2) 
PARAMETRIC_REPRESENTATION_CONTEXT() REPRESENTATION_CONTEXT('2D SPACE',''
  ) );
#2924 = PCURVE('',#1680,#2925);
#2925 = DEFINITIONAL_REPRESENTATION('',(#2926),#2936);
#2926 = B_SPLINE_CURVE_WITH_KNOTS('',8,(#2927,#2928,#2929,#2930,#2931,
    #2932,#2933,#2934,#2935),.UNSPECIFIED.,.F.,.F.,(9,9),(0.,1.),
  .PIECEWISE_BEZIER_KNOTS.);
#2927 = CARTESIAN_POINT('',(1.601024780199,14.141839018226));
#2928 = CARTESIAN_POINT('',(1.407154561728,14.201025036459));
#2929 = CARTESIAN_POINT('',(1.213232972211,14.260222282112));
#2930 = CARTESIAN_POINT('',(1.01773623776,14.316527599223));
#2931 = CARTESIAN_POINT('',(0.819612842594,14.366805935275));
#2932 = CARTESIAN_POINT('',(0.618282242267,14.407794798777));
#2933 = CARTESIAN_POINT('',(0.413596887431,14.435929004742));
#2934 = CARTESIAN_POINT('',(0.206506522931,14.448888798251));
#2935 = CARTESIAN_POINT('',(0.,14.446983392908));
#2936 = ( GEOMETRIC_REPRESENTATION_CONTEXT(2) 
PARAMETRIC_REPRESENTATION_CONTEXT() REPRESENTATION_CONTEXT('2D SPACE',''
  ) );
#2937 = ORIENTED_EDGE('',*,*,#2938,.F.);
#2938 = EDGE_CURVE('',#2939,#2898,#2941,.T.);
#2939 = VERTEX_POINT('',#2940);
#2940 = CARTESIAN_POINT('',(207.5124999896,64.915255576614,
    0.290932844992));
#2941 = SURFACE_CURVE('',#2942,(#2946,#2953),.PCURVE_S1.);
#2942 = LINE('',#2943,#2944);
#2943 = CARTESIAN_POINT('',(207.5124999896,64.925098543358,
    9.067156264906E-03));
#2944 = VECTOR('',#2945,1.);
#2945 = DIRECTION('',(0.,-3.48994967025E-02,0.999390827019));
#2946 = PCURVE('',#431,#2947);
#2947 = DEFINITIONAL_REPRESENTATION('',(#2948),#2952);
#2948 = LINE('',#2949,#2950);
#2949 = CARTESIAN_POINT('',(4.188790164755,0.));
#2950 = VECTOR('',#2951,1.);
#2951 = DIRECTION('',(-0.,1.));
#2952 = ( GEOMETRIC_REPRESENTATION_CONTEXT(2) 
PARAMETRIC_REPRESENTATION_CONTEXT() REPRESENTATION_CONTEXT('2D SPACE',''
  ) );
#2953 = PCURVE('',#2954,#2959);
#2954 = PLANE('',#2955);
#2955 = AXIS2_PLACEMENT_3D('',#2956,#2957,#2958);
#2956 = CARTESIAN_POINT('',(201.6125,68.112111517809,6.35));
#2957 = DIRECTION('',(-0.500000034668,-0.865497824504,
    -3.022385002513E-02));
#2958 = DIRECTION('',(-0.865893403497,0.50022856154,-1.03601641079E-14)
  );
#2959 = DEFINITIONAL_REPRESENTATION('',(#2960),#2964);
#2960 = LINE('',#2961,#2962);
#2961 = CARTESIAN_POINT('',(-6.703005987446,6.343830990626));
#2962 = VECTOR('',#2963,1.);
#2963 = DIRECTION('',(-1.745772503396E-02,-0.999847602306));
#2964 = ( GEOMETRIC_REPRESENTATION_CONTEXT(2) 
PARAMETRIC_REPRESENTATION_CONTEXT() REPRESENTATION_CONTEXT('2D SPACE',''
  ) );
#2965 = ORIENTED_EDGE('',*,*,#2966,.T.);
#2966 = EDGE_CURVE('',#2939,#387,#2967,.T.);
#2967 = SURFACE_CURVE('',#2968,(#2973,#2984),.PCURVE_S1.);
#2968 = ELLIPSE('',#2969,0.420608520126,0.3);
#2969 = AXIS2_PLACEMENT_3D('',#2970,#2971,#2972);
#2970 = CARTESIAN_POINT('',(207.6625,65.174904923965,0.3));
#2971 = DIRECTION('',(0.60700357172,-0.375132367759,0.7005871613));
#2972 = DIRECTION('',(0.617694608404,-0.331947620022,-0.712926467675));
#2973 = PCURVE('',#431,#2974);
#2974 = DEFINITIONAL_REPRESENTATION('',(#2975),#2983);
#2975 = B_SPLINE_CURVE_WITH_KNOTS('',6,(#2976,#2977,#2978,#2979,#2980,
    #2981,#2982),.UNSPECIFIED.,.F.,.F.,(7,7),(4.712388980385,
    6.252956853776),.PIECEWISE_BEZIER_KNOTS.);
#2976 = CARTESIAN_POINT('',(4.188790164755,0.282037498351));
#2977 = CARTESIAN_POINT('',(4.445551476987,0.206342309426));
#2978 = CARTESIAN_POINT('',(4.702311916368,0.1306522543));
#2979 = CARTESIAN_POINT('',(4.959073913834,6.39117451964E-02));
#2980 = CARTESIAN_POINT('',(5.215836488063,1.524716971426E-02));
#2981 = CARTESIAN_POINT('',(5.472596725915,-1.03476307451E-02));
#2982 = CARTESIAN_POINT('',(5.729358038147,-1.26354307828E-02));
#2983 = ( GEOMETRIC_REPRESENTATION_CONTEXT(2) 
PARAMETRIC_REPRESENTATION_CONTEXT() REPRESENTATION_CONTEXT('2D SPACE',''
  ) );
#2984 = PCURVE('',#402,#2985);
#2985 = DEFINITIONAL_REPRESENTATION('',(#2986),#2994);
#2986 = B_SPLINE_CURVE_WITH_KNOTS('',6,(#2987,#2988,#2989,#2990,#2991,
    #2992,#2993),.UNSPECIFIED.,.F.,.F.,(7,7),(4.712388980385,
    6.252956853776),.PIECEWISE_BEZIER_KNOTS.);
#2987 = CARTESIAN_POINT('',(4.742617433789,14.152320038001));
#2988 = CARTESIAN_POINT('',(4.999378746021,14.228015226926));
#2989 = CARTESIAN_POINT('',(5.256139185402,14.303705282052));
#2990 = CARTESIAN_POINT('',(5.512901182868,14.370445791155));
#2991 = CARTESIAN_POINT('',(5.769663757096,14.419110366637));
#2992 = CARTESIAN_POINT('',(6.026423994948,14.444705167097));
#2993 = CARTESIAN_POINT('',(6.283185307179,14.446992967135));
#2994 = ( GEOMETRIC_REPRESENTATION_CONTEXT(2) 
PARAMETRIC_REPRESENTATION_CONTEXT() REPRESENTATION_CONTEXT('2D SPACE',''
  ) );
#2995 = ADVANCED_FACE('',(#2996),#402,.T.);
#2996 = FACE_BOUND('',#2997,.T.);
#2997 = EDGE_LOOP('',(#2998,#2999,#3000,#3023));
#2998 = ORIENTED_EDGE('',*,*,#386,.T.);
#2999 = ORIENTED_EDGE('',*,*,#2966,.F.);
#3000 = ORIENTED_EDGE('',*,*,#3001,.F.);
#3001 = EDGE_CURVE('',#3002,#2939,#3004,.T.);
#3002 = VERTEX_POINT('',#3003);
#3003 = CARTESIAN_POINT('',(195.56250000693,71.818797372392,
    0.290932844992));
#3004 = SURFACE_CURVE('',#3005,(#3009,#3016),.PCURVE_S1.);
#3005 = LINE('',#3006,#3007);
#3006 = CARTESIAN_POINT('',(195.25809942451,71.994650271675,
    0.290932844992));
#3007 = VECTOR('',#3008,1.);
#3008 = DIRECTION('',(0.865893403497,-0.50022856154,0.));
#3009 = PCURVE('',#402,#3010);
#3010 = DEFINITIONAL_REPRESENTATION('',(#3011),#3015);
#3011 = LINE('',#3012,#3013);
#3012 = CARTESIAN_POINT('',(4.742617433789,0.));
#3013 = VECTOR('',#3014,1.);
#3014 = DIRECTION('',(-0.,1.));
#3015 = ( GEOMETRIC_REPRESENTATION_CONTEXT(2) 
PARAMETRIC_REPRESENTATION_CONTEXT() REPRESENTATION_CONTEXT('2D SPACE',''
  ) );
#3016 = PCURVE('',#2954,#3017);
#3017 = DEFINITIONAL_REPRESENTATION('',(#3018),#3022);
#3018 = LINE('',#3019,#3020);
#3019 = CARTESIAN_POINT('',(7.444390317464,6.061836474139));
#3020 = VECTOR('',#3021,1.);
#3021 = DIRECTION('',(-1.,-1.605268984088E-18));
#3022 = ( GEOMETRIC_REPRESENTATION_CONTEXT(2) 
PARAMETRIC_REPRESENTATION_CONTEXT() REPRESENTATION_CONTEXT('2D SPACE',''
  ) );
#3023 = ORIENTED_EDGE('',*,*,#3024,.F.);
#3024 = EDGE_CURVE('',#334,#3002,#3025,.T.);
#3025 = SURFACE_CURVE('',#3026,(#3030,#3044),.PCURVE_S1.);
#3026 = ( BOUNDED_CURVE() B_SPLINE_CURVE(2,(#3027,#3028,#3029),
.UNSPECIFIED.,.F.,.F.) B_SPLINE_CURVE_WITH_KNOTS((3,3),(0.,2.09465904264
),.PIECEWISE_BEZIER_KNOTS.) CURVE() GEOMETRIC_REPRESENTATION_ITEM() 
RATIONAL_B_SPLINE_CURVE((1.,0.717712982335,1.)) REPRESENTATION_ITEM('') 
  );
#3027 = CARTESIAN_POINT('',(195.71250001733,72.078446719743,0.));
#3028 = CARTESIAN_POINT('',(195.56690058241,71.826414748881,
    -8.326672684689E-17));
#3029 = CARTESIAN_POINT('',(195.56250000693,71.818797372392,
    0.290932844992));
#3030 = PCURVE('',#402,#3031);
#3031 = DEFINITIONAL_REPRESENTATION('',(#3032),#3043);
#3032 = B_SPLINE_CURVE_WITH_KNOTS('',9,(#3033,#3034,#3035,#3036,#3037,
    #3038,#3039,#3040,#3041,#3042),.UNSPECIFIED.,.F.,.F.,(10,10),(0.,
    2.09465904264),.PIECEWISE_BEZIER_KNOTS.);
#3033 = CARTESIAN_POINT('',(6.28318530718,0.351545099188));
#3034 = CARTESIAN_POINT('',(6.128443295681,0.351545099188));
#3035 = CARTESIAN_POINT('',(5.962781602287,0.351545099188));
#3036 = CARTESIAN_POINT('',(5.787551926192,0.351545099188));
#3037 = CARTESIAN_POINT('',(5.60541093965,0.351545099188));
#3038 = CARTESIAN_POINT('',(5.420391801318,0.351545099188));
#3039 = CARTESIAN_POINT('',(5.238250814777,0.351545099188));
#3040 = CARTESIAN_POINT('',(5.063021138682,0.351545099188));
#3041 = CARTESIAN_POINT('',(4.897359445288,0.351545099188));
#3042 = CARTESIAN_POINT('',(4.742617433789,0.351545099188));
#3043 = ( GEOMETRIC_REPRESENTATION_CONTEXT(2) 
PARAMETRIC_REPRESENTATION_CONTEXT() REPRESENTATION_CONTEXT('2D SPACE',''
  ) );
#3044 = PCURVE('',#357,#3045);
#3045 = DEFINITIONAL_REPRESENTATION('',(#3046),#3049);
#3046 = B_SPLINE_CURVE_WITH_KNOTS('',1,(#3047,#3048),.UNSPECIFIED.,.F.,
  .F.,(2,2),(0.,2.09465904264),.PIECEWISE_BEZIER_KNOTS.);
#3047 = CARTESIAN_POINT('',(0.,4.575796127198E-14));
#3048 = CARTESIAN_POINT('',(2.09465904264,4.575796127198E-14));
#3049 = ( GEOMETRIC_REPRESENTATION_CONTEXT(2) 
PARAMETRIC_REPRESENTATION_CONTEXT() REPRESENTATION_CONTEXT('2D SPACE',''
  ) );
#3050 = ADVANCED_FACE('',(#3051),#357,.T.);
#3051 = FACE_BOUND('',#3052,.T.);
#3052 = EDGE_LOOP('',(#3053,#3054,#3090,#3117));
#3053 = ORIENTED_EDGE('',*,*,#3024,.T.);
#3054 = ORIENTED_EDGE('',*,*,#3055,.T.);
#3055 = EDGE_CURVE('',#3002,#3056,#3058,.T.);
#3056 = VERTEX_POINT('',#3057);
#3057 = CARTESIAN_POINT('',(195.2625,71.645170087441,0.3));
#3058 = SURFACE_CURVE('',#3059,(#3067,#3074),.PCURVE_S1.);
#3059 = B_SPLINE_CURVE_WITH_KNOTS('',6,(#3060,#3061,#3062,#3063,#3064,
    #3065,#3066),.UNSPECIFIED.,.F.,.F.,(7,7),(4.575796127198E-14,
    2.09465904264),.PIECEWISE_BEZIER_KNOTS.);
#3060 = CARTESIAN_POINT('',(195.56250000693,71.818797372392,
    0.290932844992));
#3061 = CARTESIAN_POINT('',(195.50191271117,71.853862735331,
    0.28910166344));
#3062 = CARTESIAN_POINT('',(195.42661743643,71.863535205286,
    0.288596555463));
#3063 = CARTESIAN_POINT('',(195.34959580951,71.839553841746,
    0.289848789175));
#3064 = CARTESIAN_POINT('',(195.2915022,71.784536858917,0.292722005996)
  );
#3065 = CARTESIAN_POINT('',(195.2625,71.714885624138,0.296359318883));
#3066 = CARTESIAN_POINT('',(195.2625,71.645170087441,0.3));
#3067 = PCURVE('',#357,#3068);
#3068 = DEFINITIONAL_REPRESENTATION('',(#3069),#3073);
#3069 = LINE('',#3070,#3071);
#3070 = CARTESIAN_POINT('',(2.09465904264,0.));
#3071 = VECTOR('',#3072,1.);
#3072 = DIRECTION('',(0.,1.));
#3073 = ( GEOMETRIC_REPRESENTATION_CONTEXT(2) 
PARAMETRIC_REPRESENTATION_CONTEXT() REPRESENTATION_CONTEXT('2D SPACE',''
  ) );
#3074 = PCURVE('',#3075,#3080);
#3075 = CYLINDRICAL_SURFACE('',#3076,0.2);
#3076 = AXIS2_PLACEMENT_3D('',#3077,#3078,#3079);
#3077 = CARTESIAN_POINT('',(195.4625,71.656068494358,-1.208954084829E-02
    ));
#3078 = DIRECTION('',(0.,-3.48994967025E-02,0.999390827019));
#3079 = DIRECTION('',(0.500000034668,0.865497824504,3.022385002512E-02)
  );
#3080 = DEFINITIONAL_REPRESENTATION('',(#3081),#3089);
#3081 = B_SPLINE_CURVE_WITH_KNOTS('',6,(#3082,#3083,#3084,#3085,#3086,
    #3087,#3088),.UNSPECIFIED.,.F.,.F.,(7,7),(4.575796127198E-14,
    2.09465904264),.PIECEWISE_BEZIER_KNOTS.);
#3082 = CARTESIAN_POINT('',(-1.820765760385E-14,0.297158636848));
#3083 = CARTESIAN_POINT('',(0.349800923269,0.294104807284));
#3084 = CARTESIAN_POINT('',(0.700052274803,0.293264067094));
#3085 = CARTESIAN_POINT('',(1.050263533704,0.295347926718));
#3086 = CARTESIAN_POINT('',(1.398976476145,0.300143955475));
#3087 = CARTESIAN_POINT('',(1.746665092741,0.306208272793));
#3088 = CARTESIAN_POINT('',(2.094395142425,0.312279773249));
#3089 = ( GEOMETRIC_REPRESENTATION_CONTEXT(2) 
PARAMETRIC_REPRESENTATION_CONTEXT() REPRESENTATION_CONTEXT('2D SPACE',''
  ) );
#3090 = ORIENTED_EDGE('',*,*,#3091,.F.);
#3091 = EDGE_CURVE('',#306,#3056,#3092,.T.);
#3092 = SURFACE_CURVE('',#3093,(#3097,#3103),.PCURVE_S1.);
#3093 = ( BOUNDED_CURVE() B_SPLINE_CURVE(2,(#3094,#3095,#3096),
.UNSPECIFIED.,.F.,.F.) B_SPLINE_CURVE_WITH_KNOTS((3,3),(0.,2.09465904264
),.PIECEWISE_BEZIER_KNOTS.) CURVE() GEOMETRIC_REPRESENTATION_ITEM() 
RATIONAL_B_SPLINE_CURVE((1.,0.707106781187,1.)) REPRESENTATION_ITEM('') 
  );
#3094 = CARTESIAN_POINT('',(194.9625,71.645170087441,0.));
#3095 = CARTESIAN_POINT('',(195.2625,71.645170087441,2.775557561563E-17)
  );
#3096 = CARTESIAN_POINT('',(195.2625,71.645170087441,0.3));
#3097 = PCURVE('',#357,#3098);
#3098 = DEFINITIONAL_REPRESENTATION('',(#3099),#3102);
#3099 = B_SPLINE_CURVE_WITH_KNOTS('',1,(#3100,#3101),.UNSPECIFIED.,.F.,
  .F.,(2,2),(0.,2.09465904264),.PIECEWISE_BEZIER_KNOTS.);
#3100 = CARTESIAN_POINT('',(0.,2.09465904264));
#3101 = CARTESIAN_POINT('',(2.09465904264,2.09465904264));
#3102 = ( GEOMETRIC_REPRESENTATION_CONTEXT(2) 
PARAMETRIC_REPRESENTATION_CONTEXT() REPRESENTATION_CONTEXT('2D SPACE',''
  ) );
#3103 = PCURVE('',#321,#3104);
#3104 = DEFINITIONAL_REPRESENTATION('',(#3105),#3116);
#3105 = B_SPLINE_CURVE_WITH_KNOTS('',9,(#3106,#3107,#3108,#3109,#3110,
    #3111,#3112,#3113,#3114,#3115),.UNSPECIFIED.,.F.,.F.,(10,10),(0.,
    2.09465904264),.PIECEWISE_BEZIER_KNOTS.);
#3106 = CARTESIAN_POINT('',(6.28318530718,53.177319275605));
#3107 = CARTESIAN_POINT('',(6.126050466916,53.177319275605));
#3108 = CARTESIAN_POINT('',(5.957410590359,53.177319275607));
#3109 = CARTESIAN_POINT('',(5.77861892031,53.177319275601));
#3110 = CARTESIAN_POINT('',(5.592440455568,53.177319275611));
#3111 = CARTESIAN_POINT('',(5.403133831998,53.1773192756));
#3112 = CARTESIAN_POINT('',(5.216955367255,53.177319275608));
#3113 = CARTESIAN_POINT('',(5.038163697206,53.177319275604));
#3114 = CARTESIAN_POINT('',(4.869523820649,53.177319275606));
#3115 = CARTESIAN_POINT('',(4.712388980385,53.177319275605));
#3116 = ( GEOMETRIC_REPRESENTATION_CONTEXT(2) 
PARAMETRIC_REPRESENTATION_CONTEXT() REPRESENTATION_CONTEXT('2D SPACE',''
  ) );
#3117 = ORIENTED_EDGE('',*,*,#333,.F.);
#3118 = ADVANCED_FACE('',(#3119),#321,.T.);
#3119 = FACE_BOUND('',#3120,.T.);
#3120 = EDGE_LOOP('',(#3121,#3122,#3123,#3151));
#3121 = ORIENTED_EDGE('',*,*,#305,.T.);
#3122 = ORIENTED_EDGE('',*,*,#3091,.T.);
#3123 = ORIENTED_EDGE('',*,*,#3124,.F.);
#3124 = EDGE_CURVE('',#3125,#3056,#3127,.T.);
#3125 = VERTEX_POINT('',#3126);
#3126 = CARTESIAN_POINT('',(195.2625,18.824948372559,0.3));
#3127 = SURFACE_CURVE('',#3128,(#3132,#3139),.PCURVE_S1.);
#3128 = LINE('',#3129,#3130);
#3129 = CARTESIAN_POINT('',(195.2625,18.467850811836,0.3));
#3130 = VECTOR('',#3131,1.);
#3131 = DIRECTION('',(0.,1.,0.));
#3132 = PCURVE('',#321,#3133);
#3133 = DEFINITIONAL_REPRESENTATION('',(#3134),#3138);
#3134 = LINE('',#3135,#3136);
#3135 = CARTESIAN_POINT('',(4.712388980385,0.));
#3136 = VECTOR('',#3137,1.);
#3137 = DIRECTION('',(-0.,1.));
#3138 = ( GEOMETRIC_REPRESENTATION_CONTEXT(2) 
PARAMETRIC_REPRESENTATION_CONTEXT() REPRESENTATION_CONTEXT('2D SPACE',''
  ) );
#3139 = PCURVE('',#3140,#3145);
#3140 = PLANE('',#3141);
#3141 = AXIS2_PLACEMENT_3D('',#3142,#3143,#3144);
#3142 = CARTESIAN_POINT('',(195.2625,45.23505923,6.294350722266));
#3143 = DIRECTION('',(1.,0.,0.));
#3144 = DIRECTION('',(-0.,0.,1.));
#3145 = DEFINITIONAL_REPRESENTATION('',(#3146),#3150);
#3146 = LINE('',#3147,#3148);
#3147 = CARTESIAN_POINT('',(-5.994350722266,26.767208418164));
#3148 = VECTOR('',#3149,1.);
#3149 = DIRECTION('',(0.,-1.));
#3150 = ( GEOMETRIC_REPRESENTATION_CONTEXT(2) 
PARAMETRIC_REPRESENTATION_CONTEXT() REPRESENTATION_CONTEXT('2D SPACE',''
  ) );
#3151 = ORIENTED_EDGE('',*,*,#3152,.F.);
#3152 = EDGE_CURVE('',#253,#3125,#3153,.T.);
#3153 = SURFACE_CURVE('',#3154,(#3158,#3172),.PCURVE_S1.);
#3154 = ( BOUNDED_CURVE() B_SPLINE_CURVE(2,(#3155,#3156,#3157),
.UNSPECIFIED.,.F.,.F.) B_SPLINE_CURVE_WITH_KNOTS((3,3),(0.,2.09465904264
),.PIECEWISE_BEZIER_KNOTS.) CURVE() GEOMETRIC_REPRESENTATION_ITEM() 
RATIONAL_B_SPLINE_CURVE((1.,0.707106781187,1.)) REPRESENTATION_ITEM('') 
  );
#3155 = CARTESIAN_POINT('',(194.9625,18.824948372559,0.));
#3156 = CARTESIAN_POINT('',(195.2625,18.824948372559,-1.110223024625E-16
    ));
#3157 = CARTESIAN_POINT('',(195.2625,18.824948372559,0.3));
#3158 = PCURVE('',#321,#3159);
#3159 = DEFINITIONAL_REPRESENTATION('',(#3160),#3171);
#3160 = B_SPLINE_CURVE_WITH_KNOTS('',9,(#3161,#3162,#3163,#3164,#3165,
    #3166,#3167,#3168,#3169,#3170),.UNSPECIFIED.,.F.,.F.,(10,10),(0.,
    2.09465904264),.PIECEWISE_BEZIER_KNOTS.);
#3161 = CARTESIAN_POINT('',(6.28318530718,0.357097560723));
#3162 = CARTESIAN_POINT('',(6.126050466916,0.357097560723));
#3163 = CARTESIAN_POINT('',(5.957410590359,0.357097560723));
#3164 = CARTESIAN_POINT('',(5.77861892031,0.357097560723));
#3165 = CARTESIAN_POINT('',(5.592440455566,0.357097560723));
#3166 = CARTESIAN_POINT('',(5.403133832,0.357097560723));
#3167 = CARTESIAN_POINT('',(5.216955367254,0.357097560723));
#3168 = CARTESIAN_POINT('',(5.038163697206,0.357097560723));
#3169 = CARTESIAN_POINT('',(4.869523820649,0.357097560723));
#3170 = CARTESIAN_POINT('',(4.712388980385,0.357097560723));
#3171 = ( GEOMETRIC_REPRESENTATION_CONTEXT(2) 
PARAMETRIC_REPRESENTATION_CONTEXT() REPRESENTATION_CONTEXT('2D SPACE',''
  ) );
#3172 = PCURVE('',#276,#3173);
#3173 = DEFINITIONAL_REPRESENTATION('',(#3174),#3177);
#3174 = B_SPLINE_CURVE_WITH_KNOTS('',1,(#3175,#3176),.UNSPECIFIED.,.F.,
  .F.,(2,2),(0.,2.09465904264),.PIECEWISE_BEZIER_KNOTS.);
#3175 = CARTESIAN_POINT('',(0.,0.));
#3176 = CARTESIAN_POINT('',(2.09465904264,0.));
#3177 = ( GEOMETRIC_REPRESENTATION_CONTEXT(2) 
PARAMETRIC_REPRESENTATION_CONTEXT() REPRESENTATION_CONTEXT('2D SPACE',''
  ) );
#3178 = ADVANCED_FACE('',(#3179),#276,.T.);
#3179 = FACE_BOUND('',#3180,.T.);
#3180 = EDGE_LOOP('',(#3181,#3182,#3218,#3245));
#3181 = ORIENTED_EDGE('',*,*,#3152,.T.);
#3182 = ORIENTED_EDGE('',*,*,#3183,.T.);
#3183 = EDGE_CURVE('',#3125,#3184,#3186,.T.);
#3184 = VERTEX_POINT('',#3185);
#3185 = CARTESIAN_POINT('',(195.56250000693,18.651321087608,
    0.290932844992));
#3186 = SURFACE_CURVE('',#3187,(#3195,#3202),.PCURVE_S1.);
#3187 = B_SPLINE_CURVE_WITH_KNOTS('',6,(#3188,#3189,#3190,#3191,#3192,
    #3193,#3194),.UNSPECIFIED.,.F.,.F.,(7,7),(0.,2.09465904264),
  .PIECEWISE_BEZIER_KNOTS.);
#3188 = CARTESIAN_POINT('',(195.2625,18.824948372559,0.3));
#3189 = CARTESIAN_POINT('',(195.2625,18.755232835862,0.296359318883));
#3190 = CARTESIAN_POINT('',(195.2915022,18.685581601083,0.292722005996)
  );
#3191 = CARTESIAN_POINT('',(195.34959580951,18.630564618254,
    0.289848789175));
#3192 = CARTESIAN_POINT('',(195.42661743643,18.606583254714,
    0.288596555463));
#3193 = CARTESIAN_POINT('',(195.50191271117,18.616255724669,
    0.28910166344));
#3194 = CARTESIAN_POINT('',(195.56250000693,18.651321087608,
    0.290932844992));
#3195 = PCURVE('',#276,#3196);
#3196 = DEFINITIONAL_REPRESENTATION('',(#3197),#3201);
#3197 = LINE('',#3198,#3199);
#3198 = CARTESIAN_POINT('',(2.09465904264,0.));
#3199 = VECTOR('',#3200,1.);
#3200 = DIRECTION('',(0.,1.));
#3201 = ( GEOMETRIC_REPRESENTATION_CONTEXT(2) 
PARAMETRIC_REPRESENTATION_CONTEXT() REPRESENTATION_CONTEXT('2D SPACE',''
  ) );
#3202 = PCURVE('',#3203,#3208);
#3203 = CYLINDRICAL_SURFACE('',#3204,0.2);
#3204 = AXIS2_PLACEMENT_3D('',#3205,#3206,#3207);
#3205 = CARTESIAN_POINT('',(195.4625,18.814049965642,-1.208954084829E-02
    ));
#3206 = DIRECTION('',(0.,3.48994967025E-02,0.999390827019));
#3207 = DIRECTION('',(-1.,0.,0.));
#3208 = DEFINITIONAL_REPRESENTATION('',(#3209),#3217);
#3209 = B_SPLINE_CURVE_WITH_KNOTS('',6,(#3210,#3211,#3212,#3213,#3214,
    #3215,#3216),.UNSPECIFIED.,.F.,.F.,(7,7),(0.,2.09465904264),
  .PIECEWISE_BEZIER_KNOTS.);
#3210 = CARTESIAN_POINT('',(4.440892098501E-16,0.312279773249));
#3211 = CARTESIAN_POINT('',(0.347730049684,0.306208272793));
#3212 = CARTESIAN_POINT('',(0.69541866628,0.300143955475));
#3213 = CARTESIAN_POINT('',(1.04413160872,0.295347926718));
#3214 = CARTESIAN_POINT('',(1.394342867622,0.293264067094));
#3215 = CARTESIAN_POINT('',(1.744594219156,0.294104807284));
#3216 = CARTESIAN_POINT('',(2.094395142425,0.297158636848));
#3217 = ( GEOMETRIC_REPRESENTATION_CONTEXT(2) 
PARAMETRIC_REPRESENTATION_CONTEXT() REPRESENTATION_CONTEXT('2D SPACE',''
  ) );
#3218 = ORIENTED_EDGE('',*,*,#3219,.F.);
#3219 = EDGE_CURVE('',#225,#3184,#3220,.T.);
#3220 = SURFACE_CURVE('',#3221,(#3225,#3231),.PCURVE_S1.);
#3221 = ( BOUNDED_CURVE() B_SPLINE_CURVE(2,(#3222,#3223,#3224),
.UNSPECIFIED.,.F.,.F.) B_SPLINE_CURVE_WITH_KNOTS((3,3),(0.,2.09465904264
),.PIECEWISE_BEZIER_KNOTS.) CURVE() GEOMETRIC_REPRESENTATION_ITEM() 
RATIONAL_B_SPLINE_CURVE((1.,0.717712982335,1.)) REPRESENTATION_ITEM('') 
  );
#3222 = CARTESIAN_POINT('',(195.71250001733,18.391671740257,0.));
#3223 = CARTESIAN_POINT('',(195.56690058241,18.643703711119,0.));
#3224 = CARTESIAN_POINT('',(195.56250000693,18.651321087608,
    0.290932844992));
#3225 = PCURVE('',#276,#3226);
#3226 = DEFINITIONAL_REPRESENTATION('',(#3227),#3230);
#3227 = B_SPLINE_CURVE_WITH_KNOTS('',1,(#3228,#3229),.UNSPECIFIED.,.F.,
  .F.,(2,2),(0.,2.09465904264),.PIECEWISE_BEZIER_KNOTS.);
#3228 = CARTESIAN_POINT('',(0.,2.09465904264));
#3229 = CARTESIAN_POINT('',(2.09465904264,2.09465904264));
#3230 = ( GEOMETRIC_REPRESENTATION_CONTEXT(2) 
PARAMETRIC_REPRESENTATION_CONTEXT() REPRESENTATION_CONTEXT('2D SPACE',''
  ) );
#3231 = PCURVE('',#240,#3232);
#3232 = DEFINITIONAL_REPRESENTATION('',(#3233),#3244);
#3233 = B_SPLINE_CURVE_WITH_KNOTS('',9,(#3234,#3235,#3236,#3237,#3238,
    #3239,#3240,#3241,#3242,#3243),.UNSPECIFIED.,.F.,.F.,(10,10),(0.,
    2.09465904264),.PIECEWISE_BEZIER_KNOTS.);
#3234 = CARTESIAN_POINT('',(6.28318530718,14.315387283839));
#3235 = CARTESIAN_POINT('',(6.128443295681,14.315387283838));
#3236 = CARTESIAN_POINT('',(5.962781602288,14.315387283839));
#3237 = CARTESIAN_POINT('',(5.78755192619,14.315387283837));
#3238 = CARTESIAN_POINT('',(5.605410939652,14.31538728384));
#3239 = CARTESIAN_POINT('',(5.420391801317,14.315387283837));
#3240 = CARTESIAN_POINT('',(5.238250814778,14.315387283839));
#3241 = CARTESIAN_POINT('',(5.063021138682,14.315387283838));
#3242 = CARTESIAN_POINT('',(4.897359445288,14.315387283839));
#3243 = CARTESIAN_POINT('',(4.742617433789,14.315387283839));
#3244 = ( GEOMETRIC_REPRESENTATION_CONTEXT(2) 
PARAMETRIC_REPRESENTATION_CONTEXT() REPRESENTATION_CONTEXT('2D SPACE',''
  ) );
#3245 = ORIENTED_EDGE('',*,*,#252,.F.);
#3246 = ADVANCED_FACE('',(#3247),#240,.T.);
#3247 = FACE_BOUND('',#3248,.T.);
#3248 = EDGE_LOOP('',(#3249,#3250,#3251,#3279));
#3249 = ORIENTED_EDGE('',*,*,#224,.T.);
#3250 = ORIENTED_EDGE('',*,*,#3219,.T.);
#3251 = ORIENTED_EDGE('',*,*,#3252,.F.);
#3252 = EDGE_CURVE('',#3253,#3184,#3255,.T.);
#3253 = VERTEX_POINT('',#3254);
#3254 = CARTESIAN_POINT('',(207.5124999896,25.554862883386,
    0.290932844992));
#3255 = SURFACE_CURVE('',#3256,(#3260,#3267),.PCURVE_S1.);
#3256 = LINE('',#3257,#3258);
#3257 = CARTESIAN_POINT('',(207.95809942451,25.812286676489,
    0.290932844992));
#3258 = VECTOR('',#3259,1.);
#3259 = DIRECTION('',(-0.865893403497,-0.50022856154,0.));
#3260 = PCURVE('',#240,#3261);
#3261 = DEFINITIONAL_REPRESENTATION('',(#3262),#3266);
#3262 = LINE('',#3263,#3264);
#3263 = CARTESIAN_POINT('',(4.742617433789,0.));
#3264 = VECTOR('',#3265,1.);
#3265 = DIRECTION('',(-0.,1.));
#3266 = ( GEOMETRIC_REPRESENTATION_CONTEXT(2) 
PARAMETRIC_REPRESENTATION_CONTEXT() REPRESENTATION_CONTEXT('2D SPACE',''
  ) );
#3267 = PCURVE('',#3268,#3273);
#3268 = PLANE('',#3269);
#3269 = AXIS2_PLACEMENT_3D('',#3270,#3271,#3272);
#3270 = CARTESIAN_POINT('',(201.6125,22.358006942191,6.35));
#3271 = DIRECTION('',(-0.500000034668,0.865497824504,-3.022385002513E-02
    ));
#3272 = DIRECTION('',(0.865893403497,0.50022856154,1.03601641079E-14));
#3273 = DEFINITIONAL_REPRESENTATION('',(#3274),#3278);
#3274 = LINE('',#3275,#3276);
#3275 = CARTESIAN_POINT('',(7.222542065562,6.061836474139));
#3276 = VECTOR('',#3277,1.);
#3277 = DIRECTION('',(-1.,1.605268984088E-18));
#3278 = ( GEOMETRIC_REPRESENTATION_CONTEXT(2) 
PARAMETRIC_REPRESENTATION_CONTEXT() REPRESENTATION_CONTEXT('2D SPACE',''
  ) );
#3279 = ORIENTED_EDGE('',*,*,#3280,.T.);
#3280 = EDGE_CURVE('',#3253,#189,#3281,.T.);
#3281 = SURFACE_CURVE('',#3282,(#3287,#3298),.PCURVE_S1.);
#3282 = ELLIPSE('',#3283,0.420608520126,0.3);
#3283 = AXIS2_PLACEMENT_3D('',#3284,#3285,#3286);
#3284 = CARTESIAN_POINT('',(207.6625,25.295213536035,0.3));
#3285 = DIRECTION('',(-0.60700357172,-0.375132367759,-0.7005871613));
#3286 = DIRECTION('',(-0.617694608404,-0.331947620022,0.712926467675));
#3287 = PCURVE('',#240,#3288);
#3288 = DEFINITIONAL_REPRESENTATION('',(#3289),#3297);
#3289 = B_SPLINE_CURVE_WITH_KNOTS('',6,(#3290,#3291,#3292,#3293,#3294,
    #3295,#3296),.UNSPECIFIED.,.F.,.F.,(7,7),(1.570796326795,
    3.111364200184),.PIECEWISE_BEZIER_KNOTS.);
#3290 = CARTESIAN_POINT('',(4.74262437892,0.514610297548));
#3291 = CARTESIAN_POINT('',(4.99938453363,0.438915449871));
#3292 = CARTESIAN_POINT('',(5.256143815521,0.363225897793));
#3293 = CARTESIAN_POINT('',(5.512904655436,0.296485933369));
#3294 = CARTESIAN_POINT('',(5.769666072102,0.24782178575));
#3295 = CARTESIAN_POINT('',(6.026425152469,0.222227205616));
#3296 = CARTESIAN_POINT('',(6.283185307179,0.219939415892));
#3297 = ( GEOMETRIC_REPRESENTATION_CONTEXT(2) 
PARAMETRIC_REPRESENTATION_CONTEXT() REPRESENTATION_CONTEXT('2D SPACE',''
  ) );
#3298 = PCURVE('',#209,#3299);
#3299 = DEFINITIONAL_REPRESENTATION('',(#3300),#3308);
#3300 = B_SPLINE_CURVE_WITH_KNOTS('',6,(#3301,#3302,#3303,#3304,#3305,
    #3306,#3307),.UNSPECIFIED.,.F.,.F.,(7,7),(1.570796326795,
    3.111364200184),.PIECEWISE_BEZIER_KNOTS.);
#3301 = CARTESIAN_POINT('',(2.094388197294,0.282035450874));
#3302 = CARTESIAN_POINT('',(1.837628042584,0.206340603196));
#3303 = CARTESIAN_POINT('',(1.580868760693,0.130651051119));
#3304 = CARTESIAN_POINT('',(1.324107920777,6.391108669414E-02));
#3305 = CARTESIAN_POINT('',(1.067346504112,1.524693907572E-02));
#3306 = CARTESIAN_POINT('',(0.810587423744,-1.03476410588E-02));
#3307 = CARTESIAN_POINT('',(0.553827269034,-1.263543078279E-02));
#3308 = ( GEOMETRIC_REPRESENTATION_CONTEXT(2) 
PARAMETRIC_REPRESENTATION_CONTEXT() REPRESENTATION_CONTEXT('2D SPACE',''
  ) );
#3309 = ADVANCED_FACE('',(#3310),#209,.T.);
#3310 = FACE_BOUND('',#3311,.T.);
#3311 = EDGE_LOOP('',(#3312,#3313,#3336,#3367,#3368,#3369));
#3312 = ORIENTED_EDGE('',*,*,#3280,.F.);
#3313 = ORIENTED_EDGE('',*,*,#3314,.T.);
#3314 = EDGE_CURVE('',#3253,#3315,#3317,.T.);
#3315 = VERTEX_POINT('',#3316);
#3316 = CARTESIAN_POINT('',(207.5124999896,25.977404194236,
    12.390932844992));
#3317 = SURFACE_CURVE('',#3318,(#3322,#3329),.PCURVE_S1.);
#3318 = LINE('',#3319,#3320);
#3319 = CARTESIAN_POINT('',(207.5124999896,25.545019916642,
    9.067156264907E-03));
#3320 = VECTOR('',#3321,1.);
#3321 = DIRECTION('',(0.,3.48994967025E-02,0.999390827019));
#3322 = PCURVE('',#209,#3323);
#3323 = DEFINITIONAL_REPRESENTATION('',(#3324),#3328);
#3324 = LINE('',#3325,#3326);
#3325 = CARTESIAN_POINT('',(2.094395142425,0.));
#3326 = VECTOR('',#3327,1.);
#3327 = DIRECTION('',(0.,1.));
#3328 = ( GEOMETRIC_REPRESENTATION_CONTEXT(2) 
PARAMETRIC_REPRESENTATION_CONTEXT() REPRESENTATION_CONTEXT('2D SPACE',''
  ) );
#3329 = PCURVE('',#3268,#3330);
#3330 = DEFINITIONAL_REPRESENTATION('',(#3331),#3335);
#3331 = LINE('',#3332,#3333);
#3332 = CARTESIAN_POINT('',(6.703005987446,6.343830990626));
#3333 = VECTOR('',#3334,1.);
#3334 = DIRECTION('',(1.745772503396E-02,-0.999847602306));
#3335 = ( GEOMETRIC_REPRESENTATION_CONTEXT(2) 
PARAMETRIC_REPRESENTATION_CONTEXT() REPRESENTATION_CONTEXT('2D SPACE',''
  ) );
#3336 = ORIENTED_EDGE('',*,*,#3337,.T.);
#3337 = EDGE_CURVE('',#3315,#1472,#3338,.T.);
#3338 = SURFACE_CURVE('',#3339,(#3344,#3356),.PCURVE_S1.);
#3339 = ELLIPSE('',#3340,0.428016616763,0.3);
#3340 = AXIS2_PLACEMENT_3D('',#3341,#3342,#3343);
#3341 = CARTESIAN_POINT('',(207.6625,25.717754846885,12.4));
#3342 = DIRECTION('',(0.617694608404,0.331947620022,-0.712926467674));
#3343 = DIRECTION('',(-0.60700357172,-0.375132367759,-0.700587161301));
#3344 = PCURVE('',#209,#3345);
#3345 = DEFINITIONAL_REPRESENTATION('',(#3346),#3355);
#3346 = B_SPLINE_CURVE_WITH_KNOTS('',7,(#3347,#3348,#3349,#3350,#3351,
    #3352,#3353,#3354),.UNSPECIFIED.,.F.,.F.,(8,8),(1.570796326795,
    3.171821106993),.PIECEWISE_BEZIER_KNOTS.);
#3347 = CARTESIAN_POINT('',(2.094395142425,12.389412984367));
#3348 = CARTESIAN_POINT('',(1.865677316682,12.459236840958));
#3349 = CARTESIAN_POINT('',(1.636959490939,12.529060368765));
#3350 = CARTESIAN_POINT('',(1.408241665198,12.592920247164));
#3351 = CARTESIAN_POINT('',(1.179523839454,12.644840715297));
#3352 = CARTESIAN_POINT('',(0.950806013712,12.680154571375));
#3353 = CARTESIAN_POINT('',(0.722088187969,12.696667704831));
#3354 = CARTESIAN_POINT('',(0.493370362227,12.694557359062));
#3355 = ( GEOMETRIC_REPRESENTATION_CONTEXT(2) 
PARAMETRIC_REPRESENTATION_CONTEXT() REPRESENTATION_CONTEXT('2D SPACE',''
  ) );
#3356 = PCURVE('',#1518,#3357);
#3357 = DEFINITIONAL_REPRESENTATION('',(#3358),#3366);
#3358 = B_SPLINE_CURVE_WITH_KNOTS('',6,(#3359,#3360,#3361,#3362,#3363,
    #3364,#3365),.UNSPECIFIED.,.F.,.F.,(7,7),(1.570796326795,
    3.171821106993),.PIECEWISE_BEZIER_KNOTS.);
#3359 = CARTESIAN_POINT('',(1.601024780199,0.5250933648));
#3360 = CARTESIAN_POINT('',(1.334187316832,0.443632198777));
#3361 = CARTESIAN_POINT('',(1.06735112301,0.362177806418));
#3362 = CARTESIAN_POINT('',(0.800512303,0.291120108023));
#3363 = CARTESIAN_POINT('',(0.533673828675,0.241090611925));
#3364 = CARTESIAN_POINT('',(0.266837463367,0.21748692004));
#3365 = CARTESIAN_POINT('',(6.160627563645E-13,0.219948990105));
#3366 = ( GEOMETRIC_REPRESENTATION_CONTEXT(2) 
PARAMETRIC_REPRESENTATION_CONTEXT() REPRESENTATION_CONTEXT('2D SPACE',''
  ) );
#3367 = ORIENTED_EDGE('',*,*,#1471,.T.);
#3368 = ORIENTED_EDGE('',*,*,#1398,.F.);
#3369 = ORIENTED_EDGE('',*,*,#188,.F.);
#3370 = ADVANCED_FACE('',(#3371),#564,.T.);
#3371 = FACE_BOUND('',#3372,.T.);
#3372 = EDGE_LOOP('',(#3373,#3394,#3395,#3416));
#3373 = ORIENTED_EDGE('',*,*,#3374,.T.);
#3374 = EDGE_CURVE('',#547,#2077,#3375,.T.);
#3375 = SURFACE_CURVE('',#3376,(#3380,#3387),.PCURVE_S1.);
#3376 = LINE('',#3377,#3378);
#3377 = CARTESIAN_POINT('',(43.024435397647,26.,0.));
#3378 = VECTOR('',#3379,1.);
#3379 = DIRECTION('',(0.,0.,1.));
#3380 = PCURVE('',#564,#3381);
#3381 = DEFINITIONAL_REPRESENTATION('',(#3382),#3386);
#3382 = LINE('',#3383,#3384);
#3383 = CARTESIAN_POINT('',(0.,0.));
#3384 = VECTOR('',#3385,1.);
#3385 = DIRECTION('',(0.,-1.));
#3386 = ( GEOMETRIC_REPRESENTATION_CONTEXT(2) 
PARAMETRIC_REPRESENTATION_CONTEXT() REPRESENTATION_CONTEXT('2D SPACE',''
  ) );
#3387 = PCURVE('',#592,#3388);
#3388 = DEFINITIONAL_REPRESENTATION('',(#3389),#3393);
#3389 = LINE('',#3390,#3391);
#3390 = CARTESIAN_POINT('',(14.549226783579,0.));
#3391 = VECTOR('',#3392,1.);
#3392 = DIRECTION('',(0.,-1.));
#3393 = ( GEOMETRIC_REPRESENTATION_CONTEXT(2) 
PARAMETRIC_REPRESENTATION_CONTEXT() REPRESENTATION_CONTEXT('2D SPACE',''
  ) );
#3394 = ORIENTED_EDGE('',*,*,#2076,.T.);
#3395 = ORIENTED_EDGE('',*,*,#3396,.F.);
#3396 = EDGE_CURVE('',#549,#2079,#3397,.T.);
#3397 = SURFACE_CURVE('',#3398,(#3402,#3409),.PCURVE_S1.);
#3398 = LINE('',#3399,#3400);
#3399 = CARTESIAN_POINT('',(35.749822005857,38.6,0.));
#3400 = VECTOR('',#3401,1.);
#3401 = DIRECTION('',(0.,0.,1.));
#3402 = PCURVE('',#564,#3403);
#3403 = DEFINITIONAL_REPRESENTATION('',(#3404),#3408);
#3404 = LINE('',#3405,#3406);
#3405 = CARTESIAN_POINT('',(14.549226783579,0.));
#3406 = VECTOR('',#3407,1.);
#3407 = DIRECTION('',(0.,-1.));
#3408 = ( GEOMETRIC_REPRESENTATION_CONTEXT(2) 
PARAMETRIC_REPRESENTATION_CONTEXT() REPRESENTATION_CONTEXT('2D SPACE',''
  ) );
#3409 = PCURVE('',#702,#3410);
#3410 = DEFINITIONAL_REPRESENTATION('',(#3411),#3415);
#3411 = LINE('',#3412,#3413);
#3412 = CARTESIAN_POINT('',(0.,-0.));
#3413 = VECTOR('',#3414,1.);
#3414 = DIRECTION('',(0.,-1.));
#3415 = ( GEOMETRIC_REPRESENTATION_CONTEXT(2) 
PARAMETRIC_REPRESENTATION_CONTEXT() REPRESENTATION_CONTEXT('2D SPACE',''
  ) );
#3416 = ORIENTED_EDGE('',*,*,#546,.F.);
#3417 = ADVANCED_FACE('',(#3418),#592,.T.);
#3418 = FACE_BOUND('',#3419,.T.);
#3419 = EDGE_LOOP('',(#3420,#3441,#3442,#3443));
#3420 = ORIENTED_EDGE('',*,*,#3421,.T.);
#3421 = EDGE_CURVE('',#577,#2102,#3422,.T.);
#3422 = SURFACE_CURVE('',#3423,(#3427,#3434),.PCURVE_S1.);
#3423 = LINE('',#3424,#3425);
#3424 = CARTESIAN_POINT('',(35.749822005857,13.4,0.));
#3425 = VECTOR('',#3426,1.);
#3426 = DIRECTION('',(0.,0.,1.));
#3427 = PCURVE('',#592,#3428);
#3428 = DEFINITIONAL_REPRESENTATION('',(#3429),#3433);
#3429 = LINE('',#3430,#3431);
#3430 = CARTESIAN_POINT('',(0.,0.));
#3431 = VECTOR('',#3432,1.);
#3432 = DIRECTION('',(0.,-1.));
#3433 = ( GEOMETRIC_REPRESENTATION_CONTEXT(2) 
PARAMETRIC_REPRESENTATION_CONTEXT() REPRESENTATION_CONTEXT('2D SPACE',''
  ) );
#3434 = PCURVE('',#620,#3435);
#3435 = DEFINITIONAL_REPRESENTATION('',(#3436),#3440);
#3436 = LINE('',#3437,#3438);
#3437 = CARTESIAN_POINT('',(14.549226783579,0.));
#3438 = VECTOR('',#3439,1.);
#3439 = DIRECTION('',(0.,-1.));
#3440 = ( GEOMETRIC_REPRESENTATION_CONTEXT(2) 
PARAMETRIC_REPRESENTATION_CONTEXT() REPRESENTATION_CONTEXT('2D SPACE',''
  ) );
#3441 = ORIENTED_EDGE('',*,*,#2101,.T.);
#3442 = ORIENTED_EDGE('',*,*,#3374,.F.);
#3443 = ORIENTED_EDGE('',*,*,#576,.F.);
#3444 = ADVANCED_FACE('',(#3445),#702,.T.);
#3445 = FACE_BOUND('',#3446,.T.);
#3446 = EDGE_LOOP('',(#3447,#3448,#3449,#3470));
#3447 = ORIENTED_EDGE('',*,*,#3396,.T.);
#3448 = ORIENTED_EDGE('',*,*,#2193,.T.);
#3449 = ORIENTED_EDGE('',*,*,#3450,.F.);
#3450 = EDGE_CURVE('',#661,#2171,#3451,.T.);
#3451 = SURFACE_CURVE('',#3452,(#3456,#3463),.PCURVE_S1.);
#3452 = LINE('',#3453,#3454);
#3453 = CARTESIAN_POINT('',(21.200595222279,38.6,0.));
#3454 = VECTOR('',#3455,1.);
#3455 = DIRECTION('',(0.,0.,1.));
#3456 = PCURVE('',#702,#3457);
#3457 = DEFINITIONAL_REPRESENTATION('',(#3458),#3462);
#3458 = LINE('',#3459,#3460);
#3459 = CARTESIAN_POINT('',(14.549226783579,0.));
#3460 = VECTOR('',#3461,1.);
#3461 = DIRECTION('',(0.,-1.));
#3462 = ( GEOMETRIC_REPRESENTATION_CONTEXT(2) 
PARAMETRIC_REPRESENTATION_CONTEXT() REPRESENTATION_CONTEXT('2D SPACE',''
  ) );
#3463 = PCURVE('',#676,#3464);
#3464 = DEFINITIONAL_REPRESENTATION('',(#3465),#3469);
#3465 = LINE('',#3466,#3467);
#3466 = CARTESIAN_POINT('',(0.,0.));
#3467 = VECTOR('',#3468,1.);
#3468 = DIRECTION('',(0.,-1.));
#3469 = ( GEOMETRIC_REPRESENTATION_CONTEXT(2) 
PARAMETRIC_REPRESENTATION_CONTEXT() REPRESENTATION_CONTEXT('2D SPACE',''
  ) );
#3470 = ORIENTED_EDGE('',*,*,#688,.F.);
#3471 = ADVANCED_FACE('',(#3472),#620,.T.);
#3472 = FACE_BOUND('',#3473,.T.);
#3473 = EDGE_LOOP('',(#3474,#3495,#3496,#3497));
#3474 = ORIENTED_EDGE('',*,*,#3475,.T.);
#3475 = EDGE_CURVE('',#605,#2125,#3476,.T.);
#3476 = SURFACE_CURVE('',#3477,(#3481,#3488),.PCURVE_S1.);
#3477 = LINE('',#3478,#3479);
#3478 = CARTESIAN_POINT('',(21.200595222279,13.4,0.));
#3479 = VECTOR('',#3480,1.);
#3480 = DIRECTION('',(0.,0.,1.));
#3481 = PCURVE('',#620,#3482);
#3482 = DEFINITIONAL_REPRESENTATION('',(#3483),#3487);
#3483 = LINE('',#3484,#3485);
#3484 = CARTESIAN_POINT('',(0.,0.));
#3485 = VECTOR('',#3486,1.);
#3486 = DIRECTION('',(0.,-1.));
#3487 = ( GEOMETRIC_REPRESENTATION_CONTEXT(2) 
PARAMETRIC_REPRESENTATION_CONTEXT() REPRESENTATION_CONTEXT('2D SPACE',''
  ) );
#3488 = PCURVE('',#648,#3489);
#3489 = DEFINITIONAL_REPRESENTATION('',(#3490),#3494);
#3490 = LINE('',#3491,#3492);
#3491 = CARTESIAN_POINT('',(14.549226783579,0.));
#3492 = VECTOR('',#3493,1.);
#3493 = DIRECTION('',(0.,-1.));
#3494 = ( GEOMETRIC_REPRESENTATION_CONTEXT(2) 
PARAMETRIC_REPRESENTATION_CONTEXT() REPRESENTATION_CONTEXT('2D SPACE',''
  ) );
#3495 = ORIENTED_EDGE('',*,*,#2124,.T.);
#3496 = ORIENTED_EDGE('',*,*,#3421,.F.);
#3497 = ORIENTED_EDGE('',*,*,#604,.F.);
#3498 = ADVANCED_FACE('',(#3499),#676,.T.);
#3499 = FACE_BOUND('',#3500,.T.);
#3500 = EDGE_LOOP('',(#3501,#3502,#3503,#3524));
#3501 = ORIENTED_EDGE('',*,*,#3450,.T.);
#3502 = ORIENTED_EDGE('',*,*,#2170,.T.);
#3503 = ORIENTED_EDGE('',*,*,#3504,.F.);
#3504 = EDGE_CURVE('',#633,#2148,#3505,.T.);
#3505 = SURFACE_CURVE('',#3506,(#3510,#3517),.PCURVE_S1.);
#3506 = LINE('',#3507,#3508);
#3507 = CARTESIAN_POINT('',(13.925981830489,26.,0.));
#3508 = VECTOR('',#3509,1.);
#3509 = DIRECTION('',(0.,0.,1.));
#3510 = PCURVE('',#676,#3511);
#3511 = DEFINITIONAL_REPRESENTATION('',(#3512),#3516);
#3512 = LINE('',#3513,#3514);
#3513 = CARTESIAN_POINT('',(14.549226783579,0.));
#3514 = VECTOR('',#3515,1.);
#3515 = DIRECTION('',(0.,-1.));
#3516 = ( GEOMETRIC_REPRESENTATION_CONTEXT(2) 
PARAMETRIC_REPRESENTATION_CONTEXT() REPRESENTATION_CONTEXT('2D SPACE',''
  ) );
#3517 = PCURVE('',#648,#3518);
#3518 = DEFINITIONAL_REPRESENTATION('',(#3519),#3523);
#3519 = LINE('',#3520,#3521);
#3520 = CARTESIAN_POINT('',(0.,0.));
#3521 = VECTOR('',#3522,1.);
#3522 = DIRECTION('',(0.,-1.));
#3523 = ( GEOMETRIC_REPRESENTATION_CONTEXT(2) 
PARAMETRIC_REPRESENTATION_CONTEXT() REPRESENTATION_CONTEXT('2D SPACE',''
  ) );
#3524 = ORIENTED_EDGE('',*,*,#660,.F.);
#3525 = ADVANCED_FACE('',(#3526),#648,.T.);
#3526 = FACE_BOUND('',#3527,.T.);
#3527 = EDGE_LOOP('',(#3528,#3529,#3530,#3531));
#3528 = ORIENTED_EDGE('',*,*,#3504,.T.);
#3529 = ORIENTED_EDGE('',*,*,#2147,.T.);
#3530 = ORIENTED_EDGE('',*,*,#3475,.F.);
#3531 = ORIENTED_EDGE('',*,*,#632,.F.);
#3532 = ADVANCED_FACE('',(#3533),#734,.T.);
#3533 = FACE_BOUND('',#3534,.T.);
#3534 = EDGE_LOOP('',(#3535,#3556,#3557,#3578));
#3535 = ORIENTED_EDGE('',*,*,#3536,.T.);
#3536 = EDGE_CURVE('',#717,#2217,#3537,.T.);
#3537 = SURFACE_CURVE('',#3538,(#3542,#3549),.PCURVE_S1.);
#3538 = LINE('',#3539,#3540);
#3539 = CARTESIAN_POINT('',(99.024435397647,26.,0.));
#3540 = VECTOR('',#3541,1.);
#3541 = DIRECTION('',(0.,0.,1.));
#3542 = PCURVE('',#734,#3543);
#3543 = DEFINITIONAL_REPRESENTATION('',(#3544),#3548);
#3544 = LINE('',#3545,#3546);
#3545 = CARTESIAN_POINT('',(0.,0.));
#3546 = VECTOR('',#3547,1.);
#3547 = DIRECTION('',(0.,-1.));
#3548 = ( GEOMETRIC_REPRESENTATION_CONTEXT(2) 
PARAMETRIC_REPRESENTATION_CONTEXT() REPRESENTATION_CONTEXT('2D SPACE',''
  ) );
#3549 = PCURVE('',#762,#3550);
#3550 = DEFINITIONAL_REPRESENTATION('',(#3551),#3555);
#3551 = LINE('',#3552,#3553);
#3552 = CARTESIAN_POINT('',(14.549226783579,0.));
#3553 = VECTOR('',#3554,1.);
#3554 = DIRECTION('',(0.,-1.));
#3555 = ( GEOMETRIC_REPRESENTATION_CONTEXT(2) 
PARAMETRIC_REPRESENTATION_CONTEXT() REPRESENTATION_CONTEXT('2D SPACE',''
  ) );
#3556 = ORIENTED_EDGE('',*,*,#2216,.T.);
#3557 = ORIENTED_EDGE('',*,*,#3558,.F.);
#3558 = EDGE_CURVE('',#719,#2219,#3559,.T.);
#3559 = SURFACE_CURVE('',#3560,(#3564,#3571),.PCURVE_S1.);
#3560 = LINE('',#3561,#3562);
#3561 = CARTESIAN_POINT('',(91.749822005857,38.6,0.));
#3562 = VECTOR('',#3563,1.);
#3563 = DIRECTION('',(0.,0.,1.));
#3564 = PCURVE('',#734,#3565);
#3565 = DEFINITIONAL_REPRESENTATION('',(#3566),#3570);
#3566 = LINE('',#3567,#3568);
#3567 = CARTESIAN_POINT('',(14.549226783579,0.));
#3568 = VECTOR('',#3569,1.);
#3569 = DIRECTION('',(0.,-1.));
#3570 = ( GEOMETRIC_REPRESENTATION_CONTEXT(2) 
PARAMETRIC_REPRESENTATION_CONTEXT() REPRESENTATION_CONTEXT('2D SPACE',''
  ) );
#3571 = PCURVE('',#872,#3572);
#3572 = DEFINITIONAL_REPRESENTATION('',(#3573),#3577);
#3573 = LINE('',#3574,#3575);
#3574 = CARTESIAN_POINT('',(0.,-0.));
#3575 = VECTOR('',#3576,1.);
#3576 = DIRECTION('',(0.,-1.));
#3577 = ( GEOMETRIC_REPRESENTATION_CONTEXT(2) 
PARAMETRIC_REPRESENTATION_CONTEXT() REPRESENTATION_CONTEXT('2D SPACE',''
  ) );
#3578 = ORIENTED_EDGE('',*,*,#716,.F.);
#3579 = ADVANCED_FACE('',(#3580),#762,.T.);
#3580 = FACE_BOUND('',#3581,.T.);
#3581 = EDGE_LOOP('',(#3582,#3603,#3604,#3605));
#3582 = ORIENTED_EDGE('',*,*,#3583,.T.);
#3583 = EDGE_CURVE('',#747,#2242,#3584,.T.);
#3584 = SURFACE_CURVE('',#3585,(#3589,#3596),.PCURVE_S1.);
#3585 = LINE('',#3586,#3587);
#3586 = CARTESIAN_POINT('',(91.749822005857,13.4,0.));
#3587 = VECTOR('',#3588,1.);
#3588 = DIRECTION('',(0.,0.,1.));
#3589 = PCURVE('',#762,#3590);
#3590 = DEFINITIONAL_REPRESENTATION('',(#3591),#3595);
#3591 = LINE('',#3592,#3593);
#3592 = CARTESIAN_POINT('',(0.,0.));
#3593 = VECTOR('',#3594,1.);
#3594 = DIRECTION('',(0.,-1.));
#3595 = ( GEOMETRIC_REPRESENTATION_CONTEXT(2) 
PARAMETRIC_REPRESENTATION_CONTEXT() REPRESENTATION_CONTEXT('2D SPACE',''
  ) );
#3596 = PCURVE('',#790,#3597);
#3597 = DEFINITIONAL_REPRESENTATION('',(#3598),#3602);
#3598 = LINE('',#3599,#3600);
#3599 = CARTESIAN_POINT('',(14.549226783579,0.));
#3600 = VECTOR('',#3601,1.);
#3601 = DIRECTION('',(0.,-1.));
#3602 = ( GEOMETRIC_REPRESENTATION_CONTEXT(2) 
PARAMETRIC_REPRESENTATION_CONTEXT() REPRESENTATION_CONTEXT('2D SPACE',''
  ) );
#3603 = ORIENTED_EDGE('',*,*,#2241,.T.);
#3604 = ORIENTED_EDGE('',*,*,#3536,.F.);
#3605 = ORIENTED_EDGE('',*,*,#746,.F.);
#3606 = ADVANCED_FACE('',(#3607),#872,.T.);
#3607 = FACE_BOUND('',#3608,.T.);
#3608 = EDGE_LOOP('',(#3609,#3610,#3611,#3632));
#3609 = ORIENTED_EDGE('',*,*,#3558,.T.);
#3610 = ORIENTED_EDGE('',*,*,#2333,.T.);
#3611 = ORIENTED_EDGE('',*,*,#3612,.F.);
#3612 = EDGE_CURVE('',#831,#2311,#3613,.T.);
#3613 = SURFACE_CURVE('',#3614,(#3618,#3625),.PCURVE_S1.);
#3614 = LINE('',#3615,#3616);
#3615 = CARTESIAN_POINT('',(77.200595222279,38.6,0.));
#3616 = VECTOR('',#3617,1.);
#3617 = DIRECTION('',(0.,0.,1.));
#3618 = PCURVE('',#872,#3619);
#3619 = DEFINITIONAL_REPRESENTATION('',(#3620),#3624);
#3620 = LINE('',#3621,#3622);
#3621 = CARTESIAN_POINT('',(14.549226783579,0.));
#3622 = VECTOR('',#3623,1.);
#3623 = DIRECTION('',(0.,-1.));
#3624 = ( GEOMETRIC_REPRESENTATION_CONTEXT(2) 
PARAMETRIC_REPRESENTATION_CONTEXT() REPRESENTATION_CONTEXT('2D SPACE',''
  ) );
#3625 = PCURVE('',#846,#3626);
#3626 = DEFINITIONAL_REPRESENTATION('',(#3627),#3631);
#3627 = LINE('',#3628,#3629);
#3628 = CARTESIAN_POINT('',(0.,0.));
#3629 = VECTOR('',#3630,1.);
#3630 = DIRECTION('',(0.,-1.));
#3631 = ( GEOMETRIC_REPRESENTATION_CONTEXT(2) 
PARAMETRIC_REPRESENTATION_CONTEXT() REPRESENTATION_CONTEXT('2D SPACE',''
  ) );
#3632 = ORIENTED_EDGE('',*,*,#858,.F.);
#3633 = ADVANCED_FACE('',(#3634),#790,.T.);
#3634 = FACE_BOUND('',#3635,.T.);
#3635 = EDGE_LOOP('',(#3636,#3657,#3658,#3659));
#3636 = ORIENTED_EDGE('',*,*,#3637,.T.);
#3637 = EDGE_CURVE('',#775,#2265,#3638,.T.);
#3638 = SURFACE_CURVE('',#3639,(#3643,#3650),.PCURVE_S1.);
#3639 = LINE('',#3640,#3641);
#3640 = CARTESIAN_POINT('',(77.200595222279,13.4,0.));
#3641 = VECTOR('',#3642,1.);
#3642 = DIRECTION('',(0.,0.,1.));
#3643 = PCURVE('',#790,#3644);
#3644 = DEFINITIONAL_REPRESENTATION('',(#3645),#3649);
#3645 = LINE('',#3646,#3647);
#3646 = CARTESIAN_POINT('',(0.,0.));
#3647 = VECTOR('',#3648,1.);
#3648 = DIRECTION('',(0.,-1.));
#3649 = ( GEOMETRIC_REPRESENTATION_CONTEXT(2) 
PARAMETRIC_REPRESENTATION_CONTEXT() REPRESENTATION_CONTEXT('2D SPACE',''
  ) );
#3650 = PCURVE('',#818,#3651);
#3651 = DEFINITIONAL_REPRESENTATION('',(#3652),#3656);
#3652 = LINE('',#3653,#3654);
#3653 = CARTESIAN_POINT('',(14.549226783579,0.));
#3654 = VECTOR('',#3655,1.);
#3655 = DIRECTION('',(0.,-1.));
#3656 = ( GEOMETRIC_REPRESENTATION_CONTEXT(2) 
PARAMETRIC_REPRESENTATION_CONTEXT() REPRESENTATION_CONTEXT('2D SPACE',''
  ) );
#3657 = ORIENTED_EDGE('',*,*,#2264,.T.);
#3658 = ORIENTED_EDGE('',*,*,#3583,.F.);
#3659 = ORIENTED_EDGE('',*,*,#774,.F.);
#3660 = ADVANCED_FACE('',(#3661),#846,.T.);
#3661 = FACE_BOUND('',#3662,.T.);
#3662 = EDGE_LOOP('',(#3663,#3664,#3665,#3686));
#3663 = ORIENTED_EDGE('',*,*,#3612,.T.);
#3664 = ORIENTED_EDGE('',*,*,#2310,.T.);
#3665 = ORIENTED_EDGE('',*,*,#3666,.F.);
#3666 = EDGE_CURVE('',#803,#2288,#3667,.T.);
#3667 = SURFACE_CURVE('',#3668,(#3672,#3679),.PCURVE_S1.);
#3668 = LINE('',#3669,#3670);
#3669 = CARTESIAN_POINT('',(69.925981830489,26.,0.));
#3670 = VECTOR('',#3671,1.);
#3671 = DIRECTION('',(0.,0.,1.));
#3672 = PCURVE('',#846,#3673);
#3673 = DEFINITIONAL_REPRESENTATION('',(#3674),#3678);
#3674 = LINE('',#3675,#3676);
#3675 = CARTESIAN_POINT('',(14.549226783579,0.));
#3676 = VECTOR('',#3677,1.);
#3677 = DIRECTION('',(0.,-1.));
#3678 = ( GEOMETRIC_REPRESENTATION_CONTEXT(2) 
PARAMETRIC_REPRESENTATION_CONTEXT() REPRESENTATION_CONTEXT('2D SPACE',''
  ) );
#3679 = PCURVE('',#818,#3680);
#3680 = DEFINITIONAL_REPRESENTATION('',(#3681),#3685);
#3681 = LINE('',#3682,#3683);
#3682 = CARTESIAN_POINT('',(0.,0.));
#3683 = VECTOR('',#3684,1.);
#3684 = DIRECTION('',(0.,-1.));
#3685 = ( GEOMETRIC_REPRESENTATION_CONTEXT(2) 
PARAMETRIC_REPRESENTATION_CONTEXT() REPRESENTATION_CONTEXT('2D SPACE',''
  ) );
#3686 = ORIENTED_EDGE('',*,*,#830,.F.);
#3687 = ADVANCED_FACE('',(#3688),#818,.T.);
#3688 = FACE_BOUND('',#3689,.T.);
#3689 = EDGE_LOOP('',(#3690,#3691,#3692,#3693));
#3690 = ORIENTED_EDGE('',*,*,#3666,.T.);
#3691 = ORIENTED_EDGE('',*,*,#2287,.T.);
#3692 = ORIENTED_EDGE('',*,*,#3637,.F.);
#3693 = ORIENTED_EDGE('',*,*,#802,.F.);
#3694 = ADVANCED_FACE('',(#3695),#904,.T.);
#3695 = FACE_BOUND('',#3696,.T.);
#3696 = EDGE_LOOP('',(#3697,#3718,#3719,#3740));
#3697 = ORIENTED_EDGE('',*,*,#3698,.T.);
#3698 = EDGE_CURVE('',#887,#2357,#3699,.T.);
#3699 = SURFACE_CURVE('',#3700,(#3704,#3711),.PCURVE_S1.);
#3700 = LINE('',#3701,#3702);
#3701 = CARTESIAN_POINT('',(155.02443539764,26.,0.));
#3702 = VECTOR('',#3703,1.);
#3703 = DIRECTION('',(0.,0.,1.));
#3704 = PCURVE('',#904,#3705);
#3705 = DEFINITIONAL_REPRESENTATION('',(#3706),#3710);
#3706 = LINE('',#3707,#3708);
#3707 = CARTESIAN_POINT('',(0.,0.));
#3708 = VECTOR('',#3709,1.);
#3709 = DIRECTION('',(0.,-1.));
#3710 = ( GEOMETRIC_REPRESENTATION_CONTEXT(2) 
PARAMETRIC_REPRESENTATION_CONTEXT() REPRESENTATION_CONTEXT('2D SPACE',''
  ) );
#3711 = PCURVE('',#932,#3712);
#3712 = DEFINITIONAL_REPRESENTATION('',(#3713),#3717);
#3713 = LINE('',#3714,#3715);
#3714 = CARTESIAN_POINT('',(14.549226783579,0.));
#3715 = VECTOR('',#3716,1.);
#3716 = DIRECTION('',(0.,-1.));
#3717 = ( GEOMETRIC_REPRESENTATION_CONTEXT(2) 
PARAMETRIC_REPRESENTATION_CONTEXT() REPRESENTATION_CONTEXT('2D SPACE',''
  ) );
#3718 = ORIENTED_EDGE('',*,*,#2356,.T.);
#3719 = ORIENTED_EDGE('',*,*,#3720,.F.);
#3720 = EDGE_CURVE('',#889,#2359,#3721,.T.);
#3721 = SURFACE_CURVE('',#3722,(#3726,#3733),.PCURVE_S1.);
#3722 = LINE('',#3723,#3724);
#3723 = CARTESIAN_POINT('',(147.74982200585,38.6,0.));
#3724 = VECTOR('',#3725,1.);
#3725 = DIRECTION('',(0.,0.,1.));
#3726 = PCURVE('',#904,#3727);
#3727 = DEFINITIONAL_REPRESENTATION('',(#3728),#3732);
#3728 = LINE('',#3729,#3730);
#3729 = CARTESIAN_POINT('',(14.549226783579,0.));
#3730 = VECTOR('',#3731,1.);
#3731 = DIRECTION('',(0.,-1.));
#3732 = ( GEOMETRIC_REPRESENTATION_CONTEXT(2) 
PARAMETRIC_REPRESENTATION_CONTEXT() REPRESENTATION_CONTEXT('2D SPACE',''
  ) );
#3733 = PCURVE('',#1042,#3734);
#3734 = DEFINITIONAL_REPRESENTATION('',(#3735),#3739);
#3735 = LINE('',#3736,#3737);
#3736 = CARTESIAN_POINT('',(0.,-0.));
#3737 = VECTOR('',#3738,1.);
#3738 = DIRECTION('',(0.,-1.));
#3739 = ( GEOMETRIC_REPRESENTATION_CONTEXT(2) 
PARAMETRIC_REPRESENTATION_CONTEXT() REPRESENTATION_CONTEXT('2D SPACE',''
  ) );
#3740 = ORIENTED_EDGE('',*,*,#886,.F.);
#3741 = ADVANCED_FACE('',(#3742),#932,.T.);
#3742 = FACE_BOUND('',#3743,.T.);
#3743 = EDGE_LOOP('',(#3744,#3765,#3766,#3767));
#3744 = ORIENTED_EDGE('',*,*,#3745,.T.);
#3745 = EDGE_CURVE('',#917,#2382,#3746,.T.);
#3746 = SURFACE_CURVE('',#3747,(#3751,#3758),.PCURVE_S1.);
#3747 = LINE('',#3748,#3749);
#3748 = CARTESIAN_POINT('',(147.74982200585,13.4,0.));
#3749 = VECTOR('',#3750,1.);
#3750 = DIRECTION('',(0.,0.,1.));
#3751 = PCURVE('',#932,#3752);
#3752 = DEFINITIONAL_REPRESENTATION('',(#3753),#3757);
#3753 = LINE('',#3754,#3755);
#3754 = CARTESIAN_POINT('',(0.,0.));
#3755 = VECTOR('',#3756,1.);
#3756 = DIRECTION('',(0.,-1.));
#3757 = ( GEOMETRIC_REPRESENTATION_CONTEXT(2) 
PARAMETRIC_REPRESENTATION_CONTEXT() REPRESENTATION_CONTEXT('2D SPACE',''
  ) );
#3758 = PCURVE('',#960,#3759);
#3759 = DEFINITIONAL_REPRESENTATION('',(#3760),#3764);
#3760 = LINE('',#3761,#3762);
#3761 = CARTESIAN_POINT('',(14.549226783579,0.));
#3762 = VECTOR('',#3763,1.);
#3763 = DIRECTION('',(0.,-1.));
#3764 = ( GEOMETRIC_REPRESENTATION_CONTEXT(2) 
PARAMETRIC_REPRESENTATION_CONTEXT() REPRESENTATION_CONTEXT('2D SPACE',''
  ) );
#3765 = ORIENTED_EDGE('',*,*,#2381,.T.);
#3766 = ORIENTED_EDGE('',*,*,#3698,.F.);
#3767 = ORIENTED_EDGE('',*,*,#916,.F.);
#3768 = ADVANCED_FACE('',(#3769),#1042,.T.);
#3769 = FACE_BOUND('',#3770,.T.);
#3770 = EDGE_LOOP('',(#3771,#3772,#3773,#3794));
#3771 = ORIENTED_EDGE('',*,*,#3720,.T.);
#3772 = ORIENTED_EDGE('',*,*,#2473,.T.);
#3773 = ORIENTED_EDGE('',*,*,#3774,.F.);
#3774 = EDGE_CURVE('',#1001,#2451,#3775,.T.);
#3775 = SURFACE_CURVE('',#3776,(#3780,#3787),.PCURVE_S1.);
#3776 = LINE('',#3777,#3778);
#3777 = CARTESIAN_POINT('',(133.20059522227,38.6,0.));
#3778 = VECTOR('',#3779,1.);
#3779 = DIRECTION('',(0.,0.,1.));
#3780 = PCURVE('',#1042,#3781);
#3781 = DEFINITIONAL_REPRESENTATION('',(#3782),#3786);
#3782 = LINE('',#3783,#3784);
#3783 = CARTESIAN_POINT('',(14.549226783579,0.));
#3784 = VECTOR('',#3785,1.);
#3785 = DIRECTION('',(0.,-1.));
#3786 = ( GEOMETRIC_REPRESENTATION_CONTEXT(2) 
PARAMETRIC_REPRESENTATION_CONTEXT() REPRESENTATION_CONTEXT('2D SPACE',''
  ) );
#3787 = PCURVE('',#1016,#3788);
#3788 = DEFINITIONAL_REPRESENTATION('',(#3789),#3793);
#3789 = LINE('',#3790,#3791);
#3790 = CARTESIAN_POINT('',(0.,0.));
#3791 = VECTOR('',#3792,1.);
#3792 = DIRECTION('',(0.,-1.));
#3793 = ( GEOMETRIC_REPRESENTATION_CONTEXT(2) 
PARAMETRIC_REPRESENTATION_CONTEXT() REPRESENTATION_CONTEXT('2D SPACE',''
  ) );
#3794 = ORIENTED_EDGE('',*,*,#1028,.F.);
#3795 = ADVANCED_FACE('',(#3796),#960,.T.);
#3796 = FACE_BOUND('',#3797,.T.);
#3797 = EDGE_LOOP('',(#3798,#3819,#3820,#3821));
#3798 = ORIENTED_EDGE('',*,*,#3799,.T.);
#3799 = EDGE_CURVE('',#945,#2405,#3800,.T.);
#3800 = SURFACE_CURVE('',#3801,(#3805,#3812),.PCURVE_S1.);
#3801 = LINE('',#3802,#3803);
#3802 = CARTESIAN_POINT('',(133.20059522227,13.4,0.));
#3803 = VECTOR('',#3804,1.);
#3804 = DIRECTION('',(0.,0.,1.));
#3805 = PCURVE('',#960,#3806);
#3806 = DEFINITIONAL_REPRESENTATION('',(#3807),#3811);
#3807 = LINE('',#3808,#3809);
#3808 = CARTESIAN_POINT('',(0.,0.));
#3809 = VECTOR('',#3810,1.);
#3810 = DIRECTION('',(0.,-1.));
#3811 = ( GEOMETRIC_REPRESENTATION_CONTEXT(2) 
PARAMETRIC_REPRESENTATION_CONTEXT() REPRESENTATION_CONTEXT('2D SPACE',''
  ) );
#3812 = PCURVE('',#988,#3813);
#3813 = DEFINITIONAL_REPRESENTATION('',(#3814),#3818);
#3814 = LINE('',#3815,#3816);
#3815 = CARTESIAN_POINT('',(14.549226783579,0.));
#3816 = VECTOR('',#3817,1.);
#3817 = DIRECTION('',(0.,-1.));
#3818 = ( GEOMETRIC_REPRESENTATION_CONTEXT(2) 
PARAMETRIC_REPRESENTATION_CONTEXT() REPRESENTATION_CONTEXT('2D SPACE',''
  ) );
#3819 = ORIENTED_EDGE('',*,*,#2404,.T.);
#3820 = ORIENTED_EDGE('',*,*,#3745,.F.);
#3821 = ORIENTED_EDGE('',*,*,#944,.F.);
#3822 = ADVANCED_FACE('',(#3823),#1016,.T.);
#3823 = FACE_BOUND('',#3824,.T.);
#3824 = EDGE_LOOP('',(#3825,#3826,#3827,#3848));
#3825 = ORIENTED_EDGE('',*,*,#3774,.T.);
#3826 = ORIENTED_EDGE('',*,*,#2450,.T.);
#3827 = ORIENTED_EDGE('',*,*,#3828,.F.);
#3828 = EDGE_CURVE('',#973,#2428,#3829,.T.);
#3829 = SURFACE_CURVE('',#3830,(#3834,#3841),.PCURVE_S1.);
#3830 = LINE('',#3831,#3832);
#3831 = CARTESIAN_POINT('',(125.92598183048,26.,0.));
#3832 = VECTOR('',#3833,1.);
#3833 = DIRECTION('',(0.,0.,1.));
#3834 = PCURVE('',#1016,#3835);
#3835 = DEFINITIONAL_REPRESENTATION('',(#3836),#3840);
#3836 = LINE('',#3837,#3838);
#3837 = CARTESIAN_POINT('',(14.549226783579,0.));
#3838 = VECTOR('',#3839,1.);
#3839 = DIRECTION('',(0.,-1.));
#3840 = ( GEOMETRIC_REPRESENTATION_CONTEXT(2) 
PARAMETRIC_REPRESENTATION_CONTEXT() REPRESENTATION_CONTEXT('2D SPACE',''
  ) );
#3841 = PCURVE('',#988,#3842);
#3842 = DEFINITIONAL_REPRESENTATION('',(#3843),#3847);
#3843 = LINE('',#3844,#3845);
#3844 = CARTESIAN_POINT('',(0.,0.));
#3845 = VECTOR('',#3846,1.);
#3846 = DIRECTION('',(0.,-1.));
#3847 = ( GEOMETRIC_REPRESENTATION_CONTEXT(2) 
PARAMETRIC_REPRESENTATION_CONTEXT() REPRESENTATION_CONTEXT('2D SPACE',''
  ) );
#3848 = ORIENTED_EDGE('',*,*,#1000,.F.);
#3849 = ADVANCED_FACE('',(#3850),#988,.T.);
#3850 = FACE_BOUND('',#3851,.T.);
#3851 = EDGE_LOOP('',(#3852,#3853,#3854,#3855));
#3852 = ORIENTED_EDGE('',*,*,#3828,.T.);
#3853 = ORIENTED_EDGE('',*,*,#2427,.T.);
#3854 = ORIENTED_EDGE('',*,*,#3799,.F.);
#3855 = ORIENTED_EDGE('',*,*,#972,.F.);
#3856 = ADVANCED_FACE('',(#3857),#1074,.T.);
#3857 = FACE_BOUND('',#3858,.T.);
#3858 = EDGE_LOOP('',(#3859,#3880,#3881,#3902));
#3859 = ORIENTED_EDGE('',*,*,#3860,.T.);
#3860 = EDGE_CURVE('',#1057,#2497,#3861,.T.);
#3861 = SURFACE_CURVE('',#3862,(#3866,#3873),.PCURVE_S1.);
#3862 = LINE('',#3863,#3864);
#3863 = CARTESIAN_POINT('',(71.024435397647,48.,0.));
#3864 = VECTOR('',#3865,1.);
#3865 = DIRECTION('',(0.,0.,1.));
#3866 = PCURVE('',#1074,#3867);
#3867 = DEFINITIONAL_REPRESENTATION('',(#3868),#3872);
#3868 = LINE('',#3869,#3870);
#3869 = CARTESIAN_POINT('',(0.,0.));
#3870 = VECTOR('',#3871,1.);
#3871 = DIRECTION('',(0.,-1.));
#3872 = ( GEOMETRIC_REPRESENTATION_CONTEXT(2) 
PARAMETRIC_REPRESENTATION_CONTEXT() REPRESENTATION_CONTEXT('2D SPACE',''
  ) );
#3873 = PCURVE('',#1102,#3874);
#3874 = DEFINITIONAL_REPRESENTATION('',(#3875),#3879);
#3875 = LINE('',#3876,#3877);
#3876 = CARTESIAN_POINT('',(14.549226783579,0.));
#3877 = VECTOR('',#3878,1.);
#3878 = DIRECTION('',(0.,-1.));
#3879 = ( GEOMETRIC_REPRESENTATION_CONTEXT(2) 
PARAMETRIC_REPRESENTATION_CONTEXT() REPRESENTATION_CONTEXT('2D SPACE',''
  ) );
#3880 = ORIENTED_EDGE('',*,*,#2496,.T.);
#3881 = ORIENTED_EDGE('',*,*,#3882,.F.);
#3882 = EDGE_CURVE('',#1059,#2499,#3883,.T.);
#3883 = SURFACE_CURVE('',#3884,(#3888,#3895),.PCURVE_S1.);
#3884 = LINE('',#3885,#3886);
#3885 = CARTESIAN_POINT('',(63.749822005857,60.6,0.));
#3886 = VECTOR('',#3887,1.);
#3887 = DIRECTION('',(0.,0.,1.));
#3888 = PCURVE('',#1074,#3889);
#3889 = DEFINITIONAL_REPRESENTATION('',(#3890),#3894);
#3890 = LINE('',#3891,#3892);
#3891 = CARTESIAN_POINT('',(14.549226783579,0.));
#3892 = VECTOR('',#3893,1.);
#3893 = DIRECTION('',(0.,-1.));
#3894 = ( GEOMETRIC_REPRESENTATION_CONTEXT(2) 
PARAMETRIC_REPRESENTATION_CONTEXT() REPRESENTATION_CONTEXT('2D SPACE',''
  ) );
#3895 = PCURVE('',#1212,#3896);
#3896 = DEFINITIONAL_REPRESENTATION('',(#3897),#3901);
#3897 = LINE('',#3898,#3899);
#3898 = CARTESIAN_POINT('',(0.,-0.));
#3899 = VECTOR('',#3900,1.);
#3900 = DIRECTION('',(0.,-1.));
#3901 = ( GEOMETRIC_REPRESENTATION_CONTEXT(2) 
PARAMETRIC_REPRESENTATION_CONTEXT() REPRESENTATION_CONTEXT('2D SPACE',''
  ) );
#3902 = ORIENTED_EDGE('',*,*,#1056,.F.);
#3903 = ADVANCED_FACE('',(#3904),#1102,.T.);
#3904 = FACE_BOUND('',#3905,.T.);
#3905 = EDGE_LOOP('',(#3906,#3927,#3928,#3929));
#3906 = ORIENTED_EDGE('',*,*,#3907,.T.);
#3907 = EDGE_CURVE('',#1087,#2522,#3908,.T.);
#3908 = SURFACE_CURVE('',#3909,(#3913,#3920),.PCURVE_S1.);
#3909 = LINE('',#3910,#3911);
#3910 = CARTESIAN_POINT('',(63.749822005857,35.4,0.));
#3911 = VECTOR('',#3912,1.);
#3912 = DIRECTION('',(0.,0.,1.));
#3913 = PCURVE('',#1102,#3914);
#3914 = DEFINITIONAL_REPRESENTATION('',(#3915),#3919);
#3915 = LINE('',#3916,#3917);
#3916 = CARTESIAN_POINT('',(0.,0.));
#3917 = VECTOR('',#3918,1.);
#3918 = DIRECTION('',(0.,-1.));
#3919 = ( GEOMETRIC_REPRESENTATION_CONTEXT(2) 
PARAMETRIC_REPRESENTATION_CONTEXT() REPRESENTATION_CONTEXT('2D SPACE',''
  ) );
#3920 = PCURVE('',#1130,#3921);
#3921 = DEFINITIONAL_REPRESENTATION('',(#3922),#3926);
#3922 = LINE('',#3923,#3924);
#3923 = CARTESIAN_POINT('',(14.549226783579,0.));
#3924 = VECTOR('',#3925,1.);
#3925 = DIRECTION('',(0.,-1.));
#3926 = ( GEOMETRIC_REPRESENTATION_CONTEXT(2) 
PARAMETRIC_REPRESENTATION_CONTEXT() REPRESENTATION_CONTEXT('2D SPACE',''
  ) );
#3927 = ORIENTED_EDGE('',*,*,#2521,.T.);
#3928 = ORIENTED_EDGE('',*,*,#3860,.F.);
#3929 = ORIENTED_EDGE('',*,*,#1086,.F.);
#3930 = ADVANCED_FACE('',(#3931),#1212,.T.);
#3931 = FACE_BOUND('',#3932,.T.);
#3932 = EDGE_LOOP('',(#3933,#3934,#3935,#3956));
#3933 = ORIENTED_EDGE('',*,*,#3882,.T.);
#3934 = ORIENTED_EDGE('',*,*,#2613,.T.);
#3935 = ORIENTED_EDGE('',*,*,#3936,.F.);
#3936 = EDGE_CURVE('',#1171,#2591,#3937,.T.);
#3937 = SURFACE_CURVE('',#3938,(#3942,#3949),.PCURVE_S1.);
#3938 = LINE('',#3939,#3940);
#3939 = CARTESIAN_POINT('',(49.200595222279,60.6,0.));
#3940 = VECTOR('',#3941,1.);
#3941 = DIRECTION('',(0.,0.,1.));
#3942 = PCURVE('',#1212,#3943);
#3943 = DEFINITIONAL_REPRESENTATION('',(#3944),#3948);
#3944 = LINE('',#3945,#3946);
#3945 = CARTESIAN_POINT('',(14.549226783579,0.));
#3946 = VECTOR('',#3947,1.);
#3947 = DIRECTION('',(0.,-1.));
#3948 = ( GEOMETRIC_REPRESENTATION_CONTEXT(2) 
PARAMETRIC_REPRESENTATION_CONTEXT() REPRESENTATION_CONTEXT('2D SPACE',''
  ) );
#3949 = PCURVE('',#1186,#3950);
#3950 = DEFINITIONAL_REPRESENTATION('',(#3951),#3955);
#3951 = LINE('',#3952,#3953);
#3952 = CARTESIAN_POINT('',(0.,0.));
#3953 = VECTOR('',#3954,1.);
#3954 = DIRECTION('',(0.,-1.));
#3955 = ( GEOMETRIC_REPRESENTATION_CONTEXT(2) 
PARAMETRIC_REPRESENTATION_CONTEXT() REPRESENTATION_CONTEXT('2D SPACE',''
  ) );
#3956 = ORIENTED_EDGE('',*,*,#1198,.F.);
#3957 = ADVANCED_FACE('',(#3958),#1130,.T.);
#3958 = FACE_BOUND('',#3959,.T.);
#3959 = EDGE_LOOP('',(#3960,#3981,#3982,#3983));
#3960 = ORIENTED_EDGE('',*,*,#3961,.T.);
#3961 = EDGE_CURVE('',#1115,#2545,#3962,.T.);
#3962 = SURFACE_CURVE('',#3963,(#3967,#3974),.PCURVE_S1.);
#3963 = LINE('',#3964,#3965);
#3964 = CARTESIAN_POINT('',(49.200595222279,35.4,0.));
#3965 = VECTOR('',#3966,1.);
#3966 = DIRECTION('',(0.,0.,1.));
#3967 = PCURVE('',#1130,#3968);
#3968 = DEFINITIONAL_REPRESENTATION('',(#3969),#3973);
#3969 = LINE('',#3970,#3971);
#3970 = CARTESIAN_POINT('',(0.,0.));
#3971 = VECTOR('',#3972,1.);
#3972 = DIRECTION('',(0.,-1.));
#3973 = ( GEOMETRIC_REPRESENTATION_CONTEXT(2) 
PARAMETRIC_REPRESENTATION_CONTEXT() REPRESENTATION_CONTEXT('2D SPACE',''
  ) );
#3974 = PCURVE('',#1158,#3975);
#3975 = DEFINITIONAL_REPRESENTATION('',(#3976),#3980);
#3976 = LINE('',#3977,#3978);
#3977 = CARTESIAN_POINT('',(14.549226783579,0.));
#3978 = VECTOR('',#3979,1.);
#3979 = DIRECTION('',(0.,-1.));
#3980 = ( GEOMETRIC_REPRESENTATION_CONTEXT(2) 
PARAMETRIC_REPRESENTATION_CONTEXT() REPRESENTATION_CONTEXT('2D SPACE',''
  ) );
#3981 = ORIENTED_EDGE('',*,*,#2544,.T.);
#3982 = ORIENTED_EDGE('',*,*,#3907,.F.);
#3983 = ORIENTED_EDGE('',*,*,#1114,.F.);
#3984 = ADVANCED_FACE('',(#3985),#1186,.T.);
#3985 = FACE_BOUND('',#3986,.T.);
#3986 = EDGE_LOOP('',(#3987,#3988,#3989,#4010));
#3987 = ORIENTED_EDGE('',*,*,#3936,.T.);
#3988 = ORIENTED_EDGE('',*,*,#2590,.T.);
#3989 = ORIENTED_EDGE('',*,*,#3990,.F.);
#3990 = EDGE_CURVE('',#1143,#2568,#3991,.T.);
#3991 = SURFACE_CURVE('',#3992,(#3996,#4003),.PCURVE_S1.);
#3992 = LINE('',#3993,#3994);
#3993 = CARTESIAN_POINT('',(41.925981830489,48.,0.));
#3994 = VECTOR('',#3995,1.);
#3995 = DIRECTION('',(0.,0.,1.));
#3996 = PCURVE('',#1186,#3997);
#3997 = DEFINITIONAL_REPRESENTATION('',(#3998),#4002);
#3998 = LINE('',#3999,#4000);
#3999 = CARTESIAN_POINT('',(14.549226783579,0.));
#4000 = VECTOR('',#4001,1.);
#4001 = DIRECTION('',(0.,-1.));
#4002 = ( GEOMETRIC_REPRESENTATION_CONTEXT(2) 
PARAMETRIC_REPRESENTATION_CONTEXT() REPRESENTATION_CONTEXT('2D SPACE',''
  ) );
#4003 = PCURVE('',#1158,#4004);
#4004 = DEFINITIONAL_REPRESENTATION('',(#4005),#4009);
#4005 = LINE('',#4006,#4007);
#4006 = CARTESIAN_POINT('',(0.,0.));
#4007 = VECTOR('',#4008,1.);
#4008 = DIRECTION('',(0.,-1.));
#4009 = ( GEOMETRIC_REPRESENTATION_CONTEXT(2) 
PARAMETRIC_REPRESENTATION_CONTEXT() REPRESENTATION_CONTEXT('2D SPACE',''
  ) );
#4010 = ORIENTED_EDGE('',*,*,#1170,.F.);
#4011 = ADVANCED_FACE('',(#4012),#1158,.T.);
#4012 = FACE_BOUND('',#4013,.T.);
#4013 = EDGE_LOOP('',(#4014,#4015,#4016,#4017));
#4014 = ORIENTED_EDGE('',*,*,#3990,.T.);
#4015 = ORIENTED_EDGE('',*,*,#2567,.T.);
#4016 = ORIENTED_EDGE('',*,*,#3961,.F.);
#4017 = ORIENTED_EDGE('',*,*,#1142,.F.);
#4018 = ADVANCED_FACE('',(#4019),#1244,.T.);
#4019 = FACE_BOUND('',#4020,.T.);
#4020 = EDGE_LOOP('',(#4021,#4042,#4043,#4064));
#4021 = ORIENTED_EDGE('',*,*,#4022,.T.);
#4022 = EDGE_CURVE('',#1227,#2637,#4023,.T.);
#4023 = SURFACE_CURVE('',#4024,(#4028,#4035),.PCURVE_S1.);
#4024 = LINE('',#4025,#4026);
#4025 = CARTESIAN_POINT('',(127.02443539764,48.,0.));
#4026 = VECTOR('',#4027,1.);
#4027 = DIRECTION('',(0.,0.,1.));
#4028 = PCURVE('',#1244,#4029);
#4029 = DEFINITIONAL_REPRESENTATION('',(#4030),#4034);
#4030 = LINE('',#4031,#4032);
#4031 = CARTESIAN_POINT('',(0.,0.));
#4032 = VECTOR('',#4033,1.);
#4033 = DIRECTION('',(0.,-1.));
#4034 = ( GEOMETRIC_REPRESENTATION_CONTEXT(2) 
PARAMETRIC_REPRESENTATION_CONTEXT() REPRESENTATION_CONTEXT('2D SPACE',''
  ) );
#4035 = PCURVE('',#1272,#4036);
#4036 = DEFINITIONAL_REPRESENTATION('',(#4037),#4041);
#4037 = LINE('',#4038,#4039);
#4038 = CARTESIAN_POINT('',(14.549226783579,0.));
#4039 = VECTOR('',#4040,1.);
#4040 = DIRECTION('',(0.,-1.));
#4041 = ( GEOMETRIC_REPRESENTATION_CONTEXT(2) 
PARAMETRIC_REPRESENTATION_CONTEXT() REPRESENTATION_CONTEXT('2D SPACE',''
  ) );
#4042 = ORIENTED_EDGE('',*,*,#2636,.T.);
#4043 = ORIENTED_EDGE('',*,*,#4044,.F.);
#4044 = EDGE_CURVE('',#1229,#2639,#4045,.T.);
#4045 = SURFACE_CURVE('',#4046,(#4050,#4057),.PCURVE_S1.);
#4046 = LINE('',#4047,#4048);
#4047 = CARTESIAN_POINT('',(119.74982200585,60.6,0.));
#4048 = VECTOR('',#4049,1.);
#4049 = DIRECTION('',(0.,0.,1.));
#4050 = PCURVE('',#1244,#4051);
#4051 = DEFINITIONAL_REPRESENTATION('',(#4052),#4056);
#4052 = LINE('',#4053,#4054);
#4053 = CARTESIAN_POINT('',(14.549226783579,0.));
#4054 = VECTOR('',#4055,1.);
#4055 = DIRECTION('',(0.,-1.));
#4056 = ( GEOMETRIC_REPRESENTATION_CONTEXT(2) 
PARAMETRIC_REPRESENTATION_CONTEXT() REPRESENTATION_CONTEXT('2D SPACE',''
  ) );
#4057 = PCURVE('',#1382,#4058);
#4058 = DEFINITIONAL_REPRESENTATION('',(#4059),#4063);
#4059 = LINE('',#4060,#4061);
#4060 = CARTESIAN_POINT('',(0.,-0.));
#4061 = VECTOR('',#4062,1.);
#4062 = DIRECTION('',(0.,-1.));
#4063 = ( GEOMETRIC_REPRESENTATION_CONTEXT(2) 
PARAMETRIC_REPRESENTATION_CONTEXT() REPRESENTATION_CONTEXT('2D SPACE',''
  ) );
#4064 = ORIENTED_EDGE('',*,*,#1226,.F.);
#4065 = ADVANCED_FACE('',(#4066),#1272,.T.);
#4066 = FACE_BOUND('',#4067,.T.);
#4067 = EDGE_LOOP('',(#4068,#4089,#4090,#4091));
#4068 = ORIENTED_EDGE('',*,*,#4069,.T.);
#4069 = EDGE_CURVE('',#1257,#2662,#4070,.T.);
#4070 = SURFACE_CURVE('',#4071,(#4075,#4082),.PCURVE_S1.);
#4071 = LINE('',#4072,#4073);
#4072 = CARTESIAN_POINT('',(119.74982200585,35.4,0.));
#4073 = VECTOR('',#4074,1.);
#4074 = DIRECTION('',(0.,0.,1.));
#4075 = PCURVE('',#1272,#4076);
#4076 = DEFINITIONAL_REPRESENTATION('',(#4077),#4081);
#4077 = LINE('',#4078,#4079);
#4078 = CARTESIAN_POINT('',(0.,0.));
#4079 = VECTOR('',#4080,1.);
#4080 = DIRECTION('',(0.,-1.));
#4081 = ( GEOMETRIC_REPRESENTATION_CONTEXT(2) 
PARAMETRIC_REPRESENTATION_CONTEXT() REPRESENTATION_CONTEXT('2D SPACE',''
  ) );
#4082 = PCURVE('',#1300,#4083);
#4083 = DEFINITIONAL_REPRESENTATION('',(#4084),#4088);
#4084 = LINE('',#4085,#4086);
#4085 = CARTESIAN_POINT('',(14.549226783579,0.));
#4086 = VECTOR('',#4087,1.);
#4087 = DIRECTION('',(0.,-1.));
#4088 = ( GEOMETRIC_REPRESENTATION_CONTEXT(2) 
PARAMETRIC_REPRESENTATION_CONTEXT() REPRESENTATION_CONTEXT('2D SPACE',''
  ) );
#4089 = ORIENTED_EDGE('',*,*,#2661,.T.);
#4090 = ORIENTED_EDGE('',*,*,#4022,.F.);
#4091 = ORIENTED_EDGE('',*,*,#1256,.F.);
#4092 = ADVANCED_FACE('',(#4093),#1382,.T.);
#4093 = FACE_BOUND('',#4094,.T.);
#4094 = EDGE_LOOP('',(#4095,#4096,#4097,#4118));
#4095 = ORIENTED_EDGE('',*,*,#4044,.T.);
#4096 = ORIENTED_EDGE('',*,*,#2753,.T.);
#4097 = ORIENTED_EDGE('',*,*,#4098,.F.);
#4098 = EDGE_CURVE('',#1341,#2731,#4099,.T.);
#4099 = SURFACE_CURVE('',#4100,(#4104,#4111),.PCURVE_S1.);
#4100 = LINE('',#4101,#4102);
#4101 = CARTESIAN_POINT('',(105.20059522227,60.6,0.));
#4102 = VECTOR('',#4103,1.);
#4103 = DIRECTION('',(0.,0.,1.));
#4104 = PCURVE('',#1382,#4105);
#4105 = DEFINITIONAL_REPRESENTATION('',(#4106),#4110);
#4106 = LINE('',#4107,#4108);
#4107 = CARTESIAN_POINT('',(14.549226783579,0.));
#4108 = VECTOR('',#4109,1.);
#4109 = DIRECTION('',(0.,-1.));
#4110 = ( GEOMETRIC_REPRESENTATION_CONTEXT(2) 
PARAMETRIC_REPRESENTATION_CONTEXT() REPRESENTATION_CONTEXT('2D SPACE',''
  ) );
#4111 = PCURVE('',#1356,#4112);
#4112 = DEFINITIONAL_REPRESENTATION('',(#4113),#4117);
#4113 = LINE('',#4114,#4115);
#4114 = CARTESIAN_POINT('',(0.,0.));
#4115 = VECTOR('',#4116,1.);
#4116 = DIRECTION('',(0.,-1.));
#4117 = ( GEOMETRIC_REPRESENTATION_CONTEXT(2) 
PARAMETRIC_REPRESENTATION_CONTEXT() REPRESENTATION_CONTEXT('2D SPACE',''
  ) );
#4118 = ORIENTED_EDGE('',*,*,#1368,.F.);
#4119 = ADVANCED_FACE('',(#4120),#1300,.T.);
#4120 = FACE_BOUND('',#4121,.T.);
#4121 = EDGE_LOOP('',(#4122,#4143,#4144,#4145));
#4122 = ORIENTED_EDGE('',*,*,#4123,.T.);
#4123 = EDGE_CURVE('',#1285,#2685,#4124,.T.);
#4124 = SURFACE_CURVE('',#4125,(#4129,#4136),.PCURVE_S1.);
#4125 = LINE('',#4126,#4127);
#4126 = CARTESIAN_POINT('',(105.20059522227,35.4,0.));
#4127 = VECTOR('',#4128,1.);
#4128 = DIRECTION('',(0.,0.,1.));
#4129 = PCURVE('',#1300,#4130);
#4130 = DEFINITIONAL_REPRESENTATION('',(#4131),#4135);
#4131 = LINE('',#4132,#4133);
#4132 = CARTESIAN_POINT('',(0.,0.));
#4133 = VECTOR('',#4134,1.);
#4134 = DIRECTION('',(0.,-1.));
#4135 = ( GEOMETRIC_REPRESENTATION_CONTEXT(2) 
PARAMETRIC_REPRESENTATION_CONTEXT() REPRESENTATION_CONTEXT('2D SPACE',''
  ) );
#4136 = PCURVE('',#1328,#4137);
#4137 = DEFINITIONAL_REPRESENTATION('',(#4138),#4142);
#4138 = LINE('',#4139,#4140);
#4139 = CARTESIAN_POINT('',(14.549226783579,0.));
#4140 = VECTOR('',#4141,1.);
#4141 = DIRECTION('',(0.,-1.));
#4142 = ( GEOMETRIC_REPRESENTATION_CONTEXT(2) 
PARAMETRIC_REPRESENTATION_CONTEXT() REPRESENTATION_CONTEXT('2D SPACE',''
  ) );
#4143 = ORIENTED_EDGE('',*,*,#2684,.T.);
#4144 = ORIENTED_EDGE('',*,*,#4069,.F.);
#4145 = ORIENTED_EDGE('',*,*,#1284,.F.);
#4146 = ADVANCED_FACE('',(#4147),#1356,.T.);
#4147 = FACE_BOUND('',#4148,.T.);
#4148 = EDGE_LOOP('',(#4149,#4150,#4151,#4172));
#4149 = ORIENTED_EDGE('',*,*,#4098,.T.);
#4150 = ORIENTED_EDGE('',*,*,#2730,.T.);
#4151 = ORIENTED_EDGE('',*,*,#4152,.F.);
#4152 = EDGE_CURVE('',#1313,#2708,#4153,.T.);
#4153 = SURFACE_CURVE('',#4154,(#4158,#4165),.PCURVE_S1.);
#4154 = LINE('',#4155,#4156);
#4155 = CARTESIAN_POINT('',(97.925981830489,48.,0.));
#4156 = VECTOR('',#4157,1.);
#4157 = DIRECTION('',(0.,0.,1.));
#4158 = PCURVE('',#1356,#4159);
#4159 = DEFINITIONAL_REPRESENTATION('',(#4160),#4164);
#4160 = LINE('',#4161,#4162);
#4161 = CARTESIAN_POINT('',(14.549226783579,0.));
#4162 = VECTOR('',#4163,1.);
#4163 = DIRECTION('',(0.,-1.));
#4164 = ( GEOMETRIC_REPRESENTATION_CONTEXT(2) 
PARAMETRIC_REPRESENTATION_CONTEXT() REPRESENTATION_CONTEXT('2D SPACE',''
  ) );
#4165 = PCURVE('',#1328,#4166);
#4166 = DEFINITIONAL_REPRESENTATION('',(#4167),#4171);
#4167 = LINE('',#4168,#4169);
#4168 = CARTESIAN_POINT('',(0.,0.));
#4169 = VECTOR('',#4170,1.);
#4170 = DIRECTION('',(0.,-1.));
#4171 = ( GEOMETRIC_REPRESENTATION_CONTEXT(2) 
PARAMETRIC_REPRESENTATION_CONTEXT() REPRESENTATION_CONTEXT('2D SPACE',''
  ) );
#4172 = ORIENTED_EDGE('',*,*,#1340,.F.);
#4173 = ADVANCED_FACE('',(#4174),#1328,.T.);
#4174 = FACE_BOUND('',#4175,.T.);
#4175 = EDGE_LOOP('',(#4176,#4177,#4178,#4179));
#4176 = ORIENTED_EDGE('',*,*,#4152,.T.);
#4177 = ORIENTED_EDGE('',*,*,#2707,.T.);
#4178 = ORIENTED_EDGE('',*,*,#4123,.F.);
#4179 = ORIENTED_EDGE('',*,*,#1312,.F.);
#4180 = ADVANCED_FACE('',(#4181),#1680,.T.);
#4181 = FACE_BOUND('',#4182,.T.);
#4182 = EDGE_LOOP('',(#4183,#4212,#4233,#4234));
#4183 = ORIENTED_EDGE('',*,*,#4184,.T.);
#4184 = EDGE_CURVE('',#1612,#4185,#4187,.T.);
#4185 = VERTEX_POINT('',#4186);
#4186 = CARTESIAN_POINT('',(195.56250000693,71.396256061542,
    12.390932844992));
#4187 = SURFACE_CURVE('',#4188,(#4192,#4206),.PCURVE_S1.);
#4188 = ( BOUNDED_CURVE() B_SPLINE_CURVE(2,(#4189,#4190,#4191),
.UNSPECIFIED.,.F.,.F.) B_SPLINE_CURVE_WITH_KNOTS((3,3),(0.,2.09465904264
),.PIECEWISE_BEZIER_KNOTS.) CURVE() GEOMETRIC_REPRESENTATION_ITEM() 
RATIONAL_B_SPLINE_CURVE((1.,0.696339051747,1.)) REPRESENTATION_ITEM('') 
  );
#4189 = CARTESIAN_POINT('',(195.71250001733,71.655905408893,12.7));
#4190 = CARTESIAN_POINT('',(195.55782513653,71.388163881781,12.7));
#4191 = CARTESIAN_POINT('',(195.56250000693,71.396256061542,
    12.390932844992));
#4192 = PCURVE('',#1680,#4193);
#4193 = DEFINITIONAL_REPRESENTATION('',(#4194),#4205);
#4194 = B_SPLINE_CURVE_WITH_KNOTS('',9,(#4195,#4196,#4197,#4198,#4199,
    #4200,#4201,#4202,#4203,#4204),.UNSPECIFIED.,.F.,.F.,(10,10),(0.,
    2.09465904264),.PIECEWISE_BEZIER_KNOTS.);
#4195 = CARTESIAN_POINT('',(-1.110223024625E-16,0.341064079413));
#4196 = CARTESIAN_POINT('',(0.159491773852,0.341064079413));
#4197 = CARTESIAN_POINT('',(0.331090311857,0.341064079413));
#4198 = CARTESIAN_POINT('',(0.513447523062,0.341064079413));
#4199 = CARTESIAN_POINT('',(0.703690953959,0.341064079413));
#4200 = CARTESIAN_POINT('',(0.897333826239,0.341064079413));
#4201 = CARTESIAN_POINT('',(1.087577257137,0.341064079413));
#4202 = CARTESIAN_POINT('',(1.269934468341,0.341064079413));
#4203 = CARTESIAN_POINT('',(1.441533006346,0.341064079413));
#4204 = CARTESIAN_POINT('',(1.601024780199,0.341064079413));
#4205 = ( GEOMETRIC_REPRESENTATION_CONTEXT(2) 
PARAMETRIC_REPRESENTATION_CONTEXT() REPRESENTATION_CONTEXT('2D SPACE',''
  ) );
#4206 = PCURVE('',#1635,#4207);
#4207 = DEFINITIONAL_REPRESENTATION('',(#4208),#4211);
#4208 = B_SPLINE_CURVE_WITH_KNOTS('',1,(#4209,#4210),.UNSPECIFIED.,.F.,
  .F.,(2,2),(0.,2.09465904264),.PIECEWISE_BEZIER_KNOTS.);
#4209 = CARTESIAN_POINT('',(0.,0.));
#4210 = CARTESIAN_POINT('',(2.09465904264,0.));
#4211 = ( GEOMETRIC_REPRESENTATION_CONTEXT(2) 
PARAMETRIC_REPRESENTATION_CONTEXT() REPRESENTATION_CONTEXT('2D SPACE',''
  ) );
#4212 = ORIENTED_EDGE('',*,*,#4213,.T.);
#4213 = EDGE_CURVE('',#4185,#2898,#4214,.T.);
#4214 = SURFACE_CURVE('',#4215,(#4219,#4226),.PCURVE_S1.);
#4215 = LINE('',#4216,#4217);
#4216 = CARTESIAN_POINT('',(195.2671748704,71.56686605538,
    12.390932844992));
#4217 = VECTOR('',#4218,1.);
#4218 = DIRECTION('',(0.865893403497,-0.50022856154,0.));
#4219 = PCURVE('',#1680,#4220);
#4220 = DEFINITIONAL_REPRESENTATION('',(#4221),#4225);
#4221 = LINE('',#4222,#4223);
#4222 = CARTESIAN_POINT('',(1.601024780199,0.));
#4223 = VECTOR('',#4224,1.);
#4224 = DIRECTION('',(0.,1.));
#4225 = ( GEOMETRIC_REPRESENTATION_CONTEXT(2) 
PARAMETRIC_REPRESENTATION_CONTEXT() REPRESENTATION_CONTEXT('2D SPACE',''
  ) );
#4226 = PCURVE('',#2954,#4227);
#4227 = DEFINITIONAL_REPRESENTATION('',(#4228),#4232);
#4228 = LINE('',#4229,#4230);
#4229 = CARTESIAN_POINT('',(7.222542065567,-6.04369387577));
#4230 = VECTOR('',#4231,1.);
#4231 = DIRECTION('',(-1.,-1.605268984088E-18));
#4232 = ( GEOMETRIC_REPRESENTATION_CONTEXT(2) 
PARAMETRIC_REPRESENTATION_CONTEXT() REPRESENTATION_CONTEXT('2D SPACE',''
  ) );
#4233 = ORIENTED_EDGE('',*,*,#2897,.T.);
#4234 = ORIENTED_EDGE('',*,*,#1664,.F.);
#4235 = ADVANCED_FACE('',(#4236),#1635,.F.);
#4236 = FACE_BOUND('',#4237,.F.);
#4237 = EDGE_LOOP('',(#4238,#4239,#4270,#4297));
#4238 = ORIENTED_EDGE('',*,*,#4184,.T.);
#4239 = ORIENTED_EDGE('',*,*,#4240,.T.);
#4240 = EDGE_CURVE('',#4185,#4241,#4243,.T.);
#4241 = VERTEX_POINT('',#4242);
#4242 = CARTESIAN_POINT('',(195.2625,71.222628776591,12.4));
#4243 = SURFACE_CURVE('',#4244,(#4252,#4259),.PCURVE_S1.);
#4244 = B_SPLINE_CURVE_WITH_KNOTS('',6,(#4245,#4246,#4247,#4248,#4249,
    #4250,#4251),.UNSPECIFIED.,.F.,.F.,(7,7),(0.,2.09465904264),
  .PIECEWISE_BEZIER_KNOTS.);
#4245 = CARTESIAN_POINT('',(195.56250000693,71.396256061542,
    12.390932844992));
#4246 = CARTESIAN_POINT('',(195.50191271117,71.43132142448,
    12.38910166344));
#4247 = CARTESIAN_POINT('',(195.42661743643,71.440993894436,
    12.388596555463));
#4248 = CARTESIAN_POINT('',(195.34959580951,71.417012530896,
    12.389848789175));
#4249 = CARTESIAN_POINT('',(195.2915022,71.361995548067,12.392722005996)
  );
#4250 = CARTESIAN_POINT('',(195.2625,71.292344313288,12.396359318883));
#4251 = CARTESIAN_POINT('',(195.2625,71.222628776591,12.4));
#4252 = PCURVE('',#1635,#4253);
#4253 = DEFINITIONAL_REPRESENTATION('',(#4254),#4258);
#4254 = LINE('',#4255,#4256);
#4255 = CARTESIAN_POINT('',(2.09465904264,0.));
#4256 = VECTOR('',#4257,1.);
#4257 = DIRECTION('',(0.,1.));
#4258 = ( GEOMETRIC_REPRESENTATION_CONTEXT(2) 
PARAMETRIC_REPRESENTATION_CONTEXT() REPRESENTATION_CONTEXT('2D SPACE',''
  ) );
#4259 = PCURVE('',#3075,#4260);
#4260 = DEFINITIONAL_REPRESENTATION('',(#4261),#4269);
#4261 = B_SPLINE_CURVE_WITH_KNOTS('',6,(#4262,#4263,#4264,#4265,#4266,
    #4267,#4268),.UNSPECIFIED.,.F.,.F.,(7,7),(0.,2.09465904264),
  .PIECEWISE_BEZIER_KNOTS.);
#4262 = CARTESIAN_POINT('',(-3.930189507173E-14,12.404534122864));
#4263 = CARTESIAN_POINT('',(0.349800923269,12.4014802933));
#4264 = CARTESIAN_POINT('',(0.700052274803,12.40063955311));
#4265 = CARTESIAN_POINT('',(1.050263533704,12.402723412734));
#4266 = CARTESIAN_POINT('',(1.398976476146,12.407519441491));
#4267 = CARTESIAN_POINT('',(1.746665092741,12.413583758809));
#4268 = CARTESIAN_POINT('',(2.094395142425,12.419655259264));
#4269 = ( GEOMETRIC_REPRESENTATION_CONTEXT(2) 
PARAMETRIC_REPRESENTATION_CONTEXT() REPRESENTATION_CONTEXT('2D SPACE',''
  ) );
#4270 = ORIENTED_EDGE('',*,*,#4271,.F.);
#4271 = EDGE_CURVE('',#1584,#4241,#4272,.T.);
#4272 = SURFACE_CURVE('',#4273,(#4277,#4283),.PCURVE_S1.);
#4273 = ( BOUNDED_CURVE() B_SPLINE_CURVE(2,(#4274,#4275,#4276),
.UNSPECIFIED.,.F.,.F.) B_SPLINE_CURVE_WITH_KNOTS((3,3),(0.,2.09465904264
),.PIECEWISE_BEZIER_KNOTS.) CURVE() GEOMETRIC_REPRESENTATION_ITEM() 
RATIONAL_B_SPLINE_CURVE((1.,0.707106781187,1.)) REPRESENTATION_ITEM('') 
  );
#4274 = CARTESIAN_POINT('',(194.9625,71.222628776591,12.7));
#4275 = CARTESIAN_POINT('',(195.2625,71.222628776591,12.7));
#4276 = CARTESIAN_POINT('',(195.2625,71.222628776591,12.4));
#4277 = PCURVE('',#1635,#4278);
#4278 = DEFINITIONAL_REPRESENTATION('',(#4279),#4282);
#4279 = B_SPLINE_CURVE_WITH_KNOTS('',1,(#4280,#4281),.UNSPECIFIED.,.F.,
  .F.,(2,2),(0.,2.09465904264),.PIECEWISE_BEZIER_KNOTS.);
#4280 = CARTESIAN_POINT('',(0.,2.09465904264));
#4281 = CARTESIAN_POINT('',(2.09465904264,2.09465904264));
#4282 = ( GEOMETRIC_REPRESENTATION_CONTEXT(2) 
PARAMETRIC_REPRESENTATION_CONTEXT() REPRESENTATION_CONTEXT('2D SPACE',''
  ) );
#4283 = PCURVE('',#1599,#4284);
#4284 = DEFINITIONAL_REPRESENTATION('',(#4285),#4296);
#4285 = B_SPLINE_CURVE_WITH_KNOTS('',9,(#4286,#4287,#4288,#4289,#4290,
    #4291,#4292,#4293,#4294,#4295),.UNSPECIFIED.,.F.,.F.,(10,10),(0.,
    2.09465904264),.PIECEWISE_BEZIER_KNOTS.);
#4286 = CARTESIAN_POINT('',(0.,52.31128419221));
#4287 = CARTESIAN_POINT('',(0.157134840264,52.31128419221));
#4288 = CARTESIAN_POINT('',(0.325774716821,52.311284192211));
#4289 = CARTESIAN_POINT('',(0.504566386871,52.311284192208));
#4290 = CARTESIAN_POINT('',(0.690744851611,52.311284192212));
#4291 = CARTESIAN_POINT('',(0.880051475184,52.311284192209));
#4292 = CARTESIAN_POINT('',(1.066229939925,52.31128419221));
#4293 = CARTESIAN_POINT('',(1.245021609974,52.31128419221));
#4294 = CARTESIAN_POINT('',(1.413661486531,52.31128419221));
#4295 = CARTESIAN_POINT('',(1.570796326795,52.31128419221));
#4296 = ( GEOMETRIC_REPRESENTATION_CONTEXT(2) 
PARAMETRIC_REPRESENTATION_CONTEXT() REPRESENTATION_CONTEXT('2D SPACE',''
  ) );
#4297 = ORIENTED_EDGE('',*,*,#1611,.F.);
#4298 = ADVANCED_FACE('',(#4299),#1599,.T.);
#4299 = FACE_BOUND('',#4300,.T.);
#4300 = EDGE_LOOP('',(#4301,#4330,#4351,#4352));
#4301 = ORIENTED_EDGE('',*,*,#4302,.T.);
#4302 = EDGE_CURVE('',#1531,#4303,#4305,.T.);
#4303 = VERTEX_POINT('',#4304);
#4304 = CARTESIAN_POINT('',(195.2625,19.247489683409,12.4));
#4305 = SURFACE_CURVE('',#4306,(#4310,#4324),.PCURVE_S1.);
#4306 = ( BOUNDED_CURVE() B_SPLINE_CURVE(2,(#4307,#4308,#4309),
.UNSPECIFIED.,.F.,.F.) B_SPLINE_CURVE_WITH_KNOTS((3,3),(0.,2.09465904264
),.PIECEWISE_BEZIER_KNOTS.) CURVE() GEOMETRIC_REPRESENTATION_ITEM() 
RATIONAL_B_SPLINE_CURVE((1.,0.707106781187,1.)) REPRESENTATION_ITEM('') 
  );
#4307 = CARTESIAN_POINT('',(194.9625,19.247489683409,12.7));
#4308 = CARTESIAN_POINT('',(195.2625,19.247489683409,12.7));
#4309 = CARTESIAN_POINT('',(195.2625,19.247489683409,12.4));
#4310 = PCURVE('',#1599,#4311);
#4311 = DEFINITIONAL_REPRESENTATION('',(#4312),#4323);
#4312 = B_SPLINE_CURVE_WITH_KNOTS('',9,(#4313,#4314,#4315,#4316,#4317,
    #4318,#4319,#4320,#4321,#4322),.UNSPECIFIED.,.F.,.F.,(10,10),(0.,
    2.09465904264),.PIECEWISE_BEZIER_KNOTS.);
#4313 = CARTESIAN_POINT('',(-2.22044604925E-16,0.336145099028));
#4314 = CARTESIAN_POINT('',(0.157134840264,0.336145099028));
#4315 = CARTESIAN_POINT('',(0.325774716821,0.336145099028));
#4316 = CARTESIAN_POINT('',(0.504566386871,0.336145099028));
#4317 = CARTESIAN_POINT('',(0.690744851609,0.336145099028));
#4318 = CARTESIAN_POINT('',(0.880051475186,0.336145099028));
#4319 = CARTESIAN_POINT('',(1.066229939923,0.336145099028));
#4320 = CARTESIAN_POINT('',(1.245021609974,0.336145099028));
#4321 = CARTESIAN_POINT('',(1.413661486531,0.336145099028));
#4322 = CARTESIAN_POINT('',(1.570796326795,0.336145099028));
#4323 = ( GEOMETRIC_REPRESENTATION_CONTEXT(2) 
PARAMETRIC_REPRESENTATION_CONTEXT() REPRESENTATION_CONTEXT('2D SPACE',''
  ) );
#4324 = PCURVE('',#1554,#4325);
#4325 = DEFINITIONAL_REPRESENTATION('',(#4326),#4329);
#4326 = B_SPLINE_CURVE_WITH_KNOTS('',1,(#4327,#4328),.UNSPECIFIED.,.F.,
  .F.,(2,2),(0.,2.09465904264),.PIECEWISE_BEZIER_KNOTS.);
#4327 = CARTESIAN_POINT('',(0.,0.));
#4328 = CARTESIAN_POINT('',(2.09465904264,0.));
#4329 = ( GEOMETRIC_REPRESENTATION_CONTEXT(2) 
PARAMETRIC_REPRESENTATION_CONTEXT() REPRESENTATION_CONTEXT('2D SPACE',''
  ) );
#4330 = ORIENTED_EDGE('',*,*,#4331,.T.);
#4331 = EDGE_CURVE('',#4303,#4241,#4332,.T.);
#4332 = SURFACE_CURVE('',#4333,(#4337,#4344),.PCURVE_S1.);
#4333 = LINE('',#4334,#4335);
#4334 = CARTESIAN_POINT('',(195.2625,18.911344584381,12.4));
#4335 = VECTOR('',#4336,1.);
#4336 = DIRECTION('',(0.,1.,0.));
#4337 = PCURVE('',#1599,#4338);
#4338 = DEFINITIONAL_REPRESENTATION('',(#4339),#4343);
#4339 = LINE('',#4340,#4341);
#4340 = CARTESIAN_POINT('',(1.570796326795,0.));
#4341 = VECTOR('',#4342,1.);
#4342 = DIRECTION('',(0.,1.));
#4343 = ( GEOMETRIC_REPRESENTATION_CONTEXT(2) 
PARAMETRIC_REPRESENTATION_CONTEXT() REPRESENTATION_CONTEXT('2D SPACE',''
  ) );
#4344 = PCURVE('',#3140,#4345);
#4345 = DEFINITIONAL_REPRESENTATION('',(#4346),#4350);
#4346 = LINE('',#4347,#4348);
#4347 = CARTESIAN_POINT('',(6.105649277734,26.323714645619));
#4348 = VECTOR('',#4349,1.);
#4349 = DIRECTION('',(0.,-1.));
#4350 = ( GEOMETRIC_REPRESENTATION_CONTEXT(2) 
PARAMETRIC_REPRESENTATION_CONTEXT() REPRESENTATION_CONTEXT('2D SPACE',''
  ) );
#4351 = ORIENTED_EDGE('',*,*,#4271,.F.);
#4352 = ORIENTED_EDGE('',*,*,#1583,.F.);
#4353 = ADVANCED_FACE('',(#4354),#1554,.F.);
#4354 = FACE_BOUND('',#4355,.F.);
#4355 = EDGE_LOOP('',(#4356,#4357,#4388,#4415));
#4356 = ORIENTED_EDGE('',*,*,#4302,.T.);
#4357 = ORIENTED_EDGE('',*,*,#4358,.T.);
#4358 = EDGE_CURVE('',#4303,#4359,#4361,.T.);
#4359 = VERTEX_POINT('',#4360);
#4360 = CARTESIAN_POINT('',(195.56250000693,19.073862398458,
    12.390932844992));
#4361 = SURFACE_CURVE('',#4362,(#4370,#4377),.PCURVE_S1.);
#4362 = B_SPLINE_CURVE_WITH_KNOTS('',6,(#4363,#4364,#4365,#4366,#4367,
    #4368,#4369),.UNSPECIFIED.,.F.,.F.,(7,7),(0.,2.09465904264),
  .PIECEWISE_BEZIER_KNOTS.);
#4363 = CARTESIAN_POINT('',(195.2625,19.247489683409,12.4));
#4364 = CARTESIAN_POINT('',(195.2625,19.177774146712,12.396359318883));
#4365 = CARTESIAN_POINT('',(195.2915022,19.108122911933,12.392722005996)
  );
#4366 = CARTESIAN_POINT('',(195.34959580951,19.053105929104,
    12.389848789175));
#4367 = CARTESIAN_POINT('',(195.42661743643,19.029124565564,
    12.388596555463));
#4368 = CARTESIAN_POINT('',(195.50191271117,19.03879703552,
    12.38910166344));
#4369 = CARTESIAN_POINT('',(195.56250000693,19.073862398458,
    12.390932844992));
#4370 = PCURVE('',#1554,#4371);
#4371 = DEFINITIONAL_REPRESENTATION('',(#4372),#4376);
#4372 = LINE('',#4373,#4374);
#4373 = CARTESIAN_POINT('',(2.09465904264,0.));
#4374 = VECTOR('',#4375,1.);
#4375 = DIRECTION('',(0.,1.));
#4376 = ( GEOMETRIC_REPRESENTATION_CONTEXT(2) 
PARAMETRIC_REPRESENTATION_CONTEXT() REPRESENTATION_CONTEXT('2D SPACE',''
  ) );
#4377 = PCURVE('',#3203,#4378);
#4378 = DEFINITIONAL_REPRESENTATION('',(#4379),#4387);
#4379 = B_SPLINE_CURVE_WITH_KNOTS('',6,(#4380,#4381,#4382,#4383,#4384,
    #4385,#4386),.UNSPECIFIED.,.F.,.F.,(7,7),(0.,2.09465904264),
  .PIECEWISE_BEZIER_KNOTS.);
#4380 = CARTESIAN_POINT('',(-2.22044604925E-16,12.419655259264));
#4381 = CARTESIAN_POINT('',(0.347730049684,12.413583758809));
#4382 = CARTESIAN_POINT('',(0.695418666279,12.407519441491));
#4383 = CARTESIAN_POINT('',(1.044131608721,12.402723412734));
#4384 = CARTESIAN_POINT('',(1.394342867622,12.400639553109));
#4385 = CARTESIAN_POINT('',(1.744594219155,12.4014802933));
#4386 = CARTESIAN_POINT('',(2.094395142425,12.404534122864));
#4387 = ( GEOMETRIC_REPRESENTATION_CONTEXT(2) 
PARAMETRIC_REPRESENTATION_CONTEXT() REPRESENTATION_CONTEXT('2D SPACE',''
  ) );
#4388 = ORIENTED_EDGE('',*,*,#4389,.F.);
#4389 = EDGE_CURVE('',#1503,#4359,#4390,.T.);
#4390 = SURFACE_CURVE('',#4391,(#4395,#4401),.PCURVE_S1.);
#4391 = ( BOUNDED_CURVE() B_SPLINE_CURVE(2,(#4392,#4393,#4394),
.UNSPECIFIED.,.F.,.F.) B_SPLINE_CURVE_WITH_KNOTS((3,3),(0.,2.09465904264
),.PIECEWISE_BEZIER_KNOTS.) CURVE() GEOMETRIC_REPRESENTATION_ITEM() 
RATIONAL_B_SPLINE_CURVE((1.,0.696339051747,1.)) REPRESENTATION_ITEM('') 
  );
#4392 = CARTESIAN_POINT('',(195.71250001733,18.814213051107,12.7));
#4393 = CARTESIAN_POINT('',(195.55782513653,19.081954578219,12.7));
#4394 = CARTESIAN_POINT('',(195.56250000693,19.073862398458,
    12.390932844992));
#4395 = PCURVE('',#1554,#4396);
#4396 = DEFINITIONAL_REPRESENTATION('',(#4397),#4400);
#4397 = B_SPLINE_CURVE_WITH_KNOTS('',1,(#4398,#4399),.UNSPECIFIED.,.F.,
  .F.,(2,2),(0.,2.09465904264),.PIECEWISE_BEZIER_KNOTS.);
#4398 = CARTESIAN_POINT('',(0.,2.09465904264));
#4399 = CARTESIAN_POINT('',(2.09465904264,2.09465904264));
#4400 = ( GEOMETRIC_REPRESENTATION_CONTEXT(2) 
PARAMETRIC_REPRESENTATION_CONTEXT() REPRESENTATION_CONTEXT('2D SPACE',''
  ) );
#4401 = PCURVE('',#1518,#4402);
#4402 = DEFINITIONAL_REPRESENTATION('',(#4403),#4414);
#4403 = B_SPLINE_CURVE_WITH_KNOTS('',9,(#4404,#4405,#4406,#4407,#4408,
    #4409,#4410,#4411,#4412,#4413),.UNSPECIFIED.,.F.,.F.,(10,10),(0.,
    2.09465904264),.PIECEWISE_BEZIER_KNOTS.);
#4404 = CARTESIAN_POINT('',(1.110223024625E-16,14.325868303613));
#4405 = CARTESIAN_POINT('',(0.159491773852,14.325868303613));
#4406 = CARTESIAN_POINT('',(0.331090311858,14.325868303612));
#4407 = CARTESIAN_POINT('',(0.513447523061,14.325868303614));
#4408 = CARTESIAN_POINT('',(0.70369095396,14.325868303612));
#4409 = CARTESIAN_POINT('',(0.897333826239,14.325868303614));
#4410 = CARTESIAN_POINT('',(1.087577257137,14.325868303612));
#4411 = CARTESIAN_POINT('',(1.269934468341,14.325868303613));
#4412 = CARTESIAN_POINT('',(1.441533006346,14.325868303613));
#4413 = CARTESIAN_POINT('',(1.601024780199,14.325868303613));
#4414 = ( GEOMETRIC_REPRESENTATION_CONTEXT(2) 
PARAMETRIC_REPRESENTATION_CONTEXT() REPRESENTATION_CONTEXT('2D SPACE',''
  ) );
#4415 = ORIENTED_EDGE('',*,*,#1530,.F.);
#4416 = ADVANCED_FACE('',(#4417),#1518,.T.);
#4417 = FACE_BOUND('',#4418,.T.);
#4418 = EDGE_LOOP('',(#4419,#4420,#4441,#4442));
#4419 = ORIENTED_EDGE('',*,*,#3337,.F.);
#4420 = ORIENTED_EDGE('',*,*,#4421,.T.);
#4421 = EDGE_CURVE('',#3315,#4359,#4422,.T.);
#4422 = SURFACE_CURVE('',#4423,(#4427,#4434),.PCURVE_S1.);
#4423 = LINE('',#4424,#4425);
#4424 = CARTESIAN_POINT('',(207.9671748704,26.240070892784,
    12.390932844992));
#4425 = VECTOR('',#4426,1.);
#4426 = DIRECTION('',(-0.865893403497,-0.50022856154,0.));
#4427 = PCURVE('',#1518,#4428);
#4428 = DEFINITIONAL_REPRESENTATION('',(#4429),#4433);
#4429 = LINE('',#4430,#4431);
#4430 = CARTESIAN_POINT('',(1.601024780199,0.));
#4431 = VECTOR('',#4432,1.);
#4432 = DIRECTION('',(0.,1.));
#4433 = ( GEOMETRIC_REPRESENTATION_CONTEXT(2) 
PARAMETRIC_REPRESENTATION_CONTEXT() REPRESENTATION_CONTEXT('2D SPACE',''
  ) );
#4434 = PCURVE('',#3268,#4435);
#4435 = DEFINITIONAL_REPRESENTATION('',(#4436),#4440);
#4436 = LINE('',#4437,#4438);
#4437 = CARTESIAN_POINT('',(7.444390317459,-6.043693875769));
#4438 = VECTOR('',#4439,1.);
#4439 = DIRECTION('',(-1.,1.605268984088E-18));
#4440 = ( GEOMETRIC_REPRESENTATION_CONTEXT(2) 
PARAMETRIC_REPRESENTATION_CONTEXT() REPRESENTATION_CONTEXT('2D SPACE',''
  ) );
#4441 = ORIENTED_EDGE('',*,*,#4389,.F.);
#4442 = ORIENTED_EDGE('',*,*,#1502,.F.);
#4443 = ADVANCED_FACE('',(#4444),#2954,.T.);
#4444 = FACE_BOUND('',#4445,.T.);
#4445 = EDGE_LOOP('',(#4446,#4447,#4448,#4449));
#4446 = ORIENTED_EDGE('',*,*,#3001,.T.);
#4447 = ORIENTED_EDGE('',*,*,#2938,.T.);
#4448 = ORIENTED_EDGE('',*,*,#4213,.F.);
#4449 = ORIENTED_EDGE('',*,*,#4450,.F.);
#4450 = EDGE_CURVE('',#3002,#4185,#4451,.T.);
#4451 = SURFACE_CURVE('',#4452,(#4456,#4463),.PCURVE_S1.);
#4452 = LINE('',#4453,#4454);
#4453 = CARTESIAN_POINT('',(195.56250000693,71.829168059259,
    -6.04477084327E-03));
#4454 = VECTOR('',#4455,1.);
#4455 = DIRECTION('',(0.,-3.48994967025E-02,0.999390827019));
#4456 = PCURVE('',#2954,#4457);
#4457 = DEFINITIONAL_REPRESENTATION('',(#4458),#4462);
#4458 = LINE('',#4459,#4460);
#4459 = CARTESIAN_POINT('',(7.098032932049,6.358949824696));
#4460 = VECTOR('',#4461,1.);
#4461 = DIRECTION('',(-1.745772503396E-02,-0.999847602306));
#4462 = ( GEOMETRIC_REPRESENTATION_CONTEXT(2) 
PARAMETRIC_REPRESENTATION_CONTEXT() REPRESENTATION_CONTEXT('2D SPACE',''
  ) );
#4463 = PCURVE('',#3075,#4464);
#4464 = DEFINITIONAL_REPRESENTATION('',(#4465),#4469);
#4465 = LINE('',#4466,#4467);
#4466 = CARTESIAN_POINT('',(0.,0.));
#4467 = VECTOR('',#4468,1.);
#4468 = DIRECTION('',(0.,1.));
#4469 = ( GEOMETRIC_REPRESENTATION_CONTEXT(2) 
PARAMETRIC_REPRESENTATION_CONTEXT() REPRESENTATION_CONTEXT('2D SPACE',''
  ) );
#4470 = ADVANCED_FACE('',(#4471),#3075,.F.);
#4471 = FACE_BOUND('',#4472,.F.);
#4472 = EDGE_LOOP('',(#4473,#4474,#4475,#4496));
#4473 = ORIENTED_EDGE('',*,*,#4450,.F.);
#4474 = ORIENTED_EDGE('',*,*,#3055,.T.);
#4475 = ORIENTED_EDGE('',*,*,#4476,.T.);
#4476 = EDGE_CURVE('',#3056,#4241,#4477,.T.);
#4477 = SURFACE_CURVE('',#4478,(#4482,#4489),.PCURVE_S1.);
#4478 = LINE('',#4479,#4480);
#4479 = CARTESIAN_POINT('',(195.2625,71.656068494358,-1.208954084829E-02
    ));
#4480 = VECTOR('',#4481,1.);
#4481 = DIRECTION('',(0.,-3.48994967025E-02,0.999390827019));
#4482 = PCURVE('',#3075,#4483);
#4483 = DEFINITIONAL_REPRESENTATION('',(#4484),#4488);
#4484 = LINE('',#4485,#4486);
#4485 = CARTESIAN_POINT('',(2.094395142425,0.));
#4486 = VECTOR('',#4487,1.);
#4487 = DIRECTION('',(0.,1.));
#4488 = ( GEOMETRIC_REPRESENTATION_CONTEXT(2) 
PARAMETRIC_REPRESENTATION_CONTEXT() REPRESENTATION_CONTEXT('2D SPACE',''
  ) );
#4489 = PCURVE('',#3140,#4490);
#4490 = DEFINITIONAL_REPRESENTATION('',(#4491),#4495);
#4491 = LINE('',#4492,#4493);
#4492 = CARTESIAN_POINT('',(-6.306440263114,-26.42100926435));
#4493 = VECTOR('',#4494,1.);
#4494 = DIRECTION('',(0.999390827019,3.48994967025E-02));
#4495 = ( GEOMETRIC_REPRESENTATION_CONTEXT(2) 
PARAMETRIC_REPRESENTATION_CONTEXT() REPRESENTATION_CONTEXT('2D SPACE',''
  ) );
#4496 = ORIENTED_EDGE('',*,*,#4240,.F.);
#4497 = ADVANCED_FACE('',(#4498),#3140,.T.);
#4498 = FACE_BOUND('',#4499,.T.);
#4499 = EDGE_LOOP('',(#4500,#4501,#4502,#4503));
#4500 = ORIENTED_EDGE('',*,*,#3124,.T.);
#4501 = ORIENTED_EDGE('',*,*,#4476,.T.);
#4502 = ORIENTED_EDGE('',*,*,#4331,.F.);
#4503 = ORIENTED_EDGE('',*,*,#4504,.F.);
#4504 = EDGE_CURVE('',#3125,#4303,#4505,.T.);
#4505 = SURFACE_CURVE('',#4506,(#4510,#4517),.PCURVE_S1.);
#4506 = LINE('',#4507,#4508);
#4507 = CARTESIAN_POINT('',(195.2625,18.814049965642,-1.208954084829E-02
    ));
#4508 = VECTOR('',#4509,1.);
#4509 = DIRECTION('',(0.,3.48994967025E-02,0.999390827019));
#4510 = PCURVE('',#3140,#4511);
#4511 = DEFINITIONAL_REPRESENTATION('',(#4512),#4516);
#4512 = LINE('',#4513,#4514);
#4513 = CARTESIAN_POINT('',(-6.306440263114,26.421009264358));
#4514 = VECTOR('',#4515,1.);
#4515 = DIRECTION('',(0.999390827019,-3.48994967025E-02));
#4516 = ( GEOMETRIC_REPRESENTATION_CONTEXT(2) 
PARAMETRIC_REPRESENTATION_CONTEXT() REPRESENTATION_CONTEXT('2D SPACE',''
  ) );
#4517 = PCURVE('',#3203,#4518);
#4518 = DEFINITIONAL_REPRESENTATION('',(#4519),#4523);
#4519 = LINE('',#4520,#4521);
#4520 = CARTESIAN_POINT('',(0.,0.));
#4521 = VECTOR('',#4522,1.);
#4522 = DIRECTION('',(0.,1.));
#4523 = ( GEOMETRIC_REPRESENTATION_CONTEXT(2) 
PARAMETRIC_REPRESENTATION_CONTEXT() REPRESENTATION_CONTEXT('2D SPACE',''
  ) );
#4524 = ADVANCED_FACE('',(#4525),#3203,.F.);
#4525 = FACE_BOUND('',#4526,.F.);
#4526 = EDGE_LOOP('',(#4527,#4528,#4529,#4550));
#4527 = ORIENTED_EDGE('',*,*,#4504,.F.);
#4528 = ORIENTED_EDGE('',*,*,#3183,.T.);
#4529 = ORIENTED_EDGE('',*,*,#4530,.T.);
#4530 = EDGE_CURVE('',#3184,#4359,#4531,.T.);
#4531 = SURFACE_CURVE('',#4532,(#4536,#4543),.PCURVE_S1.);
#4532 = LINE('',#4533,#4534);
#4533 = CARTESIAN_POINT('',(195.56250000693,18.640950400741,
    -6.04477084327E-03));
#4534 = VECTOR('',#4535,1.);
#4535 = DIRECTION('',(0.,3.48994967025E-02,0.999390827019));
#4536 = PCURVE('',#3203,#4537);
#4537 = DEFINITIONAL_REPRESENTATION('',(#4538),#4542);
#4538 = LINE('',#4539,#4540);
#4539 = CARTESIAN_POINT('',(2.094395142425,0.));
#4540 = VECTOR('',#4541,1.);
#4541 = DIRECTION('',(0.,1.));
#4542 = ( GEOMETRIC_REPRESENTATION_CONTEXT(2) 
PARAMETRIC_REPRESENTATION_CONTEXT() REPRESENTATION_CONTEXT('2D SPACE',''
  ) );
#4543 = PCURVE('',#3268,#4544);
#4544 = DEFINITIONAL_REPRESENTATION('',(#4545),#4549);
#4545 = LINE('',#4546,#4547);
#4546 = CARTESIAN_POINT('',(-7.098032932049,6.358949824696));
#4547 = VECTOR('',#4548,1.);
#4548 = DIRECTION('',(1.745772503396E-02,-0.999847602306));
#4549 = ( GEOMETRIC_REPRESENTATION_CONTEXT(2) 
PARAMETRIC_REPRESENTATION_CONTEXT() REPRESENTATION_CONTEXT('2D SPACE',''
  ) );
#4550 = ORIENTED_EDGE('',*,*,#4358,.F.);
#4551 = ADVANCED_FACE('',(#4552),#3268,.T.);
#4552 = FACE_BOUND('',#4553,.T.);
#4553 = EDGE_LOOP('',(#4554,#4555,#4556,#4557));
#4554 = ORIENTED_EDGE('',*,*,#3252,.T.);
#4555 = ORIENTED_EDGE('',*,*,#4530,.T.);
#4556 = ORIENTED_EDGE('',*,*,#4421,.F.);
#4557 = ORIENTED_EDGE('',*,*,#3314,.F.);
#4558 = ( GEOMETRIC_REPRESENTATION_CONTEXT(3) 
GLOBAL_UNCERTAINTY_ASSIGNED_CONTEXT((#4562)) 
GLOBAL_UNIT_ASSIGNED_CONTEXT((#4559,#4560,#4561)) REPRESENTATION_CONTEXT
('Context #1','3D Context with UNIT and UNCERTAINTY') );
#4559 = ( LENGTH_UNIT() NAMED_UNIT(*) SI_UNIT(.MILLI.,.METRE.) );
#4560 = ( NAMED_UNIT(*) PLANE_ANGLE_UNIT() SI_UNIT($,.RADIAN.) );
#4561 = ( NAMED_UNIT(*) SI_UNIT($,.STERADIAN.) SOLID_ANGLE_UNIT() );
#4562 = UNCERTAINTY_MEASURE_WITH_UNIT(LENGTH_MEASURE(5.E-07),#4559,
  'distance_accuracy_value','confusion accuracy');
#4563 = PRODUCT_RELATED_PRODUCT_CATEGORY('part',$,(#7));
ENDSEC;
END-ISO-10303-21;
