ISO-10303-21;
HEADER;
FILE_DESCRIPTION(('Open CASCADE Model'),'2;1');
FILE_NAME('Open CASCADE Shape Model','2026-09-23T07:22:47',('Author'),(
    'Open CASCADE'),'Open CASCADE STEP processor 7.9','Open CASCADE 7.9'
  ,'Unknown');
FILE_SCHEMA(('AUTOMOTIVE_DESIGN { 1 0 10303 214 1 1 1 1 }'));
ENDSEC;
DATA;
#1 = APPLICATION_PROTOCOL_DEFINITION('international standard',
  'automotive_design',2000,#2);
#2 = APPLICATION_CONTEXT(
  'core data for automotive mechanical design processes');
#3 = SHAPE_DEFINITION_REPRESENTATION(#4,#10);
#4 = PRODUCT_DEFINITION_SHAPE('','',#5);
#5 = PRODUCT_DEFINITION('design','',#6,#9);
#6 = PRODUCT_DEFINITION_FORMATION('','',#7);
#7 = PRODUCT('Open CASCADE STEP translator 7.9 1',
  'Open CASCADE STEP translator 7.9 1','',(#8));
#8 = PRODUCT_CONTEXT('',#2,'mechanical');
#9 = PRODUCT_DEFINITION_CONTEXT('part definition',#2,'design');
#10 = ADVANCED_BREP_SHAPE_REPRESENTATION('',(#11,#15),#6317);
#11 = AXIS2_PLACEMENT_3D('',#12,#13,#14);
#12 = CARTESIAN_POINT('',(0.,0.,0.));
#13 = DIRECTION('',(0.,0.,1.));
#14 = DIRECTION('',(1.,0.,-0.));
#15 = MANIFOLD_SOLID_BREP('',#16);
#16 = CLOSED_SHELL('',(#17,#2167,#2244,#2326,#2375,#2446,#2493,#2583,
    #2782,#2866,#2918,#2969,#3038,#3085,#3132,#3179,#3226,#3251,#3320,
    #3367,#3414,#3461,#3508,#3533,#3602,#3649,#3696,#3743,#3790,#3815,
    #3884,#3931,#3978,#4025,#4072,#4097,#4166,#4213,#4260,#4307,#4354,
    #4379,#4448,#4495,#4542,#4589,#4636,#4661,#4730,#4777,#4824,#4871,
    #4918,#4943,#5012,#5059,#5106,#5153,#5200,#5225,#5701,#5761,#5791,
    #5840,#5870,#5941,#6012,#6050,#6085,#6129,#6192,#6247,#6253,#6279,
    #6305,#6311));
#17 = ADVANCED_FACE('',(#18,#807,#977,#1147,#1317,#1487,#1657,#1827,
    #1997),#32,.F.);
#18 = FACE_BOUND('',#19,.F.);
#19 = EDGE_LOOP('',(#20,#53,#81,#109,#145,#171,#448,#476,#504,#532));
#20 = ORIENTED_EDGE('',*,*,#21,.T.);
#21 = EDGE_CURVE('',#22,#24,#26,.T.);
#22 = VERTEX_POINT('',#23);
#23 = CARTESIAN_POINT('',(207.9625,25.558047970125,-2.654126918245E-16)
  );
#24 = VERTEX_POINT('',#25);
#25 = CARTESIAN_POINT('',(207.9625,0.,0.));
#26 = SURFACE_CURVE('',#27,(#31,#42),.PCURVE_S1.);
#27 = LINE('',#28,#29);
#28 = CARTESIAN_POINT('',(207.9625,30.660588717974,0.));
#29 = VECTOR('',#30,1.);
#30 = DIRECTION('',(0.,-1.,0.));
#31 = PCURVE('',#32,#37);
#32 = PLANE('',#33);
#33 = AXIS2_PLACEMENT_3D('',#34,#35,#36);
#34 = CARTESIAN_POINT('',(217.64725266008,53.255729267513,0.));
#35 = DIRECTION('',(0.,0.,1.));
#36 = DIRECTION('',(1.,0.,-0.));
#37 = DEFINITIONAL_REPRESENTATION('',(#38),#41);
#38 = B_SPLINE_CURVE_WITH_KNOTS('',1,(#39,#40),.UNSPECIFIED.,.F.,.F.,(2,
    2),(4.277504875937,30.660588717974),.PIECEWISE_BEZIER_KNOTS.);
#39 = CARTESIAN_POINT('',(-9.68475266008,-26.87264542547));
#40 = CARTESIAN_POINT('',(-9.68475266008,-53.25572926751));
#41 = ( GEOMETRIC_REPRESENTATION_CONTEXT(2) 
PARAMETRIC_REPRESENTATION_CONTEXT() REPRESENTATION_CONTEXT('2D SPACE',''
  ) );
#42 = PCURVE('',#43,#48);
#43 = PLANE('',#44);
#44 = AXIS2_PLACEMENT_3D('',#45,#46,#47);
#45 = CARTESIAN_POINT('',(207.9625,8.065448168434,6.387113397674));
#46 = DIRECTION('',(-1.,-0.,-0.));
#47 = DIRECTION('',(0.,0.,-1.));
#48 = DEFINITIONAL_REPRESENTATION('',(#49),#52);
#49 = B_SPLINE_CURVE_WITH_KNOTS('',1,(#50,#51),.UNSPECIFIED.,.F.,.F.,(2,
    2),(4.277504875937,30.660588717974),.PIECEWISE_BEZIER_KNOTS.);
#50 = CARTESIAN_POINT('',(6.387113397674,-18.3176356736));
#51 = CARTESIAN_POINT('',(6.387113397674,8.065448168434));
#52 = ( GEOMETRIC_REPRESENTATION_CONTEXT(2) 
PARAMETRIC_REPRESENTATION_CONTEXT() REPRESENTATION_CONTEXT('2D SPACE',''
  ) );
#53 = ORIENTED_EDGE('',*,*,#54,.T.);
#54 = EDGE_CURVE('',#24,#55,#57,.T.);
#55 = VERTEX_POINT('',#56);
#56 = CARTESIAN_POINT('',(403.225,0.,0.));
#57 = SURFACE_CURVE('',#58,(#62,#69),.PCURVE_S1.);
#58 = LINE('',#59,#60);
#59 = CARTESIAN_POINT('',(0.,0.,0.));
#60 = VECTOR('',#61,1.);
#61 = DIRECTION('',(1.,0.,0.));
#62 = PCURVE('',#32,#63);
#63 = DEFINITIONAL_REPRESENTATION('',(#64),#68);
#64 = LINE('',#65,#66);
#65 = CARTESIAN_POINT('',(-217.64725266,-53.25572926751));
#66 = VECTOR('',#67,1.);
#67 = DIRECTION('',(1.,0.));
#68 = ( GEOMETRIC_REPRESENTATION_CONTEXT(2) 
PARAMETRIC_REPRESENTATION_CONTEXT() REPRESENTATION_CONTEXT('2D SPACE',''
  ) );
#69 = PCURVE('',#70,#75);
#70 = PLANE('',#71);
#71 = AXIS2_PLACEMENT_3D('',#72,#73,#74);
#72 = CARTESIAN_POINT('',(0.,0.,0.));
#73 = DIRECTION('',(0.,1.,0.));
#74 = DIRECTION('',(1.,0.,0.));
#75 = DEFINITIONAL_REPRESENTATION('',(#76),#80);
#76 = LINE('',#77,#78);
#77 = CARTESIAN_POINT('',(0.,0.));
#78 = VECTOR('',#79,1.);
#79 = DIRECTION('',(1.,0.));
#80 = ( GEOMETRIC_REPRESENTATION_CONTEXT(2) 
PARAMETRIC_REPRESENTATION_CONTEXT() REPRESENTATION_CONTEXT('2D SPACE',''
  ) );
#81 = ORIENTED_EDGE('',*,*,#82,.T.);
#82 = EDGE_CURVE('',#55,#83,#85,.T.);
#83 = VERTEX_POINT('',#84);
#84 = CARTESIAN_POINT('',(403.225,152.4,0.));
#85 = SURFACE_CURVE('',#86,(#90,#97),.PCURVE_S1.);
#86 = LINE('',#87,#88);
#87 = CARTESIAN_POINT('',(403.225,0.,0.));
#88 = VECTOR('',#89,1.);
#89 = DIRECTION('',(0.,1.,0.));
#90 = PCURVE('',#32,#91);
#91 = DEFINITIONAL_REPRESENTATION('',(#92),#96);
#92 = LINE('',#93,#94);
#93 = CARTESIAN_POINT('',(185.57774733992,-53.25572926751));
#94 = VECTOR('',#95,1.);
#95 = DIRECTION('',(0.,1.));
#96 = ( GEOMETRIC_REPRESENTATION_CONTEXT(2) 
PARAMETRIC_REPRESENTATION_CONTEXT() REPRESENTATION_CONTEXT('2D SPACE',''
  ) );
#97 = PCURVE('',#98,#103);
#98 = PLANE('',#99);
#99 = AXIS2_PLACEMENT_3D('',#100,#101,#102);
#100 = CARTESIAN_POINT('',(403.225,0.,0.));
#101 = DIRECTION('',(-1.,0.,0.));
#102 = DIRECTION('',(0.,1.,0.));
#103 = DEFINITIONAL_REPRESENTATION('',(#104),#108);
#104 = LINE('',#105,#106);
#105 = CARTESIAN_POINT('',(0.,0.));
#106 = VECTOR('',#107,1.);
#107 = DIRECTION('',(1.,0.));
#108 = ( GEOMETRIC_REPRESENTATION_CONTEXT(2) 
PARAMETRIC_REPRESENTATION_CONTEXT() REPRESENTATION_CONTEXT('2D SPACE',''
  ) );
#109 = ORIENTED_EDGE('',*,*,#110,.T.);
#110 = EDGE_CURVE('',#83,#111,#113,.T.);
#111 = VERTEX_POINT('',#112);
#112 = CARTESIAN_POINT('',(207.9625,90.41019696742,0.));
#113 = SURFACE_CURVE('',#114,(#119,#130),.PCURVE_S1.);
#114 = ELLIPSE('',#115,424.44736842105,110.79605803202);
#115 = AXIS2_PLACEMENT_3D('',#116,#117,#118);
#116 = CARTESIAN_POINT('',(0.,186.99605803202,0.));
#117 = DIRECTION('',(0.,0.,-1.));
#118 = DIRECTION('',(1.,0.,0.));
#119 = PCURVE('',#32,#120);
#120 = DEFINITIONAL_REPRESENTATION('',(#121),#129);
#121 = ( BOUNDED_CURVE() B_SPLINE_CURVE(2,(#122,#123,#124,#125,#126,#127
,#128),.UNSPECIFIED.,.T.,.F.) B_SPLINE_CURVE_WITH_KNOTS((1,2,2,2,2,1),(
    -2.094395102393,0.,2.094395102393,4.188790204786,6.28318530718,
8.377580409573),.UNSPECIFIED.) CURVE() GEOMETRIC_REPRESENTATION_ITEM() 
RATIONAL_B_SPLINE_CURVE((1.,0.5,1.,0.5,1.,0.5,1.)) REPRESENTATION_ITEM(
  '') );
#122 = CARTESIAN_POINT('',(206.80011576097,133.7403287645));
#123 = CARTESIAN_POINT('',(206.80011576097,-58.1640730253));
#124 = CARTESIAN_POINT('',(-429.8709368706,37.788127869603));
#125 = CARTESIAN_POINT('',(-1.066541989502E+03,133.7403287645));
#126 = CARTESIAN_POINT('',(-429.8709368706,229.69252965941));
#127 = CARTESIAN_POINT('',(206.80011576096,325.64473055431));
#128 = CARTESIAN_POINT('',(206.80011576097,133.7403287645));
#129 = ( GEOMETRIC_REPRESENTATION_CONTEXT(2) 
PARAMETRIC_REPRESENTATION_CONTEXT() REPRESENTATION_CONTEXT('2D SPACE',''
  ) );
#130 = PCURVE('',#131,#139);
#131 = SURFACE_OF_LINEAR_EXTRUSION('',#132,#137);
#132 = ELLIPSE('',#133,424.44736842105,110.79605803202);
#133 = AXIS2_PLACEMENT_3D('',#134,#135,#136);
#134 = CARTESIAN_POINT('',(0.,186.99605803202,0.));
#135 = DIRECTION('',(0.,0.,-1.));
#136 = DIRECTION('',(1.,0.,0.));
#137 = VECTOR('',#138,1.);
#138 = DIRECTION('',(-0.,-0.,-1.));
#139 = DEFINITIONAL_REPRESENTATION('',(#140),#144);
#140 = LINE('',#141,#142);
#141 = CARTESIAN_POINT('',(0.,0.));
#142 = VECTOR('',#143,1.);
#143 = DIRECTION('',(1.,0.));
#144 = ( GEOMETRIC_REPRESENTATION_CONTEXT(2) 
PARAMETRIC_REPRESENTATION_CONTEXT() REPRESENTATION_CONTEXT('2D SPACE',''
  ) );
#145 = ORIENTED_EDGE('',*,*,#146,.T.);
#146 = EDGE_CURVE('',#111,#147,#149,.T.);
#147 = VERTEX_POINT('',#148);
#148 = CARTESIAN_POINT('',(207.9625,64.912070489875,-8.847089727482E-17)
  );
#149 = SURFACE_CURVE('',#150,(#154,#160),.PCURVE_S1.);
#150 = LINE('',#151,#152);
#151 = CARTESIAN_POINT('',(207.9625,92.712670164539,0.));
#152 = VECTOR('',#153,1.);
#153 = DIRECTION('',(0.,-1.,0.));
#154 = PCURVE('',#32,#155);
#155 = DEFINITIONAL_REPRESENTATION('',(#156),#159);
#156 = B_SPLINE_CURVE_WITH_KNOTS('',1,(#157,#158),.UNSPECIFIED.,.F.,.F.,
  (2,2),(-59.68732983546,28.625635546576),.PIECEWISE_BEZIER_KNOTS.);
#157 = CARTESIAN_POINT('',(-9.68475266008,99.144270732488));
#158 = CARTESIAN_POINT('',(-9.68475266008,10.83130535045));
#159 = ( GEOMETRIC_REPRESENTATION_CONTEXT(2) 
PARAMETRIC_REPRESENTATION_CONTEXT() REPRESENTATION_CONTEXT('2D SPACE',''
  ) );
#160 = PCURVE('',#161,#166);
#161 = PLANE('',#162);
#162 = AXIS2_PLACEMENT_3D('',#163,#164,#165);
#163 = CARTESIAN_POINT('',(207.9625,132.16961106156,6.362546538376));
#164 = DIRECTION('',(-1.,-0.,-0.));
#165 = DIRECTION('',(0.,0.,-1.));
#166 = DEFINITIONAL_REPRESENTATION('',(#167),#170);
#167 = B_SPLINE_CURVE_WITH_KNOTS('',1,(#168,#169),.UNSPECIFIED.,.F.,.F.,
  (2,2),(-59.68732983546,28.625635546576),.PIECEWISE_BEZIER_KNOTS.);
#168 = CARTESIAN_POINT('',(6.362546538376,-20.23038893843));
#169 = CARTESIAN_POINT('',(6.362546538376,68.082576443602));
#170 = ( GEOMETRIC_REPRESENTATION_CONTEXT(2) 
PARAMETRIC_REPRESENTATION_CONTEXT() REPRESENTATION_CONTEXT('2D SPACE',''
  ) );
#171 = ORIENTED_EDGE('',*,*,#172,.F.);
#172 = EDGE_CURVE('',#173,#147,#175,.T.);
#173 = VERTEX_POINT('',#174);
#174 = CARTESIAN_POINT('',(207.51249998266,64.468317626726,
    5.551115123126E-17));
#175 = SURFACE_CURVE('',#176,(#207,#231),.PCURVE_S1.);
#176 = B_SPLINE_CURVE_WITH_KNOTS('',8,(#177,#178,#179,#180,#181,#182,
    #183,#184,#185,#186,#187,#188,#189,#190,#191,#192,#193,#194,#195,
    #196,#197,#198,#199,#200,#201,#202,#203,#204,#205,#206),
  .UNSPECIFIED.,.F.,.F.,(9,7,7,7,9),(0.,0.125,0.25,0.5,1.),
  .UNSPECIFIED.);
#177 = CARTESIAN_POINT('',(207.51249998266,64.468317626726,
    5.551115123126E-17));
#178 = CARTESIAN_POINT('',(207.52206166297,64.462793822566,
    5.551115123126E-17));
#179 = CARTESIAN_POINT('',(207.53225345199,64.458703097211,
    5.326143172335E-17));
#180 = CARTESIAN_POINT('',(207.54294483958,64.455975105111,
    5.21365719694E-17));
#181 = CARTESIAN_POINT('',(207.55407333964,64.454633981813,
    5.101171221544E-17));
#182 = CARTESIAN_POINT('',(207.56518315919,64.454485428374,
    4.988685246149E-17));
#183 = CARTESIAN_POINT('',(207.57602440401,64.455273200656,
    4.876199270754E-17));
#184 = CARTESIAN_POINT('',(207.5869237047,64.456886010066,
    4.763713295358E-17));
#185 = CARTESIAN_POINT('',(207.60835058967,64.461505674646,
    4.538741344567E-17));
#186 = CARTESIAN_POINT('',(207.61889938157,64.464501532429,
    4.426255369172E-17));
#187 = CARTESIAN_POINT('',(207.62927767357,64.468078042928,
    4.313769393777E-17));
#188 = CARTESIAN_POINT('',(207.63948136962,64.472145642261,
    4.201283418382E-17));
#189 = CARTESIAN_POINT('',(207.64950812682,64.476630575453,
    4.088797442986E-17));
#190 = CARTESIAN_POINT('',(207.65935735551,64.48147489642,
    3.976311467591E-17));
#191 = CARTESIAN_POINT('',(207.66903021924,64.486636467984,
    3.863825492195E-17));
#192 = CARTESIAN_POINT('',(207.69752846584,64.502993949619,
    3.526367566009E-17));
#193 = CARTESIAN_POINT('',(207.71586787985,64.515059544934,
    3.301395615218E-17));
#194 = CARTESIAN_POINT('',(207.73357874184,64.528032934994,
    3.076423664428E-17));
#195 = CARTESIAN_POINT('',(207.75069499342,64.541756442536,
    2.851451713637E-17));
#196 = CARTESIAN_POINT('',(207.76724647466,64.556139849369,
    2.626479762846E-17));
#197 = CARTESIAN_POINT('',(207.78325174579,64.571132719988,
    2.401507812055E-17));
#198 = CARTESIAN_POINT('',(207.79871090911,64.586696725078,
    2.176535861265E-17));
#199 = CARTESIAN_POINT('',(207.8433734739,64.634940445199,
    1.501620008892E-17));
#200 = CARTESIAN_POINT('',(207.87086458601,64.66919741229,
    1.051676107311E-17));
#201 = CARTESIAN_POINT('',(207.8959686565,64.705177207634,
    6.017322057294E-18));
#202 = CARTESIAN_POINT('',(207.9186242865,64.7434297689,
    1.51788304148E-18));
#203 = CARTESIAN_POINT('',(207.93764463325,64.782690484192,
    -2.981555974335E-18));
#204 = CARTESIAN_POINT('',(207.95320167834,64.824556055611,
    -7.48099499015E-18));
#205 = CARTESIAN_POINT('',(207.9625,64.868244682589,-1.647987302178E-17)
  );
#206 = CARTESIAN_POINT('',(207.9625,64.912070489875,-1.647987302178E-17)
  );
#207 = PCURVE('',#32,#208);
#208 = DEFINITIONAL_REPRESENTATION('',(#209),#230);
#209 = B_SPLINE_CURVE_WITH_KNOTS('',10,(#210,#211,#212,#213,#214,#215,
    #216,#217,#218,#219,#220,#221,#222,#223,#224,#225,#226,#227,#228,
    #229),.UNSPECIFIED.,.F.,.F.,(11,9,11),(0.,0.5,1.),.UNSPECIFIED.);
#210 = CARTESIAN_POINT('',(-10.13475267741,11.212588359213));
#211 = CARTESIAN_POINT('',(-10.10415530044,11.194912185901));
#212 = CARTESIAN_POINT('',(-10.06703879092,11.191558925439));
#213 = CARTESIAN_POINT('',(-10.02678623347,11.202200389516));
#214 = CARTESIAN_POINT('',(-10.00278909602,11.217346335666));
#215 = CARTESIAN_POINT('',(-9.962128233467,11.231636006831));
#216 = CARTESIAN_POINT('',(-9.940017858803,11.25347811017));
#217 = CARTESIAN_POINT('',(-9.908199615227,11.27353944359));
#218 = CARTESIAN_POINT('',(-9.882917123257,11.296949117971));
#219 = CARTESIAN_POINT('',(-9.857476190855,11.321319943932));
#220 = CARTESIAN_POINT('',(-9.809836785772,11.372781633373));
#221 = CARTESIAN_POINT('',(-9.78742330151,11.399775459381));
#222 = CARTESIAN_POINT('',(-9.766479979293,11.428022425434));
#223 = CARTESIAN_POINT('',(-9.747109854685,11.457410621918));
#224 = CARTESIAN_POINT('',(-9.729474914407,11.487875550376));
#225 = CARTESIAN_POINT('',(-9.713840366559,11.519454813943));
#226 = CARTESIAN_POINT('',(-9.700643321805,11.552248018759));
#227 = CARTESIAN_POINT('',(-9.690585885381,11.586281886275));
#228 = CARTESIAN_POINT('',(-9.68475266008,11.621280576533));
#229 = CARTESIAN_POINT('',(-9.68475266008,11.656341222362));
#230 = ( GEOMETRIC_REPRESENTATION_CONTEXT(2) 
PARAMETRIC_REPRESENTATION_CONTEXT() REPRESENTATION_CONTEXT('2D SPACE',''
  ) );
#231 = PCURVE('',#232,#443);
#232 = B_SPLINE_SURFACE_WITH_KNOTS('',6,8,(
    (#233,#234,#235,#236,#237,#238,#239,#240,#241,#242,#243,#244,#245
      ,#246,#247,#248,#249,#250,#251,#252,#253,#254,#255,#256,#257,#258
      ,#259,#260,#261,#262)
    ,(#263,#264,#265,#266,#267,#268,#269,#270,#271,#272,#273,#274,#275
      ,#276,#277,#278,#279,#280,#281,#282,#283,#284,#285,#286,#287,#288
      ,#289,#290,#291,#292)
    ,(#293,#294,#295,#296,#297,#298,#299,#300,#301,#302,#303,#304,#305
      ,#306,#307,#308,#309,#310,#311,#312,#313,#314,#315,#316,#317,#318
      ,#319,#320,#321,#322)
    ,(#323,#324,#325,#326,#327,#328,#329,#330,#331,#332,#333,#334,#335
      ,#336,#337,#338,#339,#340,#341,#342,#343,#344,#345,#346,#347,#348
      ,#349,#350,#351,#352)
    ,(#353,#354,#355,#356,#357,#358,#359,#360,#361,#362,#363,#364,#365
      ,#366,#367,#368,#369,#370,#371,#372,#373,#374,#375,#376,#377,#378
      ,#379,#380,#381,#382)
    ,(#383,#384,#385,#386,#387,#388,#389,#390,#391,#392,#393,#394,#395
      ,#396,#397,#398,#399,#400,#401,#402,#403,#404,#405,#406,#407,#408
      ,#409,#410,#411,#412)
    ,(#413,#414,#415,#416,#417,#418,#419,#420,#421,#422,#423,#424,#425
      ,#426,#427,#428,#429,#430,#431,#432,#433,#434,#435,#436,#437,#438
      ,#439,#440,#441,#442
  )),.UNSPECIFIED.,.F.,.F.,.F.,(7,7),(9,7,7,7,9),(0.,1.),(0.,0.125,0.25,
    0.5,1.),.UNSPECIFIED.);
#233 = CARTESIAN_POINT('',(207.51249998266,64.468317626726,
    5.551115123126E-17));
#234 = CARTESIAN_POINT('',(207.52206166297,64.462793822566,
    5.551115123126E-17));
#235 = CARTESIAN_POINT('',(207.53225345199,64.458703097211,
    5.326143172335E-17));
#236 = CARTESIAN_POINT('',(207.54294483958,64.455975105111,
    5.21365719694E-17));
#237 = CARTESIAN_POINT('',(207.55407333964,64.454633981813,
    5.101171221544E-17));
#238 = CARTESIAN_POINT('',(207.56518315919,64.454485428374,
    4.988685246149E-17));
#239 = CARTESIAN_POINT('',(207.57602440401,64.455273200656,
    4.876199270754E-17));
#240 = CARTESIAN_POINT('',(207.5869237047,64.456886010066,
    4.763713295358E-17));
#241 = CARTESIAN_POINT('',(207.60835058967,64.461505674646,
    4.538741344567E-17));
#242 = CARTESIAN_POINT('',(207.61889938157,64.464501532429,
    4.426255369172E-17));
#243 = CARTESIAN_POINT('',(207.62927767357,64.468078042928,
    4.313769393777E-17));
#244 = CARTESIAN_POINT('',(207.63948136962,64.472145642261,
    4.201283418382E-17));
#245 = CARTESIAN_POINT('',(207.64950812682,64.476630575453,
    4.088797442986E-17));
#246 = CARTESIAN_POINT('',(207.65935735551,64.48147489642,
    3.976311467591E-17));
#247 = CARTESIAN_POINT('',(207.66903021924,64.486636467984,
    3.863825492195E-17));
#248 = CARTESIAN_POINT('',(207.69752846584,64.502993949619,
    3.526367566009E-17));
#249 = CARTESIAN_POINT('',(207.71586787985,64.515059544934,
    3.301395615218E-17));
#250 = CARTESIAN_POINT('',(207.73357874184,64.528032934994,
    3.076423664428E-17));
#251 = CARTESIAN_POINT('',(207.75069499342,64.541756442536,
    2.851451713637E-17));
#252 = CARTESIAN_POINT('',(207.76724647466,64.556139849369,
    2.626479762846E-17));
#253 = CARTESIAN_POINT('',(207.78325174579,64.571132719988,
    2.401507812055E-17));
#254 = CARTESIAN_POINT('',(207.79871090911,64.586696725078,
    2.176535861265E-17));
#255 = CARTESIAN_POINT('',(207.8433734739,64.634940445199,
    1.501620008892E-17));
#256 = CARTESIAN_POINT('',(207.87086458601,64.66919741229,
    1.051676107311E-17));
#257 = CARTESIAN_POINT('',(207.8959686565,64.705177207634,
    6.017322057294E-18));
#258 = CARTESIAN_POINT('',(207.9186242865,64.7434297689,
    1.51788304148E-18));
#259 = CARTESIAN_POINT('',(207.93764463325,64.782690484192,
    -2.981555974335E-18));
#260 = CARTESIAN_POINT('',(207.95320167834,64.824556055611,
    -7.48099499015E-18));
#261 = CARTESIAN_POINT('',(207.9625,64.868244682589,-1.647987302178E-17)
  );
#262 = CARTESIAN_POINT('',(207.9625,64.912070489875,-1.647987302178E-17)
  );
#263 = CARTESIAN_POINT('',(207.5525438988,64.537633466526,
    5.551115123126E-17));
#264 = CARTESIAN_POINT('',(207.56122159172,64.532106979506,
    4.010099803724E-17));
#265 = CARTESIAN_POINT('',(207.57044477374,64.52781003452,
    2.219826863007E-17));
#266 = CARTESIAN_POINT('',(207.58010314477,64.524684899783,
    7.230813535417E-18));
#267 = CARTESIAN_POINT('',(207.59014304483,64.522752497094,
    -6.658987894961E-18));
#268 = CARTESIAN_POINT('',(207.60018301694,64.521851635788,
    -1.95064825978E-17));
#269 = CARTESIAN_POINT('',(207.61001315057,64.521769417901,
    -3.134704668357E-17));
#270 = CARTESIAN_POINT('',(207.61990394258,64.522413653358,
    -4.221692773914E-17));
#271 = CARTESIAN_POINT('',(207.639396881,64.524942594768,
    -6.208647087134E-17));
#272 = CARTESIAN_POINT('',(207.64901670645,64.526818135317,
    -7.108614123564E-17));
#273 = CARTESIAN_POINT('',(207.65850328224,64.52921739748,
    -7.918657212614E-17));
#274 = CARTESIAN_POINT('',(207.66785145137,64.532066114862,
    -8.642364874823E-17));
#275 = CARTESIAN_POINT('',(207.67705750563,64.535303102916,
    -9.283327978475E-17));
#276 = CARTESIAN_POINT('',(207.68611918572,64.538880258929,
    -9.845139739591E-17));
#277 = CARTESIAN_POINT('',(207.6950356812,64.542762562033,
    -1.033139572194E-16));
#278 = CARTESIAN_POINT('',(207.72135152895,64.555259095533,
    -1.157429006718E-16));
#279 = CARTESIAN_POINT('',(207.738345915,64.564720371821,
    -1.211505855894E-16));
#280 = CARTESIAN_POINT('',(207.75480226335,64.575101248822,
    -1.239677937338E-16));
#281 = CARTESIAN_POINT('',(207.77073462091,64.586268819561,
    -1.244824732561E-16));
#282 = CARTESIAN_POINT('',(207.78615381293,64.598144909901,
    -1.229826759797E-16));
#283 = CARTESIAN_POINT('',(207.80106164892,64.61068306521,
    -1.197565135324E-16));
#284 = CARTESIAN_POINT('',(207.81544512881,64.623845536911,
    -1.150921134781E-16));
#285 = CARTESIAN_POINT('',(207.85692168902,64.665049733599,
    -9.764849939119E-17));
#286 = CARTESIAN_POINT('',(207.88234307748,64.694829559103,
    -8.141888857554E-17));
#287 = CARTESIAN_POINT('',(207.90535022513,64.72655310091,
    -6.289392835334E-17));
#288 = CARTESIAN_POINT('',(207.92580523451,64.760601062266,
    -4.437867277101E-17));
#289 = CARTESIAN_POINT('',(207.94264967358,64.795824484858,
    -2.817802894238E-17));
#290 = CARTESIAN_POINT('',(207.95597913624,64.833446333796,
    -1.659497617479E-17));
#291 = CARTESIAN_POINT('',(207.96344024465,64.872701253406,
    -1.921597200644E-17));
#292 = CARTESIAN_POINT('',(207.9625,64.912070489875,-1.647987302178E-17)
  );
#293 = CARTESIAN_POINT('',(207.59258404329,64.606942777619,
    2.562618700803E-02));
#294 = CARTESIAN_POINT('',(207.6005075263,64.601638251959,
    2.533845961667E-02));
#295 = CARTESIAN_POINT('',(207.609313893,64.598182499792,
    2.640768081114E-02));
#296 = CARTESIAN_POINT('',(207.61807333811,64.59504076563,
    2.670811225715E-02));
#297 = CARTESIAN_POINT('',(207.62704586843,64.592721064105,
    2.695077596841E-02));
#298 = CARTESIAN_POINT('',(207.63599821312,64.591135111564,
    2.713814710601E-02));
#299 = CARTESIAN_POINT('',(207.64480330727,64.590160710864,
    2.727267385529E-02));
#300 = CARTESIAN_POINT('',(207.6536326178,64.589734772217,
    2.735617246848E-02));
#301 = CARTESIAN_POINT('',(207.6710837322,64.589862942538,
    2.742570135015E-02));
#302 = CARTESIAN_POINT('',(207.67971688773,64.590411012896,
    2.741172560383E-02));
#303 = CARTESIAN_POINT('',(207.68825359206,64.591390786227,
    2.735109684037E-02));
#304 = CARTESIAN_POINT('',(207.69669010016,64.592757633802,
    2.724587892963E-02));
#305 = CARTESIAN_POINT('',(207.70502297145,64.594474580384,
    2.70981124413E-02));
#306 = CARTESIAN_POINT('',(207.71324906981,64.596512304229,
    2.690981464488E-02));
#307 = CARTESIAN_POINT('',(207.72136556361,64.598849137086,
    2.668297950973E-02));
#308 = CARTESIAN_POINT('',(207.74537864975,64.606714918414,
    2.589277409555E-02));
#309 = CARTESIAN_POINT('',(207.76095832358,64.613096706301,
    2.521967630704E-02));
#310 = CARTESIAN_POINT('',(207.77609579026,64.6204825209,
    2.441607390219E-02));
#311 = CARTESIAN_POINT('',(207.79077743642,64.628781253728,
    2.349754341103E-02));
#312 = CARTESIAN_POINT('',(207.80498673129,64.637930896987,
    2.247948334373E-02));
#313 = CARTESIAN_POINT('',(207.81870176553,64.647884845846,
    2.137714920353E-02));
#314 = CARTESIAN_POINT('',(207.83189279029,64.658598200643,
    2.020568849959E-02));
#315 = CARTESIAN_POINT('',(207.86977368774,64.692845806178,
    1.652915028047E-02));
#316 = CARTESIAN_POINT('',(207.89277160033,64.718500965495,
    1.386190641716E-02));
#317 = CARTESIAN_POINT('',(207.91324996662,64.746548779065,
    1.10987746902E-02));
#318 = CARTESIAN_POINT('',(207.9309971361,64.776986619946,
    8.358737742551E-03));
#319 = CARTESIAN_POINT('',(207.94531612828,64.808791004511,
    5.759658915271E-03));
#320 = CARTESIAN_POINT('',(207.95626317079,64.842464107367,
    3.419912440028E-03));
#321 = CARTESIAN_POINT('',(207.96362829358,64.879253233088,
    4.295634074625E-03));
#322 = CARTESIAN_POINT('',(207.9625,64.912070489875,-2.584737979205E-17)
  );
#323 = CARTESIAN_POINT('',(207.6275148405,64.667407831408,
    7.692268342237E-02));
#324 = CARTESIAN_POINT('',(207.63471026532,64.662370535621,
    7.610596750528E-02));
#325 = CARTESIAN_POINT('',(207.64208505803,64.657928816186,
    7.542601285012E-02));
#326 = CARTESIAN_POINT('',(207.64972229618,64.654280128754,
    7.462154195096E-02));
#327 = CARTESIAN_POINT('',(207.65755937314,64.651348262204,
    7.378083284747E-02));
#328 = CARTESIAN_POINT('',(207.66539308333,64.649069521939,
    7.290622741193E-02));
#329 = CARTESIAN_POINT('',(207.67311517344,64.647347554447,
    7.200001134195E-02));
#330 = CARTESIAN_POINT('',(207.68088561844,64.646117820597,
    7.106305311605E-02));
#331 = CARTESIAN_POINT('',(207.69629462508,64.644558683618,
    6.913154843709E-02));
#332 = CARTESIAN_POINT('',(207.70394386273,64.644223394803,
    6.813698849862E-02));
#333 = CARTESIAN_POINT('',(207.71153575293,64.644288312892,
    6.71151036144E-02));
#334 = CARTESIAN_POINT('',(207.71906771182,64.644715823644,
    6.6067328844E-02));
#335 = CARTESIAN_POINT('',(207.72653665343,64.645474771348,
    6.499505165338E-02));
#336 = CARTESIAN_POINT('',(207.73393898968,64.646540458818,
    6.389961191485E-02));
#337 = CARTESIAN_POINT('',(207.74127063041,64.647894647401,
    6.278230190708E-02));
#338 = CARTESIAN_POINT('',(207.76303968922,64.6527873761,
    5.936849513122E-02));
#339 = CARTESIAN_POINT('',(207.7772709178,64.657152772527,
    5.701006026858E-02));
#340 = CARTESIAN_POINT('',(207.79119424278,64.66250796312,
    5.457907292141E-02));
#341 = CARTESIAN_POINT('',(207.80478002962,64.668773926514,
    5.20851452794E-02));
#342 = CARTESIAN_POINT('',(207.81799430287,64.675894790606,
    4.953756667156E-02));
#343 = CARTESIAN_POINT('',(207.83079761368,64.683826220126,
    4.694537970977E-02));
#344 = CARTESIAN_POINT('',(207.84314390713,64.692523804122,
    4.431745643262E-02));
#345 = CARTESIAN_POINT('',(207.87865035489,64.720746722331,
    3.635281048174E-02));
#346 = CARTESIAN_POINT('',(207.9002767485,64.742414318776,
    3.093518709649E-02));
#347 = CARTESIAN_POINT('',(207.91948556202,64.76649797669,
    2.547931750072E-02));
#348 = CARTESIAN_POINT('',(207.93595193602,64.792947781679,
    2.005286379799E-02));
#349 = CARTESIAN_POINT('',(207.94898962273,64.820744948359,
    1.472188826718E-02));
#350 = CARTESIAN_POINT('',(207.95858439688,64.850341768747,
    9.554257711906E-03));
#351 = CARTESIAN_POINT('',(207.96334622018,64.880748576445,
    4.969969515734E-03));
#352 = CARTESIAN_POINT('',(207.9625,64.912070489875,-2.844946500602E-17)
  );
#353 = CARTESIAN_POINT('',(207.65210734731,64.709977350741,
    0.148270833363));
#354 = CARTESIAN_POINT('',(207.6585415613,64.70514989777,0.146176082284)
  );
#355 = CARTESIAN_POINT('',(207.664549596,64.699809093975,0.142907170429)
  );
#356 = CARTESIAN_POINT('',(207.67112535316,64.695715678446,0.14025601031
    ));
#357 = CARTESIAN_POINT('',(207.67791183685,64.692267995209,0.13762388503
    ));
#358 = CARTESIAN_POINT('',(207.68472905145,64.689419499448,
    0.135011672006));
#359 = CARTESIAN_POINT('',(207.69148245324,64.687092559211,
    0.132420173752));
#360 = CARTESIAN_POINT('',(207.69831985523,64.685223041328,
    0.129848303157));
#361 = CARTESIAN_POINT('',(207.71195515138,64.682337340424,
    0.124744521905));
#362 = CARTESIAN_POINT('',(207.71876303387,64.681315510028,
    0.122212593266));
#363 = CARTESIAN_POINT('',(207.72555941305,64.680676742243,
    0.119700358405));
#364 = CARTESIAN_POINT('',(207.73234154079,64.680388603005,
    0.117207485652));
#365 = CARTESIAN_POINT('',(207.7391056586,64.680424181639,0.11473357988)
  );
#366 = CARTESIAN_POINT('',(207.74584699758,64.680762090852,
    0.112278182505));
#367 = CARTESIAN_POINT('',(207.75255977846,64.681386466738,
    0.109840771482));
#368 = CARTESIAN_POINT('',(207.77259207779,64.684087972848,0.10258074097
    ));
#369 = CARTESIAN_POINT('',(207.78582488881,64.686989697175,
    9.7810242246E-02));
#370 = CARTESIAN_POINT('',(207.7988934969,64.690891787184,
    9.310465274538E-02));
#371 = CARTESIAN_POINT('',(207.81175085459,64.695722436896,
    8.845882806924E-02));
#372 = CARTESIAN_POINT('',(207.8243447899,64.701428400643,
    8.386719333738E-02));
#373 = CARTESIAN_POINT('',(207.83661778156,64.707965004851,
    7.932384471345E-02));
#374 = CARTESIAN_POINT('',(207.84850673426,64.71528615975,
    7.482265093002E-02));
#375 = CARTESIAN_POINT('',(207.8828147931,64.739430793937,
    6.142676258025E-02));
#376 = CARTESIAN_POINT('',(207.90387280916,64.758446437613,
    5.263972822492E-02));
#377 = CARTESIAN_POINT('',(207.92262191769,64.779926006191,
    4.394538413981E-02));
#378 = CARTESIAN_POINT('',(207.93861354523,64.803761525993,
    3.529026124543E-02));
#379 = CARTESIAN_POINT('',(207.95112848777,64.828930134808,
    2.661875736268E-02));
#380 = CARTESIAN_POINT('',(207.96005446849,64.855808148081,
    1.787767634547E-02));
#381 = CARTESIAN_POINT('',(207.96287609786,64.881351284411,
    6.626626020979E-03));
#382 = CARTESIAN_POINT('',(207.9625,64.912070489875,-3.243932900077E-17)
  );
#383 = CARTESIAN_POINT('',(207.66371027438,64.730061965623,
    0.229052486999));
#384 = CARTESIAN_POINT('',(207.66969542829,64.725984687,0.225304353507)
  );
#385 = CARTESIAN_POINT('',(207.67577625108,64.722256637584,
    0.221560074665));
#386 = CARTESIAN_POINT('',(207.68194269415,64.718865464896,
    0.217819628536));
#387 = CARTESIAN_POINT('',(207.68819672802,64.71580479452,0.214082652047
    ));
#388 = CARTESIAN_POINT('',(207.69448688048,64.713080234179,0.21035047187
    ));
#389 = CARTESIAN_POINT('',(207.70078705049,64.710685049849,
    0.206624344221));
#390 = CARTESIAN_POINT('',(207.70714491428,64.708591337906,
    0.202903942398));
#391 = CARTESIAN_POINT('',(207.71990556624,64.705013695674,
    0.195476319271));
#392 = CARTESIAN_POINT('',(207.72631197925,64.70352750097,0.191769082898
    ));
#393 = CARTESIAN_POINT('',(207.73274133002,64.702336322183,
    0.188068769235));
#394 = CARTESIAN_POINT('',(207.73918920927,64.701433423315,
    0.184375664328));
#395 = CARTESIAN_POINT('',(207.74564994783,64.700812942876,
    0.180689992754));
#396 = CARTESIAN_POINT('',(207.75211661654,64.700469893867,
    0.177011917616));
#397 = CARTESIAN_POINT('',(207.75858102635,64.700400163797,
    0.173341540546));
#398 = CARTESIAN_POINT('',(207.77793913194,64.701001216423,
    0.162353624025));
#399 = CARTESIAN_POINT('',(207.79080623871,64.702479749327,
    0.155059230152));
#400 = CARTESIAN_POINT('',(207.80356813809,64.705004925965,
    0.147796102403));
#401 = CARTESIAN_POINT('',(207.81615317245,64.708544630334,
    0.140564036962));
#402 = CARTESIAN_POINT('',(207.82848678309,64.713063762005,
    0.133362333178));
#403 = CARTESIAN_POINT('',(207.84049335657,64.718522180303,
    0.126189882848));
#404 = CARTESIAN_POINT('',(207.85209807081,64.724872648452,0.11904525951
    ));
#405 = CARTESIAN_POINT('',(207.88549008263,64.746431036364,
    9.768990416537E-02));
#406 = CARTESIAN_POINT('',(207.90585273379,64.764149493907,
    8.3557662261E-02));
#407 = CARTESIAN_POINT('',(207.92376348987,64.784754129497,
    6.951618083349E-02));
#408 = CARTESIAN_POINT('',(207.93872631021,64.807821377226,
    5.55474679279E-02));
#409 = CARTESIAN_POINT('',(207.95031017646,64.832527577816,
    4.163012093136E-02));
#410 = CARTESIAN_POINT('',(207.95833845073,64.858550027715,
    2.774357777705E-02));
#411 = CARTESIAN_POINT('',(207.9625,64.885225357918,1.386922328801E-02)
  );
#412 = CARTESIAN_POINT('',(207.9625,64.912070489875,-4.597017211339E-17)
  );
#413 = CARTESIAN_POINT('',(207.66249999306,64.727966974077,
    0.309067155008));
#414 = CARTESIAN_POINT('',(207.66816811605,64.724868411687,
    0.304029322833));
#415 = CARTESIAN_POINT('',(207.67395862998,64.721981707467,
    0.298998888909));
#416 = CARTESIAN_POINT('',(207.67986228516,64.719312198481,0.29397603961
    ));
#417 = CARTESIAN_POINT('',(207.68586955229,64.71686473776,0.288960944407
    ));
#418 = CARTESIAN_POINT('',(207.69197065411,64.714643676053,
    0.283953755232));
#419 = CARTESIAN_POINT('',(207.69815559881,64.712652846246,
    0.278954605932));
#420 = CARTESIAN_POINT('',(207.7044142144,64.710895550867,0.273963611833
    ));
#421 = CARTESIAN_POINT('',(207.71705815402,64.707853554285,
    0.263998126989));
#422 = CARTESIAN_POINT('',(207.7234435142,64.706568847595,0.259023636052
    ));
#423 = CARTESIAN_POINT('',(207.7298818759,64.705523207006,0.254057493486
    ));
#424 = CARTESIAN_POINT('',(207.73636277736,64.70471885356,0.249099776854
    ));
#425 = CARTESIAN_POINT('',(207.74287568393,64.704157454854,
    0.244150544388));
#426 = CARTESIAN_POINT('',(207.74940998802,64.703840125024,
    0.239209834995));
#427 = CARTESIAN_POINT('',(207.75595500917,64.70376742476,0.234277668254
    ));
#428 = CARTESIAN_POINT('',(207.77558996363,64.704283234369,
    0.219506796749));
#429 = CARTESIAN_POINT('',(207.78867994387,64.705605593382,0.20969371856
    ));
#430 = CARTESIAN_POINT('',(207.8016844579,64.707906582948,0.199914814904
    ));
#431 = CARTESIAN_POINT('',(207.81451807931,64.711177147524,
    0.190169769553));
#432 = CARTESIAN_POINT('',(207.82709655917,64.71539933326,0.180457955545
    ));
#433 = CARTESIAN_POINT('',(207.83933795347,64.720546589874,
    0.170778445724));
#434 = CARTESIAN_POINT('',(207.85116375016,64.726584072492,0.16113002328
    ));
#435 = CARTESIAN_POINT('',(207.88517248928,64.747238685585,
    0.132273530315));
#436 = CARTESIAN_POINT('',(207.90588672741,64.764398158873,
    0.113154240361));
#437 = CARTESIAN_POINT('',(207.92405072877,64.784605788711,
    9.414139437892E-02));
#438 = CARTESIAN_POINT('',(207.93914410293,64.807396106237,
    7.521873783873E-02));
#439 = CARTESIAN_POINT('',(207.95075047148,64.832198421037,
    5.63663417912E-02));
#440 = CARTESIAN_POINT('',(207.95858348996,64.858367013291,
    3.756165720402E-02));
#441 = CARTESIAN_POINT('',(207.9625,64.885218751775,1.878082860869E-02)
  );
#442 = CARTESIAN_POINT('',(207.9625,64.912070489875,-5.290906601729E-17)
  );
#443 = DEFINITIONAL_REPRESENTATION('',(#444),#447);
#444 = B_SPLINE_CURVE_WITH_KNOTS('',1,(#445,#446),.UNSPECIFIED.,.F.,.F.,
  (2,2),(0.,1.),.PIECEWISE_BEZIER_KNOTS.);
#445 = CARTESIAN_POINT('',(0.,0.));
#446 = CARTESIAN_POINT('',(0.,1.));
#447 = ( GEOMETRIC_REPRESENTATION_CONTEXT(2) 
PARAMETRIC_REPRESENTATION_CONTEXT() REPRESENTATION_CONTEXT('2D SPACE',''
  ) );
#448 = ORIENTED_EDGE('',*,*,#449,.T.);
#449 = EDGE_CURVE('',#173,#450,#452,.T.);
#450 = VERTEX_POINT('',#451);
#451 = CARTESIAN_POINT('',(195.6625,71.314089198188,-5.551115123126E-17)
  );
#452 = SURFACE_CURVE('',#453,(#457,#464),.PCURVE_S1.);
#453 = LINE('',#454,#455);
#454 = CARTESIAN_POINT('',(207.8078251192,64.297707632888,
    1.665334536938E-16));
#455 = VECTOR('',#456,1.);
#456 = DIRECTION('',(-0.865893403497,0.50022856154,0.));
#457 = PCURVE('',#32,#458);
#458 = DEFINITIONAL_REPRESENTATION('',(#459),#463);
#459 = LINE('',#460,#461);
#460 = CARTESIAN_POINT('',(-9.83942754088,11.041978365375));
#461 = VECTOR('',#462,1.);
#462 = DIRECTION('',(-0.865893403497,0.50022856154));
#463 = ( GEOMETRIC_REPRESENTATION_CONTEXT(2) 
PARAMETRIC_REPRESENTATION_CONTEXT() REPRESENTATION_CONTEXT('2D SPACE',''
  ) );
#464 = PCURVE('',#465,#470);
#465 = CYLINDRICAL_SURFACE('',#466,0.3);
#466 = AXIS2_PLACEMENT_3D('',#467,#468,#469);
#467 = CARTESIAN_POINT('',(207.8078251192,64.297707632888,0.3));
#468 = DIRECTION('',(-0.865893403497,0.50022856154,0.));
#469 = DIRECTION('',(-0.,0.,-1.));
#470 = DEFINITIONAL_REPRESENTATION('',(#471),#475);
#471 = LINE('',#472,#473);
#472 = CARTESIAN_POINT('',(-0.,0.));
#473 = VECTOR('',#474,1.);
#474 = DIRECTION('',(-0.,1.));
#475 = ( GEOMETRIC_REPRESENTATION_CONTEXT(2) 
PARAMETRIC_REPRESENTATION_CONTEXT() REPRESENTATION_CONTEXT('2D SPACE',''
  ) );
#476 = ORIENTED_EDGE('',*,*,#477,.T.);
#477 = EDGE_CURVE('',#450,#478,#480,.T.);
#478 = VERTEX_POINT('',#479);
#479 = CARTESIAN_POINT('',(195.6625,19.156029261813,-1.665334536938E-16)
  );
#480 = SURFACE_CURVE('',#481,(#485,#492),.PCURVE_S1.);
#481 = LINE('',#482,#483);
#482 = CARTESIAN_POINT('',(195.6625,71.844497423848,-5.551115123126E-17)
  );
#483 = VECTOR('',#484,1.);
#484 = DIRECTION('',(0.,-1.,0.));
#485 = PCURVE('',#32,#486);
#486 = DEFINITIONAL_REPRESENTATION('',(#487),#491);
#487 = LINE('',#488,#489);
#488 = CARTESIAN_POINT('',(-21.98475266008,18.588768156335));
#489 = VECTOR('',#490,1.);
#490 = DIRECTION('',(0.,-1.));
#491 = ( GEOMETRIC_REPRESENTATION_CONTEXT(2) 
PARAMETRIC_REPRESENTATION_CONTEXT() REPRESENTATION_CONTEXT('2D SPACE',''
  ) );
#492 = PCURVE('',#493,#498);
#493 = CYLINDRICAL_SURFACE('',#494,0.3);
#494 = AXIS2_PLACEMENT_3D('',#495,#496,#497);
#495 = CARTESIAN_POINT('',(195.6625,71.844497423848,0.3));
#496 = DIRECTION('',(0.,-1.,0.));
#497 = DIRECTION('',(-0.,-0.,-1.));
#498 = DEFINITIONAL_REPRESENTATION('',(#499),#503);
#499 = LINE('',#500,#501);
#500 = CARTESIAN_POINT('',(-0.,0.));
#501 = VECTOR('',#502,1.);
#502 = DIRECTION('',(-0.,1.));
#503 = ( GEOMETRIC_REPRESENTATION_CONTEXT(2) 
PARAMETRIC_REPRESENTATION_CONTEXT() REPRESENTATION_CONTEXT('2D SPACE',''
  ) );
#504 = ORIENTED_EDGE('',*,*,#505,.T.);
#505 = EDGE_CURVE('',#478,#506,#508,.T.);
#506 = VERTEX_POINT('',#507);
#507 = CARTESIAN_POINT('',(207.51249998266,26.001800833274,
    -1.110223024625E-16));
#508 = SURFACE_CURVE('',#509,(#513,#520),.PCURVE_S1.);
#509 = LINE('',#510,#511);
#510 = CARTESIAN_POINT('',(195.2078251192,18.893362563264,
    -1.665334536938E-16));
#511 = VECTOR('',#512,1.);
#512 = DIRECTION('',(0.865893403497,0.50022856154,-0.));
#513 = PCURVE('',#32,#514);
#514 = DEFINITIONAL_REPRESENTATION('',(#515),#519);
#515 = LINE('',#516,#517);
#516 = CARTESIAN_POINT('',(-22.43942754088,-34.36236670424));
#517 = VECTOR('',#518,1.);
#518 = DIRECTION('',(0.865893403497,0.50022856154));
#519 = ( GEOMETRIC_REPRESENTATION_CONTEXT(2) 
PARAMETRIC_REPRESENTATION_CONTEXT() REPRESENTATION_CONTEXT('2D SPACE',''
  ) );
#520 = PCURVE('',#521,#526);
#521 = CYLINDRICAL_SURFACE('',#522,0.3);
#522 = AXIS2_PLACEMENT_3D('',#523,#524,#525);
#523 = CARTESIAN_POINT('',(195.2078251192,18.893362563264,0.3));
#524 = DIRECTION('',(0.865893403497,0.50022856154,-0.));
#525 = DIRECTION('',(0.,-0.,-1.));
#526 = DEFINITIONAL_REPRESENTATION('',(#527),#531);
#527 = LINE('',#528,#529);
#528 = CARTESIAN_POINT('',(-0.,0.));
#529 = VECTOR('',#530,1.);
#530 = DIRECTION('',(-0.,1.));
#531 = ( GEOMETRIC_REPRESENTATION_CONTEXT(2) 
PARAMETRIC_REPRESENTATION_CONTEXT() REPRESENTATION_CONTEXT('2D SPACE',''
  ) );
#532 = ORIENTED_EDGE('',*,*,#533,.T.);
#533 = EDGE_CURVE('',#506,#22,#534,.T.);
#534 = SURFACE_CURVE('',#535,(#566,#590),.PCURVE_S1.);
#535 = B_SPLINE_CURVE_WITH_KNOTS('',8,(#536,#537,#538,#539,#540,#541,
    #542,#543,#544,#545,#546,#547,#548,#549,#550,#551,#552,#553,#554,
    #555,#556,#557,#558,#559,#560,#561,#562,#563,#564,#565),
  .UNSPECIFIED.,.F.,.F.,(9,7,7,7,9),(0.,0.125,0.25,0.5,1.),
  .UNSPECIFIED.);
#536 = CARTESIAN_POINT('',(207.51249998266,26.001800833274,
    -1.110223024625E-16));
#537 = CARTESIAN_POINT('',(207.52206166297,26.007324637434,
    -1.10805462028E-16));
#538 = CARTESIAN_POINT('',(207.53225345199,26.011415362789,
    -1.090320170459E-16));
#539 = CARTESIAN_POINT('',(207.54294483958,26.014143354889,
    -1.080596232224E-16));
#540 = CARTESIAN_POINT('',(207.55407333964,26.015484478187,
    -1.071017499638E-16));
#541 = CARTESIAN_POINT('',(207.56518315919,26.015633031625,
    -1.061579132511E-16));
#542 = CARTESIAN_POINT('',(207.57602440401,26.014845259344,
    -1.052276290656E-16));
#543 = CARTESIAN_POINT('',(207.5869237047,26.013232449933,
    -1.043104133885E-16));
#544 = CARTESIAN_POINT('',(207.60835058967,26.008612785354,
    -1.025011510131E-16));
#545 = CARTESIAN_POINT('',(207.61889938157,26.00561692757,
    -1.01609104315E-16));
#546 = CARTESIAN_POINT('',(207.62927767358,26.002040417073,
    -1.007291580875E-16));
#547 = CARTESIAN_POINT('',(207.63948136962,25.997972817738,
    -9.986082831184E-17));
#548 = CARTESIAN_POINT('',(207.64950812682,25.993487884548,
    -9.900363096922E-17));
#549 = CARTESIAN_POINT('',(207.65935735551,25.988643563579,
    -9.815708204079E-17));
#550 = CARTESIAN_POINT('',(207.66903021924,25.983481992016,
    -9.732069750773E-17));
#551 = CARTESIAN_POINT('',(207.69752846584,25.967124510381,
    -9.484058503817E-17));
#552 = CARTESIAN_POINT('',(207.71586787985,25.955058915067,
    -9.322589823129E-17));
#553 = CARTESIAN_POINT('',(207.73357874184,25.942085525004,
    -9.164606077995E-17));
#554 = CARTESIAN_POINT('',(207.75069499343,25.928362017467,
    -9.009720053354E-17));
#555 = CARTESIAN_POINT('',(207.76724647467,25.913978610628,
    -8.857544534145E-17));
#556 = CARTESIAN_POINT('',(207.78325174579,25.898985740013,
    -8.707692305305E-17));
#557 = CARTESIAN_POINT('',(207.79871090911,25.883421734922,
    -8.559776151773E-17));
#558 = CARTESIAN_POINT('',(207.8433734739,25.835178014801,
    -8.120674271916E-17));
#559 = CARTESIAN_POINT('',(207.87086458601,25.80092104771,
    -7.834135126331E-17));
#560 = CARTESIAN_POINT('',(207.8959686565,25.764941252365,
    -7.550693701238E-17));
#561 = CARTESIAN_POINT('',(207.91862428651,25.726688691101,
    -7.267252276146E-17));
#562 = CARTESIAN_POINT('',(207.93764463325,25.687427975807,
    -6.98071313056E-17));
#563 = CARTESIAN_POINT('',(207.95320167834,25.64556240439,
    -6.687978543989E-17));
#564 = CARTESIAN_POINT('',(207.9625,25.601873777411,-6.071532165919E-17)
  );
#565 = CARTESIAN_POINT('',(207.9625,25.558047970125,-6.071532165919E-17)
  );
#566 = PCURVE('',#32,#567);
#567 = DEFINITIONAL_REPRESENTATION('',(#568),#589);
#568 = B_SPLINE_CURVE_WITH_KNOTS('',10,(#569,#570,#571,#572,#573,#574,
    #575,#576,#577,#578,#579,#580,#581,#582,#583,#584,#585,#586,#587,
    #588),.UNSPECIFIED.,.F.,.F.,(11,9,11),(0.,0.5,1.),.UNSPECIFIED.);
#569 = CARTESIAN_POINT('',(-10.13475267741,-27.25392843423));
#570 = CARTESIAN_POINT('',(-10.10415530044,-27.23625226092));
#571 = CARTESIAN_POINT('',(-10.06703879092,-27.23289900046));
#572 = CARTESIAN_POINT('',(-10.02678623347,-27.24354046454));
#573 = CARTESIAN_POINT('',(-10.00278909602,-27.25868641068));
#574 = CARTESIAN_POINT('',(-9.962128233462,-27.27297608186));
#575 = CARTESIAN_POINT('',(-9.940017858805,-27.29481818519));
#576 = CARTESIAN_POINT('',(-9.908199615223,-27.31487951861));
#577 = CARTESIAN_POINT('',(-9.882917123257,-27.33828919299));
#578 = CARTESIAN_POINT('',(-9.857476190854,-27.36266001895));
#579 = CARTESIAN_POINT('',(-9.809836785772,-27.41412170839));
#580 = CARTESIAN_POINT('',(-9.78742330151,-27.4411155344));
#581 = CARTESIAN_POINT('',(-9.766479979292,-27.46936250046));
#582 = CARTESIAN_POINT('',(-9.747109854686,-27.49875069694));
#583 = CARTESIAN_POINT('',(-9.729474914405,-27.5292156254));
#584 = CARTESIAN_POINT('',(-9.713840366561,-27.56079488896));
#585 = CARTESIAN_POINT('',(-9.700643321803,-27.59358809378));
#586 = CARTESIAN_POINT('',(-9.690585885381,-27.62762196129));
#587 = CARTESIAN_POINT('',(-9.68475266008,-27.66262065156));
#588 = CARTESIAN_POINT('',(-9.68475266008,-27.69768129738));
#589 = ( GEOMETRIC_REPRESENTATION_CONTEXT(2) 
PARAMETRIC_REPRESENTATION_CONTEXT() REPRESENTATION_CONTEXT('2D SPACE',''
  ) );
#590 = PCURVE('',#591,#802);
#591 = B_SPLINE_SURFACE_WITH_KNOTS('',6,8,(
    (#592,#593,#594,#595,#596,#597,#598,#599,#600,#601,#602,#603,#604
      ,#605,#606,#607,#608,#609,#610,#611,#612,#613,#614,#615,#616,#617
      ,#618,#619,#620,#621)
    ,(#622,#623,#624,#625,#626,#627,#628,#629,#630,#631,#632,#633,#634
      ,#635,#636,#637,#638,#639,#640,#641,#642,#643,#644,#645,#646,#647
      ,#648,#649,#650,#651)
    ,(#652,#653,#654,#655,#656,#657,#658,#659,#660,#661,#662,#663,#664
      ,#665,#666,#667,#668,#669,#670,#671,#672,#673,#674,#675,#676,#677
      ,#678,#679,#680,#681)
    ,(#682,#683,#684,#685,#686,#687,#688,#689,#690,#691,#692,#693,#694
      ,#695,#696,#697,#698,#699,#700,#701,#702,#703,#704,#705,#706,#707
      ,#708,#709,#710,#711)
    ,(#712,#713,#714,#715,#716,#717,#718,#719,#720,#721,#722,#723,#724
      ,#725,#726,#727,#728,#729,#730,#731,#732,#733,#734,#735,#736,#737
      ,#738,#739,#740,#741)
    ,(#742,#743,#744,#745,#746,#747,#748,#749,#750,#751,#752,#753,#754
      ,#755,#756,#757,#758,#759,#760,#761,#762,#763,#764,#765,#766,#767
      ,#768,#769,#770,#771)
    ,(#772,#773,#774,#775,#776,#777,#778,#779,#780,#781,#782,#783,#784
      ,#785,#786,#787,#788,#789,#790,#791,#792,#793,#794,#795,#796,#797
      ,#798,#799,#800,#801
  )),.UNSPECIFIED.,.F.,.F.,.F.,(7,7),(9,7,7,7,9),(0.,1.),(0.,0.125,0.25,
    0.5,1.),.UNSPECIFIED.);
#592 = CARTESIAN_POINT('',(207.51249998266,26.001800833274,
    -1.110223024625E-16));
#593 = CARTESIAN_POINT('',(207.52206166297,26.007324637434,
    -1.10805462028E-16));
#594 = CARTESIAN_POINT('',(207.53225345199,26.011415362789,
    -1.090320170459E-16));
#595 = CARTESIAN_POINT('',(207.54294483958,26.014143354889,
    -1.080596232224E-16));
#596 = CARTESIAN_POINT('',(207.55407333964,26.015484478187,
    -1.071017499638E-16));
#597 = CARTESIAN_POINT('',(207.56518315919,26.015633031625,
    -1.061579132511E-16));
#598 = CARTESIAN_POINT('',(207.57602440401,26.014845259344,
    -1.052276290656E-16));
#599 = CARTESIAN_POINT('',(207.5869237047,26.013232449933,
    -1.043104133885E-16));
#600 = CARTESIAN_POINT('',(207.60835058967,26.008612785354,
    -1.025011510131E-16));
#601 = CARTESIAN_POINT('',(207.61889938157,26.00561692757,
    -1.01609104315E-16));
#602 = CARTESIAN_POINT('',(207.62927767358,26.002040417073,
    -1.007291580875E-16));
#603 = CARTESIAN_POINT('',(207.63948136962,25.997972817738,
    -9.986082831184E-17));
#604 = CARTESIAN_POINT('',(207.64950812682,25.993487884548,
    -9.900363096922E-17));
#605 = CARTESIAN_POINT('',(207.65935735551,25.988643563579,
    -9.815708204079E-17));
#606 = CARTESIAN_POINT('',(207.66903021924,25.983481992016,
    -9.732069750773E-17));
#607 = CARTESIAN_POINT('',(207.69752846584,25.967124510381,
    -9.484058503817E-17));
#608 = CARTESIAN_POINT('',(207.71586787985,25.955058915067,
    -9.322589823129E-17));
#609 = CARTESIAN_POINT('',(207.73357874184,25.942085525004,
    -9.164606077995E-17));
#610 = CARTESIAN_POINT('',(207.75069499343,25.928362017467,
    -9.009720053354E-17));
#611 = CARTESIAN_POINT('',(207.76724647467,25.913978610628,
    -8.857544534145E-17));
#612 = CARTESIAN_POINT('',(207.78325174579,25.898985740013,
    -8.707692305305E-17));
#613 = CARTESIAN_POINT('',(207.79871090911,25.883421734922,
    -8.559776151773E-17));
#614 = CARTESIAN_POINT('',(207.8433734739,25.835178014801,
    -8.120674271916E-17));
#615 = CARTESIAN_POINT('',(207.87086458601,25.80092104771,
    -7.834135126331E-17));
#616 = CARTESIAN_POINT('',(207.8959686565,25.764941252365,
    -7.550693701238E-17));
#617 = CARTESIAN_POINT('',(207.91862428651,25.726688691101,
    -7.267252276146E-17));
#618 = CARTESIAN_POINT('',(207.93764463325,25.687427975807,
    -6.98071313056E-17));
#619 = CARTESIAN_POINT('',(207.95320167834,25.64556240439,
    -6.687978543989E-17));
#620 = CARTESIAN_POINT('',(207.9625,25.601873777411,-6.071532165919E-17)
  );
#621 = CARTESIAN_POINT('',(207.9625,25.558047970125,-6.071532165919E-17)
  );
#622 = CARTESIAN_POINT('',(207.5525438988,25.932484993474,
    -1.110223024625E-16));
#623 = CARTESIAN_POINT('',(207.56122159172,25.938011480494,
    -1.076391207127E-16));
#624 = CARTESIAN_POINT('',(207.57044477374,25.94230842548,
    -1.042690835855E-16));
#625 = CARTESIAN_POINT('',(207.58010314477,25.945433560217,
    -1.011751101338E-16));
#626 = CARTESIAN_POINT('',(207.59014304484,25.947365962906,
    -9.826196526853E-17));
#627 = CARTESIAN_POINT('',(207.60018301694,25.948266824211,
    -9.552304651807E-17));
#628 = CARTESIAN_POINT('',(207.61001315057,25.948349042099,
    -9.295178058453E-17));
#629 = CARTESIAN_POINT('',(207.61990394258,25.947704806642,
    -9.054246564642E-17));
#630 = CARTESIAN_POINT('',(207.639396881,25.945175865232,
    -8.603498602581E-17));
#631 = CARTESIAN_POINT('',(207.64901670645,25.943300324682,
    -8.393682963099E-17));
#632 = CARTESIAN_POINT('',(207.65850328225,25.940901062521,
    -8.198816897128E-17));
#633 = CARTESIAN_POINT('',(207.66785145137,25.938052345137,
    -8.018293984372E-17));
#634 = CARTESIAN_POINT('',(207.67705750563,25.934815357085,
    -7.851510152279E-17));
#635 = CARTESIAN_POINT('',(207.68611918572,25.931238201071,
    -7.697863676036E-17));
#636 = CARTESIAN_POINT('',(207.6950356812,25.927355897967,
    -7.556755178571E-17));
#637 = CARTESIAN_POINT('',(207.72135152895,25.914859364467,
    -7.169252534527E-17));
#638 = CARTESIAN_POINT('',(207.73834591501,25.90539808818,
    -6.958684966942E-17));
#639 = CARTESIAN_POINT('',(207.75480226335,25.895017211175,
    -6.791105462207E-17));
#640 = CARTESIAN_POINT('',(207.77073462091,25.883849640442,
    -6.66174930875E-17));
#641 = CARTESIAN_POINT('',(207.78615381293,25.871973550097,
    -6.565862162225E-17));
#642 = CARTESIAN_POINT('',(207.80106164893,25.859435394792,
    -6.498695658712E-17));
#643 = CARTESIAN_POINT('',(207.81544512881,25.846272923089,
    -6.455503027927E-17));
#644 = CARTESIAN_POINT('',(207.85692168902,25.805068726401,
    -6.383598063407E-17));
#645 = CARTESIAN_POINT('',(207.88234307748,25.775288900897,
    -6.412560371588E-17));
#646 = CARTESIAN_POINT('',(207.90535022513,25.743565359089,
    -6.480463952595E-17));
#647 = CARTESIAN_POINT('',(207.92580523451,25.709517397734,
    -6.54933799759E-17));
#648 = CARTESIAN_POINT('',(207.94264967357,25.674293975142,
    -6.581197004473E-17));
#649 = CARTESIAN_POINT('',(207.95597913625,25.636672126204,
    -6.537862690492E-17));
#650 = CARTESIAN_POINT('',(207.96344024465,25.597417206594,
    -6.345142064385E-17));
#651 = CARTESIAN_POINT('',(207.9625,25.558047970125,-6.071532165919E-17)
  );
#652 = CARTESIAN_POINT('',(207.59258404329,25.86317568238,
    2.562618700803E-02));
#653 = CARTESIAN_POINT('',(207.6005075263,25.86848020804,
    2.533845961667E-02));
#654 = CARTESIAN_POINT('',(207.609313893,25.871935960206,
    2.640768081114E-02));
#655 = CARTESIAN_POINT('',(207.61807333811,25.875077694369,
    2.670811225715E-02));
#656 = CARTESIAN_POINT('',(207.62704586843,25.877397395893,
    2.695077596841E-02));
#657 = CARTESIAN_POINT('',(207.63599821312,25.878983348435,
    2.713814710601E-02));
#658 = CARTESIAN_POINT('',(207.64480330727,25.879957749134,
    2.727267385528E-02));
#659 = CARTESIAN_POINT('',(207.6536326178,25.880383687782,
    2.735617246847E-02));
#660 = CARTESIAN_POINT('',(207.6710837322,25.88025551746,
    2.742570135015E-02));
#661 = CARTESIAN_POINT('',(207.67971688773,25.879707447102,
    2.741172560382E-02));
#662 = CARTESIAN_POINT('',(207.68825359206,25.878727673772,
    2.735109684037E-02));
#663 = CARTESIAN_POINT('',(207.69669010016,25.877360826196,
    2.724587892963E-02));
#664 = CARTESIAN_POINT('',(207.70502297145,25.875643879614,
    2.70981124413E-02));
#665 = CARTESIAN_POINT('',(207.71324906981,25.873606155769,
    2.690981464488E-02));
#666 = CARTESIAN_POINT('',(207.72136556361,25.871269322912,
    2.668297950972E-02));
#667 = CARTESIAN_POINT('',(207.74537864975,25.863403541583,
    2.589277409555E-02));
#668 = CARTESIAN_POINT('',(207.76095832359,25.857021753697,
    2.521967630703E-02));
#669 = CARTESIAN_POINT('',(207.77609579026,25.849635939096,
    2.441607390219E-02));
#670 = CARTESIAN_POINT('',(207.79077743643,25.841337206272,
    2.349754341102E-02));
#671 = CARTESIAN_POINT('',(207.80498673129,25.83218756301,
    2.247948334373E-02));
#672 = CARTESIAN_POINT('',(207.81870176553,25.822233614153,
    2.137714920353E-02));
#673 = CARTESIAN_POINT('',(207.83189279029,25.811520259356,
    2.020568849959E-02));
#674 = CARTESIAN_POINT('',(207.86977368774,25.777272653821,
    1.652915028047E-02));
#675 = CARTESIAN_POINT('',(207.89277160034,25.751617494504,
    1.386190641715E-02));
#676 = CARTESIAN_POINT('',(207.91324996662,25.723569680933,
    1.109877469021E-02));
#677 = CARTESIAN_POINT('',(207.9309971361,25.693131840055,
    8.358737742529E-03));
#678 = CARTESIAN_POINT('',(207.94531612828,25.661327455488,
    5.759658915289E-03));
#679 = CARTESIAN_POINT('',(207.95626317079,25.627654352633,
    3.419912440016E-03));
#680 = CARTESIAN_POINT('',(207.96362829358,25.590865226911,
    4.295634074627E-03));
#681 = CARTESIAN_POINT('',(207.9625,25.558047970125,-9.147775129984E-17)
  );
#682 = CARTESIAN_POINT('',(207.6275148405,25.802710628592,
    7.692268342237E-02));
#683 = CARTESIAN_POINT('',(207.63471026532,25.807747924379,
    7.610596750528E-02));
#684 = CARTESIAN_POINT('',(207.64208505803,25.812189643814,
    7.542601285013E-02));
#685 = CARTESIAN_POINT('',(207.64972229618,25.815838331247,
    7.462154195096E-02));
#686 = CARTESIAN_POINT('',(207.65755937314,25.818770197795,
    7.378083284748E-02));
#687 = CARTESIAN_POINT('',(207.66539308333,25.821048938062,
    7.290622741193E-02));
#688 = CARTESIAN_POINT('',(207.67311517344,25.822770905552,
    7.200001134196E-02));
#689 = CARTESIAN_POINT('',(207.68088561844,25.824000639403,
    7.106305311605E-02));
#690 = CARTESIAN_POINT('',(207.69629462508,25.825559776381,
    6.913154843709E-02));
#691 = CARTESIAN_POINT('',(207.70394386273,25.825895065196,
    6.813698849863E-02));
#692 = CARTESIAN_POINT('',(207.71153575294,25.825830147108,
    6.71151036144E-02));
#693 = CARTESIAN_POINT('',(207.71906771182,25.825402636355,
    6.606732884401E-02));
#694 = CARTESIAN_POINT('',(207.72653665343,25.824643688652,
    6.499505165338E-02));
#695 = CARTESIAN_POINT('',(207.73393898968,25.823578001181,
    6.389961191485E-02));
#696 = CARTESIAN_POINT('',(207.74127063041,25.822223812598,
    6.278230190709E-02));
#697 = CARTESIAN_POINT('',(207.76303968923,25.817331083899,
    5.936849513122E-02));
#698 = CARTESIAN_POINT('',(207.7772709178,25.812965687473,
    5.701006026859E-02));
#699 = CARTESIAN_POINT('',(207.79119424278,25.807610496878,
    5.457907292141E-02));
#700 = CARTESIAN_POINT('',(207.80478002962,25.801344533487,
    5.208514527941E-02));
#701 = CARTESIAN_POINT('',(207.81799430288,25.794223669392,
    4.953756667156E-02));
#702 = CARTESIAN_POINT('',(207.83079761368,25.786292239874,
    4.694537970978E-02));
#703 = CARTESIAN_POINT('',(207.84314390713,25.777594655877,
    4.431745643262E-02));
#704 = CARTESIAN_POINT('',(207.87865035489,25.749371737668,
    3.635281048175E-02));
#705 = CARTESIAN_POINT('',(207.9002767485,25.727704141224,
    3.093518709649E-02));
#706 = CARTESIAN_POINT('',(207.91948556202,25.703620483309,
    2.547931750074E-02));
#707 = CARTESIAN_POINT('',(207.93595193602,25.677170678322,
    2.005286379796E-02));
#708 = CARTESIAN_POINT('',(207.94898962273,25.649373511639,
    1.47218882672E-02));
#709 = CARTESIAN_POINT('',(207.95858439688,25.619776691253,
    9.554257711893E-03));
#710 = CARTESIAN_POINT('',(207.96334622018,25.589369883554,
    4.969969515737E-03));
#711 = CARTESIAN_POINT('',(207.9625,25.558047970125,-1.01307850997E-16)
  );
#712 = CARTESIAN_POINT('',(207.65210734731,25.760141109258,
    0.148270833363));
#713 = CARTESIAN_POINT('',(207.6585415613,25.764968562229,0.146176082284
    ));
#714 = CARTESIAN_POINT('',(207.664549596,25.770309366023,0.142907170429)
  );
#715 = CARTESIAN_POINT('',(207.67112535316,25.774402781554,0.14025601031
    ));
#716 = CARTESIAN_POINT('',(207.67791183685,25.777850464788,0.13762388503
    ));
#717 = CARTESIAN_POINT('',(207.68472905145,25.780698960551,
    0.135011672006));
#718 = CARTESIAN_POINT('',(207.69148245324,25.783025900787,
    0.132420173752));
#719 = CARTESIAN_POINT('',(207.69831985523,25.78489541867,0.129848303157
    ));
#720 = CARTESIAN_POINT('',(207.71195515138,25.787781119574,
    0.124744521905));
#721 = CARTESIAN_POINT('',(207.71876303387,25.788802949969,
    0.122212593266));
#722 = CARTESIAN_POINT('',(207.72555941305,25.789441717755,
    0.119700358405));
#723 = CARTESIAN_POINT('',(207.73234154079,25.789729856992,
    0.117207485652));
#724 = CARTESIAN_POINT('',(207.7391056586,25.789694278359,0.11473357988)
  );
#725 = CARTESIAN_POINT('',(207.74584699758,25.789356369145,
    0.112278182505));
#726 = CARTESIAN_POINT('',(207.75255977846,25.788731993259,
    0.109840771482));
#727 = CARTESIAN_POINT('',(207.77259207779,25.786030487149,0.10258074097
    ));
#728 = CARTESIAN_POINT('',(207.78582488881,25.783128762823,
    9.7810242246E-02));
#729 = CARTESIAN_POINT('',(207.7988934969,25.779226672812,
    9.310465274538E-02));
#730 = CARTESIAN_POINT('',(207.81175085459,25.774396023103,
    8.845882806924E-02));
#731 = CARTESIAN_POINT('',(207.8243447899,25.768690059354,
    8.386719333738E-02));
#732 = CARTESIAN_POINT('',(207.83661778156,25.762153455147,
    7.932384471345E-02));
#733 = CARTESIAN_POINT('',(207.84850673426,25.754832300248,
    7.482265093002E-02));
#734 = CARTESIAN_POINT('',(207.8828147931,25.730687666061,
    6.142676258025E-02));
#735 = CARTESIAN_POINT('',(207.90387280916,25.711672022386,
    5.263972822492E-02));
#736 = CARTESIAN_POINT('',(207.92262191768,25.690192453807,
    4.394538413983E-02));
#737 = CARTESIAN_POINT('',(207.93861354523,25.666356934008,
    3.529026124539E-02));
#738 = CARTESIAN_POINT('',(207.95112848777,25.641188325191,
    2.661875736272E-02));
#739 = CARTESIAN_POINT('',(207.9600544685,25.614310311919,
    1.787767634545E-02));
#740 = CARTESIAN_POINT('',(207.96287609786,25.588767175589,
    6.626626020982E-03));
#741 = CARTESIAN_POINT('',(207.9625,25.558047970125,-1.148386941097E-16)
  );
#742 = CARTESIAN_POINT('',(207.66371027438,25.740056494377,
    0.229052486999));
#743 = CARTESIAN_POINT('',(207.66969542829,25.744133773,0.225304353507)
  );
#744 = CARTESIAN_POINT('',(207.67577625108,25.747861822415,
    0.221560074665));
#745 = CARTESIAN_POINT('',(207.68194269415,25.751252995106,
    0.217819628536));
#746 = CARTESIAN_POINT('',(207.68819672802,25.754313665476,
    0.214082652047));
#747 = CARTESIAN_POINT('',(207.69448688048,25.757038225823,0.21035047187
    ));
#748 = CARTESIAN_POINT('',(207.70078705049,25.759433410148,
    0.206624344221));
#749 = CARTESIAN_POINT('',(207.70714491428,25.761527122092,
    0.202903942398));
#750 = CARTESIAN_POINT('',(207.71990556623,25.765104764324,
    0.195476319271));
#751 = CARTESIAN_POINT('',(207.72631197925,25.766590959028,
    0.191769082898));
#752 = CARTESIAN_POINT('',(207.73274133002,25.767782137815,
    0.188068769235));
#753 = CARTESIAN_POINT('',(207.73918920926,25.768685036682,
    0.184375664328));
#754 = CARTESIAN_POINT('',(207.74564994783,25.769305517122,
    0.180689992754));
#755 = CARTESIAN_POINT('',(207.75211661654,25.76964856613,0.177011917616
    ));
#756 = CARTESIAN_POINT('',(207.75858102635,25.7697182962,0.173341540546)
  );
#757 = CARTESIAN_POINT('',(207.77793913194,25.769117243575,
    0.162353624025));
#758 = CARTESIAN_POINT('',(207.79080623871,25.76763871067,0.155059230152
    ));
#759 = CARTESIAN_POINT('',(207.80356813809,25.765113534032,
    0.147796102403));
#760 = CARTESIAN_POINT('',(207.81615317245,25.761573829664,
    0.140564036962));
#761 = CARTESIAN_POINT('',(207.82848678309,25.757054697993,
    0.133362333178));
#762 = CARTESIAN_POINT('',(207.84049335657,25.751596279695,
    0.126189882848));
#763 = CARTESIAN_POINT('',(207.85209807081,25.745245811546,0.11904525951
    ));
#764 = CARTESIAN_POINT('',(207.88549008263,25.723687423634,
    9.768990416537E-02));
#765 = CARTESIAN_POINT('',(207.90585273379,25.705968966093,
    8.3557662261E-02));
#766 = CARTESIAN_POINT('',(207.92376348987,25.6853643305,
    6.951618083353E-02));
#767 = CARTESIAN_POINT('',(207.93872631021,25.662297082775,
    5.554746792783E-02));
#768 = CARTESIAN_POINT('',(207.95031017646,25.637590882182,
    4.163012093142E-02));
#769 = CARTESIAN_POINT('',(207.95833845073,25.611568432285,
    2.774357777701E-02));
#770 = CARTESIAN_POINT('',(207.9625,25.584893102082,1.386922328802E-02)
  );
#771 = CARTESIAN_POINT('',(207.9625,25.558047970125,-1.567033539966E-16)
  );
#772 = CARTESIAN_POINT('',(207.66249999306,25.742151485923,
    0.309067155008));
#773 = CARTESIAN_POINT('',(207.66816811605,25.745250048313,
    0.304029322833));
#774 = CARTESIAN_POINT('',(207.67395862998,25.748136752531,
    0.298998888909));
#775 = CARTESIAN_POINT('',(207.67986228516,25.750806261521,0.29397603961
    ));
#776 = CARTESIAN_POINT('',(207.68586955229,25.753253722235,
    0.288960944407));
#777 = CARTESIAN_POINT('',(207.69197065411,25.755474783948,
    0.283953755232));
#778 = CARTESIAN_POINT('',(207.6981555988,25.757465613751,0.278954605932
    ));
#779 = CARTESIAN_POINT('',(207.7044142144,25.759222909131,0.273963611833
    ));
#780 = CARTESIAN_POINT('',(207.71705815402,25.762264905713,
    0.263998126989));
#781 = CARTESIAN_POINT('',(207.7234435142,25.763549612403,0.259023636052
    ));
#782 = CARTESIAN_POINT('',(207.7298818759,25.764595252993,0.254057493486
    ));
#783 = CARTESIAN_POINT('',(207.73636277735,25.765399606437,
    0.249099776854));
#784 = CARTESIAN_POINT('',(207.74287568393,25.765961005144,
    0.244150544388));
#785 = CARTESIAN_POINT('',(207.74940998802,25.766278334973,
    0.239209834995));
#786 = CARTESIAN_POINT('',(207.75595500917,25.766351035237,
    0.234277668254));
#787 = CARTESIAN_POINT('',(207.77558996363,25.765835225628,
    0.219506796749));
#788 = CARTESIAN_POINT('',(207.78867994387,25.764512866615,0.20969371856
    ));
#789 = CARTESIAN_POINT('',(207.8016844579,25.762211877049,0.199914814904
    ));
#790 = CARTESIAN_POINT('',(207.81451807931,25.758941312473,
    0.190169769553));
#791 = CARTESIAN_POINT('',(207.82709655917,25.754719126737,
    0.180457955545));
#792 = CARTESIAN_POINT('',(207.83933795347,25.749571870124,
    0.170778445724));
#793 = CARTESIAN_POINT('',(207.85116375016,25.743534387506,0.16113002328
    ));
#794 = CARTESIAN_POINT('',(207.88517248928,25.722879774413,
    0.132273530315));
#795 = CARTESIAN_POINT('',(207.90588672741,25.705720301127,
    0.113154240361));
#796 = CARTESIAN_POINT('',(207.92405072877,25.685512671287,
    9.414139437897E-02));
#797 = CARTESIAN_POINT('',(207.93914410293,25.662722353764,
    7.521873783865E-02));
#798 = CARTESIAN_POINT('',(207.95075047148,25.637920038962,
    5.636634179127E-02));
#799 = CARTESIAN_POINT('',(207.95858348996,25.611751446709,
    3.756165720398E-02));
#800 = CARTESIAN_POINT('',(207.9625,25.584899708225,1.87808286087E-02));
#801 = CARTESIAN_POINT('',(207.9625,25.558047970125,-1.752070710737E-16)
  );
#802 = DEFINITIONAL_REPRESENTATION('',(#803),#806);
#803 = B_SPLINE_CURVE_WITH_KNOTS('',1,(#804,#805),.UNSPECIFIED.,.F.,.F.,
  (2,2),(0.,1.),.PIECEWISE_BEZIER_KNOTS.);
#804 = CARTESIAN_POINT('',(0.,0.));
#805 = CARTESIAN_POINT('',(0.,1.));
#806 = ( GEOMETRIC_REPRESENTATION_CONTEXT(2) 
PARAMETRIC_REPRESENTATION_CONTEXT() REPRESENTATION_CONTEXT('2D SPACE',''
  ) );
#807 = FACE_BOUND('',#808,.F.);
#808 = EDGE_LOOP('',(#809,#839,#867,#895,#923,#951));
#809 = ORIENTED_EDGE('',*,*,#810,.F.);
#810 = EDGE_CURVE('',#811,#813,#815,.T.);
#811 = VERTEX_POINT('',#812);
#812 = CARTESIAN_POINT('',(286.89718910334,26.,0.));
#813 = VERTEX_POINT('',#814);
#814 = CARTESIAN_POINT('',(279.62257571155,38.6,0.));
#815 = SURFACE_CURVE('',#816,(#820,#827),.PCURVE_S1.);
#816 = LINE('',#817,#818);
#817 = CARTESIAN_POINT('',(286.89718910334,26.,0.));
#818 = VECTOR('',#819,1.);
#819 = DIRECTION('',(-0.5,0.866025403784,0.));
#820 = PCURVE('',#32,#821);
#821 = DEFINITIONAL_REPRESENTATION('',(#822),#826);
#822 = LINE('',#823,#824);
#823 = CARTESIAN_POINT('',(69.24993644326,-27.25572926751));
#824 = VECTOR('',#825,1.);
#825 = DIRECTION('',(-0.5,0.866025403784));
#826 = ( GEOMETRIC_REPRESENTATION_CONTEXT(2) 
PARAMETRIC_REPRESENTATION_CONTEXT() REPRESENTATION_CONTEXT('2D SPACE',''
  ) );
#827 = PCURVE('',#828,#833);
#828 = PLANE('',#829);
#829 = AXIS2_PLACEMENT_3D('',#830,#831,#832);
#830 = CARTESIAN_POINT('',(286.89718910334,26.,0.));
#831 = DIRECTION('',(-0.866025403784,-0.5,0.));
#832 = DIRECTION('',(-0.5,0.866025403784,0.));
#833 = DEFINITIONAL_REPRESENTATION('',(#834),#838);
#834 = LINE('',#835,#836);
#835 = CARTESIAN_POINT('',(0.,0.));
#836 = VECTOR('',#837,1.);
#837 = DIRECTION('',(1.,0.));
#838 = ( GEOMETRIC_REPRESENTATION_CONTEXT(2) 
PARAMETRIC_REPRESENTATION_CONTEXT() REPRESENTATION_CONTEXT('2D SPACE',''
  ) );
#839 = ORIENTED_EDGE('',*,*,#840,.F.);
#840 = EDGE_CURVE('',#841,#811,#843,.T.);
#841 = VERTEX_POINT('',#842);
#842 = CARTESIAN_POINT('',(279.62257571155,13.4,0.));
#843 = SURFACE_CURVE('',#844,(#848,#855),.PCURVE_S1.);
#844 = LINE('',#845,#846);
#845 = CARTESIAN_POINT('',(279.62257571155,13.4,0.));
#846 = VECTOR('',#847,1.);
#847 = DIRECTION('',(0.5,0.866025403784,0.));
#848 = PCURVE('',#32,#849);
#849 = DEFINITIONAL_REPRESENTATION('',(#850),#854);
#850 = LINE('',#851,#852);
#851 = CARTESIAN_POINT('',(61.97532305147,-39.85572926751));
#852 = VECTOR('',#853,1.);
#853 = DIRECTION('',(0.5,0.866025403784));
#854 = ( GEOMETRIC_REPRESENTATION_CONTEXT(2) 
PARAMETRIC_REPRESENTATION_CONTEXT() REPRESENTATION_CONTEXT('2D SPACE',''
  ) );
#855 = PCURVE('',#856,#861);
#856 = PLANE('',#857);
#857 = AXIS2_PLACEMENT_3D('',#858,#859,#860);
#858 = CARTESIAN_POINT('',(279.62257571155,13.4,0.));
#859 = DIRECTION('',(-0.866025403784,0.5,0.));
#860 = DIRECTION('',(0.5,0.866025403784,0.));
#861 = DEFINITIONAL_REPRESENTATION('',(#862),#866);
#862 = LINE('',#863,#864);
#863 = CARTESIAN_POINT('',(0.,0.));
#864 = VECTOR('',#865,1.);
#865 = DIRECTION('',(1.,0.));
#866 = ( GEOMETRIC_REPRESENTATION_CONTEXT(2) 
PARAMETRIC_REPRESENTATION_CONTEXT() REPRESENTATION_CONTEXT('2D SPACE',''
  ) );
#867 = ORIENTED_EDGE('',*,*,#868,.F.);
#868 = EDGE_CURVE('',#869,#841,#871,.T.);
#869 = VERTEX_POINT('',#870);
#870 = CARTESIAN_POINT('',(265.07334892797,13.4,0.));
#871 = SURFACE_CURVE('',#872,(#876,#883),.PCURVE_S1.);
#872 = LINE('',#873,#874);
#873 = CARTESIAN_POINT('',(265.07334892797,13.4,0.));
#874 = VECTOR('',#875,1.);
#875 = DIRECTION('',(1.,-2.441857379535E-16,0.));
#876 = PCURVE('',#32,#877);
#877 = DEFINITIONAL_REPRESENTATION('',(#878),#882);
#878 = LINE('',#879,#880);
#879 = CARTESIAN_POINT('',(47.42609626789,-39.85572926751));
#880 = VECTOR('',#881,1.);
#881 = DIRECTION('',(1.,-2.441857379535E-16));
#882 = ( GEOMETRIC_REPRESENTATION_CONTEXT(2) 
PARAMETRIC_REPRESENTATION_CONTEXT() REPRESENTATION_CONTEXT('2D SPACE',''
  ) );
#883 = PCURVE('',#884,#889);
#884 = PLANE('',#885);
#885 = AXIS2_PLACEMENT_3D('',#886,#887,#888);
#886 = CARTESIAN_POINT('',(265.07334892797,13.4,0.));
#887 = DIRECTION('',(2.441857379535E-16,1.,-0.));
#888 = DIRECTION('',(1.,-2.441857379535E-16,0.));
#889 = DEFINITIONAL_REPRESENTATION('',(#890),#894);
#890 = LINE('',#891,#892);
#891 = CARTESIAN_POINT('',(0.,0.));
#892 = VECTOR('',#893,1.);
#893 = DIRECTION('',(1.,0.));
#894 = ( GEOMETRIC_REPRESENTATION_CONTEXT(2) 
PARAMETRIC_REPRESENTATION_CONTEXT() REPRESENTATION_CONTEXT('2D SPACE',''
  ) );
#895 = ORIENTED_EDGE('',*,*,#896,.F.);
#896 = EDGE_CURVE('',#897,#869,#899,.T.);
#897 = VERTEX_POINT('',#898);
#898 = CARTESIAN_POINT('',(257.79873553618,26.,0.));
#899 = SURFACE_CURVE('',#900,(#904,#911),.PCURVE_S1.);
#900 = LINE('',#901,#902);
#901 = CARTESIAN_POINT('',(257.79873553618,26.,0.));
#902 = VECTOR('',#903,1.);
#903 = DIRECTION('',(0.5,-0.866025403784,0.));
#904 = PCURVE('',#32,#905);
#905 = DEFINITIONAL_REPRESENTATION('',(#906),#910);
#906 = LINE('',#907,#908);
#907 = CARTESIAN_POINT('',(40.1514828761,-27.25572926751));
#908 = VECTOR('',#909,1.);
#909 = DIRECTION('',(0.5,-0.866025403784));
#910 = ( GEOMETRIC_REPRESENTATION_CONTEXT(2) 
PARAMETRIC_REPRESENTATION_CONTEXT() REPRESENTATION_CONTEXT('2D SPACE',''
  ) );
#911 = PCURVE('',#912,#917);
#912 = PLANE('',#913);
#913 = AXIS2_PLACEMENT_3D('',#914,#915,#916);
#914 = CARTESIAN_POINT('',(257.79873553618,26.,0.));
#915 = DIRECTION('',(0.866025403784,0.5,-0.));
#916 = DIRECTION('',(0.5,-0.866025403784,0.));
#917 = DEFINITIONAL_REPRESENTATION('',(#918),#922);
#918 = LINE('',#919,#920);
#919 = CARTESIAN_POINT('',(0.,0.));
#920 = VECTOR('',#921,1.);
#921 = DIRECTION('',(1.,0.));
#922 = ( GEOMETRIC_REPRESENTATION_CONTEXT(2) 
PARAMETRIC_REPRESENTATION_CONTEXT() REPRESENTATION_CONTEXT('2D SPACE',''
  ) );
#923 = ORIENTED_EDGE('',*,*,#924,.F.);
#924 = EDGE_CURVE('',#925,#897,#927,.T.);
#925 = VERTEX_POINT('',#926);
#926 = CARTESIAN_POINT('',(265.07334892797,38.6,0.));
#927 = SURFACE_CURVE('',#928,(#932,#939),.PCURVE_S1.);
#928 = LINE('',#929,#930);
#929 = CARTESIAN_POINT('',(265.07334892797,38.6,0.));
#930 = VECTOR('',#931,1.);
#931 = DIRECTION('',(-0.5,-0.866025403784,0.));
#932 = PCURVE('',#32,#933);
#933 = DEFINITIONAL_REPRESENTATION('',(#934),#938);
#934 = LINE('',#935,#936);
#935 = CARTESIAN_POINT('',(47.42609626789,-14.65572926751));
#936 = VECTOR('',#937,1.);
#937 = DIRECTION('',(-0.5,-0.866025403784));
#938 = ( GEOMETRIC_REPRESENTATION_CONTEXT(2) 
PARAMETRIC_REPRESENTATION_CONTEXT() REPRESENTATION_CONTEXT('2D SPACE',''
  ) );
#939 = PCURVE('',#940,#945);
#940 = PLANE('',#941);
#941 = AXIS2_PLACEMENT_3D('',#942,#943,#944);
#942 = CARTESIAN_POINT('',(265.07334892797,38.6,0.));
#943 = DIRECTION('',(0.866025403784,-0.5,0.));
#944 = DIRECTION('',(-0.5,-0.866025403784,0.));
#945 = DEFINITIONAL_REPRESENTATION('',(#946),#950);
#946 = LINE('',#947,#948);
#947 = CARTESIAN_POINT('',(0.,0.));
#948 = VECTOR('',#949,1.);
#949 = DIRECTION('',(1.,0.));
#950 = ( GEOMETRIC_REPRESENTATION_CONTEXT(2) 
PARAMETRIC_REPRESENTATION_CONTEXT() REPRESENTATION_CONTEXT('2D SPACE',''
  ) );
#951 = ORIENTED_EDGE('',*,*,#952,.F.);
#952 = EDGE_CURVE('',#813,#925,#953,.T.);
#953 = SURFACE_CURVE('',#954,(#958,#965),.PCURVE_S1.);
#954 = LINE('',#955,#956);
#955 = CARTESIAN_POINT('',(279.62257571155,38.6,0.));
#956 = VECTOR('',#957,1.);
#957 = DIRECTION('',(-1.,0.,0.));
#958 = PCURVE('',#32,#959);
#959 = DEFINITIONAL_REPRESENTATION('',(#960),#964);
#960 = LINE('',#961,#962);
#961 = CARTESIAN_POINT('',(61.97532305147,-14.65572926751));
#962 = VECTOR('',#963,1.);
#963 = DIRECTION('',(-1.,0.));
#964 = ( GEOMETRIC_REPRESENTATION_CONTEXT(2) 
PARAMETRIC_REPRESENTATION_CONTEXT() REPRESENTATION_CONTEXT('2D SPACE',''
  ) );
#965 = PCURVE('',#966,#971);
#966 = PLANE('',#967);
#967 = AXIS2_PLACEMENT_3D('',#968,#969,#970);
#968 = CARTESIAN_POINT('',(279.62257571155,38.6,0.));
#969 = DIRECTION('',(0.,-1.,0.));
#970 = DIRECTION('',(-1.,0.,0.));
#971 = DEFINITIONAL_REPRESENTATION('',(#972),#976);
#972 = LINE('',#973,#974);
#973 = CARTESIAN_POINT('',(0.,-0.));
#974 = VECTOR('',#975,1.);
#975 = DIRECTION('',(1.,0.));
#976 = ( GEOMETRIC_REPRESENTATION_CONTEXT(2) 
PARAMETRIC_REPRESENTATION_CONTEXT() REPRESENTATION_CONTEXT('2D SPACE',''
  ) );
#977 = FACE_BOUND('',#978,.F.);
#978 = EDGE_LOOP('',(#979,#1009,#1037,#1065,#1093,#1121));
#979 = ORIENTED_EDGE('',*,*,#980,.F.);
#980 = EDGE_CURVE('',#981,#983,#985,.T.);
#981 = VERTEX_POINT('',#982);
#982 = CARTESIAN_POINT('',(347.86537752976,26.,0.));
#983 = VERTEX_POINT('',#984);
#984 = CARTESIAN_POINT('',(340.59076413798,38.6,0.));
#985 = SURFACE_CURVE('',#986,(#990,#997),.PCURVE_S1.);
#986 = LINE('',#987,#988);
#987 = CARTESIAN_POINT('',(347.86537752976,26.,0.));
#988 = VECTOR('',#989,1.);
#989 = DIRECTION('',(-0.5,0.866025403784,0.));
#990 = PCURVE('',#32,#991);
#991 = DEFINITIONAL_REPRESENTATION('',(#992),#996);
#992 = LINE('',#993,#994);
#993 = CARTESIAN_POINT('',(130.21812486968,-27.25572926751));
#994 = VECTOR('',#995,1.);
#995 = DIRECTION('',(-0.5,0.866025403784));
#996 = ( GEOMETRIC_REPRESENTATION_CONTEXT(2) 
PARAMETRIC_REPRESENTATION_CONTEXT() REPRESENTATION_CONTEXT('2D SPACE',''
  ) );
#997 = PCURVE('',#998,#1003);
#998 = PLANE('',#999);
#999 = AXIS2_PLACEMENT_3D('',#1000,#1001,#1002);
#1000 = CARTESIAN_POINT('',(347.86537752976,26.,0.));
#1001 = DIRECTION('',(-0.866025403784,-0.5,0.));
#1002 = DIRECTION('',(-0.5,0.866025403784,0.));
#1003 = DEFINITIONAL_REPRESENTATION('',(#1004),#1008);
#1004 = LINE('',#1005,#1006);
#1005 = CARTESIAN_POINT('',(0.,0.));
#1006 = VECTOR('',#1007,1.);
#1007 = DIRECTION('',(1.,0.));
#1008 = ( GEOMETRIC_REPRESENTATION_CONTEXT(2) 
PARAMETRIC_REPRESENTATION_CONTEXT() REPRESENTATION_CONTEXT('2D SPACE',''
  ) );
#1009 = ORIENTED_EDGE('',*,*,#1010,.F.);
#1010 = EDGE_CURVE('',#1011,#981,#1013,.T.);
#1011 = VERTEX_POINT('',#1012);
#1012 = CARTESIAN_POINT('',(340.59076413798,13.4,0.));
#1013 = SURFACE_CURVE('',#1014,(#1018,#1025),.PCURVE_S1.);
#1014 = LINE('',#1015,#1016);
#1015 = CARTESIAN_POINT('',(340.59076413798,13.4,0.));
#1016 = VECTOR('',#1017,1.);
#1017 = DIRECTION('',(0.5,0.866025403784,0.));
#1018 = PCURVE('',#32,#1019);
#1019 = DEFINITIONAL_REPRESENTATION('',(#1020),#1024);
#1020 = LINE('',#1021,#1022);
#1021 = CARTESIAN_POINT('',(122.9435114779,-39.85572926751));
#1022 = VECTOR('',#1023,1.);
#1023 = DIRECTION('',(0.5,0.866025403784));
#1024 = ( GEOMETRIC_REPRESENTATION_CONTEXT(2) 
PARAMETRIC_REPRESENTATION_CONTEXT() REPRESENTATION_CONTEXT('2D SPACE',''
  ) );
#1025 = PCURVE('',#1026,#1031);
#1026 = PLANE('',#1027);
#1027 = AXIS2_PLACEMENT_3D('',#1028,#1029,#1030);
#1028 = CARTESIAN_POINT('',(340.59076413798,13.4,0.));
#1029 = DIRECTION('',(-0.866025403784,0.5,0.));
#1030 = DIRECTION('',(0.5,0.866025403784,0.));
#1031 = DEFINITIONAL_REPRESENTATION('',(#1032),#1036);
#1032 = LINE('',#1033,#1034);
#1033 = CARTESIAN_POINT('',(0.,0.));
#1034 = VECTOR('',#1035,1.);
#1035 = DIRECTION('',(1.,0.));
#1036 = ( GEOMETRIC_REPRESENTATION_CONTEXT(2) 
PARAMETRIC_REPRESENTATION_CONTEXT() REPRESENTATION_CONTEXT('2D SPACE',''
  ) );
#1037 = ORIENTED_EDGE('',*,*,#1038,.F.);
#1038 = EDGE_CURVE('',#1039,#1011,#1041,.T.);
#1039 = VERTEX_POINT('',#1040);
#1040 = CARTESIAN_POINT('',(326.0415373544,13.4,0.));
#1041 = SURFACE_CURVE('',#1042,(#1046,#1053),.PCURVE_S1.);
#1042 = LINE('',#1043,#1044);
#1043 = CARTESIAN_POINT('',(326.0415373544,13.4,0.));
#1044 = VECTOR('',#1045,1.);
#1045 = DIRECTION('',(1.,-2.441857379535E-16,0.));
#1046 = PCURVE('',#32,#1047);
#1047 = DEFINITIONAL_REPRESENTATION('',(#1048),#1052);
#1048 = LINE('',#1049,#1050);
#1049 = CARTESIAN_POINT('',(108.39428469432,-39.85572926751));
#1050 = VECTOR('',#1051,1.);
#1051 = DIRECTION('',(1.,-2.441857379535E-16));
#1052 = ( GEOMETRIC_REPRESENTATION_CONTEXT(2) 
PARAMETRIC_REPRESENTATION_CONTEXT() REPRESENTATION_CONTEXT('2D SPACE',''
  ) );
#1053 = PCURVE('',#1054,#1059);
#1054 = PLANE('',#1055);
#1055 = AXIS2_PLACEMENT_3D('',#1056,#1057,#1058);
#1056 = CARTESIAN_POINT('',(326.0415373544,13.4,0.));
#1057 = DIRECTION('',(2.441857379535E-16,1.,-0.));
#1058 = DIRECTION('',(1.,-2.441857379535E-16,0.));
#1059 = DEFINITIONAL_REPRESENTATION('',(#1060),#1064);
#1060 = LINE('',#1061,#1062);
#1061 = CARTESIAN_POINT('',(0.,0.));
#1062 = VECTOR('',#1063,1.);
#1063 = DIRECTION('',(1.,0.));
#1064 = ( GEOMETRIC_REPRESENTATION_CONTEXT(2) 
PARAMETRIC_REPRESENTATION_CONTEXT() REPRESENTATION_CONTEXT('2D SPACE',''
  ) );
#1065 = ORIENTED_EDGE('',*,*,#1066,.F.);
#1066 = EDGE_CURVE('',#1067,#1039,#1069,.T.);
#1067 = VERTEX_POINT('',#1068);
#1068 = CARTESIAN_POINT('',(318.76692396261,26.,0.));
#1069 = SURFACE_CURVE('',#1070,(#1074,#1081),.PCURVE_S1.);
#1070 = LINE('',#1071,#1072);
#1071 = CARTESIAN_POINT('',(318.76692396261,26.,0.));
#1072 = VECTOR('',#1073,1.);
#1073 = DIRECTION('',(0.5,-0.866025403784,0.));
#1074 = PCURVE('',#32,#1075);
#1075 = DEFINITIONAL_REPRESENTATION('',(#1076),#1080);
#1076 = LINE('',#1077,#1078);
#1077 = CARTESIAN_POINT('',(101.11967130253,-27.25572926751));
#1078 = VECTOR('',#1079,1.);
#1079 = DIRECTION('',(0.5,-0.866025403784));
#1080 = ( GEOMETRIC_REPRESENTATION_CONTEXT(2) 
PARAMETRIC_REPRESENTATION_CONTEXT() REPRESENTATION_CONTEXT('2D SPACE',''
  ) );
#1081 = PCURVE('',#1082,#1087);
#1082 = PLANE('',#1083);
#1083 = AXIS2_PLACEMENT_3D('',#1084,#1085,#1086);
#1084 = CARTESIAN_POINT('',(318.76692396261,26.,0.));
#1085 = DIRECTION('',(0.866025403784,0.5,-0.));
#1086 = DIRECTION('',(0.5,-0.866025403784,0.));
#1087 = DEFINITIONAL_REPRESENTATION('',(#1088),#1092);
#1088 = LINE('',#1089,#1090);
#1089 = CARTESIAN_POINT('',(0.,0.));
#1090 = VECTOR('',#1091,1.);
#1091 = DIRECTION('',(1.,0.));
#1092 = ( GEOMETRIC_REPRESENTATION_CONTEXT(2) 
PARAMETRIC_REPRESENTATION_CONTEXT() REPRESENTATION_CONTEXT('2D SPACE',''
  ) );
#1093 = ORIENTED_EDGE('',*,*,#1094,.F.);
#1094 = EDGE_CURVE('',#1095,#1067,#1097,.T.);
#1095 = VERTEX_POINT('',#1096);
#1096 = CARTESIAN_POINT('',(326.0415373544,38.6,0.));
#1097 = SURFACE_CURVE('',#1098,(#1102,#1109),.PCURVE_S1.);
#1098 = LINE('',#1099,#1100);
#1099 = CARTESIAN_POINT('',(326.0415373544,38.6,0.));
#1100 = VECTOR('',#1101,1.);
#1101 = DIRECTION('',(-0.5,-0.866025403784,0.));
#1102 = PCURVE('',#32,#1103);
#1103 = DEFINITIONAL_REPRESENTATION('',(#1104),#1108);
#1104 = LINE('',#1105,#1106);
#1105 = CARTESIAN_POINT('',(108.39428469432,-14.65572926751));
#1106 = VECTOR('',#1107,1.);
#1107 = DIRECTION('',(-0.5,-0.866025403784));
#1108 = ( GEOMETRIC_REPRESENTATION_CONTEXT(2) 
PARAMETRIC_REPRESENTATION_CONTEXT() REPRESENTATION_CONTEXT('2D SPACE',''
  ) );
#1109 = PCURVE('',#1110,#1115);
#1110 = PLANE('',#1111);
#1111 = AXIS2_PLACEMENT_3D('',#1112,#1113,#1114);
#1112 = CARTESIAN_POINT('',(326.0415373544,38.6,0.));
#1113 = DIRECTION('',(0.866025403784,-0.5,0.));
#1114 = DIRECTION('',(-0.5,-0.866025403784,0.));
#1115 = DEFINITIONAL_REPRESENTATION('',(#1116),#1120);
#1116 = LINE('',#1117,#1118);
#1117 = CARTESIAN_POINT('',(0.,0.));
#1118 = VECTOR('',#1119,1.);
#1119 = DIRECTION('',(1.,0.));
#1120 = ( GEOMETRIC_REPRESENTATION_CONTEXT(2) 
PARAMETRIC_REPRESENTATION_CONTEXT() REPRESENTATION_CONTEXT('2D SPACE',''
  ) );
#1121 = ORIENTED_EDGE('',*,*,#1122,.F.);
#1122 = EDGE_CURVE('',#983,#1095,#1123,.T.);
#1123 = SURFACE_CURVE('',#1124,(#1128,#1135),.PCURVE_S1.);
#1124 = LINE('',#1125,#1126);
#1125 = CARTESIAN_POINT('',(340.59076413798,38.6,0.));
#1126 = VECTOR('',#1127,1.);
#1127 = DIRECTION('',(-1.,0.,0.));
#1128 = PCURVE('',#32,#1129);
#1129 = DEFINITIONAL_REPRESENTATION('',(#1130),#1134);
#1130 = LINE('',#1131,#1132);
#1131 = CARTESIAN_POINT('',(122.9435114779,-14.65572926751));
#1132 = VECTOR('',#1133,1.);
#1133 = DIRECTION('',(-1.,0.));
#1134 = ( GEOMETRIC_REPRESENTATION_CONTEXT(2) 
PARAMETRIC_REPRESENTATION_CONTEXT() REPRESENTATION_CONTEXT('2D SPACE',''
  ) );
#1135 = PCURVE('',#1136,#1141);
#1136 = PLANE('',#1137);
#1137 = AXIS2_PLACEMENT_3D('',#1138,#1139,#1140);
#1138 = CARTESIAN_POINT('',(340.59076413798,38.6,0.));
#1139 = DIRECTION('',(0.,-1.,0.));
#1140 = DIRECTION('',(-1.,0.,0.));
#1141 = DEFINITIONAL_REPRESENTATION('',(#1142),#1146);
#1142 = LINE('',#1143,#1144);
#1143 = CARTESIAN_POINT('',(0.,-0.));
#1144 = VECTOR('',#1145,1.);
#1145 = DIRECTION('',(1.,0.));
#1146 = ( GEOMETRIC_REPRESENTATION_CONTEXT(2) 
PARAMETRIC_REPRESENTATION_CONTEXT() REPRESENTATION_CONTEXT('2D SPACE',''
  ) );
#1147 = FACE_BOUND('',#1148,.F.);
#1148 = EDGE_LOOP('',(#1149,#1179,#1207,#1235,#1263,#1291));
#1149 = ORIENTED_EDGE('',*,*,#1150,.F.);
#1150 = EDGE_CURVE('',#1151,#1153,#1155,.T.);
#1151 = VERTEX_POINT('',#1152);
#1152 = CARTESIAN_POINT('',(317.38128331655,43.6,0.));
#1153 = VERTEX_POINT('',#1154);
#1154 = CARTESIAN_POINT('',(310.10666992476,56.2,0.));
#1155 = SURFACE_CURVE('',#1156,(#1160,#1167),.PCURVE_S1.);
#1156 = LINE('',#1157,#1158);
#1157 = CARTESIAN_POINT('',(317.38128331655,43.6,0.));
#1158 = VECTOR('',#1159,1.);
#1159 = DIRECTION('',(-0.5,0.866025403784,0.));
#1160 = PCURVE('',#32,#1161);
#1161 = DEFINITIONAL_REPRESENTATION('',(#1162),#1166);
#1162 = LINE('',#1163,#1164);
#1163 = CARTESIAN_POINT('',(99.73403065647,-9.655729267513));
#1164 = VECTOR('',#1165,1.);
#1165 = DIRECTION('',(-0.5,0.866025403784));
#1166 = ( GEOMETRIC_REPRESENTATION_CONTEXT(2) 
PARAMETRIC_REPRESENTATION_CONTEXT() REPRESENTATION_CONTEXT('2D SPACE',''
  ) );
#1167 = PCURVE('',#1168,#1173);
#1168 = PLANE('',#1169);
#1169 = AXIS2_PLACEMENT_3D('',#1170,#1171,#1172);
#1170 = CARTESIAN_POINT('',(317.38128331655,43.6,0.));
#1171 = DIRECTION('',(-0.866025403784,-0.5,0.));
#1172 = DIRECTION('',(-0.5,0.866025403784,0.));
#1173 = DEFINITIONAL_REPRESENTATION('',(#1174),#1178);
#1174 = LINE('',#1175,#1176);
#1175 = CARTESIAN_POINT('',(0.,0.));
#1176 = VECTOR('',#1177,1.);
#1177 = DIRECTION('',(1.,0.));
#1178 = ( GEOMETRIC_REPRESENTATION_CONTEXT(2) 
PARAMETRIC_REPRESENTATION_CONTEXT() REPRESENTATION_CONTEXT('2D SPACE',''
  ) );
#1179 = ORIENTED_EDGE('',*,*,#1180,.F.);
#1180 = EDGE_CURVE('',#1181,#1151,#1183,.T.);
#1181 = VERTEX_POINT('',#1182);
#1182 = CARTESIAN_POINT('',(310.10666992476,31.,0.));
#1183 = SURFACE_CURVE('',#1184,(#1188,#1195),.PCURVE_S1.);
#1184 = LINE('',#1185,#1186);
#1185 = CARTESIAN_POINT('',(310.10666992476,31.,0.));
#1186 = VECTOR('',#1187,1.);
#1187 = DIRECTION('',(0.5,0.866025403784,0.));
#1188 = PCURVE('',#32,#1189);
#1189 = DEFINITIONAL_REPRESENTATION('',(#1190),#1194);
#1190 = LINE('',#1191,#1192);
#1191 = CARTESIAN_POINT('',(92.45941726468,-22.25572926751));
#1192 = VECTOR('',#1193,1.);
#1193 = DIRECTION('',(0.5,0.866025403784));
#1194 = ( GEOMETRIC_REPRESENTATION_CONTEXT(2) 
PARAMETRIC_REPRESENTATION_CONTEXT() REPRESENTATION_CONTEXT('2D SPACE',''
  ) );
#1195 = PCURVE('',#1196,#1201);
#1196 = PLANE('',#1197);
#1197 = AXIS2_PLACEMENT_3D('',#1198,#1199,#1200);
#1198 = CARTESIAN_POINT('',(310.10666992476,31.,0.));
#1199 = DIRECTION('',(-0.866025403784,0.5,0.));
#1200 = DIRECTION('',(0.5,0.866025403784,0.));
#1201 = DEFINITIONAL_REPRESENTATION('',(#1202),#1206);
#1202 = LINE('',#1203,#1204);
#1203 = CARTESIAN_POINT('',(0.,0.));
#1204 = VECTOR('',#1205,1.);
#1205 = DIRECTION('',(1.,0.));
#1206 = ( GEOMETRIC_REPRESENTATION_CONTEXT(2) 
PARAMETRIC_REPRESENTATION_CONTEXT() REPRESENTATION_CONTEXT('2D SPACE',''
  ) );
#1207 = ORIENTED_EDGE('',*,*,#1208,.F.);
#1208 = EDGE_CURVE('',#1209,#1181,#1211,.T.);
#1209 = VERTEX_POINT('',#1210);
#1210 = CARTESIAN_POINT('',(295.55744314118,31.,0.));
#1211 = SURFACE_CURVE('',#1212,(#1216,#1223),.PCURVE_S1.);
#1212 = LINE('',#1213,#1214);
#1213 = CARTESIAN_POINT('',(295.55744314118,31.,0.));
#1214 = VECTOR('',#1215,1.);
#1215 = DIRECTION('',(1.,-2.441857379535E-16,0.));
#1216 = PCURVE('',#32,#1217);
#1217 = DEFINITIONAL_REPRESENTATION('',(#1218),#1222);
#1218 = LINE('',#1219,#1220);
#1219 = CARTESIAN_POINT('',(77.9101904811,-22.25572926751));
#1220 = VECTOR('',#1221,1.);
#1221 = DIRECTION('',(1.,-2.441857379535E-16));
#1222 = ( GEOMETRIC_REPRESENTATION_CONTEXT(2) 
PARAMETRIC_REPRESENTATION_CONTEXT() REPRESENTATION_CONTEXT('2D SPACE',''
  ) );
#1223 = PCURVE('',#1224,#1229);
#1224 = PLANE('',#1225);
#1225 = AXIS2_PLACEMENT_3D('',#1226,#1227,#1228);
#1226 = CARTESIAN_POINT('',(295.55744314118,31.,0.));
#1227 = DIRECTION('',(2.441857379535E-16,1.,-0.));
#1228 = DIRECTION('',(1.,-2.441857379535E-16,0.));
#1229 = DEFINITIONAL_REPRESENTATION('',(#1230),#1234);
#1230 = LINE('',#1231,#1232);
#1231 = CARTESIAN_POINT('',(0.,0.));
#1232 = VECTOR('',#1233,1.);
#1233 = DIRECTION('',(1.,0.));
#1234 = ( GEOMETRIC_REPRESENTATION_CONTEXT(2) 
PARAMETRIC_REPRESENTATION_CONTEXT() REPRESENTATION_CONTEXT('2D SPACE',''
  ) );
#1235 = ORIENTED_EDGE('',*,*,#1236,.F.);
#1236 = EDGE_CURVE('',#1237,#1209,#1239,.T.);
#1237 = VERTEX_POINT('',#1238);
#1238 = CARTESIAN_POINT('',(288.2828297494,43.6,0.));
#1239 = SURFACE_CURVE('',#1240,(#1244,#1251),.PCURVE_S1.);
#1240 = LINE('',#1241,#1242);
#1241 = CARTESIAN_POINT('',(288.2828297494,43.6,0.));
#1242 = VECTOR('',#1243,1.);
#1243 = DIRECTION('',(0.5,-0.866025403784,0.));
#1244 = PCURVE('',#32,#1245);
#1245 = DEFINITIONAL_REPRESENTATION('',(#1246),#1250);
#1246 = LINE('',#1247,#1248);
#1247 = CARTESIAN_POINT('',(70.63557708932,-9.655729267513));
#1248 = VECTOR('',#1249,1.);
#1249 = DIRECTION('',(0.5,-0.866025403784));
#1250 = ( GEOMETRIC_REPRESENTATION_CONTEXT(2) 
PARAMETRIC_REPRESENTATION_CONTEXT() REPRESENTATION_CONTEXT('2D SPACE',''
  ) );
#1251 = PCURVE('',#1252,#1257);
#1252 = PLANE('',#1253);
#1253 = AXIS2_PLACEMENT_3D('',#1254,#1255,#1256);
#1254 = CARTESIAN_POINT('',(288.2828297494,43.6,0.));
#1255 = DIRECTION('',(0.866025403784,0.5,-0.));
#1256 = DIRECTION('',(0.5,-0.866025403784,0.));
#1257 = DEFINITIONAL_REPRESENTATION('',(#1258),#1262);
#1258 = LINE('',#1259,#1260);
#1259 = CARTESIAN_POINT('',(0.,0.));
#1260 = VECTOR('',#1261,1.);
#1261 = DIRECTION('',(1.,0.));
#1262 = ( GEOMETRIC_REPRESENTATION_CONTEXT(2) 
PARAMETRIC_REPRESENTATION_CONTEXT() REPRESENTATION_CONTEXT('2D SPACE',''
  ) );
#1263 = ORIENTED_EDGE('',*,*,#1264,.F.);
#1264 = EDGE_CURVE('',#1265,#1237,#1267,.T.);
#1265 = VERTEX_POINT('',#1266);
#1266 = CARTESIAN_POINT('',(295.55744314118,56.2,0.));
#1267 = SURFACE_CURVE('',#1268,(#1272,#1279),.PCURVE_S1.);
#1268 = LINE('',#1269,#1270);
#1269 = CARTESIAN_POINT('',(295.55744314118,56.2,0.));
#1270 = VECTOR('',#1271,1.);
#1271 = DIRECTION('',(-0.5,-0.866025403784,0.));
#1272 = PCURVE('',#32,#1273);
#1273 = DEFINITIONAL_REPRESENTATION('',(#1274),#1278);
#1274 = LINE('',#1275,#1276);
#1275 = CARTESIAN_POINT('',(77.9101904811,2.944270732487));
#1276 = VECTOR('',#1277,1.);
#1277 = DIRECTION('',(-0.5,-0.866025403784));
#1278 = ( GEOMETRIC_REPRESENTATION_CONTEXT(2) 
PARAMETRIC_REPRESENTATION_CONTEXT() REPRESENTATION_CONTEXT('2D SPACE',''
  ) );
#1279 = PCURVE('',#1280,#1285);
#1280 = PLANE('',#1281);
#1281 = AXIS2_PLACEMENT_3D('',#1282,#1283,#1284);
#1282 = CARTESIAN_POINT('',(295.55744314118,56.2,0.));
#1283 = DIRECTION('',(0.866025403784,-0.5,0.));
#1284 = DIRECTION('',(-0.5,-0.866025403784,0.));
#1285 = DEFINITIONAL_REPRESENTATION('',(#1286),#1290);
#1286 = LINE('',#1287,#1288);
#1287 = CARTESIAN_POINT('',(0.,0.));
#1288 = VECTOR('',#1289,1.);
#1289 = DIRECTION('',(1.,0.));
#1290 = ( GEOMETRIC_REPRESENTATION_CONTEXT(2) 
PARAMETRIC_REPRESENTATION_CONTEXT() REPRESENTATION_CONTEXT('2D SPACE',''
  ) );
#1291 = ORIENTED_EDGE('',*,*,#1292,.F.);
#1292 = EDGE_CURVE('',#1153,#1265,#1293,.T.);
#1293 = SURFACE_CURVE('',#1294,(#1298,#1305),.PCURVE_S1.);
#1294 = LINE('',#1295,#1296);
#1295 = CARTESIAN_POINT('',(310.10666992476,56.2,0.));
#1296 = VECTOR('',#1297,1.);
#1297 = DIRECTION('',(-1.,0.,0.));
#1298 = PCURVE('',#32,#1299);
#1299 = DEFINITIONAL_REPRESENTATION('',(#1300),#1304);
#1300 = LINE('',#1301,#1302);
#1301 = CARTESIAN_POINT('',(92.45941726468,2.944270732487));
#1302 = VECTOR('',#1303,1.);
#1303 = DIRECTION('',(-1.,0.));
#1304 = ( GEOMETRIC_REPRESENTATION_CONTEXT(2) 
PARAMETRIC_REPRESENTATION_CONTEXT() REPRESENTATION_CONTEXT('2D SPACE',''
  ) );
#1305 = PCURVE('',#1306,#1311);
#1306 = PLANE('',#1307);
#1307 = AXIS2_PLACEMENT_3D('',#1308,#1309,#1310);
#1308 = CARTESIAN_POINT('',(310.10666992476,56.2,0.));
#1309 = DIRECTION('',(0.,-1.,0.));
#1310 = DIRECTION('',(-1.,0.,0.));
#1311 = DEFINITIONAL_REPRESENTATION('',(#1312),#1316);
#1312 = LINE('',#1313,#1314);
#1313 = CARTESIAN_POINT('',(0.,-0.));
#1314 = VECTOR('',#1315,1.);
#1315 = DIRECTION('',(1.,0.));
#1316 = ( GEOMETRIC_REPRESENTATION_CONTEXT(2) 
PARAMETRIC_REPRESENTATION_CONTEXT() REPRESENTATION_CONTEXT('2D SPACE',''
  ) );
#1317 = FACE_BOUND('',#1318,.F.);
#1318 = EDGE_LOOP('',(#1319,#1349,#1377,#1405,#1433,#1461));
#1319 = ORIENTED_EDGE('',*,*,#1320,.F.);
#1320 = EDGE_CURVE('',#1321,#1323,#1325,.T.);
#1321 = VERTEX_POINT('',#1322);
#1322 = CARTESIAN_POINT('',(378.34947174298,43.6,0.));
#1323 = VERTEX_POINT('',#1324);
#1324 = CARTESIAN_POINT('',(371.07485835119,56.2,0.));
#1325 = SURFACE_CURVE('',#1326,(#1330,#1337),.PCURVE_S1.);
#1326 = LINE('',#1327,#1328);
#1327 = CARTESIAN_POINT('',(378.34947174298,43.6,0.));
#1328 = VECTOR('',#1329,1.);
#1329 = DIRECTION('',(-0.5,0.866025403784,0.));
#1330 = PCURVE('',#32,#1331);
#1331 = DEFINITIONAL_REPRESENTATION('',(#1332),#1336);
#1332 = LINE('',#1333,#1334);
#1333 = CARTESIAN_POINT('',(160.7022190829,-9.655729267513));
#1334 = VECTOR('',#1335,1.);
#1335 = DIRECTION('',(-0.5,0.866025403784));
#1336 = ( GEOMETRIC_REPRESENTATION_CONTEXT(2) 
PARAMETRIC_REPRESENTATION_CONTEXT() REPRESENTATION_CONTEXT('2D SPACE',''
  ) );
#1337 = PCURVE('',#1338,#1343);
#1338 = PLANE('',#1339);
#1339 = AXIS2_PLACEMENT_3D('',#1340,#1341,#1342);
#1340 = CARTESIAN_POINT('',(378.34947174298,43.6,0.));
#1341 = DIRECTION('',(-0.866025403784,-0.5,0.));
#1342 = DIRECTION('',(-0.5,0.866025403784,0.));
#1343 = DEFINITIONAL_REPRESENTATION('',(#1344),#1348);
#1344 = LINE('',#1345,#1346);
#1345 = CARTESIAN_POINT('',(0.,0.));
#1346 = VECTOR('',#1347,1.);
#1347 = DIRECTION('',(1.,0.));
#1348 = ( GEOMETRIC_REPRESENTATION_CONTEXT(2) 
PARAMETRIC_REPRESENTATION_CONTEXT() REPRESENTATION_CONTEXT('2D SPACE',''
  ) );
#1349 = ORIENTED_EDGE('',*,*,#1350,.F.);
#1350 = EDGE_CURVE('',#1351,#1321,#1353,.T.);
#1351 = VERTEX_POINT('',#1352);
#1352 = CARTESIAN_POINT('',(371.07485835119,31.,0.));
#1353 = SURFACE_CURVE('',#1354,(#1358,#1365),.PCURVE_S1.);
#1354 = LINE('',#1355,#1356);
#1355 = CARTESIAN_POINT('',(371.07485835119,31.,0.));
#1356 = VECTOR('',#1357,1.);
#1357 = DIRECTION('',(0.5,0.866025403784,0.));
#1358 = PCURVE('',#32,#1359);
#1359 = DEFINITIONAL_REPRESENTATION('',(#1360),#1364);
#1360 = LINE('',#1361,#1362);
#1361 = CARTESIAN_POINT('',(153.42760569111,-22.25572926751));
#1362 = VECTOR('',#1363,1.);
#1363 = DIRECTION('',(0.5,0.866025403784));
#1364 = ( GEOMETRIC_REPRESENTATION_CONTEXT(2) 
PARAMETRIC_REPRESENTATION_CONTEXT() REPRESENTATION_CONTEXT('2D SPACE',''
  ) );
#1365 = PCURVE('',#1366,#1371);
#1366 = PLANE('',#1367);
#1367 = AXIS2_PLACEMENT_3D('',#1368,#1369,#1370);
#1368 = CARTESIAN_POINT('',(371.07485835119,31.,0.));
#1369 = DIRECTION('',(-0.866025403784,0.5,0.));
#1370 = DIRECTION('',(0.5,0.866025403784,0.));
#1371 = DEFINITIONAL_REPRESENTATION('',(#1372),#1376);
#1372 = LINE('',#1373,#1374);
#1373 = CARTESIAN_POINT('',(0.,0.));
#1374 = VECTOR('',#1375,1.);
#1375 = DIRECTION('',(1.,0.));
#1376 = ( GEOMETRIC_REPRESENTATION_CONTEXT(2) 
PARAMETRIC_REPRESENTATION_CONTEXT() REPRESENTATION_CONTEXT('2D SPACE',''
  ) );
#1377 = ORIENTED_EDGE('',*,*,#1378,.F.);
#1378 = EDGE_CURVE('',#1379,#1351,#1381,.T.);
#1379 = VERTEX_POINT('',#1380);
#1380 = CARTESIAN_POINT('',(356.52563156761,31.,0.));
#1381 = SURFACE_CURVE('',#1382,(#1386,#1393),.PCURVE_S1.);
#1382 = LINE('',#1383,#1384);
#1383 = CARTESIAN_POINT('',(356.52563156761,31.,0.));
#1384 = VECTOR('',#1385,1.);
#1385 = DIRECTION('',(1.,-2.441857379535E-16,0.));
#1386 = PCURVE('',#32,#1387);
#1387 = DEFINITIONAL_REPRESENTATION('',(#1388),#1392);
#1388 = LINE('',#1389,#1390);
#1389 = CARTESIAN_POINT('',(138.87837890753,-22.25572926751));
#1390 = VECTOR('',#1391,1.);
#1391 = DIRECTION('',(1.,-2.441857379535E-16));
#1392 = ( GEOMETRIC_REPRESENTATION_CONTEXT(2) 
PARAMETRIC_REPRESENTATION_CONTEXT() REPRESENTATION_CONTEXT('2D SPACE',''
  ) );
#1393 = PCURVE('',#1394,#1399);
#1394 = PLANE('',#1395);
#1395 = AXIS2_PLACEMENT_3D('',#1396,#1397,#1398);
#1396 = CARTESIAN_POINT('',(356.52563156761,31.,0.));
#1397 = DIRECTION('',(2.441857379535E-16,1.,-0.));
#1398 = DIRECTION('',(1.,-2.441857379535E-16,0.));
#1399 = DEFINITIONAL_REPRESENTATION('',(#1400),#1404);
#1400 = LINE('',#1401,#1402);
#1401 = CARTESIAN_POINT('',(0.,0.));
#1402 = VECTOR('',#1403,1.);
#1403 = DIRECTION('',(1.,0.));
#1404 = ( GEOMETRIC_REPRESENTATION_CONTEXT(2) 
PARAMETRIC_REPRESENTATION_CONTEXT() REPRESENTATION_CONTEXT('2D SPACE',''
  ) );
#1405 = ORIENTED_EDGE('',*,*,#1406,.F.);
#1406 = EDGE_CURVE('',#1407,#1379,#1409,.T.);
#1407 = VERTEX_POINT('',#1408);
#1408 = CARTESIAN_POINT('',(349.25101817582,43.6,0.));
#1409 = SURFACE_CURVE('',#1410,(#1414,#1421),.PCURVE_S1.);
#1410 = LINE('',#1411,#1412);
#1411 = CARTESIAN_POINT('',(349.25101817582,43.6,0.));
#1412 = VECTOR('',#1413,1.);
#1413 = DIRECTION('',(0.5,-0.866025403784,0.));
#1414 = PCURVE('',#32,#1415);
#1415 = DEFINITIONAL_REPRESENTATION('',(#1416),#1420);
#1416 = LINE('',#1417,#1418);
#1417 = CARTESIAN_POINT('',(131.60376551574,-9.655729267513));
#1418 = VECTOR('',#1419,1.);
#1419 = DIRECTION('',(0.5,-0.866025403784));
#1420 = ( GEOMETRIC_REPRESENTATION_CONTEXT(2) 
PARAMETRIC_REPRESENTATION_CONTEXT() REPRESENTATION_CONTEXT('2D SPACE',''
  ) );
#1421 = PCURVE('',#1422,#1427);
#1422 = PLANE('',#1423);
#1423 = AXIS2_PLACEMENT_3D('',#1424,#1425,#1426);
#1424 = CARTESIAN_POINT('',(349.25101817582,43.6,0.));
#1425 = DIRECTION('',(0.866025403784,0.5,-0.));
#1426 = DIRECTION('',(0.5,-0.866025403784,0.));
#1427 = DEFINITIONAL_REPRESENTATION('',(#1428),#1432);
#1428 = LINE('',#1429,#1430);
#1429 = CARTESIAN_POINT('',(0.,0.));
#1430 = VECTOR('',#1431,1.);
#1431 = DIRECTION('',(1.,0.));
#1432 = ( GEOMETRIC_REPRESENTATION_CONTEXT(2) 
PARAMETRIC_REPRESENTATION_CONTEXT() REPRESENTATION_CONTEXT('2D SPACE',''
  ) );
#1433 = ORIENTED_EDGE('',*,*,#1434,.F.);
#1434 = EDGE_CURVE('',#1435,#1407,#1437,.T.);
#1435 = VERTEX_POINT('',#1436);
#1436 = CARTESIAN_POINT('',(356.52563156761,56.2,0.));
#1437 = SURFACE_CURVE('',#1438,(#1442,#1449),.PCURVE_S1.);
#1438 = LINE('',#1439,#1440);
#1439 = CARTESIAN_POINT('',(356.52563156761,56.2,0.));
#1440 = VECTOR('',#1441,1.);
#1441 = DIRECTION('',(-0.5,-0.866025403784,0.));
#1442 = PCURVE('',#32,#1443);
#1443 = DEFINITIONAL_REPRESENTATION('',(#1444),#1448);
#1444 = LINE('',#1445,#1446);
#1445 = CARTESIAN_POINT('',(138.87837890753,2.944270732487));
#1446 = VECTOR('',#1447,1.);
#1447 = DIRECTION('',(-0.5,-0.866025403784));
#1448 = ( GEOMETRIC_REPRESENTATION_CONTEXT(2) 
PARAMETRIC_REPRESENTATION_CONTEXT() REPRESENTATION_CONTEXT('2D SPACE',''
  ) );
#1449 = PCURVE('',#1450,#1455);
#1450 = PLANE('',#1451);
#1451 = AXIS2_PLACEMENT_3D('',#1452,#1453,#1454);
#1452 = CARTESIAN_POINT('',(356.52563156761,56.2,0.));
#1453 = DIRECTION('',(0.866025403784,-0.5,0.));
#1454 = DIRECTION('',(-0.5,-0.866025403784,0.));
#1455 = DEFINITIONAL_REPRESENTATION('',(#1456),#1460);
#1456 = LINE('',#1457,#1458);
#1457 = CARTESIAN_POINT('',(0.,0.));
#1458 = VECTOR('',#1459,1.);
#1459 = DIRECTION('',(1.,0.));
#1460 = ( GEOMETRIC_REPRESENTATION_CONTEXT(2) 
PARAMETRIC_REPRESENTATION_CONTEXT() REPRESENTATION_CONTEXT('2D SPACE',''
  ) );
#1461 = ORIENTED_EDGE('',*,*,#1462,.F.);
#1462 = EDGE_CURVE('',#1323,#1435,#1463,.T.);
#1463 = SURFACE_CURVE('',#1464,(#1468,#1475),.PCURVE_S1.);
#1464 = LINE('',#1465,#1466);
#1465 = CARTESIAN_POINT('',(371.07485835119,56.2,0.));
#1466 = VECTOR('',#1467,1.);
#1467 = DIRECTION('',(-1.,0.,0.));
#1468 = PCURVE('',#32,#1469);
#1469 = DEFINITIONAL_REPRESENTATION('',(#1470),#1474);
#1470 = LINE('',#1471,#1472);
#1471 = CARTESIAN_POINT('',(153.42760569111,2.944270732487));
#1472 = VECTOR('',#1473,1.);
#1473 = DIRECTION('',(-1.,0.));
#1474 = ( GEOMETRIC_REPRESENTATION_CONTEXT(2) 
PARAMETRIC_REPRESENTATION_CONTEXT() REPRESENTATION_CONTEXT('2D SPACE',''
  ) );
#1475 = PCURVE('',#1476,#1481);
#1476 = PLANE('',#1477);
#1477 = AXIS2_PLACEMENT_3D('',#1478,#1479,#1480);
#1478 = CARTESIAN_POINT('',(371.07485835119,56.2,0.));
#1479 = DIRECTION('',(0.,-1.,0.));
#1480 = DIRECTION('',(-1.,0.,0.));
#1481 = DEFINITIONAL_REPRESENTATION('',(#1482),#1486);
#1482 = LINE('',#1483,#1484);
#1483 = CARTESIAN_POINT('',(0.,-0.));
#1484 = VECTOR('',#1485,1.);
#1485 = DIRECTION('',(1.,0.));
#1486 = ( GEOMETRIC_REPRESENTATION_CONTEXT(2) 
PARAMETRIC_REPRESENTATION_CONTEXT() REPRESENTATION_CONTEXT('2D SPACE',''
  ) );
#1487 = FACE_BOUND('',#1488,.F.);
#1488 = EDGE_LOOP('',(#1489,#1519,#1547,#1575,#1603,#1631));
#1489 = ORIENTED_EDGE('',*,*,#1490,.F.);
#1490 = EDGE_CURVE('',#1491,#1493,#1495,.T.);
#1491 = VERTEX_POINT('',#1492);
#1492 = CARTESIAN_POINT('',(286.89718910334,61.2,0.));
#1493 = VERTEX_POINT('',#1494);
#1494 = CARTESIAN_POINT('',(279.62257571155,73.8,0.));
#1495 = SURFACE_CURVE('',#1496,(#1500,#1507),.PCURVE_S1.);
#1496 = LINE('',#1497,#1498);
#1497 = CARTESIAN_POINT('',(286.89718910334,61.2,0.));
#1498 = VECTOR('',#1499,1.);
#1499 = DIRECTION('',(-0.5,0.866025403784,0.));
#1500 = PCURVE('',#32,#1501);
#1501 = DEFINITIONAL_REPRESENTATION('',(#1502),#1506);
#1502 = LINE('',#1503,#1504);
#1503 = CARTESIAN_POINT('',(69.24993644326,7.944270732487));
#1504 = VECTOR('',#1505,1.);
#1505 = DIRECTION('',(-0.5,0.866025403784));
#1506 = ( GEOMETRIC_REPRESENTATION_CONTEXT(2) 
PARAMETRIC_REPRESENTATION_CONTEXT() REPRESENTATION_CONTEXT('2D SPACE',''
  ) );
#1507 = PCURVE('',#1508,#1513);
#1508 = PLANE('',#1509);
#1509 = AXIS2_PLACEMENT_3D('',#1510,#1511,#1512);
#1510 = CARTESIAN_POINT('',(286.89718910334,61.2,0.));
#1511 = DIRECTION('',(-0.866025403784,-0.5,0.));
#1512 = DIRECTION('',(-0.5,0.866025403784,0.));
#1513 = DEFINITIONAL_REPRESENTATION('',(#1514),#1518);
#1514 = LINE('',#1515,#1516);
#1515 = CARTESIAN_POINT('',(0.,0.));
#1516 = VECTOR('',#1517,1.);
#1517 = DIRECTION('',(1.,0.));
#1518 = ( GEOMETRIC_REPRESENTATION_CONTEXT(2) 
PARAMETRIC_REPRESENTATION_CONTEXT() REPRESENTATION_CONTEXT('2D SPACE',''
  ) );
#1519 = ORIENTED_EDGE('',*,*,#1520,.F.);
#1520 = EDGE_CURVE('',#1521,#1491,#1523,.T.);
#1521 = VERTEX_POINT('',#1522);
#1522 = CARTESIAN_POINT('',(279.62257571155,48.6,0.));
#1523 = SURFACE_CURVE('',#1524,(#1528,#1535),.PCURVE_S1.);
#1524 = LINE('',#1525,#1526);
#1525 = CARTESIAN_POINT('',(279.62257571155,48.6,0.));
#1526 = VECTOR('',#1527,1.);
#1527 = DIRECTION('',(0.5,0.866025403784,0.));
#1528 = PCURVE('',#32,#1529);
#1529 = DEFINITIONAL_REPRESENTATION('',(#1530),#1534);
#1530 = LINE('',#1531,#1532);
#1531 = CARTESIAN_POINT('',(61.97532305147,-4.655729267513));
#1532 = VECTOR('',#1533,1.);
#1533 = DIRECTION('',(0.5,0.866025403784));
#1534 = ( GEOMETRIC_REPRESENTATION_CONTEXT(2) 
PARAMETRIC_REPRESENTATION_CONTEXT() REPRESENTATION_CONTEXT('2D SPACE',''
  ) );
#1535 = PCURVE('',#1536,#1541);
#1536 = PLANE('',#1537);
#1537 = AXIS2_PLACEMENT_3D('',#1538,#1539,#1540);
#1538 = CARTESIAN_POINT('',(279.62257571155,48.6,0.));
#1539 = DIRECTION('',(-0.866025403784,0.5,0.));
#1540 = DIRECTION('',(0.5,0.866025403784,0.));
#1541 = DEFINITIONAL_REPRESENTATION('',(#1542),#1546);
#1542 = LINE('',#1543,#1544);
#1543 = CARTESIAN_POINT('',(0.,0.));
#1544 = VECTOR('',#1545,1.);
#1545 = DIRECTION('',(1.,0.));
#1546 = ( GEOMETRIC_REPRESENTATION_CONTEXT(2) 
PARAMETRIC_REPRESENTATION_CONTEXT() REPRESENTATION_CONTEXT('2D SPACE',''
  ) );
#1547 = ORIENTED_EDGE('',*,*,#1548,.F.);
#1548 = EDGE_CURVE('',#1549,#1521,#1551,.T.);
#1549 = VERTEX_POINT('',#1550);
#1550 = CARTESIAN_POINT('',(265.07334892797,48.6,0.));
#1551 = SURFACE_CURVE('',#1552,(#1556,#1563),.PCURVE_S1.);
#1552 = LINE('',#1553,#1554);
#1553 = CARTESIAN_POINT('',(265.07334892797,48.6,0.));
#1554 = VECTOR('',#1555,1.);
#1555 = DIRECTION('',(1.,-4.883714759069E-16,0.));
#1556 = PCURVE('',#32,#1557);
#1557 = DEFINITIONAL_REPRESENTATION('',(#1558),#1562);
#1558 = LINE('',#1559,#1560);
#1559 = CARTESIAN_POINT('',(47.42609626789,-4.655729267513));
#1560 = VECTOR('',#1561,1.);
#1561 = DIRECTION('',(1.,-4.883714759069E-16));
#1562 = ( GEOMETRIC_REPRESENTATION_CONTEXT(2) 
PARAMETRIC_REPRESENTATION_CONTEXT() REPRESENTATION_CONTEXT('2D SPACE',''
  ) );
#1563 = PCURVE('',#1564,#1569);
#1564 = PLANE('',#1565);
#1565 = AXIS2_PLACEMENT_3D('',#1566,#1567,#1568);
#1566 = CARTESIAN_POINT('',(265.07334892797,48.6,0.));
#1567 = DIRECTION('',(4.883714759069E-16,1.,-0.));
#1568 = DIRECTION('',(1.,-4.883714759069E-16,0.));
#1569 = DEFINITIONAL_REPRESENTATION('',(#1570),#1574);
#1570 = LINE('',#1571,#1572);
#1571 = CARTESIAN_POINT('',(0.,0.));
#1572 = VECTOR('',#1573,1.);
#1573 = DIRECTION('',(1.,0.));
#1574 = ( GEOMETRIC_REPRESENTATION_CONTEXT(2) 
PARAMETRIC_REPRESENTATION_CONTEXT() REPRESENTATION_CONTEXT('2D SPACE',''
  ) );
#1575 = ORIENTED_EDGE('',*,*,#1576,.F.);
#1576 = EDGE_CURVE('',#1577,#1549,#1579,.T.);
#1577 = VERTEX_POINT('',#1578);
#1578 = CARTESIAN_POINT('',(257.79873553618,61.2,0.));
#1579 = SURFACE_CURVE('',#1580,(#1584,#1591),.PCURVE_S1.);
#1580 = LINE('',#1581,#1582);
#1581 = CARTESIAN_POINT('',(257.79873553618,61.2,0.));
#1582 = VECTOR('',#1583,1.);
#1583 = DIRECTION('',(0.5,-0.866025403784,0.));
#1584 = PCURVE('',#32,#1585);
#1585 = DEFINITIONAL_REPRESENTATION('',(#1586),#1590);
#1586 = LINE('',#1587,#1588);
#1587 = CARTESIAN_POINT('',(40.1514828761,7.944270732487));
#1588 = VECTOR('',#1589,1.);
#1589 = DIRECTION('',(0.5,-0.866025403784));
#1590 = ( GEOMETRIC_REPRESENTATION_CONTEXT(2) 
PARAMETRIC_REPRESENTATION_CONTEXT() REPRESENTATION_CONTEXT('2D SPACE',''
  ) );
#1591 = PCURVE('',#1592,#1597);
#1592 = PLANE('',#1593);
#1593 = AXIS2_PLACEMENT_3D('',#1594,#1595,#1596);
#1594 = CARTESIAN_POINT('',(257.79873553618,61.2,0.));
#1595 = DIRECTION('',(0.866025403784,0.5,-0.));
#1596 = DIRECTION('',(0.5,-0.866025403784,0.));
#1597 = DEFINITIONAL_REPRESENTATION('',(#1598),#1602);
#1598 = LINE('',#1599,#1600);
#1599 = CARTESIAN_POINT('',(0.,0.));
#1600 = VECTOR('',#1601,1.);
#1601 = DIRECTION('',(1.,0.));
#1602 = ( GEOMETRIC_REPRESENTATION_CONTEXT(2) 
PARAMETRIC_REPRESENTATION_CONTEXT() REPRESENTATION_CONTEXT('2D SPACE',''
  ) );
#1603 = ORIENTED_EDGE('',*,*,#1604,.F.);
#1604 = EDGE_CURVE('',#1605,#1577,#1607,.T.);
#1605 = VERTEX_POINT('',#1606);
#1606 = CARTESIAN_POINT('',(265.07334892797,73.8,0.));
#1607 = SURFACE_CURVE('',#1608,(#1612,#1619),.PCURVE_S1.);
#1608 = LINE('',#1609,#1610);
#1609 = CARTESIAN_POINT('',(265.07334892797,73.8,0.));
#1610 = VECTOR('',#1611,1.);
#1611 = DIRECTION('',(-0.5,-0.866025403784,0.));
#1612 = PCURVE('',#32,#1613);
#1613 = DEFINITIONAL_REPRESENTATION('',(#1614),#1618);
#1614 = LINE('',#1615,#1616);
#1615 = CARTESIAN_POINT('',(47.42609626789,20.544270732487));
#1616 = VECTOR('',#1617,1.);
#1617 = DIRECTION('',(-0.5,-0.866025403784));
#1618 = ( GEOMETRIC_REPRESENTATION_CONTEXT(2) 
PARAMETRIC_REPRESENTATION_CONTEXT() REPRESENTATION_CONTEXT('2D SPACE',''
  ) );
#1619 = PCURVE('',#1620,#1625);
#1620 = PLANE('',#1621);
#1621 = AXIS2_PLACEMENT_3D('',#1622,#1623,#1624);
#1622 = CARTESIAN_POINT('',(265.07334892797,73.8,0.));
#1623 = DIRECTION('',(0.866025403784,-0.5,0.));
#1624 = DIRECTION('',(-0.5,-0.866025403784,0.));
#1625 = DEFINITIONAL_REPRESENTATION('',(#1626),#1630);
#1626 = LINE('',#1627,#1628);
#1627 = CARTESIAN_POINT('',(0.,0.));
#1628 = VECTOR('',#1629,1.);
#1629 = DIRECTION('',(1.,0.));
#1630 = ( GEOMETRIC_REPRESENTATION_CONTEXT(2) 
PARAMETRIC_REPRESENTATION_CONTEXT() REPRESENTATION_CONTEXT('2D SPACE',''
  ) );
#1631 = ORIENTED_EDGE('',*,*,#1632,.F.);
#1632 = EDGE_CURVE('',#1493,#1605,#1633,.T.);
#1633 = SURFACE_CURVE('',#1634,(#1638,#1645),.PCURVE_S1.);
#1634 = LINE('',#1635,#1636);
#1635 = CARTESIAN_POINT('',(279.62257571155,73.8,0.));
#1636 = VECTOR('',#1637,1.);
#1637 = DIRECTION('',(-1.,0.,0.));
#1638 = PCURVE('',#32,#1639);
#1639 = DEFINITIONAL_REPRESENTATION('',(#1640),#1644);
#1640 = LINE('',#1641,#1642);
#1641 = CARTESIAN_POINT('',(61.97532305147,20.544270732487));
#1642 = VECTOR('',#1643,1.);
#1643 = DIRECTION('',(-1.,0.));
#1644 = ( GEOMETRIC_REPRESENTATION_CONTEXT(2) 
PARAMETRIC_REPRESENTATION_CONTEXT() REPRESENTATION_CONTEXT('2D SPACE',''
  ) );
#1645 = PCURVE('',#1646,#1651);
#1646 = PLANE('',#1647);
#1647 = AXIS2_PLACEMENT_3D('',#1648,#1649,#1650);
#1648 = CARTESIAN_POINT('',(279.62257571155,73.8,0.));
#1649 = DIRECTION('',(0.,-1.,0.));
#1650 = DIRECTION('',(-1.,0.,0.));
#1651 = DEFINITIONAL_REPRESENTATION('',(#1652),#1656);
#1652 = LINE('',#1653,#1654);
#1653 = CARTESIAN_POINT('',(0.,-0.));
#1654 = VECTOR('',#1655,1.);
#1655 = DIRECTION('',(1.,0.));
#1656 = ( GEOMETRIC_REPRESENTATION_CONTEXT(2) 
PARAMETRIC_REPRESENTATION_CONTEXT() REPRESENTATION_CONTEXT('2D SPACE',''
  ) );
#1657 = FACE_BOUND('',#1658,.F.);
#1658 = EDGE_LOOP('',(#1659,#1689,#1717,#1745,#1773,#1801));
#1659 = ORIENTED_EDGE('',*,*,#1660,.F.);
#1660 = EDGE_CURVE('',#1661,#1663,#1665,.T.);
#1661 = VERTEX_POINT('',#1662);
#1662 = CARTESIAN_POINT('',(347.86537752976,61.2,0.));
#1663 = VERTEX_POINT('',#1664);
#1664 = CARTESIAN_POINT('',(340.59076413798,73.8,0.));
#1665 = SURFACE_CURVE('',#1666,(#1670,#1677),.PCURVE_S1.);
#1666 = LINE('',#1667,#1668);
#1667 = CARTESIAN_POINT('',(347.86537752976,61.2,0.));
#1668 = VECTOR('',#1669,1.);
#1669 = DIRECTION('',(-0.5,0.866025403784,0.));
#1670 = PCURVE('',#32,#1671);
#1671 = DEFINITIONAL_REPRESENTATION('',(#1672),#1676);
#1672 = LINE('',#1673,#1674);
#1673 = CARTESIAN_POINT('',(130.21812486968,7.944270732487));
#1674 = VECTOR('',#1675,1.);
#1675 = DIRECTION('',(-0.5,0.866025403784));
#1676 = ( GEOMETRIC_REPRESENTATION_CONTEXT(2) 
PARAMETRIC_REPRESENTATION_CONTEXT() REPRESENTATION_CONTEXT('2D SPACE',''
  ) );
#1677 = PCURVE('',#1678,#1683);
#1678 = PLANE('',#1679);
#1679 = AXIS2_PLACEMENT_3D('',#1680,#1681,#1682);
#1680 = CARTESIAN_POINT('',(347.86537752976,61.2,0.));
#1681 = DIRECTION('',(-0.866025403784,-0.5,0.));
#1682 = DIRECTION('',(-0.5,0.866025403784,0.));
#1683 = DEFINITIONAL_REPRESENTATION('',(#1684),#1688);
#1684 = LINE('',#1685,#1686);
#1685 = CARTESIAN_POINT('',(0.,0.));
#1686 = VECTOR('',#1687,1.);
#1687 = DIRECTION('',(1.,0.));
#1688 = ( GEOMETRIC_REPRESENTATION_CONTEXT(2) 
PARAMETRIC_REPRESENTATION_CONTEXT() REPRESENTATION_CONTEXT('2D SPACE',''
  ) );
#1689 = ORIENTED_EDGE('',*,*,#1690,.F.);
#1690 = EDGE_CURVE('',#1691,#1661,#1693,.T.);
#1691 = VERTEX_POINT('',#1692);
#1692 = CARTESIAN_POINT('',(340.59076413798,48.6,0.));
#1693 = SURFACE_CURVE('',#1694,(#1698,#1705),.PCURVE_S1.);
#1694 = LINE('',#1695,#1696);
#1695 = CARTESIAN_POINT('',(340.59076413798,48.6,0.));
#1696 = VECTOR('',#1697,1.);
#1697 = DIRECTION('',(0.5,0.866025403784,0.));
#1698 = PCURVE('',#32,#1699);
#1699 = DEFINITIONAL_REPRESENTATION('',(#1700),#1704);
#1700 = LINE('',#1701,#1702);
#1701 = CARTESIAN_POINT('',(122.9435114779,-4.655729267513));
#1702 = VECTOR('',#1703,1.);
#1703 = DIRECTION('',(0.5,0.866025403784));
#1704 = ( GEOMETRIC_REPRESENTATION_CONTEXT(2) 
PARAMETRIC_REPRESENTATION_CONTEXT() REPRESENTATION_CONTEXT('2D SPACE',''
  ) );
#1705 = PCURVE('',#1706,#1711);
#1706 = PLANE('',#1707);
#1707 = AXIS2_PLACEMENT_3D('',#1708,#1709,#1710);
#1708 = CARTESIAN_POINT('',(340.59076413798,48.6,0.));
#1709 = DIRECTION('',(-0.866025403784,0.5,0.));
#1710 = DIRECTION('',(0.5,0.866025403784,0.));
#1711 = DEFINITIONAL_REPRESENTATION('',(#1712),#1716);
#1712 = LINE('',#1713,#1714);
#1713 = CARTESIAN_POINT('',(0.,0.));
#1714 = VECTOR('',#1715,1.);
#1715 = DIRECTION('',(1.,0.));
#1716 = ( GEOMETRIC_REPRESENTATION_CONTEXT(2) 
PARAMETRIC_REPRESENTATION_CONTEXT() REPRESENTATION_CONTEXT('2D SPACE',''
  ) );
#1717 = ORIENTED_EDGE('',*,*,#1718,.F.);
#1718 = EDGE_CURVE('',#1719,#1691,#1721,.T.);
#1719 = VERTEX_POINT('',#1720);
#1720 = CARTESIAN_POINT('',(326.0415373544,48.6,0.));
#1721 = SURFACE_CURVE('',#1722,(#1726,#1733),.PCURVE_S1.);
#1722 = LINE('',#1723,#1724);
#1723 = CARTESIAN_POINT('',(326.0415373544,48.6,0.));
#1724 = VECTOR('',#1725,1.);
#1725 = DIRECTION('',(1.,-4.883714759069E-16,0.));
#1726 = PCURVE('',#32,#1727);
#1727 = DEFINITIONAL_REPRESENTATION('',(#1728),#1732);
#1728 = LINE('',#1729,#1730);
#1729 = CARTESIAN_POINT('',(108.39428469432,-4.655729267513));
#1730 = VECTOR('',#1731,1.);
#1731 = DIRECTION('',(1.,-4.883714759069E-16));
#1732 = ( GEOMETRIC_REPRESENTATION_CONTEXT(2) 
PARAMETRIC_REPRESENTATION_CONTEXT() REPRESENTATION_CONTEXT('2D SPACE',''
  ) );
#1733 = PCURVE('',#1734,#1739);
#1734 = PLANE('',#1735);
#1735 = AXIS2_PLACEMENT_3D('',#1736,#1737,#1738);
#1736 = CARTESIAN_POINT('',(326.0415373544,48.6,0.));
#1737 = DIRECTION('',(4.883714759069E-16,1.,-0.));
#1738 = DIRECTION('',(1.,-4.883714759069E-16,0.));
#1739 = DEFINITIONAL_REPRESENTATION('',(#1740),#1744);
#1740 = LINE('',#1741,#1742);
#1741 = CARTESIAN_POINT('',(0.,0.));
#1742 = VECTOR('',#1743,1.);
#1743 = DIRECTION('',(1.,0.));
#1744 = ( GEOMETRIC_REPRESENTATION_CONTEXT(2) 
PARAMETRIC_REPRESENTATION_CONTEXT() REPRESENTATION_CONTEXT('2D SPACE',''
  ) );
#1745 = ORIENTED_EDGE('',*,*,#1746,.F.);
#1746 = EDGE_CURVE('',#1747,#1719,#1749,.T.);
#1747 = VERTEX_POINT('',#1748);
#1748 = CARTESIAN_POINT('',(318.76692396261,61.2,0.));
#1749 = SURFACE_CURVE('',#1750,(#1754,#1761),.PCURVE_S1.);
#1750 = LINE('',#1751,#1752);
#1751 = CARTESIAN_POINT('',(318.76692396261,61.2,0.));
#1752 = VECTOR('',#1753,1.);
#1753 = DIRECTION('',(0.5,-0.866025403784,0.));
#1754 = PCURVE('',#32,#1755);
#1755 = DEFINITIONAL_REPRESENTATION('',(#1756),#1760);
#1756 = LINE('',#1757,#1758);
#1757 = CARTESIAN_POINT('',(101.11967130253,7.944270732487));
#1758 = VECTOR('',#1759,1.);
#1759 = DIRECTION('',(0.5,-0.866025403784));
#1760 = ( GEOMETRIC_REPRESENTATION_CONTEXT(2) 
PARAMETRIC_REPRESENTATION_CONTEXT() REPRESENTATION_CONTEXT('2D SPACE',''
  ) );
#1761 = PCURVE('',#1762,#1767);
#1762 = PLANE('',#1763);
#1763 = AXIS2_PLACEMENT_3D('',#1764,#1765,#1766);
#1764 = CARTESIAN_POINT('',(318.76692396261,61.2,0.));
#1765 = DIRECTION('',(0.866025403784,0.5,-0.));
#1766 = DIRECTION('',(0.5,-0.866025403784,0.));
#1767 = DEFINITIONAL_REPRESENTATION('',(#1768),#1772);
#1768 = LINE('',#1769,#1770);
#1769 = CARTESIAN_POINT('',(0.,0.));
#1770 = VECTOR('',#1771,1.);
#1771 = DIRECTION('',(1.,0.));
#1772 = ( GEOMETRIC_REPRESENTATION_CONTEXT(2) 
PARAMETRIC_REPRESENTATION_CONTEXT() REPRESENTATION_CONTEXT('2D SPACE',''
  ) );
#1773 = ORIENTED_EDGE('',*,*,#1774,.F.);
#1774 = EDGE_CURVE('',#1775,#1747,#1777,.T.);
#1775 = VERTEX_POINT('',#1776);
#1776 = CARTESIAN_POINT('',(326.0415373544,73.8,0.));
#1777 = SURFACE_CURVE('',#1778,(#1782,#1789),.PCURVE_S1.);
#1778 = LINE('',#1779,#1780);
#1779 = CARTESIAN_POINT('',(326.0415373544,73.8,0.));
#1780 = VECTOR('',#1781,1.);
#1781 = DIRECTION('',(-0.5,-0.866025403784,0.));
#1782 = PCURVE('',#32,#1783);
#1783 = DEFINITIONAL_REPRESENTATION('',(#1784),#1788);
#1784 = LINE('',#1785,#1786);
#1785 = CARTESIAN_POINT('',(108.39428469432,20.544270732487));
#1786 = VECTOR('',#1787,1.);
#1787 = DIRECTION('',(-0.5,-0.866025403784));
#1788 = ( GEOMETRIC_REPRESENTATION_CONTEXT(2) 
PARAMETRIC_REPRESENTATION_CONTEXT() REPRESENTATION_CONTEXT('2D SPACE',''
  ) );
#1789 = PCURVE('',#1790,#1795);
#1790 = PLANE('',#1791);
#1791 = AXIS2_PLACEMENT_3D('',#1792,#1793,#1794);
#1792 = CARTESIAN_POINT('',(326.0415373544,73.8,0.));
#1793 = DIRECTION('',(0.866025403784,-0.5,0.));
#1794 = DIRECTION('',(-0.5,-0.866025403784,0.));
#1795 = DEFINITIONAL_REPRESENTATION('',(#1796),#1800);
#1796 = LINE('',#1797,#1798);
#1797 = CARTESIAN_POINT('',(0.,0.));
#1798 = VECTOR('',#1799,1.);
#1799 = DIRECTION('',(1.,0.));
#1800 = ( GEOMETRIC_REPRESENTATION_CONTEXT(2) 
PARAMETRIC_REPRESENTATION_CONTEXT() REPRESENTATION_CONTEXT('2D SPACE',''
  ) );
#1801 = ORIENTED_EDGE('',*,*,#1802,.F.);
#1802 = EDGE_CURVE('',#1663,#1775,#1803,.T.);
#1803 = SURFACE_CURVE('',#1804,(#1808,#1815),.PCURVE_S1.);
#1804 = LINE('',#1805,#1806);
#1805 = CARTESIAN_POINT('',(340.59076413798,73.8,0.));
#1806 = VECTOR('',#1807,1.);
#1807 = DIRECTION('',(-1.,0.,0.));
#1808 = PCURVE('',#32,#1809);
#1809 = DEFINITIONAL_REPRESENTATION('',(#1810),#1814);
#1810 = LINE('',#1811,#1812);
#1811 = CARTESIAN_POINT('',(122.9435114779,20.544270732487));
#1812 = VECTOR('',#1813,1.);
#1813 = DIRECTION('',(-1.,0.));
#1814 = ( GEOMETRIC_REPRESENTATION_CONTEXT(2) 
PARAMETRIC_REPRESENTATION_CONTEXT() REPRESENTATION_CONTEXT('2D SPACE',''
  ) );
#1815 = PCURVE('',#1816,#1821);
#1816 = PLANE('',#1817);
#1817 = AXIS2_PLACEMENT_3D('',#1818,#1819,#1820);
#1818 = CARTESIAN_POINT('',(340.59076413798,73.8,0.));
#1819 = DIRECTION('',(0.,-1.,0.));
#1820 = DIRECTION('',(-1.,0.,0.));
#1821 = DEFINITIONAL_REPRESENTATION('',(#1822),#1826);
#1822 = LINE('',#1823,#1824);
#1823 = CARTESIAN_POINT('',(0.,-0.));
#1824 = VECTOR('',#1825,1.);
#1825 = DIRECTION('',(1.,0.));
#1826 = ( GEOMETRIC_REPRESENTATION_CONTEXT(2) 
PARAMETRIC_REPRESENTATION_CONTEXT() REPRESENTATION_CONTEXT('2D SPACE',''
  ) );
#1827 = FACE_BOUND('',#1828,.F.);
#1828 = EDGE_LOOP('',(#1829,#1859,#1887,#1915,#1943,#1971));
#1829 = ORIENTED_EDGE('',*,*,#1830,.F.);
#1830 = EDGE_CURVE('',#1831,#1833,#1835,.T.);
#1831 = VERTEX_POINT('',#1832);
#1832 = CARTESIAN_POINT('',(317.38128331655,78.8,0.));
#1833 = VERTEX_POINT('',#1834);
#1834 = CARTESIAN_POINT('',(310.10666992476,91.4,0.));
#1835 = SURFACE_CURVE('',#1836,(#1840,#1847),.PCURVE_S1.);
#1836 = LINE('',#1837,#1838);
#1837 = CARTESIAN_POINT('',(317.38128331655,78.8,0.));
#1838 = VECTOR('',#1839,1.);
#1839 = DIRECTION('',(-0.5,0.866025403784,0.));
#1840 = PCURVE('',#32,#1841);
#1841 = DEFINITIONAL_REPRESENTATION('',(#1842),#1846);
#1842 = LINE('',#1843,#1844);
#1843 = CARTESIAN_POINT('',(99.73403065647,25.544270732487));
#1844 = VECTOR('',#1845,1.);
#1845 = DIRECTION('',(-0.5,0.866025403784));
#1846 = ( GEOMETRIC_REPRESENTATION_CONTEXT(2) 
PARAMETRIC_REPRESENTATION_CONTEXT() REPRESENTATION_CONTEXT('2D SPACE',''
  ) );
#1847 = PCURVE('',#1848,#1853);
#1848 = PLANE('',#1849);
#1849 = AXIS2_PLACEMENT_3D('',#1850,#1851,#1852);
#1850 = CARTESIAN_POINT('',(317.38128331655,78.8,0.));
#1851 = DIRECTION('',(-0.866025403784,-0.5,0.));
#1852 = DIRECTION('',(-0.5,0.866025403784,0.));
#1853 = DEFINITIONAL_REPRESENTATION('',(#1854),#1858);
#1854 = LINE('',#1855,#1856);
#1855 = CARTESIAN_POINT('',(0.,0.));
#1856 = VECTOR('',#1857,1.);
#1857 = DIRECTION('',(1.,0.));
#1858 = ( GEOMETRIC_REPRESENTATION_CONTEXT(2) 
PARAMETRIC_REPRESENTATION_CONTEXT() REPRESENTATION_CONTEXT('2D SPACE',''
  ) );
#1859 = ORIENTED_EDGE('',*,*,#1860,.F.);
#1860 = EDGE_CURVE('',#1861,#1831,#1863,.T.);
#1861 = VERTEX_POINT('',#1862);
#1862 = CARTESIAN_POINT('',(310.10666992476,66.2,0.));
#1863 = SURFACE_CURVE('',#1864,(#1868,#1875),.PCURVE_S1.);
#1864 = LINE('',#1865,#1866);
#1865 = CARTESIAN_POINT('',(310.10666992476,66.2,0.));
#1866 = VECTOR('',#1867,1.);
#1867 = DIRECTION('',(0.5,0.866025403784,0.));
#1868 = PCURVE('',#32,#1869);
#1869 = DEFINITIONAL_REPRESENTATION('',(#1870),#1874);
#1870 = LINE('',#1871,#1872);
#1871 = CARTESIAN_POINT('',(92.45941726468,12.944270732487));
#1872 = VECTOR('',#1873,1.);
#1873 = DIRECTION('',(0.5,0.866025403784));
#1874 = ( GEOMETRIC_REPRESENTATION_CONTEXT(2) 
PARAMETRIC_REPRESENTATION_CONTEXT() REPRESENTATION_CONTEXT('2D SPACE',''
  ) );
#1875 = PCURVE('',#1876,#1881);
#1876 = PLANE('',#1877);
#1877 = AXIS2_PLACEMENT_3D('',#1878,#1879,#1880);
#1878 = CARTESIAN_POINT('',(310.10666992476,66.2,0.));
#1879 = DIRECTION('',(-0.866025403784,0.5,0.));
#1880 = DIRECTION('',(0.5,0.866025403784,0.));
#1881 = DEFINITIONAL_REPRESENTATION('',(#1882),#1886);
#1882 = LINE('',#1883,#1884);
#1883 = CARTESIAN_POINT('',(0.,0.));
#1884 = VECTOR('',#1885,1.);
#1885 = DIRECTION('',(1.,0.));
#1886 = ( GEOMETRIC_REPRESENTATION_CONTEXT(2) 
PARAMETRIC_REPRESENTATION_CONTEXT() REPRESENTATION_CONTEXT('2D SPACE',''
  ) );
#1887 = ORIENTED_EDGE('',*,*,#1888,.F.);
#1888 = EDGE_CURVE('',#1889,#1861,#1891,.T.);
#1889 = VERTEX_POINT('',#1890);
#1890 = CARTESIAN_POINT('',(295.55744314118,66.2,0.));
#1891 = SURFACE_CURVE('',#1892,(#1896,#1903),.PCURVE_S1.);
#1892 = LINE('',#1893,#1894);
#1893 = CARTESIAN_POINT('',(295.55744314118,66.2,0.));
#1894 = VECTOR('',#1895,1.);
#1895 = DIRECTION('',(1.,0.,0.));
#1896 = PCURVE('',#32,#1897);
#1897 = DEFINITIONAL_REPRESENTATION('',(#1898),#1902);
#1898 = LINE('',#1899,#1900);
#1899 = CARTESIAN_POINT('',(77.9101904811,12.944270732487));
#1900 = VECTOR('',#1901,1.);
#1901 = DIRECTION('',(1.,0.));
#1902 = ( GEOMETRIC_REPRESENTATION_CONTEXT(2) 
PARAMETRIC_REPRESENTATION_CONTEXT() REPRESENTATION_CONTEXT('2D SPACE',''
  ) );
#1903 = PCURVE('',#1904,#1909);
#1904 = PLANE('',#1905);
#1905 = AXIS2_PLACEMENT_3D('',#1906,#1907,#1908);
#1906 = CARTESIAN_POINT('',(295.55744314118,66.2,0.));
#1907 = DIRECTION('',(0.,1.,0.));
#1908 = DIRECTION('',(1.,0.,0.));
#1909 = DEFINITIONAL_REPRESENTATION('',(#1910),#1914);
#1910 = LINE('',#1911,#1912);
#1911 = CARTESIAN_POINT('',(0.,0.));
#1912 = VECTOR('',#1913,1.);
#1913 = DIRECTION('',(1.,0.));
#1914 = ( GEOMETRIC_REPRESENTATION_CONTEXT(2) 
PARAMETRIC_REPRESENTATION_CONTEXT() REPRESENTATION_CONTEXT('2D SPACE',''
  ) );
#1915 = ORIENTED_EDGE('',*,*,#1916,.F.);
#1916 = EDGE_CURVE('',#1917,#1889,#1919,.T.);
#1917 = VERTEX_POINT('',#1918);
#1918 = CARTESIAN_POINT('',(288.2828297494,78.8,0.));
#1919 = SURFACE_CURVE('',#1920,(#1924,#1931),.PCURVE_S1.);
#1920 = LINE('',#1921,#1922);
#1921 = CARTESIAN_POINT('',(288.2828297494,78.8,0.));
#1922 = VECTOR('',#1923,1.);
#1923 = DIRECTION('',(0.5,-0.866025403784,0.));
#1924 = PCURVE('',#32,#1925);
#1925 = DEFINITIONAL_REPRESENTATION('',(#1926),#1930);
#1926 = LINE('',#1927,#1928);
#1927 = CARTESIAN_POINT('',(70.63557708932,25.544270732487));
#1928 = VECTOR('',#1929,1.);
#1929 = DIRECTION('',(0.5,-0.866025403784));
#1930 = ( GEOMETRIC_REPRESENTATION_CONTEXT(2) 
PARAMETRIC_REPRESENTATION_CONTEXT() REPRESENTATION_CONTEXT('2D SPACE',''
  ) );
#1931 = PCURVE('',#1932,#1937);
#1932 = PLANE('',#1933);
#1933 = AXIS2_PLACEMENT_3D('',#1934,#1935,#1936);
#1934 = CARTESIAN_POINT('',(288.2828297494,78.8,0.));
#1935 = DIRECTION('',(0.866025403784,0.5,-0.));
#1936 = DIRECTION('',(0.5,-0.866025403784,0.));
#1937 = DEFINITIONAL_REPRESENTATION('',(#1938),#1942);
#1938 = LINE('',#1939,#1940);
#1939 = CARTESIAN_POINT('',(0.,0.));
#1940 = VECTOR('',#1941,1.);
#1941 = DIRECTION('',(1.,0.));
#1942 = ( GEOMETRIC_REPRESENTATION_CONTEXT(2) 
PARAMETRIC_REPRESENTATION_CONTEXT() REPRESENTATION_CONTEXT('2D SPACE',''
  ) );
#1943 = ORIENTED_EDGE('',*,*,#1944,.F.);
#1944 = EDGE_CURVE('',#1945,#1917,#1947,.T.);
#1945 = VERTEX_POINT('',#1946);
#1946 = CARTESIAN_POINT('',(295.55744314118,91.4,0.));
#1947 = SURFACE_CURVE('',#1948,(#1952,#1959),.PCURVE_S1.);
#1948 = LINE('',#1949,#1950);
#1949 = CARTESIAN_POINT('',(295.55744314118,91.4,0.));
#1950 = VECTOR('',#1951,1.);
#1951 = DIRECTION('',(-0.5,-0.866025403784,0.));
#1952 = PCURVE('',#32,#1953);
#1953 = DEFINITIONAL_REPRESENTATION('',(#1954),#1958);
#1954 = LINE('',#1955,#1956);
#1955 = CARTESIAN_POINT('',(77.9101904811,38.144270732487));
#1956 = VECTOR('',#1957,1.);
#1957 = DIRECTION('',(-0.5,-0.866025403784));
#1958 = ( GEOMETRIC_REPRESENTATION_CONTEXT(2) 
PARAMETRIC_REPRESENTATION_CONTEXT() REPRESENTATION_CONTEXT('2D SPACE',''
  ) );
#1959 = PCURVE('',#1960,#1965);
#1960 = PLANE('',#1961);
#1961 = AXIS2_PLACEMENT_3D('',#1962,#1963,#1964);
#1962 = CARTESIAN_POINT('',(295.55744314118,91.4,0.));
#1963 = DIRECTION('',(0.866025403784,-0.5,0.));
#1964 = DIRECTION('',(-0.5,-0.866025403784,0.));
#1965 = DEFINITIONAL_REPRESENTATION('',(#1966),#1970);
#1966 = LINE('',#1967,#1968);
#1967 = CARTESIAN_POINT('',(0.,0.));
#1968 = VECTOR('',#1969,1.);
#1969 = DIRECTION('',(1.,0.));
#1970 = ( GEOMETRIC_REPRESENTATION_CONTEXT(2) 
PARAMETRIC_REPRESENTATION_CONTEXT() REPRESENTATION_CONTEXT('2D SPACE',''
  ) );
#1971 = ORIENTED_EDGE('',*,*,#1972,.F.);
#1972 = EDGE_CURVE('',#1833,#1945,#1973,.T.);
#1973 = SURFACE_CURVE('',#1974,(#1978,#1985),.PCURVE_S1.);
#1974 = LINE('',#1975,#1976);
#1975 = CARTESIAN_POINT('',(310.10666992476,91.4,0.));
#1976 = VECTOR('',#1977,1.);
#1977 = DIRECTION('',(-1.,9.767429518139E-16,0.));
#1978 = PCURVE('',#32,#1979);
#1979 = DEFINITIONAL_REPRESENTATION('',(#1980),#1984);
#1980 = LINE('',#1981,#1982);
#1981 = CARTESIAN_POINT('',(92.45941726468,38.144270732487));
#1982 = VECTOR('',#1983,1.);
#1983 = DIRECTION('',(-1.,9.767429518139E-16));
#1984 = ( GEOMETRIC_REPRESENTATION_CONTEXT(2) 
PARAMETRIC_REPRESENTATION_CONTEXT() REPRESENTATION_CONTEXT('2D SPACE',''
  ) );
#1985 = PCURVE('',#1986,#1991);
#1986 = PLANE('',#1987);
#1987 = AXIS2_PLACEMENT_3D('',#1988,#1989,#1990);
#1988 = CARTESIAN_POINT('',(310.10666992476,91.4,0.));
#1989 = DIRECTION('',(-9.767429518139E-16,-1.,0.));
#1990 = DIRECTION('',(-1.,9.767429518139E-16,0.));
#1991 = DEFINITIONAL_REPRESENTATION('',(#1992),#1996);
#1992 = LINE('',#1993,#1994);
#1993 = CARTESIAN_POINT('',(0.,0.));
#1994 = VECTOR('',#1995,1.);
#1995 = DIRECTION('',(1.,0.));
#1996 = ( GEOMETRIC_REPRESENTATION_CONTEXT(2) 
PARAMETRIC_REPRESENTATION_CONTEXT() REPRESENTATION_CONTEXT('2D SPACE',''
  ) );
#1997 = FACE_BOUND('',#1998,.F.);
#1998 = EDGE_LOOP('',(#1999,#2029,#2057,#2085,#2113,#2141));
#1999 = ORIENTED_EDGE('',*,*,#2000,.F.);
#2000 = EDGE_CURVE('',#2001,#2003,#2005,.T.);
#2001 = VERTEX_POINT('',#2002);
#2002 = CARTESIAN_POINT('',(378.34947174298,78.8,0.));
#2003 = VERTEX_POINT('',#2004);
#2004 = CARTESIAN_POINT('',(371.07485835119,91.4,0.));
#2005 = SURFACE_CURVE('',#2006,(#2010,#2017),.PCURVE_S1.);
#2006 = LINE('',#2007,#2008);
#2007 = CARTESIAN_POINT('',(378.34947174298,78.8,0.));
#2008 = VECTOR('',#2009,1.);
#2009 = DIRECTION('',(-0.5,0.866025403784,0.));
#2010 = PCURVE('',#32,#2011);
#2011 = DEFINITIONAL_REPRESENTATION('',(#2012),#2016);
#2012 = LINE('',#2013,#2014);
#2013 = CARTESIAN_POINT('',(160.7022190829,25.544270732487));
#2014 = VECTOR('',#2015,1.);
#2015 = DIRECTION('',(-0.5,0.866025403784));
#2016 = ( GEOMETRIC_REPRESENTATION_CONTEXT(2) 
PARAMETRIC_REPRESENTATION_CONTEXT() REPRESENTATION_CONTEXT('2D SPACE',''
  ) );
#2017 = PCURVE('',#2018,#2023);
#2018 = PLANE('',#2019);
#2019 = AXIS2_PLACEMENT_3D('',#2020,#2021,#2022);
#2020 = CARTESIAN_POINT('',(378.34947174298,78.8,0.));
#2021 = DIRECTION('',(-0.866025403784,-0.5,0.));
#2022 = DIRECTION('',(-0.5,0.866025403784,0.));
#2023 = DEFINITIONAL_REPRESENTATION('',(#2024),#2028);
#2024 = LINE('',#2025,#2026);
#2025 = CARTESIAN_POINT('',(0.,0.));
#2026 = VECTOR('',#2027,1.);
#2027 = DIRECTION('',(1.,0.));
#2028 = ( GEOMETRIC_REPRESENTATION_CONTEXT(2) 
PARAMETRIC_REPRESENTATION_CONTEXT() REPRESENTATION_CONTEXT('2D SPACE',''
  ) );
#2029 = ORIENTED_EDGE('',*,*,#2030,.F.);
#2030 = EDGE_CURVE('',#2031,#2001,#2033,.T.);
#2031 = VERTEX_POINT('',#2032);
#2032 = CARTESIAN_POINT('',(371.07485835119,66.2,0.));
#2033 = SURFACE_CURVE('',#2034,(#2038,#2045),.PCURVE_S1.);
#2034 = LINE('',#2035,#2036);
#2035 = CARTESIAN_POINT('',(371.07485835119,66.2,0.));
#2036 = VECTOR('',#2037,1.);
#2037 = DIRECTION('',(0.5,0.866025403784,0.));
#2038 = PCURVE('',#32,#2039);
#2039 = DEFINITIONAL_REPRESENTATION('',(#2040),#2044);
#2040 = LINE('',#2041,#2042);
#2041 = CARTESIAN_POINT('',(153.42760569111,12.944270732487));
#2042 = VECTOR('',#2043,1.);
#2043 = DIRECTION('',(0.5,0.866025403784));
#2044 = ( GEOMETRIC_REPRESENTATION_CONTEXT(2) 
PARAMETRIC_REPRESENTATION_CONTEXT() REPRESENTATION_CONTEXT('2D SPACE',''
  ) );
#2045 = PCURVE('',#2046,#2051);
#2046 = PLANE('',#2047);
#2047 = AXIS2_PLACEMENT_3D('',#2048,#2049,#2050);
#2048 = CARTESIAN_POINT('',(371.07485835119,66.2,0.));
#2049 = DIRECTION('',(-0.866025403784,0.5,0.));
#2050 = DIRECTION('',(0.5,0.866025403784,0.));
#2051 = DEFINITIONAL_REPRESENTATION('',(#2052),#2056);
#2052 = LINE('',#2053,#2054);
#2053 = CARTESIAN_POINT('',(0.,0.));
#2054 = VECTOR('',#2055,1.);
#2055 = DIRECTION('',(1.,0.));
#2056 = ( GEOMETRIC_REPRESENTATION_CONTEXT(2) 
PARAMETRIC_REPRESENTATION_CONTEXT() REPRESENTATION_CONTEXT('2D SPACE',''
  ) );
#2057 = ORIENTED_EDGE('',*,*,#2058,.F.);
#2058 = EDGE_CURVE('',#2059,#2031,#2061,.T.);
#2059 = VERTEX_POINT('',#2060);
#2060 = CARTESIAN_POINT('',(356.52563156761,66.2,0.));
#2061 = SURFACE_CURVE('',#2062,(#2066,#2073),.PCURVE_S1.);
#2062 = LINE('',#2063,#2064);
#2063 = CARTESIAN_POINT('',(356.52563156761,66.2,0.));
#2064 = VECTOR('',#2065,1.);
#2065 = DIRECTION('',(1.,0.,0.));
#2066 = PCURVE('',#32,#2067);
#2067 = DEFINITIONAL_REPRESENTATION('',(#2068),#2072);
#2068 = LINE('',#2069,#2070);
#2069 = CARTESIAN_POINT('',(138.87837890753,12.944270732487));
#2070 = VECTOR('',#2071,1.);
#2071 = DIRECTION('',(1.,0.));
#2072 = ( GEOMETRIC_REPRESENTATION_CONTEXT(2) 
PARAMETRIC_REPRESENTATION_CONTEXT() REPRESENTATION_CONTEXT('2D SPACE',''
  ) );
#2073 = PCURVE('',#2074,#2079);
#2074 = PLANE('',#2075);
#2075 = AXIS2_PLACEMENT_3D('',#2076,#2077,#2078);
#2076 = CARTESIAN_POINT('',(356.52563156761,66.2,0.));
#2077 = DIRECTION('',(0.,1.,0.));
#2078 = DIRECTION('',(1.,0.,0.));
#2079 = DEFINITIONAL_REPRESENTATION('',(#2080),#2084);
#2080 = LINE('',#2081,#2082);
#2081 = CARTESIAN_POINT('',(0.,0.));
#2082 = VECTOR('',#2083,1.);
#2083 = DIRECTION('',(1.,0.));
#2084 = ( GEOMETRIC_REPRESENTATION_CONTEXT(2) 
PARAMETRIC_REPRESENTATION_CONTEXT() REPRESENTATION_CONTEXT('2D SPACE',''
  ) );
#2085 = ORIENTED_EDGE('',*,*,#2086,.F.);
#2086 = EDGE_CURVE('',#2087,#2059,#2089,.T.);
#2087 = VERTEX_POINT('',#2088);
#2088 = CARTESIAN_POINT('',(349.25101817582,78.8,0.));
#2089 = SURFACE_CURVE('',#2090,(#2094,#2101),.PCURVE_S1.);
#2090 = LINE('',#2091,#2092);
#2091 = CARTESIAN_POINT('',(349.25101817582,78.8,0.));
#2092 = VECTOR('',#2093,1.);
#2093 = DIRECTION('',(0.5,-0.866025403784,0.));
#2094 = PCURVE('',#32,#2095);
#2095 = DEFINITIONAL_REPRESENTATION('',(#2096),#2100);
#2096 = LINE('',#2097,#2098);
#2097 = CARTESIAN_POINT('',(131.60376551574,25.544270732487));
#2098 = VECTOR('',#2099,1.);
#2099 = DIRECTION('',(0.5,-0.866025403784));
#2100 = ( GEOMETRIC_REPRESENTATION_CONTEXT(2) 
PARAMETRIC_REPRESENTATION_CONTEXT() REPRESENTATION_CONTEXT('2D SPACE',''
  ) );
#2101 = PCURVE('',#2102,#2107);
#2102 = PLANE('',#2103);
#2103 = AXIS2_PLACEMENT_3D('',#2104,#2105,#2106);
#2104 = CARTESIAN_POINT('',(349.25101817582,78.8,0.));
#2105 = DIRECTION('',(0.866025403784,0.5,-0.));
#2106 = DIRECTION('',(0.5,-0.866025403784,0.));
#2107 = DEFINITIONAL_REPRESENTATION('',(#2108),#2112);
#2108 = LINE('',#2109,#2110);
#2109 = CARTESIAN_POINT('',(0.,0.));
#2110 = VECTOR('',#2111,1.);
#2111 = DIRECTION('',(1.,0.));
#2112 = ( GEOMETRIC_REPRESENTATION_CONTEXT(2) 
PARAMETRIC_REPRESENTATION_CONTEXT() REPRESENTATION_CONTEXT('2D SPACE',''
  ) );
#2113 = ORIENTED_EDGE('',*,*,#2114,.F.);
#2114 = EDGE_CURVE('',#2115,#2087,#2117,.T.);
#2115 = VERTEX_POINT('',#2116);
#2116 = CARTESIAN_POINT('',(356.52563156761,91.4,0.));
#2117 = SURFACE_CURVE('',#2118,(#2122,#2129),.PCURVE_S1.);
#2118 = LINE('',#2119,#2120);
#2119 = CARTESIAN_POINT('',(356.52563156761,91.4,0.));
#2120 = VECTOR('',#2121,1.);
#2121 = DIRECTION('',(-0.5,-0.866025403784,0.));
#2122 = PCURVE('',#32,#2123);
#2123 = DEFINITIONAL_REPRESENTATION('',(#2124),#2128);
#2124 = LINE('',#2125,#2126);
#2125 = CARTESIAN_POINT('',(138.87837890753,38.144270732487));
#2126 = VECTOR('',#2127,1.);
#2127 = DIRECTION('',(-0.5,-0.866025403784));
#2128 = ( GEOMETRIC_REPRESENTATION_CONTEXT(2) 
PARAMETRIC_REPRESENTATION_CONTEXT() REPRESENTATION_CONTEXT('2D SPACE',''
  ) );
#2129 = PCURVE('',#2130,#2135);
#2130 = PLANE('',#2131);
#2131 = AXIS2_PLACEMENT_3D('',#2132,#2133,#2134);
#2132 = CARTESIAN_POINT('',(356.52563156761,91.4,0.));
#2133 = DIRECTION('',(0.866025403784,-0.5,0.));
#2134 = DIRECTION('',(-0.5,-0.866025403784,0.));
#2135 = DEFINITIONAL_REPRESENTATION('',(#2136),#2140);
#2136 = LINE('',#2137,#2138);
#2137 = CARTESIAN_POINT('',(0.,0.));
#2138 = VECTOR('',#2139,1.);
#2139 = DIRECTION('',(1.,0.));
#2140 = ( GEOMETRIC_REPRESENTATION_CONTEXT(2) 
PARAMETRIC_REPRESENTATION_CONTEXT() REPRESENTATION_CONTEXT('2D SPACE',''
  ) );
#2141 = ORIENTED_EDGE('',*,*,#2142,.F.);
#2142 = EDGE_CURVE('',#2003,#2115,#2143,.T.);
#2143 = SURFACE_CURVE('',#2144,(#2148,#2155),.PCURVE_S1.);
#2144 = LINE('',#2145,#2146);
#2145 = CARTESIAN_POINT('',(371.07485835119,91.4,0.));
#2146 = VECTOR('',#2147,1.);
#2147 = DIRECTION('',(-1.,9.767429518139E-16,0.));
#2148 = PCURVE('',#32,#2149);
#2149 = DEFINITIONAL_REPRESENTATION('',(#2150),#2154);
#2150 = LINE('',#2151,#2152);
#2151 = CARTESIAN_POINT('',(153.42760569111,38.144270732487));
#2152 = VECTOR('',#2153,1.);
#2153 = DIRECTION('',(-1.,9.767429518139E-16));
#2154 = ( GEOMETRIC_REPRESENTATION_CONTEXT(2) 
PARAMETRIC_REPRESENTATION_CONTEXT() REPRESENTATION_CONTEXT('2D SPACE',''
  ) );
#2155 = PCURVE('',#2156,#2161);
#2156 = PLANE('',#2157);
#2157 = AXIS2_PLACEMENT_3D('',#2158,#2159,#2160);
#2158 = CARTESIAN_POINT('',(371.07485835119,91.4,0.));
#2159 = DIRECTION('',(-9.767429518139E-16,-1.,0.));
#2160 = DIRECTION('',(-1.,9.767429518139E-16,0.));
#2161 = DEFINITIONAL_REPRESENTATION('',(#2162),#2166);
#2162 = LINE('',#2163,#2164);
#2163 = CARTESIAN_POINT('',(0.,0.));
#2164 = VECTOR('',#2165,1.);
#2165 = DIRECTION('',(1.,0.));
#2166 = ( GEOMETRIC_REPRESENTATION_CONTEXT(2) 
PARAMETRIC_REPRESENTATION_CONTEXT() REPRESENTATION_CONTEXT('2D SPACE',''
  ) );
#2167 = ADVANCED_FACE('',(#2168),#43,.T.);
#2168 = FACE_BOUND('',#2169,.T.);
#2169 = EDGE_LOOP('',(#2170,#2198,#2224,#2225));
#2170 = ORIENTED_EDGE('',*,*,#2171,.F.);
#2171 = EDGE_CURVE('',#2172,#2174,#2176,.T.);
#2172 = VERTEX_POINT('',#2173);
#2173 = CARTESIAN_POINT('',(207.9625,26.00154174267,12.7));
#2174 = VERTEX_POINT('',#2175);
#2175 = CARTESIAN_POINT('',(207.9625,0.,12.7));
#2176 = SURFACE_CURVE('',#2177,(#2181,#2187),.PCURVE_S1.);
#2177 = LINE('',#2178,#2179);
#2178 = CARTESIAN_POINT('',(207.9625,4.032724084217,12.7));
#2179 = VECTOR('',#2180,1.);
#2180 = DIRECTION('',(0.,-1.,0.));
#2181 = PCURVE('',#43,#2182);
#2182 = DEFINITIONAL_REPRESENTATION('',(#2183),#2186);
#2183 = B_SPLINE_CURVE_WITH_KNOTS('',1,(#2184,#2185),.UNSPECIFIED.,.F.,
  .F.,(2,2),(-22.35035975782,4.032724084217),.PIECEWISE_BEZIER_KNOTS.);
#2184 = CARTESIAN_POINT('',(-6.312886602326,-18.3176356736));
#2185 = CARTESIAN_POINT('',(-6.312886602326,8.065448168434));
#2186 = ( GEOMETRIC_REPRESENTATION_CONTEXT(2) 
PARAMETRIC_REPRESENTATION_CONTEXT() REPRESENTATION_CONTEXT('2D SPACE',''
  ) );
#2187 = PCURVE('',#2188,#2193);
#2188 = PLANE('',#2189);
#2189 = AXIS2_PLACEMENT_3D('',#2190,#2191,#2192);
#2190 = CARTESIAN_POINT('',(0.,0.,12.7));
#2191 = DIRECTION('',(0.,0.,1.));
#2192 = DIRECTION('',(1.,0.,0.));
#2193 = DEFINITIONAL_REPRESENTATION('',(#2194),#2197);
#2194 = B_SPLINE_CURVE_WITH_KNOTS('',1,(#2195,#2196),.UNSPECIFIED.,.F.,
  .F.,(2,2),(-22.35035975782,4.032724084217),.PIECEWISE_BEZIER_KNOTS.);
#2195 = CARTESIAN_POINT('',(207.9625,26.383083842037));
#2196 = CARTESIAN_POINT('',(207.9625,0.));
#2197 = ( GEOMETRIC_REPRESENTATION_CONTEXT(2) 
PARAMETRIC_REPRESENTATION_CONTEXT() REPRESENTATION_CONTEXT('2D SPACE',''
  ) );
#2198 = ORIENTED_EDGE('',*,*,#2199,.F.);
#2199 = EDGE_CURVE('',#22,#2172,#2200,.T.);
#2200 = SURFACE_CURVE('',#2201,(#2205,#2212),.PCURVE_S1.);
#2201 = LINE('',#2202,#2203);
#2202 = CARTESIAN_POINT('',(207.9625,25.558470146194,1.20895408483E-02)
  );
#2203 = VECTOR('',#2204,1.);
#2204 = DIRECTION('',(0.,3.48994967025E-02,0.999390827019));
#2205 = PCURVE('',#43,#2206);
#2206 = DEFINITIONAL_REPRESENTATION('',(#2207),#2211);
#2207 = LINE('',#2208,#2209);
#2208 = CARTESIAN_POINT('',(6.375023856826,-17.49302197776));
#2209 = VECTOR('',#2210,1.);
#2210 = DIRECTION('',(-0.999390827019,-3.48994967025E-02));
#2211 = ( GEOMETRIC_REPRESENTATION_CONTEXT(2) 
PARAMETRIC_REPRESENTATION_CONTEXT() REPRESENTATION_CONTEXT('2D SPACE',''
  ) );
#2212 = PCURVE('',#2213,#2218);
#2213 = CYLINDRICAL_SURFACE('',#2214,0.2);
#2214 = AXIS2_PLACEMENT_3D('',#2215,#2216,#2217);
#2215 = CARTESIAN_POINT('',(207.7625,25.558470146194,1.20895408483E-02)
  );
#2216 = DIRECTION('',(0.,3.48994967025E-02,0.999390827019));
#2217 = DIRECTION('',(1.,0.,-0.));
#2218 = DEFINITIONAL_REPRESENTATION('',(#2219),#2223);
#2219 = LINE('',#2220,#2221);
#2220 = CARTESIAN_POINT('',(0.,0.));
#2221 = VECTOR('',#2222,1.);
#2222 = DIRECTION('',(0.,1.));
#2223 = ( GEOMETRIC_REPRESENTATION_CONTEXT(2) 
PARAMETRIC_REPRESENTATION_CONTEXT() REPRESENTATION_CONTEXT('2D SPACE',''
  ) );
#2224 = ORIENTED_EDGE('',*,*,#21,.T.);
#2225 = ORIENTED_EDGE('',*,*,#2226,.T.);
#2226 = EDGE_CURVE('',#24,#2174,#2227,.T.);
#2227 = SURFACE_CURVE('',#2228,(#2232,#2238),.PCURVE_S1.);
#2228 = LINE('',#2229,#2230);
#2229 = CARTESIAN_POINT('',(207.9625,0.,3.193556698837));
#2230 = VECTOR('',#2231,1.);
#2231 = DIRECTION('',(0.,0.,1.));
#2232 = PCURVE('',#43,#2233);
#2233 = DEFINITIONAL_REPRESENTATION('',(#2234),#2237);
#2234 = B_SPLINE_CURVE_WITH_KNOTS('',1,(#2235,#2236),.UNSPECIFIED.,.F.,
  .F.,(2,2),(-3.193556698837,9.506443301163),.PIECEWISE_BEZIER_KNOTS.);
#2235 = CARTESIAN_POINT('',(6.387113397674,8.065448168434));
#2236 = CARTESIAN_POINT('',(-6.312886602326,8.065448168434));
#2237 = ( GEOMETRIC_REPRESENTATION_CONTEXT(2) 
PARAMETRIC_REPRESENTATION_CONTEXT() REPRESENTATION_CONTEXT('2D SPACE',''
  ) );
#2238 = PCURVE('',#70,#2239);
#2239 = DEFINITIONAL_REPRESENTATION('',(#2240),#2243);
#2240 = B_SPLINE_CURVE_WITH_KNOTS('',1,(#2241,#2242),.UNSPECIFIED.,.F.,
  .F.,(2,2),(-3.193556698837,9.506443301163),.PIECEWISE_BEZIER_KNOTS.);
#2241 = CARTESIAN_POINT('',(207.9625,0.));
#2242 = CARTESIAN_POINT('',(207.9625,-12.7));
#2243 = ( GEOMETRIC_REPRESENTATION_CONTEXT(2) 
PARAMETRIC_REPRESENTATION_CONTEXT() REPRESENTATION_CONTEXT('2D SPACE',''
  ) );
#2244 = ADVANCED_FACE('',(#2245),#591,.F.);
#2245 = FACE_BOUND('',#2246,.F.);
#2246 = EDGE_LOOP('',(#2247,#2248,#2280));
#2247 = ORIENTED_EDGE('',*,*,#533,.F.);
#2248 = ORIENTED_EDGE('',*,*,#2249,.T.);
#2249 = EDGE_CURVE('',#506,#2250,#2252,.T.);
#2250 = VERTEX_POINT('',#2251);
#2251 = CARTESIAN_POINT('',(207.66249999306,25.742151485923,
    0.309067155008));
#2252 = SURFACE_CURVE('',#2253,(#2261,#2268),.PCURVE_S1.);
#2253 = B_SPLINE_CURVE_WITH_KNOTS('',6,(#2254,#2255,#2256,#2257,#2258,
    #2259,#2260),.UNSPECIFIED.,.F.,.F.,(7,7),(0.,1.),
  .PIECEWISE_BEZIER_KNOTS.);
#2254 = CARTESIAN_POINT('',(207.51249998266,26.001800833274,
    -1.110223024625E-16));
#2255 = CARTESIAN_POINT('',(207.5525438988,25.932484993474,
    -1.110223024625E-16));
#2256 = CARTESIAN_POINT('',(207.59258404329,25.86317568238,
    2.562618700803E-02));
#2257 = CARTESIAN_POINT('',(207.6275148405,25.802710628592,
    7.692268342237E-02));
#2258 = CARTESIAN_POINT('',(207.65210734731,25.760141109258,
    0.148270833363));
#2259 = CARTESIAN_POINT('',(207.66371027438,25.740056494377,
    0.229052486999));
#2260 = CARTESIAN_POINT('',(207.66249999306,25.742151485923,
    0.309067155008));
#2261 = PCURVE('',#591,#2262);
#2262 = DEFINITIONAL_REPRESENTATION('',(#2263),#2267);
#2263 = LINE('',#2264,#2265);
#2264 = CARTESIAN_POINT('',(0.,0.));
#2265 = VECTOR('',#2266,1.);
#2266 = DIRECTION('',(1.,0.));
#2267 = ( GEOMETRIC_REPRESENTATION_CONTEXT(2) 
PARAMETRIC_REPRESENTATION_CONTEXT() REPRESENTATION_CONTEXT('2D SPACE',''
  ) );
#2268 = PCURVE('',#521,#2269);
#2269 = DEFINITIONAL_REPRESENTATION('',(#2270),#2279);
#2270 = B_SPLINE_CURVE_WITH_KNOTS('',7,(#2271,#2272,#2273,#2274,#2275,
    #2276,#2277,#2278),.UNSPECIFIED.,.F.,.F.,(8,8),(0.,1.),
  .PIECEWISE_BEZIER_KNOTS.);
#2271 = CARTESIAN_POINT('',(0.,14.210380647054));
#2272 = CARTESIAN_POINT('',(-0.228717825743,14.210380647054));
#2273 = CARTESIAN_POINT('',(-0.457414533703,14.210380647053));
#2274 = CARTESIAN_POINT('',(-0.686207209781,14.210380647055));
#2275 = CARTESIAN_POINT('',(-0.914817570418,14.210380647053));
#2276 = CARTESIAN_POINT('',(-1.143610246493,14.210380647054));
#2277 = CARTESIAN_POINT('',(-1.372306954456,14.210380647054));
#2278 = CARTESIAN_POINT('',(-1.601024780199,14.210380647054));
#2279 = ( GEOMETRIC_REPRESENTATION_CONTEXT(2) 
PARAMETRIC_REPRESENTATION_CONTEXT() REPRESENTATION_CONTEXT('2D SPACE',''
  ) );
#2280 = ORIENTED_EDGE('',*,*,#2281,.T.);
#2281 = EDGE_CURVE('',#2250,#22,#2282,.T.);
#2282 = SURFACE_CURVE('',#2283,(#2314,#2320),.PCURVE_S1.);
#2283 = B_SPLINE_CURVE_WITH_KNOTS('',8,(#2284,#2285,#2286,#2287,#2288,
    #2289,#2290,#2291,#2292,#2293,#2294,#2295,#2296,#2297,#2298,#2299,
    #2300,#2301,#2302,#2303,#2304,#2305,#2306,#2307,#2308,#2309,#2310,
    #2311,#2312,#2313),.UNSPECIFIED.,.F.,.F.,(9,7,7,7,9),(0.,0.125,0.25,
    0.5,1.),.UNSPECIFIED.);
#2284 = CARTESIAN_POINT('',(207.66249999306,25.742151485923,
    0.309067155008));
#2285 = CARTESIAN_POINT('',(207.66816811605,25.745250048313,
    0.304029322833));
#2286 = CARTESIAN_POINT('',(207.67395862998,25.748136752531,
    0.298998888909));
#2287 = CARTESIAN_POINT('',(207.67986228516,25.750806261521,
    0.29397603961));
#2288 = CARTESIAN_POINT('',(207.68586955229,25.753253722235,
    0.288960944407));
#2289 = CARTESIAN_POINT('',(207.69197065411,25.755474783948,
    0.283953755232));
#2290 = CARTESIAN_POINT('',(207.6981555988,25.757465613751,
    0.278954605932));
#2291 = CARTESIAN_POINT('',(207.7044142144,25.759222909131,
    0.273963611833));
#2292 = CARTESIAN_POINT('',(207.71705815402,25.762264905713,
    0.263998126989));
#2293 = CARTESIAN_POINT('',(207.7234435142,25.763549612403,
    0.259023636052));
#2294 = CARTESIAN_POINT('',(207.7298818759,25.764595252993,
    0.254057493486));
#2295 = CARTESIAN_POINT('',(207.73636277735,25.765399606437,
    0.249099776854));
#2296 = CARTESIAN_POINT('',(207.74287568393,25.765961005144,
    0.244150544388));
#2297 = CARTESIAN_POINT('',(207.74940998802,25.766278334973,
    0.239209834995));
#2298 = CARTESIAN_POINT('',(207.75595500917,25.766351035237,
    0.234277668254));
#2299 = CARTESIAN_POINT('',(207.77558996363,25.765835225628,
    0.219506796749));
#2300 = CARTESIAN_POINT('',(207.78867994387,25.764512866615,
    0.20969371856));
#2301 = CARTESIAN_POINT('',(207.8016844579,25.762211877049,
    0.199914814904));
#2302 = CARTESIAN_POINT('',(207.81451807931,25.758941312473,
    0.190169769553));
#2303 = CARTESIAN_POINT('',(207.82709655917,25.754719126737,
    0.180457955545));
#2304 = CARTESIAN_POINT('',(207.83933795347,25.749571870124,
    0.170778445724));
#2305 = CARTESIAN_POINT('',(207.85116375016,25.743534387506,
    0.16113002328));
#2306 = CARTESIAN_POINT('',(207.88517248928,25.722879774413,
    0.132273530315));
#2307 = CARTESIAN_POINT('',(207.90588672741,25.705720301127,
    0.113154240361));
#2308 = CARTESIAN_POINT('',(207.92405072877,25.685512671287,
    9.414139437897E-02));
#2309 = CARTESIAN_POINT('',(207.93914410293,25.662722353764,
    7.521873783865E-02));
#2310 = CARTESIAN_POINT('',(207.95075047148,25.637920038962,
    5.636634179127E-02));
#2311 = CARTESIAN_POINT('',(207.95858348996,25.611751446709,
    3.756165720398E-02));
#2312 = CARTESIAN_POINT('',(207.9625,25.584899708225,1.87808286087E-02)
  );
#2313 = CARTESIAN_POINT('',(207.9625,25.558047970125,-1.752070710737E-16
    ));
#2314 = PCURVE('',#591,#2315);
#2315 = DEFINITIONAL_REPRESENTATION('',(#2316),#2319);
#2316 = B_SPLINE_CURVE_WITH_KNOTS('',1,(#2317,#2318),.UNSPECIFIED.,.F.,
  .F.,(2,2),(0.,1.),.PIECEWISE_BEZIER_KNOTS.);
#2317 = CARTESIAN_POINT('',(1.,0.));
#2318 = CARTESIAN_POINT('',(1.,1.));
#2319 = ( GEOMETRIC_REPRESENTATION_CONTEXT(2) 
PARAMETRIC_REPRESENTATION_CONTEXT() REPRESENTATION_CONTEXT('2D SPACE',''
  ) );
#2320 = PCURVE('',#2213,#2321);
#2321 = DEFINITIONAL_REPRESENTATION('',(#2322),#2325);
#2322 = B_SPLINE_CURVE_WITH_KNOTS('',1,(#2323,#2324),.UNSPECIFIED.,.F.,
  .F.,(2,2),(0.,1.),.PIECEWISE_BEZIER_KNOTS.);
#2323 = CARTESIAN_POINT('',(2.094395142425,0.303207089731));
#2324 = CARTESIAN_POINT('',(0.,-1.209690995899E-02));
#2325 = ( GEOMETRIC_REPRESENTATION_CONTEXT(2) 
PARAMETRIC_REPRESENTATION_CONTEXT() REPRESENTATION_CONTEXT('2D SPACE',''
  ) );
#2326 = ADVANCED_FACE('',(#2327),#70,.F.);
#2327 = FACE_BOUND('',#2328,.F.);
#2328 = EDGE_LOOP('',(#2329,#2330,#2331,#2354));
#2329 = ORIENTED_EDGE('',*,*,#54,.F.);
#2330 = ORIENTED_EDGE('',*,*,#2226,.T.);
#2331 = ORIENTED_EDGE('',*,*,#2332,.T.);
#2332 = EDGE_CURVE('',#2174,#2333,#2335,.T.);
#2333 = VERTEX_POINT('',#2334);
#2334 = CARTESIAN_POINT('',(403.225,0.,12.7));
#2335 = SURFACE_CURVE('',#2336,(#2340,#2347),.PCURVE_S1.);
#2336 = LINE('',#2337,#2338);
#2337 = CARTESIAN_POINT('',(0.,0.,12.7));
#2338 = VECTOR('',#2339,1.);
#2339 = DIRECTION('',(1.,0.,0.));
#2340 = PCURVE('',#70,#2341);
#2341 = DEFINITIONAL_REPRESENTATION('',(#2342),#2346);
#2342 = LINE('',#2343,#2344);
#2343 = CARTESIAN_POINT('',(0.,-12.7));
#2344 = VECTOR('',#2345,1.);
#2345 = DIRECTION('',(1.,0.));
#2346 = ( GEOMETRIC_REPRESENTATION_CONTEXT(2) 
PARAMETRIC_REPRESENTATION_CONTEXT() REPRESENTATION_CONTEXT('2D SPACE',''
  ) );
#2347 = PCURVE('',#2188,#2348);
#2348 = DEFINITIONAL_REPRESENTATION('',(#2349),#2353);
#2349 = LINE('',#2350,#2351);
#2350 = CARTESIAN_POINT('',(0.,0.));
#2351 = VECTOR('',#2352,1.);
#2352 = DIRECTION('',(1.,0.));
#2353 = ( GEOMETRIC_REPRESENTATION_CONTEXT(2) 
PARAMETRIC_REPRESENTATION_CONTEXT() REPRESENTATION_CONTEXT('2D SPACE',''
  ) );
#2354 = ORIENTED_EDGE('',*,*,#2355,.F.);
#2355 = EDGE_CURVE('',#55,#2333,#2356,.T.);
#2356 = SURFACE_CURVE('',#2357,(#2361,#2368),.PCURVE_S1.);
#2357 = LINE('',#2358,#2359);
#2358 = CARTESIAN_POINT('',(403.225,0.,0.));
#2359 = VECTOR('',#2360,1.);
#2360 = DIRECTION('',(0.,0.,1.));
#2361 = PCURVE('',#70,#2362);
#2362 = DEFINITIONAL_REPRESENTATION('',(#2363),#2367);
#2363 = LINE('',#2364,#2365);
#2364 = CARTESIAN_POINT('',(403.225,0.));
#2365 = VECTOR('',#2366,1.);
#2366 = DIRECTION('',(0.,-1.));
#2367 = ( GEOMETRIC_REPRESENTATION_CONTEXT(2) 
PARAMETRIC_REPRESENTATION_CONTEXT() REPRESENTATION_CONTEXT('2D SPACE',''
  ) );
#2368 = PCURVE('',#98,#2369);
#2369 = DEFINITIONAL_REPRESENTATION('',(#2370),#2374);
#2370 = LINE('',#2371,#2372);
#2371 = CARTESIAN_POINT('',(0.,0.));
#2372 = VECTOR('',#2373,1.);
#2373 = DIRECTION('',(0.,-1.));
#2374 = ( GEOMETRIC_REPRESENTATION_CONTEXT(2) 
PARAMETRIC_REPRESENTATION_CONTEXT() REPRESENTATION_CONTEXT('2D SPACE',''
  ) );
#2375 = ADVANCED_FACE('',(#2376),#521,.T.);
#2376 = FACE_BOUND('',#2377,.F.);
#2377 = EDGE_LOOP('',(#2378,#2379,#2419,#2445));
#2378 = ORIENTED_EDGE('',*,*,#505,.F.);
#2379 = ORIENTED_EDGE('',*,*,#2380,.T.);
#2380 = EDGE_CURVE('',#478,#2381,#2383,.T.);
#2381 = VERTEX_POINT('',#2382);
#2382 = CARTESIAN_POINT('',(195.8125000104,18.896379914461,
    0.309067155008));
#2383 = SURFACE_CURVE('',#2384,(#2389,#2396),.PCURVE_S1.);
#2384 = CIRCLE('',#2385,0.3);
#2385 = AXIS2_PLACEMENT_3D('',#2386,#2387,#2388);
#2386 = CARTESIAN_POINT('',(195.6625,19.156029261813,0.3));
#2387 = DIRECTION('',(-0.865893403497,-0.50022856154,-8.795779855002E-14
    ));
#2388 = DIRECTION('',(9.473903143468E-14,1.184237892934E-14,-1.));
#2389 = PCURVE('',#521,#2390);
#2390 = DEFINITIONAL_REPRESENTATION('',(#2391),#2395);
#2391 = LINE('',#2392,#2393);
#2392 = CARTESIAN_POINT('',(-0.,0.5250933648));
#2393 = VECTOR('',#2394,1.);
#2394 = DIRECTION('',(-1.,1.525579544042E-14));
#2395 = ( GEOMETRIC_REPRESENTATION_CONTEXT(2) 
PARAMETRIC_REPRESENTATION_CONTEXT() REPRESENTATION_CONTEXT('2D SPACE',''
  ) );
#2396 = PCURVE('',#2397,#2402);
#2397 = SPHERICAL_SURFACE('',#2398,0.3);
#2398 = AXIS2_PLACEMENT_3D('',#2399,#2400,#2401);
#2399 = CARTESIAN_POINT('',(195.6625,19.156029261813,0.3));
#2400 = DIRECTION('',(1.,-1.184237892934E-14,-7.401486830835E-16));
#2401 = DIRECTION('',(-7.401486830833E-16,1.184237892934E-14,-1.));
#2402 = DEFINITIONAL_REPRESENTATION('',(#2403),#2418);
#2403 = B_SPLINE_CURVE_WITH_KNOTS('',7,(#2404,#2405,#2406,#2407,#2408,
    #2409,#2410,#2411,#2412,#2413,#2414,#2415,#2416,#2417),
  .UNSPECIFIED.,.F.,.F.,(8,6,8),(0.,0.800512390099,1.601024780199),
  .UNSPECIFIED.);
#2404 = CARTESIAN_POINT('',(0.,9.473903143468E-14));
#2405 = CARTESIAN_POINT('',(-9.902262828637E-02,5.7205594485E-02));
#2406 = CARTESIAN_POINT('',(-0.198044205335,0.114412119873));
#2407 = CARTESIAN_POINT('',(-0.298129777713,0.170698098717));
#2408 = CARTESIAN_POINT('',(-0.400320470634,0.225159618948));
#2409 = CARTESIAN_POINT('',(-0.505645802086,0.276805628865));
#2410 = CARTESIAN_POINT('',(-0.614965417916,0.324538270019));
#2411 = CARTESIAN_POINT('',(-0.842315077807,0.409898226015));
#2412 = CARTESIAN_POINT('',(-0.960346145084,0.447526965725));
#2413 = CARTESIAN_POINT('',(-1.083079262316,0.478968240985));
#2414 = CARTESIAN_POINT('',(-1.210411676749,0.503083445722));
#2415 = CARTESIAN_POINT('',(-1.341289613183,0.518785572118));
#2416 = CARTESIAN_POINT('',(-1.473672734683,0.525595262086));
#2417 = CARTESIAN_POINT('',(-1.605702911835,0.52359881563));
#2418 = ( GEOMETRIC_REPRESENTATION_CONTEXT(2) 
PARAMETRIC_REPRESENTATION_CONTEXT() REPRESENTATION_CONTEXT('2D SPACE',''
  ) );
#2419 = ORIENTED_EDGE('',*,*,#2420,.T.);
#2420 = EDGE_CURVE('',#2381,#2250,#2421,.T.);
#2421 = SURFACE_CURVE('',#2422,(#2426,#2433),.PCURVE_S1.);
#2422 = LINE('',#2423,#2424);
#2423 = CARTESIAN_POINT('',(195.3578251296,18.633713215913,
    0.309067155008));
#2424 = VECTOR('',#2425,1.);
#2425 = DIRECTION('',(0.865893403497,0.50022856154,-0.));
#2426 = PCURVE('',#521,#2427);
#2427 = DEFINITIONAL_REPRESENTATION('',(#2428),#2432);
#2428 = LINE('',#2429,#2430);
#2429 = CARTESIAN_POINT('',(-1.601024780199,0.));
#2430 = VECTOR('',#2431,1.);
#2431 = DIRECTION('',(-0.,1.));
#2432 = ( GEOMETRIC_REPRESENTATION_CONTEXT(2) 
PARAMETRIC_REPRESENTATION_CONTEXT() REPRESENTATION_CONTEXT('2D SPACE',''
  ) );
#2433 = PCURVE('',#2434,#2439);
#2434 = PLANE('',#2435);
#2435 = AXIS2_PLACEMENT_3D('',#2436,#2437,#2438);
#2436 = CARTESIAN_POINT('',(201.6625,22.486892054349,6.35));
#2437 = DIRECTION('',(0.500000034668,-0.865497824504,3.022385002512E-02)
  );
#2438 = DIRECTION('',(-0.865893403497,-0.50022856154,-2.298954908073E-19
    ));
#2439 = DEFINITIONAL_REPRESENTATION('',(#2440),#2444);
#2440 = LINE('',#2441,#2442);
#2441 = CARTESIAN_POINT('',(7.38664648918,6.04369387577));
#2442 = VECTOR('',#2443,1.);
#2443 = DIRECTION('',(-1.,-1.795898810214E-19));
#2444 = ( GEOMETRIC_REPRESENTATION_CONTEXT(2) 
PARAMETRIC_REPRESENTATION_CONTEXT() REPRESENTATION_CONTEXT('2D SPACE',''
  ) );
#2445 = ORIENTED_EDGE('',*,*,#2249,.F.);
#2446 = ADVANCED_FACE('',(#2447),#98,.F.);
#2447 = FACE_BOUND('',#2448,.F.);
#2448 = EDGE_LOOP('',(#2449,#2450,#2451,#2472));
#2449 = ORIENTED_EDGE('',*,*,#82,.F.);
#2450 = ORIENTED_EDGE('',*,*,#2355,.T.);
#2451 = ORIENTED_EDGE('',*,*,#2452,.T.);
#2452 = EDGE_CURVE('',#2333,#2453,#2455,.T.);
#2453 = VERTEX_POINT('',#2454);
#2454 = CARTESIAN_POINT('',(403.225,152.4,12.7));
#2455 = SURFACE_CURVE('',#2456,(#2460,#2466),.PCURVE_S1.);
#2456 = LINE('',#2457,#2458);
#2457 = CARTESIAN_POINT('',(403.225,0.,12.7));
#2458 = VECTOR('',#2459,1.);
#2459 = DIRECTION('',(0.,1.,-0.));
#2460 = PCURVE('',#98,#2461);
#2461 = DEFINITIONAL_REPRESENTATION('',(#2462),#2465);
#2462 = B_SPLINE_CURVE_WITH_KNOTS('',1,(#2463,#2464),.UNSPECIFIED.,.F.,
  .F.,(2,2),(0.,152.4),.PIECEWISE_BEZIER_KNOTS.);
#2463 = CARTESIAN_POINT('',(0.,-12.7));
#2464 = CARTESIAN_POINT('',(152.4,-12.7));
#2465 = ( GEOMETRIC_REPRESENTATION_CONTEXT(2) 
PARAMETRIC_REPRESENTATION_CONTEXT() REPRESENTATION_CONTEXT('2D SPACE',''
  ) );
#2466 = PCURVE('',#2188,#2467);
#2467 = DEFINITIONAL_REPRESENTATION('',(#2468),#2471);
#2468 = B_SPLINE_CURVE_WITH_KNOTS('',1,(#2469,#2470),.UNSPECIFIED.,.F.,
  .F.,(2,2),(0.,152.4),.PIECEWISE_BEZIER_KNOTS.);
#2469 = CARTESIAN_POINT('',(403.225,0.));
#2470 = CARTESIAN_POINT('',(403.225,152.4));
#2471 = ( GEOMETRIC_REPRESENTATION_CONTEXT(2) 
PARAMETRIC_REPRESENTATION_CONTEXT() REPRESENTATION_CONTEXT('2D SPACE',''
  ) );
#2472 = ORIENTED_EDGE('',*,*,#2473,.F.);
#2473 = EDGE_CURVE('',#83,#2453,#2474,.T.);
#2474 = SURFACE_CURVE('',#2475,(#2479,#2486),.PCURVE_S1.);
#2475 = LINE('',#2476,#2477);
#2476 = CARTESIAN_POINT('',(403.225,152.4,0.));
#2477 = VECTOR('',#2478,1.);
#2478 = DIRECTION('',(0.,0.,1.));
#2479 = PCURVE('',#98,#2480);
#2480 = DEFINITIONAL_REPRESENTATION('',(#2481),#2485);
#2481 = LINE('',#2482,#2483);
#2482 = CARTESIAN_POINT('',(152.4,0.));
#2483 = VECTOR('',#2484,1.);
#2484 = DIRECTION('',(0.,-1.));
#2485 = ( GEOMETRIC_REPRESENTATION_CONTEXT(2) 
PARAMETRIC_REPRESENTATION_CONTEXT() REPRESENTATION_CONTEXT('2D SPACE',''
  ) );
#2486 = PCURVE('',#131,#2487);
#2487 = DEFINITIONAL_REPRESENTATION('',(#2488),#2492);
#2488 = LINE('',#2489,#2490);
#2489 = CARTESIAN_POINT('',(0.317560429292,0.));
#2490 = VECTOR('',#2491,1.);
#2491 = DIRECTION('',(0.,-1.));
#2492 = ( GEOMETRIC_REPRESENTATION_CONTEXT(2) 
PARAMETRIC_REPRESENTATION_CONTEXT() REPRESENTATION_CONTEXT('2D SPACE',''
  ) );
#2493 = ADVANCED_FACE('',(#2494),#493,.T.);
#2494 = FACE_BOUND('',#2495,.F.);
#2495 = EDGE_LOOP('',(#2496,#2497,#2535,#2563));
#2496 = ORIENTED_EDGE('',*,*,#477,.F.);
#2497 = ORIENTED_EDGE('',*,*,#2498,.T.);
#2498 = EDGE_CURVE('',#450,#2499,#2501,.T.);
#2499 = VERTEX_POINT('',#2500);
#2500 = CARTESIAN_POINT('',(195.3625,71.314089198188,0.3));
#2501 = SURFACE_CURVE('',#2502,(#2507,#2514),.PCURVE_S1.);
#2502 = CIRCLE('',#2503,0.3);
#2503 = AXIS2_PLACEMENT_3D('',#2504,#2505,#2506);
#2504 = CARTESIAN_POINT('',(195.6625,71.314089198188,0.3));
#2505 = DIRECTION('',(0.,1.,0.));
#2506 = DIRECTION('',(9.473903143468E-14,0.,-1.));
#2507 = PCURVE('',#493,#2508);
#2508 = DEFINITIONAL_REPRESENTATION('',(#2509),#2513);
#2509 = LINE('',#2510,#2511);
#2510 = CARTESIAN_POINT('',(-0.,0.53040822566));
#2511 = VECTOR('',#2512,1.);
#2512 = DIRECTION('',(-1.,2.120369787642E-16));
#2513 = ( GEOMETRIC_REPRESENTATION_CONTEXT(2) 
PARAMETRIC_REPRESENTATION_CONTEXT() REPRESENTATION_CONTEXT('2D SPACE',''
  ) );
#2514 = PCURVE('',#2515,#2520);
#2515 = SPHERICAL_SURFACE('',#2516,0.3);
#2516 = AXIS2_PLACEMENT_3D('',#2517,#2518,#2519);
#2517 = CARTESIAN_POINT('',(195.6625,71.314089198188,0.3));
#2518 = DIRECTION('',(-0.500000034668,-0.865497824504,-3.02238500251E-02
    ));
#2519 = DIRECTION('',(1.511883302233E-02,2.617063236498E-02,
    -0.999543155091));
#2520 = DEFINITIONAL_REPRESENTATION('',(#2521),#2534);
#2521 = B_SPLINE_CURVE_WITH_KNOTS('',6,(#2522,#2523,#2524,#2525,#2526,
    #2527,#2528,#2529,#2530,#2531,#2532,#2533),.UNSPECIFIED.,.F.,.F.,(7,
    5,7),(0.,0.785398163397,1.570796326795),.UNSPECIFIED.);
#2522 = CARTESIAN_POINT('',(-1.110223024625E-16,3.022845340356E-02));
#2523 = CARTESIAN_POINT('',(-0.113396986303,9.570821898898E-02));
#2524 = CARTESIAN_POINT('',(-0.227331774212,0.160723030123));
#2525 = CARTESIAN_POINT('',(-0.343562862073,0.223745830215));
#2526 = CARTESIAN_POINT('',(-0.463779771614,0.283258467553));
#2527 = CARTESIAN_POINT('',(-0.589602222769,0.337411893072));
#2528 = CARTESIAN_POINT('',(-0.853249396611,0.431219644385));
#2529 = CARTESIAN_POINT('',(-0.991078951479,0.470870165252));
#2530 = CARTESIAN_POINT('',(-1.135275482141,0.501426538801));
#2531 = CARTESIAN_POINT('',(-1.285185159983,0.520884680758));
#2532 = CARTESIAN_POINT('',(-1.437197064675,0.528167149066));
#2533 = CARTESIAN_POINT('',(-1.588254938722,0.52359881563));
#2534 = ( GEOMETRIC_REPRESENTATION_CONTEXT(2) 
PARAMETRIC_REPRESENTATION_CONTEXT() REPRESENTATION_CONTEXT('2D SPACE',''
  ) );
#2535 = ORIENTED_EDGE('',*,*,#2536,.T.);
#2536 = EDGE_CURVE('',#2499,#2537,#2539,.T.);
#2537 = VERTEX_POINT('',#2538);
#2538 = CARTESIAN_POINT('',(195.3625,19.156029261813,0.3));
#2539 = SURFACE_CURVE('',#2540,(#2544,#2551),.PCURVE_S1.);
#2540 = LINE('',#2541,#2542);
#2541 = CARTESIAN_POINT('',(195.3625,71.844497423848,0.3));
#2542 = VECTOR('',#2543,1.);
#2543 = DIRECTION('',(0.,-1.,0.));
#2544 = PCURVE('',#493,#2545);
#2545 = DEFINITIONAL_REPRESENTATION('',(#2546),#2550);
#2546 = LINE('',#2547,#2548);
#2547 = CARTESIAN_POINT('',(-1.570796326795,0.));
#2548 = VECTOR('',#2549,1.);
#2549 = DIRECTION('',(-0.,1.));
#2550 = ( GEOMETRIC_REPRESENTATION_CONTEXT(2) 
PARAMETRIC_REPRESENTATION_CONTEXT() REPRESENTATION_CONTEXT('2D SPACE',''
  ) );
#2551 = PCURVE('',#2552,#2557);
#2552 = PLANE('',#2553);
#2553 = AXIS2_PLACEMENT_3D('',#2554,#2555,#2556);
#2554 = CARTESIAN_POINT('',(195.3625,45.23505923,6.294090519716));
#2555 = DIRECTION('',(-1.,-0.,-0.));
#2556 = DIRECTION('',(0.,0.,-1.));
#2557 = DEFINITIONAL_REPRESENTATION('',(#2558),#2562);
#2558 = LINE('',#2559,#2560);
#2559 = CARTESIAN_POINT('',(5.994090519716,-26.60943819384));
#2560 = VECTOR('',#2561,1.);
#2561 = DIRECTION('',(0.,1.));
#2562 = ( GEOMETRIC_REPRESENTATION_CONTEXT(2) 
PARAMETRIC_REPRESENTATION_CONTEXT() REPRESENTATION_CONTEXT('2D SPACE',''
  ) );
#2563 = ORIENTED_EDGE('',*,*,#2564,.T.);
#2564 = EDGE_CURVE('',#2537,#478,#2565,.T.);
#2565 = SURFACE_CURVE('',#2566,(#2571,#2577),.PCURVE_S1.);
#2566 = CIRCLE('',#2567,0.3);
#2567 = AXIS2_PLACEMENT_3D('',#2568,#2569,#2570);
#2568 = CARTESIAN_POINT('',(195.6625,19.156029261813,0.3));
#2569 = DIRECTION('',(-1.184237892934E-14,-1.,-1.184237892934E-14));
#2570 = DIRECTION('',(-7.401486830833E-16,1.184237892934E-14,-1.));
#2571 = PCURVE('',#493,#2572);
#2572 = DEFINITIONAL_REPRESENTATION('',(#2573),#2576);
#2573 = B_SPLINE_CURVE_WITH_KNOTS('',1,(#2574,#2575),.UNSPECIFIED.,.F.,
  .F.,(2,2),(4.712388980385,6.28318530718),.PIECEWISE_BEZIER_KNOTS.);
#2574 = CARTESIAN_POINT('',(-1.570796326795,52.688468162035));
#2575 = CARTESIAN_POINT('',(9.503509090791E-14,52.688468162035));
#2576 = ( GEOMETRIC_REPRESENTATION_CONTEXT(2) 
PARAMETRIC_REPRESENTATION_CONTEXT() REPRESENTATION_CONTEXT('2D SPACE',''
  ) );
#2577 = PCURVE('',#2397,#2578);
#2578 = DEFINITIONAL_REPRESENTATION('',(#2579),#2582);
#2579 = B_SPLINE_CURVE_WITH_KNOTS('',1,(#2580,#2581),.UNSPECIFIED.,.F.,
  .F.,(2,2),(4.712388980385,6.28318530718),.PIECEWISE_BEZIER_KNOTS.);
#2580 = CARTESIAN_POINT('',(0.,-1.570796326795));
#2581 = CARTESIAN_POINT('',(0.,9.503509090791E-14));
#2582 = ( GEOMETRIC_REPRESENTATION_CONTEXT(2) 
PARAMETRIC_REPRESENTATION_CONTEXT() REPRESENTATION_CONTEXT('2D SPACE',''
  ) );
#2583 = ADVANCED_FACE('',(#2584),#131,.F.);
#2584 = FACE_BOUND('',#2585,.F.);
#2585 = EDGE_LOOP('',(#2586,#2587,#2588,#2755));
#2586 = ORIENTED_EDGE('',*,*,#110,.F.);
#2587 = ORIENTED_EDGE('',*,*,#2473,.T.);
#2588 = ORIENTED_EDGE('',*,*,#2589,.F.);
#2589 = EDGE_CURVE('',#2590,#2453,#2592,.T.);
#2590 = VERTEX_POINT('',#2591);
#2591 = CARTESIAN_POINT('',(207.9625,90.410196957194,12.7));
#2592 = SURFACE_CURVE('',#2593,(#2645,#2700),.PCURVE_S1.);
#2593 = B_SPLINE_CURVE_WITH_KNOTS('',8,(#2594,#2595,#2596,#2597,#2598,
    #2599,#2600,#2601,#2602,#2603,#2604,#2605,#2606,#2607,#2608,#2609,
    #2610,#2611,#2612,#2613,#2614,#2615,#2616,#2617,#2618,#2619,#2620,
    #2621,#2622,#2623,#2624,#2625,#2626,#2627,#2628,#2629,#2630,#2631,
    #2632,#2633,#2634,#2635,#2636,#2637,#2638,#2639,#2640,#2641,#2642,
    #2643,#2644),.UNSPECIFIED.,.F.,.F.,(9,7,7,7,7,7,7,9),(0.,
    0.213683802857,0.419775631631,0.60751072154,0.770858336379,
    0.867872563734,0.94940045527,1.),.UNSPECIFIED.);
#2594 = CARTESIAN_POINT('',(-4.38927617708E-11,76.2,12.7));
#2595 = CARTESIAN_POINT('',(11.093899923116,76.2,12.7));
#2596 = CARTESIAN_POINT('',(22.187766370482,76.286504351476,12.7));
#2597 = CARTESIAN_POINT('',(33.280858547151,76.459511354054,12.7));
#2598 = CARTESIAN_POINT('',(44.372395004459,76.719367138886,12.7));
#2599 = CARTESIAN_POINT('',(55.461553709316,77.066759510801,12.7));
#2600 = CARTESIAN_POINT('',(66.547471420915,77.502734292548,12.7));
#2601 = CARTESIAN_POINT('',(77.629242374833,78.028734171142,12.7));
#2602 = CARTESIAN_POINT('',(99.389046910581,79.242631626526,12.7));
#2603 = CARTESIAN_POINT('',(110.06734283196,79.924108076178,12.7));
#2604 = CARTESIAN_POINT('',(120.73999038733,80.692795895866,12.7));
#2605 = CARTESIAN_POINT('',(131.40602988724,81.550794456941,12.7));
#2606 = CARTESIAN_POINT('',(142.06435047046,82.500650921073,12.7));
#2607 = CARTESIAN_POINT('',(152.71368384884,83.545429728161,12.7));
#2608 = CARTESIAN_POINT('',(163.35259343489,84.688834397755,12.7));
#2609 = CARTESIAN_POINT('',(183.65977548379,87.07097021057,12.7));
#2610 = CARTESIAN_POINT('',(193.32990098246,88.292115783537,12.7));
#2611 = CARTESIAN_POINT('',(202.9887205826,89.602309041927,12.7));
#2612 = CARTESIAN_POINT('',(212.6347833364,91.005562729818,12.7));
#2613 = CARTESIAN_POINT('',(222.26627524077,92.506593359853,12.7));
#2614 = CARTESIAN_POINT('',(231.88099528891,94.110973940616,12.7));
#2615 = CARTESIAN_POINT('',(241.47630884073,95.825431902012,12.7));
#2616 = CARTESIAN_POINT('',(259.37826865579,99.253312409417,12.7));
#2617 = CARTESIAN_POINT('',(267.68987026017,100.93783782429,12.7));
#2618 = CARTESIAN_POINT('',(275.98214817103,102.71762856028,12.7));
#2619 = CARTESIAN_POINT('',(284.2525628622,104.59923790039,12.7));
#2620 = CARTESIAN_POINT('',(292.49769380766,106.59037232105,12.7));
#2621 = CARTESIAN_POINT('',(300.71311833848,108.70037540301,12.7));
#2622 = CARTESIAN_POINT('',(308.89328310997,110.9407553632,12.7));
#2623 = CARTESIAN_POINT('',(321.86416991386,114.74429140918,12.7));
#2624 = CARTESIAN_POINT('',(326.68201474165,116.21291081111,12.7));
#2625 = CARTESIAN_POINT('',(331.4831888781,117.73617682961,12.7));
#2626 = CARTESIAN_POINT('',(336.26582220495,119.31777805222,12.7));
#2627 = CARTESIAN_POINT('',(341.0275181814,120.9619568204,12.7));
#2628 = CARTESIAN_POINT('',(345.76530671892,122.67364521411,12.7));
#2629 = CARTESIAN_POINT('',(350.47554526889,124.45875037222,12.7));
#2630 = CARTESIAN_POINT('',(359.08510827199,127.89286653839,12.7));
#2631 = CARTESIAN_POINT('',(362.9932202662,129.51786273318,12.7));
#2632 = CARTESIAN_POINT('',(366.87582224248,131.20430872558,12.7));
#2633 = CARTESIAN_POINT('',(370.72960870368,132.95735855368,12.7));
#2634 = CARTESIAN_POINT('',(374.55012138585,134.78289813892,12.7));
#2635 = CARTESIAN_POINT('',(378.331571066,136.6879058076,12.7));
#2636 = CARTESIAN_POINT('',(382.06665826451,138.68082471402,12.7));
#2637 = CARTESIAN_POINT('',(388.02934571533,142.07149548404,12.7));
#2638 = CARTESIAN_POINT('',(390.29084956094,143.40796755409,12.7));
#2639 = CARTESIAN_POINT('',(392.52828307925,144.78519922835,12.7));
#2640 = CARTESIAN_POINT('',(394.73880422656,146.20617167035,12.7));
#2641 = CARTESIAN_POINT('',(396.91876726624,147.67415917973,12.7));
#2642 = CARTESIAN_POINT('',(399.06366502215,149.19281451176,12.7));
#2643 = CARTESIAN_POINT('',(401.16799913293,150.76636046146,12.7));
#2644 = CARTESIAN_POINT('',(403.22499999999,152.4,12.7));
#2645 = PCURVE('',#131,#2646);
#2646 = DEFINITIONAL_REPRESENTATION('',(#2647),#2699);
#2647 = B_SPLINE_CURVE_WITH_KNOTS('',8,(#2648,#2649,#2650,#2651,#2652,
    #2653,#2654,#2655,#2656,#2657,#2658,#2659,#2660,#2661,#2662,#2663,
    #2664,#2665,#2666,#2667,#2668,#2669,#2670,#2671,#2672,#2673,#2674,
    #2675,#2676,#2677,#2678,#2679,#2680,#2681,#2682,#2683,#2684,#2685,
    #2686,#2687,#2688,#2689,#2690,#2691,#2692,#2693,#2694,#2695,#2696,
    #2697,#2698),.UNSPECIFIED.,.F.,.F.,(9,7,7,7,7,7,7,9),(0.,
    0.213683802857,0.419775631631,0.60751072154,0.770858336379,
    0.867872563734,0.94940045527,1.),.UNSPECIFIED.);
#2648 = CARTESIAN_POINT('',(1.570796326795,-12.7));
#2649 = CARTESIAN_POINT('',(1.544659046301,-12.7));
#2650 = CARTESIAN_POINT('',(1.518521841687,-12.7));
#2651 = CARTESIAN_POINT('',(1.492359262883,-12.7));
#2652 = CARTESIAN_POINT('',(1.466145920387,-12.7));
#2653 = CARTESIAN_POINT('',(1.439856056602,-12.7));
#2654 = CARTESIAN_POINT('',(1.413463026379,-12.7));
#2655 = CARTESIAN_POINT('',(1.386938686774,-12.7));
#2656 = CARTESIAN_POINT('',(1.334514832101,-12.7));
#2657 = CARTESIAN_POINT('',(1.308626822389,-12.7));
#2658 = CARTESIAN_POINT('',(1.282561338381,-12.7));
#2659 = CARTESIAN_POINT('',(1.256289387134,-12.7));
#2660 = CARTESIAN_POINT('',(1.229779626342,-12.7));
#2661 = CARTESIAN_POINT('',(1.202997611253,-12.7));
#2662 = CARTESIAN_POINT('',(1.175904635672,-12.7));
#2663 = CARTESIAN_POINT('',(1.123451906784,-12.7));
#2664 = CARTESIAN_POINT('',(1.098153231685,-12.7));
#2665 = CARTESIAN_POINT('',(1.072525584775,-12.7));
#2666 = CARTESIAN_POINT('',(1.04653109117,-12.7));
#2667 = CARTESIAN_POINT('',(1.020126859112,-12.7));
#2668 = CARTESIAN_POINT('',(0.993263572991,-12.7));
#2669 = CARTESIAN_POINT('',(0.965882853592,-12.7));
#2670 = CARTESIAN_POINT('',(0.913575033949,-12.7));
#2671 = CARTESIAN_POINT('',(0.888792781493,-12.7));
#2672 = CARTESIAN_POINT('',(0.863516716119,-12.7));
#2673 = CARTESIAN_POINT('',(0.837691308987,-12.7));
#2674 = CARTESIAN_POINT('',(0.811252124102,-12.7));
#2675 = CARTESIAN_POINT('',(0.784121455363,-12.7));
#2676 = CARTESIAN_POINT('',(0.756203619722,-12.7));
#2677 = CARTESIAN_POINT('',(0.710243063444,-12.7));
#2678 = CARTESIAN_POINT('',(0.692795169592,-12.7));
#2679 = CARTESIAN_POINT('',(0.674997333274,-12.7));
#2680 = CARTESIAN_POINT('',(0.656818773254,-12.7));
#2681 = CARTESIAN_POINT('',(0.638224192537,-12.7));
#2682 = CARTESIAN_POINT('',(0.619172527471,-12.7));
#2683 = CARTESIAN_POINT('',(0.599614374024,-12.7));
#2684 = CARTESIAN_POINT('',(0.562572055836,-12.7));
#2685 = CARTESIAN_POINT('',(0.545257914966,-12.7));
#2686 = CARTESIAN_POINT('',(0.527505238696,-12.7));
#2687 = CARTESIAN_POINT('',(0.509270517369,-12.7));
#2688 = CARTESIAN_POINT('',(0.490504281668,-12.7));
#2689 = CARTESIAN_POINT('',(0.471147745129,-12.7));
#2690 = CARTESIAN_POINT('',(0.451129340945,-12.7));
#2691 = CARTESIAN_POINT('',(0.417456181315,-12.7));
#2692 = CARTESIAN_POINT('',(0.404270757625,-12.7));
#2693 = CARTESIAN_POINT('',(0.390771386308,-12.7));
#2694 = CARTESIAN_POINT('',(0.376932531051,-12.7));
#2695 = CARTESIAN_POINT('',(0.362726217078,-12.7));
#2696 = CARTESIAN_POINT('',(0.348121176615,-12.7));
#2697 = CARTESIAN_POINT('',(0.33308102269,-12.7));
#2698 = CARTESIAN_POINT('',(0.317560429292,-12.7));
#2699 = ( GEOMETRIC_REPRESENTATION_CONTEXT(2) 
PARAMETRIC_REPRESENTATION_CONTEXT() REPRESENTATION_CONTEXT('2D SPACE',''
  ) );
#2700 = PCURVE('',#2188,#2701);
#2701 = DEFINITIONAL_REPRESENTATION('',(#2702),#2754);
#2702 = B_SPLINE_CURVE_WITH_KNOTS('',8,(#2703,#2704,#2705,#2706,#2707,
    #2708,#2709,#2710,#2711,#2712,#2713,#2714,#2715,#2716,#2717,#2718,
    #2719,#2720,#2721,#2722,#2723,#2724,#2725,#2726,#2727,#2728,#2729,
    #2730,#2731,#2732,#2733,#2734,#2735,#2736,#2737,#2738,#2739,#2740,
    #2741,#2742,#2743,#2744,#2745,#2746,#2747,#2748,#2749,#2750,#2751,
    #2752,#2753),.UNSPECIFIED.,.F.,.F.,(9,7,7,7,7,7,7,9),(0.,
    0.213683802857,0.419775631631,0.60751072154,0.770858336379,
    0.867872563734,0.94940045527,1.),.UNSPECIFIED.);
#2703 = CARTESIAN_POINT('',(-4.38927617708E-11,76.2));
#2704 = CARTESIAN_POINT('',(11.093899923116,76.2));
#2705 = CARTESIAN_POINT('',(22.187766370482,76.286504351476));
#2706 = CARTESIAN_POINT('',(33.280858547151,76.459511354054));
#2707 = CARTESIAN_POINT('',(44.372395004459,76.719367138886));
#2708 = CARTESIAN_POINT('',(55.461553709316,77.066759510801));
#2709 = CARTESIAN_POINT('',(66.547471420915,77.502734292548));
#2710 = CARTESIAN_POINT('',(77.629242374833,78.028734171142));
#2711 = CARTESIAN_POINT('',(99.389046910581,79.242631626526));
#2712 = CARTESIAN_POINT('',(110.06734283196,79.924108076178));
#2713 = CARTESIAN_POINT('',(120.73999038733,80.692795895866));
#2714 = CARTESIAN_POINT('',(131.40602988724,81.550794456941));
#2715 = CARTESIAN_POINT('',(142.06435047046,82.500650921073));
#2716 = CARTESIAN_POINT('',(152.71368384884,83.545429728161));
#2717 = CARTESIAN_POINT('',(163.35259343489,84.688834397755));
#2718 = CARTESIAN_POINT('',(183.65977548379,87.07097021057));
#2719 = CARTESIAN_POINT('',(193.32990098246,88.292115783537));
#2720 = CARTESIAN_POINT('',(202.9887205826,89.602309041927));
#2721 = CARTESIAN_POINT('',(212.6347833364,91.005562729818));
#2722 = CARTESIAN_POINT('',(222.26627524077,92.506593359853));
#2723 = CARTESIAN_POINT('',(231.88099528891,94.110973940616));
#2724 = CARTESIAN_POINT('',(241.47630884073,95.825431902012));
#2725 = CARTESIAN_POINT('',(259.37826865579,99.253312409417));
#2726 = CARTESIAN_POINT('',(267.68987026017,100.93783782429));
#2727 = CARTESIAN_POINT('',(275.98214817103,102.71762856028));
#2728 = CARTESIAN_POINT('',(284.2525628622,104.59923790039));
#2729 = CARTESIAN_POINT('',(292.49769380766,106.59037232105));
#2730 = CARTESIAN_POINT('',(300.71311833848,108.70037540301));
#2731 = CARTESIAN_POINT('',(308.89328310997,110.9407553632));
#2732 = CARTESIAN_POINT('',(321.86416991386,114.74429140918));
#2733 = CARTESIAN_POINT('',(326.68201474165,116.21291081111));
#2734 = CARTESIAN_POINT('',(331.4831888781,117.73617682961));
#2735 = CARTESIAN_POINT('',(336.26582220495,119.31777805222));
#2736 = CARTESIAN_POINT('',(341.0275181814,120.9619568204));
#2737 = CARTESIAN_POINT('',(345.76530671892,122.67364521411));
#2738 = CARTESIAN_POINT('',(350.47554526889,124.45875037222));
#2739 = CARTESIAN_POINT('',(359.08510827199,127.89286653839));
#2740 = CARTESIAN_POINT('',(362.9932202662,129.51786273318));
#2741 = CARTESIAN_POINT('',(366.87582224248,131.20430872558));
#2742 = CARTESIAN_POINT('',(370.72960870368,132.95735855368));
#2743 = CARTESIAN_POINT('',(374.55012138585,134.78289813892));
#2744 = CARTESIAN_POINT('',(378.331571066,136.6879058076));
#2745 = CARTESIAN_POINT('',(382.06665826451,138.68082471402));
#2746 = CARTESIAN_POINT('',(388.02934571533,142.07149548404));
#2747 = CARTESIAN_POINT('',(390.29084956094,143.40796755409));
#2748 = CARTESIAN_POINT('',(392.52828307925,144.78519922835));
#2749 = CARTESIAN_POINT('',(394.73880422656,146.20617167035));
#2750 = CARTESIAN_POINT('',(396.91876726624,147.67415917973));
#2751 = CARTESIAN_POINT('',(399.06366502215,149.19281451176));
#2752 = CARTESIAN_POINT('',(401.16799913293,150.76636046146));
#2753 = CARTESIAN_POINT('',(403.22499999999,152.4));
#2754 = ( GEOMETRIC_REPRESENTATION_CONTEXT(2) 
PARAMETRIC_REPRESENTATION_CONTEXT() REPRESENTATION_CONTEXT('2D SPACE',''
  ) );
#2755 = ORIENTED_EDGE('',*,*,#2756,.T.);
#2756 = EDGE_CURVE('',#2590,#111,#2757,.T.);
#2757 = SURFACE_CURVE('',#2758,(#2764,#2773),.PCURVE_S1.);
#2758 = B_SPLINE_CURVE_WITH_KNOTS('',4,(#2759,#2760,#2761,#2762,#2763),
  .UNSPECIFIED.,.F.,.F.,(5,5),(0.,1.),.PIECEWISE_BEZIER_KNOTS.);
#2759 = CARTESIAN_POINT('',(207.9625,90.41019696742,12.7000006));
#2760 = CARTESIAN_POINT('',(207.9625,90.41019696742,9.5250003));
#2761 = CARTESIAN_POINT('',(207.9625,90.41019696742,6.35));
#2762 = CARTESIAN_POINT('',(207.9625,90.41019696742,3.1749997));
#2763 = CARTESIAN_POINT('',(207.9625,90.41019696742,-5.999999999062E-07)
  );
#2764 = PCURVE('',#131,#2765);
#2765 = DEFINITIONAL_REPRESENTATION('',(#2766),#2772);
#2766 = B_SPLINE_CURVE_WITH_KNOTS('',4,(#2767,#2768,#2769,#2770,#2771),
  .UNSPECIFIED.,.F.,.F.,(5,5),(0.,1.),.PIECEWISE_BEZIER_KNOTS.);
#2767 = CARTESIAN_POINT('',(1.058751736836,-12.7000006));
#2768 = CARTESIAN_POINT('',(1.058751736836,-9.5250003));
#2769 = CARTESIAN_POINT('',(1.058751736836,-6.35));
#2770 = CARTESIAN_POINT('',(1.058751736836,-3.1749997));
#2771 = CARTESIAN_POINT('',(1.058751736836,5.999999999062E-07));
#2772 = ( GEOMETRIC_REPRESENTATION_CONTEXT(2) 
PARAMETRIC_REPRESENTATION_CONTEXT() REPRESENTATION_CONTEXT('2D SPACE',''
  ) );
#2773 = PCURVE('',#161,#2774);
#2774 = DEFINITIONAL_REPRESENTATION('',(#2775),#2781);
#2775 = B_SPLINE_CURVE_WITH_KNOTS('',4,(#2776,#2777,#2778,#2779,#2780),
  .UNSPECIFIED.,.F.,.F.,(5,5),(0.,1.),.PIECEWISE_BEZIER_KNOTS.);
#2776 = CARTESIAN_POINT('',(-6.337454061624,41.759414094146));
#2777 = CARTESIAN_POINT('',(-3.162453761624,41.759414094146));
#2778 = CARTESIAN_POINT('',(1.254653837595E-02,41.759414094146));
#2779 = CARTESIAN_POINT('',(3.187546838376,41.759414094146));
#2780 = CARTESIAN_POINT('',(6.362547138376,41.759414094146));
#2781 = ( GEOMETRIC_REPRESENTATION_CONTEXT(2) 
PARAMETRIC_REPRESENTATION_CONTEXT() REPRESENTATION_CONTEXT('2D SPACE',''
  ) );
#2782 = ADVANCED_FACE('',(#2783),#465,.T.);
#2783 = FACE_BOUND('',#2784,.F.);
#2784 = EDGE_LOOP('',(#2785,#2786,#2818,#2846));
#2785 = ORIENTED_EDGE('',*,*,#449,.F.);
#2786 = ORIENTED_EDGE('',*,*,#2787,.T.);
#2787 = EDGE_CURVE('',#173,#2788,#2790,.T.);
#2788 = VERTEX_POINT('',#2789);
#2789 = CARTESIAN_POINT('',(207.66249999306,64.727966974077,
    0.309067155008));
#2790 = SURFACE_CURVE('',#2791,(#2799,#2811),.PCURVE_S1.);
#2791 = B_SPLINE_CURVE_WITH_KNOTS('',6,(#2792,#2793,#2794,#2795,#2796,
    #2797,#2798),.UNSPECIFIED.,.F.,.F.,(7,7),(0.,1.),
  .PIECEWISE_BEZIER_KNOTS.);
#2792 = CARTESIAN_POINT('',(207.51249998266,64.468317626726,
    5.551115123126E-17));
#2793 = CARTESIAN_POINT('',(207.5525438988,64.537633466526,
    5.551115123126E-17));
#2794 = CARTESIAN_POINT('',(207.59258404329,64.606942777619,
    2.562618700803E-02));
#2795 = CARTESIAN_POINT('',(207.6275148405,64.667407831408,
    7.692268342237E-02));
#2796 = CARTESIAN_POINT('',(207.65210734731,64.709977350741,
    0.148270833363));
#2797 = CARTESIAN_POINT('',(207.66371027438,64.730061965623,
    0.229052486999));
#2798 = CARTESIAN_POINT('',(207.66249999306,64.727966974077,
    0.309067155008));
#2799 = PCURVE('',#465,#2800);
#2800 = DEFINITIONAL_REPRESENTATION('',(#2801),#2810);
#2801 = B_SPLINE_CURVE_WITH_KNOTS('',7,(#2802,#2803,#2804,#2805,#2806,
    #2807,#2808,#2809),.UNSPECIFIED.,.F.,.F.,(8,8),(0.,1.),
  .PIECEWISE_BEZIER_KNOTS.);
#2802 = CARTESIAN_POINT('',(-1.110223024625E-16,0.341064079413));
#2803 = CARTESIAN_POINT('',(-0.228717825743,0.341064079413));
#2804 = CARTESIAN_POINT('',(-0.4574145337,0.341064079413));
#2805 = CARTESIAN_POINT('',(-0.686207209783,0.341064079413));
#2806 = CARTESIAN_POINT('',(-0.914817570415,0.341064079413));
#2807 = CARTESIAN_POINT('',(-1.143610246494,0.341064079413));
#2808 = CARTESIAN_POINT('',(-1.372306954456,0.341064079413));
#2809 = CARTESIAN_POINT('',(-1.601024780199,0.341064079413));
#2810 = ( GEOMETRIC_REPRESENTATION_CONTEXT(2) 
PARAMETRIC_REPRESENTATION_CONTEXT() REPRESENTATION_CONTEXT('2D SPACE',''
  ) );
#2811 = PCURVE('',#232,#2812);
#2812 = DEFINITIONAL_REPRESENTATION('',(#2813),#2817);
#2813 = LINE('',#2814,#2815);
#2814 = CARTESIAN_POINT('',(0.,0.));
#2815 = VECTOR('',#2816,1.);
#2816 = DIRECTION('',(1.,0.));
#2817 = ( GEOMETRIC_REPRESENTATION_CONTEXT(2) 
PARAMETRIC_REPRESENTATION_CONTEXT() REPRESENTATION_CONTEXT('2D SPACE',''
  ) );
#2818 = ORIENTED_EDGE('',*,*,#2819,.T.);
#2819 = EDGE_CURVE('',#2788,#2820,#2822,.T.);
#2820 = VERTEX_POINT('',#2821);
#2821 = CARTESIAN_POINT('',(195.8125000104,71.573738545539,
    0.309067155008));
#2822 = SURFACE_CURVE('',#2823,(#2827,#2834),.PCURVE_S1.);
#2823 = LINE('',#2824,#2825);
#2824 = CARTESIAN_POINT('',(207.9578251296,64.557356980239,
    0.309067155008));
#2825 = VECTOR('',#2826,1.);
#2826 = DIRECTION('',(-0.865893403497,0.50022856154,0.));
#2827 = PCURVE('',#465,#2828);
#2828 = DEFINITIONAL_REPRESENTATION('',(#2829),#2833);
#2829 = LINE('',#2830,#2831);
#2830 = CARTESIAN_POINT('',(-1.601024780199,0.));
#2831 = VECTOR('',#2832,1.);
#2832 = DIRECTION('',(-0.,1.));
#2833 = ( GEOMETRIC_REPRESENTATION_CONTEXT(2) 
PARAMETRIC_REPRESENTATION_CONTEXT() REPRESENTATION_CONTEXT('2D SPACE',''
  ) );
#2834 = PCURVE('',#2835,#2840);
#2835 = PLANE('',#2836);
#2836 = AXIS2_PLACEMENT_3D('',#2837,#2838,#2839);
#2837 = CARTESIAN_POINT('',(201.6625,67.983226405651,6.35));
#2838 = DIRECTION('',(0.500000034668,0.865497824504,3.022385002512E-02)
  );
#2839 = DIRECTION('',(0.865893403497,-0.50022856154,-3.340273585205E-19)
  );
#2840 = DEFINITIONAL_REPRESENTATION('',(#2841),#2845);
#2841 = LINE('',#2842,#2843);
#2842 = CARTESIAN_POINT('',(7.164798237287,6.04369387577));
#2843 = VECTOR('',#2844,1.);
#2844 = DIRECTION('',(-1.,2.718485388027E-18));
#2845 = ( GEOMETRIC_REPRESENTATION_CONTEXT(2) 
PARAMETRIC_REPRESENTATION_CONTEXT() REPRESENTATION_CONTEXT('2D SPACE',''
  ) );
#2846 = ORIENTED_EDGE('',*,*,#2847,.T.);
#2847 = EDGE_CURVE('',#2820,#450,#2848,.T.);
#2848 = SURFACE_CURVE('',#2849,(#2854,#2860),.PCURVE_S1.);
#2849 = CIRCLE('',#2850,0.3);
#2850 = AXIS2_PLACEMENT_3D('',#2851,#2852,#2853);
#2851 = CARTESIAN_POINT('',(195.6625,71.314089198188,0.3));
#2852 = DIRECTION('',(-0.865893403497,0.50022856154,-8.203084409468E-14)
  );
#2853 = DIRECTION('',(1.511883302233E-02,2.617063236498E-02,
    -0.999543155091));
#2854 = PCURVE('',#465,#2855);
#2855 = DEFINITIONAL_REPRESENTATION('',(#2856),#2859);
#2856 = B_SPLINE_CURVE_WITH_KNOTS('',1,(#2857,#2858),.UNSPECIFIED.,.F.,
  .F.,(2,2),(4.712388980385,6.313413760583),.PIECEWISE_BEZIER_KNOTS.);
#2857 = CARTESIAN_POINT('',(-1.601024780199,14.026351361667));
#2858 = CARTESIAN_POINT('',(-1.172395514004E-13,14.026351361667));
#2859 = ( GEOMETRIC_REPRESENTATION_CONTEXT(2) 
PARAMETRIC_REPRESENTATION_CONTEXT() REPRESENTATION_CONTEXT('2D SPACE',''
  ) );
#2860 = PCURVE('',#2515,#2861);
#2861 = DEFINITIONAL_REPRESENTATION('',(#2862),#2865);
#2862 = B_SPLINE_CURVE_WITH_KNOTS('',1,(#2863,#2864),.UNSPECIFIED.,.F.,
  .F.,(2,2),(4.712388980385,6.313413760583),.PIECEWISE_BEZIER_KNOTS.);
#2863 = CARTESIAN_POINT('',(0.,-1.570796326795));
#2864 = CARTESIAN_POINT('',(0.,3.022845340356E-02));
#2865 = ( GEOMETRIC_REPRESENTATION_CONTEXT(2) 
PARAMETRIC_REPRESENTATION_CONTEXT() REPRESENTATION_CONTEXT('2D SPACE',''
  ) );
#2866 = ADVANCED_FACE('',(#2867),#161,.T.);
#2867 = FACE_BOUND('',#2868,.T.);
#2868 = EDGE_LOOP('',(#2869,#2870,#2898,#2917));
#2869 = ORIENTED_EDGE('',*,*,#146,.T.);
#2870 = ORIENTED_EDGE('',*,*,#2871,.T.);
#2871 = EDGE_CURVE('',#147,#2872,#2874,.T.);
#2872 = VERTEX_POINT('',#2873);
#2873 = CARTESIAN_POINT('',(207.9625,64.46857671733,12.7));
#2874 = SURFACE_CURVE('',#2875,(#2879,#2886),.PCURVE_S1.);
#2875 = LINE('',#2876,#2877);
#2876 = CARTESIAN_POINT('',(207.9625,64.911648313806,1.20895408483E-02)
  );
#2877 = VECTOR('',#2878,1.);
#2878 = DIRECTION('',(0.,-3.48994967025E-02,0.999390827019));
#2879 = PCURVE('',#161,#2880);
#2880 = DEFINITIONAL_REPRESENTATION('',(#2881),#2885);
#2881 = LINE('',#2882,#2883);
#2882 = CARTESIAN_POINT('',(6.350456997528,67.25796274776));
#2883 = VECTOR('',#2884,1.);
#2884 = DIRECTION('',(-0.999390827019,3.48994967025E-02));
#2885 = ( GEOMETRIC_REPRESENTATION_CONTEXT(2) 
PARAMETRIC_REPRESENTATION_CONTEXT() REPRESENTATION_CONTEXT('2D SPACE',''
  ) );
#2886 = PCURVE('',#2887,#2892);
#2887 = CYLINDRICAL_SURFACE('',#2888,0.2);
#2888 = AXIS2_PLACEMENT_3D('',#2889,#2890,#2891);
#2889 = CARTESIAN_POINT('',(207.7625,64.911648313806,1.20895408483E-02)
  );
#2890 = DIRECTION('',(0.,-3.48994967025E-02,0.999390827019));
#2891 = DIRECTION('',(-0.500000034668,-0.865497824504,
    -3.022385002512E-02));
#2892 = DEFINITIONAL_REPRESENTATION('',(#2893),#2897);
#2893 = LINE('',#2894,#2895);
#2894 = CARTESIAN_POINT('',(2.094395142425,0.));
#2895 = VECTOR('',#2896,1.);
#2896 = DIRECTION('',(0.,1.));
#2897 = ( GEOMETRIC_REPRESENTATION_CONTEXT(2) 
PARAMETRIC_REPRESENTATION_CONTEXT() REPRESENTATION_CONTEXT('2D SPACE',''
  ) );
#2898 = ORIENTED_EDGE('',*,*,#2899,.F.);
#2899 = EDGE_CURVE('',#2590,#2872,#2900,.T.);
#2900 = SURFACE_CURVE('',#2901,(#2905,#2911),.PCURVE_S1.);
#2901 = LINE('',#2902,#2903);
#2902 = CARTESIAN_POINT('',(207.9625,66.084805530783,12.7));
#2903 = VECTOR('',#2904,1.);
#2904 = DIRECTION('',(0.,-1.,0.));
#2905 = PCURVE('',#161,#2906);
#2906 = DEFINITIONAL_REPRESENTATION('',(#2907),#2910);
#2907 = B_SPLINE_CURVE_WITH_KNOTS('',1,(#2908,#2909),.UNSPECIFIED.,.F.,
  .F.,(2,2),(-86.31519446921,1.99777091282),.PIECEWISE_BEZIER_KNOTS.);
#2908 = CARTESIAN_POINT('',(-6.337453461624,-20.23038893843));
#2909 = CARTESIAN_POINT('',(-6.337453461624,68.082576443602));
#2910 = ( GEOMETRIC_REPRESENTATION_CONTEXT(2) 
PARAMETRIC_REPRESENTATION_CONTEXT() REPRESENTATION_CONTEXT('2D SPACE',''
  ) );
#2911 = PCURVE('',#2188,#2912);
#2912 = DEFINITIONAL_REPRESENTATION('',(#2913),#2916);
#2913 = B_SPLINE_CURVE_WITH_KNOTS('',1,(#2914,#2915),.UNSPECIFIED.,.F.,
  .F.,(2,2),(-86.31519446921,1.99777091282),.PIECEWISE_BEZIER_KNOTS.);
#2914 = CARTESIAN_POINT('',(207.9625,152.4));
#2915 = CARTESIAN_POINT('',(207.9625,64.087034617963));
#2916 = ( GEOMETRIC_REPRESENTATION_CONTEXT(2) 
PARAMETRIC_REPRESENTATION_CONTEXT() REPRESENTATION_CONTEXT('2D SPACE',''
  ) );
#2917 = ORIENTED_EDGE('',*,*,#2756,.T.);
#2918 = ADVANCED_FACE('',(#2919),#232,.T.);
#2919 = FACE_BOUND('',#2920,.T.);
#2920 = EDGE_LOOP('',(#2921,#2922,#2923));
#2921 = ORIENTED_EDGE('',*,*,#172,.F.);
#2922 = ORIENTED_EDGE('',*,*,#2787,.T.);
#2923 = ORIENTED_EDGE('',*,*,#2924,.T.);
#2924 = EDGE_CURVE('',#2788,#147,#2925,.T.);
#2925 = SURFACE_CURVE('',#2926,(#2957,#2963),.PCURVE_S1.);
#2926 = B_SPLINE_CURVE_WITH_KNOTS('',8,(#2927,#2928,#2929,#2930,#2931,
    #2932,#2933,#2934,#2935,#2936,#2937,#2938,#2939,#2940,#2941,#2942,
    #2943,#2944,#2945,#2946,#2947,#2948,#2949,#2950,#2951,#2952,#2953,
    #2954,#2955,#2956),.UNSPECIFIED.,.F.,.F.,(9,7,7,7,9),(0.,0.125,0.25,
    0.5,1.),.UNSPECIFIED.);
#2927 = CARTESIAN_POINT('',(207.66249999306,64.727966974077,
    0.309067155008));
#2928 = CARTESIAN_POINT('',(207.66816811605,64.724868411687,
    0.304029322833));
#2929 = CARTESIAN_POINT('',(207.67395862998,64.721981707467,
    0.298998888909));
#2930 = CARTESIAN_POINT('',(207.67986228516,64.719312198481,
    0.29397603961));
#2931 = CARTESIAN_POINT('',(207.68586955229,64.71686473776,
    0.288960944407));
#2932 = CARTESIAN_POINT('',(207.69197065411,64.714643676053,
    0.283953755232));
#2933 = CARTESIAN_POINT('',(207.69815559881,64.712652846246,
    0.278954605932));
#2934 = CARTESIAN_POINT('',(207.7044142144,64.710895550867,
    0.273963611833));
#2935 = CARTESIAN_POINT('',(207.71705815402,64.707853554285,
    0.263998126989));
#2936 = CARTESIAN_POINT('',(207.7234435142,64.706568847595,
    0.259023636052));
#2937 = CARTESIAN_POINT('',(207.7298818759,64.705523207006,
    0.254057493486));
#2938 = CARTESIAN_POINT('',(207.73636277736,64.70471885356,
    0.249099776854));
#2939 = CARTESIAN_POINT('',(207.74287568393,64.704157454854,
    0.244150544388));
#2940 = CARTESIAN_POINT('',(207.74940998802,64.703840125024,
    0.239209834995));
#2941 = CARTESIAN_POINT('',(207.75595500917,64.70376742476,
    0.234277668254));
#2942 = CARTESIAN_POINT('',(207.77558996363,64.704283234369,
    0.219506796749));
#2943 = CARTESIAN_POINT('',(207.78867994387,64.705605593382,
    0.20969371856));
#2944 = CARTESIAN_POINT('',(207.8016844579,64.707906582948,
    0.199914814904));
#2945 = CARTESIAN_POINT('',(207.81451807931,64.711177147524,
    0.190169769553));
#2946 = CARTESIAN_POINT('',(207.82709655917,64.71539933326,
    0.180457955545));
#2947 = CARTESIAN_POINT('',(207.83933795347,64.720546589874,
    0.170778445724));
#2948 = CARTESIAN_POINT('',(207.85116375016,64.726584072492,
    0.16113002328));
#2949 = CARTESIAN_POINT('',(207.88517248928,64.747238685585,
    0.132273530315));
#2950 = CARTESIAN_POINT('',(207.90588672741,64.764398158873,
    0.113154240361));
#2951 = CARTESIAN_POINT('',(207.92405072877,64.784605788711,
    9.414139437892E-02));
#2952 = CARTESIAN_POINT('',(207.93914410293,64.807396106237,
    7.521873783873E-02));
#2953 = CARTESIAN_POINT('',(207.95075047148,64.832198421037,
    5.63663417912E-02));
#2954 = CARTESIAN_POINT('',(207.95858348996,64.858367013291,
    3.756165720402E-02));
#2955 = CARTESIAN_POINT('',(207.9625,64.885218751775,1.878082860869E-02)
  );
#2956 = CARTESIAN_POINT('',(207.9625,64.912070489875,-5.290906601729E-17
    ));
#2957 = PCURVE('',#232,#2958);
#2958 = DEFINITIONAL_REPRESENTATION('',(#2959),#2962);
#2959 = B_SPLINE_CURVE_WITH_KNOTS('',1,(#2960,#2961),.UNSPECIFIED.,.F.,
  .F.,(2,2),(0.,1.),.PIECEWISE_BEZIER_KNOTS.);
#2960 = CARTESIAN_POINT('',(1.,0.));
#2961 = CARTESIAN_POINT('',(1.,1.));
#2962 = ( GEOMETRIC_REPRESENTATION_CONTEXT(2) 
PARAMETRIC_REPRESENTATION_CONTEXT() REPRESENTATION_CONTEXT('2D SPACE',''
  ) );
#2963 = PCURVE('',#2887,#2964);
#2964 = DEFINITIONAL_REPRESENTATION('',(#2965),#2968);
#2965 = B_SPLINE_CURVE_WITH_KNOTS('',1,(#2966,#2967),.UNSPECIFIED.,.F.,
  .F.,(2,2),(0.,1.),.PIECEWISE_BEZIER_KNOTS.);
#2966 = CARTESIAN_POINT('',(0.,0.303207089731));
#2967 = CARTESIAN_POINT('',(2.094395142425,-1.2096909959E-02));
#2968 = ( GEOMETRIC_REPRESENTATION_CONTEXT(2) 
PARAMETRIC_REPRESENTATION_CONTEXT() REPRESENTATION_CONTEXT('2D SPACE',''
  ) );
#2969 = ADVANCED_FACE('',(#2970),#828,.T.);
#2970 = FACE_BOUND('',#2971,.T.);
#2971 = EDGE_LOOP('',(#2972,#2973,#2996,#3017));
#2972 = ORIENTED_EDGE('',*,*,#810,.F.);
#2973 = ORIENTED_EDGE('',*,*,#2974,.T.);
#2974 = EDGE_CURVE('',#811,#2975,#2977,.T.);
#2975 = VERTEX_POINT('',#2976);
#2976 = CARTESIAN_POINT('',(286.89718910334,26.,12.7));
#2977 = SURFACE_CURVE('',#2978,(#2982,#2989),.PCURVE_S1.);
#2978 = LINE('',#2979,#2980);
#2979 = CARTESIAN_POINT('',(286.89718910334,26.,0.));
#2980 = VECTOR('',#2981,1.);
#2981 = DIRECTION('',(0.,0.,1.));
#2982 = PCURVE('',#828,#2983);
#2983 = DEFINITIONAL_REPRESENTATION('',(#2984),#2988);
#2984 = LINE('',#2985,#2986);
#2985 = CARTESIAN_POINT('',(0.,0.));
#2986 = VECTOR('',#2987,1.);
#2987 = DIRECTION('',(0.,-1.));
#2988 = ( GEOMETRIC_REPRESENTATION_CONTEXT(2) 
PARAMETRIC_REPRESENTATION_CONTEXT() REPRESENTATION_CONTEXT('2D SPACE',''
  ) );
#2989 = PCURVE('',#856,#2990);
#2990 = DEFINITIONAL_REPRESENTATION('',(#2991),#2995);
#2991 = LINE('',#2992,#2993);
#2992 = CARTESIAN_POINT('',(14.549226783579,0.));
#2993 = VECTOR('',#2994,1.);
#2994 = DIRECTION('',(0.,-1.));
#2995 = ( GEOMETRIC_REPRESENTATION_CONTEXT(2) 
PARAMETRIC_REPRESENTATION_CONTEXT() REPRESENTATION_CONTEXT('2D SPACE',''
  ) );
#2996 = ORIENTED_EDGE('',*,*,#2997,.T.);
#2997 = EDGE_CURVE('',#2975,#2998,#3000,.T.);
#2998 = VERTEX_POINT('',#2999);
#2999 = CARTESIAN_POINT('',(279.62257571155,38.6,12.7));
#3000 = SURFACE_CURVE('',#3001,(#3005,#3011),.PCURVE_S1.);
#3001 = LINE('',#3002,#3003);
#3002 = CARTESIAN_POINT('',(256.66420558999,78.365063509478,12.7));
#3003 = VECTOR('',#3004,1.);
#3004 = DIRECTION('',(-0.5,0.866025403784,0.));
#3005 = PCURVE('',#828,#3006);
#3006 = DEFINITIONAL_REPRESENTATION('',(#3007),#3010);
#3007 = B_SPLINE_CURVE_WITH_KNOTS('',1,(#3008,#3009),.UNSPECIFIED.,.F.,
  .F.,(2,2),(-60.46596702666,-45.91674024308),.PIECEWISE_BEZIER_KNOTS.);
#3008 = CARTESIAN_POINT('',(0.,-12.7));
#3009 = CARTESIAN_POINT('',(14.549226783579,-12.7));
#3010 = ( GEOMETRIC_REPRESENTATION_CONTEXT(2) 
PARAMETRIC_REPRESENTATION_CONTEXT() REPRESENTATION_CONTEXT('2D SPACE',''
  ) );
#3011 = PCURVE('',#2188,#3012);
#3012 = DEFINITIONAL_REPRESENTATION('',(#3013),#3016);
#3013 = B_SPLINE_CURVE_WITH_KNOTS('',1,(#3014,#3015),.UNSPECIFIED.,.F.,
  .F.,(2,2),(-60.46596702666,-45.91674024308),.PIECEWISE_BEZIER_KNOTS.);
#3014 = CARTESIAN_POINT('',(286.89718910334,26.));
#3015 = CARTESIAN_POINT('',(279.62257571154,38.599999999999));
#3016 = ( GEOMETRIC_REPRESENTATION_CONTEXT(2) 
PARAMETRIC_REPRESENTATION_CONTEXT() REPRESENTATION_CONTEXT('2D SPACE',''
  ) );
#3017 = ORIENTED_EDGE('',*,*,#3018,.F.);
#3018 = EDGE_CURVE('',#813,#2998,#3019,.T.);
#3019 = SURFACE_CURVE('',#3020,(#3024,#3031),.PCURVE_S1.);
#3020 = LINE('',#3021,#3022);
#3021 = CARTESIAN_POINT('',(279.62257571155,38.6,0.));
#3022 = VECTOR('',#3023,1.);
#3023 = DIRECTION('',(0.,0.,1.));
#3024 = PCURVE('',#828,#3025);
#3025 = DEFINITIONAL_REPRESENTATION('',(#3026),#3030);
#3026 = LINE('',#3027,#3028);
#3027 = CARTESIAN_POINT('',(14.549226783579,0.));
#3028 = VECTOR('',#3029,1.);
#3029 = DIRECTION('',(0.,-1.));
#3030 = ( GEOMETRIC_REPRESENTATION_CONTEXT(2) 
PARAMETRIC_REPRESENTATION_CONTEXT() REPRESENTATION_CONTEXT('2D SPACE',''
  ) );
#3031 = PCURVE('',#966,#3032);
#3032 = DEFINITIONAL_REPRESENTATION('',(#3033),#3037);
#3033 = LINE('',#3034,#3035);
#3034 = CARTESIAN_POINT('',(0.,-0.));
#3035 = VECTOR('',#3036,1.);
#3036 = DIRECTION('',(0.,-1.));
#3037 = ( GEOMETRIC_REPRESENTATION_CONTEXT(2) 
PARAMETRIC_REPRESENTATION_CONTEXT() REPRESENTATION_CONTEXT('2D SPACE',''
  ) );
#3038 = ADVANCED_FACE('',(#3039),#856,.T.);
#3039 = FACE_BOUND('',#3040,.T.);
#3040 = EDGE_LOOP('',(#3041,#3042,#3065,#3084));
#3041 = ORIENTED_EDGE('',*,*,#840,.F.);
#3042 = ORIENTED_EDGE('',*,*,#3043,.T.);
#3043 = EDGE_CURVE('',#841,#3044,#3046,.T.);
#3044 = VERTEX_POINT('',#3045);
#3045 = CARTESIAN_POINT('',(279.62257571155,13.4,12.7));
#3046 = SURFACE_CURVE('',#3047,(#3051,#3058),.PCURVE_S1.);
#3047 = LINE('',#3048,#3049);
#3048 = CARTESIAN_POINT('',(279.62257571155,13.4,0.));
#3049 = VECTOR('',#3050,1.);
#3050 = DIRECTION('',(0.,0.,1.));
#3051 = PCURVE('',#856,#3052);
#3052 = DEFINITIONAL_REPRESENTATION('',(#3053),#3057);
#3053 = LINE('',#3054,#3055);
#3054 = CARTESIAN_POINT('',(0.,0.));
#3055 = VECTOR('',#3056,1.);
#3056 = DIRECTION('',(0.,-1.));
#3057 = ( GEOMETRIC_REPRESENTATION_CONTEXT(2) 
PARAMETRIC_REPRESENTATION_CONTEXT() REPRESENTATION_CONTEXT('2D SPACE',''
  ) );
#3058 = PCURVE('',#884,#3059);
#3059 = DEFINITIONAL_REPRESENTATION('',(#3060),#3064);
#3060 = LINE('',#3061,#3062);
#3061 = CARTESIAN_POINT('',(14.54922678358,0.));
#3062 = VECTOR('',#3063,1.);
#3063 = DIRECTION('',(0.,-1.));
#3064 = ( GEOMETRIC_REPRESENTATION_CONTEXT(2) 
PARAMETRIC_REPRESENTATION_CONTEXT() REPRESENTATION_CONTEXT('2D SPACE',''
  ) );
#3065 = ORIENTED_EDGE('',*,*,#3066,.T.);
#3066 = EDGE_CURVE('',#3044,#2975,#3067,.T.);
#3067 = SURFACE_CURVE('',#3068,(#3072,#3078),.PCURVE_S1.);
#3068 = LINE('',#3069,#3070);
#3069 = CARTESIAN_POINT('',(241.7685686449,-52.16506350947,12.7));
#3070 = VECTOR('',#3071,1.);
#3071 = DIRECTION('',(0.5,0.866025403784,-0.));
#3072 = PCURVE('',#856,#3073);
#3073 = DEFINITIONAL_REPRESENTATION('',(#3074),#3077);
#3074 = B_SPLINE_CURVE_WITH_KNOTS('',1,(#3075,#3076),.UNSPECIFIED.,.F.,
  .F.,(2,2),(75.708014133269,90.257240916848),.PIECEWISE_BEZIER_KNOTS.);
#3075 = CARTESIAN_POINT('',(0.,-12.7));
#3076 = CARTESIAN_POINT('',(14.549226783579,-12.7));
#3077 = ( GEOMETRIC_REPRESENTATION_CONTEXT(2) 
PARAMETRIC_REPRESENTATION_CONTEXT() REPRESENTATION_CONTEXT('2D SPACE',''
  ) );
#3078 = PCURVE('',#2188,#3079);
#3079 = DEFINITIONAL_REPRESENTATION('',(#3080),#3083);
#3080 = B_SPLINE_CURVE_WITH_KNOTS('',1,(#3081,#3082),.UNSPECIFIED.,.F.,
  .F.,(2,2),(75.708014133269,90.257240916848),.PIECEWISE_BEZIER_KNOTS.);
#3081 = CARTESIAN_POINT('',(279.62257571155,13.4));
#3082 = CARTESIAN_POINT('',(286.89718910334,25.999999999999));
#3083 = ( GEOMETRIC_REPRESENTATION_CONTEXT(2) 
PARAMETRIC_REPRESENTATION_CONTEXT() REPRESENTATION_CONTEXT('2D SPACE',''
  ) );
#3084 = ORIENTED_EDGE('',*,*,#2974,.F.);
#3085 = ADVANCED_FACE('',(#3086),#966,.T.);
#3086 = FACE_BOUND('',#3087,.T.);
#3087 = EDGE_LOOP('',(#3088,#3089,#3090,#3111));
#3088 = ORIENTED_EDGE('',*,*,#952,.F.);
#3089 = ORIENTED_EDGE('',*,*,#3018,.T.);
#3090 = ORIENTED_EDGE('',*,*,#3091,.T.);
#3091 = EDGE_CURVE('',#2998,#3092,#3094,.T.);
#3092 = VERTEX_POINT('',#3093);
#3093 = CARTESIAN_POINT('',(265.07334892797,38.6,12.7));
#3094 = SURFACE_CURVE('',#3095,(#3099,#3105),.PCURVE_S1.);
#3095 = LINE('',#3096,#3097);
#3096 = CARTESIAN_POINT('',(139.81128785577,38.6,12.7));
#3097 = VECTOR('',#3098,1.);
#3098 = DIRECTION('',(-1.,0.,0.));
#3099 = PCURVE('',#966,#3100);
#3100 = DEFINITIONAL_REPRESENTATION('',(#3101),#3104);
#3101 = B_SPLINE_CURVE_WITH_KNOTS('',1,(#3102,#3103),.UNSPECIFIED.,.F.,
  .F.,(2,2),(-139.8112878557,-125.2620610721),.PIECEWISE_BEZIER_KNOTS.);
#3102 = CARTESIAN_POINT('',(0.,-12.7));
#3103 = CARTESIAN_POINT('',(14.54922678358,-12.7));
#3104 = ( GEOMETRIC_REPRESENTATION_CONTEXT(2) 
PARAMETRIC_REPRESENTATION_CONTEXT() REPRESENTATION_CONTEXT('2D SPACE',''
  ) );
#3105 = PCURVE('',#2188,#3106);
#3106 = DEFINITIONAL_REPRESENTATION('',(#3107),#3110);
#3107 = B_SPLINE_CURVE_WITH_KNOTS('',1,(#3108,#3109),.UNSPECIFIED.,.F.,
  .F.,(2,2),(-139.8112878557,-125.2620610721),.PIECEWISE_BEZIER_KNOTS.);
#3108 = CARTESIAN_POINT('',(279.62257571155,38.6));
#3109 = CARTESIAN_POINT('',(265.07334892797,38.6));
#3110 = ( GEOMETRIC_REPRESENTATION_CONTEXT(2) 
PARAMETRIC_REPRESENTATION_CONTEXT() REPRESENTATION_CONTEXT('2D SPACE',''
  ) );
#3111 = ORIENTED_EDGE('',*,*,#3112,.F.);
#3112 = EDGE_CURVE('',#925,#3092,#3113,.T.);
#3113 = SURFACE_CURVE('',#3114,(#3118,#3125),.PCURVE_S1.);
#3114 = LINE('',#3115,#3116);
#3115 = CARTESIAN_POINT('',(265.07334892797,38.6,0.));
#3116 = VECTOR('',#3117,1.);
#3117 = DIRECTION('',(0.,0.,1.));
#3118 = PCURVE('',#966,#3119);
#3119 = DEFINITIONAL_REPRESENTATION('',(#3120),#3124);
#3120 = LINE('',#3121,#3122);
#3121 = CARTESIAN_POINT('',(14.54922678358,0.));
#3122 = VECTOR('',#3123,1.);
#3123 = DIRECTION('',(0.,-1.));
#3124 = ( GEOMETRIC_REPRESENTATION_CONTEXT(2) 
PARAMETRIC_REPRESENTATION_CONTEXT() REPRESENTATION_CONTEXT('2D SPACE',''
  ) );
#3125 = PCURVE('',#940,#3126);
#3126 = DEFINITIONAL_REPRESENTATION('',(#3127),#3131);
#3127 = LINE('',#3128,#3129);
#3128 = CARTESIAN_POINT('',(0.,0.));
#3129 = VECTOR('',#3130,1.);
#3130 = DIRECTION('',(0.,-1.));
#3131 = ( GEOMETRIC_REPRESENTATION_CONTEXT(2) 
PARAMETRIC_REPRESENTATION_CONTEXT() REPRESENTATION_CONTEXT('2D SPACE',''
  ) );
#3132 = ADVANCED_FACE('',(#3133),#884,.T.);
#3133 = FACE_BOUND('',#3134,.T.);
#3134 = EDGE_LOOP('',(#3135,#3136,#3159,#3178));
#3135 = ORIENTED_EDGE('',*,*,#868,.F.);
#3136 = ORIENTED_EDGE('',*,*,#3137,.T.);
#3137 = EDGE_CURVE('',#869,#3138,#3140,.T.);
#3138 = VERTEX_POINT('',#3139);
#3139 = CARTESIAN_POINT('',(265.07334892797,13.4,12.7));
#3140 = SURFACE_CURVE('',#3141,(#3145,#3152),.PCURVE_S1.);
#3141 = LINE('',#3142,#3143);
#3142 = CARTESIAN_POINT('',(265.07334892797,13.4,0.));
#3143 = VECTOR('',#3144,1.);
#3144 = DIRECTION('',(0.,0.,1.));
#3145 = PCURVE('',#884,#3146);
#3146 = DEFINITIONAL_REPRESENTATION('',(#3147),#3151);
#3147 = LINE('',#3148,#3149);
#3148 = CARTESIAN_POINT('',(0.,0.));
#3149 = VECTOR('',#3150,1.);
#3150 = DIRECTION('',(0.,-1.));
#3151 = ( GEOMETRIC_REPRESENTATION_CONTEXT(2) 
PARAMETRIC_REPRESENTATION_CONTEXT() REPRESENTATION_CONTEXT('2D SPACE',''
  ) );
#3152 = PCURVE('',#912,#3153);
#3153 = DEFINITIONAL_REPRESENTATION('',(#3154),#3158);
#3154 = LINE('',#3155,#3156);
#3155 = CARTESIAN_POINT('',(14.549226783579,0.));
#3156 = VECTOR('',#3157,1.);
#3157 = DIRECTION('',(0.,-1.));
#3158 = ( GEOMETRIC_REPRESENTATION_CONTEXT(2) 
PARAMETRIC_REPRESENTATION_CONTEXT() REPRESENTATION_CONTEXT('2D SPACE',''
  ) );
#3159 = ORIENTED_EDGE('',*,*,#3160,.T.);
#3160 = EDGE_CURVE('',#3138,#3044,#3161,.T.);
#3161 = SURFACE_CURVE('',#3162,(#3166,#3172),.PCURVE_S1.);
#3162 = LINE('',#3163,#3164);
#3163 = CARTESIAN_POINT('',(132.53667446398,13.4,12.7));
#3164 = VECTOR('',#3165,1.);
#3165 = DIRECTION('',(1.,-2.441857379535E-16,0.));
#3166 = PCURVE('',#884,#3167);
#3167 = DEFINITIONAL_REPRESENTATION('',(#3168),#3171);
#3168 = B_SPLINE_CURVE_WITH_KNOTS('',1,(#3169,#3170),.UNSPECIFIED.,.F.,
  .F.,(2,2),(132.53667446398,147.08590124756),.PIECEWISE_BEZIER_KNOTS.);
#3169 = CARTESIAN_POINT('',(0.,-12.7));
#3170 = CARTESIAN_POINT('',(14.54922678358,-12.7));
#3171 = ( GEOMETRIC_REPRESENTATION_CONTEXT(2) 
PARAMETRIC_REPRESENTATION_CONTEXT() REPRESENTATION_CONTEXT('2D SPACE',''
  ) );
#3172 = PCURVE('',#2188,#3173);
#3173 = DEFINITIONAL_REPRESENTATION('',(#3174),#3177);
#3174 = B_SPLINE_CURVE_WITH_KNOTS('',1,(#3175,#3176),.UNSPECIFIED.,.F.,
  .F.,(2,2),(132.53667446398,147.08590124756),.PIECEWISE_BEZIER_KNOTS.);
#3175 = CARTESIAN_POINT('',(265.07334892797,13.4));
#3176 = CARTESIAN_POINT('',(279.62257571155,13.4));
#3177 = ( GEOMETRIC_REPRESENTATION_CONTEXT(2) 
PARAMETRIC_REPRESENTATION_CONTEXT() REPRESENTATION_CONTEXT('2D SPACE',''
  ) );
#3178 = ORIENTED_EDGE('',*,*,#3043,.F.);
#3179 = ADVANCED_FACE('',(#3180),#940,.T.);
#3180 = FACE_BOUND('',#3181,.T.);
#3181 = EDGE_LOOP('',(#3182,#3183,#3184,#3205));
#3182 = ORIENTED_EDGE('',*,*,#924,.F.);
#3183 = ORIENTED_EDGE('',*,*,#3112,.T.);
#3184 = ORIENTED_EDGE('',*,*,#3185,.T.);
#3185 = EDGE_CURVE('',#3092,#3186,#3188,.T.);
#3186 = VERTEX_POINT('',#3187);
#3187 = CARTESIAN_POINT('',(257.79873553618,26.,12.7));
#3188 = SURFACE_CURVE('',#3189,(#3193,#3199),.PCURVE_S1.);
#3189 = LINE('',#3190,#3191);
#3190 = CARTESIAN_POINT('',(223.58203516542,-33.26506350947,12.7));
#3191 = VECTOR('',#3192,1.);
#3192 = DIRECTION('',(-0.5,-0.866025403784,0.));
#3193 = PCURVE('',#940,#3194);
#3194 = DEFINITIONAL_REPRESENTATION('',(#3195),#3198);
#3195 = B_SPLINE_CURVE_WITH_KNOTS('',1,(#3196,#3197),.UNSPECIFIED.,.F.,
  .F.,(2,2),(-82.98262752505,-68.43340074147),.PIECEWISE_BEZIER_KNOTS.);
#3196 = CARTESIAN_POINT('',(0.,-12.7));
#3197 = CARTESIAN_POINT('',(14.549226783579,-12.7));
#3198 = ( GEOMETRIC_REPRESENTATION_CONTEXT(2) 
PARAMETRIC_REPRESENTATION_CONTEXT() REPRESENTATION_CONTEXT('2D SPACE',''
  ) );
#3199 = PCURVE('',#2188,#3200);
#3200 = DEFINITIONAL_REPRESENTATION('',(#3201),#3204);
#3201 = B_SPLINE_CURVE_WITH_KNOTS('',1,(#3202,#3203),.UNSPECIFIED.,.F.,
  .F.,(2,2),(-82.98262752505,-68.43340074147),.PIECEWISE_BEZIER_KNOTS.);
#3202 = CARTESIAN_POINT('',(265.07334892797,38.6));
#3203 = CARTESIAN_POINT('',(257.79873553617,26.000000000001));
#3204 = ( GEOMETRIC_REPRESENTATION_CONTEXT(2) 
PARAMETRIC_REPRESENTATION_CONTEXT() REPRESENTATION_CONTEXT('2D SPACE',''
  ) );
#3205 = ORIENTED_EDGE('',*,*,#3206,.F.);
#3206 = EDGE_CURVE('',#897,#3186,#3207,.T.);
#3207 = SURFACE_CURVE('',#3208,(#3212,#3219),.PCURVE_S1.);
#3208 = LINE('',#3209,#3210);
#3209 = CARTESIAN_POINT('',(257.79873553618,26.,0.));
#3210 = VECTOR('',#3211,1.);
#3211 = DIRECTION('',(0.,0.,1.));
#3212 = PCURVE('',#940,#3213);
#3213 = DEFINITIONAL_REPRESENTATION('',(#3214),#3218);
#3214 = LINE('',#3215,#3216);
#3215 = CARTESIAN_POINT('',(14.549226783579,0.));
#3216 = VECTOR('',#3217,1.);
#3217 = DIRECTION('',(0.,-1.));
#3218 = ( GEOMETRIC_REPRESENTATION_CONTEXT(2) 
PARAMETRIC_REPRESENTATION_CONTEXT() REPRESENTATION_CONTEXT('2D SPACE',''
  ) );
#3219 = PCURVE('',#912,#3220);
#3220 = DEFINITIONAL_REPRESENTATION('',(#3221),#3225);
#3221 = LINE('',#3222,#3223);
#3222 = CARTESIAN_POINT('',(0.,0.));
#3223 = VECTOR('',#3224,1.);
#3224 = DIRECTION('',(0.,-1.));
#3225 = ( GEOMETRIC_REPRESENTATION_CONTEXT(2) 
PARAMETRIC_REPRESENTATION_CONTEXT() REPRESENTATION_CONTEXT('2D SPACE',''
  ) );
#3226 = ADVANCED_FACE('',(#3227),#912,.T.);
#3227 = FACE_BOUND('',#3228,.T.);
#3228 = EDGE_LOOP('',(#3229,#3230,#3231,#3250));
#3229 = ORIENTED_EDGE('',*,*,#896,.F.);
#3230 = ORIENTED_EDGE('',*,*,#3206,.T.);
#3231 = ORIENTED_EDGE('',*,*,#3232,.T.);
#3232 = EDGE_CURVE('',#3186,#3138,#3233,.T.);
#3233 = SURFACE_CURVE('',#3234,(#3238,#3244),.PCURVE_S1.);
#3234 = LINE('',#3235,#3236);
#3235 = CARTESIAN_POINT('',(231.20305871873,72.065063509476,12.7));
#3236 = VECTOR('',#3237,1.);
#3237 = DIRECTION('',(0.5,-0.866025403784,0.));
#3238 = PCURVE('',#912,#3239);
#3239 = DEFINITIONAL_REPRESENTATION('',(#3240),#3243);
#3240 = B_SPLINE_CURVE_WITH_KNOTS('',1,(#3241,#3242),.UNSPECIFIED.,.F.,
  .F.,(2,2),(53.191353634873,67.740580418452),.PIECEWISE_BEZIER_KNOTS.);
#3241 = CARTESIAN_POINT('',(0.,-12.7));
#3242 = CARTESIAN_POINT('',(14.549226783579,-12.7));
#3243 = ( GEOMETRIC_REPRESENTATION_CONTEXT(2) 
PARAMETRIC_REPRESENTATION_CONTEXT() REPRESENTATION_CONTEXT('2D SPACE',''
  ) );
#3244 = PCURVE('',#2188,#3245);
#3245 = DEFINITIONAL_REPRESENTATION('',(#3246),#3249);
#3246 = B_SPLINE_CURVE_WITH_KNOTS('',1,(#3247,#3248),.UNSPECIFIED.,.F.,
  .F.,(2,2),(53.191353634873,67.740580418452),.PIECEWISE_BEZIER_KNOTS.);
#3247 = CARTESIAN_POINT('',(257.79873553618,26.));
#3248 = CARTESIAN_POINT('',(265.07334892797,13.400000000001));
#3249 = ( GEOMETRIC_REPRESENTATION_CONTEXT(2) 
PARAMETRIC_REPRESENTATION_CONTEXT() REPRESENTATION_CONTEXT('2D SPACE',''
  ) );
#3250 = ORIENTED_EDGE('',*,*,#3137,.F.);
#3251 = ADVANCED_FACE('',(#3252),#998,.T.);
#3252 = FACE_BOUND('',#3253,.T.);
#3253 = EDGE_LOOP('',(#3254,#3255,#3278,#3299));
#3254 = ORIENTED_EDGE('',*,*,#980,.F.);
#3255 = ORIENTED_EDGE('',*,*,#3256,.T.);
#3256 = EDGE_CURVE('',#981,#3257,#3259,.T.);
#3257 = VERTEX_POINT('',#3258);
#3258 = CARTESIAN_POINT('',(347.86537752976,26.,12.7));
#3259 = SURFACE_CURVE('',#3260,(#3264,#3271),.PCURVE_S1.);
#3260 = LINE('',#3261,#3262);
#3261 = CARTESIAN_POINT('',(347.86537752976,26.,0.));
#3262 = VECTOR('',#3263,1.);
#3263 = DIRECTION('',(0.,0.,1.));
#3264 = PCURVE('',#998,#3265);
#3265 = DEFINITIONAL_REPRESENTATION('',(#3266),#3270);
#3266 = LINE('',#3267,#3268);
#3267 = CARTESIAN_POINT('',(0.,0.));
#3268 = VECTOR('',#3269,1.);
#3269 = DIRECTION('',(0.,-1.));
#3270 = ( GEOMETRIC_REPRESENTATION_CONTEXT(2) 
PARAMETRIC_REPRESENTATION_CONTEXT() REPRESENTATION_CONTEXT('2D SPACE',''
  ) );
#3271 = PCURVE('',#1026,#3272);
#3272 = DEFINITIONAL_REPRESENTATION('',(#3273),#3277);
#3273 = LINE('',#3274,#3275);
#3274 = CARTESIAN_POINT('',(14.549226783574,0.));
#3275 = VECTOR('',#3276,1.);
#3276 = DIRECTION('',(0.,-1.));
#3277 = ( GEOMETRIC_REPRESENTATION_CONTEXT(2) 
PARAMETRIC_REPRESENTATION_CONTEXT() REPRESENTATION_CONTEXT('2D SPACE',''
  ) );
#3278 = ORIENTED_EDGE('',*,*,#3279,.T.);
#3279 = EDGE_CURVE('',#3257,#3280,#3282,.T.);
#3280 = VERTEX_POINT('',#3281);
#3281 = CARTESIAN_POINT('',(340.59076413798,38.6,12.7));
#3282 = SURFACE_CURVE('',#3283,(#3287,#3293),.PCURVE_S1.);
#3283 = LINE('',#3284,#3285);
#3284 = CARTESIAN_POINT('',(310.0113704631,91.565063509481,12.7));
#3285 = VECTOR('',#3286,1.);
#3286 = DIRECTION('',(-0.5,0.866025403784,0.));
#3287 = PCURVE('',#998,#3288);
#3288 = DEFINITIONAL_REPRESENTATION('',(#3289),#3292);
#3289 = B_SPLINE_CURVE_WITH_KNOTS('',1,(#3290,#3291),.UNSPECIFIED.,.F.,
  .F.,(2,2),(-75.70801413327,-61.1587873497),.PIECEWISE_BEZIER_KNOTS.);
#3290 = CARTESIAN_POINT('',(0.,-12.7));
#3291 = CARTESIAN_POINT('',(14.549226783574,-12.7));
#3292 = ( GEOMETRIC_REPRESENTATION_CONTEXT(2) 
PARAMETRIC_REPRESENTATION_CONTEXT() REPRESENTATION_CONTEXT('2D SPACE',''
  ) );
#3293 = PCURVE('',#2188,#3294);
#3294 = DEFINITIONAL_REPRESENTATION('',(#3295),#3298);
#3295 = B_SPLINE_CURVE_WITH_KNOTS('',1,(#3296,#3297),.UNSPECIFIED.,.F.,
  .F.,(2,2),(-75.70801413327,-61.1587873497),.PIECEWISE_BEZIER_KNOTS.);
#3296 = CARTESIAN_POINT('',(347.86537752976,26.));
#3297 = CARTESIAN_POINT('',(340.59076413797,38.599999999994));
#3298 = ( GEOMETRIC_REPRESENTATION_CONTEXT(2) 
PARAMETRIC_REPRESENTATION_CONTEXT() REPRESENTATION_CONTEXT('2D SPACE',''
  ) );
#3299 = ORIENTED_EDGE('',*,*,#3300,.F.);
#3300 = EDGE_CURVE('',#983,#3280,#3301,.T.);
#3301 = SURFACE_CURVE('',#3302,(#3306,#3313),.PCURVE_S1.);
#3302 = LINE('',#3303,#3304);
#3303 = CARTESIAN_POINT('',(340.59076413798,38.6,0.));
#3304 = VECTOR('',#3305,1.);
#3305 = DIRECTION('',(0.,0.,1.));
#3306 = PCURVE('',#998,#3307);
#3307 = DEFINITIONAL_REPRESENTATION('',(#3308),#3312);
#3308 = LINE('',#3309,#3310);
#3309 = CARTESIAN_POINT('',(14.549226783574,0.));
#3310 = VECTOR('',#3311,1.);
#3311 = DIRECTION('',(0.,-1.));
#3312 = ( GEOMETRIC_REPRESENTATION_CONTEXT(2) 
PARAMETRIC_REPRESENTATION_CONTEXT() REPRESENTATION_CONTEXT('2D SPACE',''
  ) );
#3313 = PCURVE('',#1136,#3314);
#3314 = DEFINITIONAL_REPRESENTATION('',(#3315),#3319);
#3315 = LINE('',#3316,#3317);
#3316 = CARTESIAN_POINT('',(0.,-0.));
#3317 = VECTOR('',#3318,1.);
#3318 = DIRECTION('',(0.,-1.));
#3319 = ( GEOMETRIC_REPRESENTATION_CONTEXT(2) 
PARAMETRIC_REPRESENTATION_CONTEXT() REPRESENTATION_CONTEXT('2D SPACE',''
  ) );
#3320 = ADVANCED_FACE('',(#3321),#1026,.T.);
#3321 = FACE_BOUND('',#3322,.T.);
#3322 = EDGE_LOOP('',(#3323,#3324,#3347,#3366));
#3323 = ORIENTED_EDGE('',*,*,#1010,.F.);
#3324 = ORIENTED_EDGE('',*,*,#3325,.T.);
#3325 = EDGE_CURVE('',#1011,#3326,#3328,.T.);
#3326 = VERTEX_POINT('',#3327);
#3327 = CARTESIAN_POINT('',(340.59076413798,13.4,12.7));
#3328 = SURFACE_CURVE('',#3329,(#3333,#3340),.PCURVE_S1.);
#3329 = LINE('',#3330,#3331);
#3330 = CARTESIAN_POINT('',(340.59076413798,13.4,0.));
#3331 = VECTOR('',#3332,1.);
#3332 = DIRECTION('',(0.,0.,1.));
#3333 = PCURVE('',#1026,#3334);
#3334 = DEFINITIONAL_REPRESENTATION('',(#3335),#3339);
#3335 = LINE('',#3336,#3337);
#3336 = CARTESIAN_POINT('',(0.,0.));
#3337 = VECTOR('',#3338,1.);
#3338 = DIRECTION('',(0.,-1.));
#3339 = ( GEOMETRIC_REPRESENTATION_CONTEXT(2) 
PARAMETRIC_REPRESENTATION_CONTEXT() REPRESENTATION_CONTEXT('2D SPACE',''
  ) );
#3340 = PCURVE('',#1054,#3341);
#3341 = DEFINITIONAL_REPRESENTATION('',(#3342),#3346);
#3342 = LINE('',#3343,#3344);
#3343 = CARTESIAN_POINT('',(14.54922678358,0.));
#3344 = VECTOR('',#3345,1.);
#3345 = DIRECTION('',(0.,-1.));
#3346 = ( GEOMETRIC_REPRESENTATION_CONTEXT(2) 
PARAMETRIC_REPRESENTATION_CONTEXT() REPRESENTATION_CONTEXT('2D SPACE',''
  ) );
#3347 = ORIENTED_EDGE('',*,*,#3348,.T.);
#3348 = EDGE_CURVE('',#3326,#3257,#3349,.T.);
#3349 = SURFACE_CURVE('',#3350,(#3354,#3360),.PCURVE_S1.);
#3350 = LINE('',#3351,#3352);
#3351 = CARTESIAN_POINT('',(295.11573351802,-65.36506350947,12.7));
#3352 = VECTOR('',#3353,1.);
#3353 = DIRECTION('',(0.5,0.866025403784,-0.));
#3354 = PCURVE('',#1026,#3355);
#3355 = DEFINITIONAL_REPRESENTATION('',(#3356),#3359);
#3356 = B_SPLINE_CURVE_WITH_KNOTS('',1,(#3357,#3358),.UNSPECIFIED.,.F.,
  .F.,(2,2),(90.950061239882,105.49928802345),.PIECEWISE_BEZIER_KNOTS.);
#3357 = CARTESIAN_POINT('',(0.,-12.7));
#3358 = CARTESIAN_POINT('',(14.549226783574,-12.7));
#3359 = ( GEOMETRIC_REPRESENTATION_CONTEXT(2) 
PARAMETRIC_REPRESENTATION_CONTEXT() REPRESENTATION_CONTEXT('2D SPACE',''
  ) );
#3360 = PCURVE('',#2188,#3361);
#3361 = DEFINITIONAL_REPRESENTATION('',(#3362),#3365);
#3362 = B_SPLINE_CURVE_WITH_KNOTS('',1,(#3363,#3364),.UNSPECIFIED.,.F.,
  .F.,(2,2),(90.950061239882,105.49928802345),.PIECEWISE_BEZIER_KNOTS.);
#3363 = CARTESIAN_POINT('',(340.59076413798,13.4));
#3364 = CARTESIAN_POINT('',(347.86537752977,25.999999999994));
#3365 = ( GEOMETRIC_REPRESENTATION_CONTEXT(2) 
PARAMETRIC_REPRESENTATION_CONTEXT() REPRESENTATION_CONTEXT('2D SPACE',''
  ) );
#3366 = ORIENTED_EDGE('',*,*,#3256,.F.);
#3367 = ADVANCED_FACE('',(#3368),#1136,.T.);
#3368 = FACE_BOUND('',#3369,.T.);
#3369 = EDGE_LOOP('',(#3370,#3371,#3372,#3393));
#3370 = ORIENTED_EDGE('',*,*,#1122,.F.);
#3371 = ORIENTED_EDGE('',*,*,#3300,.T.);
#3372 = ORIENTED_EDGE('',*,*,#3373,.T.);
#3373 = EDGE_CURVE('',#3280,#3374,#3376,.T.);
#3374 = VERTEX_POINT('',#3375);
#3375 = CARTESIAN_POINT('',(326.0415373544,38.6,12.7));
#3376 = SURFACE_CURVE('',#3377,(#3381,#3387),.PCURVE_S1.);
#3377 = LINE('',#3378,#3379);
#3378 = CARTESIAN_POINT('',(170.29538206899,38.6,12.7));
#3379 = VECTOR('',#3380,1.);
#3380 = DIRECTION('',(-1.,0.,0.));
#3381 = PCURVE('',#1136,#3382);
#3382 = DEFINITIONAL_REPRESENTATION('',(#3383),#3386);
#3383 = B_SPLINE_CURVE_WITH_KNOTS('',1,(#3384,#3385),.UNSPECIFIED.,.F.,
  .F.,(2,2),(-170.2953820689,-155.7461552854),.PIECEWISE_BEZIER_KNOTS.);
#3384 = CARTESIAN_POINT('',(0.,-12.7));
#3385 = CARTESIAN_POINT('',(14.54922678358,-12.7));
#3386 = ( GEOMETRIC_REPRESENTATION_CONTEXT(2) 
PARAMETRIC_REPRESENTATION_CONTEXT() REPRESENTATION_CONTEXT('2D SPACE',''
  ) );
#3387 = PCURVE('',#2188,#3388);
#3388 = DEFINITIONAL_REPRESENTATION('',(#3389),#3392);
#3389 = B_SPLINE_CURVE_WITH_KNOTS('',1,(#3390,#3391),.UNSPECIFIED.,.F.,
  .F.,(2,2),(-170.2953820689,-155.7461552854),.PIECEWISE_BEZIER_KNOTS.);
#3390 = CARTESIAN_POINT('',(340.59076413798,38.6));
#3391 = CARTESIAN_POINT('',(326.0415373544,38.6));
#3392 = ( GEOMETRIC_REPRESENTATION_CONTEXT(2) 
PARAMETRIC_REPRESENTATION_CONTEXT() REPRESENTATION_CONTEXT('2D SPACE',''
  ) );
#3393 = ORIENTED_EDGE('',*,*,#3394,.F.);
#3394 = EDGE_CURVE('',#1095,#3374,#3395,.T.);
#3395 = SURFACE_CURVE('',#3396,(#3400,#3407),.PCURVE_S1.);
#3396 = LINE('',#3397,#3398);
#3397 = CARTESIAN_POINT('',(326.0415373544,38.6,0.));
#3398 = VECTOR('',#3399,1.);
#3399 = DIRECTION('',(0.,0.,1.));
#3400 = PCURVE('',#1136,#3401);
#3401 = DEFINITIONAL_REPRESENTATION('',(#3402),#3406);
#3402 = LINE('',#3403,#3404);
#3403 = CARTESIAN_POINT('',(14.54922678358,0.));
#3404 = VECTOR('',#3405,1.);
#3405 = DIRECTION('',(0.,-1.));
#3406 = ( GEOMETRIC_REPRESENTATION_CONTEXT(2) 
PARAMETRIC_REPRESENTATION_CONTEXT() REPRESENTATION_CONTEXT('2D SPACE',''
  ) );
#3407 = PCURVE('',#1110,#3408);
#3408 = DEFINITIONAL_REPRESENTATION('',(#3409),#3413);
#3409 = LINE('',#3410,#3411);
#3410 = CARTESIAN_POINT('',(0.,0.));
#3411 = VECTOR('',#3412,1.);
#3412 = DIRECTION('',(0.,-1.));
#3413 = ( GEOMETRIC_REPRESENTATION_CONTEXT(2) 
PARAMETRIC_REPRESENTATION_CONTEXT() REPRESENTATION_CONTEXT('2D SPACE',''
  ) );
#3414 = ADVANCED_FACE('',(#3415),#1054,.T.);
#3415 = FACE_BOUND('',#3416,.T.);
#3416 = EDGE_LOOP('',(#3417,#3418,#3441,#3460));
#3417 = ORIENTED_EDGE('',*,*,#1038,.F.);
#3418 = ORIENTED_EDGE('',*,*,#3419,.T.);
#3419 = EDGE_CURVE('',#1039,#3420,#3422,.T.);
#3420 = VERTEX_POINT('',#3421);
#3421 = CARTESIAN_POINT('',(326.0415373544,13.4,12.7));
#3422 = SURFACE_CURVE('',#3423,(#3427,#3434),.PCURVE_S1.);
#3423 = LINE('',#3424,#3425);
#3424 = CARTESIAN_POINT('',(326.0415373544,13.4,0.));
#3425 = VECTOR('',#3426,1.);
#3426 = DIRECTION('',(0.,0.,1.));
#3427 = PCURVE('',#1054,#3428);
#3428 = DEFINITIONAL_REPRESENTATION('',(#3429),#3433);
#3429 = LINE('',#3430,#3431);
#3430 = CARTESIAN_POINT('',(0.,0.));
#3431 = VECTOR('',#3432,1.);
#3432 = DIRECTION('',(0.,-1.));
#3433 = ( GEOMETRIC_REPRESENTATION_CONTEXT(2) 
PARAMETRIC_REPRESENTATION_CONTEXT() REPRESENTATION_CONTEXT('2D SPACE',''
  ) );
#3434 = PCURVE('',#1082,#3435);
#3435 = DEFINITIONAL_REPRESENTATION('',(#3436),#3440);
#3436 = LINE('',#3437,#3438);
#3437 = CARTESIAN_POINT('',(14.549226783579,0.));
#3438 = VECTOR('',#3439,1.);
#3439 = DIRECTION('',(0.,-1.));
#3440 = ( GEOMETRIC_REPRESENTATION_CONTEXT(2) 
PARAMETRIC_REPRESENTATION_CONTEXT() REPRESENTATION_CONTEXT('2D SPACE',''
  ) );
#3441 = ORIENTED_EDGE('',*,*,#3442,.T.);
#3442 = EDGE_CURVE('',#3420,#3326,#3443,.T.);
#3443 = SURFACE_CURVE('',#3444,(#3448,#3454),.PCURVE_S1.);
#3444 = LINE('',#3445,#3446);
#3445 = CARTESIAN_POINT('',(163.0207686772,13.4,12.7));
#3446 = VECTOR('',#3447,1.);
#3447 = DIRECTION('',(1.,-2.441857379535E-16,0.));
#3448 = PCURVE('',#1054,#3449);
#3449 = DEFINITIONAL_REPRESENTATION('',(#3450),#3453);
#3450 = B_SPLINE_CURVE_WITH_KNOTS('',1,(#3451,#3452),.UNSPECIFIED.,.F.,
  .F.,(2,2),(163.0207686772,177.56999546078),.PIECEWISE_BEZIER_KNOTS.);
#3451 = CARTESIAN_POINT('',(0.,-12.7));
#3452 = CARTESIAN_POINT('',(14.54922678358,-12.7));
#3453 = ( GEOMETRIC_REPRESENTATION_CONTEXT(2) 
PARAMETRIC_REPRESENTATION_CONTEXT() REPRESENTATION_CONTEXT('2D SPACE',''
  ) );
#3454 = PCURVE('',#2188,#3455);
#3455 = DEFINITIONAL_REPRESENTATION('',(#3456),#3459);
#3456 = B_SPLINE_CURVE_WITH_KNOTS('',1,(#3457,#3458),.UNSPECIFIED.,.F.,
  .F.,(2,2),(163.0207686772,177.56999546078),.PIECEWISE_BEZIER_KNOTS.);
#3457 = CARTESIAN_POINT('',(326.0415373544,13.4));
#3458 = CARTESIAN_POINT('',(340.59076413798,13.4));
#3459 = ( GEOMETRIC_REPRESENTATION_CONTEXT(2) 
PARAMETRIC_REPRESENTATION_CONTEXT() REPRESENTATION_CONTEXT('2D SPACE',''
  ) );
#3460 = ORIENTED_EDGE('',*,*,#3325,.F.);
#3461 = ADVANCED_FACE('',(#3462),#1110,.T.);
#3462 = FACE_BOUND('',#3463,.T.);
#3463 = EDGE_LOOP('',(#3464,#3465,#3466,#3487));
#3464 = ORIENTED_EDGE('',*,*,#1094,.F.);
#3465 = ORIENTED_EDGE('',*,*,#3394,.T.);
#3466 = ORIENTED_EDGE('',*,*,#3467,.T.);
#3467 = EDGE_CURVE('',#3374,#3468,#3470,.T.);
#3468 = VERTEX_POINT('',#3469);
#3469 = CARTESIAN_POINT('',(318.76692396261,26.,12.7));
#3470 = SURFACE_CURVE('',#3471,(#3475,#3481),.PCURVE_S1.);
#3471 = LINE('',#3472,#3473);
#3472 = CARTESIAN_POINT('',(276.92920003854,-46.46506350947,12.7));
#3473 = VECTOR('',#3474,1.);
#3474 = DIRECTION('',(-0.5,-0.866025403784,0.));
#3475 = PCURVE('',#1110,#3476);
#3476 = DEFINITIONAL_REPRESENTATION('',(#3477),#3480);
#3477 = B_SPLINE_CURVE_WITH_KNOTS('',1,(#3478,#3479),.UNSPECIFIED.,.F.,
  .F.,(2,2),(-98.22467463166,-83.67544784809),.PIECEWISE_BEZIER_KNOTS.);
#3478 = CARTESIAN_POINT('',(0.,-12.7));
#3479 = CARTESIAN_POINT('',(14.549226783579,-12.7));
#3480 = ( GEOMETRIC_REPRESENTATION_CONTEXT(2) 
PARAMETRIC_REPRESENTATION_CONTEXT() REPRESENTATION_CONTEXT('2D SPACE',''
  ) );
#3481 = PCURVE('',#2188,#3482);
#3482 = DEFINITIONAL_REPRESENTATION('',(#3483),#3486);
#3483 = B_SPLINE_CURVE_WITH_KNOTS('',1,(#3484,#3485),.UNSPECIFIED.,.F.,
  .F.,(2,2),(-98.22467463166,-83.67544784809),.PIECEWISE_BEZIER_KNOTS.);
#3484 = CARTESIAN_POINT('',(326.0415373544,38.6));
#3485 = CARTESIAN_POINT('',(318.7669239626,26.000000000001));
#3486 = ( GEOMETRIC_REPRESENTATION_CONTEXT(2) 
PARAMETRIC_REPRESENTATION_CONTEXT() REPRESENTATION_CONTEXT('2D SPACE',''
  ) );
#3487 = ORIENTED_EDGE('',*,*,#3488,.F.);
#3488 = EDGE_CURVE('',#1067,#3468,#3489,.T.);
#3489 = SURFACE_CURVE('',#3490,(#3494,#3501),.PCURVE_S1.);
#3490 = LINE('',#3491,#3492);
#3491 = CARTESIAN_POINT('',(318.76692396261,26.,0.));
#3492 = VECTOR('',#3493,1.);
#3493 = DIRECTION('',(0.,0.,1.));
#3494 = PCURVE('',#1110,#3495);
#3495 = DEFINITIONAL_REPRESENTATION('',(#3496),#3500);
#3496 = LINE('',#3497,#3498);
#3497 = CARTESIAN_POINT('',(14.549226783579,0.));
#3498 = VECTOR('',#3499,1.);
#3499 = DIRECTION('',(0.,-1.));
#3500 = ( GEOMETRIC_REPRESENTATION_CONTEXT(2) 
PARAMETRIC_REPRESENTATION_CONTEXT() REPRESENTATION_CONTEXT('2D SPACE',''
  ) );
#3501 = PCURVE('',#1082,#3502);
#3502 = DEFINITIONAL_REPRESENTATION('',(#3503),#3507);
#3503 = LINE('',#3504,#3505);
#3504 = CARTESIAN_POINT('',(0.,0.));
#3505 = VECTOR('',#3506,1.);
#3506 = DIRECTION('',(0.,-1.));
#3507 = ( GEOMETRIC_REPRESENTATION_CONTEXT(2) 
PARAMETRIC_REPRESENTATION_CONTEXT() REPRESENTATION_CONTEXT('2D SPACE',''
  ) );
#3508 = ADVANCED_FACE('',(#3509),#1082,.T.);
#3509 = FACE_BOUND('',#3510,.T.);
#3510 = EDGE_LOOP('',(#3511,#3512,#3513,#3532));
#3511 = ORIENTED_EDGE('',*,*,#1066,.F.);
#3512 = ORIENTED_EDGE('',*,*,#3488,.T.);
#3513 = ORIENTED_EDGE('',*,*,#3514,.T.);
#3514 = EDGE_CURVE('',#3468,#3420,#3515,.T.);
#3515 = SURFACE_CURVE('',#3516,(#3520,#3526),.PCURVE_S1.);
#3516 = LINE('',#3517,#3518);
#3517 = CARTESIAN_POINT('',(284.55022359185,85.265063509481,12.7));
#3518 = VECTOR('',#3519,1.);
#3519 = DIRECTION('',(0.5,-0.866025403784,0.));
#3520 = PCURVE('',#1082,#3521);
#3521 = DEFINITIONAL_REPRESENTATION('',(#3522),#3525);
#3522 = B_SPLINE_CURVE_WITH_KNOTS('',1,(#3523,#3524),.UNSPECIFIED.,.F.,
  .F.,(2,2),(68.433400741487,82.982627525065),.PIECEWISE_BEZIER_KNOTS.);
#3523 = CARTESIAN_POINT('',(0.,-12.7));
#3524 = CARTESIAN_POINT('',(14.549226783579,-12.7));
#3525 = ( GEOMETRIC_REPRESENTATION_CONTEXT(2) 
PARAMETRIC_REPRESENTATION_CONTEXT() REPRESENTATION_CONTEXT('2D SPACE',''
  ) );
#3526 = PCURVE('',#2188,#3527);
#3527 = DEFINITIONAL_REPRESENTATION('',(#3528),#3531);
#3528 = B_SPLINE_CURVE_WITH_KNOTS('',1,(#3529,#3530),.UNSPECIFIED.,.F.,
  .F.,(2,2),(68.433400741487,82.982627525065),.PIECEWISE_BEZIER_KNOTS.);
#3529 = CARTESIAN_POINT('',(318.76692396261,26.));
#3530 = CARTESIAN_POINT('',(326.0415373544,13.400000000001));
#3531 = ( GEOMETRIC_REPRESENTATION_CONTEXT(2) 
PARAMETRIC_REPRESENTATION_CONTEXT() REPRESENTATION_CONTEXT('2D SPACE',''
  ) );
#3532 = ORIENTED_EDGE('',*,*,#3419,.F.);
#3533 = ADVANCED_FACE('',(#3534),#1168,.T.);
#3534 = FACE_BOUND('',#3535,.T.);
#3535 = EDGE_LOOP('',(#3536,#3537,#3560,#3581));
#3536 = ORIENTED_EDGE('',*,*,#1150,.F.);
#3537 = ORIENTED_EDGE('',*,*,#3538,.T.);
#3538 = EDGE_CURVE('',#1151,#3539,#3541,.T.);
#3539 = VERTEX_POINT('',#3540);
#3540 = CARTESIAN_POINT('',(317.38128331655,43.6,12.7));
#3541 = SURFACE_CURVE('',#3542,(#3546,#3553),.PCURVE_S1.);
#3542 = LINE('',#3543,#3544);
#3543 = CARTESIAN_POINT('',(317.38128331655,43.6,0.));
#3544 = VECTOR('',#3545,1.);
#3545 = DIRECTION('',(0.,0.,1.));
#3546 = PCURVE('',#1168,#3547);
#3547 = DEFINITIONAL_REPRESENTATION('',(#3548),#3552);
#3548 = LINE('',#3549,#3550);
#3549 = CARTESIAN_POINT('',(0.,0.));
#3550 = VECTOR('',#3551,1.);
#3551 = DIRECTION('',(0.,-1.));
#3552 = ( GEOMETRIC_REPRESENTATION_CONTEXT(2) 
PARAMETRIC_REPRESENTATION_CONTEXT() REPRESENTATION_CONTEXT('2D SPACE',''
  ) );
#3553 = PCURVE('',#1196,#3554);
#3554 = DEFINITIONAL_REPRESENTATION('',(#3555),#3559);
#3555 = LINE('',#3556,#3557);
#3556 = CARTESIAN_POINT('',(14.549226783579,0.));
#3557 = VECTOR('',#3558,1.);
#3558 = DIRECTION('',(0.,-1.));
#3559 = ( GEOMETRIC_REPRESENTATION_CONTEXT(2) 
PARAMETRIC_REPRESENTATION_CONTEXT() REPRESENTATION_CONTEXT('2D SPACE',''
  ) );
#3560 = ORIENTED_EDGE('',*,*,#3561,.T.);
#3561 = EDGE_CURVE('',#3539,#3562,#3564,.T.);
#3562 = VERTEX_POINT('',#3563);
#3563 = CARTESIAN_POINT('',(310.10666992476,56.2,12.7));
#3564 = SURFACE_CURVE('',#3565,(#3569,#3575),.PCURVE_S1.);
#3565 = LINE('',#3566,#3567);
#3566 = CARTESIAN_POINT('',(287.1482998032,95.965063509481,12.7));
#3567 = VECTOR('',#3568,1.);
#3568 = DIRECTION('',(-0.5,0.866025403784,0.));
#3569 = PCURVE('',#1168,#3570);
#3570 = DEFINITIONAL_REPRESENTATION('',(#3571),#3574);
#3571 = B_SPLINE_CURVE_WITH_KNOTS('',1,(#3572,#3573),.UNSPECIFIED.,.F.,
  .F.,(2,2),(-60.46596702666,-45.91674024309),.PIECEWISE_BEZIER_KNOTS.);
#3572 = CARTESIAN_POINT('',(0.,-12.7));
#3573 = CARTESIAN_POINT('',(14.549226783579,-12.7));
#3574 = ( GEOMETRIC_REPRESENTATION_CONTEXT(2) 
PARAMETRIC_REPRESENTATION_CONTEXT() REPRESENTATION_CONTEXT('2D SPACE',''
  ) );
#3575 = PCURVE('',#2188,#3576);
#3576 = DEFINITIONAL_REPRESENTATION('',(#3577),#3580);
#3577 = B_SPLINE_CURVE_WITH_KNOTS('',1,(#3578,#3579),.UNSPECIFIED.,.F.,
  .F.,(2,2),(-60.46596702666,-45.91674024309),.PIECEWISE_BEZIER_KNOTS.);
#3578 = CARTESIAN_POINT('',(317.38128331655,43.6));
#3579 = CARTESIAN_POINT('',(310.10666992475,56.199999999999));
#3580 = ( GEOMETRIC_REPRESENTATION_CONTEXT(2) 
PARAMETRIC_REPRESENTATION_CONTEXT() REPRESENTATION_CONTEXT('2D SPACE',''
  ) );
#3581 = ORIENTED_EDGE('',*,*,#3582,.F.);
#3582 = EDGE_CURVE('',#1153,#3562,#3583,.T.);
#3583 = SURFACE_CURVE('',#3584,(#3588,#3595),.PCURVE_S1.);
#3584 = LINE('',#3585,#3586);
#3585 = CARTESIAN_POINT('',(310.10666992476,56.2,0.));
#3586 = VECTOR('',#3587,1.);
#3587 = DIRECTION('',(0.,0.,1.));
#3588 = PCURVE('',#1168,#3589);
#3589 = DEFINITIONAL_REPRESENTATION('',(#3590),#3594);
#3590 = LINE('',#3591,#3592);
#3591 = CARTESIAN_POINT('',(14.549226783579,0.));
#3592 = VECTOR('',#3593,1.);
#3593 = DIRECTION('',(0.,-1.));
#3594 = ( GEOMETRIC_REPRESENTATION_CONTEXT(2) 
PARAMETRIC_REPRESENTATION_CONTEXT() REPRESENTATION_CONTEXT('2D SPACE',''
  ) );
#3595 = PCURVE('',#1306,#3596);
#3596 = DEFINITIONAL_REPRESENTATION('',(#3597),#3601);
#3597 = LINE('',#3598,#3599);
#3598 = CARTESIAN_POINT('',(0.,-0.));
#3599 = VECTOR('',#3600,1.);
#3600 = DIRECTION('',(0.,-1.));
#3601 = ( GEOMETRIC_REPRESENTATION_CONTEXT(2) 
PARAMETRIC_REPRESENTATION_CONTEXT() REPRESENTATION_CONTEXT('2D SPACE',''
  ) );
#3602 = ADVANCED_FACE('',(#3603),#1196,.T.);
#3603 = FACE_BOUND('',#3604,.T.);
#3604 = EDGE_LOOP('',(#3605,#3606,#3629,#3648));
#3605 = ORIENTED_EDGE('',*,*,#1180,.F.);
#3606 = ORIENTED_EDGE('',*,*,#3607,.T.);
#3607 = EDGE_CURVE('',#1181,#3608,#3610,.T.);
#3608 = VERTEX_POINT('',#3609);
#3609 = CARTESIAN_POINT('',(310.10666992476,31.,12.7));
#3610 = SURFACE_CURVE('',#3611,(#3615,#3622),.PCURVE_S1.);
#3611 = LINE('',#3612,#3613);
#3612 = CARTESIAN_POINT('',(310.10666992476,31.,0.));
#3613 = VECTOR('',#3614,1.);
#3614 = DIRECTION('',(0.,0.,1.));
#3615 = PCURVE('',#1196,#3616);
#3616 = DEFINITIONAL_REPRESENTATION('',(#3617),#3621);
#3617 = LINE('',#3618,#3619);
#3618 = CARTESIAN_POINT('',(0.,0.));
#3619 = VECTOR('',#3620,1.);
#3620 = DIRECTION('',(0.,-1.));
#3621 = ( GEOMETRIC_REPRESENTATION_CONTEXT(2) 
PARAMETRIC_REPRESENTATION_CONTEXT() REPRESENTATION_CONTEXT('2D SPACE',''
  ) );
#3622 = PCURVE('',#1224,#3623);
#3623 = DEFINITIONAL_REPRESENTATION('',(#3624),#3628);
#3624 = LINE('',#3625,#3626);
#3625 = CARTESIAN_POINT('',(14.54922678358,0.));
#3626 = VECTOR('',#3627,1.);
#3627 = DIRECTION('',(0.,-1.));
#3628 = ( GEOMETRIC_REPRESENTATION_CONTEXT(2) 
PARAMETRIC_REPRESENTATION_CONTEXT() REPRESENTATION_CONTEXT('2D SPACE',''
  ) );
#3629 = ORIENTED_EDGE('',*,*,#3630,.T.);
#3630 = EDGE_CURVE('',#3608,#3539,#3631,.T.);
#3631 = SURFACE_CURVE('',#3632,(#3636,#3642),.PCURVE_S1.);
#3632 = LINE('',#3633,#3634);
#3633 = CARTESIAN_POINT('',(264.6316393048,-47.76506350947,12.7));
#3634 = VECTOR('',#3635,1.);
#3635 = DIRECTION('',(0.5,0.866025403784,-0.));
#3636 = PCURVE('',#1196,#3637);
#3637 = DEFINITIONAL_REPRESENTATION('',(#3638),#3641);
#3638 = B_SPLINE_CURVE_WITH_KNOTS('',1,(#3639,#3640),.UNSPECIFIED.,.F.,
  .F.,(2,2),(90.950061239877,105.49928802345),.PIECEWISE_BEZIER_KNOTS.);
#3639 = CARTESIAN_POINT('',(0.,-12.7));
#3640 = CARTESIAN_POINT('',(14.549226783579,-12.7));
#3641 = ( GEOMETRIC_REPRESENTATION_CONTEXT(2) 
PARAMETRIC_REPRESENTATION_CONTEXT() REPRESENTATION_CONTEXT('2D SPACE',''
  ) );
#3642 = PCURVE('',#2188,#3643);
#3643 = DEFINITIONAL_REPRESENTATION('',(#3644),#3647);
#3644 = B_SPLINE_CURVE_WITH_KNOTS('',1,(#3645,#3646),.UNSPECIFIED.,.F.,
  .F.,(2,2),(90.950061239877,105.49928802345),.PIECEWISE_BEZIER_KNOTS.);
#3645 = CARTESIAN_POINT('',(310.10666992476,31.));
#3646 = CARTESIAN_POINT('',(317.38128331655,43.599999999999));
#3647 = ( GEOMETRIC_REPRESENTATION_CONTEXT(2) 
PARAMETRIC_REPRESENTATION_CONTEXT() REPRESENTATION_CONTEXT('2D SPACE',''
  ) );
#3648 = ORIENTED_EDGE('',*,*,#3538,.F.);
#3649 = ADVANCED_FACE('',(#3650),#1306,.T.);
#3650 = FACE_BOUND('',#3651,.T.);
#3651 = EDGE_LOOP('',(#3652,#3653,#3654,#3675));
#3652 = ORIENTED_EDGE('',*,*,#1292,.F.);
#3653 = ORIENTED_EDGE('',*,*,#3582,.T.);
#3654 = ORIENTED_EDGE('',*,*,#3655,.T.);
#3655 = EDGE_CURVE('',#3562,#3656,#3658,.T.);
#3656 = VERTEX_POINT('',#3657);
#3657 = CARTESIAN_POINT('',(295.55744314118,56.2,12.7));
#3658 = SURFACE_CURVE('',#3659,(#3663,#3669),.PCURVE_S1.);
#3659 = LINE('',#3660,#3661);
#3660 = CARTESIAN_POINT('',(155.05333496238,56.2,12.7));
#3661 = VECTOR('',#3662,1.);
#3662 = DIRECTION('',(-1.,0.,0.));
#3663 = PCURVE('',#1306,#3664);
#3664 = DEFINITIONAL_REPRESENTATION('',(#3665),#3668);
#3665 = B_SPLINE_CURVE_WITH_KNOTS('',1,(#3666,#3667),.UNSPECIFIED.,.F.,
  .F.,(2,2),(-155.0533349623,-140.5041081788),.PIECEWISE_BEZIER_KNOTS.);
#3666 = CARTESIAN_POINT('',(0.,-12.7));
#3667 = CARTESIAN_POINT('',(14.54922678358,-12.7));
#3668 = ( GEOMETRIC_REPRESENTATION_CONTEXT(2) 
PARAMETRIC_REPRESENTATION_CONTEXT() REPRESENTATION_CONTEXT('2D SPACE',''
  ) );
#3669 = PCURVE('',#2188,#3670);
#3670 = DEFINITIONAL_REPRESENTATION('',(#3671),#3674);
#3671 = B_SPLINE_CURVE_WITH_KNOTS('',1,(#3672,#3673),.UNSPECIFIED.,.F.,
  .F.,(2,2),(-155.0533349623,-140.5041081788),.PIECEWISE_BEZIER_KNOTS.);
#3672 = CARTESIAN_POINT('',(310.10666992476,56.2));
#3673 = CARTESIAN_POINT('',(295.55744314118,56.2));
#3674 = ( GEOMETRIC_REPRESENTATION_CONTEXT(2) 
PARAMETRIC_REPRESENTATION_CONTEXT() REPRESENTATION_CONTEXT('2D SPACE',''
  ) );
#3675 = ORIENTED_EDGE('',*,*,#3676,.F.);
#3676 = EDGE_CURVE('',#1265,#3656,#3677,.T.);
#3677 = SURFACE_CURVE('',#3678,(#3682,#3689),.PCURVE_S1.);
#3678 = LINE('',#3679,#3680);
#3679 = CARTESIAN_POINT('',(295.55744314118,56.2,0.));
#3680 = VECTOR('',#3681,1.);
#3681 = DIRECTION('',(0.,0.,1.));
#3682 = PCURVE('',#1306,#3683);
#3683 = DEFINITIONAL_REPRESENTATION('',(#3684),#3688);
#3684 = LINE('',#3685,#3686);
#3685 = CARTESIAN_POINT('',(14.54922678358,0.));
#3686 = VECTOR('',#3687,1.);
#3687 = DIRECTION('',(0.,-1.));
#3688 = ( GEOMETRIC_REPRESENTATION_CONTEXT(2) 
PARAMETRIC_REPRESENTATION_CONTEXT() REPRESENTATION_CONTEXT('2D SPACE',''
  ) );
#3689 = PCURVE('',#1280,#3690);
#3690 = DEFINITIONAL_REPRESENTATION('',(#3691),#3695);
#3691 = LINE('',#3692,#3693);
#3692 = CARTESIAN_POINT('',(0.,0.));
#3693 = VECTOR('',#3694,1.);
#3694 = DIRECTION('',(0.,-1.));
#3695 = ( GEOMETRIC_REPRESENTATION_CONTEXT(2) 
PARAMETRIC_REPRESENTATION_CONTEXT() REPRESENTATION_CONTEXT('2D SPACE',''
  ) );
#3696 = ADVANCED_FACE('',(#3697),#1224,.T.);
#3697 = FACE_BOUND('',#3698,.T.);
#3698 = EDGE_LOOP('',(#3699,#3700,#3723,#3742));
#3699 = ORIENTED_EDGE('',*,*,#1208,.F.);
#3700 = ORIENTED_EDGE('',*,*,#3701,.T.);
#3701 = EDGE_CURVE('',#1209,#3702,#3704,.T.);
#3702 = VERTEX_POINT('',#3703);
#3703 = CARTESIAN_POINT('',(295.55744314118,31.,12.7));
#3704 = SURFACE_CURVE('',#3705,(#3709,#3716),.PCURVE_S1.);
#3705 = LINE('',#3706,#3707);
#3706 = CARTESIAN_POINT('',(295.55744314118,31.,0.));
#3707 = VECTOR('',#3708,1.);
#3708 = DIRECTION('',(0.,0.,1.));
#3709 = PCURVE('',#1224,#3710);
#3710 = DEFINITIONAL_REPRESENTATION('',(#3711),#3715);
#3711 = LINE('',#3712,#3713);
#3712 = CARTESIAN_POINT('',(0.,0.));
#3713 = VECTOR('',#3714,1.);
#3714 = DIRECTION('',(0.,-1.));
#3715 = ( GEOMETRIC_REPRESENTATION_CONTEXT(2) 
PARAMETRIC_REPRESENTATION_CONTEXT() REPRESENTATION_CONTEXT('2D SPACE',''
  ) );
#3716 = PCURVE('',#1252,#3717);
#3717 = DEFINITIONAL_REPRESENTATION('',(#3718),#3722);
#3718 = LINE('',#3719,#3720);
#3719 = CARTESIAN_POINT('',(14.549226783574,0.));
#3720 = VECTOR('',#3721,1.);
#3721 = DIRECTION('',(0.,-1.));
#3722 = ( GEOMETRIC_REPRESENTATION_CONTEXT(2) 
PARAMETRIC_REPRESENTATION_CONTEXT() REPRESENTATION_CONTEXT('2D SPACE',''
  ) );
#3723 = ORIENTED_EDGE('',*,*,#3724,.T.);
#3724 = EDGE_CURVE('',#3702,#3608,#3725,.T.);
#3725 = SURFACE_CURVE('',#3726,(#3730,#3736),.PCURVE_S1.);
#3726 = LINE('',#3727,#3728);
#3727 = CARTESIAN_POINT('',(147.77872157059,31.,12.7));
#3728 = VECTOR('',#3729,1.);
#3729 = DIRECTION('',(1.,-2.441857379535E-16,0.));
#3730 = PCURVE('',#1224,#3731);
#3731 = DEFINITIONAL_REPRESENTATION('',(#3732),#3735);
#3732 = B_SPLINE_CURVE_WITH_KNOTS('',1,(#3733,#3734),.UNSPECIFIED.,.F.,
  .F.,(2,2),(147.77872157059,162.32794835417),.PIECEWISE_BEZIER_KNOTS.);
#3733 = CARTESIAN_POINT('',(0.,-12.7));
#3734 = CARTESIAN_POINT('',(14.54922678358,-12.7));
#3735 = ( GEOMETRIC_REPRESENTATION_CONTEXT(2) 
PARAMETRIC_REPRESENTATION_CONTEXT() REPRESENTATION_CONTEXT('2D SPACE',''
  ) );
#3736 = PCURVE('',#2188,#3737);
#3737 = DEFINITIONAL_REPRESENTATION('',(#3738),#3741);
#3738 = B_SPLINE_CURVE_WITH_KNOTS('',1,(#3739,#3740),.UNSPECIFIED.,.F.,
  .F.,(2,2),(147.77872157059,162.32794835417),.PIECEWISE_BEZIER_KNOTS.);
#3739 = CARTESIAN_POINT('',(295.55744314118,31.));
#3740 = CARTESIAN_POINT('',(310.10666992476,31.));
#3741 = ( GEOMETRIC_REPRESENTATION_CONTEXT(2) 
PARAMETRIC_REPRESENTATION_CONTEXT() REPRESENTATION_CONTEXT('2D SPACE',''
  ) );
#3742 = ORIENTED_EDGE('',*,*,#3607,.F.);
#3743 = ADVANCED_FACE('',(#3744),#1280,.T.);
#3744 = FACE_BOUND('',#3745,.T.);
#3745 = EDGE_LOOP('',(#3746,#3747,#3748,#3769));
#3746 = ORIENTED_EDGE('',*,*,#1264,.F.);
#3747 = ORIENTED_EDGE('',*,*,#3676,.T.);
#3748 = ORIENTED_EDGE('',*,*,#3749,.T.);
#3749 = EDGE_CURVE('',#3656,#3750,#3752,.T.);
#3750 = VERTEX_POINT('',#3751);
#3751 = CARTESIAN_POINT('',(288.2828297494,43.6,12.7));
#3752 = SURFACE_CURVE('',#3753,(#3757,#3763),.PCURVE_S1.);
#3753 = LINE('',#3754,#3755);
#3754 = CARTESIAN_POINT('',(246.44510582533,-28.86506350947,12.7));
#3755 = VECTOR('',#3756,1.);
#3756 = DIRECTION('',(-0.5,-0.866025403784,0.));
#3757 = PCURVE('',#1280,#3758);
#3758 = DEFINITIONAL_REPRESENTATION('',(#3759),#3762);
#3759 = B_SPLINE_CURVE_WITH_KNOTS('',1,(#3760,#3761),.UNSPECIFIED.,.F.,
  .F.,(2,2),(-98.22467463166,-83.67544784808),.PIECEWISE_BEZIER_KNOTS.);
#3760 = CARTESIAN_POINT('',(0.,-12.7));
#3761 = CARTESIAN_POINT('',(14.549226783574,-12.7));
#3762 = ( GEOMETRIC_REPRESENTATION_CONTEXT(2) 
PARAMETRIC_REPRESENTATION_CONTEXT() REPRESENTATION_CONTEXT('2D SPACE',''
  ) );
#3763 = PCURVE('',#2188,#3764);
#3764 = DEFINITIONAL_REPRESENTATION('',(#3765),#3768);
#3765 = B_SPLINE_CURVE_WITH_KNOTS('',1,(#3766,#3767),.UNSPECIFIED.,.F.,
  .F.,(2,2),(-98.22467463166,-83.67544784808),.PIECEWISE_BEZIER_KNOTS.);
#3766 = CARTESIAN_POINT('',(295.55744314118,56.2));
#3767 = CARTESIAN_POINT('',(288.28282974939,43.600000000006));
#3768 = ( GEOMETRIC_REPRESENTATION_CONTEXT(2) 
PARAMETRIC_REPRESENTATION_CONTEXT() REPRESENTATION_CONTEXT('2D SPACE',''
  ) );
#3769 = ORIENTED_EDGE('',*,*,#3770,.F.);
#3770 = EDGE_CURVE('',#1237,#3750,#3771,.T.);
#3771 = SURFACE_CURVE('',#3772,(#3776,#3783),.PCURVE_S1.);
#3772 = LINE('',#3773,#3774);
#3773 = CARTESIAN_POINT('',(288.2828297494,43.6,0.));
#3774 = VECTOR('',#3775,1.);
#3775 = DIRECTION('',(0.,0.,1.));
#3776 = PCURVE('',#1280,#3777);
#3777 = DEFINITIONAL_REPRESENTATION('',(#3778),#3782);
#3778 = LINE('',#3779,#3780);
#3779 = CARTESIAN_POINT('',(14.549226783574,0.));
#3780 = VECTOR('',#3781,1.);
#3781 = DIRECTION('',(0.,-1.));
#3782 = ( GEOMETRIC_REPRESENTATION_CONTEXT(2) 
PARAMETRIC_REPRESENTATION_CONTEXT() REPRESENTATION_CONTEXT('2D SPACE',''
  ) );
#3783 = PCURVE('',#1252,#3784);
#3784 = DEFINITIONAL_REPRESENTATION('',(#3785),#3789);
#3785 = LINE('',#3786,#3787);
#3786 = CARTESIAN_POINT('',(0.,0.));
#3787 = VECTOR('',#3788,1.);
#3788 = DIRECTION('',(0.,-1.));
#3789 = ( GEOMETRIC_REPRESENTATION_CONTEXT(2) 
PARAMETRIC_REPRESENTATION_CONTEXT() REPRESENTATION_CONTEXT('2D SPACE',''
  ) );
#3790 = ADVANCED_FACE('',(#3791),#1252,.T.);
#3791 = FACE_BOUND('',#3792,.T.);
#3792 = EDGE_LOOP('',(#3793,#3794,#3795,#3814));
#3793 = ORIENTED_EDGE('',*,*,#1236,.F.);
#3794 = ORIENTED_EDGE('',*,*,#3770,.T.);
#3795 = ORIENTED_EDGE('',*,*,#3796,.T.);
#3796 = EDGE_CURVE('',#3750,#3702,#3797,.T.);
#3797 = SURFACE_CURVE('',#3798,(#3802,#3808),.PCURVE_S1.);
#3798 = LINE('',#3799,#3800);
#3799 = CARTESIAN_POINT('',(261.68715293195,89.665063509481,12.7));
#3800 = VECTOR('',#3801,1.);
#3801 = DIRECTION('',(0.5,-0.866025403784,0.));
#3802 = PCURVE('',#1252,#3803);
#3803 = DEFINITIONAL_REPRESENTATION('',(#3804),#3807);
#3804 = B_SPLINE_CURVE_WITH_KNOTS('',1,(#3805,#3806),.UNSPECIFIED.,.F.,
  .F.,(2,2),(53.191353634879,67.740580418453),.PIECEWISE_BEZIER_KNOTS.);
#3805 = CARTESIAN_POINT('',(0.,-12.7));
#3806 = CARTESIAN_POINT('',(14.549226783574,-12.7));
#3807 = ( GEOMETRIC_REPRESENTATION_CONTEXT(2) 
PARAMETRIC_REPRESENTATION_CONTEXT() REPRESENTATION_CONTEXT('2D SPACE',''
  ) );
#3808 = PCURVE('',#2188,#3809);
#3809 = DEFINITIONAL_REPRESENTATION('',(#3810),#3813);
#3810 = B_SPLINE_CURVE_WITH_KNOTS('',1,(#3811,#3812),.UNSPECIFIED.,.F.,
  .F.,(2,2),(53.191353634879,67.740580418453),.PIECEWISE_BEZIER_KNOTS.);
#3811 = CARTESIAN_POINT('',(288.2828297494,43.6));
#3812 = CARTESIAN_POINT('',(295.55744314119,31.000000000006));
#3813 = ( GEOMETRIC_REPRESENTATION_CONTEXT(2) 
PARAMETRIC_REPRESENTATION_CONTEXT() REPRESENTATION_CONTEXT('2D SPACE',''
  ) );
#3814 = ORIENTED_EDGE('',*,*,#3701,.F.);
#3815 = ADVANCED_FACE('',(#3816),#1338,.T.);
#3816 = FACE_BOUND('',#3817,.T.);
#3817 = EDGE_LOOP('',(#3818,#3819,#3842,#3863));
#3818 = ORIENTED_EDGE('',*,*,#1320,.F.);
#3819 = ORIENTED_EDGE('',*,*,#3820,.T.);
#3820 = EDGE_CURVE('',#1321,#3821,#3823,.T.);
#3821 = VERTEX_POINT('',#3822);
#3822 = CARTESIAN_POINT('',(378.34947174298,43.6,12.7));
#3823 = SURFACE_CURVE('',#3824,(#3828,#3835),.PCURVE_S1.);
#3824 = LINE('',#3825,#3826);
#3825 = CARTESIAN_POINT('',(378.34947174298,43.6,0.));
#3826 = VECTOR('',#3827,1.);
#3827 = DIRECTION('',(0.,0.,1.));
#3828 = PCURVE('',#1338,#3829);
#3829 = DEFINITIONAL_REPRESENTATION('',(#3830),#3834);
#3830 = LINE('',#3831,#3832);
#3831 = CARTESIAN_POINT('',(0.,0.));
#3832 = VECTOR('',#3833,1.);
#3833 = DIRECTION('',(0.,-1.));
#3834 = ( GEOMETRIC_REPRESENTATION_CONTEXT(2) 
PARAMETRIC_REPRESENTATION_CONTEXT() REPRESENTATION_CONTEXT('2D SPACE',''
  ) );
#3835 = PCURVE('',#1366,#3836);
#3836 = DEFINITIONAL_REPRESENTATION('',(#3837),#3841);
#3837 = LINE('',#3838,#3839);
#3838 = CARTESIAN_POINT('',(14.549226783579,0.));
#3839 = VECTOR('',#3840,1.);
#3840 = DIRECTION('',(0.,-1.));
#3841 = ( GEOMETRIC_REPRESENTATION_CONTEXT(2) 
PARAMETRIC_REPRESENTATION_CONTEXT() REPRESENTATION_CONTEXT('2D SPACE',''
  ) );
#3842 = ORIENTED_EDGE('',*,*,#3843,.T.);
#3843 = EDGE_CURVE('',#3821,#3844,#3846,.T.);
#3844 = VERTEX_POINT('',#3845);
#3845 = CARTESIAN_POINT('',(371.07485835119,56.2,12.7));
#3846 = SURFACE_CURVE('',#3847,(#3851,#3857),.PCURVE_S1.);
#3847 = LINE('',#3848,#3849);
#3848 = CARTESIAN_POINT('',(340.49546467632,109.16506350948,12.7));
#3849 = VECTOR('',#3850,1.);
#3850 = DIRECTION('',(-0.5,0.866025403784,0.));
#3851 = PCURVE('',#1338,#3852);
#3852 = DEFINITIONAL_REPRESENTATION('',(#3853),#3856);
#3853 = B_SPLINE_CURVE_WITH_KNOTS('',1,(#3854,#3855),.UNSPECIFIED.,.F.,
  .F.,(2,2),(-75.70801413328,-61.1587873497),.PIECEWISE_BEZIER_KNOTS.);
#3854 = CARTESIAN_POINT('',(0.,-12.7));
#3855 = CARTESIAN_POINT('',(14.549226783579,-12.7));
#3856 = ( GEOMETRIC_REPRESENTATION_CONTEXT(2) 
PARAMETRIC_REPRESENTATION_CONTEXT() REPRESENTATION_CONTEXT('2D SPACE',''
  ) );
#3857 = PCURVE('',#2188,#3858);
#3858 = DEFINITIONAL_REPRESENTATION('',(#3859),#3862);
#3859 = B_SPLINE_CURVE_WITH_KNOTS('',1,(#3860,#3861),.UNSPECIFIED.,.F.,
  .F.,(2,2),(-75.70801413328,-61.1587873497),.PIECEWISE_BEZIER_KNOTS.);
#3860 = CARTESIAN_POINT('',(378.34947174298,43.6));
#3861 = CARTESIAN_POINT('',(371.07485835118,56.199999999999));
#3862 = ( GEOMETRIC_REPRESENTATION_CONTEXT(2) 
PARAMETRIC_REPRESENTATION_CONTEXT() REPRESENTATION_CONTEXT('2D SPACE',''
  ) );
#3863 = ORIENTED_EDGE('',*,*,#3864,.F.);
#3864 = EDGE_CURVE('',#1323,#3844,#3865,.T.);
#3865 = SURFACE_CURVE('',#3866,(#3870,#3877),.PCURVE_S1.);
#3866 = LINE('',#3867,#3868);
#3867 = CARTESIAN_POINT('',(371.07485835119,56.2,0.));
#3868 = VECTOR('',#3869,1.);
#3869 = DIRECTION('',(0.,0.,1.));
#3870 = PCURVE('',#1338,#3871);
#3871 = DEFINITIONAL_REPRESENTATION('',(#3872),#3876);
#3872 = LINE('',#3873,#3874);
#3873 = CARTESIAN_POINT('',(14.549226783579,0.));
#3874 = VECTOR('',#3875,1.);
#3875 = DIRECTION('',(0.,-1.));
#3876 = ( GEOMETRIC_REPRESENTATION_CONTEXT(2) 
PARAMETRIC_REPRESENTATION_CONTEXT() REPRESENTATION_CONTEXT('2D SPACE',''
  ) );
#3877 = PCURVE('',#1476,#3878);
#3878 = DEFINITIONAL_REPRESENTATION('',(#3879),#3883);
#3879 = LINE('',#3880,#3881);
#3880 = CARTESIAN_POINT('',(0.,-0.));
#3881 = VECTOR('',#3882,1.);
#3882 = DIRECTION('',(0.,-1.));
#3883 = ( GEOMETRIC_REPRESENTATION_CONTEXT(2) 
PARAMETRIC_REPRESENTATION_CONTEXT() REPRESENTATION_CONTEXT('2D SPACE',''
  ) );
#3884 = ADVANCED_FACE('',(#3885),#1366,.T.);
#3885 = FACE_BOUND('',#3886,.T.);
#3886 = EDGE_LOOP('',(#3887,#3888,#3911,#3930));
#3887 = ORIENTED_EDGE('',*,*,#1350,.F.);
#3888 = ORIENTED_EDGE('',*,*,#3889,.T.);
#3889 = EDGE_CURVE('',#1351,#3890,#3892,.T.);
#3890 = VERTEX_POINT('',#3891);
#3891 = CARTESIAN_POINT('',(371.07485835119,31.,12.7));
#3892 = SURFACE_CURVE('',#3893,(#3897,#3904),.PCURVE_S1.);
#3893 = LINE('',#3894,#3895);
#3894 = CARTESIAN_POINT('',(371.07485835119,31.,0.));
#3895 = VECTOR('',#3896,1.);
#3896 = DIRECTION('',(0.,0.,1.));
#3897 = PCURVE('',#1366,#3898);
#3898 = DEFINITIONAL_REPRESENTATION('',(#3899),#3903);
#3899 = LINE('',#3900,#3901);
#3900 = CARTESIAN_POINT('',(0.,0.));
#3901 = VECTOR('',#3902,1.);
#3902 = DIRECTION('',(0.,-1.));
#3903 = ( GEOMETRIC_REPRESENTATION_CONTEXT(2) 
PARAMETRIC_REPRESENTATION_CONTEXT() REPRESENTATION_CONTEXT('2D SPACE',''
  ) );
#3904 = PCURVE('',#1394,#3905);
#3905 = DEFINITIONAL_REPRESENTATION('',(#3906),#3910);
#3906 = LINE('',#3907,#3908);
#3907 = CARTESIAN_POINT('',(14.54922678358,0.));
#3908 = VECTOR('',#3909,1.);
#3909 = DIRECTION('',(0.,-1.));
#3910 = ( GEOMETRIC_REPRESENTATION_CONTEXT(2) 
PARAMETRIC_REPRESENTATION_CONTEXT() REPRESENTATION_CONTEXT('2D SPACE',''
  ) );
#3911 = ORIENTED_EDGE('',*,*,#3912,.T.);
#3912 = EDGE_CURVE('',#3890,#3821,#3913,.T.);
#3913 = SURFACE_CURVE('',#3914,(#3918,#3924),.PCURVE_S1.);
#3914 = LINE('',#3915,#3916);
#3915 = CARTESIAN_POINT('',(317.97880417792,-60.96506350947,12.7));
#3916 = VECTOR('',#3917,1.);
#3917 = DIRECTION('',(0.5,0.866025403784,-0.));
#3918 = PCURVE('',#1366,#3919);
#3919 = DEFINITIONAL_REPRESENTATION('',(#3920),#3923);
#3920 = B_SPLINE_CURVE_WITH_KNOTS('',1,(#3921,#3922),.UNSPECIFIED.,.F.,
  .F.,(2,2),(106.19210834649,120.74133513006),.PIECEWISE_BEZIER_KNOTS.);
#3921 = CARTESIAN_POINT('',(0.,-12.7));
#3922 = CARTESIAN_POINT('',(14.549226783579,-12.7));
#3923 = ( GEOMETRIC_REPRESENTATION_CONTEXT(2) 
PARAMETRIC_REPRESENTATION_CONTEXT() REPRESENTATION_CONTEXT('2D SPACE',''
  ) );
#3924 = PCURVE('',#2188,#3925);
#3925 = DEFINITIONAL_REPRESENTATION('',(#3926),#3929);
#3926 = B_SPLINE_CURVE_WITH_KNOTS('',1,(#3927,#3928),.UNSPECIFIED.,.F.,
  .F.,(2,2),(106.19210834649,120.74133513006),.PIECEWISE_BEZIER_KNOTS.);
#3927 = CARTESIAN_POINT('',(371.07485835119,31.));
#3928 = CARTESIAN_POINT('',(378.34947174298,43.599999999999));
#3929 = ( GEOMETRIC_REPRESENTATION_CONTEXT(2) 
PARAMETRIC_REPRESENTATION_CONTEXT() REPRESENTATION_CONTEXT('2D SPACE',''
  ) );
#3930 = ORIENTED_EDGE('',*,*,#3820,.F.);
#3931 = ADVANCED_FACE('',(#3932),#1476,.T.);
#3932 = FACE_BOUND('',#3933,.T.);
#3933 = EDGE_LOOP('',(#3934,#3935,#3936,#3957));
#3934 = ORIENTED_EDGE('',*,*,#1462,.F.);
#3935 = ORIENTED_EDGE('',*,*,#3864,.T.);
#3936 = ORIENTED_EDGE('',*,*,#3937,.T.);
#3937 = EDGE_CURVE('',#3844,#3938,#3940,.T.);
#3938 = VERTEX_POINT('',#3939);
#3939 = CARTESIAN_POINT('',(356.52563156761,56.2,12.7));
#3940 = SURFACE_CURVE('',#3941,(#3945,#3951),.PCURVE_S1.);
#3941 = LINE('',#3942,#3943);
#3942 = CARTESIAN_POINT('',(185.53742917559,56.2,12.7));
#3943 = VECTOR('',#3944,1.);
#3944 = DIRECTION('',(-1.,0.,0.));
#3945 = PCURVE('',#1476,#3946);
#3946 = DEFINITIONAL_REPRESENTATION('',(#3947),#3950);
#3947 = B_SPLINE_CURVE_WITH_KNOTS('',1,(#3948,#3949),.UNSPECIFIED.,.F.,
  .F.,(2,2),(-185.5374291755,-170.988202392),.PIECEWISE_BEZIER_KNOTS.);
#3948 = CARTESIAN_POINT('',(0.,-12.7));
#3949 = CARTESIAN_POINT('',(14.54922678358,-12.7));
#3950 = ( GEOMETRIC_REPRESENTATION_CONTEXT(2) 
PARAMETRIC_REPRESENTATION_CONTEXT() REPRESENTATION_CONTEXT('2D SPACE',''
  ) );
#3951 = PCURVE('',#2188,#3952);
#3952 = DEFINITIONAL_REPRESENTATION('',(#3953),#3956);
#3953 = B_SPLINE_CURVE_WITH_KNOTS('',1,(#3954,#3955),.UNSPECIFIED.,.F.,
  .F.,(2,2),(-185.5374291755,-170.988202392),.PIECEWISE_BEZIER_KNOTS.);
#3954 = CARTESIAN_POINT('',(371.07485835119,56.2));
#3955 = CARTESIAN_POINT('',(356.52563156761,56.2));
#3956 = ( GEOMETRIC_REPRESENTATION_CONTEXT(2) 
PARAMETRIC_REPRESENTATION_CONTEXT() REPRESENTATION_CONTEXT('2D SPACE',''
  ) );
#3957 = ORIENTED_EDGE('',*,*,#3958,.F.);
#3958 = EDGE_CURVE('',#1435,#3938,#3959,.T.);
#3959 = SURFACE_CURVE('',#3960,(#3964,#3971),.PCURVE_S1.);
#3960 = LINE('',#3961,#3962);
#3961 = CARTESIAN_POINT('',(356.52563156761,56.2,0.));
#3962 = VECTOR('',#3963,1.);
#3963 = DIRECTION('',(0.,0.,1.));
#3964 = PCURVE('',#1476,#3965);
#3965 = DEFINITIONAL_REPRESENTATION('',(#3966),#3970);
#3966 = LINE('',#3967,#3968);
#3967 = CARTESIAN_POINT('',(14.54922678358,0.));
#3968 = VECTOR('',#3969,1.);
#3969 = DIRECTION('',(0.,-1.));
#3970 = ( GEOMETRIC_REPRESENTATION_CONTEXT(2) 
PARAMETRIC_REPRESENTATION_CONTEXT() REPRESENTATION_CONTEXT('2D SPACE',''
  ) );
#3971 = PCURVE('',#1450,#3972);
#3972 = DEFINITIONAL_REPRESENTATION('',(#3973),#3977);
#3973 = LINE('',#3974,#3975);
#3974 = CARTESIAN_POINT('',(0.,0.));
#3975 = VECTOR('',#3976,1.);
#3976 = DIRECTION('',(0.,-1.));
#3977 = ( GEOMETRIC_REPRESENTATION_CONTEXT(2) 
PARAMETRIC_REPRESENTATION_CONTEXT() REPRESENTATION_CONTEXT('2D SPACE',''
  ) );
#3978 = ADVANCED_FACE('',(#3979),#1394,.T.);
#3979 = FACE_BOUND('',#3980,.T.);
#3980 = EDGE_LOOP('',(#3981,#3982,#4005,#4024));
#3981 = ORIENTED_EDGE('',*,*,#1378,.F.);
#3982 = ORIENTED_EDGE('',*,*,#3983,.T.);
#3983 = EDGE_CURVE('',#1379,#3984,#3986,.T.);
#3984 = VERTEX_POINT('',#3985);
#3985 = CARTESIAN_POINT('',(356.52563156761,31.,12.7));
#3986 = SURFACE_CURVE('',#3987,(#3991,#3998),.PCURVE_S1.);
#3987 = LINE('',#3988,#3989);
#3988 = CARTESIAN_POINT('',(356.52563156761,31.,0.));
#3989 = VECTOR('',#3990,1.);
#3990 = DIRECTION('',(0.,0.,1.));
#3991 = PCURVE('',#1394,#3992);
#3992 = DEFINITIONAL_REPRESENTATION('',(#3993),#3997);
#3993 = LINE('',#3994,#3995);
#3994 = CARTESIAN_POINT('',(0.,0.));
#3995 = VECTOR('',#3996,1.);
#3996 = DIRECTION('',(0.,-1.));
#3997 = ( GEOMETRIC_REPRESENTATION_CONTEXT(2) 
PARAMETRIC_REPRESENTATION_CONTEXT() REPRESENTATION_CONTEXT('2D SPACE',''
  ) );
#3998 = PCURVE('',#1422,#3999);
#3999 = DEFINITIONAL_REPRESENTATION('',(#4000),#4004);
#4000 = LINE('',#4001,#4002);
#4001 = CARTESIAN_POINT('',(14.549226783579,0.));
#4002 = VECTOR('',#4003,1.);
#4003 = DIRECTION('',(0.,-1.));
#4004 = ( GEOMETRIC_REPRESENTATION_CONTEXT(2) 
PARAMETRIC_REPRESENTATION_CONTEXT() REPRESENTATION_CONTEXT('2D SPACE',''
  ) );
#4005 = ORIENTED_EDGE('',*,*,#4006,.T.);
#4006 = EDGE_CURVE('',#3984,#3890,#4007,.T.);
#4007 = SURFACE_CURVE('',#4008,(#4012,#4018),.PCURVE_S1.);
#4008 = LINE('',#4009,#4010);
#4009 = CARTESIAN_POINT('',(178.2628157838,31.,12.7));
#4010 = VECTOR('',#4011,1.);
#4011 = DIRECTION('',(1.,-2.441857379535E-16,0.));
#4012 = PCURVE('',#1394,#4013);
#4013 = DEFINITIONAL_REPRESENTATION('',(#4014),#4017);
#4014 = B_SPLINE_CURVE_WITH_KNOTS('',1,(#4015,#4016),.UNSPECIFIED.,.F.,
  .F.,(2,2),(178.2628157838,192.81204256738),.PIECEWISE_BEZIER_KNOTS.);
#4015 = CARTESIAN_POINT('',(0.,-12.7));
#4016 = CARTESIAN_POINT('',(14.54922678358,-12.7));
#4017 = ( GEOMETRIC_REPRESENTATION_CONTEXT(2) 
PARAMETRIC_REPRESENTATION_CONTEXT() REPRESENTATION_CONTEXT('2D SPACE',''
  ) );
#4018 = PCURVE('',#2188,#4019);
#4019 = DEFINITIONAL_REPRESENTATION('',(#4020),#4023);
#4020 = B_SPLINE_CURVE_WITH_KNOTS('',1,(#4021,#4022),.UNSPECIFIED.,.F.,
  .F.,(2,2),(178.2628157838,192.81204256738),.PIECEWISE_BEZIER_KNOTS.);
#4021 = CARTESIAN_POINT('',(356.52563156761,31.));
#4022 = CARTESIAN_POINT('',(371.07485835119,31.));
#4023 = ( GEOMETRIC_REPRESENTATION_CONTEXT(2) 
PARAMETRIC_REPRESENTATION_CONTEXT() REPRESENTATION_CONTEXT('2D SPACE',''
  ) );
#4024 = ORIENTED_EDGE('',*,*,#3889,.F.);
#4025 = ADVANCED_FACE('',(#4026),#1450,.T.);
#4026 = FACE_BOUND('',#4027,.T.);
#4027 = EDGE_LOOP('',(#4028,#4029,#4030,#4051));
#4028 = ORIENTED_EDGE('',*,*,#1434,.F.);
#4029 = ORIENTED_EDGE('',*,*,#3958,.T.);
#4030 = ORIENTED_EDGE('',*,*,#4031,.T.);
#4031 = EDGE_CURVE('',#3938,#4032,#4034,.T.);
#4032 = VERTEX_POINT('',#4033);
#4033 = CARTESIAN_POINT('',(349.25101817582,43.6,12.7));
#4034 = SURFACE_CURVE('',#4035,(#4039,#4045),.PCURVE_S1.);
#4035 = LINE('',#4036,#4037);
#4036 = CARTESIAN_POINT('',(299.79227069845,-42.06506350947,12.7));
#4037 = VECTOR('',#4038,1.);
#4038 = DIRECTION('',(-0.5,-0.866025403784,0.));
#4039 = PCURVE('',#1450,#4040);
#4040 = DEFINITIONAL_REPRESENTATION('',(#4041),#4044);
#4041 = B_SPLINE_CURVE_WITH_KNOTS('',1,(#4042,#4043),.UNSPECIFIED.,.F.,
  .F.,(2,2),(-113.4667217382,-98.91749495469),.PIECEWISE_BEZIER_KNOTS.);
#4042 = CARTESIAN_POINT('',(0.,-12.7));
#4043 = CARTESIAN_POINT('',(14.549226783579,-12.7));
#4044 = ( GEOMETRIC_REPRESENTATION_CONTEXT(2) 
PARAMETRIC_REPRESENTATION_CONTEXT() REPRESENTATION_CONTEXT('2D SPACE',''
  ) );
#4045 = PCURVE('',#2188,#4046);
#4046 = DEFINITIONAL_REPRESENTATION('',(#4047),#4050);
#4047 = B_SPLINE_CURVE_WITH_KNOTS('',1,(#4048,#4049),.UNSPECIFIED.,.F.,
  .F.,(2,2),(-113.4667217382,-98.91749495469),.PIECEWISE_BEZIER_KNOTS.);
#4048 = CARTESIAN_POINT('',(356.52563156761,56.2));
#4049 = CARTESIAN_POINT('',(349.25101817581,43.600000000001));
#4050 = ( GEOMETRIC_REPRESENTATION_CONTEXT(2) 
PARAMETRIC_REPRESENTATION_CONTEXT() REPRESENTATION_CONTEXT('2D SPACE',''
  ) );
#4051 = ORIENTED_EDGE('',*,*,#4052,.F.);
#4052 = EDGE_CURVE('',#1407,#4032,#4053,.T.);
#4053 = SURFACE_CURVE('',#4054,(#4058,#4065),.PCURVE_S1.);
#4054 = LINE('',#4055,#4056);
#4055 = CARTESIAN_POINT('',(349.25101817582,43.6,0.));
#4056 = VECTOR('',#4057,1.);
#4057 = DIRECTION('',(0.,0.,1.));
#4058 = PCURVE('',#1450,#4059);
#4059 = DEFINITIONAL_REPRESENTATION('',(#4060),#4064);
#4060 = LINE('',#4061,#4062);
#4061 = CARTESIAN_POINT('',(14.549226783579,0.));
#4062 = VECTOR('',#4063,1.);
#4063 = DIRECTION('',(0.,-1.));
#4064 = ( GEOMETRIC_REPRESENTATION_CONTEXT(2) 
PARAMETRIC_REPRESENTATION_CONTEXT() REPRESENTATION_CONTEXT('2D SPACE',''
  ) );
#4065 = PCURVE('',#1422,#4066);
#4066 = DEFINITIONAL_REPRESENTATION('',(#4067),#4071);
#4067 = LINE('',#4068,#4069);
#4068 = CARTESIAN_POINT('',(0.,0.));
#4069 = VECTOR('',#4070,1.);
#4070 = DIRECTION('',(0.,-1.));
#4071 = ( GEOMETRIC_REPRESENTATION_CONTEXT(2) 
PARAMETRIC_REPRESENTATION_CONTEXT() REPRESENTATION_CONTEXT('2D SPACE',''
  ) );
#4072 = ADVANCED_FACE('',(#4073),#1422,.T.);
#4073 = FACE_BOUND('',#4074,.T.);
#4074 = EDGE_LOOP('',(#4075,#4076,#4077,#4096));
#4075 = ORIENTED_EDGE('',*,*,#1406,.F.);
#4076 = ORIENTED_EDGE('',*,*,#4052,.T.);
#4077 = ORIENTED_EDGE('',*,*,#4078,.T.);
#4078 = EDGE_CURVE('',#4032,#3984,#4079,.T.);
#4079 = SURFACE_CURVE('',#4080,(#4084,#4090),.PCURVE_S1.);
#4080 = LINE('',#4081,#4082);
#4081 = CARTESIAN_POINT('',(315.03431780506,102.86506350948,12.7));
#4082 = VECTOR('',#4083,1.);
#4083 = DIRECTION('',(0.5,-0.866025403784,0.));
#4084 = PCURVE('',#1422,#4085);
#4085 = DEFINITIONAL_REPRESENTATION('',(#4086),#4089);
#4086 = B_SPLINE_CURVE_WITH_KNOTS('',1,(#4087,#4088),.UNSPECIFIED.,.F.,
  .F.,(2,2),(68.43340074149,82.982627525069),.PIECEWISE_BEZIER_KNOTS.);
#4087 = CARTESIAN_POINT('',(0.,-12.7));
#4088 = CARTESIAN_POINT('',(14.549226783579,-12.7));
#4089 = ( GEOMETRIC_REPRESENTATION_CONTEXT(2) 
PARAMETRIC_REPRESENTATION_CONTEXT() REPRESENTATION_CONTEXT('2D SPACE',''
  ) );
#4090 = PCURVE('',#2188,#4091);
#4091 = DEFINITIONAL_REPRESENTATION('',(#4092),#4095);
#4092 = B_SPLINE_CURVE_WITH_KNOTS('',1,(#4093,#4094),.UNSPECIFIED.,.F.,
  .F.,(2,2),(68.43340074149,82.982627525069),.PIECEWISE_BEZIER_KNOTS.);
#4093 = CARTESIAN_POINT('',(349.25101817582,43.6));
#4094 = CARTESIAN_POINT('',(356.52563156761,31.000000000001));
#4095 = ( GEOMETRIC_REPRESENTATION_CONTEXT(2) 
PARAMETRIC_REPRESENTATION_CONTEXT() REPRESENTATION_CONTEXT('2D SPACE',''
  ) );
#4096 = ORIENTED_EDGE('',*,*,#3983,.F.);
#4097 = ADVANCED_FACE('',(#4098),#1508,.T.);
#4098 = FACE_BOUND('',#4099,.T.);
#4099 = EDGE_LOOP('',(#4100,#4101,#4124,#4145));
#4100 = ORIENTED_EDGE('',*,*,#1490,.F.);
#4101 = ORIENTED_EDGE('',*,*,#4102,.T.);
#4102 = EDGE_CURVE('',#1491,#4103,#4105,.T.);
#4103 = VERTEX_POINT('',#4104);
#4104 = CARTESIAN_POINT('',(286.89718910334,61.2,12.7));
#4105 = SURFACE_CURVE('',#4106,(#4110,#4117),.PCURVE_S1.);
#4106 = LINE('',#4107,#4108);
#4107 = CARTESIAN_POINT('',(286.89718910334,61.2,0.));
#4108 = VECTOR('',#4109,1.);
#4109 = DIRECTION('',(0.,0.,1.));
#4110 = PCURVE('',#1508,#4111);
#4111 = DEFINITIONAL_REPRESENTATION('',(#4112),#4116);
#4112 = LINE('',#4113,#4114);
#4113 = CARTESIAN_POINT('',(0.,0.));
#4114 = VECTOR('',#4115,1.);
#4115 = DIRECTION('',(0.,-1.));
#4116 = ( GEOMETRIC_REPRESENTATION_CONTEXT(2) 
PARAMETRIC_REPRESENTATION_CONTEXT() REPRESENTATION_CONTEXT('2D SPACE',''
  ) );
#4117 = PCURVE('',#1536,#4118);
#4118 = DEFINITIONAL_REPRESENTATION('',(#4119),#4123);
#4119 = LINE('',#4120,#4121);
#4120 = CARTESIAN_POINT('',(14.549226783579,0.));
#4121 = VECTOR('',#4122,1.);
#4122 = DIRECTION('',(0.,-1.));
#4123 = ( GEOMETRIC_REPRESENTATION_CONTEXT(2) 
PARAMETRIC_REPRESENTATION_CONTEXT() REPRESENTATION_CONTEXT('2D SPACE',''
  ) );
#4124 = ORIENTED_EDGE('',*,*,#4125,.T.);
#4125 = EDGE_CURVE('',#4103,#4126,#4128,.T.);
#4126 = VERTEX_POINT('',#4127);
#4127 = CARTESIAN_POINT('',(279.62257571155,73.8,12.7));
#4128 = SURFACE_CURVE('',#4129,(#4133,#4139),.PCURVE_S1.);
#4129 = LINE('',#4130,#4131);
#4130 = CARTESIAN_POINT('',(264.2852291433,100.36506350948,12.7));
#4131 = VECTOR('',#4132,1.);
#4132 = DIRECTION('',(-0.5,0.866025403784,0.));
#4133 = PCURVE('',#1508,#4134);
#4134 = DEFINITIONAL_REPRESENTATION('',(#4135),#4138);
#4135 = B_SPLINE_CURVE_WITH_KNOTS('',1,(#4136,#4137),.UNSPECIFIED.,.F.,
  .F.,(2,2),(-45.22391992006,-30.67469313648),.PIECEWISE_BEZIER_KNOTS.);
#4136 = CARTESIAN_POINT('',(0.,-12.7));
#4137 = CARTESIAN_POINT('',(14.549226783579,-12.7));
#4138 = ( GEOMETRIC_REPRESENTATION_CONTEXT(2) 
PARAMETRIC_REPRESENTATION_CONTEXT() REPRESENTATION_CONTEXT('2D SPACE',''
  ) );
#4139 = PCURVE('',#2188,#4140);
#4140 = DEFINITIONAL_REPRESENTATION('',(#4141),#4144);
#4141 = B_SPLINE_CURVE_WITH_KNOTS('',1,(#4142,#4143),.UNSPECIFIED.,.F.,
  .F.,(2,2),(-45.22391992006,-30.67469313648),.PIECEWISE_BEZIER_KNOTS.);
#4142 = CARTESIAN_POINT('',(286.89718910334,61.2));
#4143 = CARTESIAN_POINT('',(279.62257571154,73.799999999999));
#4144 = ( GEOMETRIC_REPRESENTATION_CONTEXT(2) 
PARAMETRIC_REPRESENTATION_CONTEXT() REPRESENTATION_CONTEXT('2D SPACE',''
  ) );
#4145 = ORIENTED_EDGE('',*,*,#4146,.F.);
#4146 = EDGE_CURVE('',#1493,#4126,#4147,.T.);
#4147 = SURFACE_CURVE('',#4148,(#4152,#4159),.PCURVE_S1.);
#4148 = LINE('',#4149,#4150);
#4149 = CARTESIAN_POINT('',(279.62257571155,73.8,0.));
#4150 = VECTOR('',#4151,1.);
#4151 = DIRECTION('',(0.,0.,1.));
#4152 = PCURVE('',#1508,#4153);
#4153 = DEFINITIONAL_REPRESENTATION('',(#4154),#4158);
#4154 = LINE('',#4155,#4156);
#4155 = CARTESIAN_POINT('',(14.549226783579,0.));
#4156 = VECTOR('',#4157,1.);
#4157 = DIRECTION('',(0.,-1.));
#4158 = ( GEOMETRIC_REPRESENTATION_CONTEXT(2) 
PARAMETRIC_REPRESENTATION_CONTEXT() REPRESENTATION_CONTEXT('2D SPACE',''
  ) );
#4159 = PCURVE('',#1646,#4160);
#4160 = DEFINITIONAL_REPRESENTATION('',(#4161),#4165);
#4161 = LINE('',#4162,#4163);
#4162 = CARTESIAN_POINT('',(0.,-0.));
#4163 = VECTOR('',#4164,1.);
#4164 = DIRECTION('',(0.,-1.));
#4165 = ( GEOMETRIC_REPRESENTATION_CONTEXT(2) 
PARAMETRIC_REPRESENTATION_CONTEXT() REPRESENTATION_CONTEXT('2D SPACE',''
  ) );
#4166 = ADVANCED_FACE('',(#4167),#1536,.T.);
#4167 = FACE_BOUND('',#4168,.T.);
#4168 = EDGE_LOOP('',(#4169,#4170,#4193,#4212));
#4169 = ORIENTED_EDGE('',*,*,#1520,.F.);
#4170 = ORIENTED_EDGE('',*,*,#4171,.T.);
#4171 = EDGE_CURVE('',#1521,#4172,#4174,.T.);
#4172 = VERTEX_POINT('',#4173);
#4173 = CARTESIAN_POINT('',(279.62257571155,48.6,12.7));
#4174 = SURFACE_CURVE('',#4175,(#4179,#4186),.PCURVE_S1.);
#4175 = LINE('',#4176,#4177);
#4176 = CARTESIAN_POINT('',(279.62257571155,48.6,0.));
#4177 = VECTOR('',#4178,1.);
#4178 = DIRECTION('',(0.,0.,1.));
#4179 = PCURVE('',#1536,#4180);
#4180 = DEFINITIONAL_REPRESENTATION('',(#4181),#4185);
#4181 = LINE('',#4182,#4183);
#4182 = CARTESIAN_POINT('',(0.,0.));
#4183 = VECTOR('',#4184,1.);
#4184 = DIRECTION('',(0.,-1.));
#4185 = ( GEOMETRIC_REPRESENTATION_CONTEXT(2) 
PARAMETRIC_REPRESENTATION_CONTEXT() REPRESENTATION_CONTEXT('2D SPACE',''
  ) );
#4186 = PCURVE('',#1564,#4187);
#4187 = DEFINITIONAL_REPRESENTATION('',(#4188),#4192);
#4188 = LINE('',#4189,#4190);
#4189 = CARTESIAN_POINT('',(14.54922678358,0.));
#4190 = VECTOR('',#4191,1.);
#4191 = DIRECTION('',(0.,-1.));
#4192 = ( GEOMETRIC_REPRESENTATION_CONTEXT(2) 
PARAMETRIC_REPRESENTATION_CONTEXT() REPRESENTATION_CONTEXT('2D SPACE',''
  ) );
#4193 = ORIENTED_EDGE('',*,*,#4194,.T.);
#4194 = EDGE_CURVE('',#4172,#4103,#4195,.T.);
#4195 = SURFACE_CURVE('',#4196,(#4200,#4206),.PCURVE_S1.);
#4196 = LINE('',#4197,#4198);
#4197 = CARTESIAN_POINT('',(234.14754509159,-30.16506350947,12.7));
#4198 = VECTOR('',#4199,1.);
#4199 = DIRECTION('',(0.5,0.866025403784,-0.));
#4200 = PCURVE('',#1536,#4201);
#4201 = DEFINITIONAL_REPRESENTATION('',(#4202),#4205);
#4202 = B_SPLINE_CURVE_WITH_KNOTS('',1,(#4203,#4204),.UNSPECIFIED.,.F.,
  .F.,(2,2),(90.950061239873,105.49928802345),.PIECEWISE_BEZIER_KNOTS.);
#4203 = CARTESIAN_POINT('',(0.,-12.7));
#4204 = CARTESIAN_POINT('',(14.549226783579,-12.7));
#4205 = ( GEOMETRIC_REPRESENTATION_CONTEXT(2) 
PARAMETRIC_REPRESENTATION_CONTEXT() REPRESENTATION_CONTEXT('2D SPACE',''
  ) );
#4206 = PCURVE('',#2188,#4207);
#4207 = DEFINITIONAL_REPRESENTATION('',(#4208),#4211);
#4208 = B_SPLINE_CURVE_WITH_KNOTS('',1,(#4209,#4210),.UNSPECIFIED.,.F.,
  .F.,(2,2),(90.950061239873,105.49928802345),.PIECEWISE_BEZIER_KNOTS.);
#4209 = CARTESIAN_POINT('',(279.62257571155,48.6));
#4210 = CARTESIAN_POINT('',(286.89718910334,61.199999999999));
#4211 = ( GEOMETRIC_REPRESENTATION_CONTEXT(2) 
PARAMETRIC_REPRESENTATION_CONTEXT() REPRESENTATION_CONTEXT('2D SPACE',''
  ) );
#4212 = ORIENTED_EDGE('',*,*,#4102,.F.);
#4213 = ADVANCED_FACE('',(#4214),#1646,.T.);
#4214 = FACE_BOUND('',#4215,.T.);
#4215 = EDGE_LOOP('',(#4216,#4217,#4218,#4239));
#4216 = ORIENTED_EDGE('',*,*,#1632,.F.);
#4217 = ORIENTED_EDGE('',*,*,#4146,.T.);
#4218 = ORIENTED_EDGE('',*,*,#4219,.T.);
#4219 = EDGE_CURVE('',#4126,#4220,#4222,.T.);
#4220 = VERTEX_POINT('',#4221);
#4221 = CARTESIAN_POINT('',(265.07334892797,73.8,12.7));
#4222 = SURFACE_CURVE('',#4223,(#4227,#4233),.PCURVE_S1.);
#4223 = LINE('',#4224,#4225);
#4224 = CARTESIAN_POINT('',(139.81128785577,73.8,12.7));
#4225 = VECTOR('',#4226,1.);
#4226 = DIRECTION('',(-1.,0.,0.));
#4227 = PCURVE('',#1646,#4228);
#4228 = DEFINITIONAL_REPRESENTATION('',(#4229),#4232);
#4229 = B_SPLINE_CURVE_WITH_KNOTS('',1,(#4230,#4231),.UNSPECIFIED.,.F.,
  .F.,(2,2),(-139.8112878557,-125.2620610721),.PIECEWISE_BEZIER_KNOTS.);
#4230 = CARTESIAN_POINT('',(0.,-12.7));
#4231 = CARTESIAN_POINT('',(14.54922678358,-12.7));
#4232 = ( GEOMETRIC_REPRESENTATION_CONTEXT(2) 
PARAMETRIC_REPRESENTATION_CONTEXT() REPRESENTATION_CONTEXT('2D SPACE',''
  ) );
#4233 = PCURVE('',#2188,#4234);
#4234 = DEFINITIONAL_REPRESENTATION('',(#4235),#4238);
#4235 = B_SPLINE_CURVE_WITH_KNOTS('',1,(#4236,#4237),.UNSPECIFIED.,.F.,
  .F.,(2,2),(-139.8112878557,-125.2620610721),.PIECEWISE_BEZIER_KNOTS.);
#4236 = CARTESIAN_POINT('',(279.62257571155,73.8));
#4237 = CARTESIAN_POINT('',(265.07334892797,73.8));
#4238 = ( GEOMETRIC_REPRESENTATION_CONTEXT(2) 
PARAMETRIC_REPRESENTATION_CONTEXT() REPRESENTATION_CONTEXT('2D SPACE',''
  ) );
#4239 = ORIENTED_EDGE('',*,*,#4240,.F.);
#4240 = EDGE_CURVE('',#1605,#4220,#4241,.T.);
#4241 = SURFACE_CURVE('',#4242,(#4246,#4253),.PCURVE_S1.);
#4242 = LINE('',#4243,#4244);
#4243 = CARTESIAN_POINT('',(265.07334892797,73.8,0.));
#4244 = VECTOR('',#4245,1.);
#4245 = DIRECTION('',(0.,0.,1.));
#4246 = PCURVE('',#1646,#4247);
#4247 = DEFINITIONAL_REPRESENTATION('',(#4248),#4252);
#4248 = LINE('',#4249,#4250);
#4249 = CARTESIAN_POINT('',(14.54922678358,0.));
#4250 = VECTOR('',#4251,1.);
#4251 = DIRECTION('',(0.,-1.));
#4252 = ( GEOMETRIC_REPRESENTATION_CONTEXT(2) 
PARAMETRIC_REPRESENTATION_CONTEXT() REPRESENTATION_CONTEXT('2D SPACE',''
  ) );
#4253 = PCURVE('',#1620,#4254);
#4254 = DEFINITIONAL_REPRESENTATION('',(#4255),#4259);
#4255 = LINE('',#4256,#4257);
#4256 = CARTESIAN_POINT('',(0.,0.));
#4257 = VECTOR('',#4258,1.);
#4258 = DIRECTION('',(0.,-1.));
#4259 = ( GEOMETRIC_REPRESENTATION_CONTEXT(2) 
PARAMETRIC_REPRESENTATION_CONTEXT() REPRESENTATION_CONTEXT('2D SPACE',''
  ) );
#4260 = ADVANCED_FACE('',(#4261),#1564,.T.);
#4261 = FACE_BOUND('',#4262,.T.);
#4262 = EDGE_LOOP('',(#4263,#4264,#4287,#4306));
#4263 = ORIENTED_EDGE('',*,*,#1548,.F.);
#4264 = ORIENTED_EDGE('',*,*,#4265,.T.);
#4265 = EDGE_CURVE('',#1549,#4266,#4268,.T.);
#4266 = VERTEX_POINT('',#4267);
#4267 = CARTESIAN_POINT('',(265.07334892797,48.6,12.7));
#4268 = SURFACE_CURVE('',#4269,(#4273,#4280),.PCURVE_S1.);
#4269 = LINE('',#4270,#4271);
#4270 = CARTESIAN_POINT('',(265.07334892797,48.6,0.));
#4271 = VECTOR('',#4272,1.);
#4272 = DIRECTION('',(0.,0.,1.));
#4273 = PCURVE('',#1564,#4274);
#4274 = DEFINITIONAL_REPRESENTATION('',(#4275),#4279);
#4275 = LINE('',#4276,#4277);
#4276 = CARTESIAN_POINT('',(0.,0.));
#4277 = VECTOR('',#4278,1.);
#4278 = DIRECTION('',(0.,-1.));
#4279 = ( GEOMETRIC_REPRESENTATION_CONTEXT(2) 
PARAMETRIC_REPRESENTATION_CONTEXT() REPRESENTATION_CONTEXT('2D SPACE',''
  ) );
#4280 = PCURVE('',#1592,#4281);
#4281 = DEFINITIONAL_REPRESENTATION('',(#4282),#4286);
#4282 = LINE('',#4283,#4284);
#4283 = CARTESIAN_POINT('',(14.549226783579,0.));
#4284 = VECTOR('',#4285,1.);
#4285 = DIRECTION('',(0.,-1.));
#4286 = ( GEOMETRIC_REPRESENTATION_CONTEXT(2) 
PARAMETRIC_REPRESENTATION_CONTEXT() REPRESENTATION_CONTEXT('2D SPACE',''
  ) );
#4287 = ORIENTED_EDGE('',*,*,#4288,.T.);
#4288 = EDGE_CURVE('',#4266,#4172,#4289,.T.);
#4289 = SURFACE_CURVE('',#4290,(#4294,#4300),.PCURVE_S1.);
#4290 = LINE('',#4291,#4292);
#4291 = CARTESIAN_POINT('',(132.53667446398,48.6,12.7));
#4292 = VECTOR('',#4293,1.);
#4293 = DIRECTION('',(1.,-4.883714759069E-16,0.));
#4294 = PCURVE('',#1564,#4295);
#4295 = DEFINITIONAL_REPRESENTATION('',(#4296),#4299);
#4296 = B_SPLINE_CURVE_WITH_KNOTS('',1,(#4297,#4298),.UNSPECIFIED.,.F.,
  .F.,(2,2),(132.53667446398,147.08590124756),.PIECEWISE_BEZIER_KNOTS.);
#4297 = CARTESIAN_POINT('',(0.,-12.7));
#4298 = CARTESIAN_POINT('',(14.54922678358,-12.7));
#4299 = ( GEOMETRIC_REPRESENTATION_CONTEXT(2) 
PARAMETRIC_REPRESENTATION_CONTEXT() REPRESENTATION_CONTEXT('2D SPACE',''
  ) );
#4300 = PCURVE('',#2188,#4301);
#4301 = DEFINITIONAL_REPRESENTATION('',(#4302),#4305);
#4302 = B_SPLINE_CURVE_WITH_KNOTS('',1,(#4303,#4304),.UNSPECIFIED.,.F.,
  .F.,(2,2),(132.53667446398,147.08590124756),.PIECEWISE_BEZIER_KNOTS.);
#4303 = CARTESIAN_POINT('',(265.07334892797,48.6));
#4304 = CARTESIAN_POINT('',(279.62257571155,48.6));
#4305 = ( GEOMETRIC_REPRESENTATION_CONTEXT(2) 
PARAMETRIC_REPRESENTATION_CONTEXT() REPRESENTATION_CONTEXT('2D SPACE',''
  ) );
#4306 = ORIENTED_EDGE('',*,*,#4171,.F.);
#4307 = ADVANCED_FACE('',(#4308),#1620,.T.);
#4308 = FACE_BOUND('',#4309,.T.);
#4309 = EDGE_LOOP('',(#4310,#4311,#4312,#4333));
#4310 = ORIENTED_EDGE('',*,*,#1604,.F.);
#4311 = ORIENTED_EDGE('',*,*,#4240,.T.);
#4312 = ORIENTED_EDGE('',*,*,#4313,.T.);
#4313 = EDGE_CURVE('',#4220,#4314,#4316,.T.);
#4314 = VERTEX_POINT('',#4315);
#4315 = CARTESIAN_POINT('',(257.79873553618,61.2,12.7));
#4316 = SURFACE_CURVE('',#4317,(#4321,#4327),.PCURVE_S1.);
#4317 = LINE('',#4318,#4319);
#4318 = CARTESIAN_POINT('',(215.96101161212,-11.26506350946,12.7));
#4319 = VECTOR('',#4320,1.);
#4320 = DIRECTION('',(-0.5,-0.866025403784,0.));
#4321 = PCURVE('',#1620,#4322);
#4322 = DEFINITIONAL_REPRESENTATION('',(#4323),#4326);
#4323 = B_SPLINE_CURVE_WITH_KNOTS('',1,(#4324,#4325),.UNSPECIFIED.,.F.,
  .F.,(2,2),(-98.22467463165,-83.67544784808),.PIECEWISE_BEZIER_KNOTS.);
#4324 = CARTESIAN_POINT('',(0.,-12.7));
#4325 = CARTESIAN_POINT('',(14.549226783579,-12.7));
#4326 = ( GEOMETRIC_REPRESENTATION_CONTEXT(2) 
PARAMETRIC_REPRESENTATION_CONTEXT() REPRESENTATION_CONTEXT('2D SPACE',''
  ) );
#4327 = PCURVE('',#2188,#4328);
#4328 = DEFINITIONAL_REPRESENTATION('',(#4329),#4332);
#4329 = B_SPLINE_CURVE_WITH_KNOTS('',1,(#4330,#4331),.UNSPECIFIED.,.F.,
  .F.,(2,2),(-98.22467463165,-83.67544784808),.PIECEWISE_BEZIER_KNOTS.);
#4330 = CARTESIAN_POINT('',(265.07334892797,73.8));
#4331 = CARTESIAN_POINT('',(257.79873553617,61.200000000001));
#4332 = ( GEOMETRIC_REPRESENTATION_CONTEXT(2) 
PARAMETRIC_REPRESENTATION_CONTEXT() REPRESENTATION_CONTEXT('2D SPACE',''
  ) );
#4333 = ORIENTED_EDGE('',*,*,#4334,.F.);
#4334 = EDGE_CURVE('',#1577,#4314,#4335,.T.);
#4335 = SURFACE_CURVE('',#4336,(#4340,#4347),.PCURVE_S1.);
#4336 = LINE('',#4337,#4338);
#4337 = CARTESIAN_POINT('',(257.79873553618,61.2,0.));
#4338 = VECTOR('',#4339,1.);
#4339 = DIRECTION('',(0.,0.,1.));
#4340 = PCURVE('',#1620,#4341);
#4341 = DEFINITIONAL_REPRESENTATION('',(#4342),#4346);
#4342 = LINE('',#4343,#4344);
#4343 = CARTESIAN_POINT('',(14.549226783579,0.));
#4344 = VECTOR('',#4345,1.);
#4345 = DIRECTION('',(0.,-1.));
#4346 = ( GEOMETRIC_REPRESENTATION_CONTEXT(2) 
PARAMETRIC_REPRESENTATION_CONTEXT() REPRESENTATION_CONTEXT('2D SPACE',''
  ) );
#4347 = PCURVE('',#1592,#4348);
#4348 = DEFINITIONAL_REPRESENTATION('',(#4349),#4353);
#4349 = LINE('',#4350,#4351);
#4350 = CARTESIAN_POINT('',(0.,0.));
#4351 = VECTOR('',#4352,1.);
#4352 = DIRECTION('',(0.,-1.));
#4353 = ( GEOMETRIC_REPRESENTATION_CONTEXT(2) 
PARAMETRIC_REPRESENTATION_CONTEXT() REPRESENTATION_CONTEXT('2D SPACE',''
  ) );
#4354 = ADVANCED_FACE('',(#4355),#1592,.T.);
#4355 = FACE_BOUND('',#4356,.T.);
#4356 = EDGE_LOOP('',(#4357,#4358,#4359,#4378));
#4357 = ORIENTED_EDGE('',*,*,#1576,.F.);
#4358 = ORIENTED_EDGE('',*,*,#4334,.T.);
#4359 = ORIENTED_EDGE('',*,*,#4360,.T.);
#4360 = EDGE_CURVE('',#4314,#4266,#4361,.T.);
#4361 = SURFACE_CURVE('',#4362,(#4366,#4372),.PCURVE_S1.);
#4362 = LINE('',#4363,#4364);
#4363 = CARTESIAN_POINT('',(238.82408227203,94.065063509479,12.7));
#4364 = VECTOR('',#4365,1.);
#4365 = DIRECTION('',(0.5,-0.866025403784,0.));
#4366 = PCURVE('',#1592,#4367);
#4367 = DEFINITIONAL_REPRESENTATION('',(#4368),#4371);
#4368 = B_SPLINE_CURVE_WITH_KNOTS('',1,(#4369,#4370),.UNSPECIFIED.,.F.,
  .F.,(2,2),(37.949306528269,52.498533311848),.PIECEWISE_BEZIER_KNOTS.);
#4369 = CARTESIAN_POINT('',(0.,-12.7));
#4370 = CARTESIAN_POINT('',(14.549226783579,-12.7));
#4371 = ( GEOMETRIC_REPRESENTATION_CONTEXT(2) 
PARAMETRIC_REPRESENTATION_CONTEXT() REPRESENTATION_CONTEXT('2D SPACE',''
  ) );
#4372 = PCURVE('',#2188,#4373);
#4373 = DEFINITIONAL_REPRESENTATION('',(#4374),#4377);
#4374 = B_SPLINE_CURVE_WITH_KNOTS('',1,(#4375,#4376),.UNSPECIFIED.,.F.,
  .F.,(2,2),(37.949306528269,52.498533311848),.PIECEWISE_BEZIER_KNOTS.);
#4375 = CARTESIAN_POINT('',(257.79873553618,61.2));
#4376 = CARTESIAN_POINT('',(265.07334892797,48.600000000001));
#4377 = ( GEOMETRIC_REPRESENTATION_CONTEXT(2) 
PARAMETRIC_REPRESENTATION_CONTEXT() REPRESENTATION_CONTEXT('2D SPACE',''
  ) );
#4378 = ORIENTED_EDGE('',*,*,#4265,.F.);
#4379 = ADVANCED_FACE('',(#4380),#1678,.T.);
#4380 = FACE_BOUND('',#4381,.T.);
#4381 = EDGE_LOOP('',(#4382,#4383,#4406,#4427));
#4382 = ORIENTED_EDGE('',*,*,#1660,.F.);
#4383 = ORIENTED_EDGE('',*,*,#4384,.T.);
#4384 = EDGE_CURVE('',#1661,#4385,#4387,.T.);
#4385 = VERTEX_POINT('',#4386);
#4386 = CARTESIAN_POINT('',(347.86537752976,61.2,12.7));
#4387 = SURFACE_CURVE('',#4388,(#4392,#4399),.PCURVE_S1.);
#4388 = LINE('',#4389,#4390);
#4389 = CARTESIAN_POINT('',(347.86537752976,61.2,0.));
#4390 = VECTOR('',#4391,1.);
#4391 = DIRECTION('',(0.,0.,1.));
#4392 = PCURVE('',#1678,#4393);
#4393 = DEFINITIONAL_REPRESENTATION('',(#4394),#4398);
#4394 = LINE('',#4395,#4396);
#4395 = CARTESIAN_POINT('',(0.,0.));
#4396 = VECTOR('',#4397,1.);
#4397 = DIRECTION('',(0.,-1.));
#4398 = ( GEOMETRIC_REPRESENTATION_CONTEXT(2) 
PARAMETRIC_REPRESENTATION_CONTEXT() REPRESENTATION_CONTEXT('2D SPACE',''
  ) );
#4399 = PCURVE('',#1706,#4400);
#4400 = DEFINITIONAL_REPRESENTATION('',(#4401),#4405);
#4401 = LINE('',#4402,#4403);
#4402 = CARTESIAN_POINT('',(14.549226783574,0.));
#4403 = VECTOR('',#4404,1.);
#4404 = DIRECTION('',(0.,-1.));
#4405 = ( GEOMETRIC_REPRESENTATION_CONTEXT(2) 
PARAMETRIC_REPRESENTATION_CONTEXT() REPRESENTATION_CONTEXT('2D SPACE',''
  ) );
#4406 = ORIENTED_EDGE('',*,*,#4407,.T.);
#4407 = EDGE_CURVE('',#4385,#4408,#4410,.T.);
#4408 = VERTEX_POINT('',#4409);
#4409 = CARTESIAN_POINT('',(340.59076413798,73.8,12.7));
#4410 = SURFACE_CURVE('',#4411,(#4415,#4421),.PCURVE_S1.);
#4411 = LINE('',#4412,#4413);
#4412 = CARTESIAN_POINT('',(317.63239401641,113.56506350948,12.7));
#4413 = VECTOR('',#4414,1.);
#4414 = DIRECTION('',(-0.5,0.866025403784,0.));
#4415 = PCURVE('',#1678,#4416);
#4416 = DEFINITIONAL_REPRESENTATION('',(#4417),#4420);
#4417 = B_SPLINE_CURVE_WITH_KNOTS('',1,(#4418,#4419),.UNSPECIFIED.,.F.,
  .F.,(2,2),(-60.46596702667,-45.91674024309),.PIECEWISE_BEZIER_KNOTS.);
#4418 = CARTESIAN_POINT('',(0.,-12.7));
#4419 = CARTESIAN_POINT('',(14.549226783574,-12.7));
#4420 = ( GEOMETRIC_REPRESENTATION_CONTEXT(2) 
PARAMETRIC_REPRESENTATION_CONTEXT() REPRESENTATION_CONTEXT('2D SPACE',''
  ) );
#4421 = PCURVE('',#2188,#4422);
#4422 = DEFINITIONAL_REPRESENTATION('',(#4423),#4426);
#4423 = B_SPLINE_CURVE_WITH_KNOTS('',1,(#4424,#4425),.UNSPECIFIED.,.F.,
  .F.,(2,2),(-60.46596702667,-45.91674024309),.PIECEWISE_BEZIER_KNOTS.);
#4424 = CARTESIAN_POINT('',(347.86537752976,61.2));
#4425 = CARTESIAN_POINT('',(340.59076413797,73.799999999994));
#4426 = ( GEOMETRIC_REPRESENTATION_CONTEXT(2) 
PARAMETRIC_REPRESENTATION_CONTEXT() REPRESENTATION_CONTEXT('2D SPACE',''
  ) );
#4427 = ORIENTED_EDGE('',*,*,#4428,.F.);
#4428 = EDGE_CURVE('',#1663,#4408,#4429,.T.);
#4429 = SURFACE_CURVE('',#4430,(#4434,#4441),.PCURVE_S1.);
#4430 = LINE('',#4431,#4432);
#4431 = CARTESIAN_POINT('',(340.59076413798,73.8,0.));
#4432 = VECTOR('',#4433,1.);
#4433 = DIRECTION('',(0.,0.,1.));
#4434 = PCURVE('',#1678,#4435);
#4435 = DEFINITIONAL_REPRESENTATION('',(#4436),#4440);
#4436 = LINE('',#4437,#4438);
#4437 = CARTESIAN_POINT('',(14.549226783574,0.));
#4438 = VECTOR('',#4439,1.);
#4439 = DIRECTION('',(0.,-1.));
#4440 = ( GEOMETRIC_REPRESENTATION_CONTEXT(2) 
PARAMETRIC_REPRESENTATION_CONTEXT() REPRESENTATION_CONTEXT('2D SPACE',''
  ) );
#4441 = PCURVE('',#1816,#4442);
#4442 = DEFINITIONAL_REPRESENTATION('',(#4443),#4447);
#4443 = LINE('',#4444,#4445);
#4444 = CARTESIAN_POINT('',(0.,-0.));
#4445 = VECTOR('',#4446,1.);
#4446 = DIRECTION('',(0.,-1.));
#4447 = ( GEOMETRIC_REPRESENTATION_CONTEXT(2) 
PARAMETRIC_REPRESENTATION_CONTEXT() REPRESENTATION_CONTEXT('2D SPACE',''
  ) );
#4448 = ADVANCED_FACE('',(#4449),#1706,.T.);
#4449 = FACE_BOUND('',#4450,.T.);
#4450 = EDGE_LOOP('',(#4451,#4452,#4475,#4494));
#4451 = ORIENTED_EDGE('',*,*,#1690,.F.);
#4452 = ORIENTED_EDGE('',*,*,#4453,.T.);
#4453 = EDGE_CURVE('',#1691,#4454,#4456,.T.);
#4454 = VERTEX_POINT('',#4455);
#4455 = CARTESIAN_POINT('',(340.59076413798,48.6,12.7));
#4456 = SURFACE_CURVE('',#4457,(#4461,#4468),.PCURVE_S1.);
#4457 = LINE('',#4458,#4459);
#4458 = CARTESIAN_POINT('',(340.59076413798,48.6,0.));
#4459 = VECTOR('',#4460,1.);
#4460 = DIRECTION('',(0.,0.,1.));
#4461 = PCURVE('',#1706,#4462);
#4462 = DEFINITIONAL_REPRESENTATION('',(#4463),#4467);
#4463 = LINE('',#4464,#4465);
#4464 = CARTESIAN_POINT('',(0.,0.));
#4465 = VECTOR('',#4466,1.);
#4466 = DIRECTION('',(0.,-1.));
#4467 = ( GEOMETRIC_REPRESENTATION_CONTEXT(2) 
PARAMETRIC_REPRESENTATION_CONTEXT() REPRESENTATION_CONTEXT('2D SPACE',''
  ) );
#4468 = PCURVE('',#1734,#4469);
#4469 = DEFINITIONAL_REPRESENTATION('',(#4470),#4474);
#4470 = LINE('',#4471,#4472);
#4471 = CARTESIAN_POINT('',(14.54922678358,0.));
#4472 = VECTOR('',#4473,1.);
#4473 = DIRECTION('',(0.,-1.));
#4474 = ( GEOMETRIC_REPRESENTATION_CONTEXT(2) 
PARAMETRIC_REPRESENTATION_CONTEXT() REPRESENTATION_CONTEXT('2D SPACE',''
  ) );
#4475 = ORIENTED_EDGE('',*,*,#4476,.T.);
#4476 = EDGE_CURVE('',#4454,#4385,#4477,.T.);
#4477 = SURFACE_CURVE('',#4478,(#4482,#4488),.PCURVE_S1.);
#4478 = LINE('',#4479,#4480);
#4479 = CARTESIAN_POINT('',(287.49470996471,-43.36506350947,12.7));
#4480 = VECTOR('',#4481,1.);
#4481 = DIRECTION('',(0.5,0.866025403784,-0.));
#4482 = PCURVE('',#1706,#4483);
#4483 = DEFINITIONAL_REPRESENTATION('',(#4484),#4487);
#4484 = B_SPLINE_CURVE_WITH_KNOTS('',1,(#4485,#4486),.UNSPECIFIED.,.F.,
  .F.,(2,2),(106.19210834648,120.74133513006),.PIECEWISE_BEZIER_KNOTS.);
#4485 = CARTESIAN_POINT('',(0.,-12.7));
#4486 = CARTESIAN_POINT('',(14.549226783574,-12.7));
#4487 = ( GEOMETRIC_REPRESENTATION_CONTEXT(2) 
PARAMETRIC_REPRESENTATION_CONTEXT() REPRESENTATION_CONTEXT('2D SPACE',''
  ) );
#4488 = PCURVE('',#2188,#4489);
#4489 = DEFINITIONAL_REPRESENTATION('',(#4490),#4493);
#4490 = B_SPLINE_CURVE_WITH_KNOTS('',1,(#4491,#4492),.UNSPECIFIED.,.F.,
  .F.,(2,2),(106.19210834648,120.74133513006),.PIECEWISE_BEZIER_KNOTS.);
#4491 = CARTESIAN_POINT('',(340.59076413798,48.6));
#4492 = CARTESIAN_POINT('',(347.86537752977,61.199999999994));
#4493 = ( GEOMETRIC_REPRESENTATION_CONTEXT(2) 
PARAMETRIC_REPRESENTATION_CONTEXT() REPRESENTATION_CONTEXT('2D SPACE',''
  ) );
#4494 = ORIENTED_EDGE('',*,*,#4384,.F.);
#4495 = ADVANCED_FACE('',(#4496),#1816,.T.);
#4496 = FACE_BOUND('',#4497,.T.);
#4497 = EDGE_LOOP('',(#4498,#4499,#4500,#4521));
#4498 = ORIENTED_EDGE('',*,*,#1802,.F.);
#4499 = ORIENTED_EDGE('',*,*,#4428,.T.);
#4500 = ORIENTED_EDGE('',*,*,#4501,.T.);
#4501 = EDGE_CURVE('',#4408,#4502,#4504,.T.);
#4502 = VERTEX_POINT('',#4503);
#4503 = CARTESIAN_POINT('',(326.0415373544,73.8,12.7));
#4504 = SURFACE_CURVE('',#4505,(#4509,#4515),.PCURVE_S1.);
#4505 = LINE('',#4506,#4507);
#4506 = CARTESIAN_POINT('',(170.29538206899,73.8,12.7));
#4507 = VECTOR('',#4508,1.);
#4508 = DIRECTION('',(-1.,0.,0.));
#4509 = PCURVE('',#1816,#4510);
#4510 = DEFINITIONAL_REPRESENTATION('',(#4511),#4514);
#4511 = B_SPLINE_CURVE_WITH_KNOTS('',1,(#4512,#4513),.UNSPECIFIED.,.F.,
  .F.,(2,2),(-170.2953820689,-155.7461552854),.PIECEWISE_BEZIER_KNOTS.);
#4512 = CARTESIAN_POINT('',(0.,-12.7));
#4513 = CARTESIAN_POINT('',(14.54922678358,-12.7));
#4514 = ( GEOMETRIC_REPRESENTATION_CONTEXT(2) 
PARAMETRIC_REPRESENTATION_CONTEXT() REPRESENTATION_CONTEXT('2D SPACE',''
  ) );
#4515 = PCURVE('',#2188,#4516);
#4516 = DEFINITIONAL_REPRESENTATION('',(#4517),#4520);
#4517 = B_SPLINE_CURVE_WITH_KNOTS('',1,(#4518,#4519),.UNSPECIFIED.,.F.,
  .F.,(2,2),(-170.2953820689,-155.7461552854),.PIECEWISE_BEZIER_KNOTS.);
#4518 = CARTESIAN_POINT('',(340.59076413798,73.8));
#4519 = CARTESIAN_POINT('',(326.0415373544,73.8));
#4520 = ( GEOMETRIC_REPRESENTATION_CONTEXT(2) 
PARAMETRIC_REPRESENTATION_CONTEXT() REPRESENTATION_CONTEXT('2D SPACE',''
  ) );
#4521 = ORIENTED_EDGE('',*,*,#4522,.F.);
#4522 = EDGE_CURVE('',#1775,#4502,#4523,.T.);
#4523 = SURFACE_CURVE('',#4524,(#4528,#4535),.PCURVE_S1.);
#4524 = LINE('',#4525,#4526);
#4525 = CARTESIAN_POINT('',(326.0415373544,73.8,0.));
#4526 = VECTOR('',#4527,1.);
#4527 = DIRECTION('',(0.,0.,1.));
#4528 = PCURVE('',#1816,#4529);
#4529 = DEFINITIONAL_REPRESENTATION('',(#4530),#4534);
#4530 = LINE('',#4531,#4532);
#4531 = CARTESIAN_POINT('',(14.54922678358,0.));
#4532 = VECTOR('',#4533,1.);
#4533 = DIRECTION('',(0.,-1.));
#4534 = ( GEOMETRIC_REPRESENTATION_CONTEXT(2) 
PARAMETRIC_REPRESENTATION_CONTEXT() REPRESENTATION_CONTEXT('2D SPACE',''
  ) );
#4535 = PCURVE('',#1790,#4536);
#4536 = DEFINITIONAL_REPRESENTATION('',(#4537),#4541);
#4537 = LINE('',#4538,#4539);
#4538 = CARTESIAN_POINT('',(0.,0.));
#4539 = VECTOR('',#4540,1.);
#4540 = DIRECTION('',(0.,-1.));
#4541 = ( GEOMETRIC_REPRESENTATION_CONTEXT(2) 
PARAMETRIC_REPRESENTATION_CONTEXT() REPRESENTATION_CONTEXT('2D SPACE',''
  ) );
#4542 = ADVANCED_FACE('',(#4543),#1734,.T.);
#4543 = FACE_BOUND('',#4544,.T.);
#4544 = EDGE_LOOP('',(#4545,#4546,#4569,#4588));
#4545 = ORIENTED_EDGE('',*,*,#1718,.F.);
#4546 = ORIENTED_EDGE('',*,*,#4547,.T.);
#4547 = EDGE_CURVE('',#1719,#4548,#4550,.T.);
#4548 = VERTEX_POINT('',#4549);
#4549 = CARTESIAN_POINT('',(326.0415373544,48.6,12.7));
#4550 = SURFACE_CURVE('',#4551,(#4555,#4562),.PCURVE_S1.);
#4551 = LINE('',#4552,#4553);
#4552 = CARTESIAN_POINT('',(326.0415373544,48.6,0.));
#4553 = VECTOR('',#4554,1.);
#4554 = DIRECTION('',(0.,0.,1.));
#4555 = PCURVE('',#1734,#4556);
#4556 = DEFINITIONAL_REPRESENTATION('',(#4557),#4561);
#4557 = LINE('',#4558,#4559);
#4558 = CARTESIAN_POINT('',(0.,0.));
#4559 = VECTOR('',#4560,1.);
#4560 = DIRECTION('',(0.,-1.));
#4561 = ( GEOMETRIC_REPRESENTATION_CONTEXT(2) 
PARAMETRIC_REPRESENTATION_CONTEXT() REPRESENTATION_CONTEXT('2D SPACE',''
  ) );
#4562 = PCURVE('',#1762,#4563);
#4563 = DEFINITIONAL_REPRESENTATION('',(#4564),#4568);
#4564 = LINE('',#4565,#4566);
#4565 = CARTESIAN_POINT('',(14.549226783579,0.));
#4566 = VECTOR('',#4567,1.);
#4567 = DIRECTION('',(0.,-1.));
#4568 = ( GEOMETRIC_REPRESENTATION_CONTEXT(2) 
PARAMETRIC_REPRESENTATION_CONTEXT() REPRESENTATION_CONTEXT('2D SPACE',''
  ) );
#4569 = ORIENTED_EDGE('',*,*,#4570,.T.);
#4570 = EDGE_CURVE('',#4548,#4454,#4571,.T.);
#4571 = SURFACE_CURVE('',#4572,(#4576,#4582),.PCURVE_S1.);
#4572 = LINE('',#4573,#4574);
#4573 = CARTESIAN_POINT('',(163.0207686772,48.6,12.7));
#4574 = VECTOR('',#4575,1.);
#4575 = DIRECTION('',(1.,-4.883714759069E-16,0.));
#4576 = PCURVE('',#1734,#4577);
#4577 = DEFINITIONAL_REPRESENTATION('',(#4578),#4581);
#4578 = B_SPLINE_CURVE_WITH_KNOTS('',1,(#4579,#4580),.UNSPECIFIED.,.F.,
  .F.,(2,2),(163.0207686772,177.56999546078),.PIECEWISE_BEZIER_KNOTS.);
#4579 = CARTESIAN_POINT('',(0.,-12.7));
#4580 = CARTESIAN_POINT('',(14.54922678358,-12.7));
#4581 = ( GEOMETRIC_REPRESENTATION_CONTEXT(2) 
PARAMETRIC_REPRESENTATION_CONTEXT() REPRESENTATION_CONTEXT('2D SPACE',''
  ) );
#4582 = PCURVE('',#2188,#4583);
#4583 = DEFINITIONAL_REPRESENTATION('',(#4584),#4587);
#4584 = B_SPLINE_CURVE_WITH_KNOTS('',1,(#4585,#4586),.UNSPECIFIED.,.F.,
  .F.,(2,2),(163.0207686772,177.56999546078),.PIECEWISE_BEZIER_KNOTS.);
#4585 = CARTESIAN_POINT('',(326.0415373544,48.6));
#4586 = CARTESIAN_POINT('',(340.59076413798,48.6));
#4587 = ( GEOMETRIC_REPRESENTATION_CONTEXT(2) 
PARAMETRIC_REPRESENTATION_CONTEXT() REPRESENTATION_CONTEXT('2D SPACE',''
  ) );
#4588 = ORIENTED_EDGE('',*,*,#4453,.F.);
#4589 = ADVANCED_FACE('',(#4590),#1790,.T.);
#4590 = FACE_BOUND('',#4591,.T.);
#4591 = EDGE_LOOP('',(#4592,#4593,#4594,#4615));
#4592 = ORIENTED_EDGE('',*,*,#1774,.F.);
#4593 = ORIENTED_EDGE('',*,*,#4522,.T.);
#4594 = ORIENTED_EDGE('',*,*,#4595,.T.);
#4595 = EDGE_CURVE('',#4502,#4596,#4598,.T.);
#4596 = VERTEX_POINT('',#4597);
#4597 = CARTESIAN_POINT('',(318.76692396261,61.2,12.7));
#4598 = SURFACE_CURVE('',#4599,(#4603,#4609),.PCURVE_S1.);
#4599 = LINE('',#4600,#4601);
#4600 = CARTESIAN_POINT('',(269.30817648524,-24.46506350947,12.7));
#4601 = VECTOR('',#4602,1.);
#4602 = DIRECTION('',(-0.5,-0.866025403784,0.));
#4603 = PCURVE('',#1790,#4604);
#4604 = DEFINITIONAL_REPRESENTATION('',(#4605),#4608);
#4605 = B_SPLINE_CURVE_WITH_KNOTS('',1,(#4606,#4607),.UNSPECIFIED.,.F.,
  .F.,(2,2),(-113.4667217382,-98.91749495469),.PIECEWISE_BEZIER_KNOTS.);
#4606 = CARTESIAN_POINT('',(0.,-12.7));
#4607 = CARTESIAN_POINT('',(14.549226783579,-12.7));
#4608 = ( GEOMETRIC_REPRESENTATION_CONTEXT(2) 
PARAMETRIC_REPRESENTATION_CONTEXT() REPRESENTATION_CONTEXT('2D SPACE',''
  ) );
#4609 = PCURVE('',#2188,#4610);
#4610 = DEFINITIONAL_REPRESENTATION('',(#4611),#4614);
#4611 = B_SPLINE_CURVE_WITH_KNOTS('',1,(#4612,#4613),.UNSPECIFIED.,.F.,
  .F.,(2,2),(-113.4667217382,-98.91749495469),.PIECEWISE_BEZIER_KNOTS.);
#4612 = CARTESIAN_POINT('',(326.0415373544,73.8));
#4613 = CARTESIAN_POINT('',(318.7669239626,61.200000000001));
#4614 = ( GEOMETRIC_REPRESENTATION_CONTEXT(2) 
PARAMETRIC_REPRESENTATION_CONTEXT() REPRESENTATION_CONTEXT('2D SPACE',''
  ) );
#4615 = ORIENTED_EDGE('',*,*,#4616,.F.);
#4616 = EDGE_CURVE('',#1747,#4596,#4617,.T.);
#4617 = SURFACE_CURVE('',#4618,(#4622,#4629),.PCURVE_S1.);
#4618 = LINE('',#4619,#4620);
#4619 = CARTESIAN_POINT('',(318.76692396261,61.2,0.));
#4620 = VECTOR('',#4621,1.);
#4621 = DIRECTION('',(0.,0.,1.));
#4622 = PCURVE('',#1790,#4623);
#4623 = DEFINITIONAL_REPRESENTATION('',(#4624),#4628);
#4624 = LINE('',#4625,#4626);
#4625 = CARTESIAN_POINT('',(14.549226783579,0.));
#4626 = VECTOR('',#4627,1.);
#4627 = DIRECTION('',(0.,-1.));
#4628 = ( GEOMETRIC_REPRESENTATION_CONTEXT(2) 
PARAMETRIC_REPRESENTATION_CONTEXT() REPRESENTATION_CONTEXT('2D SPACE',''
  ) );
#4629 = PCURVE('',#1762,#4630);
#4630 = DEFINITIONAL_REPRESENTATION('',(#4631),#4635);
#4631 = LINE('',#4632,#4633);
#4632 = CARTESIAN_POINT('',(0.,0.));
#4633 = VECTOR('',#4634,1.);
#4634 = DIRECTION('',(0.,-1.));
#4635 = ( GEOMETRIC_REPRESENTATION_CONTEXT(2) 
PARAMETRIC_REPRESENTATION_CONTEXT() REPRESENTATION_CONTEXT('2D SPACE',''
  ) );
#4636 = ADVANCED_FACE('',(#4637),#1762,.T.);
#4637 = FACE_BOUND('',#4638,.T.);
#4638 = EDGE_LOOP('',(#4639,#4640,#4641,#4660));
#4639 = ORIENTED_EDGE('',*,*,#1746,.F.);
#4640 = ORIENTED_EDGE('',*,*,#4616,.T.);
#4641 = ORIENTED_EDGE('',*,*,#4642,.T.);
#4642 = EDGE_CURVE('',#4596,#4548,#4643,.T.);
#4643 = SURFACE_CURVE('',#4644,(#4648,#4654),.PCURVE_S1.);
#4644 = LINE('',#4645,#4646);
#4645 = CARTESIAN_POINT('',(292.17124714515,107.26506350948,12.7));
#4646 = VECTOR('',#4647,1.);
#4647 = DIRECTION('',(0.5,-0.866025403784,0.));
#4648 = PCURVE('',#1762,#4649);
#4649 = DEFINITIONAL_REPRESENTATION('',(#4650),#4653);
#4650 = B_SPLINE_CURVE_WITH_KNOTS('',1,(#4651,#4652),.UNSPECIFIED.,.F.,
  .F.,(2,2),(53.191353634882,67.740580418461),.PIECEWISE_BEZIER_KNOTS.);
#4651 = CARTESIAN_POINT('',(0.,-12.7));
#4652 = CARTESIAN_POINT('',(14.549226783579,-12.7));
#4653 = ( GEOMETRIC_REPRESENTATION_CONTEXT(2) 
PARAMETRIC_REPRESENTATION_CONTEXT() REPRESENTATION_CONTEXT('2D SPACE',''
  ) );
#4654 = PCURVE('',#2188,#4655);
#4655 = DEFINITIONAL_REPRESENTATION('',(#4656),#4659);
#4656 = B_SPLINE_CURVE_WITH_KNOTS('',1,(#4657,#4658),.UNSPECIFIED.,.F.,
  .F.,(2,2),(53.191353634882,67.740580418461),.PIECEWISE_BEZIER_KNOTS.);
#4657 = CARTESIAN_POINT('',(318.76692396261,61.2));
#4658 = CARTESIAN_POINT('',(326.0415373544,48.600000000001));
#4659 = ( GEOMETRIC_REPRESENTATION_CONTEXT(2) 
PARAMETRIC_REPRESENTATION_CONTEXT() REPRESENTATION_CONTEXT('2D SPACE',''
  ) );
#4660 = ORIENTED_EDGE('',*,*,#4547,.F.);
#4661 = ADVANCED_FACE('',(#4662),#1848,.T.);
#4662 = FACE_BOUND('',#4663,.T.);
#4663 = EDGE_LOOP('',(#4664,#4665,#4688,#4709));
#4664 = ORIENTED_EDGE('',*,*,#1830,.F.);
#4665 = ORIENTED_EDGE('',*,*,#4666,.T.);
#4666 = EDGE_CURVE('',#1831,#4667,#4669,.T.);
#4667 = VERTEX_POINT('',#4668);
#4668 = CARTESIAN_POINT('',(317.38128331655,78.8,12.7));
#4669 = SURFACE_CURVE('',#4670,(#4674,#4681),.PCURVE_S1.);
#4670 = LINE('',#4671,#4672);
#4671 = CARTESIAN_POINT('',(317.38128331655,78.8,0.));
#4672 = VECTOR('',#4673,1.);
#4673 = DIRECTION('',(0.,0.,1.));
#4674 = PCURVE('',#1848,#4675);
#4675 = DEFINITIONAL_REPRESENTATION('',(#4676),#4680);
#4676 = LINE('',#4677,#4678);
#4677 = CARTESIAN_POINT('',(0.,0.));
#4678 = VECTOR('',#4679,1.);
#4679 = DIRECTION('',(0.,-1.));
#4680 = ( GEOMETRIC_REPRESENTATION_CONTEXT(2) 
PARAMETRIC_REPRESENTATION_CONTEXT() REPRESENTATION_CONTEXT('2D SPACE',''
  ) );
#4681 = PCURVE('',#1876,#4682);
#4682 = DEFINITIONAL_REPRESENTATION('',(#4683),#4687);
#4683 = LINE('',#4684,#4685);
#4684 = CARTESIAN_POINT('',(14.549226783579,0.));
#4685 = VECTOR('',#4686,1.);
#4686 = DIRECTION('',(0.,-1.));
#4687 = ( GEOMETRIC_REPRESENTATION_CONTEXT(2) 
PARAMETRIC_REPRESENTATION_CONTEXT() REPRESENTATION_CONTEXT('2D SPACE',''
  ) );
#4688 = ORIENTED_EDGE('',*,*,#4689,.T.);
#4689 = EDGE_CURVE('',#4667,#4690,#4692,.T.);
#4690 = VERTEX_POINT('',#4691);
#4691 = CARTESIAN_POINT('',(310.10666992476,91.4,12.7));
#4692 = SURFACE_CURVE('',#4693,(#4697,#4703),.PCURVE_S1.);
#4693 = LINE('',#4694,#4695);
#4694 = CARTESIAN_POINT('',(294.7693233565,117.96506350948,12.7));
#4695 = VECTOR('',#4696,1.);
#4696 = DIRECTION('',(-0.5,0.866025403784,0.));
#4697 = PCURVE('',#1848,#4698);
#4698 = DEFINITIONAL_REPRESENTATION('',(#4699),#4702);
#4699 = B_SPLINE_CURVE_WITH_KNOTS('',1,(#4700,#4701),.UNSPECIFIED.,.F.,
  .F.,(2,2),(-45.22391992006,-30.67469313648),.PIECEWISE_BEZIER_KNOTS.);
#4700 = CARTESIAN_POINT('',(0.,-12.7));
#4701 = CARTESIAN_POINT('',(14.549226783579,-12.7));
#4702 = ( GEOMETRIC_REPRESENTATION_CONTEXT(2) 
PARAMETRIC_REPRESENTATION_CONTEXT() REPRESENTATION_CONTEXT('2D SPACE',''
  ) );
#4703 = PCURVE('',#2188,#4704);
#4704 = DEFINITIONAL_REPRESENTATION('',(#4705),#4708);
#4705 = B_SPLINE_CURVE_WITH_KNOTS('',1,(#4706,#4707),.UNSPECIFIED.,.F.,
  .F.,(2,2),(-45.22391992006,-30.67469313648),.PIECEWISE_BEZIER_KNOTS.);
#4706 = CARTESIAN_POINT('',(317.38128331655,78.8));
#4707 = CARTESIAN_POINT('',(310.10666992475,91.399999999999));
#4708 = ( GEOMETRIC_REPRESENTATION_CONTEXT(2) 
PARAMETRIC_REPRESENTATION_CONTEXT() REPRESENTATION_CONTEXT('2D SPACE',''
  ) );
#4709 = ORIENTED_EDGE('',*,*,#4710,.F.);
#4710 = EDGE_CURVE('',#1833,#4690,#4711,.T.);
#4711 = SURFACE_CURVE('',#4712,(#4716,#4723),.PCURVE_S1.);
#4712 = LINE('',#4713,#4714);
#4713 = CARTESIAN_POINT('',(310.10666992476,91.4,0.));
#4714 = VECTOR('',#4715,1.);
#4715 = DIRECTION('',(0.,0.,1.));
#4716 = PCURVE('',#1848,#4717);
#4717 = DEFINITIONAL_REPRESENTATION('',(#4718),#4722);
#4718 = LINE('',#4719,#4720);
#4719 = CARTESIAN_POINT('',(14.549226783579,0.));
#4720 = VECTOR('',#4721,1.);
#4721 = DIRECTION('',(0.,-1.));
#4722 = ( GEOMETRIC_REPRESENTATION_CONTEXT(2) 
PARAMETRIC_REPRESENTATION_CONTEXT() REPRESENTATION_CONTEXT('2D SPACE',''
  ) );
#4723 = PCURVE('',#1986,#4724);
#4724 = DEFINITIONAL_REPRESENTATION('',(#4725),#4729);
#4725 = LINE('',#4726,#4727);
#4726 = CARTESIAN_POINT('',(0.,0.));
#4727 = VECTOR('',#4728,1.);
#4728 = DIRECTION('',(0.,-1.));
#4729 = ( GEOMETRIC_REPRESENTATION_CONTEXT(2) 
PARAMETRIC_REPRESENTATION_CONTEXT() REPRESENTATION_CONTEXT('2D SPACE',''
  ) );
#4730 = ADVANCED_FACE('',(#4731),#1876,.T.);
#4731 = FACE_BOUND('',#4732,.T.);
#4732 = EDGE_LOOP('',(#4733,#4734,#4757,#4776));
#4733 = ORIENTED_EDGE('',*,*,#1860,.F.);
#4734 = ORIENTED_EDGE('',*,*,#4735,.T.);
#4735 = EDGE_CURVE('',#1861,#4736,#4738,.T.);
#4736 = VERTEX_POINT('',#4737);
#4737 = CARTESIAN_POINT('',(310.10666992476,66.2,12.7));
#4738 = SURFACE_CURVE('',#4739,(#4743,#4750),.PCURVE_S1.);
#4739 = LINE('',#4740,#4741);
#4740 = CARTESIAN_POINT('',(310.10666992476,66.2,0.));
#4741 = VECTOR('',#4742,1.);
#4742 = DIRECTION('',(0.,0.,1.));
#4743 = PCURVE('',#1876,#4744);
#4744 = DEFINITIONAL_REPRESENTATION('',(#4745),#4749);
#4745 = LINE('',#4746,#4747);
#4746 = CARTESIAN_POINT('',(0.,0.));
#4747 = VECTOR('',#4748,1.);
#4748 = DIRECTION('',(0.,-1.));
#4749 = ( GEOMETRIC_REPRESENTATION_CONTEXT(2) 
PARAMETRIC_REPRESENTATION_CONTEXT() REPRESENTATION_CONTEXT('2D SPACE',''
  ) );
#4750 = PCURVE('',#1904,#4751);
#4751 = DEFINITIONAL_REPRESENTATION('',(#4752),#4756);
#4752 = LINE('',#4753,#4754);
#4753 = CARTESIAN_POINT('',(14.54922678358,0.));
#4754 = VECTOR('',#4755,1.);
#4755 = DIRECTION('',(0.,-1.));
#4756 = ( GEOMETRIC_REPRESENTATION_CONTEXT(2) 
PARAMETRIC_REPRESENTATION_CONTEXT() REPRESENTATION_CONTEXT('2D SPACE',''
  ) );
#4757 = ORIENTED_EDGE('',*,*,#4758,.T.);
#4758 = EDGE_CURVE('',#4736,#4667,#4759,.T.);
#4759 = SURFACE_CURVE('',#4760,(#4764,#4770),.PCURVE_S1.);
#4760 = LINE('',#4761,#4762);
#4761 = CARTESIAN_POINT('',(257.01061575149,-25.76506350947,12.7));
#4762 = VECTOR('',#4763,1.);
#4763 = DIRECTION('',(0.5,0.866025403784,-0.));
#4764 = PCURVE('',#1876,#4765);
#4765 = DEFINITIONAL_REPRESENTATION('',(#4766),#4769);
#4766 = B_SPLINE_CURVE_WITH_KNOTS('',1,(#4767,#4768),.UNSPECIFIED.,.F.,
  .F.,(2,2),(106.19210834648,120.74133513006),.PIECEWISE_BEZIER_KNOTS.);
#4767 = CARTESIAN_POINT('',(0.,-12.7));
#4768 = CARTESIAN_POINT('',(14.549226783579,-12.7));
#4769 = ( GEOMETRIC_REPRESENTATION_CONTEXT(2) 
PARAMETRIC_REPRESENTATION_CONTEXT() REPRESENTATION_CONTEXT('2D SPACE',''
  ) );
#4770 = PCURVE('',#2188,#4771);
#4771 = DEFINITIONAL_REPRESENTATION('',(#4772),#4775);
#4772 = B_SPLINE_CURVE_WITH_KNOTS('',1,(#4773,#4774),.UNSPECIFIED.,.F.,
  .F.,(2,2),(106.19210834648,120.74133513006),.PIECEWISE_BEZIER_KNOTS.);
#4773 = CARTESIAN_POINT('',(310.10666992476,66.2));
#4774 = CARTESIAN_POINT('',(317.38128331655,78.799999999999));
#4775 = ( GEOMETRIC_REPRESENTATION_CONTEXT(2) 
PARAMETRIC_REPRESENTATION_CONTEXT() REPRESENTATION_CONTEXT('2D SPACE',''
  ) );
#4776 = ORIENTED_EDGE('',*,*,#4666,.F.);
#4777 = ADVANCED_FACE('',(#4778),#1986,.T.);
#4778 = FACE_BOUND('',#4779,.T.);
#4779 = EDGE_LOOP('',(#4780,#4781,#4782,#4803));
#4780 = ORIENTED_EDGE('',*,*,#1972,.F.);
#4781 = ORIENTED_EDGE('',*,*,#4710,.T.);
#4782 = ORIENTED_EDGE('',*,*,#4783,.T.);
#4783 = EDGE_CURVE('',#4690,#4784,#4786,.T.);
#4784 = VERTEX_POINT('',#4785);
#4785 = CARTESIAN_POINT('',(295.55744314118,91.4,12.7));
#4786 = SURFACE_CURVE('',#4787,(#4791,#4797),.PCURVE_S1.);
#4787 = LINE('',#4788,#4789);
#4788 = CARTESIAN_POINT('',(155.05333496238,91.4,12.7));
#4789 = VECTOR('',#4790,1.);
#4790 = DIRECTION('',(-1.,9.767429518139E-16,0.));
#4791 = PCURVE('',#1986,#4792);
#4792 = DEFINITIONAL_REPRESENTATION('',(#4793),#4796);
#4793 = B_SPLINE_CURVE_WITH_KNOTS('',1,(#4794,#4795),.UNSPECIFIED.,.F.,
  .F.,(2,2),(-155.0533349623,-140.5041081788),.PIECEWISE_BEZIER_KNOTS.);
#4794 = CARTESIAN_POINT('',(0.,-12.7));
#4795 = CARTESIAN_POINT('',(14.54922678358,-12.7));
#4796 = ( GEOMETRIC_REPRESENTATION_CONTEXT(2) 
PARAMETRIC_REPRESENTATION_CONTEXT() REPRESENTATION_CONTEXT('2D SPACE',''
  ) );
#4797 = PCURVE('',#2188,#4798);
#4798 = DEFINITIONAL_REPRESENTATION('',(#4799),#4802);
#4799 = B_SPLINE_CURVE_WITH_KNOTS('',1,(#4800,#4801),.UNSPECIFIED.,.F.,
  .F.,(2,2),(-155.0533349623,-140.5041081788),.PIECEWISE_BEZIER_KNOTS.);
#4800 = CARTESIAN_POINT('',(310.10666992476,91.4));
#4801 = CARTESIAN_POINT('',(295.55744314118,91.4));
#4802 = ( GEOMETRIC_REPRESENTATION_CONTEXT(2) 
PARAMETRIC_REPRESENTATION_CONTEXT() REPRESENTATION_CONTEXT('2D SPACE',''
  ) );
#4803 = ORIENTED_EDGE('',*,*,#4804,.F.);
#4804 = EDGE_CURVE('',#1945,#4784,#4805,.T.);
#4805 = SURFACE_CURVE('',#4806,(#4810,#4817),.PCURVE_S1.);
#4806 = LINE('',#4807,#4808);
#4807 = CARTESIAN_POINT('',(295.55744314118,91.4,0.));
#4808 = VECTOR('',#4809,1.);
#4809 = DIRECTION('',(0.,0.,1.));
#4810 = PCURVE('',#1986,#4811);
#4811 = DEFINITIONAL_REPRESENTATION('',(#4812),#4816);
#4812 = LINE('',#4813,#4814);
#4813 = CARTESIAN_POINT('',(14.54922678358,0.));
#4814 = VECTOR('',#4815,1.);
#4815 = DIRECTION('',(0.,-1.));
#4816 = ( GEOMETRIC_REPRESENTATION_CONTEXT(2) 
PARAMETRIC_REPRESENTATION_CONTEXT() REPRESENTATION_CONTEXT('2D SPACE',''
  ) );
#4817 = PCURVE('',#1960,#4818);
#4818 = DEFINITIONAL_REPRESENTATION('',(#4819),#4823);
#4819 = LINE('',#4820,#4821);
#4820 = CARTESIAN_POINT('',(0.,0.));
#4821 = VECTOR('',#4822,1.);
#4822 = DIRECTION('',(0.,-1.));
#4823 = ( GEOMETRIC_REPRESENTATION_CONTEXT(2) 
PARAMETRIC_REPRESENTATION_CONTEXT() REPRESENTATION_CONTEXT('2D SPACE',''
  ) );
#4824 = ADVANCED_FACE('',(#4825),#1904,.T.);
#4825 = FACE_BOUND('',#4826,.T.);
#4826 = EDGE_LOOP('',(#4827,#4828,#4851,#4870));
#4827 = ORIENTED_EDGE('',*,*,#1888,.F.);
#4828 = ORIENTED_EDGE('',*,*,#4829,.T.);
#4829 = EDGE_CURVE('',#1889,#4830,#4832,.T.);
#4830 = VERTEX_POINT('',#4831);
#4831 = CARTESIAN_POINT('',(295.55744314118,66.2,12.7));
#4832 = SURFACE_CURVE('',#4833,(#4837,#4844),.PCURVE_S1.);
#4833 = LINE('',#4834,#4835);
#4834 = CARTESIAN_POINT('',(295.55744314118,66.2,0.));
#4835 = VECTOR('',#4836,1.);
#4836 = DIRECTION('',(0.,0.,1.));
#4837 = PCURVE('',#1904,#4838);
#4838 = DEFINITIONAL_REPRESENTATION('',(#4839),#4843);
#4839 = LINE('',#4840,#4841);
#4840 = CARTESIAN_POINT('',(0.,0.));
#4841 = VECTOR('',#4842,1.);
#4842 = DIRECTION('',(0.,-1.));
#4843 = ( GEOMETRIC_REPRESENTATION_CONTEXT(2) 
PARAMETRIC_REPRESENTATION_CONTEXT() REPRESENTATION_CONTEXT('2D SPACE',''
  ) );
#4844 = PCURVE('',#1932,#4845);
#4845 = DEFINITIONAL_REPRESENTATION('',(#4846),#4850);
#4846 = LINE('',#4847,#4848);
#4847 = CARTESIAN_POINT('',(14.549226783574,0.));
#4848 = VECTOR('',#4849,1.);
#4849 = DIRECTION('',(0.,-1.));
#4850 = ( GEOMETRIC_REPRESENTATION_CONTEXT(2) 
PARAMETRIC_REPRESENTATION_CONTEXT() REPRESENTATION_CONTEXT('2D SPACE',''
  ) );
#4851 = ORIENTED_EDGE('',*,*,#4852,.T.);
#4852 = EDGE_CURVE('',#4830,#4736,#4853,.T.);
#4853 = SURFACE_CURVE('',#4854,(#4858,#4864),.PCURVE_S1.);
#4854 = LINE('',#4855,#4856);
#4855 = CARTESIAN_POINT('',(147.77872157059,66.2,12.7));
#4856 = VECTOR('',#4857,1.);
#4857 = DIRECTION('',(1.,0.,0.));
#4858 = PCURVE('',#1904,#4859);
#4859 = DEFINITIONAL_REPRESENTATION('',(#4860),#4863);
#4860 = B_SPLINE_CURVE_WITH_KNOTS('',1,(#4861,#4862),.UNSPECIFIED.,.F.,
  .F.,(2,2),(147.77872157059,162.32794835417),.PIECEWISE_BEZIER_KNOTS.);
#4861 = CARTESIAN_POINT('',(0.,-12.7));
#4862 = CARTESIAN_POINT('',(14.54922678358,-12.7));
#4863 = ( GEOMETRIC_REPRESENTATION_CONTEXT(2) 
PARAMETRIC_REPRESENTATION_CONTEXT() REPRESENTATION_CONTEXT('2D SPACE',''
  ) );
#4864 = PCURVE('',#2188,#4865);
#4865 = DEFINITIONAL_REPRESENTATION('',(#4866),#4869);
#4866 = B_SPLINE_CURVE_WITH_KNOTS('',1,(#4867,#4868),.UNSPECIFIED.,.F.,
  .F.,(2,2),(147.77872157059,162.32794835417),.PIECEWISE_BEZIER_KNOTS.);
#4867 = CARTESIAN_POINT('',(295.55744314118,66.2));
#4868 = CARTESIAN_POINT('',(310.10666992476,66.2));
#4869 = ( GEOMETRIC_REPRESENTATION_CONTEXT(2) 
PARAMETRIC_REPRESENTATION_CONTEXT() REPRESENTATION_CONTEXT('2D SPACE',''
  ) );
#4870 = ORIENTED_EDGE('',*,*,#4735,.F.);
#4871 = ADVANCED_FACE('',(#4872),#1960,.T.);
#4872 = FACE_BOUND('',#4873,.T.);
#4873 = EDGE_LOOP('',(#4874,#4875,#4876,#4897));
#4874 = ORIENTED_EDGE('',*,*,#1944,.F.);
#4875 = ORIENTED_EDGE('',*,*,#4804,.T.);
#4876 = ORIENTED_EDGE('',*,*,#4877,.T.);
#4877 = EDGE_CURVE('',#4784,#4878,#4880,.T.);
#4878 = VERTEX_POINT('',#4879);
#4879 = CARTESIAN_POINT('',(288.2828297494,78.8,12.7));
#4880 = SURFACE_CURVE('',#4881,(#4885,#4891),.PCURVE_S1.);
#4881 = LINE('',#4882,#4883);
#4882 = CARTESIAN_POINT('',(238.82408227202,-6.865063509467,12.7));
#4883 = VECTOR('',#4884,1.);
#4884 = DIRECTION('',(-0.5,-0.866025403784,0.));
#4885 = PCURVE('',#1960,#4886);
#4886 = DEFINITIONAL_REPRESENTATION('',(#4887),#4890);
#4887 = B_SPLINE_CURVE_WITH_KNOTS('',1,(#4888,#4889),.UNSPECIFIED.,.F.,
  .F.,(2,2),(-113.4667217382,-98.91749495469),.PIECEWISE_BEZIER_KNOTS.);
#4888 = CARTESIAN_POINT('',(0.,-12.7));
#4889 = CARTESIAN_POINT('',(14.549226783574,-12.7));
#4890 = ( GEOMETRIC_REPRESENTATION_CONTEXT(2) 
PARAMETRIC_REPRESENTATION_CONTEXT() REPRESENTATION_CONTEXT('2D SPACE',''
  ) );
#4891 = PCURVE('',#2188,#4892);
#4892 = DEFINITIONAL_REPRESENTATION('',(#4893),#4896);
#4893 = B_SPLINE_CURVE_WITH_KNOTS('',1,(#4894,#4895),.UNSPECIFIED.,.F.,
  .F.,(2,2),(-113.4667217382,-98.91749495469),.PIECEWISE_BEZIER_KNOTS.);
#4894 = CARTESIAN_POINT('',(295.55744314118,91.4));
#4895 = CARTESIAN_POINT('',(288.28282974939,78.800000000006));
#4896 = ( GEOMETRIC_REPRESENTATION_CONTEXT(2) 
PARAMETRIC_REPRESENTATION_CONTEXT() REPRESENTATION_CONTEXT('2D SPACE',''
  ) );
#4897 = ORIENTED_EDGE('',*,*,#4898,.F.);
#4898 = EDGE_CURVE('',#1917,#4878,#4899,.T.);
#4899 = SURFACE_CURVE('',#4900,(#4904,#4911),.PCURVE_S1.);
#4900 = LINE('',#4901,#4902);
#4901 = CARTESIAN_POINT('',(288.2828297494,78.8,0.));
#4902 = VECTOR('',#4903,1.);
#4903 = DIRECTION('',(0.,0.,1.));
#4904 = PCURVE('',#1960,#4905);
#4905 = DEFINITIONAL_REPRESENTATION('',(#4906),#4910);
#4906 = LINE('',#4907,#4908);
#4907 = CARTESIAN_POINT('',(14.549226783574,0.));
#4908 = VECTOR('',#4909,1.);
#4909 = DIRECTION('',(0.,-1.));
#4910 = ( GEOMETRIC_REPRESENTATION_CONTEXT(2) 
PARAMETRIC_REPRESENTATION_CONTEXT() REPRESENTATION_CONTEXT('2D SPACE',''
  ) );
#4911 = PCURVE('',#1932,#4912);
#4912 = DEFINITIONAL_REPRESENTATION('',(#4913),#4917);
#4913 = LINE('',#4914,#4915);
#4914 = CARTESIAN_POINT('',(0.,0.));
#4915 = VECTOR('',#4916,1.);
#4916 = DIRECTION('',(0.,-1.));
#4917 = ( GEOMETRIC_REPRESENTATION_CONTEXT(2) 
PARAMETRIC_REPRESENTATION_CONTEXT() REPRESENTATION_CONTEXT('2D SPACE',''
  ) );
#4918 = ADVANCED_FACE('',(#4919),#1932,.T.);
#4919 = FACE_BOUND('',#4920,.T.);
#4920 = EDGE_LOOP('',(#4921,#4922,#4923,#4942));
#4921 = ORIENTED_EDGE('',*,*,#1916,.F.);
#4922 = ORIENTED_EDGE('',*,*,#4898,.T.);
#4923 = ORIENTED_EDGE('',*,*,#4924,.T.);
#4924 = EDGE_CURVE('',#4878,#4830,#4925,.T.);
#4925 = SURFACE_CURVE('',#4926,(#4930,#4936),.PCURVE_S1.);
#4926 = LINE('',#4927,#4928);
#4927 = CARTESIAN_POINT('',(269.30817648525,111.66506350948,12.7));
#4928 = VECTOR('',#4929,1.);
#4929 = DIRECTION('',(0.5,-0.866025403784,0.));
#4930 = PCURVE('',#1932,#4931);
#4931 = DEFINITIONAL_REPRESENTATION('',(#4932),#4935);
#4932 = B_SPLINE_CURVE_WITH_KNOTS('',1,(#4933,#4934),.UNSPECIFIED.,.F.,
  .F.,(2,2),(37.949306528275,52.498533311849),.PIECEWISE_BEZIER_KNOTS.);
#4933 = CARTESIAN_POINT('',(0.,-12.7));
#4934 = CARTESIAN_POINT('',(14.549226783574,-12.7));
#4935 = ( GEOMETRIC_REPRESENTATION_CONTEXT(2) 
PARAMETRIC_REPRESENTATION_CONTEXT() REPRESENTATION_CONTEXT('2D SPACE',''
  ) );
#4936 = PCURVE('',#2188,#4937);
#4937 = DEFINITIONAL_REPRESENTATION('',(#4938),#4941);
#4938 = B_SPLINE_CURVE_WITH_KNOTS('',1,(#4939,#4940),.UNSPECIFIED.,.F.,
  .F.,(2,2),(37.949306528275,52.498533311849),.PIECEWISE_BEZIER_KNOTS.);
#4939 = CARTESIAN_POINT('',(288.2828297494,78.8));
#4940 = CARTESIAN_POINT('',(295.55744314119,66.200000000006));
#4941 = ( GEOMETRIC_REPRESENTATION_CONTEXT(2) 
PARAMETRIC_REPRESENTATION_CONTEXT() REPRESENTATION_CONTEXT('2D SPACE',''
  ) );
#4942 = ORIENTED_EDGE('',*,*,#4829,.F.);
#4943 = ADVANCED_FACE('',(#4944),#2018,.T.);
#4944 = FACE_BOUND('',#4945,.T.);
#4945 = EDGE_LOOP('',(#4946,#4947,#4970,#4991));
#4946 = ORIENTED_EDGE('',*,*,#2000,.F.);
#4947 = ORIENTED_EDGE('',*,*,#4948,.T.);
#4948 = EDGE_CURVE('',#2001,#4949,#4951,.T.);
#4949 = VERTEX_POINT('',#4950);
#4950 = CARTESIAN_POINT('',(378.34947174298,78.8,12.7));
#4951 = SURFACE_CURVE('',#4952,(#4956,#4963),.PCURVE_S1.);
#4952 = LINE('',#4953,#4954);
#4953 = CARTESIAN_POINT('',(378.34947174298,78.8,0.));
#4954 = VECTOR('',#4955,1.);
#4955 = DIRECTION('',(0.,0.,1.));
#4956 = PCURVE('',#2018,#4957);
#4957 = DEFINITIONAL_REPRESENTATION('',(#4958),#4962);
#4958 = LINE('',#4959,#4960);
#4959 = CARTESIAN_POINT('',(0.,0.));
#4960 = VECTOR('',#4961,1.);
#4961 = DIRECTION('',(0.,-1.));
#4962 = ( GEOMETRIC_REPRESENTATION_CONTEXT(2) 
PARAMETRIC_REPRESENTATION_CONTEXT() REPRESENTATION_CONTEXT('2D SPACE',''
  ) );
#4963 = PCURVE('',#2046,#4964);
#4964 = DEFINITIONAL_REPRESENTATION('',(#4965),#4969);
#4965 = LINE('',#4966,#4967);
#4966 = CARTESIAN_POINT('',(14.549226783579,0.));
#4967 = VECTOR('',#4968,1.);
#4968 = DIRECTION('',(0.,-1.));
#4969 = ( GEOMETRIC_REPRESENTATION_CONTEXT(2) 
PARAMETRIC_REPRESENTATION_CONTEXT() REPRESENTATION_CONTEXT('2D SPACE',''
  ) );
#4970 = ORIENTED_EDGE('',*,*,#4971,.T.);
#4971 = EDGE_CURVE('',#4949,#4972,#4974,.T.);
#4972 = VERTEX_POINT('',#4973);
#4973 = CARTESIAN_POINT('',(371.07485835119,91.4,12.7));
#4974 = SURFACE_CURVE('',#4975,(#4979,#4985),.PCURVE_S1.);
#4975 = LINE('',#4976,#4977);
#4976 = CARTESIAN_POINT('',(348.11648822962,131.16506350948,12.7));
#4977 = VECTOR('',#4978,1.);
#4978 = DIRECTION('',(-0.5,0.866025403784,0.));
#4979 = PCURVE('',#2018,#4980);
#4980 = DEFINITIONAL_REPRESENTATION('',(#4981),#4984);
#4981 = B_SPLINE_CURVE_WITH_KNOTS('',1,(#4982,#4983),.UNSPECIFIED.,.F.,
  .F.,(2,2),(-60.46596702667,-45.91674024309),.PIECEWISE_BEZIER_KNOTS.);
#4982 = CARTESIAN_POINT('',(0.,-12.7));
#4983 = CARTESIAN_POINT('',(14.549226783579,-12.7));
#4984 = ( GEOMETRIC_REPRESENTATION_CONTEXT(2) 
PARAMETRIC_REPRESENTATION_CONTEXT() REPRESENTATION_CONTEXT('2D SPACE',''
  ) );
#4985 = PCURVE('',#2188,#4986);
#4986 = DEFINITIONAL_REPRESENTATION('',(#4987),#4990);
#4987 = B_SPLINE_CURVE_WITH_KNOTS('',1,(#4988,#4989),.UNSPECIFIED.,.F.,
  .F.,(2,2),(-60.46596702667,-45.91674024309),.PIECEWISE_BEZIER_KNOTS.);
#4988 = CARTESIAN_POINT('',(378.34947174298,78.8));
#4989 = CARTESIAN_POINT('',(371.07485835118,91.399999999999));
#4990 = ( GEOMETRIC_REPRESENTATION_CONTEXT(2) 
PARAMETRIC_REPRESENTATION_CONTEXT() REPRESENTATION_CONTEXT('2D SPACE',''
  ) );
#4991 = ORIENTED_EDGE('',*,*,#4992,.F.);
#4992 = EDGE_CURVE('',#2003,#4972,#4993,.T.);
#4993 = SURFACE_CURVE('',#4994,(#4998,#5005),.PCURVE_S1.);
#4994 = LINE('',#4995,#4996);
#4995 = CARTESIAN_POINT('',(371.07485835119,91.4,0.));
#4996 = VECTOR('',#4997,1.);
#4997 = DIRECTION('',(0.,0.,1.));
#4998 = PCURVE('',#2018,#4999);
#4999 = DEFINITIONAL_REPRESENTATION('',(#5000),#5004);
#5000 = LINE('',#5001,#5002);
#5001 = CARTESIAN_POINT('',(14.549226783579,0.));
#5002 = VECTOR('',#5003,1.);
#5003 = DIRECTION('',(0.,-1.));
#5004 = ( GEOMETRIC_REPRESENTATION_CONTEXT(2) 
PARAMETRIC_REPRESENTATION_CONTEXT() REPRESENTATION_CONTEXT('2D SPACE',''
  ) );
#5005 = PCURVE('',#2156,#5006);
#5006 = DEFINITIONAL_REPRESENTATION('',(#5007),#5011);
#5007 = LINE('',#5008,#5009);
#5008 = CARTESIAN_POINT('',(0.,0.));
#5009 = VECTOR('',#5010,1.);
#5010 = DIRECTION('',(0.,-1.));
#5011 = ( GEOMETRIC_REPRESENTATION_CONTEXT(2) 
PARAMETRIC_REPRESENTATION_CONTEXT() REPRESENTATION_CONTEXT('2D SPACE',''
  ) );
#5012 = ADVANCED_FACE('',(#5013),#2046,.T.);
#5013 = FACE_BOUND('',#5014,.T.);
#5014 = EDGE_LOOP('',(#5015,#5016,#5039,#5058));
#5015 = ORIENTED_EDGE('',*,*,#2030,.F.);
#5016 = ORIENTED_EDGE('',*,*,#5017,.T.);
#5017 = EDGE_CURVE('',#2031,#5018,#5020,.T.);
#5018 = VERTEX_POINT('',#5019);
#5019 = CARTESIAN_POINT('',(371.07485835119,66.2,12.7));
#5020 = SURFACE_CURVE('',#5021,(#5025,#5032),.PCURVE_S1.);
#5021 = LINE('',#5022,#5023);
#5022 = CARTESIAN_POINT('',(371.07485835119,66.2,0.));
#5023 = VECTOR('',#5024,1.);
#5024 = DIRECTION('',(0.,0.,1.));
#5025 = PCURVE('',#2046,#5026);
#5026 = DEFINITIONAL_REPRESENTATION('',(#5027),#5031);
#5027 = LINE('',#5028,#5029);
#5028 = CARTESIAN_POINT('',(0.,0.));
#5029 = VECTOR('',#5030,1.);
#5030 = DIRECTION('',(0.,-1.));
#5031 = ( GEOMETRIC_REPRESENTATION_CONTEXT(2) 
PARAMETRIC_REPRESENTATION_CONTEXT() REPRESENTATION_CONTEXT('2D SPACE',''
  ) );
#5032 = PCURVE('',#2074,#5033);
#5033 = DEFINITIONAL_REPRESENTATION('',(#5034),#5038);
#5034 = LINE('',#5035,#5036);
#5035 = CARTESIAN_POINT('',(14.54922678358,0.));
#5036 = VECTOR('',#5037,1.);
#5037 = DIRECTION('',(0.,-1.));
#5038 = ( GEOMETRIC_REPRESENTATION_CONTEXT(2) 
PARAMETRIC_REPRESENTATION_CONTEXT() REPRESENTATION_CONTEXT('2D SPACE',''
  ) );
#5039 = ORIENTED_EDGE('',*,*,#5040,.T.);
#5040 = EDGE_CURVE('',#5018,#4949,#5041,.T.);
#5041 = SURFACE_CURVE('',#5042,(#5046,#5052),.PCURVE_S1.);
#5042 = LINE('',#5043,#5044);
#5043 = CARTESIAN_POINT('',(310.35778062462,-38.96506350947,12.7));
#5044 = VECTOR('',#5045,1.);
#5045 = DIRECTION('',(0.5,0.866025403784,-0.));
#5046 = PCURVE('',#2046,#5047);
#5047 = DEFINITIONAL_REPRESENTATION('',(#5048),#5051);
#5048 = B_SPLINE_CURVE_WITH_KNOTS('',1,(#5049,#5050),.UNSPECIFIED.,.F.,
  .F.,(2,2),(121.43415545309,135.98338223667),.PIECEWISE_BEZIER_KNOTS.);
#5049 = CARTESIAN_POINT('',(0.,-12.7));
#5050 = CARTESIAN_POINT('',(14.549226783579,-12.7));
#5051 = ( GEOMETRIC_REPRESENTATION_CONTEXT(2) 
PARAMETRIC_REPRESENTATION_CONTEXT() REPRESENTATION_CONTEXT('2D SPACE',''
  ) );
#5052 = PCURVE('',#2188,#5053);
#5053 = DEFINITIONAL_REPRESENTATION('',(#5054),#5057);
#5054 = B_SPLINE_CURVE_WITH_KNOTS('',1,(#5055,#5056),.UNSPECIFIED.,.F.,
  .F.,(2,2),(121.43415545309,135.98338223667),.PIECEWISE_BEZIER_KNOTS.);
#5055 = CARTESIAN_POINT('',(371.07485835119,66.2));
#5056 = CARTESIAN_POINT('',(378.34947174298,78.799999999999));
#5057 = ( GEOMETRIC_REPRESENTATION_CONTEXT(2) 
PARAMETRIC_REPRESENTATION_CONTEXT() REPRESENTATION_CONTEXT('2D SPACE',''
  ) );
#5058 = ORIENTED_EDGE('',*,*,#4948,.F.);
#5059 = ADVANCED_FACE('',(#5060),#2156,.T.);
#5060 = FACE_BOUND('',#5061,.T.);
#5061 = EDGE_LOOP('',(#5062,#5063,#5064,#5085));
#5062 = ORIENTED_EDGE('',*,*,#2142,.F.);
#5063 = ORIENTED_EDGE('',*,*,#4992,.T.);
#5064 = ORIENTED_EDGE('',*,*,#5065,.T.);
#5065 = EDGE_CURVE('',#4972,#5066,#5068,.T.);
#5066 = VERTEX_POINT('',#5067);
#5067 = CARTESIAN_POINT('',(356.52563156761,91.4,12.7));
#5068 = SURFACE_CURVE('',#5069,(#5073,#5079),.PCURVE_S1.);
#5069 = LINE('',#5070,#5071);
#5070 = CARTESIAN_POINT('',(185.53742917559,91.4,12.7));
#5071 = VECTOR('',#5072,1.);
#5072 = DIRECTION('',(-1.,9.767429518139E-16,0.));
#5073 = PCURVE('',#2156,#5074);
#5074 = DEFINITIONAL_REPRESENTATION('',(#5075),#5078);
#5075 = B_SPLINE_CURVE_WITH_KNOTS('',1,(#5076,#5077),.UNSPECIFIED.,.F.,
  .F.,(2,2),(-185.5374291755,-170.988202392),.PIECEWISE_BEZIER_KNOTS.);
#5076 = CARTESIAN_POINT('',(0.,-12.7));
#5077 = CARTESIAN_POINT('',(14.54922678358,-12.7));
#5078 = ( GEOMETRIC_REPRESENTATION_CONTEXT(2) 
PARAMETRIC_REPRESENTATION_CONTEXT() REPRESENTATION_CONTEXT('2D SPACE',''
  ) );
#5079 = PCURVE('',#2188,#5080);
#5080 = DEFINITIONAL_REPRESENTATION('',(#5081),#5084);
#5081 = B_SPLINE_CURVE_WITH_KNOTS('',1,(#5082,#5083),.UNSPECIFIED.,.F.,
  .F.,(2,2),(-185.5374291755,-170.988202392),.PIECEWISE_BEZIER_KNOTS.);
#5082 = CARTESIAN_POINT('',(371.07485835119,91.4));
#5083 = CARTESIAN_POINT('',(356.52563156761,91.4));
#5084 = ( GEOMETRIC_REPRESENTATION_CONTEXT(2) 
PARAMETRIC_REPRESENTATION_CONTEXT() REPRESENTATION_CONTEXT('2D SPACE',''
  ) );
#5085 = ORIENTED_EDGE('',*,*,#5086,.F.);
#5086 = EDGE_CURVE('',#2115,#5066,#5087,.T.);
#5087 = SURFACE_CURVE('',#5088,(#5092,#5099),.PCURVE_S1.);
#5088 = LINE('',#5089,#5090);
#5089 = CARTESIAN_POINT('',(356.52563156761,91.4,0.));
#5090 = VECTOR('',#5091,1.);
#5091 = DIRECTION('',(0.,0.,1.));
#5092 = PCURVE('',#2156,#5093);
#5093 = DEFINITIONAL_REPRESENTATION('',(#5094),#5098);
#5094 = LINE('',#5095,#5096);
#5095 = CARTESIAN_POINT('',(14.54922678358,0.));
#5096 = VECTOR('',#5097,1.);
#5097 = DIRECTION('',(0.,-1.));
#5098 = ( GEOMETRIC_REPRESENTATION_CONTEXT(2) 
PARAMETRIC_REPRESENTATION_CONTEXT() REPRESENTATION_CONTEXT('2D SPACE',''
  ) );
#5099 = PCURVE('',#2130,#5100);
#5100 = DEFINITIONAL_REPRESENTATION('',(#5101),#5105);
#5101 = LINE('',#5102,#5103);
#5102 = CARTESIAN_POINT('',(0.,0.));
#5103 = VECTOR('',#5104,1.);
#5104 = DIRECTION('',(0.,-1.));
#5105 = ( GEOMETRIC_REPRESENTATION_CONTEXT(2) 
PARAMETRIC_REPRESENTATION_CONTEXT() REPRESENTATION_CONTEXT('2D SPACE',''
  ) );
#5106 = ADVANCED_FACE('',(#5107),#2074,.T.);
#5107 = FACE_BOUND('',#5108,.T.);
#5108 = EDGE_LOOP('',(#5109,#5110,#5133,#5152));
#5109 = ORIENTED_EDGE('',*,*,#2058,.F.);
#5110 = ORIENTED_EDGE('',*,*,#5111,.T.);
#5111 = EDGE_CURVE('',#2059,#5112,#5114,.T.);
#5112 = VERTEX_POINT('',#5113);
#5113 = CARTESIAN_POINT('',(356.52563156761,66.2,12.7));
#5114 = SURFACE_CURVE('',#5115,(#5119,#5126),.PCURVE_S1.);
#5115 = LINE('',#5116,#5117);
#5116 = CARTESIAN_POINT('',(356.52563156761,66.2,0.));
#5117 = VECTOR('',#5118,1.);
#5118 = DIRECTION('',(0.,0.,1.));
#5119 = PCURVE('',#2074,#5120);
#5120 = DEFINITIONAL_REPRESENTATION('',(#5121),#5125);
#5121 = LINE('',#5122,#5123);
#5122 = CARTESIAN_POINT('',(0.,0.));
#5123 = VECTOR('',#5124,1.);
#5124 = DIRECTION('',(0.,-1.));
#5125 = ( GEOMETRIC_REPRESENTATION_CONTEXT(2) 
PARAMETRIC_REPRESENTATION_CONTEXT() REPRESENTATION_CONTEXT('2D SPACE',''
  ) );
#5126 = PCURVE('',#2102,#5127);
#5127 = DEFINITIONAL_REPRESENTATION('',(#5128),#5132);
#5128 = LINE('',#5129,#5130);
#5129 = CARTESIAN_POINT('',(14.549226783579,0.));
#5130 = VECTOR('',#5131,1.);
#5131 = DIRECTION('',(0.,-1.));
#5132 = ( GEOMETRIC_REPRESENTATION_CONTEXT(2) 
PARAMETRIC_REPRESENTATION_CONTEXT() REPRESENTATION_CONTEXT('2D SPACE',''
  ) );
#5133 = ORIENTED_EDGE('',*,*,#5134,.T.);
#5134 = EDGE_CURVE('',#5112,#5018,#5135,.T.);
#5135 = SURFACE_CURVE('',#5136,(#5140,#5146),.PCURVE_S1.);
#5136 = LINE('',#5137,#5138);
#5137 = CARTESIAN_POINT('',(178.2628157838,66.2,12.7));
#5138 = VECTOR('',#5139,1.);
#5139 = DIRECTION('',(1.,0.,0.));
#5140 = PCURVE('',#2074,#5141);
#5141 = DEFINITIONAL_REPRESENTATION('',(#5142),#5145);
#5142 = B_SPLINE_CURVE_WITH_KNOTS('',1,(#5143,#5144),.UNSPECIFIED.,.F.,
  .F.,(2,2),(178.2628157838,192.81204256738),.PIECEWISE_BEZIER_KNOTS.);
#5143 = CARTESIAN_POINT('',(0.,-12.7));
#5144 = CARTESIAN_POINT('',(14.54922678358,-12.7));
#5145 = ( GEOMETRIC_REPRESENTATION_CONTEXT(2) 
PARAMETRIC_REPRESENTATION_CONTEXT() REPRESENTATION_CONTEXT('2D SPACE',''
  ) );
#5146 = PCURVE('',#2188,#5147);
#5147 = DEFINITIONAL_REPRESENTATION('',(#5148),#5151);
#5148 = B_SPLINE_CURVE_WITH_KNOTS('',1,(#5149,#5150),.UNSPECIFIED.,.F.,
  .F.,(2,2),(178.2628157838,192.81204256738),.PIECEWISE_BEZIER_KNOTS.);
#5149 = CARTESIAN_POINT('',(356.52563156761,66.2));
#5150 = CARTESIAN_POINT('',(371.07485835119,66.2));
#5151 = ( GEOMETRIC_REPRESENTATION_CONTEXT(2) 
PARAMETRIC_REPRESENTATION_CONTEXT() REPRESENTATION_CONTEXT('2D SPACE',''
  ) );
#5152 = ORIENTED_EDGE('',*,*,#5017,.F.);
#5153 = ADVANCED_FACE('',(#5154),#2130,.T.);
#5154 = FACE_BOUND('',#5155,.T.);
#5155 = EDGE_LOOP('',(#5156,#5157,#5158,#5179));
#5156 = ORIENTED_EDGE('',*,*,#2114,.F.);
#5157 = ORIENTED_EDGE('',*,*,#5086,.T.);
#5158 = ORIENTED_EDGE('',*,*,#5159,.T.);
#5159 = EDGE_CURVE('',#5066,#5160,#5162,.T.);
#5160 = VERTEX_POINT('',#5161);
#5161 = CARTESIAN_POINT('',(349.25101817582,78.8,12.7));
#5162 = SURFACE_CURVE('',#5163,(#5167,#5173),.PCURVE_S1.);
#5163 = LINE('',#5164,#5165);
#5164 = CARTESIAN_POINT('',(292.17124714514,-20.06506350947,12.7));
#5165 = VECTOR('',#5166,1.);
#5166 = DIRECTION('',(-0.5,-0.866025403784,0.));
#5167 = PCURVE('',#2130,#5168);
#5168 = DEFINITIONAL_REPRESENTATION('',(#5169),#5172);
#5169 = B_SPLINE_CURVE_WITH_KNOTS('',1,(#5170,#5171),.UNSPECIFIED.,.F.,
  .F.,(2,2),(-128.7087688448,-114.1595420613),.PIECEWISE_BEZIER_KNOTS.);
#5170 = CARTESIAN_POINT('',(0.,-12.7));
#5171 = CARTESIAN_POINT('',(14.549226783579,-12.7));
#5172 = ( GEOMETRIC_REPRESENTATION_CONTEXT(2) 
PARAMETRIC_REPRESENTATION_CONTEXT() REPRESENTATION_CONTEXT('2D SPACE',''
  ) );
#5173 = PCURVE('',#2188,#5174);
#5174 = DEFINITIONAL_REPRESENTATION('',(#5175),#5178);
#5175 = B_SPLINE_CURVE_WITH_KNOTS('',1,(#5176,#5177),.UNSPECIFIED.,.F.,
  .F.,(2,2),(-128.7087688448,-114.1595420613),.PIECEWISE_BEZIER_KNOTS.);
#5176 = CARTESIAN_POINT('',(356.52563156761,91.4));
#5177 = CARTESIAN_POINT('',(349.25101817581,78.800000000001));
#5178 = ( GEOMETRIC_REPRESENTATION_CONTEXT(2) 
PARAMETRIC_REPRESENTATION_CONTEXT() REPRESENTATION_CONTEXT('2D SPACE',''
  ) );
#5179 = ORIENTED_EDGE('',*,*,#5180,.F.);
#5180 = EDGE_CURVE('',#2087,#5160,#5181,.T.);
#5181 = SURFACE_CURVE('',#5182,(#5186,#5193),.PCURVE_S1.);
#5182 = LINE('',#5183,#5184);
#5183 = CARTESIAN_POINT('',(349.25101817582,78.8,0.));
#5184 = VECTOR('',#5185,1.);
#5185 = DIRECTION('',(0.,0.,1.));
#5186 = PCURVE('',#2130,#5187);
#5187 = DEFINITIONAL_REPRESENTATION('',(#5188),#5192);
#5188 = LINE('',#5189,#5190);
#5189 = CARTESIAN_POINT('',(14.549226783579,0.));
#5190 = VECTOR('',#5191,1.);
#5191 = DIRECTION('',(0.,-1.));
#5192 = ( GEOMETRIC_REPRESENTATION_CONTEXT(2) 
PARAMETRIC_REPRESENTATION_CONTEXT() REPRESENTATION_CONTEXT('2D SPACE',''
  ) );
#5193 = PCURVE('',#2102,#5194);
#5194 = DEFINITIONAL_REPRESENTATION('',(#5195),#5199);
#5195 = LINE('',#5196,#5197);
#5196 = CARTESIAN_POINT('',(0.,0.));
#5197 = VECTOR('',#5198,1.);
#5198 = DIRECTION('',(0.,-1.));
#5199 = ( GEOMETRIC_REPRESENTATION_CONTEXT(2) 
PARAMETRIC_REPRESENTATION_CONTEXT() REPRESENTATION_CONTEXT('2D SPACE',''
  ) );
#5200 = ADVANCED_FACE('',(#5201),#2102,.T.);
#5201 = FACE_BOUND('',#5202,.T.);
#5202 = EDGE_LOOP('',(#5203,#5204,#5205,#5224));
#5203 = ORIENTED_EDGE('',*,*,#2086,.F.);
#5204 = ORIENTED_EDGE('',*,*,#5180,.T.);
#5205 = ORIENTED_EDGE('',*,*,#5206,.T.);
#5206 = EDGE_CURVE('',#5160,#5112,#5207,.T.);
#5207 = SURFACE_CURVE('',#5208,(#5212,#5218),.PCURVE_S1.);
#5208 = LINE('',#5209,#5210);
#5209 = CARTESIAN_POINT('',(322.65534135836,124.86506350948,12.7));
#5210 = VECTOR('',#5211,1.);
#5211 = DIRECTION('',(0.5,-0.866025403784,0.));
#5212 = PCURVE('',#2102,#5213);
#5213 = DEFINITIONAL_REPRESENTATION('',(#5214),#5217);
#5214 = B_SPLINE_CURVE_WITH_KNOTS('',1,(#5215,#5216),.UNSPECIFIED.,.F.,
  .F.,(2,2),(53.191353634886,67.740580418465),.PIECEWISE_BEZIER_KNOTS.);
#5215 = CARTESIAN_POINT('',(0.,-12.7));
#5216 = CARTESIAN_POINT('',(14.549226783579,-12.7));
#5217 = ( GEOMETRIC_REPRESENTATION_CONTEXT(2) 
PARAMETRIC_REPRESENTATION_CONTEXT() REPRESENTATION_CONTEXT('2D SPACE',''
  ) );
#5218 = PCURVE('',#2188,#5219);
#5219 = DEFINITIONAL_REPRESENTATION('',(#5220),#5223);
#5220 = B_SPLINE_CURVE_WITH_KNOTS('',1,(#5221,#5222),.UNSPECIFIED.,.F.,
  .F.,(2,2),(53.191353634886,67.740580418465),.PIECEWISE_BEZIER_KNOTS.);
#5221 = CARTESIAN_POINT('',(349.25101817582,78.8));
#5222 = CARTESIAN_POINT('',(356.52563156761,66.200000000001));
#5223 = ( GEOMETRIC_REPRESENTATION_CONTEXT(2) 
PARAMETRIC_REPRESENTATION_CONTEXT() REPRESENTATION_CONTEXT('2D SPACE',''
  ) );
#5224 = ORIENTED_EDGE('',*,*,#5111,.F.);
#5225 = ADVANCED_FACE('',(#5226,#5637,#5645,#5653,#5661,#5669,#5677,
    #5685,#5693),#2188,.T.);
#5226 = FACE_BOUND('',#5227,.T.);
#5227 = EDGE_LOOP('',(#5228,#5229,#5230,#5231,#5232,#5233,#5394,#5422,
    #5450,#5478));
#5228 = ORIENTED_EDGE('',*,*,#2171,.T.);
#5229 = ORIENTED_EDGE('',*,*,#2332,.T.);
#5230 = ORIENTED_EDGE('',*,*,#2452,.T.);
#5231 = ORIENTED_EDGE('',*,*,#2589,.F.);
#5232 = ORIENTED_EDGE('',*,*,#2899,.T.);
#5233 = ORIENTED_EDGE('',*,*,#5234,.F.);
#5234 = EDGE_CURVE('',#5235,#2872,#5237,.T.);
#5235 = VERTEX_POINT('',#5236);
#5236 = CARTESIAN_POINT('',(207.51249998266,64.045776315876,12.7));
#5237 = SURFACE_CURVE('',#5238,(#5255,#5275),.PCURVE_S1.);
#5238 = B_SPLINE_CURVE_WITH_KNOTS('',8,(#5239,#5240,#5241,#5242,#5243,
    #5244,#5245,#5246,#5247,#5248,#5249,#5250,#5251,#5252,#5253,#5254),
  .UNSPECIFIED.,.F.,.F.,(9,7,9),(0.,0.5,1.),.UNSPECIFIED.);
#5239 = CARTESIAN_POINT('',(207.51249998266,64.045776315876,12.7));
#5240 = CARTESIAN_POINT('',(207.54984185447,64.02420383277,12.7));
#5241 = CARTESIAN_POINT('',(207.59844608816,64.024886303282,12.7));
#5242 = CARTESIAN_POINT('',(207.64037176672,64.04705971321,12.7));
#5243 = CARTESIAN_POINT('',(207.67584234229,64.059431366935,12.7));
#5244 = CARTESIAN_POINT('',(207.71500225721,64.08733064216,12.7));
#5245 = CARTESIAN_POINT('',(207.74770278224,64.111536418669,12.7));
#5246 = CARTESIAN_POINT('',(207.78016319508,64.140305499351,12.7));
#5247 = CARTESIAN_POINT('',(207.84011609584,64.201282975354,12.7));
#5248 = CARTESIAN_POINT('',(207.86803468082,64.234021859285,12.7));
#5249 = CARTESIAN_POINT('',(207.89354462025,64.268396397729,12.7));
#5250 = CARTESIAN_POINT('',(207.91650518299,64.30451940863,12.7));
#5251 = CARTESIAN_POINT('',(207.93654120906,64.342773311316,12.7));
#5252 = CARTESIAN_POINT('',(207.95259863181,64.383352418571,12.7));
#5253 = CARTESIAN_POINT('',(207.96249999999,64.425805228646,12.7));
#5254 = CARTESIAN_POINT('',(207.9625,64.46857671733,12.7));
#5255 = PCURVE('',#2188,#5256);
#5256 = DEFINITIONAL_REPRESENTATION('',(#5257),#5274);
#5257 = B_SPLINE_CURVE_WITH_KNOTS('',8,(#5258,#5259,#5260,#5261,#5262,
    #5263,#5264,#5265,#5266,#5267,#5268,#5269,#5270,#5271,#5272,#5273),
  .UNSPECIFIED.,.F.,.F.,(9,7,9),(0.,0.5,1.),.UNSPECIFIED.);
#5258 = CARTESIAN_POINT('',(207.51249998266,64.045776315876));
#5259 = CARTESIAN_POINT('',(207.54984185447,64.024203832769));
#5260 = CARTESIAN_POINT('',(207.59844484967,64.025025195122));
#5261 = CARTESIAN_POINT('',(207.64037907308,64.046653629756));
#5262 = CARTESIAN_POINT('',(207.67586571513,64.059933534696));
#5263 = CARTESIAN_POINT('',(207.71492141163,64.087020191259));
#5264 = CARTESIAN_POINT('',(207.74777878601,64.111632234553));
#5265 = CARTESIAN_POINT('',(207.78014207342,64.140287028903));
#5266 = CARTESIAN_POINT('',(207.84013362634,64.201304951822));
#5267 = CARTESIAN_POINT('',(207.86800052618,64.233952646923));
#5268 = CARTESIAN_POINT('',(207.89363690787,64.26841889248));
#5269 = CARTESIAN_POINT('',(207.91647487127,64.304554339418));
#5270 = CARTESIAN_POINT('',(207.93643226197,64.342756543377));
#5271 = CARTESIAN_POINT('',(207.95268031965,64.383351973957));
#5272 = CARTESIAN_POINT('',(207.96249999999,64.425805228646));
#5273 = CARTESIAN_POINT('',(207.9625,64.46857671733));
#5274 = ( GEOMETRIC_REPRESENTATION_CONTEXT(2) 
PARAMETRIC_REPRESENTATION_CONTEXT() REPRESENTATION_CONTEXT('2D SPACE',''
  ) );
#5275 = PCURVE('',#5276,#5389);
#5276 = B_SPLINE_SURFACE_WITH_KNOTS('',6,8,(
    (#5277,#5278,#5279,#5280,#5281,#5282,#5283,#5284,#5285,#5286,#5287
      ,#5288,#5289,#5290,#5291,#5292)
    ,(#5293,#5294,#5295,#5296,#5297,#5298,#5299,#5300,#5301,#5302,#5303
      ,#5304,#5305,#5306,#5307,#5308)
    ,(#5309,#5310,#5311,#5312,#5313,#5314,#5315,#5316,#5317,#5318,#5319
      ,#5320,#5321,#5322,#5323,#5324)
    ,(#5325,#5326,#5327,#5328,#5329,#5330,#5331,#5332,#5333,#5334,#5335
      ,#5336,#5337,#5338,#5339,#5340)
    ,(#5341,#5342,#5343,#5344,#5345,#5346,#5347,#5348,#5349,#5350,#5351
      ,#5352,#5353,#5354,#5355,#5356)
    ,(#5357,#5358,#5359,#5360,#5361,#5362,#5363,#5364,#5365,#5366,#5367
      ,#5368,#5369,#5370,#5371,#5372)
    ,(#5373,#5374,#5375,#5376,#5377,#5378,#5379,#5380,#5381,#5382,#5383
      ,#5384,#5385,#5386,#5387,#5388
    )),.UNSPECIFIED.,.F.,.F.,.F.,(7,7),(9,7,9),(0.,1.),(0.,0.5,1.),
  .UNSPECIFIED.);
#5277 = CARTESIAN_POINT('',(207.51249998266,64.045776315876,12.7));
#5278 = CARTESIAN_POINT('',(207.54984185447,64.02420383277,12.7));
#5279 = CARTESIAN_POINT('',(207.59844608816,64.024886303282,12.7));
#5280 = CARTESIAN_POINT('',(207.64037176672,64.04705971321,12.7));
#5281 = CARTESIAN_POINT('',(207.67584234229,64.059431366935,12.7));
#5282 = CARTESIAN_POINT('',(207.71500225721,64.08733064216,12.7));
#5283 = CARTESIAN_POINT('',(207.74770278224,64.111536418669,12.7));
#5284 = CARTESIAN_POINT('',(207.78016319508,64.140305499351,12.7));
#5285 = CARTESIAN_POINT('',(207.84011609584,64.201282975354,12.7));
#5286 = CARTESIAN_POINT('',(207.86803468082,64.234021859285,12.7));
#5287 = CARTESIAN_POINT('',(207.89354462025,64.268396397729,12.7));
#5288 = CARTESIAN_POINT('',(207.91650518299,64.30451940863,12.7));
#5289 = CARTESIAN_POINT('',(207.93654120906,64.342773311316,12.7));
#5290 = CARTESIAN_POINT('',(207.95259863181,64.383352418571,12.7));
#5291 = CARTESIAN_POINT('',(207.96249999999,64.425805228646,12.7));
#5292 = CARTESIAN_POINT('',(207.9625,64.46857671733,12.7));
#5293 = CARTESIAN_POINT('',(207.55103178522,64.112474693836,12.7));
#5294 = CARTESIAN_POINT('',(207.58508302284,64.090749693591,12.7));
#5295 = CARTESIAN_POINT('',(207.62884593794,64.088135443148,12.7));
#5296 = CARTESIAN_POINT('',(207.66727110239,64.104052192664,12.7));
#5297 = CARTESIAN_POINT('',(207.70043413484,64.112458972853,12.7));
#5298 = CARTESIAN_POINT('',(207.73667161677,64.134476103372,12.7));
#5299 = CARTESIAN_POINT('',(207.76740915334,64.154073479143,12.7));
#5300 = CARTESIAN_POINT('',(207.7977188845,64.178095492185,12.7));
#5301 = CARTESIAN_POINT('',(207.85354565761,64.23013552408,12.7));
#5302 = CARTESIAN_POINT('',(207.87941818779,64.258595346033,12.7));
#5303 = CARTESIAN_POINT('',(207.90285760396,64.288926870473,12.7));
#5304 = CARTESIAN_POINT('',(207.92366080515,64.321145731483,12.7));
#5305 = CARTESIAN_POINT('',(207.94144652695,64.355475205704,12.7));
#5306 = CARTESIAN_POINT('',(207.95528802155,64.391970117348,12.7));
#5307 = CARTESIAN_POINT('',(207.96334573755,64.43014074314,12.7));
#5308 = CARTESIAN_POINT('',(207.9625,64.46857671733,12.7));
#5309 = CARTESIAN_POINT('',(207.58956063381,64.179167958476,
    12.676271410733));
#5310 = CARTESIAN_POINT('',(207.62079382543,64.158108489155,
    12.677427626736));
#5311 = CARTESIAN_POINT('',(207.65994516846,64.154205117145,
    12.67408108781));
#5312 = CARTESIAN_POINT('',(207.69448823723,64.161067185121,
    12.67409423102));
#5313 = CARTESIAN_POINT('',(207.72593638352,64.165539556558,
    12.674767011098));
#5314 = CARTESIAN_POINT('',(207.75876032011,64.179785502713,
    12.675953890901));
#5315 = CARTESIAN_POINT('',(207.78779183375,64.194523401137,
    12.677591235884));
#5316 = CARTESIAN_POINT('',(207.81578605703,64.213503949141,
    12.679559746193));
#5317 = CARTESIAN_POINT('',(207.86702514159,64.256759500503,
    12.683962326028));
#5318 = CARTESIAN_POINT('',(207.89048864142,64.281290879575,
    12.686395479699));
#5319 = CARTESIAN_POINT('',(207.91137358003,64.308182782879,
    12.68895730555));
#5320 = CARTESIAN_POINT('',(207.92944086093,64.33718241739,
    12.691542140037));
#5321 = CARTESIAN_POINT('',(207.94440853737,64.36813467434,
    12.694043423102));
#5322 = CARTESIAN_POINT('',(207.95572554009,64.400789527391,
    12.696355273625));
#5323 = CARTESIAN_POINT('',(207.96351488506,64.436633795793,
    12.695720830866));
#5324 = CARTESIAN_POINT('',(207.9625,64.46857671733,12.7));
#5325 = CARTESIAN_POINT('',(207.62353485905,64.237977190459,
    12.628781539809));
#5326 = CARTESIAN_POINT('',(207.65215986567,64.2179465205,12.63189491884
    ));
#5327 = CARTESIAN_POINT('',(207.68538047502,64.208850026659,
    12.634782353521));
#5328 = CARTESIAN_POINT('',(207.71607831541,64.211174797853,
    12.638324086205));
#5329 = CARTESIAN_POINT('',(207.74492240206,64.212366298089,
    12.642276442151));
#5330 = CARTESIAN_POINT('',(207.7750942688,64.222094349164,
    12.646484488507));
#5331 = CARTESIAN_POINT('',(207.80229308595,64.233045642938,
    12.650978883317));
#5332 = CARTESIAN_POINT('',(207.82856640139,64.248073492672,
    12.655666282885));
#5333 = CARTESIAN_POINT('',(207.87671042761,64.28360832431,
    12.665336681275));
#5334 = CARTESIAN_POINT('',(207.89877346297,64.304321702995,
    12.670317633606));
#5335 = CARTESIAN_POINT('',(207.91828924637,64.327448442694,
    12.675388273554));
#5336 = CARTESIAN_POINT('',(207.93493858713,64.352673735464,
    12.680488144569));
#5337 = CARTESIAN_POINT('',(207.94841324174,64.379770025335,
    12.685555664749));
#5338 = CARTESIAN_POINT('',(207.95820777766,64.40846646641,
    12.690531392505));
#5339 = CARTESIAN_POINT('',(207.96326116379,64.438058258776,
    12.695051662296));
#5340 = CARTESIAN_POINT('',(207.9625,64.46857671733,12.7));
#5341 = CARTESIAN_POINT('',(207.64830662804,64.280857011837,
    12.562330490409));
#5342 = CARTESIAN_POINT('',(207.67416488457,64.26158066577,
    12.569500001474));
#5343 = CARTESIAN_POINT('',(207.70202630745,64.247924999976,
    12.580844816161));
#5344 = CARTESIAN_POINT('',(207.72946258785,64.246683122386,
    12.589637970763));
#5345 = CARTESIAN_POINT('',(207.75615887133,64.24533867389,
    12.598331836114));
#5346 = CARTESIAN_POINT('',(207.78433295247,64.251713098343,
    12.6068276329));
#5347 = CARTESIAN_POINT('',(207.8102847755,64.259913773773,
    12.615274036336));
#5348 = CARTESIAN_POINT('',(207.83549996348,64.272127006515,
    12.623654385981));
#5349 = CARTESIAN_POINT('',(207.88193221997,64.302250280058,
    12.640378026324));
#5350 = CARTESIAN_POINT('',(207.90332017597,64.320329635437,
    12.648718588365));
#5351 = CARTESIAN_POINT('',(207.92222331105,64.340888521363,
    12.657070936073));
#5352 = CARTESIAN_POINT('',(207.93822378548,64.363551562608,
    12.665462258537));
#5353 = CARTESIAN_POINT('',(207.95095148635,64.38801941984,
    12.673918244377));
#5354 = CARTESIAN_POINT('',(207.95989294567,64.413982012715,
    12.682467435962));
#5355 = CARTESIAN_POINT('',(207.96283829502,64.438674190558,
    12.693402216395));
#5356 = CARTESIAN_POINT('',(207.9625,64.46857671733,12.7));
#5357 = CARTESIAN_POINT('',(207.66133541364,64.303409781454,
    12.486060358648));
#5358 = CARTESIAN_POINT('',(207.68532023119,64.28643407683,
    12.498757648436));
#5359 = CARTESIAN_POINT('',(207.71103581201,64.274691269809,
    12.511508148352));
#5360 = CARTESIAN_POINT('',(207.73686872144,64.268220134696,
    12.524317659083));
#5361 = CARTESIAN_POINT('',(207.76344225708,64.265562695541,
    12.537317394491));
#5362 = CARTESIAN_POINT('',(207.79013538916,64.267606367232,
    12.550390923557));
#5363 = CARTESIAN_POINT('',(207.8159051396,64.273651930901,
    12.563625698408));
#5364 = CARTESIAN_POINT('',(207.84040782886,64.28357093444,
    12.576969177743));
#5365 = CARTESIAN_POINT('',(207.88542869826,64.310151976771,
    12.603871591142));
#5366 = CARTESIAN_POINT('',(207.90599554684,64.326836592953,
    12.617428226113));
#5367 = CARTESIAN_POINT('',(207.92397476766,64.34644175479,
    12.631077329067));
#5368 = CARTESIAN_POINT('',(207.93890758578,64.368415807731,
    12.644798979186));
#5369 = CARTESIAN_POINT('',(207.95046721321,64.392170823449,
    12.658570419834));
#5370 = CARTESIAN_POINT('',(207.95840556911,64.417124431274,
    12.67237018325));
#5371 = CARTESIAN_POINT('',(207.9625,64.442741649603,12.686182215266));
#5372 = CARTESIAN_POINT('',(207.9625,64.46857671733,12.7));
#5373 = CARTESIAN_POINT('',(207.66249999306,64.305425663227,
    12.409067155008));
#5374 = CARTESIAN_POINT('',(207.68517248502,64.291721884811,
    12.42641582631));
#5375 = CARTESIAN_POINT('',(207.70980323247,64.281407837116,
    12.443882869618));
#5376 = CARTESIAN_POINT('',(207.73580025168,64.274825092102,
    12.461480212887));
#5377 = CARTESIAN_POINT('',(207.76249999387,64.272191312132,
    12.479215457054));
#5378 = CARTESIAN_POINT('',(207.78919973618,64.27358152665,
    12.497091222204));
#5379 = CARTESIAN_POINT('',(207.81519675575,64.278920706255,
    12.515104888255));
#5380 = CARTESIAN_POINT('',(207.83982750378,64.287991188621,
    12.533248854269));
#5381 = CARTESIAN_POINT('',(207.88517248928,64.312911615032,
    12.569773530315));
#5382 = CARTESIAN_POINT('',(207.90588917074,64.32875993462,
    12.58815418362));
#5383 = CARTESIAN_POINT('',(207.92405039593,64.347660196566,
    12.606641413101));
#5384 = CARTESIAN_POINT('',(207.93914121466,64.369142115644,
    12.625218796035));
#5385 = CARTESIAN_POINT('',(207.95074984049,64.39263325507,
    12.64386634249));
#5386 = CARTESIAN_POINT('',(207.95858611964,64.417490996182,
    12.662561611727));
#5387 = CARTESIAN_POINT('',(207.9625,64.443034508086,12.681280828609));
#5388 = CARTESIAN_POINT('',(207.9625,64.46857671733,12.7));
#5389 = DEFINITIONAL_REPRESENTATION('',(#5390),#5393);
#5390 = B_SPLINE_CURVE_WITH_KNOTS('',1,(#5391,#5392),.UNSPECIFIED.,.F.,
  .F.,(2,2),(0.,1.),.PIECEWISE_BEZIER_KNOTS.);
#5391 = CARTESIAN_POINT('',(0.,0.));
#5392 = CARTESIAN_POINT('',(0.,1.));
#5393 = ( GEOMETRIC_REPRESENTATION_CONTEXT(2) 
PARAMETRIC_REPRESENTATION_CONTEXT() REPRESENTATION_CONTEXT('2D SPACE',''
  ) );
#5394 = ORIENTED_EDGE('',*,*,#5395,.T.);
#5395 = EDGE_CURVE('',#5235,#5396,#5398,.T.);
#5396 = VERTEX_POINT('',#5397);
#5397 = CARTESIAN_POINT('',(195.6625,70.891547887337,12.7));
#5398 = SURFACE_CURVE('',#5399,(#5403,#5410),.PCURVE_S1.);
#5399 = LINE('',#5400,#5401);
#5400 = CARTESIAN_POINT('',(207.81690056508,63.869923416592,12.7));
#5401 = VECTOR('',#5402,1.);
#5402 = DIRECTION('',(-0.865893403497,0.50022856154,0.));
#5403 = PCURVE('',#2188,#5404);
#5404 = DEFINITIONAL_REPRESENTATION('',(#5405),#5409);
#5405 = LINE('',#5406,#5407);
#5406 = CARTESIAN_POINT('',(207.81690056508,63.869923416592));
#5407 = VECTOR('',#5408,1.);
#5408 = DIRECTION('',(-0.865893403497,0.50022856154));
#5409 = ( GEOMETRIC_REPRESENTATION_CONTEXT(2) 
PARAMETRIC_REPRESENTATION_CONTEXT() REPRESENTATION_CONTEXT('2D SPACE',''
  ) );
#5410 = PCURVE('',#5411,#5416);
#5411 = CYLINDRICAL_SURFACE('',#5412,0.3);
#5412 = AXIS2_PLACEMENT_3D('',#5413,#5414,#5415);
#5413 = CARTESIAN_POINT('',(207.81690056508,63.869923416592,12.4));
#5414 = DIRECTION('',(-0.865893403497,0.50022856154,0.));
#5415 = DIRECTION('',(0.,0.,1.));
#5416 = DEFINITIONAL_REPRESENTATION('',(#5417),#5421);
#5417 = LINE('',#5418,#5419);
#5418 = CARTESIAN_POINT('',(0.,0.));
#5419 = VECTOR('',#5420,1.);
#5420 = DIRECTION('',(0.,1.));
#5421 = ( GEOMETRIC_REPRESENTATION_CONTEXT(2) 
PARAMETRIC_REPRESENTATION_CONTEXT() REPRESENTATION_CONTEXT('2D SPACE',''
  ) );
#5422 = ORIENTED_EDGE('',*,*,#5423,.T.);
#5423 = EDGE_CURVE('',#5396,#5424,#5426,.T.);
#5424 = VERTEX_POINT('',#5425);
#5425 = CARTESIAN_POINT('',(195.6625,19.578570572663,12.7));
#5426 = SURFACE_CURVE('',#5427,(#5431,#5438),.PCURVE_S1.);
#5427 = LINE('',#5428,#5429);
#5428 = CARTESIAN_POINT('',(195.6625,71.401003651303,12.7));
#5429 = VECTOR('',#5430,1.);
#5430 = DIRECTION('',(0.,-1.,0.));
#5431 = PCURVE('',#2188,#5432);
#5432 = DEFINITIONAL_REPRESENTATION('',(#5433),#5437);
#5433 = LINE('',#5434,#5435);
#5434 = CARTESIAN_POINT('',(195.6625,71.401003651303));
#5435 = VECTOR('',#5436,1.);
#5436 = DIRECTION('',(0.,-1.));
#5437 = ( GEOMETRIC_REPRESENTATION_CONTEXT(2) 
PARAMETRIC_REPRESENTATION_CONTEXT() REPRESENTATION_CONTEXT('2D SPACE',''
  ) );
#5438 = PCURVE('',#5439,#5444);
#5439 = CYLINDRICAL_SURFACE('',#5440,0.3);
#5440 = AXIS2_PLACEMENT_3D('',#5441,#5442,#5443);
#5441 = CARTESIAN_POINT('',(195.6625,71.401003651303,12.4));
#5442 = DIRECTION('',(0.,-1.,0.));
#5443 = DIRECTION('',(0.,0.,1.));
#5444 = DEFINITIONAL_REPRESENTATION('',(#5445),#5449);
#5445 = LINE('',#5446,#5447);
#5446 = CARTESIAN_POINT('',(0.,0.));
#5447 = VECTOR('',#5448,1.);
#5448 = DIRECTION('',(0.,1.));
#5449 = ( GEOMETRIC_REPRESENTATION_CONTEXT(2) 
PARAMETRIC_REPRESENTATION_CONTEXT() REPRESENTATION_CONTEXT('2D SPACE',''
  ) );
#5450 = ORIENTED_EDGE('',*,*,#5451,.T.);
#5451 = EDGE_CURVE('',#5424,#5452,#5454,.T.);
#5452 = VERTEX_POINT('',#5453);
#5453 = CARTESIAN_POINT('',(207.51249998266,26.424342144125,12.7));
#5454 = SURFACE_CURVE('',#5455,(#5459,#5466),.PCURVE_S1.);
#5455 = LINE('',#5456,#5457);
#5456 = CARTESIAN_POINT('',(195.21690056508,19.32114677956,12.7));
#5457 = VECTOR('',#5458,1.);
#5458 = DIRECTION('',(0.865893403497,0.50022856154,-0.));
#5459 = PCURVE('',#2188,#5460);
#5460 = DEFINITIONAL_REPRESENTATION('',(#5461),#5465);
#5461 = LINE('',#5462,#5463);
#5462 = CARTESIAN_POINT('',(195.21690056508,19.32114677956));
#5463 = VECTOR('',#5464,1.);
#5464 = DIRECTION('',(0.865893403497,0.50022856154));
#5465 = ( GEOMETRIC_REPRESENTATION_CONTEXT(2) 
PARAMETRIC_REPRESENTATION_CONTEXT() REPRESENTATION_CONTEXT('2D SPACE',''
  ) );
#5466 = PCURVE('',#5467,#5472);
#5467 = CYLINDRICAL_SURFACE('',#5468,0.3);
#5468 = AXIS2_PLACEMENT_3D('',#5469,#5470,#5471);
#5469 = CARTESIAN_POINT('',(195.21690056508,19.32114677956,12.4));
#5470 = DIRECTION('',(0.865893403497,0.50022856154,-0.));
#5471 = DIRECTION('',(0.,0.,1.));
#5472 = DEFINITIONAL_REPRESENTATION('',(#5473),#5477);
#5473 = LINE('',#5474,#5475);
#5474 = CARTESIAN_POINT('',(0.,0.));
#5475 = VECTOR('',#5476,1.);
#5476 = DIRECTION('',(0.,1.));
#5477 = ( GEOMETRIC_REPRESENTATION_CONTEXT(2) 
PARAMETRIC_REPRESENTATION_CONTEXT() REPRESENTATION_CONTEXT('2D SPACE',''
  ) );
#5478 = ORIENTED_EDGE('',*,*,#5479,.T.);
#5479 = EDGE_CURVE('',#5452,#2172,#5480,.T.);
#5480 = SURFACE_CURVE('',#5481,(#5498,#5518),.PCURVE_S1.);
#5481 = B_SPLINE_CURVE_WITH_KNOTS('',8,(#5482,#5483,#5484,#5485,#5486,
    #5487,#5488,#5489,#5490,#5491,#5492,#5493,#5494,#5495,#5496,#5497),
  .UNSPECIFIED.,.F.,.F.,(9,7,9),(0.,0.5,1.),.UNSPECIFIED.);
#5482 = CARTESIAN_POINT('',(207.51249998266,26.424342144125,12.7));
#5483 = CARTESIAN_POINT('',(207.54984185447,26.44591462723,12.7));
#5484 = CARTESIAN_POINT('',(207.59844608816,26.445232156717,12.7));
#5485 = CARTESIAN_POINT('',(207.64037176673,26.42305874679,12.7));
#5486 = CARTESIAN_POINT('',(207.67584234228,26.410687093064,12.7));
#5487 = CARTESIAN_POINT('',(207.71500225721,26.38278781784,12.7));
#5488 = CARTESIAN_POINT('',(207.74770278223,26.358582041331,12.7));
#5489 = CARTESIAN_POINT('',(207.78016319508,26.329812960648,12.7));
#5490 = CARTESIAN_POINT('',(207.84011609583,26.268835484646,12.7));
#5491 = CARTESIAN_POINT('',(207.86803468082,26.236096600715,12.7));
#5492 = CARTESIAN_POINT('',(207.89354462025,26.20172206227,12.7));
#5493 = CARTESIAN_POINT('',(207.91650518299,26.165599051371,12.7));
#5494 = CARTESIAN_POINT('',(207.93654120906,26.127345148683,12.7));
#5495 = CARTESIAN_POINT('',(207.9525986318,26.08676604143,12.7));
#5496 = CARTESIAN_POINT('',(207.9625,26.044313231354,12.7));
#5497 = CARTESIAN_POINT('',(207.9625,26.00154174267,12.7));
#5498 = PCURVE('',#2188,#5499);
#5499 = DEFINITIONAL_REPRESENTATION('',(#5500),#5517);
#5500 = B_SPLINE_CURVE_WITH_KNOTS('',8,(#5501,#5502,#5503,#5504,#5505,
    #5506,#5507,#5508,#5509,#5510,#5511,#5512,#5513,#5514,#5515,#5516),
  .UNSPECIFIED.,.F.,.F.,(9,7,9),(0.,0.5,1.),.UNSPECIFIED.);
#5501 = CARTESIAN_POINT('',(207.51249998266,26.424342144125));
#5502 = CARTESIAN_POINT('',(207.54984185447,26.44591462723));
#5503 = CARTESIAN_POINT('',(207.59844484967,26.445093264877));
#5504 = CARTESIAN_POINT('',(207.64037907308,26.423464830247));
#5505 = CARTESIAN_POINT('',(207.67586571512,26.410184925304));
#5506 = CARTESIAN_POINT('',(207.71492141163,26.383098268742));
#5507 = CARTESIAN_POINT('',(207.74777878601,26.358486225448));
#5508 = CARTESIAN_POINT('',(207.78014207342,26.329831431098));
#5509 = CARTESIAN_POINT('',(207.84013362634,26.268813508179));
#5510 = CARTESIAN_POINT('',(207.86800052617,26.236165813078));
#5511 = CARTESIAN_POINT('',(207.89363690787,26.201699567521));
#5512 = CARTESIAN_POINT('',(207.91647487126,26.165564120581));
#5513 = CARTESIAN_POINT('',(207.93643226198,26.127361916624));
#5514 = CARTESIAN_POINT('',(207.95268031965,26.086766486043));
#5515 = CARTESIAN_POINT('',(207.9625,26.044313231354));
#5516 = CARTESIAN_POINT('',(207.9625,26.00154174267));
#5517 = ( GEOMETRIC_REPRESENTATION_CONTEXT(2) 
PARAMETRIC_REPRESENTATION_CONTEXT() REPRESENTATION_CONTEXT('2D SPACE',''
  ) );
#5518 = PCURVE('',#5519,#5632);
#5519 = B_SPLINE_SURFACE_WITH_KNOTS('',6,8,(
    (#5520,#5521,#5522,#5523,#5524,#5525,#5526,#5527,#5528,#5529,#5530
      ,#5531,#5532,#5533,#5534,#5535)
    ,(#5536,#5537,#5538,#5539,#5540,#5541,#5542,#5543,#5544,#5545,#5546
      ,#5547,#5548,#5549,#5550,#5551)
    ,(#5552,#5553,#5554,#5555,#5556,#5557,#5558,#5559,#5560,#5561,#5562
      ,#5563,#5564,#5565,#5566,#5567)
    ,(#5568,#5569,#5570,#5571,#5572,#5573,#5574,#5575,#5576,#5577,#5578
      ,#5579,#5580,#5581,#5582,#5583)
    ,(#5584,#5585,#5586,#5587,#5588,#5589,#5590,#5591,#5592,#5593,#5594
      ,#5595,#5596,#5597,#5598,#5599)
    ,(#5600,#5601,#5602,#5603,#5604,#5605,#5606,#5607,#5608,#5609,#5610
      ,#5611,#5612,#5613,#5614,#5615)
    ,(#5616,#5617,#5618,#5619,#5620,#5621,#5622,#5623,#5624,#5625,#5626
      ,#5627,#5628,#5629,#5630,#5631
    )),.UNSPECIFIED.,.F.,.F.,.F.,(7,7),(9,7,9),(0.,1.),(0.,0.5,1.),
  .UNSPECIFIED.);
#5520 = CARTESIAN_POINT('',(207.51249998266,26.424342144125,12.7));
#5521 = CARTESIAN_POINT('',(207.54984185447,26.44591462723,12.7));
#5522 = CARTESIAN_POINT('',(207.59844608816,26.445232156717,12.7));
#5523 = CARTESIAN_POINT('',(207.64037176673,26.42305874679,12.7));
#5524 = CARTESIAN_POINT('',(207.67584234228,26.410687093064,12.7));
#5525 = CARTESIAN_POINT('',(207.71500225721,26.38278781784,12.7));
#5526 = CARTESIAN_POINT('',(207.74770278223,26.358582041331,12.7));
#5527 = CARTESIAN_POINT('',(207.78016319508,26.329812960648,12.7));
#5528 = CARTESIAN_POINT('',(207.84011609583,26.268835484646,12.7));
#5529 = CARTESIAN_POINT('',(207.86803468082,26.236096600715,12.7));
#5530 = CARTESIAN_POINT('',(207.89354462025,26.20172206227,12.7));
#5531 = CARTESIAN_POINT('',(207.91650518299,26.165599051371,12.7));
#5532 = CARTESIAN_POINT('',(207.93654120906,26.127345148683,12.7));
#5533 = CARTESIAN_POINT('',(207.9525986318,26.08676604143,12.7));
#5534 = CARTESIAN_POINT('',(207.9625,26.044313231354,12.7));
#5535 = CARTESIAN_POINT('',(207.9625,26.00154174267,12.7));
#5536 = CARTESIAN_POINT('',(207.55103178522,26.357643766164,12.7));
#5537 = CARTESIAN_POINT('',(207.58508302284,26.379368766409,12.7));
#5538 = CARTESIAN_POINT('',(207.62884593794,26.381983016851,12.7));
#5539 = CARTESIAN_POINT('',(207.66727110239,26.366066267336,12.7));
#5540 = CARTESIAN_POINT('',(207.70043413483,26.357659487146,12.7));
#5541 = CARTESIAN_POINT('',(207.73667161677,26.335642356628,12.7));
#5542 = CARTESIAN_POINT('',(207.76740915334,26.316044980857,12.7));
#5543 = CARTESIAN_POINT('',(207.7977188845,26.292022967815,12.7));
#5544 = CARTESIAN_POINT('',(207.8535456576,26.239982935919,12.7));
#5545 = CARTESIAN_POINT('',(207.87941818779,26.211523113967,12.7));
#5546 = CARTESIAN_POINT('',(207.90285760396,26.181191589526,12.7));
#5547 = CARTESIAN_POINT('',(207.92366080514,26.148972728518,12.7));
#5548 = CARTESIAN_POINT('',(207.94144652696,26.114643254295,12.7));
#5549 = CARTESIAN_POINT('',(207.95528802155,26.078148342653,12.7));
#5550 = CARTESIAN_POINT('',(207.96334573755,26.03997771686,12.7));
#5551 = CARTESIAN_POINT('',(207.9625,26.00154174267,12.7));
#5552 = CARTESIAN_POINT('',(207.58956063381,26.290950501523,
    12.676271410733));
#5553 = CARTESIAN_POINT('',(207.62079382543,26.312009970844,
    12.677427626736));
#5554 = CARTESIAN_POINT('',(207.65994516846,26.315913342853,
    12.67408108781));
#5555 = CARTESIAN_POINT('',(207.69448823724,26.309051274878,
    12.67409423102));
#5556 = CARTESIAN_POINT('',(207.72593638351,26.304578903439,
    12.674767011098));
#5557 = CARTESIAN_POINT('',(207.75876032011,26.290332957286,
    12.675953890901));
#5558 = CARTESIAN_POINT('',(207.78779183374,26.275595058862,
    12.677591235884));
#5559 = CARTESIAN_POINT('',(207.81578605703,26.256614510858,
    12.679559746193));
#5560 = CARTESIAN_POINT('',(207.86702514159,26.213358959496,
    12.683962326028));
#5561 = CARTESIAN_POINT('',(207.89048864141,26.188827580425,
    12.686395479699));
#5562 = CARTESIAN_POINT('',(207.91137358003,26.161935677119,
    12.68895730555));
#5563 = CARTESIAN_POINT('',(207.92944086093,26.13293604261,
    12.691542140037));
#5564 = CARTESIAN_POINT('',(207.94440853738,26.101983785659,
    12.694043423102));
#5565 = CARTESIAN_POINT('',(207.95572554009,26.069328932609,
    12.696355273625));
#5566 = CARTESIAN_POINT('',(207.96351488506,26.033484664207,
    12.695720830866));
#5567 = CARTESIAN_POINT('',(207.9625,26.00154174267,12.7));
#5568 = CARTESIAN_POINT('',(207.62353485905,26.232141269542,
    12.628781539809));
#5569 = CARTESIAN_POINT('',(207.65215986567,26.252171939501,
    12.63189491884));
#5570 = CARTESIAN_POINT('',(207.68538047502,26.261268433341,
    12.634782353521));
#5571 = CARTESIAN_POINT('',(207.71607831541,26.258943662148,
    12.638324086205));
#5572 = CARTESIAN_POINT('',(207.74492240205,26.25775216191,
    12.642276442151));
#5573 = CARTESIAN_POINT('',(207.77509426881,26.248024110837,
    12.646484488507));
#5574 = CARTESIAN_POINT('',(207.80229308595,26.237072817061,
    12.650978883317));
#5575 = CARTESIAN_POINT('',(207.82856640139,26.222044967328,
    12.655666282885));
#5576 = CARTESIAN_POINT('',(207.87671042761,26.18651013569,
    12.665336681275));
#5577 = CARTESIAN_POINT('',(207.89877346297,26.165796757005,
    12.670317633606));
#5578 = CARTESIAN_POINT('',(207.91828924637,26.142670017306,
    12.675388273554));
#5579 = CARTESIAN_POINT('',(207.93493858713,26.117444724537,
    12.680488144569));
#5580 = CARTESIAN_POINT('',(207.94841324175,26.090348434665,
    12.68555566475));
#5581 = CARTESIAN_POINT('',(207.95820777766,26.06165199359,
    12.690531392505));
#5582 = CARTESIAN_POINT('',(207.96326116379,26.032060201223,
    12.695051662296));
#5583 = CARTESIAN_POINT('',(207.9625,26.00154174267,12.7));
#5584 = CARTESIAN_POINT('',(207.64830662804,26.189261448163,
    12.562330490409));
#5585 = CARTESIAN_POINT('',(207.67416488457,26.208537794229,
    12.569500001474));
#5586 = CARTESIAN_POINT('',(207.70202630744,26.222193460023,
    12.580844816161));
#5587 = CARTESIAN_POINT('',(207.72946258786,26.223435337614,
    12.589637970763));
#5588 = CARTESIAN_POINT('',(207.75615887132,26.224779786108,
    12.598331836114));
#5589 = CARTESIAN_POINT('',(207.78433295248,26.218405361657,
    12.6068276329));
#5590 = CARTESIAN_POINT('',(207.8102847755,26.210204686226,
    12.615274036336));
#5591 = CARTESIAN_POINT('',(207.83549996348,26.197991453484,
    12.623654385981));
#5592 = CARTESIAN_POINT('',(207.88193221997,26.167868179942,
    12.640378026324));
#5593 = CARTESIAN_POINT('',(207.90332017597,26.149788824563,
    12.648718588365));
#5594 = CARTESIAN_POINT('',(207.92222331106,26.129229938636,
    12.657070936073));
#5595 = CARTESIAN_POINT('',(207.93822378548,26.106566897392,
    12.665462258537));
#5596 = CARTESIAN_POINT('',(207.95095148635,26.08209904016,
    12.673918244377));
#5597 = CARTESIAN_POINT('',(207.95989294567,26.056136447286,
    12.682467435961));
#5598 = CARTESIAN_POINT('',(207.96283829502,26.031444269442,
    12.693402216395));
#5599 = CARTESIAN_POINT('',(207.9625,26.00154174267,12.7));
#5600 = CARTESIAN_POINT('',(207.66133541364,26.166708678546,
    12.486060358648));
#5601 = CARTESIAN_POINT('',(207.68532023119,26.18368438317,
    12.498757648436));
#5602 = CARTESIAN_POINT('',(207.71103581201,26.19542719019,
    12.511508148352));
#5603 = CARTESIAN_POINT('',(207.73686872144,26.201898325304,
    12.524317659083));
#5604 = CARTESIAN_POINT('',(207.76344225707,26.204555764457,
    12.537317394491));
#5605 = CARTESIAN_POINT('',(207.79013538916,26.202512092769,
    12.550390923557));
#5606 = CARTESIAN_POINT('',(207.8159051396,26.196466529098,
    12.563625698408));
#5607 = CARTESIAN_POINT('',(207.84040782886,26.18654752556,
    12.576969177743));
#5608 = CARTESIAN_POINT('',(207.88542869826,26.159966483229,
    12.603871591142));
#5609 = CARTESIAN_POINT('',(207.90599554684,26.143281867047,
    12.617428226112));
#5610 = CARTESIAN_POINT('',(207.92397476766,26.12367670521,
    12.631077329067));
#5611 = CARTESIAN_POINT('',(207.93890758578,26.10170265227,
    12.644798979186));
#5612 = CARTESIAN_POINT('',(207.95046721321,26.077947636551,
    12.658570419834));
#5613 = CARTESIAN_POINT('',(207.95840556911,26.052994028726,
    12.67237018325));
#5614 = CARTESIAN_POINT('',(207.9625,26.027376810396,12.686182215266));
#5615 = CARTESIAN_POINT('',(207.9625,26.00154174267,12.7));
#5616 = CARTESIAN_POINT('',(207.66249999306,26.164692796773,
    12.409067155008));
#5617 = CARTESIAN_POINT('',(207.68517248502,26.17839657519,
    12.42641582631));
#5618 = CARTESIAN_POINT('',(207.70980323247,26.188710622883,
    12.443882869618));
#5619 = CARTESIAN_POINT('',(207.73580025169,26.195293367899,
    12.461480212887));
#5620 = CARTESIAN_POINT('',(207.76249999386,26.197927147866,
    12.479215457054));
#5621 = CARTESIAN_POINT('',(207.78919973618,26.196536933351,
    12.497091222204));
#5622 = CARTESIAN_POINT('',(207.81519675574,26.191197753745,
    12.515104888255));
#5623 = CARTESIAN_POINT('',(207.83982750378,26.182127271379,
    12.533248854269));
#5624 = CARTESIAN_POINT('',(207.88517248927,26.157206844967,
    12.569773530315));
#5625 = CARTESIAN_POINT('',(207.90588917074,26.141358525381,
    12.58815418362));
#5626 = CARTESIAN_POINT('',(207.92405039593,26.122458263433,
    12.606641413101));
#5627 = CARTESIAN_POINT('',(207.93914121466,26.100976344356,
    12.625218796034));
#5628 = CARTESIAN_POINT('',(207.95074984049,26.077485204929,
    12.643866342491));
#5629 = CARTESIAN_POINT('',(207.95858611964,26.052627463818,
    12.662561611727));
#5630 = CARTESIAN_POINT('',(207.9625,26.027083951914,12.681280828609));
#5631 = CARTESIAN_POINT('',(207.9625,26.00154174267,12.7));
#5632 = DEFINITIONAL_REPRESENTATION('',(#5633),#5636);
#5633 = B_SPLINE_CURVE_WITH_KNOTS('',1,(#5634,#5635),.UNSPECIFIED.,.F.,
  .F.,(2,2),(0.,1.),.PIECEWISE_BEZIER_KNOTS.);
#5634 = CARTESIAN_POINT('',(0.,0.));
#5635 = CARTESIAN_POINT('',(0.,1.));
#5636 = ( GEOMETRIC_REPRESENTATION_CONTEXT(2) 
PARAMETRIC_REPRESENTATION_CONTEXT() REPRESENTATION_CONTEXT('2D SPACE',''
  ) );
#5637 = FACE_BOUND('',#5638,.T.);
#5638 = EDGE_LOOP('',(#5639,#5640,#5641,#5642,#5643,#5644));
#5639 = ORIENTED_EDGE('',*,*,#2997,.F.);
#5640 = ORIENTED_EDGE('',*,*,#3066,.F.);
#5641 = ORIENTED_EDGE('',*,*,#3160,.F.);
#5642 = ORIENTED_EDGE('',*,*,#3232,.F.);
#5643 = ORIENTED_EDGE('',*,*,#3185,.F.);
#5644 = ORIENTED_EDGE('',*,*,#3091,.F.);
#5645 = FACE_BOUND('',#5646,.T.);
#5646 = EDGE_LOOP('',(#5647,#5648,#5649,#5650,#5651,#5652));
#5647 = ORIENTED_EDGE('',*,*,#3279,.F.);
#5648 = ORIENTED_EDGE('',*,*,#3348,.F.);
#5649 = ORIENTED_EDGE('',*,*,#3442,.F.);
#5650 = ORIENTED_EDGE('',*,*,#3514,.F.);
#5651 = ORIENTED_EDGE('',*,*,#3467,.F.);
#5652 = ORIENTED_EDGE('',*,*,#3373,.F.);
#5653 = FACE_BOUND('',#5654,.T.);
#5654 = EDGE_LOOP('',(#5655,#5656,#5657,#5658,#5659,#5660));
#5655 = ORIENTED_EDGE('',*,*,#3561,.F.);
#5656 = ORIENTED_EDGE('',*,*,#3630,.F.);
#5657 = ORIENTED_EDGE('',*,*,#3724,.F.);
#5658 = ORIENTED_EDGE('',*,*,#3796,.F.);
#5659 = ORIENTED_EDGE('',*,*,#3749,.F.);
#5660 = ORIENTED_EDGE('',*,*,#3655,.F.);
#5661 = FACE_BOUND('',#5662,.T.);
#5662 = EDGE_LOOP('',(#5663,#5664,#5665,#5666,#5667,#5668));
#5663 = ORIENTED_EDGE('',*,*,#3843,.F.);
#5664 = ORIENTED_EDGE('',*,*,#3912,.F.);
#5665 = ORIENTED_EDGE('',*,*,#4006,.F.);
#5666 = ORIENTED_EDGE('',*,*,#4078,.F.);
#5667 = ORIENTED_EDGE('',*,*,#4031,.F.);
#5668 = ORIENTED_EDGE('',*,*,#3937,.F.);
#5669 = FACE_BOUND('',#5670,.T.);
#5670 = EDGE_LOOP('',(#5671,#5672,#5673,#5674,#5675,#5676));
#5671 = ORIENTED_EDGE('',*,*,#4125,.F.);
#5672 = ORIENTED_EDGE('',*,*,#4194,.F.);
#5673 = ORIENTED_EDGE('',*,*,#4288,.F.);
#5674 = ORIENTED_EDGE('',*,*,#4360,.F.);
#5675 = ORIENTED_EDGE('',*,*,#4313,.F.);
#5676 = ORIENTED_EDGE('',*,*,#4219,.F.);
#5677 = FACE_BOUND('',#5678,.T.);
#5678 = EDGE_LOOP('',(#5679,#5680,#5681,#5682,#5683,#5684));
#5679 = ORIENTED_EDGE('',*,*,#4407,.F.);
#5680 = ORIENTED_EDGE('',*,*,#4476,.F.);
#5681 = ORIENTED_EDGE('',*,*,#4570,.F.);
#5682 = ORIENTED_EDGE('',*,*,#4642,.F.);
#5683 = ORIENTED_EDGE('',*,*,#4595,.F.);
#5684 = ORIENTED_EDGE('',*,*,#4501,.F.);
#5685 = FACE_BOUND('',#5686,.T.);
#5686 = EDGE_LOOP('',(#5687,#5688,#5689,#5690,#5691,#5692));
#5687 = ORIENTED_EDGE('',*,*,#4689,.F.);
#5688 = ORIENTED_EDGE('',*,*,#4758,.F.);
#5689 = ORIENTED_EDGE('',*,*,#4852,.F.);
#5690 = ORIENTED_EDGE('',*,*,#4924,.F.);
#5691 = ORIENTED_EDGE('',*,*,#4877,.F.);
#5692 = ORIENTED_EDGE('',*,*,#4783,.F.);
#5693 = FACE_BOUND('',#5694,.T.);
#5694 = EDGE_LOOP('',(#5695,#5696,#5697,#5698,#5699,#5700));
#5695 = ORIENTED_EDGE('',*,*,#4971,.F.);
#5696 = ORIENTED_EDGE('',*,*,#5040,.F.);
#5697 = ORIENTED_EDGE('',*,*,#5134,.F.);
#5698 = ORIENTED_EDGE('',*,*,#5206,.F.);
#5699 = ORIENTED_EDGE('',*,*,#5159,.F.);
#5700 = ORIENTED_EDGE('',*,*,#5065,.F.);
#5701 = ADVANCED_FACE('',(#5702),#2213,.F.);
#5702 = FACE_BOUND('',#5703,.F.);
#5703 = EDGE_LOOP('',(#5704,#5705,#5728,#5760));
#5704 = ORIENTED_EDGE('',*,*,#2281,.F.);
#5705 = ORIENTED_EDGE('',*,*,#5706,.T.);
#5706 = EDGE_CURVE('',#2250,#5707,#5709,.T.);
#5707 = VERTEX_POINT('',#5708);
#5708 = CARTESIAN_POINT('',(207.66249999306,26.164692796773,
    12.409067155008));
#5709 = SURFACE_CURVE('',#5710,(#5714,#5721),.PCURVE_S1.);
#5710 = LINE('',#5711,#5712);
#5711 = CARTESIAN_POINT('',(207.66249999306,25.731569711095,
    6.044770843272E-03));
#5712 = VECTOR('',#5713,1.);
#5713 = DIRECTION('',(0.,3.48994967025E-02,0.999390827019));
#5714 = PCURVE('',#2213,#5715);
#5715 = DEFINITIONAL_REPRESENTATION('',(#5716),#5720);
#5716 = LINE('',#5717,#5718);
#5717 = CARTESIAN_POINT('',(2.094395142425,0.));
#5718 = VECTOR('',#5719,1.);
#5719 = DIRECTION('',(0.,1.));
#5720 = ( GEOMETRIC_REPRESENTATION_CONTEXT(2) 
PARAMETRIC_REPRESENTATION_CONTEXT() REPRESENTATION_CONTEXT('2D SPACE',''
  ) );
#5721 = PCURVE('',#2434,#5722);
#5722 = DEFINITIONAL_REPRESENTATION('',(#5723),#5727);
#5723 = LINE('',#5724,#5725);
#5724 = CARTESIAN_POINT('',(-6.818440851873,6.34685475744));
#5725 = VECTOR('',#5726,1.);
#5726 = DIRECTION('',(-1.745772503396E-02,-0.999847602306));
#5727 = ( GEOMETRIC_REPRESENTATION_CONTEXT(2) 
PARAMETRIC_REPRESENTATION_CONTEXT() REPRESENTATION_CONTEXT('2D SPACE',''
  ) );
#5728 = ORIENTED_EDGE('',*,*,#5729,.T.);
#5729 = EDGE_CURVE('',#5707,#2172,#5730,.T.);
#5730 = SURFACE_CURVE('',#5731,(#5748,#5754),.PCURVE_S1.);
#5731 = B_SPLINE_CURVE_WITH_KNOTS('',8,(#5732,#5733,#5734,#5735,#5736,
    #5737,#5738,#5739,#5740,#5741,#5742,#5743,#5744,#5745,#5746,#5747),
  .UNSPECIFIED.,.F.,.F.,(9,7,9),(0.,0.5,1.),.UNSPECIFIED.);
#5732 = CARTESIAN_POINT('',(207.66249999306,26.164692796773,
    12.409067155008));
#5733 = CARTESIAN_POINT('',(207.68517248502,26.17839657519,
    12.42641582631));
#5734 = CARTESIAN_POINT('',(207.70980323247,26.188710622883,
    12.443882869618));
#5735 = CARTESIAN_POINT('',(207.73580025169,26.195293367899,
    12.461480212887));
#5736 = CARTESIAN_POINT('',(207.76249999386,26.197927147866,
    12.479215457054));
#5737 = CARTESIAN_POINT('',(207.78919973618,26.196536933351,
    12.497091222204));
#5738 = CARTESIAN_POINT('',(207.81519675574,26.191197753745,
    12.515104888255));
#5739 = CARTESIAN_POINT('',(207.83982750378,26.182127271379,
    12.533248854269));
#5740 = CARTESIAN_POINT('',(207.88517248927,26.157206844967,
    12.569773530315));
#5741 = CARTESIAN_POINT('',(207.90588917074,26.141358525381,
    12.58815418362));
#5742 = CARTESIAN_POINT('',(207.92405039593,26.122458263433,
    12.606641413101));
#5743 = CARTESIAN_POINT('',(207.93914121466,26.100976344356,
    12.625218796034));
#5744 = CARTESIAN_POINT('',(207.95074984049,26.077485204929,
    12.643866342491));
#5745 = CARTESIAN_POINT('',(207.95858611964,26.052627463818,
    12.662561611727));
#5746 = CARTESIAN_POINT('',(207.9625,26.027083951914,12.681280828609));
#5747 = CARTESIAN_POINT('',(207.9625,26.00154174267,12.7));
#5748 = PCURVE('',#2213,#5749);
#5749 = DEFINITIONAL_REPRESENTATION('',(#5750),#5753);
#5750 = B_SPLINE_CURVE_WITH_KNOTS('',1,(#5751,#5752),.UNSPECIFIED.,.F.,
  .F.,(2,2),(0.,1.),.PIECEWISE_BEZIER_KNOTS.);
#5751 = CARTESIAN_POINT('',(2.094395142425,12.410582575747));
#5752 = CARTESIAN_POINT('',(-2.142730437527E-12,12.695644302636));
#5753 = ( GEOMETRIC_REPRESENTATION_CONTEXT(2) 
PARAMETRIC_REPRESENTATION_CONTEXT() REPRESENTATION_CONTEXT('2D SPACE',''
  ) );
#5754 = PCURVE('',#5519,#5755);
#5755 = DEFINITIONAL_REPRESENTATION('',(#5756),#5759);
#5756 = B_SPLINE_CURVE_WITH_KNOTS('',1,(#5757,#5758),.UNSPECIFIED.,.F.,
  .F.,(2,2),(0.,1.),.PIECEWISE_BEZIER_KNOTS.);
#5757 = CARTESIAN_POINT('',(1.,0.));
#5758 = CARTESIAN_POINT('',(1.,1.));
#5759 = ( GEOMETRIC_REPRESENTATION_CONTEXT(2) 
PARAMETRIC_REPRESENTATION_CONTEXT() REPRESENTATION_CONTEXT('2D SPACE',''
  ) );
#5760 = ORIENTED_EDGE('',*,*,#2199,.F.);
#5761 = ADVANCED_FACE('',(#5762),#2397,.T.);
#5762 = FACE_BOUND('',#5763,.F.);
#5763 = EDGE_LOOP('',(#5764,#5765,#5790));
#5764 = ORIENTED_EDGE('',*,*,#2564,.F.);
#5765 = ORIENTED_EDGE('',*,*,#5766,.T.);
#5766 = EDGE_CURVE('',#2537,#2381,#5767,.T.);
#5767 = SURFACE_CURVE('',#5768,(#5773,#5779),.PCURVE_S1.);
#5768 = CIRCLE('',#5769,0.3);
#5769 = AXIS2_PLACEMENT_3D('',#5770,#5771,#5772);
#5770 = CARTESIAN_POINT('',(195.6625,19.156029261813,0.3));
#5771 = DIRECTION('',(1.152990868898E-15,3.489949670251E-02,
    0.999390827019));
#5772 = DIRECTION('',(-1.180933405554E-14,-0.999390827019,
    3.489949670251E-02));
#5773 = PCURVE('',#2397,#5774);
#5774 = DEFINITIONAL_REPRESENTATION('',(#5775),#5778);
#5775 = B_SPLINE_CURVE_WITH_KNOTS('',1,(#5776,#5777),.UNSPECIFIED.,.F.,
  .F.,(2,2),(4.712388980385,6.80678412281),.PIECEWISE_BEZIER_KNOTS.);
#5776 = CARTESIAN_POINT('',(-1.605702911835,-1.570796326795));
#5777 = CARTESIAN_POINT('',(-1.605702911835,0.52359881563));
#5778 = ( GEOMETRIC_REPRESENTATION_CONTEXT(2) 
PARAMETRIC_REPRESENTATION_CONTEXT() REPRESENTATION_CONTEXT('2D SPACE',''
  ) );
#5779 = PCURVE('',#5780,#5785);
#5780 = CYLINDRICAL_SURFACE('',#5781,0.3);
#5781 = AXIS2_PLACEMENT_3D('',#5782,#5783,#5784);
#5782 = CARTESIAN_POINT('',(195.6625,19.144919766861,-1.813431127244E-02
    ));
#5783 = DIRECTION('',(0.,3.48994967025E-02,0.999390827019));
#5784 = DIRECTION('',(0.500000034668,-0.865497824504,3.022385002512E-02)
  );
#5785 = DEFINITIONAL_REPRESENTATION('',(#5786),#5789);
#5786 = B_SPLINE_CURVE_WITH_KNOTS('',1,(#5787,#5788),.UNSPECIFIED.,.F.,
  .F.,(2,2),(4.712388980385,6.80678412281),.PIECEWISE_BEZIER_KNOTS.);
#5787 = CARTESIAN_POINT('',(-2.094395142425,0.318328228228));
#5788 = CARTESIAN_POINT('',(1.616484723854E-13,0.318328228228));
#5789 = ( GEOMETRIC_REPRESENTATION_CONTEXT(2) 
PARAMETRIC_REPRESENTATION_CONTEXT() REPRESENTATION_CONTEXT('2D SPACE',''
  ) );
#5790 = ORIENTED_EDGE('',*,*,#2380,.F.);
#5791 = ADVANCED_FACE('',(#5792),#2434,.T.);
#5792 = FACE_BOUND('',#5793,.T.);
#5793 = EDGE_LOOP('',(#5794,#5795,#5796,#5819));
#5794 = ORIENTED_EDGE('',*,*,#2420,.T.);
#5795 = ORIENTED_EDGE('',*,*,#5706,.T.);
#5796 = ORIENTED_EDGE('',*,*,#5797,.F.);
#5797 = EDGE_CURVE('',#5798,#5707,#5800,.T.);
#5798 = VERTEX_POINT('',#5799);
#5799 = CARTESIAN_POINT('',(195.8125000104,19.318921225311,
    12.409067155008));
#5800 = SURFACE_CURVE('',#5801,(#5805,#5812),.PCURVE_S1.);
#5801 = LINE('',#5802,#5803);
#5802 = CARTESIAN_POINT('',(195.36690057548,19.061497432209,
    12.409067155008));
#5803 = VECTOR('',#5804,1.);
#5804 = DIRECTION('',(0.865893403497,0.50022856154,-0.));
#5805 = PCURVE('',#2434,#5806);
#5806 = DEFINITIONAL_REPRESENTATION('',(#5807),#5811);
#5807 = LINE('',#5808,#5809);
#5808 = CARTESIAN_POINT('',(7.164798237287,-6.061836474139));
#5809 = VECTOR('',#5810,1.);
#5810 = DIRECTION('',(-1.,-1.795898810214E-19));
#5811 = ( GEOMETRIC_REPRESENTATION_CONTEXT(2) 
PARAMETRIC_REPRESENTATION_CONTEXT() REPRESENTATION_CONTEXT('2D SPACE',''
  ) );
#5812 = PCURVE('',#5467,#5813);
#5813 = DEFINITIONAL_REPRESENTATION('',(#5814),#5818);
#5814 = LINE('',#5815,#5816);
#5815 = CARTESIAN_POINT('',(1.540567873391,0.));
#5816 = VECTOR('',#5817,1.);
#5817 = DIRECTION('',(0.,1.));
#5818 = ( GEOMETRIC_REPRESENTATION_CONTEXT(2) 
PARAMETRIC_REPRESENTATION_CONTEXT() REPRESENTATION_CONTEXT('2D SPACE',''
  ) );
#5819 = ORIENTED_EDGE('',*,*,#5820,.F.);
#5820 = EDGE_CURVE('',#2381,#5798,#5821,.T.);
#5821 = SURFACE_CURVE('',#5822,(#5826,#5833),.PCURVE_S1.);
#5822 = LINE('',#5823,#5824);
#5823 = CARTESIAN_POINT('',(195.8125000104,18.88527041951,
    -9.067156264905E-03));
#5824 = VECTOR('',#5825,1.);
#5825 = DIRECTION('',(0.,3.48994967025E-02,0.999390827019));
#5826 = PCURVE('',#2434,#5827);
#5827 = DEFINITIONAL_REPRESENTATION('',(#5828),#5832);
#5828 = LINE('',#5829,#5830);
#5829 = CARTESIAN_POINT('',(6.867110411058,6.36197359151));
#5830 = VECTOR('',#5831,1.);
#5831 = DIRECTION('',(-1.745772503396E-02,-0.999847602306));
#5832 = ( GEOMETRIC_REPRESENTATION_CONTEXT(2) 
PARAMETRIC_REPRESENTATION_CONTEXT() REPRESENTATION_CONTEXT('2D SPACE',''
  ) );
#5833 = PCURVE('',#5780,#5834);
#5834 = DEFINITIONAL_REPRESENTATION('',(#5835),#5839);
#5835 = LINE('',#5836,#5837);
#5836 = CARTESIAN_POINT('',(-0.,0.));
#5837 = VECTOR('',#5838,1.);
#5838 = DIRECTION('',(-0.,1.));
#5839 = ( GEOMETRIC_REPRESENTATION_CONTEXT(2) 
PARAMETRIC_REPRESENTATION_CONTEXT() REPRESENTATION_CONTEXT('2D SPACE',''
  ) );
#5840 = ADVANCED_FACE('',(#5841),#2515,.T.);
#5841 = FACE_BOUND('',#5842,.F.);
#5842 = EDGE_LOOP('',(#5843,#5844,#5869));
#5843 = ORIENTED_EDGE('',*,*,#2847,.F.);
#5844 = ORIENTED_EDGE('',*,*,#5845,.T.);
#5845 = EDGE_CURVE('',#2820,#2499,#5846,.T.);
#5846 = SURFACE_CURVE('',#5847,(#5852,#5858),.PCURVE_S1.);
#5847 = CIRCLE('',#5848,0.3);
#5848 = AXIS2_PLACEMENT_3D('',#5849,#5850,#5851);
#5849 = CARTESIAN_POINT('',(195.6625,71.314089198188,0.3));
#5850 = DIRECTION('',(-3.84733560789E-15,-3.489949670249E-02,
    0.999390827019));
#5851 = DIRECTION('',(-0.866025383769,0.499695448157,1.744974956115E-02)
  );
#5852 = PCURVE('',#2515,#5853);
#5853 = DEFINITIONAL_REPRESENTATION('',(#5854),#5857);
#5854 = B_SPLINE_CURVE_WITH_KNOTS('',1,(#5855,#5856),.UNSPECIFIED.,.F.,
  .F.,(2,2),(4.712388980385,6.80678412281),.PIECEWISE_BEZIER_KNOTS.);
#5855 = CARTESIAN_POINT('',(-1.588254938722,-1.570796326795));
#5856 = CARTESIAN_POINT('',(-1.588254938722,0.52359881563));
#5857 = ( GEOMETRIC_REPRESENTATION_CONTEXT(2) 
PARAMETRIC_REPRESENTATION_CONTEXT() REPRESENTATION_CONTEXT('2D SPACE',''
  ) );
#5858 = PCURVE('',#5859,#5864);
#5859 = CYLINDRICAL_SURFACE('',#5860,0.3);
#5860 = AXIS2_PLACEMENT_3D('',#5861,#5862,#5863);
#5861 = CARTESIAN_POINT('',(195.6625,71.325198693139,-1.813431127244E-02
    ));
#5862 = DIRECTION('',(0.,-3.48994967025E-02,0.999390827019));
#5863 = DIRECTION('',(-1.,-0.,0.));
#5864 = DEFINITIONAL_REPRESENTATION('',(#5865),#5868);
#5865 = B_SPLINE_CURVE_WITH_KNOTS('',1,(#5866,#5867),.UNSPECIFIED.,.F.,
  .F.,(2,2),(4.712388980385,6.80678412281),.PIECEWISE_BEZIER_KNOTS.);
#5866 = CARTESIAN_POINT('',(-2.094395142425,0.318328228228));
#5867 = CARTESIAN_POINT('',(1.074695887837E-13,0.318328228228));
#5868 = ( GEOMETRIC_REPRESENTATION_CONTEXT(2) 
PARAMETRIC_REPRESENTATION_CONTEXT() REPRESENTATION_CONTEXT('2D SPACE',''
  ) );
#5869 = ORIENTED_EDGE('',*,*,#2498,.F.);
#5870 = ADVANCED_FACE('',(#5871),#2552,.T.);
#5871 = FACE_BOUND('',#5872,.T.);
#5872 = EDGE_LOOP('',(#5873,#5874,#5897,#5920));
#5873 = ORIENTED_EDGE('',*,*,#2536,.T.);
#5874 = ORIENTED_EDGE('',*,*,#5875,.T.);
#5875 = EDGE_CURVE('',#2537,#5876,#5878,.T.);
#5876 = VERTEX_POINT('',#5877);
#5877 = CARTESIAN_POINT('',(195.3625,19.578570572663,12.4));
#5878 = SURFACE_CURVE('',#5879,(#5883,#5890),.PCURVE_S1.);
#5879 = LINE('',#5880,#5881);
#5880 = CARTESIAN_POINT('',(195.3625,19.144919766861,-1.813431127244E-02
    ));
#5881 = VECTOR('',#5882,1.);
#5882 = DIRECTION('',(0.,3.48994967025E-02,0.999390827019));
#5883 = PCURVE('',#2552,#5884);
#5884 = DEFINITIONAL_REPRESENTATION('',(#5885),#5889);
#5885 = LINE('',#5886,#5887);
#5886 = CARTESIAN_POINT('',(6.312224830989,26.090139463139));
#5887 = VECTOR('',#5888,1.);
#5888 = DIRECTION('',(-0.999390827019,-3.48994967025E-02));
#5889 = ( GEOMETRIC_REPRESENTATION_CONTEXT(2) 
PARAMETRIC_REPRESENTATION_CONTEXT() REPRESENTATION_CONTEXT('2D SPACE',''
  ) );
#5890 = PCURVE('',#5780,#5891);
#5891 = DEFINITIONAL_REPRESENTATION('',(#5892),#5896);
#5892 = LINE('',#5893,#5894);
#5893 = CARTESIAN_POINT('',(-2.094395142425,0.));
#5894 = VECTOR('',#5895,1.);
#5895 = DIRECTION('',(-0.,1.));
#5896 = ( GEOMETRIC_REPRESENTATION_CONTEXT(2) 
PARAMETRIC_REPRESENTATION_CONTEXT() REPRESENTATION_CONTEXT('2D SPACE',''
  ) );
#5897 = ORIENTED_EDGE('',*,*,#5898,.F.);
#5898 = EDGE_CURVE('',#5899,#5876,#5901,.T.);
#5899 = VERTEX_POINT('',#5900);
#5900 = CARTESIAN_POINT('',(195.3625,70.891547887337,12.4));
#5901 = SURFACE_CURVE('',#5902,(#5906,#5913),.PCURVE_S1.);
#5902 = LINE('',#5903,#5904);
#5903 = CARTESIAN_POINT('',(195.3625,71.401003651303,12.4));
#5904 = VECTOR('',#5905,1.);
#5905 = DIRECTION('',(0.,-1.,0.));
#5906 = PCURVE('',#2552,#5907);
#5907 = DEFINITIONAL_REPRESENTATION('',(#5908),#5912);
#5908 = LINE('',#5909,#5910);
#5909 = CARTESIAN_POINT('',(-6.105909480284,-26.1659444213));
#5910 = VECTOR('',#5911,1.);
#5911 = DIRECTION('',(0.,1.));
#5912 = ( GEOMETRIC_REPRESENTATION_CONTEXT(2) 
PARAMETRIC_REPRESENTATION_CONTEXT() REPRESENTATION_CONTEXT('2D SPACE',''
  ) );
#5913 = PCURVE('',#5439,#5914);
#5914 = DEFINITIONAL_REPRESENTATION('',(#5915),#5919);
#5915 = LINE('',#5916,#5917);
#5916 = CARTESIAN_POINT('',(1.570796326795,0.));
#5917 = VECTOR('',#5918,1.);
#5918 = DIRECTION('',(0.,1.));
#5919 = ( GEOMETRIC_REPRESENTATION_CONTEXT(2) 
PARAMETRIC_REPRESENTATION_CONTEXT() REPRESENTATION_CONTEXT('2D SPACE',''
  ) );
#5920 = ORIENTED_EDGE('',*,*,#5921,.F.);
#5921 = EDGE_CURVE('',#2499,#5899,#5922,.T.);
#5922 = SURFACE_CURVE('',#5923,(#5927,#5934),.PCURVE_S1.);
#5923 = LINE('',#5924,#5925);
#5924 = CARTESIAN_POINT('',(195.3625,71.325198693139,-1.813431127244E-02
    ));
#5925 = VECTOR('',#5926,1.);
#5926 = DIRECTION('',(0.,-3.48994967025E-02,0.999390827019));
#5927 = PCURVE('',#2552,#5928);
#5928 = DEFINITIONAL_REPRESENTATION('',(#5929),#5933);
#5929 = LINE('',#5930,#5931);
#5930 = CARTESIAN_POINT('',(6.312224830989,-26.09013946313));
#5931 = VECTOR('',#5932,1.);
#5932 = DIRECTION('',(-0.999390827019,3.48994967025E-02));
#5933 = ( GEOMETRIC_REPRESENTATION_CONTEXT(2) 
PARAMETRIC_REPRESENTATION_CONTEXT() REPRESENTATION_CONTEXT('2D SPACE',''
  ) );
#5934 = PCURVE('',#5859,#5935);
#5935 = DEFINITIONAL_REPRESENTATION('',(#5936),#5940);
#5936 = LINE('',#5937,#5938);
#5937 = CARTESIAN_POINT('',(-0.,0.));
#5938 = VECTOR('',#5939,1.);
#5939 = DIRECTION('',(-0.,1.));
#5940 = ( GEOMETRIC_REPRESENTATION_CONTEXT(2) 
PARAMETRIC_REPRESENTATION_CONTEXT() REPRESENTATION_CONTEXT('2D SPACE',''
  ) );
#5941 = ADVANCED_FACE('',(#5942),#2835,.T.);
#5942 = FACE_BOUND('',#5943,.T.);
#5943 = EDGE_LOOP('',(#5944,#5945,#5968,#5991));
#5944 = ORIENTED_EDGE('',*,*,#2819,.T.);
#5945 = ORIENTED_EDGE('',*,*,#5946,.T.);
#5946 = EDGE_CURVE('',#2820,#5947,#5949,.T.);
#5947 = VERTEX_POINT('',#5948);
#5948 = CARTESIAN_POINT('',(195.8125000104,71.151197234689,
    12.409067155008));
#5949 = SURFACE_CURVE('',#5950,(#5954,#5961),.PCURVE_S1.);
#5950 = LINE('',#5951,#5952);
#5951 = CARTESIAN_POINT('',(195.8125000104,71.58484804049,
    -9.067156264905E-03));
#5952 = VECTOR('',#5953,1.);
#5953 = DIRECTION('',(0.,-3.48994967025E-02,0.999390827019));
#5954 = PCURVE('',#2835,#5955);
#5955 = DEFINITIONAL_REPRESENTATION('',(#5956),#5960);
#5956 = LINE('',#5957,#5958);
#5957 = CARTESIAN_POINT('',(-6.867110411058,6.36197359151));
#5958 = VECTOR('',#5959,1.);
#5959 = DIRECTION('',(1.745772503396E-02,-0.999847602306));
#5960 = ( GEOMETRIC_REPRESENTATION_CONTEXT(2) 
PARAMETRIC_REPRESENTATION_CONTEXT() REPRESENTATION_CONTEXT('2D SPACE',''
  ) );
#5961 = PCURVE('',#5859,#5962);
#5962 = DEFINITIONAL_REPRESENTATION('',(#5963),#5967);
#5963 = LINE('',#5964,#5965);
#5964 = CARTESIAN_POINT('',(-2.094395142425,0.));
#5965 = VECTOR('',#5966,1.);
#5966 = DIRECTION('',(-0.,1.));
#5967 = ( GEOMETRIC_REPRESENTATION_CONTEXT(2) 
PARAMETRIC_REPRESENTATION_CONTEXT() REPRESENTATION_CONTEXT('2D SPACE',''
  ) );
#5968 = ORIENTED_EDGE('',*,*,#5969,.F.);
#5969 = EDGE_CURVE('',#5970,#5947,#5972,.T.);
#5970 = VERTEX_POINT('',#5971);
#5971 = CARTESIAN_POINT('',(207.66249999306,64.305425663227,
    12.409067155008));
#5972 = SURFACE_CURVE('',#5973,(#5977,#5984),.PCURVE_S1.);
#5973 = LINE('',#5974,#5975);
#5974 = CARTESIAN_POINT('',(207.96690057548,64.129572763944,
    12.409067155008));
#5975 = VECTOR('',#5976,1.);
#5976 = DIRECTION('',(-0.865893403497,0.50022856154,0.));
#5977 = PCURVE('',#2835,#5978);
#5978 = DEFINITIONAL_REPRESENTATION('',(#5979),#5983);
#5979 = LINE('',#5980,#5981);
#5980 = CARTESIAN_POINT('',(7.38664648918,-6.061836474139));
#5981 = VECTOR('',#5982,1.);
#5982 = DIRECTION('',(-1.,2.718485388027E-18));
#5983 = ( GEOMETRIC_REPRESENTATION_CONTEXT(2) 
PARAMETRIC_REPRESENTATION_CONTEXT() REPRESENTATION_CONTEXT('2D SPACE',''
  ) );
#5984 = PCURVE('',#5411,#5985);
#5985 = DEFINITIONAL_REPRESENTATION('',(#5986),#5990);
#5986 = LINE('',#5987,#5988);
#5987 = CARTESIAN_POINT('',(1.540567873391,0.));
#5988 = VECTOR('',#5989,1.);
#5989 = DIRECTION('',(0.,1.));
#5990 = ( GEOMETRIC_REPRESENTATION_CONTEXT(2) 
PARAMETRIC_REPRESENTATION_CONTEXT() REPRESENTATION_CONTEXT('2D SPACE',''
  ) );
#5991 = ORIENTED_EDGE('',*,*,#5992,.F.);
#5992 = EDGE_CURVE('',#2788,#5970,#5993,.T.);
#5993 = SURFACE_CURVE('',#5994,(#5998,#6005),.PCURVE_S1.);
#5994 = LINE('',#5995,#5996);
#5995 = CARTESIAN_POINT('',(207.66249999306,64.738548748905,
    6.044770843273E-03));
#5996 = VECTOR('',#5997,1.);
#5997 = DIRECTION('',(0.,-3.48994967025E-02,0.999390827019));
#5998 = PCURVE('',#2835,#5999);
#5999 = DEFINITIONAL_REPRESENTATION('',(#6000),#6004);
#6000 = LINE('',#6001,#6002);
#6001 = CARTESIAN_POINT('',(6.818440851873,6.34685475744));
#6002 = VECTOR('',#6003,1.);
#6003 = DIRECTION('',(1.745772503396E-02,-0.999847602306));
#6004 = ( GEOMETRIC_REPRESENTATION_CONTEXT(2) 
PARAMETRIC_REPRESENTATION_CONTEXT() REPRESENTATION_CONTEXT('2D SPACE',''
  ) );
#6005 = PCURVE('',#2887,#6006);
#6006 = DEFINITIONAL_REPRESENTATION('',(#6007),#6011);
#6007 = LINE('',#6008,#6009);
#6008 = CARTESIAN_POINT('',(0.,0.));
#6009 = VECTOR('',#6010,1.);
#6010 = DIRECTION('',(0.,1.));
#6011 = ( GEOMETRIC_REPRESENTATION_CONTEXT(2) 
PARAMETRIC_REPRESENTATION_CONTEXT() REPRESENTATION_CONTEXT('2D SPACE',''
  ) );
#6012 = ADVANCED_FACE('',(#6013),#2887,.F.);
#6013 = FACE_BOUND('',#6014,.F.);
#6014 = EDGE_LOOP('',(#6015,#6016,#6017,#6049));
#6015 = ORIENTED_EDGE('',*,*,#2924,.T.);
#6016 = ORIENTED_EDGE('',*,*,#2871,.T.);
#6017 = ORIENTED_EDGE('',*,*,#6018,.F.);
#6018 = EDGE_CURVE('',#5970,#2872,#6019,.T.);
#6019 = SURFACE_CURVE('',#6020,(#6037,#6043),.PCURVE_S1.);
#6020 = B_SPLINE_CURVE_WITH_KNOTS('',8,(#6021,#6022,#6023,#6024,#6025,
    #6026,#6027,#6028,#6029,#6030,#6031,#6032,#6033,#6034,#6035,#6036),
  .UNSPECIFIED.,.F.,.F.,(9,7,9),(0.,0.5,1.),.UNSPECIFIED.);
#6021 = CARTESIAN_POINT('',(207.66249999306,64.305425663227,
    12.409067155008));
#6022 = CARTESIAN_POINT('',(207.68517248502,64.291721884811,
    12.42641582631));
#6023 = CARTESIAN_POINT('',(207.70980323247,64.281407837116,
    12.443882869618));
#6024 = CARTESIAN_POINT('',(207.73580025168,64.274825092102,
    12.461480212887));
#6025 = CARTESIAN_POINT('',(207.76249999387,64.272191312132,
    12.479215457054));
#6026 = CARTESIAN_POINT('',(207.78919973618,64.27358152665,
    12.497091222204));
#6027 = CARTESIAN_POINT('',(207.81519675575,64.278920706255,
    12.515104888255));
#6028 = CARTESIAN_POINT('',(207.83982750378,64.287991188621,
    12.533248854269));
#6029 = CARTESIAN_POINT('',(207.88517248928,64.312911615032,
    12.569773530315));
#6030 = CARTESIAN_POINT('',(207.90588917074,64.32875993462,
    12.58815418362));
#6031 = CARTESIAN_POINT('',(207.92405039593,64.347660196566,
    12.606641413101));
#6032 = CARTESIAN_POINT('',(207.93914121466,64.369142115644,
    12.625218796035));
#6033 = CARTESIAN_POINT('',(207.95074984049,64.39263325507,
    12.64386634249));
#6034 = CARTESIAN_POINT('',(207.95858611964,64.417490996182,
    12.662561611727));
#6035 = CARTESIAN_POINT('',(207.9625,64.443034508086,12.681280828609));
#6036 = CARTESIAN_POINT('',(207.9625,64.46857671733,12.7));
#6037 = PCURVE('',#2887,#6038);
#6038 = DEFINITIONAL_REPRESENTATION('',(#6039),#6042);
#6039 = B_SPLINE_CURVE_WITH_KNOTS('',1,(#6040,#6041),.UNSPECIFIED.,.F.,
  .F.,(2,2),(0.,1.),.PIECEWISE_BEZIER_KNOTS.);
#6040 = CARTESIAN_POINT('',(8.746336987997E-13,12.410582575747));
#6041 = CARTESIAN_POINT('',(2.094395142421,12.695644302636));
#6042 = ( GEOMETRIC_REPRESENTATION_CONTEXT(2) 
PARAMETRIC_REPRESENTATION_CONTEXT() REPRESENTATION_CONTEXT('2D SPACE',''
  ) );
#6043 = PCURVE('',#5276,#6044);
#6044 = DEFINITIONAL_REPRESENTATION('',(#6045),#6048);
#6045 = B_SPLINE_CURVE_WITH_KNOTS('',1,(#6046,#6047),.UNSPECIFIED.,.F.,
  .F.,(2,2),(0.,1.),.PIECEWISE_BEZIER_KNOTS.);
#6046 = CARTESIAN_POINT('',(1.,0.));
#6047 = CARTESIAN_POINT('',(1.,1.));
#6048 = ( GEOMETRIC_REPRESENTATION_CONTEXT(2) 
PARAMETRIC_REPRESENTATION_CONTEXT() REPRESENTATION_CONTEXT('2D SPACE',''
  ) );
#6049 = ORIENTED_EDGE('',*,*,#5992,.F.);
#6050 = ADVANCED_FACE('',(#6051),#5519,.T.);
#6051 = FACE_BOUND('',#6052,.T.);
#6052 = EDGE_LOOP('',(#6053,#6054,#6084));
#6053 = ORIENTED_EDGE('',*,*,#5479,.F.);
#6054 = ORIENTED_EDGE('',*,*,#6055,.T.);
#6055 = EDGE_CURVE('',#5452,#5707,#6056,.T.);
#6056 = SURFACE_CURVE('',#6057,(#6065,#6072),.PCURVE_S1.);
#6057 = B_SPLINE_CURVE_WITH_KNOTS('',6,(#6058,#6059,#6060,#6061,#6062,
    #6063,#6064),.UNSPECIFIED.,.F.,.F.,(7,7),(0.,1.),
  .PIECEWISE_BEZIER_KNOTS.);
#6058 = CARTESIAN_POINT('',(207.51249998266,26.424342144125,12.7));
#6059 = CARTESIAN_POINT('',(207.55103178522,26.357643766164,12.7));
#6060 = CARTESIAN_POINT('',(207.58956063381,26.290950501523,
    12.676271410733));
#6061 = CARTESIAN_POINT('',(207.62353485905,26.232141269542,
    12.628781539809));
#6062 = CARTESIAN_POINT('',(207.64830662804,26.189261448163,
    12.562330490409));
#6063 = CARTESIAN_POINT('',(207.66133541364,26.166708678546,
    12.486060358648));
#6064 = CARTESIAN_POINT('',(207.66249999306,26.164692796773,
    12.409067155008));
#6065 = PCURVE('',#5519,#6066);
#6066 = DEFINITIONAL_REPRESENTATION('',(#6067),#6071);
#6067 = LINE('',#6068,#6069);
#6068 = CARTESIAN_POINT('',(0.,0.));
#6069 = VECTOR('',#6070,1.);
#6070 = DIRECTION('',(1.,0.));
#6071 = ( GEOMETRIC_REPRESENTATION_CONTEXT(2) 
PARAMETRIC_REPRESENTATION_CONTEXT() REPRESENTATION_CONTEXT('2D SPACE',''
  ) );
#6072 = PCURVE('',#5467,#6073);
#6073 = DEFINITIONAL_REPRESENTATION('',(#6074),#6083);
#6074 = B_SPLINE_CURVE_WITH_KNOTS('',7,(#6075,#6076,#6077,#6078,#6079,
    #6080,#6081,#6082),.UNSPECIFIED.,.F.,.F.,(8,8),(0.,1.),
  .PIECEWISE_BEZIER_KNOTS.);
#6075 = CARTESIAN_POINT('',(-1.110223024625E-16,14.199899627279));
#6076 = CARTESIAN_POINT('',(0.22008112477,14.199899627279));
#6077 = CARTESIAN_POINT('',(0.440145939228,14.199899627279));
#6078 = CARTESIAN_POINT('',(0.660284848693,14.19989962728));
#6079 = CARTESIAN_POINT('',(0.880283024698,14.199899627279));
#6080 = CARTESIAN_POINT('',(1.100421934164,14.19989962728));
#6081 = CARTESIAN_POINT('',(1.320486748621,14.199899627279));
#6082 = CARTESIAN_POINT('',(1.540567873391,14.199899627279));
#6083 = ( GEOMETRIC_REPRESENTATION_CONTEXT(2) 
PARAMETRIC_REPRESENTATION_CONTEXT() REPRESENTATION_CONTEXT('2D SPACE',''
  ) );
#6084 = ORIENTED_EDGE('',*,*,#5729,.T.);
#6085 = ADVANCED_FACE('',(#6086),#5467,.T.);
#6086 = FACE_BOUND('',#6087,.T.);
#6087 = EDGE_LOOP('',(#6088,#6089,#6127,#6128));
#6088 = ORIENTED_EDGE('',*,*,#5451,.F.);
#6089 = ORIENTED_EDGE('',*,*,#6090,.T.);
#6090 = EDGE_CURVE('',#5424,#5798,#6091,.T.);
#6091 = SURFACE_CURVE('',#6092,(#6097,#6104),.PCURVE_S1.);
#6092 = CIRCLE('',#6093,0.3);
#6093 = AXIS2_PLACEMENT_3D('',#6094,#6095,#6096);
#6094 = CARTESIAN_POINT('',(195.6625,19.578570572663,12.4));
#6095 = DIRECTION('',(0.865893403497,0.50022856154,-9.388169472705E-14)
  );
#6096 = DIRECTION('',(9.473903143468E-14,2.368475785867E-14,1.));
#6097 = PCURVE('',#5467,#6098);
#6098 = DEFINITIONAL_REPRESENTATION('',(#6099),#6103);
#6099 = LINE('',#6100,#6101);
#6100 = CARTESIAN_POINT('',(0.,0.514612345026));
#6101 = VECTOR('',#6102,1.);
#6102 = DIRECTION('',(1.,5.332871419771E-15));
#6103 = ( GEOMETRIC_REPRESENTATION_CONTEXT(2) 
PARAMETRIC_REPRESENTATION_CONTEXT() REPRESENTATION_CONTEXT('2D SPACE',''
  ) );
#6104 = PCURVE('',#6105,#6110);
#6105 = SPHERICAL_SURFACE('',#6106,0.3);
#6106 = AXIS2_PLACEMENT_3D('',#6107,#6108,#6109);
#6107 = CARTESIAN_POINT('',(195.6625,19.578570572663,12.4));
#6108 = DIRECTION('',(1.,-3.552713678801E-14,0.));
#6109 = DIRECTION('',(8.414516322359E-28,2.368475785867E-14,1.));
#6110 = DEFINITIONAL_REPRESENTATION('',(#6111),#6126);
#6111 = B_SPLINE_CURVE_WITH_KNOTS('',7,(#6112,#6113,#6114,#6115,#6116,
    #6117,#6118,#6119,#6120,#6121,#6122,#6123,#6124,#6125),
  .UNSPECIFIED.,.F.,.F.,(8,6,8),(0.,0.770283936696,1.540567873391),
  .UNSPECIFIED.);
#6112 = CARTESIAN_POINT('',(0.,9.473903143468E-14));
#6113 = CARTESIAN_POINT('',(9.528339708634E-02,5.504543223304E-02));
#6114 = CARTESIAN_POINT('',(0.190565929943,0.110091557373));
#6115 = CARTESIAN_POINT('',(0.286795988995,0.164318169803));
#6116 = CARTESIAN_POINT('',(0.38490273665,0.216918149429));
#6117 = CARTESIAN_POINT('',(0.485804042585,0.267014511661));
#6118 = CARTESIAN_POINT('',(0.590281468682,0.313641186983));
#6119 = CARTESIAN_POINT('',(0.807163138486,0.397933873207));
#6120 = CARTESIAN_POINT('',(0.919567688378,0.435601022653));
#6121 = CARTESIAN_POINT('',(1.036313933174,0.467780090771));
#6122 = CARTESIAN_POINT('',(1.157406745939,0.493449175808));
#6123 = CARTESIAN_POINT('',(1.28213077066,0.511603160043));
#6124 = CARTESIAN_POINT('',(1.408845206434,0.521677757749));
#6125 = CARTESIAN_POINT('',(1.535889741755,0.52359881563));
#6126 = ( GEOMETRIC_REPRESENTATION_CONTEXT(2) 
PARAMETRIC_REPRESENTATION_CONTEXT() REPRESENTATION_CONTEXT('2D SPACE',''
  ) );
#6127 = ORIENTED_EDGE('',*,*,#5797,.T.);
#6128 = ORIENTED_EDGE('',*,*,#6055,.F.);
#6129 = ADVANCED_FACE('',(#6130),#5439,.T.);
#6130 = FACE_BOUND('',#6131,.T.);
#6131 = EDGE_LOOP('',(#6132,#6133,#6171,#6172));
#6132 = ORIENTED_EDGE('',*,*,#5423,.F.);
#6133 = ORIENTED_EDGE('',*,*,#6134,.T.);
#6134 = EDGE_CURVE('',#5396,#5899,#6135,.T.);
#6135 = SURFACE_CURVE('',#6136,(#6141,#6148),.PCURVE_S1.);
#6136 = CIRCLE('',#6137,0.3);
#6137 = AXIS2_PLACEMENT_3D('',#6138,#6139,#6140);
#6138 = CARTESIAN_POINT('',(195.6625,70.891547887337,12.4));
#6139 = DIRECTION('',(-4.736951571734E-14,-1.,4.736951571734E-14));
#6140 = DIRECTION('',(9.473903143468E-14,4.736951571734E-14,1.));
#6141 = PCURVE('',#5439,#6142);
#6142 = DEFINITIONAL_REPRESENTATION('',(#6143),#6147);
#6143 = LINE('',#6144,#6145);
#6144 = CARTESIAN_POINT('',(0.,0.509455763965));
#6145 = VECTOR('',#6146,1.);
#6146 = DIRECTION('',(1.,-9.895059008998E-16));
#6147 = ( GEOMETRIC_REPRESENTATION_CONTEXT(2) 
PARAMETRIC_REPRESENTATION_CONTEXT() REPRESENTATION_CONTEXT('2D SPACE',''
  ) );
#6148 = PCURVE('',#6149,#6154);
#6149 = SPHERICAL_SURFACE('',#6150,0.3);
#6150 = AXIS2_PLACEMENT_3D('',#6151,#6152,#6153);
#6151 = CARTESIAN_POINT('',(195.6625,70.891547887337,12.4));
#6152 = DIRECTION('',(-0.500000034668,-0.865497824504,
    -3.022385002512E-02));
#6153 = DIRECTION('',(-1.511883302221E-02,-2.617063236506E-02,
    0.999543155091));
#6154 = DEFINITIONAL_REPRESENTATION('',(#6155),#6170);
#6155 = B_SPLINE_CURVE_WITH_KNOTS('',7,(#6156,#6157,#6158,#6159,#6160,
    #6161,#6162,#6163,#6164,#6165,#6166,#6167,#6168,#6169),
  .UNSPECIFIED.,.F.,.F.,(8,6,8),(0.,0.785398163397,1.570796326795),
  .UNSPECIFIED.);
#6156 = CARTESIAN_POINT('',(0.,-3.022845340375E-02));
#6157 = CARTESIAN_POINT('',(9.71974168314E-02,2.589705995517E-02));
#6158 = CARTESIAN_POINT('',(0.194008775979,8.235625945305E-02));
#6159 = CARTESIAN_POINT('',(0.291441243411,0.138277452074));
#6160 = CARTESIAN_POINT('',(0.390489024849,0.192815268663));
#6161 = CARTESIAN_POINT('',(0.492148821958,0.245061884138));
#6162 = CARTESIAN_POINT('',(0.597300607248,0.294016904487));
#6163 = CARTESIAN_POINT('',(0.815606828133,0.383214936675));
#6164 = CARTESIAN_POINT('',(0.928761025215,0.423459231945));
#6165 = CARTESIAN_POINT('',(1.046415774766,0.458285602761));
#6166 = CARTESIAN_POINT('',(1.16870488118,0.486603282581));
#6167 = CARTESIAN_POINT('',(1.295065591935,0.507298595675));
#6168 = CARTESIAN_POINT('',(1.423859537113,0.519683101256));
#6169 = CARTESIAN_POINT('',(1.553337714868,0.52359881563));
#6170 = ( GEOMETRIC_REPRESENTATION_CONTEXT(2) 
PARAMETRIC_REPRESENTATION_CONTEXT() REPRESENTATION_CONTEXT('2D SPACE',''
  ) );
#6171 = ORIENTED_EDGE('',*,*,#5898,.T.);
#6172 = ORIENTED_EDGE('',*,*,#6173,.T.);
#6173 = EDGE_CURVE('',#5876,#5424,#6174,.T.);
#6174 = SURFACE_CURVE('',#6175,(#6180,#6186),.PCURVE_S1.);
#6175 = CIRCLE('',#6176,0.3);
#6176 = AXIS2_PLACEMENT_3D('',#6177,#6178,#6179);
#6177 = CARTESIAN_POINT('',(195.6625,19.578570572663,12.4));
#6178 = DIRECTION('',(3.552713678801E-14,1.,-2.368475785867E-14));
#6179 = DIRECTION('',(8.414516322359E-28,2.368475785867E-14,1.));
#6180 = PCURVE('',#5439,#6181);
#6181 = DEFINITIONAL_REPRESENTATION('',(#6182),#6185);
#6182 = B_SPLINE_CURVE_WITH_KNOTS('',1,(#6183,#6184),.UNSPECIFIED.,.F.,
  .F.,(2,2),(4.712388980385,6.28318530718),.PIECEWISE_BEZIER_KNOTS.);
#6183 = CARTESIAN_POINT('',(1.570796326795,51.82243307864));
#6184 = CARTESIAN_POINT('',(-9.503509090791E-14,51.82243307864));
#6185 = ( GEOMETRIC_REPRESENTATION_CONTEXT(2) 
PARAMETRIC_REPRESENTATION_CONTEXT() REPRESENTATION_CONTEXT('2D SPACE',''
  ) );
#6186 = PCURVE('',#6105,#6187);
#6187 = DEFINITIONAL_REPRESENTATION('',(#6188),#6191);
#6188 = B_SPLINE_CURVE_WITH_KNOTS('',1,(#6189,#6190),.UNSPECIFIED.,.F.,
  .F.,(2,2),(4.712388980385,6.28318530718),.PIECEWISE_BEZIER_KNOTS.);
#6189 = CARTESIAN_POINT('',(0.,-1.570796326795));
#6190 = CARTESIAN_POINT('',(0.,9.503509090791E-14));
#6191 = ( GEOMETRIC_REPRESENTATION_CONTEXT(2) 
PARAMETRIC_REPRESENTATION_CONTEXT() REPRESENTATION_CONTEXT('2D SPACE',''
  ) );
#6192 = ADVANCED_FACE('',(#6193),#5411,.T.);
#6193 = FACE_BOUND('',#6194,.T.);
#6194 = EDGE_LOOP('',(#6195,#6196,#6226,#6227));
#6195 = ORIENTED_EDGE('',*,*,#5395,.F.);
#6196 = ORIENTED_EDGE('',*,*,#6197,.T.);
#6197 = EDGE_CURVE('',#5235,#5970,#6198,.T.);
#6198 = SURFACE_CURVE('',#6199,(#6207,#6219),.PCURVE_S1.);
#6199 = B_SPLINE_CURVE_WITH_KNOTS('',6,(#6200,#6201,#6202,#6203,#6204,
    #6205,#6206),.UNSPECIFIED.,.F.,.F.,(7,7),(0.,1.),
  .PIECEWISE_BEZIER_KNOTS.);
#6200 = CARTESIAN_POINT('',(207.51249998266,64.045776315876,12.7));
#6201 = CARTESIAN_POINT('',(207.55103178522,64.112474693836,12.7));
#6202 = CARTESIAN_POINT('',(207.58956063381,64.179167958476,
    12.676271410733));
#6203 = CARTESIAN_POINT('',(207.62353485905,64.237977190459,
    12.628781539809));
#6204 = CARTESIAN_POINT('',(207.64830662804,64.280857011837,
    12.562330490409));
#6205 = CARTESIAN_POINT('',(207.66133541364,64.303409781454,
    12.486060358648));
#6206 = CARTESIAN_POINT('',(207.66249999306,64.305425663227,
    12.409067155008));
#6207 = PCURVE('',#5411,#6208);
#6208 = DEFINITIONAL_REPRESENTATION('',(#6209),#6218);
#6209 = B_SPLINE_CURVE_WITH_KNOTS('',7,(#6210,#6211,#6212,#6213,#6214,
    #6215,#6216,#6217),.UNSPECIFIED.,.F.,.F.,(8,8),(0.,1.),
  .PIECEWISE_BEZIER_KNOTS.);
#6210 = CARTESIAN_POINT('',(1.110223024625E-16,0.351545099188));
#6211 = CARTESIAN_POINT('',(0.22008112477,0.351545099188));
#6212 = CARTESIAN_POINT('',(0.440145939227,0.351545099188));
#6213 = CARTESIAN_POINT('',(0.660284848693,0.351545099188));
#6214 = CARTESIAN_POINT('',(0.880283024698,0.351545099188));
#6215 = CARTESIAN_POINT('',(1.100421934164,0.351545099188));
#6216 = CARTESIAN_POINT('',(1.320486748621,0.351545099188));
#6217 = CARTESIAN_POINT('',(1.540567873391,0.351545099188));
#6218 = ( GEOMETRIC_REPRESENTATION_CONTEXT(2) 
PARAMETRIC_REPRESENTATION_CONTEXT() REPRESENTATION_CONTEXT('2D SPACE',''
  ) );
#6219 = PCURVE('',#5276,#6220);
#6220 = DEFINITIONAL_REPRESENTATION('',(#6221),#6225);
#6221 = LINE('',#6222,#6223);
#6222 = CARTESIAN_POINT('',(0.,0.));
#6223 = VECTOR('',#6224,1.);
#6224 = DIRECTION('',(1.,0.));
#6225 = ( GEOMETRIC_REPRESENTATION_CONTEXT(2) 
PARAMETRIC_REPRESENTATION_CONTEXT() REPRESENTATION_CONTEXT('2D SPACE',''
  ) );
#6226 = ORIENTED_EDGE('',*,*,#5969,.T.);
#6227 = ORIENTED_EDGE('',*,*,#6228,.T.);
#6228 = EDGE_CURVE('',#5947,#5396,#6229,.T.);
#6229 = SURFACE_CURVE('',#6230,(#6235,#6241),.PCURVE_S1.);
#6230 = CIRCLE('',#6231,0.3);
#6231 = AXIS2_PLACEMENT_3D('',#6232,#6233,#6234);
#6232 = CARTESIAN_POINT('',(195.6625,70.891547887337,12.4));
#6233 = DIRECTION('',(0.865893403497,-0.50022856154,-5.833837054974E-14)
  );
#6234 = DIRECTION('',(-1.511883302221E-02,-2.617063236506E-02,
    0.999543155091));
#6235 = PCURVE('',#5411,#6236);
#6236 = DEFINITIONAL_REPRESENTATION('',(#6237),#6240);
#6237 = B_SPLINE_CURVE_WITH_KNOTS('',1,(#6238,#6239),.UNSPECIFIED.,.F.,
  .F.,(2,2),(4.712388980385,6.252956853776),.PIECEWISE_BEZIER_KNOTS.);
#6238 = CARTESIAN_POINT('',(1.540567873391,14.036832381441));
#6239 = CARTESIAN_POINT('',(7.283063041541E-14,14.036832381441));
#6240 = ( GEOMETRIC_REPRESENTATION_CONTEXT(2) 
PARAMETRIC_REPRESENTATION_CONTEXT() REPRESENTATION_CONTEXT('2D SPACE',''
  ) );
#6241 = PCURVE('',#6149,#6242);
#6242 = DEFINITIONAL_REPRESENTATION('',(#6243),#6246);
#6243 = B_SPLINE_CURVE_WITH_KNOTS('',1,(#6244,#6245),.UNSPECIFIED.,.F.,
  .F.,(2,2),(4.712388980385,6.252956853776),.PIECEWISE_BEZIER_KNOTS.);
#6244 = CARTESIAN_POINT('',(0.,-1.570796326795));
#6245 = CARTESIAN_POINT('',(0.,-3.022845340375E-02));
#6246 = ( GEOMETRIC_REPRESENTATION_CONTEXT(2) 
PARAMETRIC_REPRESENTATION_CONTEXT() REPRESENTATION_CONTEXT('2D SPACE',''
  ) );
#6247 = ADVANCED_FACE('',(#6248),#5276,.F.);
#6248 = FACE_BOUND('',#6249,.F.);
#6249 = EDGE_LOOP('',(#6250,#6251,#6252));
#6250 = ORIENTED_EDGE('',*,*,#5234,.F.);
#6251 = ORIENTED_EDGE('',*,*,#6197,.T.);
#6252 = ORIENTED_EDGE('',*,*,#6018,.T.);
#6253 = ADVANCED_FACE('',(#6254),#5780,.T.);
#6254 = FACE_BOUND('',#6255,.F.);
#6255 = EDGE_LOOP('',(#6256,#6257,#6258,#6278));
#6256 = ORIENTED_EDGE('',*,*,#5766,.F.);
#6257 = ORIENTED_EDGE('',*,*,#5875,.T.);
#6258 = ORIENTED_EDGE('',*,*,#6259,.T.);
#6259 = EDGE_CURVE('',#5876,#5798,#6260,.T.);
#6260 = SURFACE_CURVE('',#6261,(#6266,#6272),.PCURVE_S1.);
#6261 = CIRCLE('',#6262,0.3);
#6262 = AXIS2_PLACEMENT_3D('',#6263,#6264,#6265);
#6263 = CARTESIAN_POINT('',(195.6625,19.578570572663,12.4));
#6264 = DIRECTION('',(1.239879193183E-15,3.489949670251E-02,
    0.999390827019));
#6265 = DIRECTION('',(-3.550549461619E-14,-0.999390827019,
    3.489949670251E-02));
#6266 = PCURVE('',#5780,#6267);
#6267 = DEFINITIONAL_REPRESENTATION('',(#6268),#6271);
#6268 = B_SPLINE_CURVE_WITH_KNOTS('',1,(#6269,#6270),.UNSPECIFIED.,.F.,
  .F.,(2,2),(4.712388980385,6.80678412281),.PIECEWISE_BEZIER_KNOTS.);
#6269 = CARTESIAN_POINT('',(-2.094395142425,12.425703714244));
#6270 = CARTESIAN_POINT('',(1.563194018672E-13,12.425703714244));
#6271 = ( GEOMETRIC_REPRESENTATION_CONTEXT(2) 
PARAMETRIC_REPRESENTATION_CONTEXT() REPRESENTATION_CONTEXT('2D SPACE',''
  ) );
#6272 = PCURVE('',#6105,#6273);
#6273 = DEFINITIONAL_REPRESENTATION('',(#6274),#6277);
#6274 = B_SPLINE_CURVE_WITH_KNOTS('',1,(#6275,#6276),.UNSPECIFIED.,.F.,
  .F.,(2,2),(4.712388980385,6.80678412281),.PIECEWISE_BEZIER_KNOTS.);
#6275 = CARTESIAN_POINT('',(1.535889741755,-1.570796326795));
#6276 = CARTESIAN_POINT('',(1.535889741755,0.52359881563));
#6277 = ( GEOMETRIC_REPRESENTATION_CONTEXT(2) 
PARAMETRIC_REPRESENTATION_CONTEXT() REPRESENTATION_CONTEXT('2D SPACE',''
  ) );
#6278 = ORIENTED_EDGE('',*,*,#5820,.F.);
#6279 = ADVANCED_FACE('',(#6280),#5859,.T.);
#6280 = FACE_BOUND('',#6281,.F.);
#6281 = EDGE_LOOP('',(#6282,#6283,#6284,#6304));
#6282 = ORIENTED_EDGE('',*,*,#5845,.F.);
#6283 = ORIENTED_EDGE('',*,*,#5946,.T.);
#6284 = ORIENTED_EDGE('',*,*,#6285,.T.);
#6285 = EDGE_CURVE('',#5947,#5899,#6286,.T.);
#6286 = SURFACE_CURVE('',#6287,(#6292,#6298),.PCURVE_S1.);
#6287 = CIRCLE('',#6288,0.3);
#6288 = AXIS2_PLACEMENT_3D('',#6289,#6290,#6291);
#6289 = CARTESIAN_POINT('',(195.6625,70.891547887337,12.4));
#6290 = DIRECTION('',(-3.088033109522E-15,-3.48994967025E-02,
    0.999390827019));
#6291 = DIRECTION('',(-0.866025383769,0.499695448157,1.744974956116E-02)
  );
#6292 = PCURVE('',#5859,#6293);
#6293 = DEFINITIONAL_REPRESENTATION('',(#6294),#6297);
#6294 = B_SPLINE_CURVE_WITH_KNOTS('',1,(#6295,#6296),.UNSPECIFIED.,.F.,
  .F.,(2,2),(4.712388980385,6.806784122809),.PIECEWISE_BEZIER_KNOTS.);
#6295 = CARTESIAN_POINT('',(-2.094395142425,12.425703714244));
#6296 = CARTESIAN_POINT('',(2.6645352591E-14,12.425703714244));
#6297 = ( GEOMETRIC_REPRESENTATION_CONTEXT(2) 
PARAMETRIC_REPRESENTATION_CONTEXT() REPRESENTATION_CONTEXT('2D SPACE',''
  ) );
#6298 = PCURVE('',#6149,#6299);
#6299 = DEFINITIONAL_REPRESENTATION('',(#6300),#6303);
#6300 = B_SPLINE_CURVE_WITH_KNOTS('',1,(#6301,#6302),.UNSPECIFIED.,.F.,
  .F.,(2,2),(4.712388980385,6.806784122809),.PIECEWISE_BEZIER_KNOTS.);
#6301 = CARTESIAN_POINT('',(1.553337714868,-1.570796326795));
#6302 = CARTESIAN_POINT('',(1.553337714868,0.52359881563));
#6303 = ( GEOMETRIC_REPRESENTATION_CONTEXT(2) 
PARAMETRIC_REPRESENTATION_CONTEXT() REPRESENTATION_CONTEXT('2D SPACE',''
  ) );
#6304 = ORIENTED_EDGE('',*,*,#5921,.F.);
#6305 = ADVANCED_FACE('',(#6306),#6105,.T.);
#6306 = FACE_BOUND('',#6307,.T.);
#6307 = EDGE_LOOP('',(#6308,#6309,#6310));
#6308 = ORIENTED_EDGE('',*,*,#6173,.F.);
#6309 = ORIENTED_EDGE('',*,*,#6259,.T.);
#6310 = ORIENTED_EDGE('',*,*,#6090,.F.);
#6311 = ADVANCED_FACE('',(#6312),#6149,.T.);
#6312 = FACE_BOUND('',#6313,.T.);
#6313 = EDGE_LOOP('',(#6314,#6315,#6316));
#6314 = ORIENTED_EDGE('',*,*,#6228,.F.);
#6315 = ORIENTED_EDGE('',*,*,#6285,.T.);
#6316 = ORIENTED_EDGE('',*,*,#6134,.F.);
#6317 = ( GEOMETRIC_REPRESENTATION_CONTEXT(3) 
GLOBAL_UNCERTAINTY_ASSIGNED_CONTEXT((#6321)) 
GLOBAL_UNIT_ASSIGNED_CONTEXT((#6318,#6319,#6320)) REPRESENTATION_CONTEXT
('Context #1','3D Context with UNIT and UNCERTAINTY') );
#6318 = ( LENGTH_UNIT() NAMED_UNIT(*) SI_UNIT(.MILLI.,.METRE.) );
#6319 = ( NAMED_UNIT(*) PLANE_ANGLE_UNIT() SI_UNIT($,.RADIAN.) );
#6320 = ( NAMED_UNIT(*) SI_UNIT($,.STERADIAN.) SOLID_ANGLE_UNIT() );
#6321 = UNCERTAINTY_MEASURE_WITH_UNIT(LENGTH_MEASURE(1.E-05),#6318,
  'distance_accuracy_value','confusion accuracy');
#6322 = PRODUCT_RELATED_PRODUCT_CATEGORY('part',$,(#7));
ENDSEC;
END-ISO-10303-21;
