ISO-10303-21;
HEADER;
FILE_DESCRIPTION(('Open CASCADE Model'),'2;1');
FILE_NAME('Open CASCADE Shape Model','2026-09-25T08:35:23',('Author'),(
    'Open CASCADE'),'Open CASCADE STEP processor 7.9','Open CASCADE 7.9'
  ,'Unknown');
FILE_SCHEMA(('AUTOMOTIVE_DESIGN { 1 0 10303 214 1 1 1 1 }'));
ENDSEC;
DATA;
#1 = APPLICATION_PROTOCOL_DEFINITION('international standard',
  'automotive_design',2000,#2);
#2 = APPLICATION_CONTEXT(
  'core data for automotive mechanical design processes');
#3 = SHAPE_DEFINITION_REPRESENTATION(#4,#10);
#4 = PRODUCT_DEFINITION_SHAPE('','',#5);
#5 = PRODUCT_DEFINITION('design','',#6,#9);
#6 = PRODUCT_DEFINITION_FORMATION('','',#7);
#7 = PRODUCT('Open CASCADE STEP translator 7.9 1',
  'Open CASCADE STEP translator 7.9 1','',(#8));
#8 = PRODUCT_CONTEXT('',#2,'mechanical');
#9 = PRODUCT_DEFINITION_CONTEXT('part definition',#2,'design');
#10 = ADVANCED_BREP_SHAPE_REPRESENTATION('',(#11,#15),#8575);
#11 = AXIS2_PLACEMENT_3D('',#12,#13,#14);
#12 = CARTESIAN_POINT('',(0.,0.,0.));
#13 = DIRECTION('',(0.,0.,1.));
#14 = DIRECTION('',(1.,0.,-0.));
#15 = MANIFOLD_SOLID_BREP('',#16);
#16 = CLOSED_SHELL('',(#17,#3029,#3105,#3159,#3208,#3257,#3306,#3356,
    #3405,#3485,#3534,#3584,#3633,#3682,#3731,#3781,#3830,#3879,#3928,
    #3977,#4026,#4075,#4124,#4173,#4222,#4271,#4320,#4369,#4418,#4467,
    #4516,#4565,#4614,#4663,#4712,#4761,#4810,#4859,#4908,#4957,#5006,
    #5055,#5104,#5153,#5202,#5251,#5300,#5349,#5398,#5447,#5496,#5545,
    #5594,#5643,#5692,#5741,#5790,#5839,#5888,#5937,#5986,#6035,#6084,
    #6133,#6182,#6231,#6280,#6329,#6378,#6427,#6476,#6525,#6574,#6623,
    #6672,#6721,#6770,#6819,#6868,#6917,#6966,#7015,#7064,#7113,#7162,
    #7211,#7260,#7309,#7358,#7407,#7456,#7505,#7554,#7603,#7652,#7701,
    #7750,#7799,#7848,#7897,#7946,#7995,#8044,#8093,#8142,#8191,#8240,
    #8289,#8316,#8426,#8481,#8516,#8571));
#17 = ADVANCED_FACE('',(#18),#32,.T.);
#18 = FACE_BOUND('',#19,.T.);
#19 = EDGE_LOOP('',(#20,#55,#88,#116,#145,#173,#202,#230,#259,#287,#315,
    #343,#371,#399,#427,#455,#483,#511,#539,#567,#595,#623,#651,#679,
    #707,#735,#763,#791,#819,#847,#875,#903,#931,#959,#987,#1015,#1043,
    #1071,#1099,#1127,#1155,#1183,#1211,#1239,#1267,#1295,#1323,#1351,
    #1379,#1407,#1435,#1463,#1491,#1519,#1547,#1575,#1603,#1631,#1659,
    #1687,#1715,#1743,#1771,#1799,#1827,#1855,#1883,#1911,#1939,#1967,
    #1995,#2023,#2051,#2079,#2107,#2135,#2163,#2191,#2219,#2247,#2275,
    #2303,#2331,#2359,#2387,#2415,#2443,#2471,#2499,#2527,#2555,#2583,
    #2611,#2639,#2667,#2695,#2723,#2751,#2779,#2807,#2835,#2863,#2891,
    #2919,#2947,#2975,#3003));
#20 = ORIENTED_EDGE('',*,*,#21,.T.);
#21 = EDGE_CURVE('',#22,#24,#26,.T.);
#22 = VERTEX_POINT('',#23);
#23 = CARTESIAN_POINT('',(-15.875,35.,-7.275));
#24 = VERTEX_POINT('',#25);
#25 = CARTESIAN_POINT('',(-9.110418458312,35.,-0.510418458312));
#26 = SURFACE_CURVE('',#27,(#31,#43),.PCURVE_S1.);
#27 = LINE('',#28,#29);
#28 = CARTESIAN_POINT('',(-8.144726412381,35.,0.455273587619));
#29 = VECTOR('',#30,1.);
#30 = DIRECTION('',(0.707106781187,8.659560562355E-17,0.707106781187));
#31 = PCURVE('',#32,#37);
#32 = PLANE('',#33);
#33 = AXIS2_PLACEMENT_3D('',#34,#35,#36);
#34 = CARTESIAN_POINT('',(-2.026160160909E-15,35.,-5.978905649522));
#35 = DIRECTION('',(-0.,1.,-1.224646799147E-16));
#36 = DIRECTION('',(0.,1.224646799147E-16,1.));
#37 = DEFINITIONAL_REPRESENTATION('',(#38),#42);
#38 = LINE('',#39,#40);
#39 = CARTESIAN_POINT('',(6.434179237142,-8.144726412381));
#40 = VECTOR('',#41,1.);
#41 = DIRECTION('',(0.707106781187,0.707106781187));
#42 = ( GEOMETRIC_REPRESENTATION_CONTEXT(2) 
PARAMETRIC_REPRESENTATION_CONTEXT() REPRESENTATION_CONTEXT('2D SPACE',''
  ) );
#43 = PCURVE('',#44,#49);
#44 = PLANE('',#45);
#45 = AXIS2_PLACEMENT_3D('',#46,#47,#48);
#46 = CARTESIAN_POINT('',(-9.,-36.,-0.4));
#47 = DIRECTION('',(-0.707106781187,0.,0.707106781187));
#48 = DIRECTION('',(-0.707106781187,0.,-0.707106781187));
#49 = DEFINITIONAL_REPRESENTATION('',(#50),#54);
#50 = LINE('',#51,#52);
#51 = CARTESIAN_POINT('',(-1.209539507151,-71.));
#52 = VECTOR('',#53,1.);
#53 = DIRECTION('',(-1.,-8.659560562355E-17));
#54 = ( GEOMETRIC_REPRESENTATION_CONTEXT(2) 
PARAMETRIC_REPRESENTATION_CONTEXT() REPRESENTATION_CONTEXT('2D SPACE',''
  ) );
#55 = ORIENTED_EDGE('',*,*,#56,.T.);
#56 = EDGE_CURVE('',#24,#57,#59,.T.);
#57 = VERTEX_POINT('',#58);
#58 = CARTESIAN_POINT('',(-9.080341229407,35.,-0.266097950989));
#59 = SURFACE_CURVE('',#60,(#65,#76),.PCURVE_S1.);
#60 = CIRCLE('',#61,0.2);
#61 = AXIS2_PLACEMENT_3D('',#62,#63,#64);
#62 = CARTESIAN_POINT('',(-9.251839814549,35.,-0.368997102074));
#63 = DIRECTION('',(-0.,-1.,0.));
#64 = DIRECTION('',(0.,-0.,1.));
#65 = PCURVE('',#32,#66);
#66 = DEFINITIONAL_REPRESENTATION('',(#67),#75);
#67 = ( BOUNDED_CURVE() B_SPLINE_CURVE(2,(#68,#69,#70,#71,#72,#73,#74),
.UNSPECIFIED.,.T.,.F.) B_SPLINE_CURVE_WITH_KNOTS((1,2,2,2,2,1),(
    -2.094395102393,0.,2.094395102393,4.188790204786,6.28318530718,
8.377580409573),.UNSPECIFIED.) CURVE() GEOMETRIC_REPRESENTATION_ITEM() 
RATIONAL_B_SPLINE_CURVE((1.,0.5,1.,0.5,1.,0.5,1.)) REPRESENTATION_ITEM(
  '') );
#68 = CARTESIAN_POINT('',(5.809908547448,-9.251839814549));
#69 = CARTESIAN_POINT('',(5.809908547448,-9.598249976063));
#70 = CARTESIAN_POINT('',(5.509908547448,-9.425044895306));
#71 = CARTESIAN_POINT('',(5.209908547448,-9.251839814549));
#72 = CARTESIAN_POINT('',(5.509908547448,-9.078634733792));
#73 = CARTESIAN_POINT('',(5.809908547448,-8.905429653035));
#74 = CARTESIAN_POINT('',(5.809908547448,-9.251839814549));
#75 = ( GEOMETRIC_REPRESENTATION_CONTEXT(2) 
PARAMETRIC_REPRESENTATION_CONTEXT() REPRESENTATION_CONTEXT('2D SPACE',''
  ) );
#76 = PCURVE('',#77,#82);
#77 = CYLINDRICAL_SURFACE('',#78,0.2);
#78 = AXIS2_PLACEMENT_3D('',#79,#80,#81);
#79 = CARTESIAN_POINT('',(-9.251839814549,-35.,-0.368997102074));
#80 = DIRECTION('',(0.,1.,0.));
#81 = DIRECTION('',(0.707106781187,0.,-0.707106781187));
#82 = DEFINITIONAL_REPRESENTATION('',(#83),#87);
#83 = LINE('',#84,#85);
#84 = CARTESIAN_POINT('',(3.926990816987,70.));
#85 = VECTOR('',#86,1.);
#86 = DIRECTION('',(-1.,0.));
#87 = ( GEOMETRIC_REPRESENTATION_CONTEXT(2) 
PARAMETRIC_REPRESENTATION_CONTEXT() REPRESENTATION_CONTEXT('2D SPACE',''
  ) );
#88 = ORIENTED_EDGE('',*,*,#89,.F.);
#89 = EDGE_CURVE('',#90,#57,#92,.T.);
#90 = VERTEX_POINT('',#91);
#91 = CARTESIAN_POINT('',(-11.72739076402,35.,4.145651273372));
#92 = SURFACE_CURVE('',#93,(#97,#104),.PCURVE_S1.);
#93 = LINE('',#94,#95);
#94 = CARTESIAN_POINT('',(-12.,35.,4.6));
#95 = VECTOR('',#96,1.);
#96 = DIRECTION('',(0.514495755428,0.,-0.857492925713));
#97 = PCURVE('',#32,#98);
#98 = DEFINITIONAL_REPRESENTATION('',(#99),#103);
#99 = LINE('',#100,#101);
#100 = CARTESIAN_POINT('',(10.578905649522,-12.));
#101 = VECTOR('',#102,1.);
#102 = DIRECTION('',(-0.857492925713,0.514495755428));
#103 = ( GEOMETRIC_REPRESENTATION_CONTEXT(2) 
PARAMETRIC_REPRESENTATION_CONTEXT() REPRESENTATION_CONTEXT('2D SPACE',''
  ) );
#104 = PCURVE('',#105,#110);
#105 = PLANE('',#106);
#106 = AXIS2_PLACEMENT_3D('',#107,#108,#109);
#107 = CARTESIAN_POINT('',(-12.,-35.,4.6));
#108 = DIRECTION('',(-0.857492925713,0.,-0.514495755428));
#109 = DIRECTION('',(0.514495755428,0.,-0.857492925713));
#110 = DEFINITIONAL_REPRESENTATION('',(#111),#115);
#111 = LINE('',#112,#113);
#112 = CARTESIAN_POINT('',(0.,-70.));
#113 = VECTOR('',#114,1.);
#114 = DIRECTION('',(1.,0.));
#115 = ( GEOMETRIC_REPRESENTATION_CONTEXT(2) 
PARAMETRIC_REPRESENTATION_CONTEXT() REPRESENTATION_CONTEXT('2D SPACE',''
  ) );
#116 = ORIENTED_EDGE('',*,*,#117,.T.);
#117 = EDGE_CURVE('',#90,#118,#120,.T.);
#118 = VERTEX_POINT('',#119);
#119 = CARTESIAN_POINT('',(-11.4701428863,35.,4.6));
#120 = SURFACE_CURVE('',#121,(#126,#133),.PCURVE_S1.);
#121 = CIRCLE('',#122,0.3);
#122 = AXIS2_PLACEMENT_3D('',#123,#124,#125);
#123 = CARTESIAN_POINT('',(-11.4701428863,35.,4.3));
#124 = DIRECTION('',(0.,1.,0.));
#125 = DIRECTION('',(0.,-0.,1.));
#126 = PCURVE('',#32,#127);
#127 = DEFINITIONAL_REPRESENTATION('',(#128),#132);
#128 = CIRCLE('',#129,0.3);
#129 = AXIS2_PLACEMENT_2D('',#130,#131);
#130 = CARTESIAN_POINT('',(10.278905649522,-11.4701428863));
#131 = DIRECTION('',(1.,0.));
#132 = ( GEOMETRIC_REPRESENTATION_CONTEXT(2) 
PARAMETRIC_REPRESENTATION_CONTEXT() REPRESENTATION_CONTEXT('2D SPACE',''
  ) );
#133 = PCURVE('',#134,#139);
#134 = CYLINDRICAL_SURFACE('',#135,0.3);
#135 = AXIS2_PLACEMENT_3D('',#136,#137,#138);
#136 = CARTESIAN_POINT('',(-11.4701428863,-35.,4.3));
#137 = DIRECTION('',(0.,1.,0.));
#138 = DIRECTION('',(-0.857492925713,0.,-0.514495755428));
#139 = DEFINITIONAL_REPRESENTATION('',(#140),#144);
#140 = LINE('',#141,#142);
#141 = CARTESIAN_POINT('',(-4.171969480114,70.));
#142 = VECTOR('',#143,1.);
#143 = DIRECTION('',(1.,0.));
#144 = ( GEOMETRIC_REPRESENTATION_CONTEXT(2) 
PARAMETRIC_REPRESENTATION_CONTEXT() REPRESENTATION_CONTEXT('2D SPACE',''
  ) );
#145 = ORIENTED_EDGE('',*,*,#146,.F.);
#146 = EDGE_CURVE('',#147,#118,#149,.T.);
#147 = VERTEX_POINT('',#148);
#148 = CARTESIAN_POINT('',(11.470142886309,35.,4.6));
#149 = SURFACE_CURVE('',#150,(#154,#161),.PCURVE_S1.);
#150 = LINE('',#151,#152);
#151 = CARTESIAN_POINT('',(12.,35.,4.6));
#152 = VECTOR('',#153,1.);
#153 = DIRECTION('',(-1.,0.,0.));
#154 = PCURVE('',#32,#155);
#155 = DEFINITIONAL_REPRESENTATION('',(#156),#160);
#156 = LINE('',#157,#158);
#157 = CARTESIAN_POINT('',(10.578905649522,12.));
#158 = VECTOR('',#159,1.);
#159 = DIRECTION('',(0.,-1.));
#160 = ( GEOMETRIC_REPRESENTATION_CONTEXT(2) 
PARAMETRIC_REPRESENTATION_CONTEXT() REPRESENTATION_CONTEXT('2D SPACE',''
  ) );
#161 = PCURVE('',#162,#167);
#162 = PLANE('',#163);
#163 = AXIS2_PLACEMENT_3D('',#164,#165,#166);
#164 = CARTESIAN_POINT('',(12.,-35.,4.6));
#165 = DIRECTION('',(0.,-0.,1.));
#166 = DIRECTION('',(-1.,0.,0.));
#167 = DEFINITIONAL_REPRESENTATION('',(#168),#172);
#168 = LINE('',#169,#170);
#169 = CARTESIAN_POINT('',(0.,-70.));
#170 = VECTOR('',#171,1.);
#171 = DIRECTION('',(1.,0.));
#172 = ( GEOMETRIC_REPRESENTATION_CONTEXT(2) 
PARAMETRIC_REPRESENTATION_CONTEXT() REPRESENTATION_CONTEXT('2D SPACE',''
  ) );
#173 = ORIENTED_EDGE('',*,*,#174,.T.);
#174 = EDGE_CURVE('',#147,#175,#177,.T.);
#175 = VERTEX_POINT('',#176);
#176 = CARTESIAN_POINT('',(11.727390764023,35.,4.145651273372));
#177 = SURFACE_CURVE('',#178,(#183,#190),.PCURVE_S1.);
#178 = CIRCLE('',#179,0.3);
#179 = AXIS2_PLACEMENT_3D('',#180,#181,#182);
#180 = CARTESIAN_POINT('',(11.470142886309,35.,4.3));
#181 = DIRECTION('',(0.,1.,0.));
#182 = DIRECTION('',(0.,-0.,1.));
#183 = PCURVE('',#32,#184);
#184 = DEFINITIONAL_REPRESENTATION('',(#185),#189);
#185 = CIRCLE('',#186,0.3);
#186 = AXIS2_PLACEMENT_2D('',#187,#188);
#187 = CARTESIAN_POINT('',(10.278905649522,11.470142886309));
#188 = DIRECTION('',(1.,0.));
#189 = ( GEOMETRIC_REPRESENTATION_CONTEXT(2) 
PARAMETRIC_REPRESENTATION_CONTEXT() REPRESENTATION_CONTEXT('2D SPACE',''
  ) );
#190 = PCURVE('',#191,#196);
#191 = CYLINDRICAL_SURFACE('',#192,0.3);
#192 = AXIS2_PLACEMENT_3D('',#193,#194,#195);
#193 = CARTESIAN_POINT('',(11.470142886309,-35.,4.3));
#194 = DIRECTION('',(0.,1.,0.));
#195 = DIRECTION('',(0.,-0.,1.));
#196 = DEFINITIONAL_REPRESENTATION('',(#197),#201);
#197 = LINE('',#198,#199);
#198 = CARTESIAN_POINT('',(0.,70.));
#199 = VECTOR('',#200,1.);
#200 = DIRECTION('',(1.,0.));
#201 = ( GEOMETRIC_REPRESENTATION_CONTEXT(2) 
PARAMETRIC_REPRESENTATION_CONTEXT() REPRESENTATION_CONTEXT('2D SPACE',''
  ) );
#202 = ORIENTED_EDGE('',*,*,#203,.F.);
#203 = EDGE_CURVE('',#204,#175,#206,.T.);
#204 = VERTEX_POINT('',#205);
#205 = CARTESIAN_POINT('',(9.080341229407,35.,-0.266097950989));
#206 = SURFACE_CURVE('',#207,(#211,#218),.PCURVE_S1.);
#207 = LINE('',#208,#209);
#208 = CARTESIAN_POINT('',(9.,35.,-0.4));
#209 = VECTOR('',#210,1.);
#210 = DIRECTION('',(0.514495755428,0.,0.857492925713));
#211 = PCURVE('',#32,#212);
#212 = DEFINITIONAL_REPRESENTATION('',(#213),#217);
#213 = LINE('',#214,#215);
#214 = CARTESIAN_POINT('',(5.578905649522,9.));
#215 = VECTOR('',#216,1.);
#216 = DIRECTION('',(0.857492925713,0.514495755428));
#217 = ( GEOMETRIC_REPRESENTATION_CONTEXT(2) 
PARAMETRIC_REPRESENTATION_CONTEXT() REPRESENTATION_CONTEXT('2D SPACE',''
  ) );
#218 = PCURVE('',#219,#224);
#219 = PLANE('',#220);
#220 = AXIS2_PLACEMENT_3D('',#221,#222,#223);
#221 = CARTESIAN_POINT('',(9.,-35.,-0.4));
#222 = DIRECTION('',(0.857492925713,0.,-0.514495755428));
#223 = DIRECTION('',(0.514495755428,0.,0.857492925713));
#224 = DEFINITIONAL_REPRESENTATION('',(#225),#229);
#225 = LINE('',#226,#227);
#226 = CARTESIAN_POINT('',(0.,-70.));
#227 = VECTOR('',#228,1.);
#228 = DIRECTION('',(1.,0.));
#229 = ( GEOMETRIC_REPRESENTATION_CONTEXT(2) 
PARAMETRIC_REPRESENTATION_CONTEXT() REPRESENTATION_CONTEXT('2D SPACE',''
  ) );
#230 = ORIENTED_EDGE('',*,*,#231,.F.);
#231 = EDGE_CURVE('',#232,#204,#234,.T.);
#232 = VERTEX_POINT('',#233);
#233 = CARTESIAN_POINT('',(9.110418458312,35.,-0.510418458312));
#234 = SURFACE_CURVE('',#235,(#240,#247),.PCURVE_S1.);
#235 = CIRCLE('',#236,0.2);
#236 = AXIS2_PLACEMENT_3D('',#237,#238,#239);
#237 = CARTESIAN_POINT('',(9.251839814549,35.,-0.368997102074));
#238 = DIRECTION('',(0.,1.,0.));
#239 = DIRECTION('',(0.,-0.,1.));
#240 = PCURVE('',#32,#241);
#241 = DEFINITIONAL_REPRESENTATION('',(#242),#246);
#242 = CIRCLE('',#243,0.2);
#243 = AXIS2_PLACEMENT_2D('',#244,#245);
#244 = CARTESIAN_POINT('',(5.609908547448,9.251839814549));
#245 = DIRECTION('',(1.,0.));
#246 = ( GEOMETRIC_REPRESENTATION_CONTEXT(2) 
PARAMETRIC_REPRESENTATION_CONTEXT() REPRESENTATION_CONTEXT('2D SPACE',''
  ) );
#247 = PCURVE('',#248,#253);
#248 = CYLINDRICAL_SURFACE('',#249,0.2);
#249 = AXIS2_PLACEMENT_3D('',#250,#251,#252);
#250 = CARTESIAN_POINT('',(9.251839814549,-35.,-0.368997102074));
#251 = DIRECTION('',(0.,1.,0.));
#252 = DIRECTION('',(-0.707106781187,0.,-0.707106781187));
#253 = DEFINITIONAL_REPRESENTATION('',(#254),#258);
#254 = LINE('',#255,#256);
#255 = CARTESIAN_POINT('',(-3.926990816987,70.));
#256 = VECTOR('',#257,1.);
#257 = DIRECTION('',(1.,0.));
#258 = ( GEOMETRIC_REPRESENTATION_CONTEXT(2) 
PARAMETRIC_REPRESENTATION_CONTEXT() REPRESENTATION_CONTEXT('2D SPACE',''
  ) );
#259 = ORIENTED_EDGE('',*,*,#260,.T.);
#260 = EDGE_CURVE('',#232,#261,#263,.T.);
#261 = VERTEX_POINT('',#262);
#262 = CARTESIAN_POINT('',(15.875,35.,-7.275));
#263 = SURFACE_CURVE('',#264,(#268,#275),.PCURVE_S1.);
#264 = LINE('',#265,#266);
#265 = CARTESIAN_POINT('',(11.644726412381,35.,-3.044726412381));
#266 = VECTOR('',#267,1.);
#267 = DIRECTION('',(0.707106781187,-8.659560562355E-17,-0.707106781187)
  );
#268 = PCURVE('',#32,#269);
#269 = DEFINITIONAL_REPRESENTATION('',(#270),#274);
#270 = LINE('',#271,#272);
#271 = CARTESIAN_POINT('',(2.934179237142,11.644726412381));
#272 = VECTOR('',#273,1.);
#273 = DIRECTION('',(-0.707106781187,0.707106781187));
#274 = ( GEOMETRIC_REPRESENTATION_CONTEXT(2) 
PARAMETRIC_REPRESENTATION_CONTEXT() REPRESENTATION_CONTEXT('2D SPACE',''
  ) );
#275 = PCURVE('',#276,#281);
#276 = PLANE('',#277);
#277 = AXIS2_PLACEMENT_3D('',#278,#279,#280);
#278 = CARTESIAN_POINT('',(16.,-36.,-7.4));
#279 = DIRECTION('',(0.707106781187,-0.,0.707106781187));
#280 = DIRECTION('',(-0.707106781187,0.,0.707106781187));
#281 = DEFINITIONAL_REPRESENTATION('',(#282),#286);
#282 = LINE('',#283,#284);
#283 = CARTESIAN_POINT('',(6.159286975457,-71.));
#284 = VECTOR('',#285,1.);
#285 = DIRECTION('',(-1.,8.659560562355E-17));
#286 = ( GEOMETRIC_REPRESENTATION_CONTEXT(2) 
PARAMETRIC_REPRESENTATION_CONTEXT() REPRESENTATION_CONTEXT('2D SPACE',''
  ) );
#287 = ORIENTED_EDGE('',*,*,#288,.T.);
#288 = EDGE_CURVE('',#261,#289,#291,.T.);
#289 = VERTEX_POINT('',#290);
#290 = CARTESIAN_POINT('',(15.875,35.,-12.86483903603));
#291 = SURFACE_CURVE('',#292,(#296,#303),.PCURVE_S1.);
#292 = LINE('',#293,#294);
#293 = CARTESIAN_POINT('',(15.875,35.,-1.9));
#294 = VECTOR('',#295,1.);
#295 = DIRECTION('',(0.,-1.224646799147E-16,-1.));
#296 = PCURVE('',#32,#297);
#297 = DEFINITIONAL_REPRESENTATION('',(#298),#302);
#298 = LINE('',#299,#300);
#299 = CARTESIAN_POINT('',(4.078905649522,15.875));
#300 = VECTOR('',#301,1.);
#301 = DIRECTION('',(-1.,0.));
#302 = ( GEOMETRIC_REPRESENTATION_CONTEXT(2) 
PARAMETRIC_REPRESENTATION_CONTEXT() REPRESENTATION_CONTEXT('2D SPACE',''
  ) );
#303 = PCURVE('',#304,#309);
#304 = PLANE('',#305);
#305 = AXIS2_PLACEMENT_3D('',#306,#307,#308);
#306 = CARTESIAN_POINT('',(15.875,35.,-1.9));
#307 = DIRECTION('',(1.,0.,0.));
#308 = DIRECTION('',(0.,-1.224646799147E-16,-1.));
#309 = DEFINITIONAL_REPRESENTATION('',(#310),#314);
#310 = LINE('',#311,#312);
#311 = CARTESIAN_POINT('',(0.,0.));
#312 = VECTOR('',#313,1.);
#313 = DIRECTION('',(1.,0.));
#314 = ( GEOMETRIC_REPRESENTATION_CONTEXT(2) 
PARAMETRIC_REPRESENTATION_CONTEXT() REPRESENTATION_CONTEXT('2D SPACE',''
  ) );
#315 = ORIENTED_EDGE('',*,*,#316,.T.);
#316 = EDGE_CURVE('',#289,#317,#319,.T.);
#317 = VERTEX_POINT('',#318);
#318 = CARTESIAN_POINT('',(15.544270833333,35.,-12.71515208801));
#319 = SURFACE_CURVE('',#320,(#324,#331),.PCURVE_S1.);
#320 = LINE('',#321,#322);
#321 = CARTESIAN_POINT('',(15.875,35.,-12.86483903603));
#322 = VECTOR('',#323,1.);
#323 = DIRECTION('',(-0.911034077395,5.04959922892E-17,0.412331068226));
#324 = PCURVE('',#32,#325);
#325 = DEFINITIONAL_REPRESENTATION('',(#326),#330);
#326 = LINE('',#327,#328);
#327 = CARTESIAN_POINT('',(-6.88593338651,15.875));
#328 = VECTOR('',#329,1.);
#329 = DIRECTION('',(0.412331068226,-0.911034077395));
#330 = ( GEOMETRIC_REPRESENTATION_CONTEXT(2) 
PARAMETRIC_REPRESENTATION_CONTEXT() REPRESENTATION_CONTEXT('2D SPACE',''
  ) );
#331 = PCURVE('',#332,#337);
#332 = PLANE('',#333);
#333 = AXIS2_PLACEMENT_3D('',#334,#335,#336);
#334 = CARTESIAN_POINT('',(15.875,35.,-12.86483903603));
#335 = DIRECTION('',(-0.412331068226,-1.115694966796E-16,-0.911034077395
    ));
#336 = DIRECTION('',(-0.911034077395,5.04959922892E-17,0.412331068226));
#337 = DEFINITIONAL_REPRESENTATION('',(#338),#342);
#338 = LINE('',#339,#340);
#339 = CARTESIAN_POINT('',(0.,0.));
#340 = VECTOR('',#341,1.);
#341 = DIRECTION('',(1.,1.177447069849E-33));
#342 = ( GEOMETRIC_REPRESENTATION_CONTEXT(2) 
PARAMETRIC_REPRESENTATION_CONTEXT() REPRESENTATION_CONTEXT('2D SPACE',''
  ) );
#343 = ORIENTED_EDGE('',*,*,#344,.T.);
#344 = EDGE_CURVE('',#317,#345,#347,.T.);
#345 = VERTEX_POINT('',#346);
#346 = CARTESIAN_POINT('',(15.213541666667,35.,-12.56923777017));
#347 = SURFACE_CURVE('',#348,(#352,#359),.PCURVE_S1.);
#348 = LINE('',#349,#350);
#349 = CARTESIAN_POINT('',(15.544270833333,35.,-12.71515208801));
#350 = VECTOR('',#351,1.);
#351 = DIRECTION('',(-0.914913315262,4.943291402013E-17,0.403650375394)
  );
#352 = PCURVE('',#32,#353);
#353 = DEFINITIONAL_REPRESENTATION('',(#354),#358);
#354 = LINE('',#355,#356);
#355 = CARTESIAN_POINT('',(-6.736246438492,15.544270833333));
#356 = VECTOR('',#357,1.);
#357 = DIRECTION('',(0.403650375394,-0.914913315262));
#358 = ( GEOMETRIC_REPRESENTATION_CONTEXT(2) 
PARAMETRIC_REPRESENTATION_CONTEXT() REPRESENTATION_CONTEXT('2D SPACE',''
  ) );
#359 = PCURVE('',#360,#365);
#360 = PLANE('',#361);
#361 = AXIS2_PLACEMENT_3D('',#362,#363,#364);
#362 = CARTESIAN_POINT('',(15.544270833333,35.,-12.71515208801));
#363 = DIRECTION('',(-0.403650375394,-1.120445663033E-16,-0.914913315262
    ));
#364 = DIRECTION('',(-0.914913315262,4.943291402013E-17,0.403650375394)
  );
#365 = DEFINITIONAL_REPRESENTATION('',(#366),#370);
#366 = LINE('',#367,#368);
#367 = CARTESIAN_POINT('',(0.,0.));
#368 = VECTOR('',#369,1.);
#369 = DIRECTION('',(1.,3.078433346958E-33));
#370 = ( GEOMETRIC_REPRESENTATION_CONTEXT(2) 
PARAMETRIC_REPRESENTATION_CONTEXT() REPRESENTATION_CONTEXT('2D SPACE',''
  ) );
#371 = ORIENTED_EDGE('',*,*,#372,.T.);
#372 = EDGE_CURVE('',#345,#373,#375,.T.);
#373 = VERTEX_POINT('',#374);
#374 = CARTESIAN_POINT('',(14.8828125,35.,-12.42704899655));
#375 = SURFACE_CURVE('',#376,(#380,#387),.PCURVE_S1.);
#376 = LINE('',#377,#378);
#377 = CARTESIAN_POINT('',(15.213541666667,35.,-12.56923777017));
#378 = VECTOR('',#379,1.);
#379 = DIRECTION('',(-0.918694153358,4.836983612957E-17,0.394969685653)
  );
#380 = PCURVE('',#32,#381);
#381 = DEFINITIONAL_REPRESENTATION('',(#382),#386);
#382 = LINE('',#383,#384);
#383 = CARTESIAN_POINT('',(-6.590332120653,15.213541666667));
#384 = VECTOR('',#385,1.);
#385 = DIRECTION('',(0.394969685653,-0.918694153358));
#386 = ( GEOMETRIC_REPRESENTATION_CONTEXT(2) 
PARAMETRIC_REPRESENTATION_CONTEXT() REPRESENTATION_CONTEXT('2D SPACE',''
  ) );
#387 = PCURVE('',#388,#393);
#388 = PLANE('',#389);
#389 = AXIS2_PLACEMENT_3D('',#390,#391,#392);
#390 = CARTESIAN_POINT('',(15.213541666667,35.,-12.56923777017));
#391 = DIRECTION('',(-0.394969685653,-1.125075854306E-16,-0.918694153358
    ));
#392 = DIRECTION('',(-0.918694153358,4.836983612957E-17,0.394969685653)
  );
#393 = DEFINITIONAL_REPRESENTATION('',(#394),#398);
#394 = LINE('',#395,#396);
#395 = CARTESIAN_POINT('',(0.,0.));
#396 = VECTOR('',#397,1.);
#397 = DIRECTION('',(1.,-2.342394485488E-33));
#398 = ( GEOMETRIC_REPRESENTATION_CONTEXT(2) 
PARAMETRIC_REPRESENTATION_CONTEXT() REPRESENTATION_CONTEXT('2D SPACE',''
  ) );
#399 = ORIENTED_EDGE('',*,*,#400,.T.);
#400 = EDGE_CURVE('',#373,#401,#403,.T.);
#401 = VERTEX_POINT('',#402);
#402 = CARTESIAN_POINT('',(14.552083333333,35.,-12.28854063433));
#403 = SURFACE_CURVE('',#404,(#408,#415),.PCURVE_S1.);
#404 = LINE('',#405,#406);
#405 = CARTESIAN_POINT('',(14.8828125,35.,-12.42704899655));
#406 = VECTOR('',#407,1.);
#407 = DIRECTION('',(-0.922377801859,4.730675859955E-17,0.386288998857)
  );
#408 = PCURVE('',#32,#409);
#409 = DEFINITIONAL_REPRESENTATION('',(#410),#414);
#410 = LINE('',#411,#412);
#411 = CARTESIAN_POINT('',(-6.448143347036,14.8828125));
#412 = VECTOR('',#413,1.);
#413 = DIRECTION('',(0.386288998857,-0.922377801859));
#414 = ( GEOMETRIC_REPRESENTATION_CONTEXT(2) 
PARAMETRIC_REPRESENTATION_CONTEXT() REPRESENTATION_CONTEXT('2D SPACE',''
  ) );
#415 = PCURVE('',#416,#421);
#416 = PLANE('',#417);
#417 = AXIS2_PLACEMENT_3D('',#418,#419,#420);
#418 = CARTESIAN_POINT('',(14.8828125,35.,-12.42704899655));
#419 = DIRECTION('',(-0.386288998857,-1.129587022651E-16,-0.922377801859
    ));
#420 = DIRECTION('',(-0.922377801859,4.730675859955E-17,0.386288998857)
  );
#421 = DEFINITIONAL_REPRESENTATION('',(#422),#426);
#422 = LINE('',#423,#424);
#423 = CARTESIAN_POINT('',(0.,0.));
#424 = VECTOR('',#425,1.);
#425 = DIRECTION('',(1.,-2.988973033078E-33));
#426 = ( GEOMETRIC_REPRESENTATION_CONTEXT(2) 
PARAMETRIC_REPRESENTATION_CONTEXT() REPRESENTATION_CONTEXT('2D SPACE',''
  ) );
#427 = ORIENTED_EDGE('',*,*,#428,.T.);
#428 = EDGE_CURVE('',#401,#429,#431,.T.);
#429 = VERTEX_POINT('',#430);
#430 = CARTESIAN_POINT('',(14.221354166667,35.,-12.15366941723));
#431 = SURFACE_CURVE('',#432,(#436,#443),.PCURVE_S1.);
#432 = LINE('',#433,#434);
#433 = CARTESIAN_POINT('',(14.552083333333,35.,-12.28854063433));
#434 = VECTOR('',#435,1.);
#435 = DIRECTION('',(-0.925965420815,4.624368141301E-17,0.377608314864)
  );
#436 = PCURVE('',#32,#437);
#437 = DEFINITIONAL_REPRESENTATION('',(#438),#442);
#438 = LINE('',#439,#440);
#439 = CARTESIAN_POINT('',(-6.309634984815,14.552083333333));
#440 = VECTOR('',#441,1.);
#441 = DIRECTION('',(0.377608314864,-0.925965420815));
#442 = ( GEOMETRIC_REPRESENTATION_CONTEXT(2) 
PARAMETRIC_REPRESENTATION_CONTEXT() REPRESENTATION_CONTEXT('2D SPACE',''
  ) );
#443 = PCURVE('',#444,#449);
#444 = PLANE('',#445);
#445 = AXIS2_PLACEMENT_3D('',#446,#447,#448);
#446 = CARTESIAN_POINT('',(14.552083333333,35.,-12.28854063433));
#447 = DIRECTION('',(-0.377608314864,-1.133980588722E-16,-0.925965420815
    ));
#448 = DIRECTION('',(-0.925965420815,4.624368141301E-17,0.377608314864)
  );
#449 = DEFINITIONAL_REPRESENTATION('',(#450),#454);
#450 = LINE('',#451,#452);
#451 = CARTESIAN_POINT('',(0.,0.));
#452 = VECTOR('',#453,1.);
#453 = DIRECTION('',(1.,-2.509217434013E-35));
#454 = ( GEOMETRIC_REPRESENTATION_CONTEXT(2) 
PARAMETRIC_REPRESENTATION_CONTEXT() REPRESENTATION_CONTEXT('2D SPACE',''
  ) );
#455 = ORIENTED_EDGE('',*,*,#456,.T.);
#456 = EDGE_CURVE('',#429,#457,#459,.T.);
#457 = VERTEX_POINT('',#458);
#458 = CARTESIAN_POINT('',(13.890625,35.,-12.02239386444));
#459 = SURFACE_CURVE('',#460,(#464,#471),.PCURVE_S1.);
#460 = LINE('',#461,#462);
#461 = CARTESIAN_POINT('',(14.221354166667,35.,-12.15366941723));
#462 = VECTOR('',#463,1.);
#463 = DIRECTION('',(-0.929458122352,4.518060455383E-17,0.368927633545)
  );
#464 = PCURVE('',#32,#465);
#465 = DEFINITIONAL_REPRESENTATION('',(#466),#470);
#466 = LINE('',#467,#468);
#467 = CARTESIAN_POINT('',(-6.174763767711,14.221354166667));
#468 = VECTOR('',#469,1.);
#469 = DIRECTION('',(0.368927633545,-0.929458122352));
#470 = ( GEOMETRIC_REPRESENTATION_CONTEXT(2) 
PARAMETRIC_REPRESENTATION_CONTEXT() REPRESENTATION_CONTEXT('2D SPACE',''
  ) );
#471 = PCURVE('',#472,#477);
#472 = PLANE('',#473);
#473 = AXIS2_PLACEMENT_3D('',#474,#475,#476);
#474 = CARTESIAN_POINT('',(14.221354166667,35.,-12.15366941723));
#475 = DIRECTION('',(-0.368927633545,-1.13825791448E-16,-0.929458122352)
  );
#476 = DIRECTION('',(-0.929458122352,4.518060455383E-17,0.368927633545)
  );
#477 = DEFINITIONAL_REPRESENTATION('',(#478),#482);
#478 = LINE('',#479,#480);
#479 = CARTESIAN_POINT('',(0.,0.));
#480 = VECTOR('',#481,1.);
#481 = DIRECTION('',(1.,-1.611603064293E-34));
#482 = ( GEOMETRIC_REPRESENTATION_CONTEXT(2) 
PARAMETRIC_REPRESENTATION_CONTEXT() REPRESENTATION_CONTEXT('2D SPACE',''
  ) );
#483 = ORIENTED_EDGE('',*,*,#484,.T.);
#484 = EDGE_CURVE('',#457,#485,#487,.T.);
#485 = VERTEX_POINT('',#486);
#486 = CARTESIAN_POINT('',(13.559895833333,35.,-11.8946742047));
#487 = SURFACE_CURVE('',#488,(#492,#499),.PCURVE_S1.);
#488 = LINE('',#489,#490);
#489 = CARTESIAN_POINT('',(13.890625,35.,-12.02239386444));
#490 = VECTOR('',#491,1.);
#491 = DIRECTION('',(-0.932856972733,4.411752800669E-17,0.360246954774)
  );
#492 = PCURVE('',#32,#493);
#493 = DEFINITIONAL_REPRESENTATION('',(#494),#498);
#494 = LINE('',#495,#496);
#495 = CARTESIAN_POINT('',(-6.043488214926,13.890625));
#496 = VECTOR('',#497,1.);
#497 = DIRECTION('',(0.360246954774,-0.932856972733));
#498 = ( GEOMETRIC_REPRESENTATION_CONTEXT(2) 
PARAMETRIC_REPRESENTATION_CONTEXT() REPRESENTATION_CONTEXT('2D SPACE',''
  ) );
#499 = PCURVE('',#500,#505);
#500 = PLANE('',#501);
#501 = AXIS2_PLACEMENT_3D('',#502,#503,#504);
#502 = CARTESIAN_POINT('',(13.890625,35.,-12.02239386444));
#503 = DIRECTION('',(-0.360246954774,-1.142420305719E-16,-0.932856972733
    ));
#504 = DIRECTION('',(-0.932856972733,4.411752800669E-17,0.360246954774)
  );
#505 = DEFINITIONAL_REPRESENTATION('',(#506),#510);
#506 = LINE('',#507,#508);
#507 = CARTESIAN_POINT('',(0.,0.));
#508 = VECTOR('',#509,1.);
#509 = DIRECTION('',(1.,-7.896528938944E-34));
#510 = ( GEOMETRIC_REPRESENTATION_CONTEXT(2) 
PARAMETRIC_REPRESENTATION_CONTEXT() REPRESENTATION_CONTEXT('2D SPACE',''
  ) );
#511 = ORIENTED_EDGE('',*,*,#512,.T.);
#512 = EDGE_CURVE('',#485,#513,#515,.T.);
#513 = VERTEX_POINT('',#514);
#514 = CARTESIAN_POINT('',(13.229166666667,35.,-11.77047230503));
#515 = SURFACE_CURVE('',#516,(#520,#527),.PCURVE_S1.);
#516 = LINE('',#517,#518);
#517 = CARTESIAN_POINT('',(13.559895833333,35.,-11.8946742047));
#518 = VECTOR('',#519,1.);
#519 = DIRECTION('',(-0.936162994285,4.305445175704E-17,0.351566278432)
  );
#520 = PCURVE('',#32,#521);
#521 = DEFINITIONAL_REPRESENTATION('',(#522),#526);
#522 = LINE('',#523,#524);
#523 = CARTESIAN_POINT('',(-5.915768555182,13.559895833333));
#524 = VECTOR('',#525,1.);
#525 = DIRECTION('',(0.351566278432,-0.936162994285));
#526 = ( GEOMETRIC_REPRESENTATION_CONTEXT(2) 
PARAMETRIC_REPRESENTATION_CONTEXT() REPRESENTATION_CONTEXT('2D SPACE',''
  ) );
#527 = PCURVE('',#528,#533);
#528 = PLANE('',#529);
#529 = AXIS2_PLACEMENT_3D('',#530,#531,#532);
#530 = CARTESIAN_POINT('',(13.559895833333,35.,-11.8946742047));
#531 = DIRECTION('',(-0.351566278432,-1.146469014432E-16,-0.936162994285
    ));
#532 = DIRECTION('',(-0.936162994285,4.305445175704E-17,0.351566278432)
  );
#533 = DEFINITIONAL_REPRESENTATION('',(#534),#538);
#534 = LINE('',#535,#536);
#535 = CARTESIAN_POINT('',(0.,0.));
#536 = VECTOR('',#537,1.);
#537 = DIRECTION('',(1.,-3.512226159979E-33));
#538 = ( GEOMETRIC_REPRESENTATION_CONTEXT(2) 
PARAMETRIC_REPRESENTATION_CONTEXT() REPRESENTATION_CONTEXT('2D SPACE',''
  ) );
#539 = ORIENTED_EDGE('',*,*,#540,.T.);
#540 = EDGE_CURVE('',#513,#541,#543,.T.);
#541 = VERTEX_POINT('',#542);
#542 = CARTESIAN_POINT('',(12.8984375,35.,-11.64975160394));
#543 = SURFACE_CURVE('',#544,(#548,#555),.PCURVE_S1.);
#544 = LINE('',#545,#546);
#545 = CARTESIAN_POINT('',(13.229166666667,35.,-11.77047230503));
#546 = VECTOR('',#547,1.);
#547 = DIRECTION('',(-0.939377167218,4.199137579106E-17,0.342885604407)
  );
#548 = PCURVE('',#32,#549);
#549 = DEFINITIONAL_REPRESENTATION('',(#550),#554);
#550 = LINE('',#551,#552);
#551 = CARTESIAN_POINT('',(-5.791566655509,13.229166666667));
#552 = VECTOR('',#553,1.);
#553 = DIRECTION('',(0.342885604407,-0.939377167218));
#554 = ( GEOMETRIC_REPRESENTATION_CONTEXT(2) 
PARAMETRIC_REPRESENTATION_CONTEXT() REPRESENTATION_CONTEXT('2D SPACE',''
  ) );
#555 = PCURVE('',#556,#561);
#556 = PLANE('',#557);
#557 = AXIS2_PLACEMENT_3D('',#558,#559,#560);
#558 = CARTESIAN_POINT('',(13.229166666667,35.,-11.77047230503));
#559 = DIRECTION('',(-0.342885604407,-1.150405241026E-16,-0.939377167218
    ));
#560 = DIRECTION('',(-0.939377167218,4.199137579106E-17,0.342885604407)
  );
#561 = DEFINITIONAL_REPRESENTATION('',(#562),#566);
#562 = LINE('',#563,#564);
#563 = CARTESIAN_POINT('',(0.,0.));
#564 = VECTOR('',#565,1.);
#565 = DIRECTION('',(1.,2.331833441199E-33));
#566 = ( GEOMETRIC_REPRESENTATION_CONTEXT(2) 
PARAMETRIC_REPRESENTATION_CONTEXT() REPRESENTATION_CONTEXT('2D SPACE',''
  ) );
#567 = ORIENTED_EDGE('',*,*,#568,.T.);
#568 = EDGE_CURVE('',#541,#569,#571,.T.);
#569 = VERTEX_POINT('',#570);
#570 = CARTESIAN_POINT('',(12.567708333333,35.,-11.53247704875));
#571 = SURFACE_CURVE('',#572,(#576,#583),.PCURVE_S1.);
#572 = LINE('',#573,#574);
#573 = CARTESIAN_POINT('',(12.8984375,35.,-11.64975160394));
#574 = VECTOR('',#575,1.);
#575 = DIRECTION('',(-0.942500431317,4.092830009557E-17,0.33420493259));
#576 = PCURVE('',#32,#577);
#577 = DEFINITIONAL_REPRESENTATION('',(#578),#582);
#578 = LINE('',#579,#580);
#579 = CARTESIAN_POINT('',(-5.670845954426,12.8984375));
#580 = VECTOR('',#581,1.);
#581 = DIRECTION('',(0.33420493259,-0.942500431317));
#582 = ( GEOMETRIC_REPRESENTATION_CONTEXT(2) 
PARAMETRIC_REPRESENTATION_CONTEXT() REPRESENTATION_CONTEXT('2D SPACE',''
  ) );
#583 = PCURVE('',#584,#589);
#584 = PLANE('',#585);
#585 = AXIS2_PLACEMENT_3D('',#586,#587,#588);
#586 = CARTESIAN_POINT('',(12.8984375,35.,-11.64975160394));
#587 = DIRECTION('',(-0.33420493259,-1.154230136407E-16,-0.942500431317)
  );
#588 = DIRECTION('',(-0.942500431317,4.092830009557E-17,0.33420493259));
#589 = DEFINITIONAL_REPRESENTATION('',(#590),#594);
#590 = LINE('',#591,#592);
#591 = CARTESIAN_POINT('',(0.,0.));
#592 = VECTOR('',#593,1.);
#593 = DIRECTION('',(1.,2.599572926878E-33));
#594 = ( GEOMETRIC_REPRESENTATION_CONTEXT(2) 
PARAMETRIC_REPRESENTATION_CONTEXT() REPRESENTATION_CONTEXT('2D SPACE',''
  ) );
#595 = ORIENTED_EDGE('',*,*,#596,.T.);
#596 = EDGE_CURVE('',#569,#597,#599,.T.);
#597 = VERTEX_POINT('',#598);
#598 = CARTESIAN_POINT('',(12.236979166667,35.,-11.41861503663));
#599 = SURFACE_CURVE('',#600,(#604,#611),.PCURVE_S1.);
#600 = LINE('',#601,#602);
#601 = CARTESIAN_POINT('',(12.567708333333,35.,-11.53247704875));
#602 = VECTOR('',#603,1.);
#603 = DIRECTION('',(-0.945533687542,3.986522465806E-17,0.32552426288));
#604 = PCURVE('',#32,#605);
#605 = DEFINITIONAL_REPRESENTATION('',(#606),#610);
#606 = LINE('',#607,#608);
#607 = CARTESIAN_POINT('',(-5.553571399234,12.567708333333));
#608 = VECTOR('',#609,1.);
#609 = DIRECTION('',(0.32552426288,-0.945533687542));
#610 = ( GEOMETRIC_REPRESENTATION_CONTEXT(2) 
PARAMETRIC_REPRESENTATION_CONTEXT() REPRESENTATION_CONTEXT('2D SPACE',''
  ) );
#611 = PCURVE('',#612,#617);
#612 = PLANE('',#613);
#613 = AXIS2_PLACEMENT_3D('',#614,#615,#616);
#614 = CARTESIAN_POINT('',(12.567708333333,35.,-11.53247704875));
#615 = DIRECTION('',(-0.32552426288,-1.157944803934E-16,-0.945533687542)
  );
#616 = DIRECTION('',(-0.945533687542,3.986522465806E-17,0.32552426288));
#617 = DEFINITIONAL_REPRESENTATION('',(#618),#622);
#618 = LINE('',#619,#620);
#619 = CARTESIAN_POINT('',(0.,0.));
#620 = VECTOR('',#621,1.);
#621 = DIRECTION('',(1.,1.393951025346E-33));
#622 = ( GEOMETRIC_REPRESENTATION_CONTEXT(2) 
PARAMETRIC_REPRESENTATION_CONTEXT() REPRESENTATION_CONTEXT('2D SPACE',''
  ) );
#623 = ORIENTED_EDGE('',*,*,#624,.T.);
#624 = EDGE_CURVE('',#597,#625,#627,.T.);
#625 = VERTEX_POINT('',#626);
#626 = CARTESIAN_POINT('',(11.90625,35.,-11.30813335931));
#627 = SURFACE_CURVE('',#628,(#632,#639),.PCURVE_S1.);
#628 = LINE('',#629,#630);
#629 = CARTESIAN_POINT('',(12.236979166667,35.,-11.41861503663));
#630 = VECTOR('',#631,1.);
#631 = DIRECTION('',(-0.948477799526,3.880214946655E-17,0.316843595178)
  );
#632 = PCURVE('',#32,#633);
#633 = DEFINITIONAL_REPRESENTATION('',(#634),#638);
#634 = LINE('',#635,#636);
#635 = CARTESIAN_POINT('',(-5.439709387113,12.236979166667));
#636 = VECTOR('',#637,1.);
#637 = DIRECTION('',(0.316843595178,-0.948477799526));
#638 = ( GEOMETRIC_REPRESENTATION_CONTEXT(2) 
PARAMETRIC_REPRESENTATION_CONTEXT() REPRESENTATION_CONTEXT('2D SPACE',''
  ) );
#639 = PCURVE('',#640,#645);
#640 = PLANE('',#641);
#641 = AXIS2_PLACEMENT_3D('',#642,#643,#644);
#642 = CARTESIAN_POINT('',(12.236979166667,35.,-11.41861503663));
#643 = DIRECTION('',(-0.316843595178,-1.161550301252E-16,-0.948477799526
    ));
#644 = DIRECTION('',(-0.948477799526,3.880214946655E-17,0.316843595178)
  );
#645 = DEFINITIONAL_REPRESENTATION('',(#646),#650);
#646 = LINE('',#647,#648);
#647 = CARTESIAN_POINT('',(0.,0.));
#648 = VECTOR('',#649,1.);
#649 = DIRECTION('',(1.,-5.803343345138E-33));
#650 = ( GEOMETRIC_REPRESENTATION_CONTEXT(2) 
PARAMETRIC_REPRESENTATION_CONTEXT() REPRESENTATION_CONTEXT('2D SPACE',''
  ) );
#651 = ORIENTED_EDGE('',*,*,#652,.T.);
#652 = EDGE_CURVE('',#625,#653,#655,.T.);
#653 = VERTEX_POINT('',#654);
#654 = CARTESIAN_POINT('',(11.575520833333,35.,-11.20100115103));
#655 = SURFACE_CURVE('',#656,(#660,#667),.PCURVE_S1.);
#656 = LINE('',#657,#658);
#657 = CARTESIAN_POINT('',(11.90625,35.,-11.30813335931));
#658 = VECTOR('',#659,1.);
#659 = DIRECTION('',(-0.951333594986,3.773907450966E-17,0.308162929393)
  );
#660 = PCURVE('',#32,#661);
#661 = DEFINITIONAL_REPRESENTATION('',(#662),#666);
#662 = LINE('',#663,#664);
#663 = CARTESIAN_POINT('',(-5.329227709788,11.90625));
#664 = VECTOR('',#665,1.);
#665 = DIRECTION('',(0.308162929393,-0.951333594986));
#666 = ( GEOMETRIC_REPRESENTATION_CONTEXT(2) 
PARAMETRIC_REPRESENTATION_CONTEXT() REPRESENTATION_CONTEXT('2D SPACE',''
  ) );
#667 = PCURVE('',#668,#673);
#668 = PLANE('',#669);
#669 = AXIS2_PLACEMENT_3D('',#670,#671,#672);
#670 = CARTESIAN_POINT('',(11.90625,35.,-11.30813335931));
#671 = DIRECTION('',(-0.308162929393,-1.16504764202E-16,-0.951333594986)
  );
#672 = DIRECTION('',(-0.951333594986,3.773907450966E-17,0.308162929393)
  );
#673 = DEFINITIONAL_REPRESENTATION('',(#674),#678);
#674 = LINE('',#675,#676);
#675 = CARTESIAN_POINT('',(0.,0.));
#676 = VECTOR('',#677,1.);
#677 = DIRECTION('',(1.,-4.088958701398E-34));
#678 = ( GEOMETRIC_REPRESENTATION_CONTEXT(2) 
PARAMETRIC_REPRESENTATION_CONTEXT() REPRESENTATION_CONTEXT('2D SPACE',''
  ) );
#679 = ORIENTED_EDGE('',*,*,#680,.T.);
#680 = EDGE_CURVE('',#653,#681,#683,.T.);
#681 = VERTEX_POINT('',#682);
#682 = CARTESIAN_POINT('',(11.244791666667,35.,-11.09718883968));
#683 = SURFACE_CURVE('',#684,(#688,#695),.PCURVE_S1.);
#684 = LINE('',#685,#686);
#685 = CARTESIAN_POINT('',(11.575520833333,35.,-11.20100115103));
#686 = VECTOR('',#687,1.);
#687 = DIRECTION('',(-0.954101867041,3.667599977647E-17,0.299482265434)
  );
#688 = PCURVE('',#32,#689);
#689 = DEFINITIONAL_REPRESENTATION('',(#690),#694);
#690 = LINE('',#691,#692);
#691 = CARTESIAN_POINT('',(-5.222095501514,11.575520833333));
#692 = VECTOR('',#693,1.);
#693 = DIRECTION('',(0.299482265434,-0.954101867041));
#694 = ( GEOMETRIC_REPRESENTATION_CONTEXT(2) 
PARAMETRIC_REPRESENTATION_CONTEXT() REPRESENTATION_CONTEXT('2D SPACE',''
  ) );
#695 = PCURVE('',#696,#701);
#696 = PLANE('',#697);
#697 = AXIS2_PLACEMENT_3D('',#698,#699,#700);
#698 = CARTESIAN_POINT('',(11.575520833333,35.,-11.20100115103));
#699 = DIRECTION('',(-0.299482265434,-1.168437797532E-16,-0.954101867041
    ));
#700 = DIRECTION('',(-0.954101867041,3.667599977647E-17,0.299482265434)
  );
#701 = DEFINITIONAL_REPRESENTATION('',(#702),#706);
#702 = LINE('',#703,#704);
#703 = CARTESIAN_POINT('',(0.,0.));
#704 = VECTOR('',#705,1.);
#705 = DIRECTION('',(1.,-1.408002947057E-33));
#706 = ( GEOMETRIC_REPRESENTATION_CONTEXT(2) 
PARAMETRIC_REPRESENTATION_CONTEXT() REPRESENTATION_CONTEXT('2D SPACE',''
  ) );
#707 = ORIENTED_EDGE('',*,*,#708,.T.);
#708 = EDGE_CURVE('',#681,#709,#711,.T.);
#709 = VERTEX_POINT('',#710);
#710 = CARTESIAN_POINT('',(10.9140625,35.,-10.99666810076));
#711 = SURFACE_CURVE('',#712,(#716,#723),.PCURVE_S1.);
#712 = LINE('',#713,#714);
#713 = CARTESIAN_POINT('',(11.244791666667,35.,-11.09718883968));
#714 = VECTOR('',#715,1.);
#715 = DIRECTION('',(-0.956783375465,3.561292525657E-17,0.290801603216)
  );
#716 = PCURVE('',#32,#717);
#717 = DEFINITIONAL_REPRESENTATION('',(#718),#722);
#718 = LINE('',#719,#720);
#719 = CARTESIAN_POINT('',(-5.118283190167,11.244791666667));
#720 = VECTOR('',#721,1.);
#721 = DIRECTION('',(0.290801603216,-0.956783375465));
#722 = ( GEOMETRIC_REPRESENTATION_CONTEXT(2) 
PARAMETRIC_REPRESENTATION_CONTEXT() REPRESENTATION_CONTEXT('2D SPACE',''
  ) );
#723 = PCURVE('',#724,#729);
#724 = PLANE('',#725);
#725 = AXIS2_PLACEMENT_3D('',#726,#727,#728);
#726 = CARTESIAN_POINT('',(11.244791666667,35.,-11.09718883968));
#727 = DIRECTION('',(-0.290801603216,-1.171721698241E-16,-0.956783375465
    ));
#728 = DIRECTION('',(-0.956783375465,3.561292525657E-17,0.290801603216)
  );
#729 = DEFINITIONAL_REPRESENTATION('',(#730),#734);
#730 = LINE('',#731,#732);
#731 = CARTESIAN_POINT('',(0.,0.));
#732 = VECTOR('',#733,1.);
#733 = DIRECTION('',(1.,-1.508510153757E-33));
#734 = ( GEOMETRIC_REPRESENTATION_CONTEXT(2) 
PARAMETRIC_REPRESENTATION_CONTEXT() REPRESENTATION_CONTEXT('2D SPACE',''
  ) );
#735 = ORIENTED_EDGE('',*,*,#736,.T.);
#736 = EDGE_CURVE('',#709,#737,#739,.T.);
#737 = VERTEX_POINT('',#738);
#738 = CARTESIAN_POINT('',(10.583333333333,35.,-10.89941181407));
#739 = SURFACE_CURVE('',#740,(#744,#751),.PCURVE_S1.);
#740 = LINE('',#741,#742);
#741 = CARTESIAN_POINT('',(10.9140625,35.,-10.99666810076));
#742 = VECTOR('',#743,1.);
#743 = DIRECTION('',(-0.959378847856,3.454985093996E-17,0.282120942659)
  );
#744 = PCURVE('',#32,#745);
#745 = DEFINITIONAL_REPRESENTATION('',(#746),#750);
#746 = LINE('',#747,#748);
#747 = CARTESIAN_POINT('',(-5.017762451238,10.9140625));
#748 = VECTOR('',#749,1.);
#749 = DIRECTION('',(0.282120942659,-0.959378847856));
#750 = ( GEOMETRIC_REPRESENTATION_CONTEXT(2) 
PARAMETRIC_REPRESENTATION_CONTEXT() REPRESENTATION_CONTEXT('2D SPACE',''
  ) );
#751 = PCURVE('',#752,#757);
#752 = PLANE('',#753);
#753 = AXIS2_PLACEMENT_3D('',#754,#755,#756);
#754 = CARTESIAN_POINT('',(10.9140625,35.,-10.99666810076));
#755 = DIRECTION('',(-0.282120942659,-1.174900235196E-16,-0.959378847856
    ));
#756 = DIRECTION('',(-0.959378847856,3.454985093996E-17,0.282120942659)
  );
#757 = DEFINITIONAL_REPRESENTATION('',(#758),#762);
#758 = LINE('',#759,#760);
#759 = CARTESIAN_POINT('',(0.,0.));
#760 = VECTOR('',#761,1.);
#761 = DIRECTION('',(1.,1.18415510993E-33));
#762 = ( GEOMETRIC_REPRESENTATION_CONTEXT(2) 
PARAMETRIC_REPRESENTATION_CONTEXT() REPRESENTATION_CONTEXT('2D SPACE',''
  ) );
#763 = ORIENTED_EDGE('',*,*,#764,.T.);
#764 = EDGE_CURVE('',#737,#765,#767,.T.);
#765 = VERTEX_POINT('',#766);
#766 = CARTESIAN_POINT('',(10.252604166667,35.,-10.80539402307));
#767 = SURFACE_CURVE('',#768,(#772,#779),.PCURVE_S1.);
#768 = LINE('',#769,#770);
#769 = CARTESIAN_POINT('',(10.583333333333,35.,-10.89941181407));
#770 = VECTOR('',#771,1.);
#771 = DIRECTION('',(-0.961888980735,3.34867768171E-17,0.273440283684));
#772 = PCURVE('',#32,#773);
#773 = DEFINITIONAL_REPRESENTATION('',(#774),#778);
#774 = LINE('',#775,#776);
#775 = CARTESIAN_POINT('',(-4.920506164555,10.583333333333));
#776 = VECTOR('',#777,1.);
#777 = DIRECTION('',(0.273440283684,-0.961888980735));
#778 = ( GEOMETRIC_REPRESENTATION_CONTEXT(2) 
PARAMETRIC_REPRESENTATION_CONTEXT() REPRESENTATION_CONTEXT('2D SPACE',''
  ) );
#779 = PCURVE('',#780,#785);
#780 = PLANE('',#781);
#781 = AXIS2_PLACEMENT_3D('',#782,#783,#784);
#782 = CARTESIAN_POINT('',(10.583333333333,35.,-10.89941181407));
#783 = DIRECTION('',(-0.273440283684,-1.177974261392E-16,-0.961888980735
    ));
#784 = DIRECTION('',(-0.961888980735,3.34867768171E-17,0.273440283684));
#785 = DEFINITIONAL_REPRESENTATION('',(#786),#790);
#786 = LINE('',#787,#788);
#787 = CARTESIAN_POINT('',(0.,0.));
#788 = VECTOR('',#789,1.);
#789 = DIRECTION('',(1.,1.913966868269E-33));
#790 = ( GEOMETRIC_REPRESENTATION_CONTEXT(2) 
PARAMETRIC_REPRESENTATION_CONTEXT() REPRESENTATION_CONTEXT('2D SPACE',''
  ) );
#791 = ORIENTED_EDGE('',*,*,#792,.T.);
#792 = EDGE_CURVE('',#765,#793,#795,.T.);
#793 = VERTEX_POINT('',#794);
#794 = CARTESIAN_POINT('',(9.921875,35.,-10.71458989647));
#795 = SURFACE_CURVE('',#796,(#800,#807),.PCURVE_S1.);
#796 = LINE('',#797,#798);
#797 = CARTESIAN_POINT('',(10.252604166667,35.,-10.80539402307));
#798 = VECTOR('',#799,1.);
#799 = DIRECTION('',(-0.964314440588,3.242370287881E-17,0.264759626215)
  );
#800 = PCURVE('',#32,#801);
#801 = DEFINITIONAL_REPRESENTATION('',(#802),#806);
#802 = LINE('',#803,#804);
#803 = CARTESIAN_POINT('',(-4.826488373555,10.252604166667));
#804 = VECTOR('',#805,1.);
#805 = DIRECTION('',(0.264759626215,-0.964314440588));
#806 = ( GEOMETRIC_REPRESENTATION_CONTEXT(2) 
PARAMETRIC_REPRESENTATION_CONTEXT() REPRESENTATION_CONTEXT('2D SPACE',''
  ) );
#807 = PCURVE('',#808,#813);
#808 = PLANE('',#809);
#809 = AXIS2_PLACEMENT_3D('',#810,#811,#812);
#810 = CARTESIAN_POINT('',(10.252604166667,35.,-10.80539402307));
#811 = DIRECTION('',(-0.264759626215,-1.180944593038E-16,-0.964314440588
    ));
#812 = DIRECTION('',(-0.964314440588,3.242370287881E-17,0.264759626215)
  );
#813 = DEFINITIONAL_REPRESENTATION('',(#814),#818);
#814 = LINE('',#815,#816);
#815 = CARTESIAN_POINT('',(0.,0.));
#816 = VECTOR('',#817,1.);
#817 = DIRECTION('',(1.,1.128765677936E-33));
#818 = ( GEOMETRIC_REPRESENTATION_CONTEXT(2) 
PARAMETRIC_REPRESENTATION_CONTEXT() REPRESENTATION_CONTEXT('2D SPACE',''
  ) );
#819 = ORIENTED_EDGE('',*,*,#820,.T.);
#820 = EDGE_CURVE('',#793,#821,#823,.T.);
#821 = VERTEX_POINT('',#822);
#822 = CARTESIAN_POINT('',(9.591145833333,35.,-10.62697569219));
#823 = SURFACE_CURVE('',#824,(#828,#835),.PCURVE_S1.);
#824 = LINE('',#825,#826);
#825 = CARTESIAN_POINT('',(9.921875,35.,-10.71458989647));
#826 = VECTOR('',#827,1.);
#827 = DIRECTION('',(-0.96665586484,3.136062911628E-17,0.256078970182));
#828 = PCURVE('',#32,#829);
#829 = DEFINITIONAL_REPRESENTATION('',(#830),#834);
#830 = LINE('',#831,#832);
#831 = CARTESIAN_POINT('',(-4.735684246955,9.921875));
#832 = VECTOR('',#833,1.);
#833 = DIRECTION('',(0.256078970182,-0.96665586484));
#834 = ( GEOMETRIC_REPRESENTATION_CONTEXT(2) 
PARAMETRIC_REPRESENTATION_CONTEXT() REPRESENTATION_CONTEXT('2D SPACE',''
  ) );
#835 = PCURVE('',#836,#841);
#836 = PLANE('',#837);
#837 = AXIS2_PLACEMENT_3D('',#838,#839,#840);
#838 = CARTESIAN_POINT('',(9.921875,35.,-10.71458989647));
#839 = DIRECTION('',(-0.256078970182,-1.183812010754E-16,-0.96665586484)
  );
#840 = DIRECTION('',(-0.96665586484,3.136062911628E-17,0.256078970182));
#841 = DEFINITIONAL_REPRESENTATION('',(#842),#846);
#842 = LINE('',#843,#844);
#843 = CARTESIAN_POINT('',(0.,0.));
#844 = VECTOR('',#845,1.);
#845 = DIRECTION('',(1.,1.771090329688E-34));
#846 = ( GEOMETRIC_REPRESENTATION_CONTEXT(2) 
PARAMETRIC_REPRESENTATION_CONTEXT() REPRESENTATION_CONTEXT('2D SPACE',''
  ) );
#847 = ORIENTED_EDGE('',*,*,#848,.T.);
#848 = EDGE_CURVE('',#821,#849,#851,.T.);
#849 = VERTEX_POINT('',#850);
#850 = CARTESIAN_POINT('',(9.260416666667,35.,-10.54252872341));
#851 = SURFACE_CURVE('',#852,(#856,#863),.PCURVE_S1.);
#852 = LINE('',#853,#854);
#853 = CARTESIAN_POINT('',(9.591145833333,35.,-10.62697569219));
#854 = VECTOR('',#855,1.);
#855 = DIRECTION('',(-0.968913862776,3.029755552104E-17,0.247398315515)
  );
#856 = PCURVE('',#32,#857);
#857 = DEFINITIONAL_REPRESENTATION('',(#858),#862);
#858 = LINE('',#859,#860);
#859 = CARTESIAN_POINT('',(-4.648070042676,9.591145833333));
#860 = VECTOR('',#861,1.);
#861 = DIRECTION('',(0.247398315515,-0.968913862776));
#862 = ( GEOMETRIC_REPRESENTATION_CONTEXT(2) 
PARAMETRIC_REPRESENTATION_CONTEXT() REPRESENTATION_CONTEXT('2D SPACE',''
  ) );
#863 = PCURVE('',#864,#869);
#864 = PLANE('',#865);
#865 = AXIS2_PLACEMENT_3D('',#866,#867,#868);
#866 = CARTESIAN_POINT('',(9.591145833333,35.,-10.62697569219));
#867 = DIRECTION('',(-0.247398315515,-1.186577260699E-16,-0.968913862776
    ));
#868 = DIRECTION('',(-0.968913862776,3.029755552104E-17,0.247398315515)
  );
#869 = DEFINITIONAL_REPRESENTATION('',(#870),#874);
#870 = LINE('',#871,#872);
#871 = CARTESIAN_POINT('',(0.,0.));
#872 = VECTOR('',#873,1.);
#873 = DIRECTION('',(1.,1.494820578496E-33));
#874 = ( GEOMETRIC_REPRESENTATION_CONTEXT(2) 
PARAMETRIC_REPRESENTATION_CONTEXT() REPRESENTATION_CONTEXT('2D SPACE',''
  ) );
#875 = ORIENTED_EDGE('',*,*,#876,.T.);
#876 = EDGE_CURVE('',#849,#877,#879,.T.);
#877 = VERTEX_POINT('',#878);
#878 = CARTESIAN_POINT('',(8.9296875,35.,-10.46122732659));
#879 = SURFACE_CURVE('',#880,(#884,#891),.PCURVE_S1.);
#880 = LINE('',#881,#882);
#881 = CARTESIAN_POINT('',(9.260416666667,35.,-10.54252872341));
#882 = VECTOR('',#883,1.);
#883 = DIRECTION('',(-0.971089016403,2.923448208495E-17,0.238717662148)
  );
#884 = PCURVE('',#32,#885);
#885 = DEFINITIONAL_REPRESENTATION('',(#886),#890);
#886 = LINE('',#887,#888);
#887 = CARTESIAN_POINT('',(-4.563623073891,9.260416666667));
#888 = VECTOR('',#889,1.);
#889 = DIRECTION('',(0.238717662148,-0.971089016403));
#890 = ( GEOMETRIC_REPRESENTATION_CONTEXT(2) 
PARAMETRIC_REPRESENTATION_CONTEXT() REPRESENTATION_CONTEXT('2D SPACE',''
  ) );
#891 = PCURVE('',#892,#897);
#892 = PLANE('',#893);
#893 = AXIS2_PLACEMENT_3D('',#894,#895,#896);
#894 = CARTESIAN_POINT('',(9.260416666667,35.,-10.54252872341));
#895 = DIRECTION('',(-0.238717662148,-1.189241055625E-16,-0.971089016403
    ));
#896 = DIRECTION('',(-0.971089016403,2.923448208495E-17,0.238717662148)
  );
#897 = DEFINITIONAL_REPRESENTATION('',(#898),#902);
#898 = LINE('',#899,#900);
#899 = CARTESIAN_POINT('',(0.,0.));
#900 = VECTOR('',#901,1.);
#901 = DIRECTION('',(1.,2.953202717426E-33));
#902 = ( GEOMETRIC_REPRESENTATION_CONTEXT(2) 
PARAMETRIC_REPRESENTATION_CONTEXT() REPRESENTATION_CONTEXT('2D SPACE',''
  ) );
#903 = ORIENTED_EDGE('',*,*,#904,.T.);
#904 = EDGE_CURVE('',#877,#905,#907,.T.);
#905 = VERTEX_POINT('',#906);
#906 = CARTESIAN_POINT('',(8.598958333333,35.,-10.38305083143));
#907 = SURFACE_CURVE('',#908,(#912,#919),.PCURVE_S1.);
#908 = LINE('',#909,#910);
#909 = CARTESIAN_POINT('',(8.9296875,35.,-10.46122732659));
#910 = VECTOR('',#911,1.);
#911 = DIRECTION('',(-0.973181881265,2.817140880017E-17,0.230037010016)
  );
#912 = PCURVE('',#32,#913);
#913 = DEFINITIONAL_REPRESENTATION('',(#914),#918);
#914 = LINE('',#915,#916);
#915 = CARTESIAN_POINT('',(-4.482321677071,8.9296875));
#916 = VECTOR('',#917,1.);
#917 = DIRECTION('',(0.230037010016,-0.973181881265));
#918 = ( GEOMETRIC_REPRESENTATION_CONTEXT(2) 
PARAMETRIC_REPRESENTATION_CONTEXT() REPRESENTATION_CONTEXT('2D SPACE',''
  ) );
#919 = PCURVE('',#920,#925);
#920 = PLANE('',#921);
#921 = AXIS2_PLACEMENT_3D('',#922,#923,#924);
#922 = CARTESIAN_POINT('',(8.9296875,35.,-10.46122732659));
#923 = DIRECTION('',(-0.230037010016,-1.19180407588E-16,-0.973181881265)
  );
#924 = DIRECTION('',(-0.973181881265,2.817140880017E-17,0.230037010016)
  );
#925 = DEFINITIONAL_REPRESENTATION('',(#926),#930);
#926 = LINE('',#927,#928);
#927 = CARTESIAN_POINT('',(0.,0.));
#928 = VECTOR('',#929,1.);
#929 = DIRECTION('',(1.,-1.535126952023E-33));
#930 = ( GEOMETRIC_REPRESENTATION_CONTEXT(2) 
PARAMETRIC_REPRESENTATION_CONTEXT() REPRESENTATION_CONTEXT('2D SPACE',''
  ) );
#931 = ORIENTED_EDGE('',*,*,#932,.T.);
#932 = EDGE_CURVE('',#905,#933,#935,.T.);
#933 = VERTEX_POINT('',#934);
#934 = CARTESIAN_POINT('',(8.268229166667,35.,-10.3079795326));
#935 = SURFACE_CURVE('',#936,(#940,#947),.PCURVE_S1.);
#936 = LINE('',#937,#938);
#937 = CARTESIAN_POINT('',(8.598958333333,35.,-10.38305083143));
#938 = VECTOR('',#939,1.);
#939 = DIRECTION('',(-0.975192987211,2.710833565913E-17,0.221356359058)
  );
#940 = PCURVE('',#32,#941);
#941 = DEFINITIONAL_REPRESENTATION('',(#942),#946);
#942 = LINE('',#943,#944);
#943 = CARTESIAN_POINT('',(-4.404145181916,8.598958333333));
#944 = VECTOR('',#945,1.);
#945 = DIRECTION('',(0.221356359058,-0.975192987211));
#946 = ( GEOMETRIC_REPRESENTATION_CONTEXT(2) 
PARAMETRIC_REPRESENTATION_CONTEXT() REPRESENTATION_CONTEXT('2D SPACE',''
  ) );
#947 = PCURVE('',#948,#953);
#948 = PLANE('',#949);
#949 = AXIS2_PLACEMENT_3D('',#950,#951,#952);
#950 = CARTESIAN_POINT('',(8.598958333333,35.,-10.38305083143));
#951 = DIRECTION('',(-0.221356359058,-1.194266970338E-16,-0.975192987211
    ));
#952 = DIRECTION('',(-0.975192987211,2.710833565913E-17,0.221356359058)
  );
#953 = DEFINITIONAL_REPRESENTATION('',(#954),#958);
#954 = LINE('',#955,#956);
#955 = CARTESIAN_POINT('',(0.,0.));
#956 = VECTOR('',#957,1.);
#957 = DIRECTION('',(1.,-7.458175140592E-35));
#958 = ( GEOMETRIC_REPRESENTATION_CONTEXT(2) 
PARAMETRIC_REPRESENTATION_CONTEXT() REPRESENTATION_CONTEXT('2D SPACE',''
  ) );
#959 = ORIENTED_EDGE('',*,*,#960,.T.);
#960 = EDGE_CURVE('',#933,#961,#963,.T.);
#961 = VERTEX_POINT('',#962);
#962 = CARTESIAN_POINT('',(7.9375,35.,-10.23599466308));
#963 = SURFACE_CURVE('',#964,(#968,#975),.PCURVE_S1.);
#964 = LINE('',#965,#966);
#965 = CARTESIAN_POINT('',(8.268229166667,35.,-10.3079795326));
#966 = VECTOR('',#967,1.);
#967 = DIRECTION('',(-0.97712283911,2.604526265452E-17,0.212675709214));
#968 = PCURVE('',#32,#969);
#969 = DEFINITIONAL_REPRESENTATION('',(#970),#974);
#970 = LINE('',#971,#972);
#971 = CARTESIAN_POINT('',(-4.329073883078,8.268229166667));
#972 = VECTOR('',#973,1.);
#973 = DIRECTION('',(0.212675709214,-0.97712283911));
#974 = ( GEOMETRIC_REPRESENTATION_CONTEXT(2) 
PARAMETRIC_REPRESENTATION_CONTEXT() REPRESENTATION_CONTEXT('2D SPACE',''
  ) );
#975 = PCURVE('',#976,#981);
#976 = PLANE('',#977);
#977 = AXIS2_PLACEMENT_3D('',#978,#979,#980);
#978 = CARTESIAN_POINT('',(8.268229166667,35.,-10.3079795326));
#979 = DIRECTION('',(-0.212675709214,-1.19663035729E-16,-0.97712283911)
  );
#980 = DIRECTION('',(-0.97712283911,2.604526265452E-17,0.212675709214));
#981 = DEFINITIONAL_REPRESENTATION('',(#982),#986);
#982 = LINE('',#983,#984);
#983 = CARTESIAN_POINT('',(0.,0.));
#984 = VECTOR('',#985,1.);
#985 = DIRECTION('',(1.,-1.2246987614E-33));
#986 = ( GEOMETRIC_REPRESENTATION_CONTEXT(2) 
PARAMETRIC_REPRESENTATION_CONTEXT() REPRESENTATION_CONTEXT('2D SPACE',''
  ) );
#987 = ORIENTED_EDGE('',*,*,#988,.T.);
#988 = EDGE_CURVE('',#961,#989,#991,.T.);
#989 = VERTEX_POINT('',#990);
#990 = CARTESIAN_POINT('',(7.606770833333,35.,-10.16707836923));
#991 = SURFACE_CURVE('',#992,(#996,#1003),.PCURVE_S1.);
#992 = LINE('',#993,#994);
#993 = CARTESIAN_POINT('',(7.9375,35.,-10.23599466308));
#994 = VECTOR('',#995,1.);
#995 = DIRECTION('',(-0.978971917535,2.498218977929E-17,0.203995060426)
  );
#996 = PCURVE('',#32,#997);
#997 = DEFINITIONAL_REPRESENTATION('',(#998),#1002);
#998 = LINE('',#999,#1000);
#999 = CARTESIAN_POINT('',(-4.257089013558,7.9375));
#1000 = VECTOR('',#1001,1.);
#1001 = DIRECTION('',(0.203995060426,-0.978971917535));
#1002 = ( GEOMETRIC_REPRESENTATION_CONTEXT(2) 
PARAMETRIC_REPRESENTATION_CONTEXT() REPRESENTATION_CONTEXT('2D SPACE',''
  ) );
#1003 = PCURVE('',#1004,#1009);
#1004 = PLANE('',#1005);
#1005 = AXIS2_PLACEMENT_3D('',#1006,#1007,#1008);
#1006 = CARTESIAN_POINT('',(7.9375,35.,-10.23599466308));
#1007 = DIRECTION('',(-0.203995060426,-1.198894825264E-16,
    -0.978971917535));
#1008 = DIRECTION('',(-0.978971917535,2.498218977929E-17,0.203995060426)
  );
#1009 = DEFINITIONAL_REPRESENTATION('',(#1010),#1014);
#1010 = LINE('',#1011,#1012);
#1011 = CARTESIAN_POINT('',(0.,0.));
#1012 = VECTOR('',#1013,1.);
#1013 = DIRECTION('',(1.,8.407479381468E-35));
#1014 = ( GEOMETRIC_REPRESENTATION_CONTEXT(2) 
PARAMETRIC_REPRESENTATION_CONTEXT() REPRESENTATION_CONTEXT('2D SPACE',''
  ) );
#1015 = ORIENTED_EDGE('',*,*,#1016,.T.);
#1016 = EDGE_CURVE('',#989,#1017,#1019,.T.);
#1017 = VERTEX_POINT('',#1018);
#1018 = CARTESIAN_POINT('',(7.276041666667,35.,-10.10121368727));
#1019 = SURFACE_CURVE('',#1020,(#1024,#1031),.PCURVE_S1.);
#1020 = LINE('',#1021,#1022);
#1021 = CARTESIAN_POINT('',(7.606770833333,35.,-10.16707836923));
#1022 = VECTOR('',#1023,1.);
#1023 = DIRECTION('',(-0.980740679393,2.391911702662E-17,0.195314412639)
  );
#1024 = PCURVE('',#32,#1025);
#1025 = DEFINITIONAL_REPRESENTATION('',(#1026),#1030);
#1026 = LINE('',#1027,#1028);
#1027 = CARTESIAN_POINT('',(-4.188172719709,7.606770833333));
#1028 = VECTOR('',#1029,1.);
#1029 = DIRECTION('',(0.195314412639,-0.980740679393));
#1030 = ( GEOMETRIC_REPRESENTATION_CONTEXT(2) 
PARAMETRIC_REPRESENTATION_CONTEXT() REPRESENTATION_CONTEXT('2D SPACE',''
  ) );
#1031 = PCURVE('',#1032,#1037);
#1032 = PLANE('',#1033);
#1033 = AXIS2_PLACEMENT_3D('',#1034,#1035,#1036);
#1034 = CARTESIAN_POINT('',(7.606770833333,35.,-10.16707836923));
#1035 = DIRECTION('',(-0.195314412639,-1.201060933812E-16,
    -0.980740679393));
#1036 = DIRECTION('',(-0.980740679393,2.391911702662E-17,0.195314412639)
  );
#1037 = DEFINITIONAL_REPRESENTATION('',(#1038),#1042);
#1038 = LINE('',#1039,#1040);
#1039 = CARTESIAN_POINT('',(0.,0.));
#1040 = VECTOR('',#1041,1.);
#1041 = DIRECTION('',(1.,-1.294302363908E-33));
#1042 = ( GEOMETRIC_REPRESENTATION_CONTEXT(2) 
PARAMETRIC_REPRESENTATION_CONTEXT() REPRESENTATION_CONTEXT('2D SPACE',''
  ) );
#1043 = ORIENTED_EDGE('',*,*,#1044,.T.);
#1044 = EDGE_CURVE('',#1017,#1045,#1047,.T.);
#1045 = VERTEX_POINT('',#1046);
#1046 = CARTESIAN_POINT('',(6.9453125,35.,-10.03838452125));
#1047 = SURFACE_CURVE('',#1048,(#1052,#1059),.PCURVE_S1.);
#1048 = LINE('',#1049,#1050);
#1049 = CARTESIAN_POINT('',(7.276041666667,35.,-10.10121368727));
#1050 = VECTOR('',#1051,1.);
#1051 = DIRECTION('',(-0.982429558525,2.285604438989E-17,0.186633765799)
  );
#1052 = PCURVE('',#32,#1053);
#1053 = DEFINITIONAL_REPRESENTATION('',(#1054),#1058);
#1054 = LINE('',#1055,#1056);
#1055 = CARTESIAN_POINT('',(-4.122308037752,7.276041666667));
#1056 = VECTOR('',#1057,1.);
#1057 = DIRECTION('',(0.186633765799,-0.982429558525));
#1058 = ( GEOMETRIC_REPRESENTATION_CONTEXT(2) 
PARAMETRIC_REPRESENTATION_CONTEXT() REPRESENTATION_CONTEXT('2D SPACE',''
  ) );
#1059 = PCURVE('',#1060,#1065);
#1060 = PLANE('',#1061);
#1061 = AXIS2_PLACEMENT_3D('',#1062,#1063,#1064);
#1062 = CARTESIAN_POINT('',(7.276041666667,35.,-10.10121368727));
#1063 = DIRECTION('',(-0.186633765799,-1.203129214235E-16,
    -0.982429558525));
#1064 = DIRECTION('',(-0.982429558525,2.285604438989E-17,0.186633765799)
  );
#1065 = DEFINITIONAL_REPRESENTATION('',(#1066),#1070);
#1066 = LINE('',#1067,#1068);
#1067 = CARTESIAN_POINT('',(0.,0.));
#1068 = VECTOR('',#1069,1.);
#1069 = DIRECTION('',(1.,8.149138278938E-34));
#1070 = ( GEOMETRIC_REPRESENTATION_CONTEXT(2) 
PARAMETRIC_REPRESENTATION_CONTEXT() REPRESENTATION_CONTEXT('2D SPACE',''
  ) );
#1071 = ORIENTED_EDGE('',*,*,#1072,.T.);
#1072 = EDGE_CURVE('',#1045,#1073,#1075,.T.);
#1073 = VERTEX_POINT('',#1074);
#1074 = CARTESIAN_POINT('',(6.614583333333,35.,-9.978575622368));
#1075 = SURFACE_CURVE('',#1076,(#1080,#1087),.PCURVE_S1.);
#1076 = LINE('',#1077,#1078);
#1077 = CARTESIAN_POINT('',(6.9453125,35.,-10.03838452125));
#1078 = VECTOR('',#1079,1.);
#1079 = DIRECTION('',(-0.984038966268,2.179297186268E-17,0.177953119853)
  );
#1080 = PCURVE('',#32,#1081);
#1081 = DEFINITIONAL_REPRESENTATION('',(#1082),#1086);
#1082 = LINE('',#1083,#1084);
#1083 = CARTESIAN_POINT('',(-4.059478871733,6.9453125));
#1084 = VECTOR('',#1085,1.);
#1085 = DIRECTION('',(0.177953119853,-0.984038966268));
#1086 = ( GEOMETRIC_REPRESENTATION_CONTEXT(2) 
PARAMETRIC_REPRESENTATION_CONTEXT() REPRESENTATION_CONTEXT('2D SPACE',''
  ) );
#1087 = PCURVE('',#1088,#1093);
#1088 = PLANE('',#1089);
#1089 = AXIS2_PLACEMENT_3D('',#1090,#1091,#1092);
#1090 = CARTESIAN_POINT('',(6.9453125,35.,-10.03838452125));
#1091 = DIRECTION('',(-0.177953119853,-1.205100170277E-16,
    -0.984038966268));
#1092 = DIRECTION('',(-0.984038966268,2.179297186268E-17,0.177953119853)
  );
#1093 = DEFINITIONAL_REPRESENTATION('',(#1094),#1098);
#1094 = LINE('',#1095,#1096);
#1095 = CARTESIAN_POINT('',(0.,0.));
#1096 = VECTOR('',#1097,1.);
#1097 = DIRECTION('',(1.,-5.636151699814E-34));
#1098 = ( GEOMETRIC_REPRESENTATION_CONTEXT(2) 
PARAMETRIC_REPRESENTATION_CONTEXT() REPRESENTATION_CONTEXT('2D SPACE',''
  ) );
#1099 = ORIENTED_EDGE('',*,*,#1100,.T.);
#1100 = EDGE_CURVE('',#1073,#1101,#1103,.T.);
#1101 = VERTEX_POINT('',#1102);
#1102 = CARTESIAN_POINT('',(6.283854166667,35.,-9.921772569584));
#1103 = SURFACE_CURVE('',#1104,(#1108,#1115),.PCURVE_S1.);
#1104 = LINE('',#1105,#1106);
#1105 = CARTESIAN_POINT('',(6.614583333333,35.,-9.978575622368));
#1106 = VECTOR('',#1107,1.);
#1107 = DIRECTION('',(-0.985569291979,2.072989943879E-17,0.169272474751)
  );
#1108 = PCURVE('',#32,#1109);
#1109 = DEFINITIONAL_REPRESENTATION('',(#1110),#1114);
#1110 = LINE('',#1111,#1112);
#1111 = CARTESIAN_POINT('',(-3.999669972846,6.614583333333));
#1112 = VECTOR('',#1113,1.);
#1113 = DIRECTION('',(0.169272474751,-0.985569291979));
#1114 = ( GEOMETRIC_REPRESENTATION_CONTEXT(2) 
PARAMETRIC_REPRESENTATION_CONTEXT() REPRESENTATION_CONTEXT('2D SPACE',''
  ) );
#1115 = PCURVE('',#1116,#1121);
#1116 = PLANE('',#1117);
#1117 = AXIS2_PLACEMENT_3D('',#1118,#1119,#1120);
#1118 = CARTESIAN_POINT('',(6.614583333333,35.,-9.978575622368));
#1119 = DIRECTION('',(-0.169272474751,-1.20697427876E-16,-0.985569291979
    ));
#1120 = DIRECTION('',(-0.985569291979,2.072989943879E-17,0.169272474751)
  );
#1121 = DEFINITIONAL_REPRESENTATION('',(#1122),#1126);
#1122 = LINE('',#1123,#1124);
#1123 = CARTESIAN_POINT('',(0.,0.));
#1124 = VECTOR('',#1125,1.);
#1125 = DIRECTION('',(1.,7.28221839033E-34));
#1126 = ( GEOMETRIC_REPRESENTATION_CONTEXT(2) 
PARAMETRIC_REPRESENTATION_CONTEXT() REPRESENTATION_CONTEXT('2D SPACE',''
  ) );
#1127 = ORIENTED_EDGE('',*,*,#1128,.T.);
#1128 = EDGE_CURVE('',#1101,#1129,#1131,.T.);
#1129 = VERTEX_POINT('',#1130);
#1130 = CARTESIAN_POINT('',(5.953125,35.,-9.867961751529));
#1131 = SURFACE_CURVE('',#1132,(#1136,#1143),.PCURVE_S1.);
#1132 = LINE('',#1133,#1134);
#1133 = CARTESIAN_POINT('',(6.283854166667,35.,-9.921772569584));
#1134 = VECTOR('',#1135,1.);
#1135 = DIRECTION('',(-0.987020903525,1.966682711216E-17,0.160591830443)
  );
#1136 = PCURVE('',#32,#1137);
#1137 = DEFINITIONAL_REPRESENTATION('',(#1138),#1142);
#1138 = LINE('',#1139,#1140);
#1139 = CARTESIAN_POINT('',(-3.942866920062,6.283854166667));
#1140 = VECTOR('',#1141,1.);
#1141 = DIRECTION('',(0.160591830443,-0.987020903525));
#1142 = ( GEOMETRIC_REPRESENTATION_CONTEXT(2) 
PARAMETRIC_REPRESENTATION_CONTEXT() REPRESENTATION_CONTEXT('2D SPACE',''
  ) );
#1143 = PCURVE('',#1144,#1149);
#1144 = PLANE('',#1145);
#1145 = AXIS2_PLACEMENT_3D('',#1146,#1147,#1148);
#1146 = CARTESIAN_POINT('',(6.283854166667,35.,-9.921772569584));
#1147 = DIRECTION('',(-0.160591830443,-1.208751990193E-16,
    -0.987020903525));
#1148 = DIRECTION('',(-0.987020903525,1.966682711216E-17,0.160591830443)
  );
#1149 = DEFINITIONAL_REPRESENTATION('',(#1150),#1154);
#1150 = LINE('',#1151,#1152);
#1151 = CARTESIAN_POINT('',(0.,0.));
#1152 = VECTOR('',#1153,1.);
#1153 = DIRECTION('',(1.,-3.347471979822E-34));
#1154 = ( GEOMETRIC_REPRESENTATION_CONTEXT(2) 
PARAMETRIC_REPRESENTATION_CONTEXT() REPRESENTATION_CONTEXT('2D SPACE',''
  ) );
#1155 = ORIENTED_EDGE('',*,*,#1156,.T.);
#1156 = EDGE_CURVE('',#1129,#1157,#1159,.T.);
#1157 = VERTEX_POINT('',#1158);
#1158 = CARTESIAN_POINT('',(5.622395833333,35.,-9.817130349543));
#1159 = SURFACE_CURVE('',#1160,(#1164,#1171),.PCURVE_S1.);
#1160 = LINE('',#1161,#1162);
#1161 = CARTESIAN_POINT('',(5.953125,35.,-9.867961751529));
#1162 = VECTOR('',#1163,1.);
#1163 = DIRECTION('',(-0.988394147747,1.86037548769E-17,0.151911186881)
  );
#1164 = PCURVE('',#32,#1165);
#1165 = DEFINITIONAL_REPRESENTATION('',(#1166),#1170);
#1166 = LINE('',#1167,#1168);
#1167 = CARTESIAN_POINT('',(-3.889056102007,5.953125));
#1168 = VECTOR('',#1169,1.);
#1169 = DIRECTION('',(0.151911186881,-0.988394147747));
#1170 = ( GEOMETRIC_REPRESENTATION_CONTEXT(2) 
PARAMETRIC_REPRESENTATION_CONTEXT() REPRESENTATION_CONTEXT('2D SPACE',''
  ) );
#1171 = PCURVE('',#1172,#1177);
#1172 = PLANE('',#1173);
#1173 = AXIS2_PLACEMENT_3D('',#1174,#1175,#1176);
#1174 = CARTESIAN_POINT('',(5.953125,35.,-9.867961751529));
#1175 = DIRECTION('',(-0.151911186881,-1.210433729334E-16,
    -0.988394147747));
#1176 = DIRECTION('',(-0.988394147747,1.86037548769E-17,0.151911186881)
  );
#1177 = DEFINITIONAL_REPRESENTATION('',(#1178),#1182);
#1178 = LINE('',#1179,#1180);
#1179 = CARTESIAN_POINT('',(0.,0.));
#1180 = VECTOR('',#1181,1.);
#1181 = DIRECTION('',(1.,1.44857773947E-33));
#1182 = ( GEOMETRIC_REPRESENTATION_CONTEXT(2) 
PARAMETRIC_REPRESENTATION_CONTEXT() REPRESENTATION_CONTEXT('2D SPACE',''
  ) );
#1183 = ORIENTED_EDGE('',*,*,#1184,.T.);
#1184 = EDGE_CURVE('',#1157,#1185,#1187,.T.);
#1185 = VERTEX_POINT('',#1186);
#1186 = CARTESIAN_POINT('',(5.291666666667,35.,-9.769266321884));
#1187 = SURFACE_CURVE('',#1188,(#1192,#1199),.PCURVE_S1.);
#1188 = LINE('',#1189,#1190);
#1189 = CARTESIAN_POINT('',(5.622395833333,35.,-9.817130349543));
#1190 = VECTOR('',#1191,1.);
#1191 = DIRECTION('',(-0.989689350887,1.754068272728E-17,0.143230544019)
  );
#1192 = PCURVE('',#32,#1193);
#1193 = DEFINITIONAL_REPRESENTATION('',(#1194),#1198);
#1194 = LINE('',#1195,#1196);
#1195 = CARTESIAN_POINT('',(-3.838224700021,5.622395833333));
#1196 = VECTOR('',#1197,1.);
#1197 = DIRECTION('',(0.143230544019,-0.989689350887));
#1198 = ( GEOMETRIC_REPRESENTATION_CONTEXT(2) 
PARAMETRIC_REPRESENTATION_CONTEXT() REPRESENTATION_CONTEXT('2D SPACE',''
  ) );
#1199 = PCURVE('',#1200,#1205);
#1200 = PLANE('',#1201);
#1201 = AXIS2_PLACEMENT_3D('',#1202,#1203,#1204);
#1202 = CARTESIAN_POINT('',(5.622395833333,35.,-9.817130349543));
#1203 = DIRECTION('',(-0.143230544019,-1.212019895715E-16,
    -0.989689350887));
#1204 = DIRECTION('',(-0.989689350887,1.754068272728E-17,0.143230544019)
  );
#1205 = DEFINITIONAL_REPRESENTATION('',(#1206),#1210);
#1206 = LINE('',#1207,#1208);
#1207 = CARTESIAN_POINT('',(0.,0.));
#1208 = VECTOR('',#1209,1.);
#1209 = DIRECTION('',(1.,-1.678895150804E-33));
#1210 = ( GEOMETRIC_REPRESENTATION_CONTEXT(2) 
PARAMETRIC_REPRESENTATION_CONTEXT() REPRESENTATION_CONTEXT('2D SPACE',''
  ) );
#1211 = ORIENTED_EDGE('',*,*,#1212,.T.);
#1212 = EDGE_CURVE('',#1185,#1213,#1215,.T.);
#1213 = VERTEX_POINT('',#1214);
#1214 = CARTESIAN_POINT('',(4.9609375,35.,-9.724358389021));
#1215 = SURFACE_CURVE('',#1216,(#1220,#1227),.PCURVE_S1.);
#1216 = LINE('',#1217,#1218);
#1217 = CARTESIAN_POINT('',(5.291666666667,35.,-9.769266321884));
#1218 = VECTOR('',#1219,1.);
#1219 = DIRECTION('',(-0.990906818991,1.64776106577E-17,0.13454990181));
#1220 = PCURVE('',#32,#1221);
#1221 = DEFINITIONAL_REPRESENTATION('',(#1222),#1226);
#1222 = LINE('',#1223,#1224);
#1223 = CARTESIAN_POINT('',(-3.790360672362,5.291666666667));
#1224 = VECTOR('',#1225,1.);
#1225 = DIRECTION('',(0.13454990181,-0.990906818991));
#1226 = ( GEOMETRIC_REPRESENTATION_CONTEXT(2) 
PARAMETRIC_REPRESENTATION_CONTEXT() REPRESENTATION_CONTEXT('2D SPACE',''
  ) );
#1227 = PCURVE('',#1228,#1233);
#1228 = PLANE('',#1229);
#1229 = AXIS2_PLACEMENT_3D('',#1230,#1231,#1232);
#1230 = CARTESIAN_POINT('',(5.291666666667,35.,-9.769266321884));
#1231 = DIRECTION('',(-0.13454990181,-1.213510864131E-16,-0.990906818991
    ));
#1232 = DIRECTION('',(-0.990906818991,1.64776106577E-17,0.13454990181));
#1233 = DEFINITIONAL_REPRESENTATION('',(#1234),#1238);
#1234 = LINE('',#1235,#1236);
#1235 = CARTESIAN_POINT('',(0.,0.));
#1236 = VECTOR('',#1237,1.);
#1237 = DIRECTION('',(1.,-1.710955613488E-33));
#1238 = ( GEOMETRIC_REPRESENTATION_CONTEXT(2) 
PARAMETRIC_REPRESENTATION_CONTEXT() REPRESENTATION_CONTEXT('2D SPACE',''
  ) );
#1239 = ORIENTED_EDGE('',*,*,#1240,.T.);
#1240 = EDGE_CURVE('',#1213,#1241,#1243,.T.);
#1241 = VERTEX_POINT('',#1242);
#1242 = CARTESIAN_POINT('',(4.630208333333,35.,-9.682396019976));
#1243 = SURFACE_CURVE('',#1244,(#1248,#1255),.PCURVE_S1.);
#1244 = LINE('',#1245,#1246);
#1245 = CARTESIAN_POINT('',(4.9609375,35.,-9.724358389021));
#1246 = VECTOR('',#1247,1.);
#1247 = DIRECTION('',(-0.992046838276,1.541453866271E-17,0.12586926021)
  );
#1248 = PCURVE('',#32,#1249);
#1249 = DEFINITIONAL_REPRESENTATION('',(#1250),#1254);
#1250 = LINE('',#1251,#1252);
#1251 = CARTESIAN_POINT('',(-3.745452739499,4.9609375));
#1252 = VECTOR('',#1253,1.);
#1253 = DIRECTION('',(0.12586926021,-0.992046838276));
#1254 = ( GEOMETRIC_REPRESENTATION_CONTEXT(2) 
PARAMETRIC_REPRESENTATION_CONTEXT() REPRESENTATION_CONTEXT('2D SPACE',''
  ) );
#1255 = PCURVE('',#1256,#1261);
#1256 = PLANE('',#1257);
#1257 = AXIS2_PLACEMENT_3D('',#1258,#1259,#1260);
#1258 = CARTESIAN_POINT('',(4.9609375,35.,-9.724358389021));
#1259 = DIRECTION('',(-0.12586926021,-1.214906985099E-16,-0.992046838276
    ));
#1260 = DIRECTION('',(-0.992046838276,1.541453866271E-17,0.12586926021)
  );
#1261 = DEFINITIONAL_REPRESENTATION('',(#1262),#1266);
#1262 = LINE('',#1263,#1264);
#1263 = CARTESIAN_POINT('',(0.,0.));
#1264 = VECTOR('',#1265,1.);
#1265 = DIRECTION('',(1.,8.039644496276E-34));
#1266 = ( GEOMETRIC_REPRESENTATION_CONTEXT(2) 
PARAMETRIC_REPRESENTATION_CONTEXT() REPRESENTATION_CONTEXT('2D SPACE',''
  ) );
#1267 = ORIENTED_EDGE('',*,*,#1268,.T.);
#1268 = EDGE_CURVE('',#1241,#1269,#1271,.T.);
#1269 = VERTEX_POINT('',#1270);
#1270 = CARTESIAN_POINT('',(4.299479166667,35.,-9.643369419672));
#1271 = SURFACE_CURVE('',#1272,(#1276,#1283),.PCURVE_S1.);
#1272 = LINE('',#1273,#1274);
#1273 = CARTESIAN_POINT('',(4.630208333333,35.,-9.682396019976));
#1274 = VECTOR('',#1275,1.);
#1275 = DIRECTION('',(-0.993109675482,1.435146673696E-17,0.117188619175)
  );
#1276 = PCURVE('',#32,#1277);
#1277 = DEFINITIONAL_REPRESENTATION('',(#1278),#1282);
#1278 = LINE('',#1279,#1280);
#1279 = CARTESIAN_POINT('',(-3.703490370454,4.630208333333));
#1280 = VECTOR('',#1281,1.);
#1281 = DIRECTION('',(0.117188619175,-0.993109675482));
#1282 = ( GEOMETRIC_REPRESENTATION_CONTEXT(2) 
PARAMETRIC_REPRESENTATION_CONTEXT() REPRESENTATION_CONTEXT('2D SPACE',''
  ) );
#1283 = PCURVE('',#1284,#1289);
#1284 = PLANE('',#1285);
#1285 = AXIS2_PLACEMENT_3D('',#1286,#1287,#1288);
#1286 = CARTESIAN_POINT('',(4.630208333333,35.,-9.682396019976));
#1287 = DIRECTION('',(-0.117188619175,-1.216208585281E-16,
    -0.993109675482));
#1288 = DIRECTION('',(-0.993109675482,1.435146673696E-17,0.117188619175)
  );
#1289 = DEFINITIONAL_REPRESENTATION('',(#1290),#1294);
#1290 = LINE('',#1291,#1292);
#1291 = CARTESIAN_POINT('',(0.,0.));
#1292 = VECTOR('',#1293,1.);
#1293 = DIRECTION('',(1.,1.351506326988E-33));
#1294 = ( GEOMETRIC_REPRESENTATION_CONTEXT(2) 
PARAMETRIC_REPRESENTATION_CONTEXT() REPRESENTATION_CONTEXT('2D SPACE',''
  ) );
#1295 = ORIENTED_EDGE('',*,*,#1296,.T.);
#1296 = EDGE_CURVE('',#1269,#1297,#1299,.T.);
#1297 = VERTEX_POINT('',#1298);
#1298 = CARTESIAN_POINT('',(3.96875,35.,-9.607269517261));
#1299 = SURFACE_CURVE('',#1300,(#1304,#1311),.PCURVE_S1.);
#1300 = LINE('',#1301,#1302);
#1301 = CARTESIAN_POINT('',(4.299479166667,35.,-9.643369419672));
#1302 = VECTOR('',#1303,1.);
#1303 = DIRECTION('',(-0.994095578185,1.328839487522E-17,0.108507978663)
  );
#1304 = PCURVE('',#32,#1305);
#1305 = DEFINITIONAL_REPRESENTATION('',(#1306),#1310);
#1306 = LINE('',#1307,#1308);
#1307 = CARTESIAN_POINT('',(-3.66446377015,4.299479166667));
#1308 = VECTOR('',#1309,1.);
#1309 = DIRECTION('',(0.108507978663,-0.994095578185));
#1310 = ( GEOMETRIC_REPRESENTATION_CONTEXT(2) 
PARAMETRIC_REPRESENTATION_CONTEXT() REPRESENTATION_CONTEXT('2D SPACE',''
  ) );
#1311 = PCURVE('',#1312,#1317);
#1312 = PLANE('',#1313);
#1313 = AXIS2_PLACEMENT_3D('',#1314,#1315,#1316);
#1314 = CARTESIAN_POINT('',(4.299479166667,35.,-9.643369419672));
#1315 = DIRECTION('',(-0.108507978663,-1.21741596787E-16,-0.994095578185
    ));
#1316 = DIRECTION('',(-0.994095578185,1.328839487522E-17,0.108507978663)
  );
#1317 = DEFINITIONAL_REPRESENTATION('',(#1318),#1322);
#1318 = LINE('',#1319,#1320);
#1319 = CARTESIAN_POINT('',(0.,0.));
#1320 = VECTOR('',#1321,1.);
#1321 = DIRECTION('',(1.,-4.694300035668E-35));
#1322 = ( GEOMETRIC_REPRESENTATION_CONTEXT(2) 
PARAMETRIC_REPRESENTATION_CONTEXT() REPRESENTATION_CONTEXT('2D SPACE',''
  ) );
#1323 = ORIENTED_EDGE('',*,*,#1324,.T.);
#1324 = EDGE_CURVE('',#1297,#1325,#1327,.T.);
#1325 = VERTEX_POINT('',#1326);
#1326 = CARTESIAN_POINT('',(3.638020833333,35.,-9.57408795538));
#1327 = SURFACE_CURVE('',#1328,(#1332,#1339),.PCURVE_S1.);
#1328 = LINE('',#1329,#1330);
#1329 = CARTESIAN_POINT('',(3.96875,35.,-9.607269517261));
#1330 = VECTOR('',#1331,1.);
#1331 = DIRECTION('',(-0.995004775095,1.222532307234E-17,
    9.982733863228E-02));
#1332 = PCURVE('',#32,#1333);
#1333 = DEFINITIONAL_REPRESENTATION('',(#1334),#1338);
#1334 = LINE('',#1335,#1336);
#1335 = CARTESIAN_POINT('',(-3.628363867739,3.96875));
#1336 = VECTOR('',#1337,1.);
#1337 = DIRECTION('',(9.982733863228E-02,-0.995004775095));
#1338 = ( GEOMETRIC_REPRESENTATION_CONTEXT(2) 
PARAMETRIC_REPRESENTATION_CONTEXT() REPRESENTATION_CONTEXT('2D SPACE',''
  ) );
#1339 = PCURVE('',#1340,#1345);
#1340 = PLANE('',#1341);
#1341 = AXIS2_PLACEMENT_3D('',#1342,#1343,#1344);
#1342 = CARTESIAN_POINT('',(3.96875,35.,-9.607269517261));
#1343 = DIRECTION('',(-9.982733863228E-02,-1.218529412956E-16,
    -0.995004775095));
#1344 = DIRECTION('',(-0.995004775095,1.222532307234E-17,
    9.982733863228E-02));
#1345 = DEFINITIONAL_REPRESENTATION('',(#1346),#1350);
#1346 = LINE('',#1347,#1348);
#1347 = CARTESIAN_POINT('',(0.,0.));
#1348 = VECTOR('',#1349,1.);
#1349 = DIRECTION('',(1.,4.594062217998E-34));
#1350 = ( GEOMETRIC_REPRESENTATION_CONTEXT(2) 
PARAMETRIC_REPRESENTATION_CONTEXT() REPRESENTATION_CONTEXT('2D SPACE',''
  ) );
#1351 = ORIENTED_EDGE('',*,*,#1352,.T.);
#1352 = EDGE_CURVE('',#1325,#1353,#1355,.T.);
#1353 = VERTEX_POINT('',#1354);
#1354 = CARTESIAN_POINT('',(3.307291666667,35.,-9.543817080328));
#1355 = SURFACE_CURVE('',#1356,(#1360,#1367),.PCURVE_S1.);
#1356 = LINE('',#1357,#1358);
#1357 = CARTESIAN_POINT('',(3.638020833333,35.,-9.57408795538));
#1358 = VECTOR('',#1359,1.);
#1359 = DIRECTION('',(-0.995837476325,1.116225132331E-17,
    9.114669904073E-02));
#1360 = PCURVE('',#32,#1361);
#1361 = DEFINITIONAL_REPRESENTATION('',(#1362),#1366);
#1362 = LINE('',#1363,#1364);
#1363 = CARTESIAN_POINT('',(-3.595182305858,3.638020833333));
#1364 = VECTOR('',#1365,1.);
#1365 = DIRECTION('',(9.114669904073E-02,-0.995837476325));
#1366 = ( GEOMETRIC_REPRESENTATION_CONTEXT(2) 
PARAMETRIC_REPRESENTATION_CONTEXT() REPRESENTATION_CONTEXT('2D SPACE',''
  ) );
#1367 = PCURVE('',#1368,#1373);
#1368 = PLANE('',#1369);
#1369 = AXIS2_PLACEMENT_3D('',#1370,#1371,#1372);
#1370 = CARTESIAN_POINT('',(3.638020833333,35.,-9.57408795538));
#1371 = DIRECTION('',(-9.114669904073E-02,-1.219549177853E-16,
    -0.995837476325));
#1372 = DIRECTION('',(-0.995837476325,1.116225132331E-17,
    9.114669904073E-02));
#1373 = DEFINITIONAL_REPRESENTATION('',(#1374),#1378);
#1374 = LINE('',#1375,#1376);
#1375 = CARTESIAN_POINT('',(0.,0.));
#1376 = VECTOR('',#1377,1.);
#1377 = DIRECTION('',(1.,-1.556069350176E-33));
#1378 = ( GEOMETRIC_REPRESENTATION_CONTEXT(2) 
PARAMETRIC_REPRESENTATION_CONTEXT() REPRESENTATION_CONTEXT('2D SPACE',''
  ) );
#1379 = ORIENTED_EDGE('',*,*,#1380,.T.);
#1380 = EDGE_CURVE('',#1353,#1381,#1383,.T.);
#1381 = VERTEX_POINT('',#1382);
#1382 = CARTESIAN_POINT('',(2.9765625,35.,-9.516449933115));
#1383 = SURFACE_CURVE('',#1384,(#1388,#1395),.PCURVE_S1.);
#1384 = LINE('',#1385,#1386);
#1385 = CARTESIAN_POINT('',(3.307291666667,35.,-9.543817080328));
#1386 = VECTOR('',#1387,1.);
#1387 = DIRECTION('',(-0.996593873638,1.009917962316E-17,
    8.246605984834E-02));
#1388 = PCURVE('',#32,#1389);
#1389 = DEFINITIONAL_REPRESENTATION('',(#1390),#1394);
#1390 = LINE('',#1391,#1392);
#1391 = CARTESIAN_POINT('',(-3.564911430806,3.307291666667));
#1392 = VECTOR('',#1393,1.);
#1393 = DIRECTION('',(8.246605984834E-02,-0.996593873638));
#1394 = ( GEOMETRIC_REPRESENTATION_CONTEXT(2) 
PARAMETRIC_REPRESENTATION_CONTEXT() REPRESENTATION_CONTEXT('2D SPACE',''
  ) );
#1395 = PCURVE('',#1396,#1401);
#1396 = PLANE('',#1397);
#1397 = AXIS2_PLACEMENT_3D('',#1398,#1399,#1400);
#1398 = CARTESIAN_POINT('',(3.307291666667,35.,-9.543817080328));
#1399 = DIRECTION('',(-8.246605984834E-02,-1.220475497401E-16,
    -0.996593873638));
#1400 = DIRECTION('',(-0.996593873638,1.009917962316E-17,
    8.246605984834E-02));
#1401 = DEFINITIONAL_REPRESENTATION('',(#1402),#1406);
#1402 = LINE('',#1403,#1404);
#1403 = CARTESIAN_POINT('',(0.,0.));
#1404 = VECTOR('',#1405,1.);
#1405 = DIRECTION('',(1.,-4.112023840352E-34));
#1406 = ( GEOMETRIC_REPRESENTATION_CONTEXT(2) 
PARAMETRIC_REPRESENTATION_CONTEXT() REPRESENTATION_CONTEXT('2D SPACE',''
  ) );
#1407 = ORIENTED_EDGE('',*,*,#1408,.T.);
#1408 = EDGE_CURVE('',#1381,#1409,#1411,.T.);
#1409 = VERTEX_POINT('',#1410);
#1410 = CARTESIAN_POINT('',(2.645833333333,35.,-9.491980241372));
#1411 = SURFACE_CURVE('',#1412,(#1416,#1423),.PCURVE_S1.);
#1412 = LINE('',#1413,#1414);
#1413 = CARTESIAN_POINT('',(2.9765625,35.,-9.516449933115));
#1414 = VECTOR('',#1415,1.);
#1415 = DIRECTION('',(-0.997274140668,9.036107967005E-18,
    7.378542101524E-02));
#1416 = PCURVE('',#32,#1417);
#1417 = DEFINITIONAL_REPRESENTATION('',(#1418),#1422);
#1418 = LINE('',#1419,#1420);
#1419 = CARTESIAN_POINT('',(-3.537544283593,2.9765625));
#1420 = VECTOR('',#1421,1.);
#1421 = DIRECTION('',(7.378542101524E-02,-0.997274140668));
#1422 = ( GEOMETRIC_REPRESENTATION_CONTEXT(2) 
PARAMETRIC_REPRESENTATION_CONTEXT() REPRESENTATION_CONTEXT('2D SPACE',''
  ) );
#1423 = PCURVE('',#1424,#1429);
#1424 = PLANE('',#1425);
#1425 = AXIS2_PLACEMENT_3D('',#1426,#1427,#1428);
#1426 = CARTESIAN_POINT('',(2.9765625,35.,-9.516449933115));
#1427 = DIRECTION('',(-7.378542101524E-02,-1.221308584242E-16,
    -0.997274140668));
#1428 = DIRECTION('',(-0.997274140668,9.036107967005E-18,
    7.378542101524E-02));
#1429 = DEFINITIONAL_REPRESENTATION('',(#1430),#1434);
#1430 = LINE('',#1431,#1432);
#1431 = CARTESIAN_POINT('',(0.,0.));
#1432 = VECTOR('',#1433,1.);
#1433 = DIRECTION('',(1.,7.639818799605E-34));
#1434 = ( GEOMETRIC_REPRESENTATION_CONTEXT(2) 
PARAMETRIC_REPRESENTATION_CONTEXT() REPRESENTATION_CONTEXT('2D SPACE',''
  ) );
#1435 = ORIENTED_EDGE('',*,*,#1436,.T.);
#1436 = EDGE_CURVE('',#1409,#1437,#1439,.T.);
#1437 = VERTEX_POINT('',#1438);
#1438 = CARTESIAN_POINT('',(2.315104166667,35.,-9.470402412102));
#1439 = SURFACE_CURVE('',#1440,(#1444,#1451),.PCURVE_S1.);
#1440 = LINE('',#1441,#1442);
#1441 = CARTESIAN_POINT('',(2.645833333333,35.,-9.491980241372));
#1442 = VECTOR('',#1443,1.);
#1443 = DIRECTION('',(-0.997878433125,7.973036350048E-18,
    6.510478250218E-02));
#1444 = PCURVE('',#32,#1445);
#1445 = DEFINITIONAL_REPRESENTATION('',(#1446),#1450);
#1446 = LINE('',#1447,#1448);
#1447 = CARTESIAN_POINT('',(-3.51307459185,2.645833333333));
#1448 = VECTOR('',#1449,1.);
#1449 = DIRECTION('',(6.510478250218E-02,-0.997878433125));
#1450 = ( GEOMETRIC_REPRESENTATION_CONTEXT(2) 
PARAMETRIC_REPRESENTATION_CONTEXT() REPRESENTATION_CONTEXT('2D SPACE',''
  ) );
#1451 = PCURVE('',#1452,#1457);
#1452 = PLANE('',#1453);
#1453 = AXIS2_PLACEMENT_3D('',#1454,#1455,#1456);
#1454 = CARTESIAN_POINT('',(2.645833333333,35.,-9.491980241372));
#1455 = DIRECTION('',(-6.510478250218E-02,-1.222048629064E-16,
    -0.997878433125));
#1456 = DIRECTION('',(-0.997878433125,7.973036350048E-18,
    6.510478250218E-02));
#1457 = DEFINITIONAL_REPRESENTATION('',(#1458),#1462);
#1458 = LINE('',#1459,#1460);
#1459 = CARTESIAN_POINT('',(0.,0.));
#1460 = VECTOR('',#1461,1.);
#1461 = DIRECTION('',(1.,4.343475400296E-34));
#1462 = ( GEOMETRIC_REPRESENTATION_CONTEXT(2) 
PARAMETRIC_REPRESENTATION_CONTEXT() REPRESENTATION_CONTEXT('2D SPACE',''
  ) );
#1463 = ORIENTED_EDGE('',*,*,#1464,.T.);
#1464 = EDGE_CURVE('',#1437,#1465,#1467,.T.);
#1465 = VERTEX_POINT('',#1466);
#1466 = CARTESIAN_POINT('',(1.984375,35.,-9.451711525229));
#1467 = SURFACE_CURVE('',#1468,(#1472,#1479),.PCURVE_S1.);
#1468 = LINE('',#1469,#1470);
#1469 = CARTESIAN_POINT('',(2.315104166667,35.,-9.470402412102));
#1470 = VECTOR('',#1471,1.);
#1471 = DIRECTION('',(-0.99840688897,6.909964767533E-18,
    5.642414427036E-02));
#1472 = PCURVE('',#32,#1473);
#1473 = DEFINITIONAL_REPRESENTATION('',(#1474),#1478);
#1474 = LINE('',#1475,#1476);
#1475 = CARTESIAN_POINT('',(-3.49149676258,2.315104166667));
#1476 = VECTOR('',#1477,1.);
#1477 = DIRECTION('',(5.642414427036E-02,-0.99840688897));
#1478 = ( GEOMETRIC_REPRESENTATION_CONTEXT(2) 
PARAMETRIC_REPRESENTATION_CONTEXT() REPRESENTATION_CONTEXT('2D SPACE',''
  ) );
#1479 = PCURVE('',#1480,#1485);
#1480 = PLANE('',#1481);
#1481 = AXIS2_PLACEMENT_3D('',#1482,#1483,#1484);
#1482 = CARTESIAN_POINT('',(2.315104166667,35.,-9.470402412102));
#1483 = DIRECTION('',(-5.642414427036E-02,-1.222695800824E-16,
    -0.99840688897));
#1484 = DIRECTION('',(-0.99840688897,6.909964767533E-18,
    5.642414427036E-02));
#1485 = DEFINITIONAL_REPRESENTATION('',(#1486),#1490);
#1486 = LINE('',#1487,#1488);
#1487 = CARTESIAN_POINT('',(0.,0.));
#1488 = VECTOR('',#1489,1.);
#1489 = DIRECTION('',(1.,1.115505247236E-34));
#1490 = ( GEOMETRIC_REPRESENTATION_CONTEXT(2) 
PARAMETRIC_REPRESENTATION_CONTEXT() REPRESENTATION_CONTEXT('2D SPACE',''
  ) );
#1491 = ORIENTED_EDGE('',*,*,#1492,.T.);
#1492 = EDGE_CURVE('',#1465,#1493,#1495,.T.);
#1493 = VERTEX_POINT('',#1494);
#1494 = CARTESIAN_POINT('',(1.653645833333,35.,-9.435903327967));
#1495 = SURFACE_CURVE('',#1496,(#1500,#1507),.PCURVE_S1.);
#1496 = LINE('',#1497,#1498);
#1497 = CARTESIAN_POINT('',(1.984375,35.,-9.451711525229));
#1498 = VECTOR('',#1499,1.);
#1499 = DIRECTION('',(-0.99885962858,5.846893214764E-18,
    4.774350628144E-02));
#1500 = PCURVE('',#32,#1501);
#1501 = DEFINITIONAL_REPRESENTATION('',(#1502),#1506);
#1502 = LINE('',#1503,#1504);
#1503 = CARTESIAN_POINT('',(-3.472805875707,1.984375));
#1504 = VECTOR('',#1505,1.);
#1505 = DIRECTION('',(4.774350628144E-02,-0.99885962858));
#1506 = ( GEOMETRIC_REPRESENTATION_CONTEXT(2) 
PARAMETRIC_REPRESENTATION_CONTEXT() REPRESENTATION_CONTEXT('2D SPACE',''
  ) );
#1507 = PCURVE('',#1508,#1513);
#1508 = PLANE('',#1509);
#1509 = AXIS2_PLACEMENT_3D('',#1510,#1511,#1512);
#1510 = CARTESIAN_POINT('',(1.984375,35.,-9.451711525229));
#1511 = DIRECTION('',(-4.774350628144E-02,-1.223250246939E-16,
    -0.99885962858));
#1512 = DIRECTION('',(-0.99885962858,5.846893214764E-18,
    4.774350628144E-02));
#1513 = DEFINITIONAL_REPRESENTATION('',(#1514),#1518);
#1514 = LINE('',#1515,#1516);
#1515 = CARTESIAN_POINT('',(0.,0.));
#1516 = VECTOR('',#1517,1.);
#1517 = DIRECTION('',(1.,3.797497650531E-34));
#1518 = ( GEOMETRIC_REPRESENTATION_CONTEXT(2) 
PARAMETRIC_REPRESENTATION_CONTEXT() REPRESENTATION_CONTEXT('2D SPACE',''
  ) );
#1519 = ORIENTED_EDGE('',*,*,#1520,.T.);
#1520 = EDGE_CURVE('',#1493,#1521,#1523,.T.);
#1521 = VERTEX_POINT('',#1522);
#1522 = CARTESIAN_POINT('',(1.322916666667,35.,-9.42297422995));
#1523 = SURFACE_CURVE('',#1524,(#1528,#1535),.PCURVE_S1.);
#1524 = LINE('',#1525,#1526);
#1525 = CARTESIAN_POINT('',(1.653645833333,35.,-9.435903327967));
#1526 = VECTOR('',#1527,1.);
#1527 = DIRECTION('',(-0.999236754881,4.783821687086E-18,
    3.90628684974E-02));
#1528 = PCURVE('',#32,#1529);
#1529 = DEFINITIONAL_REPRESENTATION('',(#1530),#1534);
#1530 = LINE('',#1531,#1532);
#1531 = CARTESIAN_POINT('',(-3.456997678445,1.653645833333));
#1532 = VECTOR('',#1533,1.);
#1533 = DIRECTION('',(3.90628684974E-02,-0.999236754881));
#1534 = ( GEOMETRIC_REPRESENTATION_CONTEXT(2) 
PARAMETRIC_REPRESENTATION_CONTEXT() REPRESENTATION_CONTEXT('2D SPACE',''
  ) );
#1535 = PCURVE('',#1536,#1541);
#1536 = PLANE('',#1537);
#1537 = AXIS2_PLACEMENT_3D('',#1538,#1539,#1540);
#1538 = CARTESIAN_POINT('',(1.653645833333,35.,-9.435903327967));
#1539 = DIRECTION('',(-3.90628684974E-02,-1.223712093455E-16,
    -0.999236754881));
#1540 = DIRECTION('',(-0.999236754881,4.783821687086E-18,
    3.90628684974E-02));
#1541 = DEFINITIONAL_REPRESENTATION('',(#1542),#1546);
#1542 = LINE('',#1543,#1544);
#1543 = CARTESIAN_POINT('',(0.,0.));
#1544 = VECTOR('',#1545,1.);
#1545 = DIRECTION('',(1.,3.45171722694E-34));
#1546 = ( GEOMETRIC_REPRESENTATION_CONTEXT(2) 
PARAMETRIC_REPRESENTATION_CONTEXT() REPRESENTATION_CONTEXT('2D SPACE',''
  ) );
#1547 = ORIENTED_EDGE('',*,*,#1548,.T.);
#1548 = EDGE_CURVE('',#1521,#1549,#1551,.T.);
#1549 = VERTEX_POINT('',#1550);
#1550 = CARTESIAN_POINT('',(0.9921875,35.,-9.412921299149));
#1551 = SURFACE_CURVE('',#1552,(#1556,#1563),.PCURVE_S1.);
#1552 = LINE('',#1553,#1554);
#1553 = CARTESIAN_POINT('',(1.322916666667,35.,-9.42297422995));
#1554 = VECTOR('',#1555,1.);
#1555 = DIRECTION('',(-0.999538353465,3.720750179887E-18,
    3.038223088059E-02));
#1556 = PCURVE('',#32,#1557);
#1557 = DEFINITIONAL_REPRESENTATION('',(#1558),#1562);
#1558 = LINE('',#1559,#1560);
#1559 = CARTESIAN_POINT('',(-3.444068580428,1.322916666667));
#1560 = VECTOR('',#1561,1.);
#1561 = DIRECTION('',(3.038223088059E-02,-0.999538353465));
#1562 = ( GEOMETRIC_REPRESENTATION_CONTEXT(2) 
PARAMETRIC_REPRESENTATION_CONTEXT() REPRESENTATION_CONTEXT('2D SPACE',''
  ) );
#1563 = PCURVE('',#1564,#1569);
#1564 = PLANE('',#1565);
#1565 = AXIS2_PLACEMENT_3D('',#1566,#1567,#1568);
#1566 = CARTESIAN_POINT('',(1.322916666667,35.,-9.42297422995));
#1567 = DIRECTION('',(-3.038223088059E-02,-1.224081445195E-16,
    -0.999538353465));
#1568 = DIRECTION('',(-0.999538353465,3.720750179887E-18,
    3.038223088059E-02));
#1569 = DEFINITIONAL_REPRESENTATION('',(#1570),#1574);
#1570 = LINE('',#1571,#1572);
#1571 = CARTESIAN_POINT('',(0.,0.));
#1572 = VECTOR('',#1573,1.);
#1573 = DIRECTION('',(1.,-2.331653973136E-34));
#1574 = ( GEOMETRIC_REPRESENTATION_CONTEXT(2) 
PARAMETRIC_REPRESENTATION_CONTEXT() REPRESENTATION_CONTEXT('2D SPACE',''
  ) );
#1575 = ORIENTED_EDGE('',*,*,#1576,.T.);
#1576 = EDGE_CURVE('',#1549,#1577,#1579,.T.);
#1577 = VERTEX_POINT('',#1578);
#1578 = CARTESIAN_POINT('',(0.661458333333,35.,-9.405742258534));
#1579 = SURFACE_CURVE('',#1580,(#1584,#1591),.PCURVE_S1.);
#1580 = LINE('',#1581,#1582);
#1581 = CARTESIAN_POINT('',(0.9921875,35.,-9.412921299149));
#1582 = VECTOR('',#1583,1.);
#1583 = DIRECTION('',(-0.99976449269,2.657678688586E-18,
    2.170159339359E-02));
#1584 = PCURVE('',#32,#1585);
#1585 = DEFINITIONAL_REPRESENTATION('',(#1586),#1590);
#1586 = LINE('',#1587,#1588);
#1587 = CARTESIAN_POINT('',(-3.434015649627,0.9921875));
#1588 = VECTOR('',#1589,1.);
#1589 = DIRECTION('',(2.170159339359E-02,-0.99976449269));
#1590 = ( GEOMETRIC_REPRESENTATION_CONTEXT(2) 
PARAMETRIC_REPRESENTATION_CONTEXT() REPRESENTATION_CONTEXT('2D SPACE',''
  ) );
#1591 = PCURVE('',#1592,#1597);
#1592 = PLANE('',#1593);
#1593 = AXIS2_PLACEMENT_3D('',#1594,#1595,#1596);
#1594 = CARTESIAN_POINT('',(0.9921875,35.,-9.412921299149));
#1595 = DIRECTION('',(-2.170159339359E-02,-1.224358385874E-16,
    -0.99976449269));
#1596 = DIRECTION('',(-0.99976449269,2.657678688586E-18,
    2.170159339359E-02));
#1597 = DEFINITIONAL_REPRESENTATION('',(#1598),#1602);
#1598 = LINE('',#1599,#1600);
#1599 = CARTESIAN_POINT('',(0.,0.));
#1600 = VECTOR('',#1601,1.);
#1601 = DIRECTION('',(1.,1.69569578273E-34));
#1602 = ( GEOMETRIC_REPRESENTATION_CONTEXT(2) 
PARAMETRIC_REPRESENTATION_CONTEXT() REPRESENTATION_CONTEXT('2D SPACE',''
  ) );
#1603 = ORIENTED_EDGE('',*,*,#1604,.T.);
#1604 = EDGE_CURVE('',#1577,#1605,#1607,.T.);
#1605 = VERTEX_POINT('',#1606);
#1606 = CARTESIAN_POINT('',(0.330729166667,35.,-9.401435483495));
#1607 = SURFACE_CURVE('',#1608,(#1612,#1619),.PCURVE_S1.);
#1608 = LINE('',#1609,#1610);
#1609 = CARTESIAN_POINT('',(0.661458333333,35.,-9.405742258534));
#1610 = VECTOR('',#1611,1.);
#1611 = DIRECTION('',(-0.999915223759,1.594607208621E-18,
    1.302095599916E-02));
#1612 = PCURVE('',#32,#1613);
#1613 = DEFINITIONAL_REPRESENTATION('',(#1614),#1618);
#1614 = LINE('',#1615,#1616);
#1615 = CARTESIAN_POINT('',(-3.426836609012,0.661458333333));
#1616 = VECTOR('',#1617,1.);
#1617 = DIRECTION('',(1.302095599916E-02,-0.999915223759));
#1618 = ( GEOMETRIC_REPRESENTATION_CONTEXT(2) 
PARAMETRIC_REPRESENTATION_CONTEXT() REPRESENTATION_CONTEXT('2D SPACE',''
  ) );
#1619 = PCURVE('',#1620,#1625);
#1620 = PLANE('',#1621);
#1621 = AXIS2_PLACEMENT_3D('',#1622,#1623,#1624);
#1622 = CARTESIAN_POINT('',(0.661458333333,35.,-9.405742258534));
#1623 = DIRECTION('',(-1.302095599916E-02,-1.224542978195E-16,
    -0.999915223759));
#1624 = DIRECTION('',(-0.999915223759,1.594607208621E-18,
    1.302095599916E-02));
#1625 = DEFINITIONAL_REPRESENTATION('',(#1626),#1630);
#1626 = LINE('',#1627,#1628);
#1627 = CARTESIAN_POINT('',(0.,0.));
#1628 = VECTOR('',#1629,1.);
#1629 = DIRECTION('',(1.,-8.666058187766E-35));
#1630 = ( GEOMETRIC_REPRESENTATION_CONTEXT(2) 
PARAMETRIC_REPRESENTATION_CONTEXT() REPRESENTATION_CONTEXT('2D SPACE',''
  ) );
#1631 = ORIENTED_EDGE('',*,*,#1632,.T.);
#1632 = EDGE_CURVE('',#1605,#1633,#1635,.T.);
#1633 = VERTEX_POINT('',#1634);
#1634 = CARTESIAN_POINT('',(0.,35.,-9.4));
#1635 = SURFACE_CURVE('',#1636,(#1640,#1647),.PCURVE_S1.);
#1636 = LINE('',#1637,#1638);
#1637 = CARTESIAN_POINT('',(0.330729166667,35.,-9.401435483495));
#1638 = VECTOR('',#1639,1.);
#1639 = DIRECTION('',(-0.999990580773,5.315357354526E-19,
    4.340318660226E-03));
#1640 = PCURVE('',#32,#1641);
#1641 = DEFINITIONAL_REPRESENTATION('',(#1642),#1646);
#1642 = LINE('',#1643,#1644);
#1643 = CARTESIAN_POINT('',(-3.422529833973,0.330729166667));
#1644 = VECTOR('',#1645,1.);
#1645 = DIRECTION('',(4.340318660226E-03,-0.999990580773));
#1646 = ( GEOMETRIC_REPRESENTATION_CONTEXT(2) 
PARAMETRIC_REPRESENTATION_CONTEXT() REPRESENTATION_CONTEXT('2D SPACE',''
  ) );
#1647 = PCURVE('',#1648,#1653);
#1648 = PLANE('',#1649);
#1649 = AXIS2_PLACEMENT_3D('',#1650,#1651,#1652);
#1650 = CARTESIAN_POINT('',(0.330729166667,35.,-9.401435483495));
#1651 = DIRECTION('',(-4.340318660226E-03,-1.224635263921E-16,
    -0.999990580773));
#1652 = DIRECTION('',(-0.999990580773,5.315357354526E-19,
    4.340318660226E-03));
#1653 = DEFINITIONAL_REPRESENTATION('',(#1654),#1658);
#1654 = LINE('',#1655,#1656);
#1655 = CARTESIAN_POINT('',(0.,0.));
#1656 = VECTOR('',#1657,1.);
#1657 = DIRECTION('',(1.,-4.561056078676E-36));
#1658 = ( GEOMETRIC_REPRESENTATION_CONTEXT(2) 
PARAMETRIC_REPRESENTATION_CONTEXT() REPRESENTATION_CONTEXT('2D SPACE',''
  ) );
#1659 = ORIENTED_EDGE('',*,*,#1660,.T.);
#1660 = EDGE_CURVE('',#1633,#1661,#1663,.T.);
#1661 = VERTEX_POINT('',#1662);
#1662 = CARTESIAN_POINT('',(-0.330729166667,35.,-9.401435483495));
#1663 = SURFACE_CURVE('',#1664,(#1668,#1675),.PCURVE_S1.);
#1664 = LINE('',#1665,#1666);
#1665 = CARTESIAN_POINT('',(0.,35.,-9.4));
#1666 = VECTOR('',#1667,1.);
#1667 = DIRECTION('',(-0.999990580773,-5.315357354526E-19,
    -4.340318660226E-03));
#1668 = PCURVE('',#32,#1669);
#1669 = DEFINITIONAL_REPRESENTATION('',(#1670),#1674);
#1670 = LINE('',#1671,#1672);
#1671 = CARTESIAN_POINT('',(-3.421094350478,2.026160160909E-15));
#1672 = VECTOR('',#1673,1.);
#1673 = DIRECTION('',(-4.340318660226E-03,-0.999990580773));
#1674 = ( GEOMETRIC_REPRESENTATION_CONTEXT(2) 
PARAMETRIC_REPRESENTATION_CONTEXT() REPRESENTATION_CONTEXT('2D SPACE',''
  ) );
#1675 = PCURVE('',#1676,#1681);
#1676 = PLANE('',#1677);
#1677 = AXIS2_PLACEMENT_3D('',#1678,#1679,#1680);
#1678 = CARTESIAN_POINT('',(0.,35.,-9.4));
#1679 = DIRECTION('',(4.340318660226E-03,-1.224635263921E-16,
    -0.999990580773));
#1680 = DIRECTION('',(-0.999990580773,-5.315357354526E-19,
    -4.340318660226E-03));
#1681 = DEFINITIONAL_REPRESENTATION('',(#1682),#1686);
#1682 = LINE('',#1683,#1684);
#1683 = CARTESIAN_POINT('',(-0.,0.));
#1684 = VECTOR('',#1685,1.);
#1685 = DIRECTION('',(1.,2.548417710749E-35));
#1686 = ( GEOMETRIC_REPRESENTATION_CONTEXT(2) 
PARAMETRIC_REPRESENTATION_CONTEXT() REPRESENTATION_CONTEXT('2D SPACE',''
  ) );
#1687 = ORIENTED_EDGE('',*,*,#1688,.T.);
#1688 = EDGE_CURVE('',#1661,#1689,#1691,.T.);
#1689 = VERTEX_POINT('',#1690);
#1690 = CARTESIAN_POINT('',(-0.661458333333,35.,-9.405742258534));
#1691 = SURFACE_CURVE('',#1692,(#1696,#1703),.PCURVE_S1.);
#1692 = LINE('',#1693,#1694);
#1693 = CARTESIAN_POINT('',(-0.330729166667,35.,-9.401435483495));
#1694 = VECTOR('',#1695,1.);
#1695 = DIRECTION('',(-0.999915223759,-1.594607208621E-18,
    -1.302095599916E-02));
#1696 = PCURVE('',#32,#1697);
#1697 = DEFINITIONAL_REPRESENTATION('',(#1698),#1702);
#1698 = LINE('',#1699,#1700);
#1699 = CARTESIAN_POINT('',(-3.422529833973,-0.330729166667));
#1700 = VECTOR('',#1701,1.);
#1701 = DIRECTION('',(-1.302095599916E-02,-0.999915223759));
#1702 = ( GEOMETRIC_REPRESENTATION_CONTEXT(2) 
PARAMETRIC_REPRESENTATION_CONTEXT() REPRESENTATION_CONTEXT('2D SPACE',''
  ) );
#1703 = PCURVE('',#1704,#1709);
#1704 = PLANE('',#1705);
#1705 = AXIS2_PLACEMENT_3D('',#1706,#1707,#1708);
#1706 = CARTESIAN_POINT('',(-0.330729166667,35.,-9.401435483495));
#1707 = DIRECTION('',(1.302095599916E-02,-1.224542978195E-16,
    -0.999915223759));
#1708 = DIRECTION('',(-0.999915223759,-1.594607208621E-18,
    -1.302095599916E-02));
#1709 = DEFINITIONAL_REPRESENTATION('',(#1710),#1714);
#1710 = LINE('',#1711,#1712);
#1711 = CARTESIAN_POINT('',(-0.,0.));
#1712 = VECTOR('',#1713,1.);
#1713 = DIRECTION('',(1.,-3.887814429525E-35));
#1714 = ( GEOMETRIC_REPRESENTATION_CONTEXT(2) 
PARAMETRIC_REPRESENTATION_CONTEXT() REPRESENTATION_CONTEXT('2D SPACE',''
  ) );
#1715 = ORIENTED_EDGE('',*,*,#1716,.T.);
#1716 = EDGE_CURVE('',#1689,#1717,#1719,.T.);
#1717 = VERTEX_POINT('',#1718);
#1718 = CARTESIAN_POINT('',(-0.9921875,35.,-9.412921299149));
#1719 = SURFACE_CURVE('',#1720,(#1724,#1731),.PCURVE_S1.);
#1720 = LINE('',#1721,#1722);
#1721 = CARTESIAN_POINT('',(-0.661458333333,35.,-9.405742258534));
#1722 = VECTOR('',#1723,1.);
#1723 = DIRECTION('',(-0.99976449269,-2.657678688586E-18,
    -2.170159339359E-02));
#1724 = PCURVE('',#32,#1725);
#1725 = DEFINITIONAL_REPRESENTATION('',(#1726),#1730);
#1726 = LINE('',#1727,#1728);
#1727 = CARTESIAN_POINT('',(-3.426836609012,-0.661458333333));
#1728 = VECTOR('',#1729,1.);
#1729 = DIRECTION('',(-2.170159339359E-02,-0.99976449269));
#1730 = ( GEOMETRIC_REPRESENTATION_CONTEXT(2) 
PARAMETRIC_REPRESENTATION_CONTEXT() REPRESENTATION_CONTEXT('2D SPACE',''
  ) );
#1731 = PCURVE('',#1732,#1737);
#1732 = PLANE('',#1733);
#1733 = AXIS2_PLACEMENT_3D('',#1734,#1735,#1736);
#1734 = CARTESIAN_POINT('',(-0.661458333333,35.,-9.405742258534));
#1735 = DIRECTION('',(2.170159339359E-02,-1.224358385874E-16,
    -0.99976449269));
#1736 = DIRECTION('',(-0.99976449269,-2.657678688586E-18,
    -2.170159339359E-02));
#1737 = DEFINITIONAL_REPRESENTATION('',(#1738),#1742);
#1738 = LINE('',#1739,#1740);
#1739 = CARTESIAN_POINT('',(-0.,0.));
#1740 = VECTOR('',#1741,1.);
#1741 = DIRECTION('',(1.,2.14178436968E-35));
#1742 = ( GEOMETRIC_REPRESENTATION_CONTEXT(2) 
PARAMETRIC_REPRESENTATION_CONTEXT() REPRESENTATION_CONTEXT('2D SPACE',''
  ) );
#1743 = ORIENTED_EDGE('',*,*,#1744,.T.);
#1744 = EDGE_CURVE('',#1717,#1745,#1747,.T.);
#1745 = VERTEX_POINT('',#1746);
#1746 = CARTESIAN_POINT('',(-1.322916666667,35.,-9.42297422995));
#1747 = SURFACE_CURVE('',#1748,(#1752,#1759),.PCURVE_S1.);
#1748 = LINE('',#1749,#1750);
#1749 = CARTESIAN_POINT('',(-0.9921875,35.,-9.412921299149));
#1750 = VECTOR('',#1751,1.);
#1751 = DIRECTION('',(-0.999538353465,-3.720750179887E-18,
    -3.038223088059E-02));
#1752 = PCURVE('',#32,#1753);
#1753 = DEFINITIONAL_REPRESENTATION('',(#1754),#1758);
#1754 = LINE('',#1755,#1756);
#1755 = CARTESIAN_POINT('',(-3.434015649627,-0.9921875));
#1756 = VECTOR('',#1757,1.);
#1757 = DIRECTION('',(-3.038223088059E-02,-0.999538353465));
#1758 = ( GEOMETRIC_REPRESENTATION_CONTEXT(2) 
PARAMETRIC_REPRESENTATION_CONTEXT() REPRESENTATION_CONTEXT('2D SPACE',''
  ) );
#1759 = PCURVE('',#1760,#1765);
#1760 = PLANE('',#1761);
#1761 = AXIS2_PLACEMENT_3D('',#1762,#1763,#1764);
#1762 = CARTESIAN_POINT('',(-0.9921875,35.,-9.412921299149));
#1763 = DIRECTION('',(3.038223088059E-02,-1.224081445195E-16,
    -0.999538353465));
#1764 = DIRECTION('',(-0.999538353465,-3.720750179887E-18,
    -3.038223088059E-02));
#1765 = DEFINITIONAL_REPRESENTATION('',(#1766),#1770);
#1766 = LINE('',#1767,#1768);
#1767 = CARTESIAN_POINT('',(-0.,0.));
#1768 = VECTOR('',#1769,1.);
#1769 = DIRECTION('',(1.,2.932554276897E-34));
#1770 = ( GEOMETRIC_REPRESENTATION_CONTEXT(2) 
PARAMETRIC_REPRESENTATION_CONTEXT() REPRESENTATION_CONTEXT('2D SPACE',''
  ) );
#1771 = ORIENTED_EDGE('',*,*,#1772,.T.);
#1772 = EDGE_CURVE('',#1745,#1773,#1775,.T.);
#1773 = VERTEX_POINT('',#1774);
#1774 = CARTESIAN_POINT('',(-1.653645833333,35.,-9.435903327967));
#1775 = SURFACE_CURVE('',#1776,(#1780,#1787),.PCURVE_S1.);
#1776 = LINE('',#1777,#1778);
#1777 = CARTESIAN_POINT('',(-1.322916666667,35.,-9.42297422995));
#1778 = VECTOR('',#1779,1.);
#1779 = DIRECTION('',(-0.999236754881,-4.783821687086E-18,
    -3.90628684974E-02));
#1780 = PCURVE('',#32,#1781);
#1781 = DEFINITIONAL_REPRESENTATION('',(#1782),#1786);
#1782 = LINE('',#1783,#1784);
#1783 = CARTESIAN_POINT('',(-3.444068580428,-1.322916666667));
#1784 = VECTOR('',#1785,1.);
#1785 = DIRECTION('',(-3.90628684974E-02,-0.999236754881));
#1786 = ( GEOMETRIC_REPRESENTATION_CONTEXT(2) 
PARAMETRIC_REPRESENTATION_CONTEXT() REPRESENTATION_CONTEXT('2D SPACE',''
  ) );
#1787 = PCURVE('',#1788,#1793);
#1788 = PLANE('',#1789);
#1789 = AXIS2_PLACEMENT_3D('',#1790,#1791,#1792);
#1790 = CARTESIAN_POINT('',(-1.322916666667,35.,-9.42297422995));
#1791 = DIRECTION('',(3.90628684974E-02,-1.223712093455E-16,
    -0.999236754881));
#1792 = DIRECTION('',(-0.999236754881,-4.783821687086E-18,
    -3.90628684974E-02));
#1793 = DEFINITIONAL_REPRESENTATION('',(#1794),#1798);
#1794 = LINE('',#1795,#1796);
#1795 = CARTESIAN_POINT('',(-0.,0.));
#1796 = VECTOR('',#1797,1.);
#1797 = DIRECTION('',(1.,-1.241595571092E-34));
#1798 = ( GEOMETRIC_REPRESENTATION_CONTEXT(2) 
PARAMETRIC_REPRESENTATION_CONTEXT() REPRESENTATION_CONTEXT('2D SPACE',''
  ) );
#1799 = ORIENTED_EDGE('',*,*,#1800,.T.);
#1800 = EDGE_CURVE('',#1773,#1801,#1803,.T.);
#1801 = VERTEX_POINT('',#1802);
#1802 = CARTESIAN_POINT('',(-1.984375,35.,-9.451711525229));
#1803 = SURFACE_CURVE('',#1804,(#1808,#1815),.PCURVE_S1.);
#1804 = LINE('',#1805,#1806);
#1805 = CARTESIAN_POINT('',(-1.653645833333,35.,-9.435903327967));
#1806 = VECTOR('',#1807,1.);
#1807 = DIRECTION('',(-0.99885962858,-5.846893214764E-18,
    -4.774350628144E-02));
#1808 = PCURVE('',#32,#1809);
#1809 = DEFINITIONAL_REPRESENTATION('',(#1810),#1814);
#1810 = LINE('',#1811,#1812);
#1811 = CARTESIAN_POINT('',(-3.456997678445,-1.653645833333));
#1812 = VECTOR('',#1813,1.);
#1813 = DIRECTION('',(-4.774350628144E-02,-0.99885962858));
#1814 = ( GEOMETRIC_REPRESENTATION_CONTEXT(2) 
PARAMETRIC_REPRESENTATION_CONTEXT() REPRESENTATION_CONTEXT('2D SPACE',''
  ) );
#1815 = PCURVE('',#1816,#1821);
#1816 = PLANE('',#1817);
#1817 = AXIS2_PLACEMENT_3D('',#1818,#1819,#1820);
#1818 = CARTESIAN_POINT('',(-1.653645833333,35.,-9.435903327967));
#1819 = DIRECTION('',(4.774350628144E-02,-1.223250246939E-16,
    -0.99885962858));
#1820 = DIRECTION('',(-0.99885962858,-5.846893214764E-18,
    -4.774350628144E-02));
#1821 = DEFINITIONAL_REPRESENTATION('',(#1822),#1826);
#1822 = LINE('',#1823,#1824);
#1823 = CARTESIAN_POINT('',(-0.,0.));
#1824 = VECTOR('',#1825,1.);
#1825 = DIRECTION('',(1.,-2.359672505618E-34));
#1826 = ( GEOMETRIC_REPRESENTATION_CONTEXT(2) 
PARAMETRIC_REPRESENTATION_CONTEXT() REPRESENTATION_CONTEXT('2D SPACE',''
  ) );
#1827 = ORIENTED_EDGE('',*,*,#1828,.T.);
#1828 = EDGE_CURVE('',#1801,#1829,#1831,.T.);
#1829 = VERTEX_POINT('',#1830);
#1830 = CARTESIAN_POINT('',(-2.315104166667,35.,-9.470402412102));
#1831 = SURFACE_CURVE('',#1832,(#1836,#1843),.PCURVE_S1.);
#1832 = LINE('',#1833,#1834);
#1833 = CARTESIAN_POINT('',(-1.984375,35.,-9.451711525229));
#1834 = VECTOR('',#1835,1.);
#1835 = DIRECTION('',(-0.99840688897,-6.909964767533E-18,
    -5.642414427036E-02));
#1836 = PCURVE('',#32,#1837);
#1837 = DEFINITIONAL_REPRESENTATION('',(#1838),#1842);
#1838 = LINE('',#1839,#1840);
#1839 = CARTESIAN_POINT('',(-3.472805875707,-1.984375));
#1840 = VECTOR('',#1841,1.);
#1841 = DIRECTION('',(-5.642414427036E-02,-0.99840688897));
#1842 = ( GEOMETRIC_REPRESENTATION_CONTEXT(2) 
PARAMETRIC_REPRESENTATION_CONTEXT() REPRESENTATION_CONTEXT('2D SPACE',''
  ) );
#1843 = PCURVE('',#1844,#1849);
#1844 = PLANE('',#1845);
#1845 = AXIS2_PLACEMENT_3D('',#1846,#1847,#1848);
#1846 = CARTESIAN_POINT('',(-1.984375,35.,-9.451711525229));
#1847 = DIRECTION('',(5.642414427036E-02,-1.222695800824E-16,
    -0.99840688897));
#1848 = DIRECTION('',(-0.99840688897,-6.909964767533E-18,
    -5.642414427036E-02));
#1849 = DEFINITIONAL_REPRESENTATION('',(#1850),#1854);
#1850 = LINE('',#1851,#1852);
#1851 = CARTESIAN_POINT('',(-0.,0.));
#1852 = VECTOR('',#1853,1.);
#1853 = DIRECTION('',(1.,3.262193086261E-34));
#1854 = ( GEOMETRIC_REPRESENTATION_CONTEXT(2) 
PARAMETRIC_REPRESENTATION_CONTEXT() REPRESENTATION_CONTEXT('2D SPACE',''
  ) );
#1855 = ORIENTED_EDGE('',*,*,#1856,.T.);
#1856 = EDGE_CURVE('',#1829,#1857,#1859,.T.);
#1857 = VERTEX_POINT('',#1858);
#1858 = CARTESIAN_POINT('',(-2.645833333333,35.,-9.491980241372));
#1859 = SURFACE_CURVE('',#1860,(#1864,#1871),.PCURVE_S1.);
#1860 = LINE('',#1861,#1862);
#1861 = CARTESIAN_POINT('',(-2.315104166667,35.,-9.470402412102));
#1862 = VECTOR('',#1863,1.);
#1863 = DIRECTION('',(-0.997878433125,-7.973036350048E-18,
    -6.510478250218E-02));
#1864 = PCURVE('',#32,#1865);
#1865 = DEFINITIONAL_REPRESENTATION('',(#1866),#1870);
#1866 = LINE('',#1867,#1868);
#1867 = CARTESIAN_POINT('',(-3.49149676258,-2.315104166667));
#1868 = VECTOR('',#1869,1.);
#1869 = DIRECTION('',(-6.510478250218E-02,-0.997878433125));
#1870 = ( GEOMETRIC_REPRESENTATION_CONTEXT(2) 
PARAMETRIC_REPRESENTATION_CONTEXT() REPRESENTATION_CONTEXT('2D SPACE',''
  ) );
#1871 = PCURVE('',#1872,#1877);
#1872 = PLANE('',#1873);
#1873 = AXIS2_PLACEMENT_3D('',#1874,#1875,#1876);
#1874 = CARTESIAN_POINT('',(-2.315104166667,35.,-9.470402412102));
#1875 = DIRECTION('',(6.510478250218E-02,-1.222048629064E-16,
    -0.997878433125));
#1876 = DIRECTION('',(-0.997878433125,-7.973036350048E-18,
    -6.510478250218E-02));
#1877 = DEFINITIONAL_REPRESENTATION('',(#1878),#1882);
#1878 = LINE('',#1879,#1880);
#1879 = CARTESIAN_POINT('',(-0.,0.));
#1880 = VECTOR('',#1881,1.);
#1881 = DIRECTION('',(1.,-3.952811633844E-35));
#1882 = ( GEOMETRIC_REPRESENTATION_CONTEXT(2) 
PARAMETRIC_REPRESENTATION_CONTEXT() REPRESENTATION_CONTEXT('2D SPACE',''
  ) );
#1883 = ORIENTED_EDGE('',*,*,#1884,.T.);
#1884 = EDGE_CURVE('',#1857,#1885,#1887,.T.);
#1885 = VERTEX_POINT('',#1886);
#1886 = CARTESIAN_POINT('',(-2.9765625,35.,-9.516449933115));
#1887 = SURFACE_CURVE('',#1888,(#1892,#1899),.PCURVE_S1.);
#1888 = LINE('',#1889,#1890);
#1889 = CARTESIAN_POINT('',(-2.645833333333,35.,-9.491980241372));
#1890 = VECTOR('',#1891,1.);
#1891 = DIRECTION('',(-0.997274140668,-9.036107967005E-18,
    -7.378542101524E-02));
#1892 = PCURVE('',#32,#1893);
#1893 = DEFINITIONAL_REPRESENTATION('',(#1894),#1898);
#1894 = LINE('',#1895,#1896);
#1895 = CARTESIAN_POINT('',(-3.51307459185,-2.645833333333));
#1896 = VECTOR('',#1897,1.);
#1897 = DIRECTION('',(-7.378542101524E-02,-0.997274140668));
#1898 = ( GEOMETRIC_REPRESENTATION_CONTEXT(2) 
PARAMETRIC_REPRESENTATION_CONTEXT() REPRESENTATION_CONTEXT('2D SPACE',''
  ) );
#1899 = PCURVE('',#1900,#1905);
#1900 = PLANE('',#1901);
#1901 = AXIS2_PLACEMENT_3D('',#1902,#1903,#1904);
#1902 = CARTESIAN_POINT('',(-2.645833333333,35.,-9.491980241372));
#1903 = DIRECTION('',(7.378542101524E-02,-1.221308584242E-16,
    -0.997274140668));
#1904 = DIRECTION('',(-0.997274140668,-9.036107967005E-18,
    -7.378542101524E-02));
#1905 = DEFINITIONAL_REPRESENTATION('',(#1906),#1910);
#1906 = LINE('',#1907,#1908);
#1907 = CARTESIAN_POINT('',(-0.,0.));
#1908 = VECTOR('',#1909,1.);
#1909 = DIRECTION('',(1.,-5.880068297982E-34));
#1910 = ( GEOMETRIC_REPRESENTATION_CONTEXT(2) 
PARAMETRIC_REPRESENTATION_CONTEXT() REPRESENTATION_CONTEXT('2D SPACE',''
  ) );
#1911 = ORIENTED_EDGE('',*,*,#1912,.T.);
#1912 = EDGE_CURVE('',#1885,#1913,#1915,.T.);
#1913 = VERTEX_POINT('',#1914);
#1914 = CARTESIAN_POINT('',(-3.307291666667,35.,-9.543817080328));
#1915 = SURFACE_CURVE('',#1916,(#1920,#1927),.PCURVE_S1.);
#1916 = LINE('',#1917,#1918);
#1917 = CARTESIAN_POINT('',(-2.9765625,35.,-9.516449933115));
#1918 = VECTOR('',#1919,1.);
#1919 = DIRECTION('',(-0.996593873638,-1.009917962316E-17,
    -8.246605984834E-02));
#1920 = PCURVE('',#32,#1921);
#1921 = DEFINITIONAL_REPRESENTATION('',(#1922),#1926);
#1922 = LINE('',#1923,#1924);
#1923 = CARTESIAN_POINT('',(-3.537544283593,-2.9765625));
#1924 = VECTOR('',#1925,1.);
#1925 = DIRECTION('',(-8.246605984834E-02,-0.996593873638));
#1926 = ( GEOMETRIC_REPRESENTATION_CONTEXT(2) 
PARAMETRIC_REPRESENTATION_CONTEXT() REPRESENTATION_CONTEXT('2D SPACE',''
  ) );
#1927 = PCURVE('',#1928,#1933);
#1928 = PLANE('',#1929);
#1929 = AXIS2_PLACEMENT_3D('',#1930,#1931,#1932);
#1930 = CARTESIAN_POINT('',(-2.9765625,35.,-9.516449933115));
#1931 = DIRECTION('',(8.246605984834E-02,-1.220475497401E-16,
    -0.996593873638));
#1932 = DIRECTION('',(-0.996593873638,-1.009917962316E-17,
    -8.246605984834E-02));
#1933 = DEFINITIONAL_REPRESENTATION('',(#1934),#1938);
#1934 = LINE('',#1935,#1936);
#1935 = CARTESIAN_POINT('',(-0.,0.));
#1936 = VECTOR('',#1937,1.);
#1937 = DIRECTION('',(1.,-4.800211099784E-35));
#1938 = ( GEOMETRIC_REPRESENTATION_CONTEXT(2) 
PARAMETRIC_REPRESENTATION_CONTEXT() REPRESENTATION_CONTEXT('2D SPACE',''
  ) );
#1939 = ORIENTED_EDGE('',*,*,#1940,.T.);
#1940 = EDGE_CURVE('',#1913,#1941,#1943,.T.);
#1941 = VERTEX_POINT('',#1942);
#1942 = CARTESIAN_POINT('',(-3.638020833333,35.,-9.57408795538));
#1943 = SURFACE_CURVE('',#1944,(#1948,#1955),.PCURVE_S1.);
#1944 = LINE('',#1945,#1946);
#1945 = CARTESIAN_POINT('',(-3.307291666667,35.,-9.543817080328));
#1946 = VECTOR('',#1947,1.);
#1947 = DIRECTION('',(-0.995837476325,-1.116225132331E-17,
    -9.114669904073E-02));
#1948 = PCURVE('',#32,#1949);
#1949 = DEFINITIONAL_REPRESENTATION('',(#1950),#1954);
#1950 = LINE('',#1951,#1952);
#1951 = CARTESIAN_POINT('',(-3.564911430806,-3.307291666667));
#1952 = VECTOR('',#1953,1.);
#1953 = DIRECTION('',(-9.114669904073E-02,-0.995837476325));
#1954 = ( GEOMETRIC_REPRESENTATION_CONTEXT(2) 
PARAMETRIC_REPRESENTATION_CONTEXT() REPRESENTATION_CONTEXT('2D SPACE',''
  ) );
#1955 = PCURVE('',#1956,#1961);
#1956 = PLANE('',#1957);
#1957 = AXIS2_PLACEMENT_3D('',#1958,#1959,#1960);
#1958 = CARTESIAN_POINT('',(-3.307291666667,35.,-9.543817080328));
#1959 = DIRECTION('',(9.114669904073E-02,-1.219549177853E-16,
    -0.995837476325));
#1960 = DIRECTION('',(-0.995837476325,-1.116225132331E-17,
    -9.114669904073E-02));
#1961 = DEFINITIONAL_REPRESENTATION('',(#1962),#1966);
#1962 = LINE('',#1963,#1964);
#1963 = CARTESIAN_POINT('',(-0.,0.));
#1964 = VECTOR('',#1965,1.);
#1965 = DIRECTION('',(1.,1.869648607164E-34));
#1966 = ( GEOMETRIC_REPRESENTATION_CONTEXT(2) 
PARAMETRIC_REPRESENTATION_CONTEXT() REPRESENTATION_CONTEXT('2D SPACE',''
  ) );
#1967 = ORIENTED_EDGE('',*,*,#1968,.T.);
#1968 = EDGE_CURVE('',#1941,#1969,#1971,.T.);
#1969 = VERTEX_POINT('',#1970);
#1970 = CARTESIAN_POINT('',(-3.96875,35.,-9.607269517261));
#1971 = SURFACE_CURVE('',#1972,(#1976,#1983),.PCURVE_S1.);
#1972 = LINE('',#1973,#1974);
#1973 = CARTESIAN_POINT('',(-3.638020833333,35.,-9.57408795538));
#1974 = VECTOR('',#1975,1.);
#1975 = DIRECTION('',(-0.995004775095,-1.222532307234E-17,
    -9.982733863228E-02));
#1976 = PCURVE('',#32,#1977);
#1977 = DEFINITIONAL_REPRESENTATION('',(#1978),#1982);
#1978 = LINE('',#1979,#1980);
#1979 = CARTESIAN_POINT('',(-3.595182305858,-3.638020833333));
#1980 = VECTOR('',#1981,1.);
#1981 = DIRECTION('',(-9.982733863228E-02,-0.995004775095));
#1982 = ( GEOMETRIC_REPRESENTATION_CONTEXT(2) 
PARAMETRIC_REPRESENTATION_CONTEXT() REPRESENTATION_CONTEXT('2D SPACE',''
  ) );
#1983 = PCURVE('',#1984,#1989);
#1984 = PLANE('',#1985);
#1985 = AXIS2_PLACEMENT_3D('',#1986,#1987,#1988);
#1986 = CARTESIAN_POINT('',(-3.638020833333,35.,-9.57408795538));
#1987 = DIRECTION('',(9.982733863228E-02,-1.218529412956E-16,
    -0.995004775095));
#1988 = DIRECTION('',(-0.995004775095,-1.222532307234E-17,
    -9.982733863228E-02));
#1989 = DEFINITIONAL_REPRESENTATION('',(#1990),#1994);
#1990 = LINE('',#1991,#1992);
#1991 = CARTESIAN_POINT('',(-0.,0.));
#1992 = VECTOR('',#1993,1.);
#1993 = DIRECTION('',(1.,-3.30636079116E-34));
#1994 = ( GEOMETRIC_REPRESENTATION_CONTEXT(2) 
PARAMETRIC_REPRESENTATION_CONTEXT() REPRESENTATION_CONTEXT('2D SPACE',''
  ) );
#1995 = ORIENTED_EDGE('',*,*,#1996,.T.);
#1996 = EDGE_CURVE('',#1969,#1997,#1999,.T.);
#1997 = VERTEX_POINT('',#1998);
#1998 = CARTESIAN_POINT('',(-4.299479166667,35.,-9.643369419672));
#1999 = SURFACE_CURVE('',#2000,(#2004,#2011),.PCURVE_S1.);
#2000 = LINE('',#2001,#2002);
#2001 = CARTESIAN_POINT('',(-3.96875,35.,-9.607269517261));
#2002 = VECTOR('',#2003,1.);
#2003 = DIRECTION('',(-0.994095578185,-1.328839487522E-17,
    -0.108507978663));
#2004 = PCURVE('',#32,#2005);
#2005 = DEFINITIONAL_REPRESENTATION('',(#2006),#2010);
#2006 = LINE('',#2007,#2008);
#2007 = CARTESIAN_POINT('',(-3.628363867739,-3.96875));
#2008 = VECTOR('',#2009,1.);
#2009 = DIRECTION('',(-0.108507978663,-0.994095578185));
#2010 = ( GEOMETRIC_REPRESENTATION_CONTEXT(2) 
PARAMETRIC_REPRESENTATION_CONTEXT() REPRESENTATION_CONTEXT('2D SPACE',''
  ) );
#2011 = PCURVE('',#2012,#2017);
#2012 = PLANE('',#2013);
#2013 = AXIS2_PLACEMENT_3D('',#2014,#2015,#2016);
#2014 = CARTESIAN_POINT('',(-3.96875,35.,-9.607269517261));
#2015 = DIRECTION('',(0.108507978663,-1.21741596787E-16,-0.994095578185)
  );
#2016 = DIRECTION('',(-0.994095578185,-1.328839487522E-17,
    -0.108507978663));
#2017 = DEFINITIONAL_REPRESENTATION('',(#2018),#2022);
#2018 = LINE('',#2019,#2020);
#2019 = CARTESIAN_POINT('',(-0.,0.));
#2020 = VECTOR('',#2021,1.);
#2021 = DIRECTION('',(1.,-3.00671515856E-34));
#2022 = ( GEOMETRIC_REPRESENTATION_CONTEXT(2) 
PARAMETRIC_REPRESENTATION_CONTEXT() REPRESENTATION_CONTEXT('2D SPACE',''
  ) );
#2023 = ORIENTED_EDGE('',*,*,#2024,.T.);
#2024 = EDGE_CURVE('',#1997,#2025,#2027,.T.);
#2025 = VERTEX_POINT('',#2026);
#2026 = CARTESIAN_POINT('',(-4.630208333333,35.,-9.682396019976));
#2027 = SURFACE_CURVE('',#2028,(#2032,#2039),.PCURVE_S1.);
#2028 = LINE('',#2029,#2030);
#2029 = CARTESIAN_POINT('',(-4.299479166667,35.,-9.643369419672));
#2030 = VECTOR('',#2031,1.);
#2031 = DIRECTION('',(-0.993109675482,-1.435146673696E-17,
    -0.117188619175));
#2032 = PCURVE('',#32,#2033);
#2033 = DEFINITIONAL_REPRESENTATION('',(#2034),#2038);
#2034 = LINE('',#2035,#2036);
#2035 = CARTESIAN_POINT('',(-3.66446377015,-4.299479166667));
#2036 = VECTOR('',#2037,1.);
#2037 = DIRECTION('',(-0.117188619175,-0.993109675482));
#2038 = ( GEOMETRIC_REPRESENTATION_CONTEXT(2) 
PARAMETRIC_REPRESENTATION_CONTEXT() REPRESENTATION_CONTEXT('2D SPACE',''
  ) );
#2039 = PCURVE('',#2040,#2045);
#2040 = PLANE('',#2041);
#2041 = AXIS2_PLACEMENT_3D('',#2042,#2043,#2044);
#2042 = CARTESIAN_POINT('',(-4.299479166667,35.,-9.643369419672));
#2043 = DIRECTION('',(0.117188619175,-1.216208585281E-16,-0.993109675482
    ));
#2044 = DIRECTION('',(-0.993109675482,-1.435146673696E-17,
    -0.117188619175));
#2045 = DEFINITIONAL_REPRESENTATION('',(#2046),#2050);
#2046 = LINE('',#2047,#2048);
#2047 = CARTESIAN_POINT('',(-0.,0.));
#2048 = VECTOR('',#2049,1.);
#2049 = DIRECTION('',(1.,6.140817958275E-34));
#2050 = ( GEOMETRIC_REPRESENTATION_CONTEXT(2) 
PARAMETRIC_REPRESENTATION_CONTEXT() REPRESENTATION_CONTEXT('2D SPACE',''
  ) );
#2051 = ORIENTED_EDGE('',*,*,#2052,.T.);
#2052 = EDGE_CURVE('',#2025,#2053,#2055,.T.);
#2053 = VERTEX_POINT('',#2054);
#2054 = CARTESIAN_POINT('',(-4.9609375,35.,-9.724358389021));
#2055 = SURFACE_CURVE('',#2056,(#2060,#2067),.PCURVE_S1.);
#2056 = LINE('',#2057,#2058);
#2057 = CARTESIAN_POINT('',(-4.630208333333,35.,-9.682396019976));
#2058 = VECTOR('',#2059,1.);
#2059 = DIRECTION('',(-0.992046838276,-1.541453866271E-17,-0.12586926021
    ));
#2060 = PCURVE('',#32,#2061);
#2061 = DEFINITIONAL_REPRESENTATION('',(#2062),#2066);
#2062 = LINE('',#2063,#2064);
#2063 = CARTESIAN_POINT('',(-3.703490370454,-4.630208333333));
#2064 = VECTOR('',#2065,1.);
#2065 = DIRECTION('',(-0.12586926021,-0.992046838276));
#2066 = ( GEOMETRIC_REPRESENTATION_CONTEXT(2) 
PARAMETRIC_REPRESENTATION_CONTEXT() REPRESENTATION_CONTEXT('2D SPACE',''
  ) );
#2067 = PCURVE('',#2068,#2073);
#2068 = PLANE('',#2069);
#2069 = AXIS2_PLACEMENT_3D('',#2070,#2071,#2072);
#2070 = CARTESIAN_POINT('',(-4.630208333333,35.,-9.682396019976));
#2071 = DIRECTION('',(0.12586926021,-1.214906985099E-16,-0.992046838276)
  );
#2072 = DIRECTION('',(-0.992046838276,-1.541453866271E-17,-0.12586926021
    ));
#2073 = DEFINITIONAL_REPRESENTATION('',(#2074),#2078);
#2074 = LINE('',#2075,#2076);
#2075 = CARTESIAN_POINT('',(-0.,0.));
#2076 = VECTOR('',#2077,1.);
#2077 = DIRECTION('',(1.,8.183447410875E-34));
#2078 = ( GEOMETRIC_REPRESENTATION_CONTEXT(2) 
PARAMETRIC_REPRESENTATION_CONTEXT() REPRESENTATION_CONTEXT('2D SPACE',''
  ) );
#2079 = ORIENTED_EDGE('',*,*,#2080,.T.);
#2080 = EDGE_CURVE('',#2053,#2081,#2083,.T.);
#2081 = VERTEX_POINT('',#2082);
#2082 = CARTESIAN_POINT('',(-5.291666666667,35.,-9.769266321884));
#2083 = SURFACE_CURVE('',#2084,(#2088,#2095),.PCURVE_S1.);
#2084 = LINE('',#2085,#2086);
#2085 = CARTESIAN_POINT('',(-4.9609375,35.,-9.724358389021));
#2086 = VECTOR('',#2087,1.);
#2087 = DIRECTION('',(-0.990906818991,-1.64776106577E-17,-0.13454990181)
  );
#2088 = PCURVE('',#32,#2089);
#2089 = DEFINITIONAL_REPRESENTATION('',(#2090),#2094);
#2090 = LINE('',#2091,#2092);
#2091 = CARTESIAN_POINT('',(-3.745452739499,-4.9609375));
#2092 = VECTOR('',#2093,1.);
#2093 = DIRECTION('',(-0.13454990181,-0.990906818991));
#2094 = ( GEOMETRIC_REPRESENTATION_CONTEXT(2) 
PARAMETRIC_REPRESENTATION_CONTEXT() REPRESENTATION_CONTEXT('2D SPACE',''
  ) );
#2095 = PCURVE('',#2096,#2101);
#2096 = PLANE('',#2097);
#2097 = AXIS2_PLACEMENT_3D('',#2098,#2099,#2100);
#2098 = CARTESIAN_POINT('',(-4.9609375,35.,-9.724358389021));
#2099 = DIRECTION('',(0.13454990181,-1.213510864131E-16,-0.990906818991)
  );
#2100 = DIRECTION('',(-0.990906818991,-1.64776106577E-17,-0.13454990181)
  );
#2101 = DEFINITIONAL_REPRESENTATION('',(#2102),#2106);
#2102 = LINE('',#2103,#2104);
#2103 = CARTESIAN_POINT('',(-0.,0.));
#2104 = VECTOR('',#2105,1.);
#2105 = DIRECTION('',(1.,-3.834026520117E-34));
#2106 = ( GEOMETRIC_REPRESENTATION_CONTEXT(2) 
PARAMETRIC_REPRESENTATION_CONTEXT() REPRESENTATION_CONTEXT('2D SPACE',''
  ) );
#2107 = ORIENTED_EDGE('',*,*,#2108,.T.);
#2108 = EDGE_CURVE('',#2081,#2109,#2111,.T.);
#2109 = VERTEX_POINT('',#2110);
#2110 = CARTESIAN_POINT('',(-5.622395833333,35.,-9.817130349543));
#2111 = SURFACE_CURVE('',#2112,(#2116,#2123),.PCURVE_S1.);
#2112 = LINE('',#2113,#2114);
#2113 = CARTESIAN_POINT('',(-5.291666666667,35.,-9.769266321884));
#2114 = VECTOR('',#2115,1.);
#2115 = DIRECTION('',(-0.989689350887,-1.754068272728E-17,
    -0.143230544019));
#2116 = PCURVE('',#32,#2117);
#2117 = DEFINITIONAL_REPRESENTATION('',(#2118),#2122);
#2118 = LINE('',#2119,#2120);
#2119 = CARTESIAN_POINT('',(-3.790360672362,-5.291666666667));
#2120 = VECTOR('',#2121,1.);
#2121 = DIRECTION('',(-0.143230544019,-0.989689350887));
#2122 = ( GEOMETRIC_REPRESENTATION_CONTEXT(2) 
PARAMETRIC_REPRESENTATION_CONTEXT() REPRESENTATION_CONTEXT('2D SPACE',''
  ) );
#2123 = PCURVE('',#2124,#2129);
#2124 = PLANE('',#2125);
#2125 = AXIS2_PLACEMENT_3D('',#2126,#2127,#2128);
#2126 = CARTESIAN_POINT('',(-5.291666666667,35.,-9.769266321884));
#2127 = DIRECTION('',(0.143230544019,-1.212019895715E-16,-0.989689350887
    ));
#2128 = DIRECTION('',(-0.989689350887,-1.754068272728E-17,
    -0.143230544019));
#2129 = DEFINITIONAL_REPRESENTATION('',(#2130),#2134);
#2130 = LINE('',#2131,#2132);
#2131 = CARTESIAN_POINT('',(-0.,0.));
#2132 = VECTOR('',#2133,1.);
#2133 = DIRECTION('',(1.,3.398154049595E-34));
#2134 = ( GEOMETRIC_REPRESENTATION_CONTEXT(2) 
PARAMETRIC_REPRESENTATION_CONTEXT() REPRESENTATION_CONTEXT('2D SPACE',''
  ) );
#2135 = ORIENTED_EDGE('',*,*,#2136,.T.);
#2136 = EDGE_CURVE('',#2109,#2137,#2139,.T.);
#2137 = VERTEX_POINT('',#2138);
#2138 = CARTESIAN_POINT('',(-5.953125,35.,-9.867961751529));
#2139 = SURFACE_CURVE('',#2140,(#2144,#2151),.PCURVE_S1.);
#2140 = LINE('',#2141,#2142);
#2141 = CARTESIAN_POINT('',(-5.622395833333,35.,-9.817130349543));
#2142 = VECTOR('',#2143,1.);
#2143 = DIRECTION('',(-0.988394147747,-1.86037548769E-17,-0.151911186881
    ));
#2144 = PCURVE('',#32,#2145);
#2145 = DEFINITIONAL_REPRESENTATION('',(#2146),#2150);
#2146 = LINE('',#2147,#2148);
#2147 = CARTESIAN_POINT('',(-3.838224700021,-5.622395833333));
#2148 = VECTOR('',#2149,1.);
#2149 = DIRECTION('',(-0.151911186881,-0.988394147747));
#2150 = ( GEOMETRIC_REPRESENTATION_CONTEXT(2) 
PARAMETRIC_REPRESENTATION_CONTEXT() REPRESENTATION_CONTEXT('2D SPACE',''
  ) );
#2151 = PCURVE('',#2152,#2157);
#2152 = PLANE('',#2153);
#2153 = AXIS2_PLACEMENT_3D('',#2154,#2155,#2156);
#2154 = CARTESIAN_POINT('',(-5.622395833333,35.,-9.817130349543));
#2155 = DIRECTION('',(0.151911186881,-1.210433729334E-16,-0.988394147747
    ));
#2156 = DIRECTION('',(-0.988394147747,-1.86037548769E-17,-0.151911186881
    ));
#2157 = DEFINITIONAL_REPRESENTATION('',(#2158),#2162);
#2158 = LINE('',#2159,#2160);
#2159 = CARTESIAN_POINT('',(-0.,0.));
#2160 = VECTOR('',#2161,1.);
#2161 = DIRECTION('',(1.,-1.414217411743E-33));
#2162 = ( GEOMETRIC_REPRESENTATION_CONTEXT(2) 
PARAMETRIC_REPRESENTATION_CONTEXT() REPRESENTATION_CONTEXT('2D SPACE',''
  ) );
#2163 = ORIENTED_EDGE('',*,*,#2164,.T.);
#2164 = EDGE_CURVE('',#2137,#2165,#2167,.T.);
#2165 = VERTEX_POINT('',#2166);
#2166 = CARTESIAN_POINT('',(-6.283854166667,35.,-9.921772569584));
#2167 = SURFACE_CURVE('',#2168,(#2172,#2179),.PCURVE_S1.);
#2168 = LINE('',#2169,#2170);
#2169 = CARTESIAN_POINT('',(-5.953125,35.,-9.867961751529));
#2170 = VECTOR('',#2171,1.);
#2171 = DIRECTION('',(-0.987020903525,-1.966682711216E-17,
    -0.160591830443));
#2172 = PCURVE('',#32,#2173);
#2173 = DEFINITIONAL_REPRESENTATION('',(#2174),#2178);
#2174 = LINE('',#2175,#2176);
#2175 = CARTESIAN_POINT('',(-3.889056102007,-5.953125));
#2176 = VECTOR('',#2177,1.);
#2177 = DIRECTION('',(-0.160591830443,-0.987020903525));
#2178 = ( GEOMETRIC_REPRESENTATION_CONTEXT(2) 
PARAMETRIC_REPRESENTATION_CONTEXT() REPRESENTATION_CONTEXT('2D SPACE',''
  ) );
#2179 = PCURVE('',#2180,#2185);
#2180 = PLANE('',#2181);
#2181 = AXIS2_PLACEMENT_3D('',#2182,#2183,#2184);
#2182 = CARTESIAN_POINT('',(-5.953125,35.,-9.867961751529));
#2183 = DIRECTION('',(0.160591830443,-1.208751990193E-16,-0.987020903525
    ));
#2184 = DIRECTION('',(-0.987020903525,-1.966682711216E-17,
    -0.160591830443));
#2185 = DEFINITIONAL_REPRESENTATION('',(#2186),#2190);
#2186 = LINE('',#2187,#2188);
#2187 = CARTESIAN_POINT('',(-0.,0.));
#2188 = VECTOR('',#2189,1.);
#2189 = DIRECTION('',(1.,5.151775311138E-35));
#2190 = ( GEOMETRIC_REPRESENTATION_CONTEXT(2) 
PARAMETRIC_REPRESENTATION_CONTEXT() REPRESENTATION_CONTEXT('2D SPACE',''
  ) );
#2191 = ORIENTED_EDGE('',*,*,#2192,.T.);
#2192 = EDGE_CURVE('',#2165,#2193,#2195,.T.);
#2193 = VERTEX_POINT('',#2194);
#2194 = CARTESIAN_POINT('',(-6.614583333333,35.,-9.978575622368));
#2195 = SURFACE_CURVE('',#2196,(#2200,#2207),.PCURVE_S1.);
#2196 = LINE('',#2197,#2198);
#2197 = CARTESIAN_POINT('',(-6.283854166667,35.,-9.921772569584));
#2198 = VECTOR('',#2199,1.);
#2199 = DIRECTION('',(-0.985569291979,-2.072989943879E-17,
    -0.169272474751));
#2200 = PCURVE('',#32,#2201);
#2201 = DEFINITIONAL_REPRESENTATION('',(#2202),#2206);
#2202 = LINE('',#2203,#2204);
#2203 = CARTESIAN_POINT('',(-3.942866920062,-6.283854166667));
#2204 = VECTOR('',#2205,1.);
#2205 = DIRECTION('',(-0.169272474751,-0.985569291979));
#2206 = ( GEOMETRIC_REPRESENTATION_CONTEXT(2) 
PARAMETRIC_REPRESENTATION_CONTEXT() REPRESENTATION_CONTEXT('2D SPACE',''
  ) );
#2207 = PCURVE('',#2208,#2213);
#2208 = PLANE('',#2209);
#2209 = AXIS2_PLACEMENT_3D('',#2210,#2211,#2212);
#2210 = CARTESIAN_POINT('',(-6.283854166667,35.,-9.921772569584));
#2211 = DIRECTION('',(0.169272474751,-1.20697427876E-16,-0.985569291979)
  );
#2212 = DIRECTION('',(-0.985569291979,-2.072989943879E-17,
    -0.169272474751));
#2213 = DEFINITIONAL_REPRESENTATION('',(#2214),#2218);
#2214 = LINE('',#2215,#2216);
#2215 = CARTESIAN_POINT('',(-0.,0.));
#2216 = VECTOR('',#2217,1.);
#2217 = DIRECTION('',(1.,1.108596141099E-33));
#2218 = ( GEOMETRIC_REPRESENTATION_CONTEXT(2) 
PARAMETRIC_REPRESENTATION_CONTEXT() REPRESENTATION_CONTEXT('2D SPACE',''
  ) );
#2219 = ORIENTED_EDGE('',*,*,#2220,.T.);
#2220 = EDGE_CURVE('',#2193,#2221,#2223,.T.);
#2221 = VERTEX_POINT('',#2222);
#2222 = CARTESIAN_POINT('',(-6.9453125,35.,-10.03838452125));
#2223 = SURFACE_CURVE('',#2224,(#2228,#2235),.PCURVE_S1.);
#2224 = LINE('',#2225,#2226);
#2225 = CARTESIAN_POINT('',(-6.614583333333,35.,-9.978575622368));
#2226 = VECTOR('',#2227,1.);
#2227 = DIRECTION('',(-0.984038966268,-2.179297186268E-17,
    -0.177953119853));
#2228 = PCURVE('',#32,#2229);
#2229 = DEFINITIONAL_REPRESENTATION('',(#2230),#2234);
#2230 = LINE('',#2231,#2232);
#2231 = CARTESIAN_POINT('',(-3.999669972846,-6.614583333333));
#2232 = VECTOR('',#2233,1.);
#2233 = DIRECTION('',(-0.177953119853,-0.984038966268));
#2234 = ( GEOMETRIC_REPRESENTATION_CONTEXT(2) 
PARAMETRIC_REPRESENTATION_CONTEXT() REPRESENTATION_CONTEXT('2D SPACE',''
  ) );
#2235 = PCURVE('',#2236,#2241);
#2236 = PLANE('',#2237);
#2237 = AXIS2_PLACEMENT_3D('',#2238,#2239,#2240);
#2238 = CARTESIAN_POINT('',(-6.614583333333,35.,-9.978575622368));
#2239 = DIRECTION('',(0.177953119853,-1.205100170277E-16,-0.984038966268
    ));
#2240 = DIRECTION('',(-0.984038966268,-2.179297186268E-17,
    -0.177953119853));
#2241 = DEFINITIONAL_REPRESENTATION('',(#2242),#2246);
#2242 = LINE('',#2243,#2244);
#2243 = CARTESIAN_POINT('',(-0.,0.));
#2244 = VECTOR('',#2245,1.);
#2245 = DIRECTION('',(1.,-6.723835926823E-34));
#2246 = ( GEOMETRIC_REPRESENTATION_CONTEXT(2) 
PARAMETRIC_REPRESENTATION_CONTEXT() REPRESENTATION_CONTEXT('2D SPACE',''
  ) );
#2247 = ORIENTED_EDGE('',*,*,#2248,.T.);
#2248 = EDGE_CURVE('',#2221,#2249,#2251,.T.);
#2249 = VERTEX_POINT('',#2250);
#2250 = CARTESIAN_POINT('',(-7.276041666667,35.,-10.10121368727));
#2251 = SURFACE_CURVE('',#2252,(#2256,#2263),.PCURVE_S1.);
#2252 = LINE('',#2253,#2254);
#2253 = CARTESIAN_POINT('',(-6.9453125,35.,-10.03838452125));
#2254 = VECTOR('',#2255,1.);
#2255 = DIRECTION('',(-0.982429558525,-2.285604438989E-17,
    -0.186633765799));
#2256 = PCURVE('',#32,#2257);
#2257 = DEFINITIONAL_REPRESENTATION('',(#2258),#2262);
#2258 = LINE('',#2259,#2260);
#2259 = CARTESIAN_POINT('',(-4.059478871733,-6.9453125));
#2260 = VECTOR('',#2261,1.);
#2261 = DIRECTION('',(-0.186633765799,-0.982429558525));
#2262 = ( GEOMETRIC_REPRESENTATION_CONTEXT(2) 
PARAMETRIC_REPRESENTATION_CONTEXT() REPRESENTATION_CONTEXT('2D SPACE',''
  ) );
#2263 = PCURVE('',#2264,#2269);
#2264 = PLANE('',#2265);
#2265 = AXIS2_PLACEMENT_3D('',#2266,#2267,#2268);
#2266 = CARTESIAN_POINT('',(-6.9453125,35.,-10.03838452125));
#2267 = DIRECTION('',(0.186633765799,-1.203129214235E-16,-0.982429558525
    ));
#2268 = DIRECTION('',(-0.982429558525,-2.285604438989E-17,
    -0.186633765799));
#2269 = DEFINITIONAL_REPRESENTATION('',(#2270),#2274);
#2270 = LINE('',#2271,#2272);
#2271 = CARTESIAN_POINT('',(-0.,0.));
#2272 = VECTOR('',#2273,1.);
#2273 = DIRECTION('',(1.,3.953957752668E-34));
#2274 = ( GEOMETRIC_REPRESENTATION_CONTEXT(2) 
PARAMETRIC_REPRESENTATION_CONTEXT() REPRESENTATION_CONTEXT('2D SPACE',''
  ) );
#2275 = ORIENTED_EDGE('',*,*,#2276,.T.);
#2276 = EDGE_CURVE('',#2249,#2277,#2279,.T.);
#2277 = VERTEX_POINT('',#2278);
#2278 = CARTESIAN_POINT('',(-7.606770833333,35.,-10.16707836923));
#2279 = SURFACE_CURVE('',#2280,(#2284,#2291),.PCURVE_S1.);
#2280 = LINE('',#2281,#2282);
#2281 = CARTESIAN_POINT('',(-7.276041666667,35.,-10.10121368727));
#2282 = VECTOR('',#2283,1.);
#2283 = DIRECTION('',(-0.980740679393,-2.391911702662E-17,
    -0.195314412639));
#2284 = PCURVE('',#32,#2285);
#2285 = DEFINITIONAL_REPRESENTATION('',(#2286),#2290);
#2286 = LINE('',#2287,#2288);
#2287 = CARTESIAN_POINT('',(-4.122308037752,-7.276041666667));
#2288 = VECTOR('',#2289,1.);
#2289 = DIRECTION('',(-0.195314412639,-0.980740679393));
#2290 = ( GEOMETRIC_REPRESENTATION_CONTEXT(2) 
PARAMETRIC_REPRESENTATION_CONTEXT() REPRESENTATION_CONTEXT('2D SPACE',''
  ) );
#2291 = PCURVE('',#2292,#2297);
#2292 = PLANE('',#2293);
#2293 = AXIS2_PLACEMENT_3D('',#2294,#2295,#2296);
#2294 = CARTESIAN_POINT('',(-7.276041666667,35.,-10.10121368727));
#2295 = DIRECTION('',(0.195314412639,-1.201060933812E-16,-0.980740679393
    ));
#2296 = DIRECTION('',(-0.980740679393,-2.391911702662E-17,
    -0.195314412639));
#2297 = DEFINITIONAL_REPRESENTATION('',(#2298),#2302);
#2298 = LINE('',#2299,#2300);
#2299 = CARTESIAN_POINT('',(-0.,0.));
#2300 = VECTOR('',#2301,1.);
#2301 = DIRECTION('',(1.,-4.911372972179E-34));
#2302 = ( GEOMETRIC_REPRESENTATION_CONTEXT(2) 
PARAMETRIC_REPRESENTATION_CONTEXT() REPRESENTATION_CONTEXT('2D SPACE',''
  ) );
#2303 = ORIENTED_EDGE('',*,*,#2304,.T.);
#2304 = EDGE_CURVE('',#2277,#2305,#2307,.T.);
#2305 = VERTEX_POINT('',#2306);
#2306 = CARTESIAN_POINT('',(-7.9375,35.,-10.23599466308));
#2307 = SURFACE_CURVE('',#2308,(#2312,#2319),.PCURVE_S1.);
#2308 = LINE('',#2309,#2310);
#2309 = CARTESIAN_POINT('',(-7.606770833333,35.,-10.16707836923));
#2310 = VECTOR('',#2311,1.);
#2311 = DIRECTION('',(-0.978971917535,-2.498218977929E-17,
    -0.203995060426));
#2312 = PCURVE('',#32,#2313);
#2313 = DEFINITIONAL_REPRESENTATION('',(#2314),#2318);
#2314 = LINE('',#2315,#2316);
#2315 = CARTESIAN_POINT('',(-4.188172719709,-7.606770833333));
#2316 = VECTOR('',#2317,1.);
#2317 = DIRECTION('',(-0.203995060426,-0.978971917535));
#2318 = ( GEOMETRIC_REPRESENTATION_CONTEXT(2) 
PARAMETRIC_REPRESENTATION_CONTEXT() REPRESENTATION_CONTEXT('2D SPACE',''
  ) );
#2319 = PCURVE('',#2320,#2325);
#2320 = PLANE('',#2321);
#2321 = AXIS2_PLACEMENT_3D('',#2322,#2323,#2324);
#2322 = CARTESIAN_POINT('',(-7.606770833333,35.,-10.16707836923));
#2323 = DIRECTION('',(0.203995060426,-1.198894825264E-16,-0.978971917535
    ));
#2324 = DIRECTION('',(-0.978971917535,-2.498218977929E-17,
    -0.203995060426));
#2325 = DEFINITIONAL_REPRESENTATION('',(#2326),#2330);
#2326 = LINE('',#2327,#2328);
#2327 = CARTESIAN_POINT('',(-0.,0.));
#2328 = VECTOR('',#2329,1.);
#2329 = DIRECTION('',(1.,1.734654915529E-34));
#2330 = ( GEOMETRIC_REPRESENTATION_CONTEXT(2) 
PARAMETRIC_REPRESENTATION_CONTEXT() REPRESENTATION_CONTEXT('2D SPACE',''
  ) );
#2331 = ORIENTED_EDGE('',*,*,#2332,.T.);
#2332 = EDGE_CURVE('',#2305,#2333,#2335,.T.);
#2333 = VERTEX_POINT('',#2334);
#2334 = CARTESIAN_POINT('',(-8.268229166667,35.,-10.3079795326));
#2335 = SURFACE_CURVE('',#2336,(#2340,#2347),.PCURVE_S1.);
#2336 = LINE('',#2337,#2338);
#2337 = CARTESIAN_POINT('',(-7.9375,35.,-10.23599466308));
#2338 = VECTOR('',#2339,1.);
#2339 = DIRECTION('',(-0.97712283911,-2.604526265452E-17,-0.212675709214
    ));
#2340 = PCURVE('',#32,#2341);
#2341 = DEFINITIONAL_REPRESENTATION('',(#2342),#2346);
#2342 = LINE('',#2343,#2344);
#2343 = CARTESIAN_POINT('',(-4.257089013558,-7.9375));
#2344 = VECTOR('',#2345,1.);
#2345 = DIRECTION('',(-0.212675709214,-0.97712283911));
#2346 = ( GEOMETRIC_REPRESENTATION_CONTEXT(2) 
PARAMETRIC_REPRESENTATION_CONTEXT() REPRESENTATION_CONTEXT('2D SPACE',''
  ) );
#2347 = PCURVE('',#2348,#2353);
#2348 = PLANE('',#2349);
#2349 = AXIS2_PLACEMENT_3D('',#2350,#2351,#2352);
#2350 = CARTESIAN_POINT('',(-7.9375,35.,-10.23599466308));
#2351 = DIRECTION('',(0.212675709214,-1.19663035729E-16,-0.97712283911)
  );
#2352 = DIRECTION('',(-0.97712283911,-2.604526265452E-17,-0.212675709214
    ));
#2353 = DEFINITIONAL_REPRESENTATION('',(#2354),#2358);
#2354 = LINE('',#2355,#2356);
#2355 = CARTESIAN_POINT('',(-0.,0.));
#2356 = VECTOR('',#2357,1.);
#2357 = DIRECTION('',(1.,1.2246987614E-33));
#2358 = ( GEOMETRIC_REPRESENTATION_CONTEXT(2) 
PARAMETRIC_REPRESENTATION_CONTEXT() REPRESENTATION_CONTEXT('2D SPACE',''
  ) );
#2359 = ORIENTED_EDGE('',*,*,#2360,.T.);
#2360 = EDGE_CURVE('',#2333,#2361,#2363,.T.);
#2361 = VERTEX_POINT('',#2362);
#2362 = CARTESIAN_POINT('',(-8.598958333333,35.,-10.38305083143));
#2363 = SURFACE_CURVE('',#2364,(#2368,#2375),.PCURVE_S1.);
#2364 = LINE('',#2365,#2366);
#2365 = CARTESIAN_POINT('',(-8.268229166667,35.,-10.3079795326));
#2366 = VECTOR('',#2367,1.);
#2367 = DIRECTION('',(-0.975192987211,-2.710833565913E-17,
    -0.221356359058));
#2368 = PCURVE('',#32,#2369);
#2369 = DEFINITIONAL_REPRESENTATION('',(#2370),#2374);
#2370 = LINE('',#2371,#2372);
#2371 = CARTESIAN_POINT('',(-4.329073883078,-8.268229166667));
#2372 = VECTOR('',#2373,1.);
#2373 = DIRECTION('',(-0.221356359058,-0.975192987211));
#2374 = ( GEOMETRIC_REPRESENTATION_CONTEXT(2) 
PARAMETRIC_REPRESENTATION_CONTEXT() REPRESENTATION_CONTEXT('2D SPACE',''
  ) );
#2375 = PCURVE('',#2376,#2381);
#2376 = PLANE('',#2377);
#2377 = AXIS2_PLACEMENT_3D('',#2378,#2379,#2380);
#2378 = CARTESIAN_POINT('',(-8.268229166667,35.,-10.3079795326));
#2379 = DIRECTION('',(0.221356359058,-1.194266970338E-16,-0.975192987211
    ));
#2380 = DIRECTION('',(-0.975192987211,-2.710833565913E-17,
    -0.221356359058));
#2381 = DEFINITIONAL_REPRESENTATION('',(#2382),#2386);
#2382 = LINE('',#2383,#2384);
#2383 = CARTESIAN_POINT('',(-0.,0.));
#2384 = VECTOR('',#2385,1.);
#2385 = DIRECTION('',(1.,7.458175140592E-35));
#2386 = ( GEOMETRIC_REPRESENTATION_CONTEXT(2) 
PARAMETRIC_REPRESENTATION_CONTEXT() REPRESENTATION_CONTEXT('2D SPACE',''
  ) );
#2387 = ORIENTED_EDGE('',*,*,#2388,.T.);
#2388 = EDGE_CURVE('',#2361,#2389,#2391,.T.);
#2389 = VERTEX_POINT('',#2390);
#2390 = CARTESIAN_POINT('',(-8.9296875,35.,-10.46122732659));
#2391 = SURFACE_CURVE('',#2392,(#2396,#2403),.PCURVE_S1.);
#2392 = LINE('',#2393,#2394);
#2393 = CARTESIAN_POINT('',(-8.598958333333,35.,-10.38305083143));
#2394 = VECTOR('',#2395,1.);
#2395 = DIRECTION('',(-0.973181881265,-2.817140880017E-17,
    -0.230037010016));
#2396 = PCURVE('',#32,#2397);
#2397 = DEFINITIONAL_REPRESENTATION('',(#2398),#2402);
#2398 = LINE('',#2399,#2400);
#2399 = CARTESIAN_POINT('',(-4.404145181916,-8.598958333333));
#2400 = VECTOR('',#2401,1.);
#2401 = DIRECTION('',(-0.230037010016,-0.973181881265));
#2402 = ( GEOMETRIC_REPRESENTATION_CONTEXT(2) 
PARAMETRIC_REPRESENTATION_CONTEXT() REPRESENTATION_CONTEXT('2D SPACE',''
  ) );
#2403 = PCURVE('',#2404,#2409);
#2404 = PLANE('',#2405);
#2405 = AXIS2_PLACEMENT_3D('',#2406,#2407,#2408);
#2406 = CARTESIAN_POINT('',(-8.598958333333,35.,-10.38305083143));
#2407 = DIRECTION('',(0.230037010016,-1.19180407588E-16,-0.973181881265)
  );
#2408 = DIRECTION('',(-0.973181881265,-2.817140880017E-17,
    -0.230037010016));
#2409 = DEFINITIONAL_REPRESENTATION('',(#2410),#2414);
#2410 = LINE('',#2411,#2412);
#2411 = CARTESIAN_POINT('',(-0.,0.));
#2412 = VECTOR('',#2413,1.);
#2413 = DIRECTION('',(1.,1.535126952023E-33));
#2414 = ( GEOMETRIC_REPRESENTATION_CONTEXT(2) 
PARAMETRIC_REPRESENTATION_CONTEXT() REPRESENTATION_CONTEXT('2D SPACE',''
  ) );
#2415 = ORIENTED_EDGE('',*,*,#2416,.T.);
#2416 = EDGE_CURVE('',#2389,#2417,#2419,.T.);
#2417 = VERTEX_POINT('',#2418);
#2418 = CARTESIAN_POINT('',(-9.260416666667,35.,-10.54252872341));
#2419 = SURFACE_CURVE('',#2420,(#2424,#2431),.PCURVE_S1.);
#2420 = LINE('',#2421,#2422);
#2421 = CARTESIAN_POINT('',(-8.9296875,35.,-10.46122732659));
#2422 = VECTOR('',#2423,1.);
#2423 = DIRECTION('',(-0.971089016403,-2.923448208495E-17,
    -0.238717662148));
#2424 = PCURVE('',#32,#2425);
#2425 = DEFINITIONAL_REPRESENTATION('',(#2426),#2430);
#2426 = LINE('',#2427,#2428);
#2427 = CARTESIAN_POINT('',(-4.482321677071,-8.9296875));
#2428 = VECTOR('',#2429,1.);
#2429 = DIRECTION('',(-0.238717662148,-0.971089016403));
#2430 = ( GEOMETRIC_REPRESENTATION_CONTEXT(2) 
PARAMETRIC_REPRESENTATION_CONTEXT() REPRESENTATION_CONTEXT('2D SPACE',''
  ) );
#2431 = PCURVE('',#2432,#2437);
#2432 = PLANE('',#2433);
#2433 = AXIS2_PLACEMENT_3D('',#2434,#2435,#2436);
#2434 = CARTESIAN_POINT('',(-8.9296875,35.,-10.46122732659));
#2435 = DIRECTION('',(0.238717662148,-1.189241055625E-16,-0.971089016403
    ));
#2436 = DIRECTION('',(-0.971089016403,-2.923448208495E-17,
    -0.238717662148));
#2437 = DEFINITIONAL_REPRESENTATION('',(#2438),#2442);
#2438 = LINE('',#2439,#2440);
#2439 = CARTESIAN_POINT('',(-0.,0.));
#2440 = VECTOR('',#2441,1.);
#2441 = DIRECTION('',(1.,-2.953202717426E-33));
#2442 = ( GEOMETRIC_REPRESENTATION_CONTEXT(2) 
PARAMETRIC_REPRESENTATION_CONTEXT() REPRESENTATION_CONTEXT('2D SPACE',''
  ) );
#2443 = ORIENTED_EDGE('',*,*,#2444,.T.);
#2444 = EDGE_CURVE('',#2417,#2445,#2447,.T.);
#2445 = VERTEX_POINT('',#2446);
#2446 = CARTESIAN_POINT('',(-9.591145833333,35.,-10.62697569219));
#2447 = SURFACE_CURVE('',#2448,(#2452,#2459),.PCURVE_S1.);
#2448 = LINE('',#2449,#2450);
#2449 = CARTESIAN_POINT('',(-9.260416666667,35.,-10.54252872341));
#2450 = VECTOR('',#2451,1.);
#2451 = DIRECTION('',(-0.968913862776,-3.029755552104E-17,
    -0.247398315515));
#2452 = PCURVE('',#32,#2453);
#2453 = DEFINITIONAL_REPRESENTATION('',(#2454),#2458);
#2454 = LINE('',#2455,#2456);
#2455 = CARTESIAN_POINT('',(-4.563623073891,-9.260416666667));
#2456 = VECTOR('',#2457,1.);
#2457 = DIRECTION('',(-0.247398315515,-0.968913862776));
#2458 = ( GEOMETRIC_REPRESENTATION_CONTEXT(2) 
PARAMETRIC_REPRESENTATION_CONTEXT() REPRESENTATION_CONTEXT('2D SPACE',''
  ) );
#2459 = PCURVE('',#2460,#2465);
#2460 = PLANE('',#2461);
#2461 = AXIS2_PLACEMENT_3D('',#2462,#2463,#2464);
#2462 = CARTESIAN_POINT('',(-9.260416666667,35.,-10.54252872341));
#2463 = DIRECTION('',(0.247398315515,-1.186577260699E-16,-0.968913862776
    ));
#2464 = DIRECTION('',(-0.968913862776,-3.029755552104E-17,
    -0.247398315515));
#2465 = DEFINITIONAL_REPRESENTATION('',(#2466),#2470);
#2466 = LINE('',#2467,#2468);
#2467 = CARTESIAN_POINT('',(-0.,0.));
#2468 = VECTOR('',#2469,1.);
#2469 = DIRECTION('',(1.,-1.494820578496E-33));
#2470 = ( GEOMETRIC_REPRESENTATION_CONTEXT(2) 
PARAMETRIC_REPRESENTATION_CONTEXT() REPRESENTATION_CONTEXT('2D SPACE',''
  ) );
#2471 = ORIENTED_EDGE('',*,*,#2472,.T.);
#2472 = EDGE_CURVE('',#2445,#2473,#2475,.T.);
#2473 = VERTEX_POINT('',#2474);
#2474 = CARTESIAN_POINT('',(-9.921875,35.,-10.71458989647));
#2475 = SURFACE_CURVE('',#2476,(#2480,#2487),.PCURVE_S1.);
#2476 = LINE('',#2477,#2478);
#2477 = CARTESIAN_POINT('',(-9.591145833333,35.,-10.62697569219));
#2478 = VECTOR('',#2479,1.);
#2479 = DIRECTION('',(-0.96665586484,-3.136062911628E-17,-0.256078970182
    ));
#2480 = PCURVE('',#32,#2481);
#2481 = DEFINITIONAL_REPRESENTATION('',(#2482),#2486);
#2482 = LINE('',#2483,#2484);
#2483 = CARTESIAN_POINT('',(-4.648070042676,-9.591145833333));
#2484 = VECTOR('',#2485,1.);
#2485 = DIRECTION('',(-0.256078970182,-0.96665586484));
#2486 = ( GEOMETRIC_REPRESENTATION_CONTEXT(2) 
PARAMETRIC_REPRESENTATION_CONTEXT() REPRESENTATION_CONTEXT('2D SPACE',''
  ) );
#2487 = PCURVE('',#2488,#2493);
#2488 = PLANE('',#2489);
#2489 = AXIS2_PLACEMENT_3D('',#2490,#2491,#2492);
#2490 = CARTESIAN_POINT('',(-9.591145833333,35.,-10.62697569219));
#2491 = DIRECTION('',(0.256078970182,-1.183812010754E-16,-0.96665586484)
  );
#2492 = DIRECTION('',(-0.96665586484,-3.136062911628E-17,-0.256078970182
    ));
#2493 = DEFINITIONAL_REPRESENTATION('',(#2494),#2498);
#2494 = LINE('',#2495,#2496);
#2495 = CARTESIAN_POINT('',(-0.,0.));
#2496 = VECTOR('',#2497,1.);
#2497 = DIRECTION('',(1.,-1.771090329688E-34));
#2498 = ( GEOMETRIC_REPRESENTATION_CONTEXT(2) 
PARAMETRIC_REPRESENTATION_CONTEXT() REPRESENTATION_CONTEXT('2D SPACE',''
  ) );
#2499 = ORIENTED_EDGE('',*,*,#2500,.T.);
#2500 = EDGE_CURVE('',#2473,#2501,#2503,.T.);
#2501 = VERTEX_POINT('',#2502);
#2502 = CARTESIAN_POINT('',(-10.25260416666,35.,-10.80539402307));
#2503 = SURFACE_CURVE('',#2504,(#2508,#2515),.PCURVE_S1.);
#2504 = LINE('',#2505,#2506);
#2505 = CARTESIAN_POINT('',(-9.921875,35.,-10.71458989647));
#2506 = VECTOR('',#2507,1.);
#2507 = DIRECTION('',(-0.964314440588,-3.242370287881E-17,
    -0.264759626215));
#2508 = PCURVE('',#32,#2509);
#2509 = DEFINITIONAL_REPRESENTATION('',(#2510),#2514);
#2510 = LINE('',#2511,#2512);
#2511 = CARTESIAN_POINT('',(-4.735684246955,-9.921875));
#2512 = VECTOR('',#2513,1.);
#2513 = DIRECTION('',(-0.264759626215,-0.964314440588));
#2514 = ( GEOMETRIC_REPRESENTATION_CONTEXT(2) 
PARAMETRIC_REPRESENTATION_CONTEXT() REPRESENTATION_CONTEXT('2D SPACE',''
  ) );
#2515 = PCURVE('',#2516,#2521);
#2516 = PLANE('',#2517);
#2517 = AXIS2_PLACEMENT_3D('',#2518,#2519,#2520);
#2518 = CARTESIAN_POINT('',(-9.921875,35.,-10.71458989647));
#2519 = DIRECTION('',(0.264759626215,-1.180944593038E-16,-0.964314440588
    ));
#2520 = DIRECTION('',(-0.964314440588,-3.242370287881E-17,
    -0.264759626215));
#2521 = DEFINITIONAL_REPRESENTATION('',(#2522),#2526);
#2522 = LINE('',#2523,#2524);
#2523 = CARTESIAN_POINT('',(-0.,0.));
#2524 = VECTOR('',#2525,1.);
#2525 = DIRECTION('',(1.,-1.128765677936E-33));
#2526 = ( GEOMETRIC_REPRESENTATION_CONTEXT(2) 
PARAMETRIC_REPRESENTATION_CONTEXT() REPRESENTATION_CONTEXT('2D SPACE',''
  ) );
#2527 = ORIENTED_EDGE('',*,*,#2528,.T.);
#2528 = EDGE_CURVE('',#2501,#2529,#2531,.T.);
#2529 = VERTEX_POINT('',#2530);
#2530 = CARTESIAN_POINT('',(-10.58333333333,35.,-10.89941181407));
#2531 = SURFACE_CURVE('',#2532,(#2536,#2543),.PCURVE_S1.);
#2532 = LINE('',#2533,#2534);
#2533 = CARTESIAN_POINT('',(-10.25260416666,35.,-10.80539402307));
#2534 = VECTOR('',#2535,1.);
#2535 = DIRECTION('',(-0.961888980735,-3.34867768171E-17,-0.273440283684
    ));
#2536 = PCURVE('',#32,#2537);
#2537 = DEFINITIONAL_REPRESENTATION('',(#2538),#2542);
#2538 = LINE('',#2539,#2540);
#2539 = CARTESIAN_POINT('',(-4.826488373555,-10.25260416666));
#2540 = VECTOR('',#2541,1.);
#2541 = DIRECTION('',(-0.273440283684,-0.961888980735));
#2542 = ( GEOMETRIC_REPRESENTATION_CONTEXT(2) 
PARAMETRIC_REPRESENTATION_CONTEXT() REPRESENTATION_CONTEXT('2D SPACE',''
  ) );
#2543 = PCURVE('',#2544,#2549);
#2544 = PLANE('',#2545);
#2545 = AXIS2_PLACEMENT_3D('',#2546,#2547,#2548);
#2546 = CARTESIAN_POINT('',(-10.25260416666,35.,-10.80539402307));
#2547 = DIRECTION('',(0.273440283684,-1.177974261392E-16,-0.961888980735
    ));
#2548 = DIRECTION('',(-0.961888980735,-3.34867768171E-17,-0.273440283684
    ));
#2549 = DEFINITIONAL_REPRESENTATION('',(#2550),#2554);
#2550 = LINE('',#2551,#2552);
#2551 = CARTESIAN_POINT('',(-0.,0.));
#2552 = VECTOR('',#2553,1.);
#2553 = DIRECTION('',(1.,-1.913966868269E-33));
#2554 = ( GEOMETRIC_REPRESENTATION_CONTEXT(2) 
PARAMETRIC_REPRESENTATION_CONTEXT() REPRESENTATION_CONTEXT('2D SPACE',''
  ) );
#2555 = ORIENTED_EDGE('',*,*,#2556,.T.);
#2556 = EDGE_CURVE('',#2529,#2557,#2559,.T.);
#2557 = VERTEX_POINT('',#2558);
#2558 = CARTESIAN_POINT('',(-10.9140625,35.,-10.99666810076));
#2559 = SURFACE_CURVE('',#2560,(#2564,#2571),.PCURVE_S1.);
#2560 = LINE('',#2561,#2562);
#2561 = CARTESIAN_POINT('',(-10.58333333333,35.,-10.89941181407));
#2562 = VECTOR('',#2563,1.);
#2563 = DIRECTION('',(-0.959378847856,-3.454985093996E-17,
    -0.282120942659));
#2564 = PCURVE('',#32,#2565);
#2565 = DEFINITIONAL_REPRESENTATION('',(#2566),#2570);
#2566 = LINE('',#2567,#2568);
#2567 = CARTESIAN_POINT('',(-4.920506164555,-10.58333333333));
#2568 = VECTOR('',#2569,1.);
#2569 = DIRECTION('',(-0.282120942659,-0.959378847856));
#2570 = ( GEOMETRIC_REPRESENTATION_CONTEXT(2) 
PARAMETRIC_REPRESENTATION_CONTEXT() REPRESENTATION_CONTEXT('2D SPACE',''
  ) );
#2571 = PCURVE('',#2572,#2577);
#2572 = PLANE('',#2573);
#2573 = AXIS2_PLACEMENT_3D('',#2574,#2575,#2576);
#2574 = CARTESIAN_POINT('',(-10.58333333333,35.,-10.89941181407));
#2575 = DIRECTION('',(0.282120942659,-1.174900235196E-16,-0.959378847856
    ));
#2576 = DIRECTION('',(-0.959378847856,-3.454985093996E-17,
    -0.282120942659));
#2577 = DEFINITIONAL_REPRESENTATION('',(#2578),#2582);
#2578 = LINE('',#2579,#2580);
#2579 = CARTESIAN_POINT('',(-0.,0.));
#2580 = VECTOR('',#2581,1.);
#2581 = DIRECTION('',(1.,-1.18415510993E-33));
#2582 = ( GEOMETRIC_REPRESENTATION_CONTEXT(2) 
PARAMETRIC_REPRESENTATION_CONTEXT() REPRESENTATION_CONTEXT('2D SPACE',''
  ) );
#2583 = ORIENTED_EDGE('',*,*,#2584,.T.);
#2584 = EDGE_CURVE('',#2557,#2585,#2587,.T.);
#2585 = VERTEX_POINT('',#2586);
#2586 = CARTESIAN_POINT('',(-11.24479166666,35.,-11.09718883968));
#2587 = SURFACE_CURVE('',#2588,(#2592,#2599),.PCURVE_S1.);
#2588 = LINE('',#2589,#2590);
#2589 = CARTESIAN_POINT('',(-10.9140625,35.,-10.99666810076));
#2590 = VECTOR('',#2591,1.);
#2591 = DIRECTION('',(-0.956783375465,-3.561292525657E-17,
    -0.290801603216));
#2592 = PCURVE('',#32,#2593);
#2593 = DEFINITIONAL_REPRESENTATION('',(#2594),#2598);
#2594 = LINE('',#2595,#2596);
#2595 = CARTESIAN_POINT('',(-5.017762451238,-10.9140625));
#2596 = VECTOR('',#2597,1.);
#2597 = DIRECTION('',(-0.290801603216,-0.956783375465));
#2598 = ( GEOMETRIC_REPRESENTATION_CONTEXT(2) 
PARAMETRIC_REPRESENTATION_CONTEXT() REPRESENTATION_CONTEXT('2D SPACE',''
  ) );
#2599 = PCURVE('',#2600,#2605);
#2600 = PLANE('',#2601);
#2601 = AXIS2_PLACEMENT_3D('',#2602,#2603,#2604);
#2602 = CARTESIAN_POINT('',(-10.9140625,35.,-10.99666810076));
#2603 = DIRECTION('',(0.290801603216,-1.171721698241E-16,-0.956783375465
    ));
#2604 = DIRECTION('',(-0.956783375465,-3.561292525657E-17,
    -0.290801603216));
#2605 = DEFINITIONAL_REPRESENTATION('',(#2606),#2610);
#2606 = LINE('',#2607,#2608);
#2607 = CARTESIAN_POINT('',(-0.,0.));
#2608 = VECTOR('',#2609,1.);
#2609 = DIRECTION('',(1.,1.508510153757E-33));
#2610 = ( GEOMETRIC_REPRESENTATION_CONTEXT(2) 
PARAMETRIC_REPRESENTATION_CONTEXT() REPRESENTATION_CONTEXT('2D SPACE',''
  ) );
#2611 = ORIENTED_EDGE('',*,*,#2612,.T.);
#2612 = EDGE_CURVE('',#2585,#2613,#2615,.T.);
#2613 = VERTEX_POINT('',#2614);
#2614 = CARTESIAN_POINT('',(-11.57552083333,35.,-11.20100115103));
#2615 = SURFACE_CURVE('',#2616,(#2620,#2627),.PCURVE_S1.);
#2616 = LINE('',#2617,#2618);
#2617 = CARTESIAN_POINT('',(-11.24479166666,35.,-11.09718883968));
#2618 = VECTOR('',#2619,1.);
#2619 = DIRECTION('',(-0.954101867041,-3.667599977647E-17,
    -0.299482265434));
#2620 = PCURVE('',#32,#2621);
#2621 = DEFINITIONAL_REPRESENTATION('',(#2622),#2626);
#2622 = LINE('',#2623,#2624);
#2623 = CARTESIAN_POINT('',(-5.118283190167,-11.24479166666));
#2624 = VECTOR('',#2625,1.);
#2625 = DIRECTION('',(-0.299482265434,-0.954101867041));
#2626 = ( GEOMETRIC_REPRESENTATION_CONTEXT(2) 
PARAMETRIC_REPRESENTATION_CONTEXT() REPRESENTATION_CONTEXT('2D SPACE',''
  ) );
#2627 = PCURVE('',#2628,#2633);
#2628 = PLANE('',#2629);
#2629 = AXIS2_PLACEMENT_3D('',#2630,#2631,#2632);
#2630 = CARTESIAN_POINT('',(-11.24479166666,35.,-11.09718883968));
#2631 = DIRECTION('',(0.299482265434,-1.168437797532E-16,-0.954101867041
    ));
#2632 = DIRECTION('',(-0.954101867041,-3.667599977647E-17,
    -0.299482265434));
#2633 = DEFINITIONAL_REPRESENTATION('',(#2634),#2638);
#2634 = LINE('',#2635,#2636);
#2635 = CARTESIAN_POINT('',(-0.,0.));
#2636 = VECTOR('',#2637,1.);
#2637 = DIRECTION('',(1.,1.408002947057E-33));
#2638 = ( GEOMETRIC_REPRESENTATION_CONTEXT(2) 
PARAMETRIC_REPRESENTATION_CONTEXT() REPRESENTATION_CONTEXT('2D SPACE',''
  ) );
#2639 = ORIENTED_EDGE('',*,*,#2640,.T.);
#2640 = EDGE_CURVE('',#2613,#2641,#2643,.T.);
#2641 = VERTEX_POINT('',#2642);
#2642 = CARTESIAN_POINT('',(-11.90625,35.,-11.30813335931));
#2643 = SURFACE_CURVE('',#2644,(#2648,#2655),.PCURVE_S1.);
#2644 = LINE('',#2645,#2646);
#2645 = CARTESIAN_POINT('',(-11.57552083333,35.,-11.20100115103));
#2646 = VECTOR('',#2647,1.);
#2647 = DIRECTION('',(-0.951333594986,-3.773907450966E-17,
    -0.308162929393));
#2648 = PCURVE('',#32,#2649);
#2649 = DEFINITIONAL_REPRESENTATION('',(#2650),#2654);
#2650 = LINE('',#2651,#2652);
#2651 = CARTESIAN_POINT('',(-5.222095501514,-11.57552083333));
#2652 = VECTOR('',#2653,1.);
#2653 = DIRECTION('',(-0.308162929393,-0.951333594986));
#2654 = ( GEOMETRIC_REPRESENTATION_CONTEXT(2) 
PARAMETRIC_REPRESENTATION_CONTEXT() REPRESENTATION_CONTEXT('2D SPACE',''
  ) );
#2655 = PCURVE('',#2656,#2661);
#2656 = PLANE('',#2657);
#2657 = AXIS2_PLACEMENT_3D('',#2658,#2659,#2660);
#2658 = CARTESIAN_POINT('',(-11.57552083333,35.,-11.20100115103));
#2659 = DIRECTION('',(0.308162929393,-1.16504764202E-16,-0.951333594986)
  );
#2660 = DIRECTION('',(-0.951333594986,-3.773907450966E-17,
    -0.308162929393));
#2661 = DEFINITIONAL_REPRESENTATION('',(#2662),#2666);
#2662 = LINE('',#2663,#2664);
#2663 = CARTESIAN_POINT('',(-0.,0.));
#2664 = VECTOR('',#2665,1.);
#2665 = DIRECTION('',(1.,4.088958701398E-34));
#2666 = ( GEOMETRIC_REPRESENTATION_CONTEXT(2) 
PARAMETRIC_REPRESENTATION_CONTEXT() REPRESENTATION_CONTEXT('2D SPACE',''
  ) );
#2667 = ORIENTED_EDGE('',*,*,#2668,.T.);
#2668 = EDGE_CURVE('',#2641,#2669,#2671,.T.);
#2669 = VERTEX_POINT('',#2670);
#2670 = CARTESIAN_POINT('',(-12.23697916666,35.,-11.41861503663));
#2671 = SURFACE_CURVE('',#2672,(#2676,#2683),.PCURVE_S1.);
#2672 = LINE('',#2673,#2674);
#2673 = CARTESIAN_POINT('',(-11.90625,35.,-11.30813335931));
#2674 = VECTOR('',#2675,1.);
#2675 = DIRECTION('',(-0.948477799526,-3.880214946655E-17,
    -0.316843595178));
#2676 = PCURVE('',#32,#2677);
#2677 = DEFINITIONAL_REPRESENTATION('',(#2678),#2682);
#2678 = LINE('',#2679,#2680);
#2679 = CARTESIAN_POINT('',(-5.329227709788,-11.90625));
#2680 = VECTOR('',#2681,1.);
#2681 = DIRECTION('',(-0.316843595178,-0.948477799526));
#2682 = ( GEOMETRIC_REPRESENTATION_CONTEXT(2) 
PARAMETRIC_REPRESENTATION_CONTEXT() REPRESENTATION_CONTEXT('2D SPACE',''
  ) );
#2683 = PCURVE('',#2684,#2689);
#2684 = PLANE('',#2685);
#2685 = AXIS2_PLACEMENT_3D('',#2686,#2687,#2688);
#2686 = CARTESIAN_POINT('',(-11.90625,35.,-11.30813335931));
#2687 = DIRECTION('',(0.316843595178,-1.161550301252E-16,-0.948477799526
    ));
#2688 = DIRECTION('',(-0.948477799526,-3.880214946655E-17,
    -0.316843595178));
#2689 = DEFINITIONAL_REPRESENTATION('',(#2690),#2694);
#2690 = LINE('',#2691,#2692);
#2691 = CARTESIAN_POINT('',(-0.,0.));
#2692 = VECTOR('',#2693,1.);
#2693 = DIRECTION('',(1.,3.442677237479E-34));
#2694 = ( GEOMETRIC_REPRESENTATION_CONTEXT(2) 
PARAMETRIC_REPRESENTATION_CONTEXT() REPRESENTATION_CONTEXT('2D SPACE',''
  ) );
#2695 = ORIENTED_EDGE('',*,*,#2696,.T.);
#2696 = EDGE_CURVE('',#2669,#2697,#2699,.T.);
#2697 = VERTEX_POINT('',#2698);
#2698 = CARTESIAN_POINT('',(-12.56770833333,35.,-11.53247704875));
#2699 = SURFACE_CURVE('',#2700,(#2704,#2711),.PCURVE_S1.);
#2700 = LINE('',#2701,#2702);
#2701 = CARTESIAN_POINT('',(-12.23697916666,35.,-11.41861503663));
#2702 = VECTOR('',#2703,1.);
#2703 = DIRECTION('',(-0.945533687542,-3.986522465806E-17,-0.32552426288
    ));
#2704 = PCURVE('',#32,#2705);
#2705 = DEFINITIONAL_REPRESENTATION('',(#2706),#2710);
#2706 = LINE('',#2707,#2708);
#2707 = CARTESIAN_POINT('',(-5.439709387113,-12.23697916666));
#2708 = VECTOR('',#2709,1.);
#2709 = DIRECTION('',(-0.32552426288,-0.945533687542));
#2710 = ( GEOMETRIC_REPRESENTATION_CONTEXT(2) 
PARAMETRIC_REPRESENTATION_CONTEXT() REPRESENTATION_CONTEXT('2D SPACE',''
  ) );
#2711 = PCURVE('',#2712,#2717);
#2712 = PLANE('',#2713);
#2713 = AXIS2_PLACEMENT_3D('',#2714,#2715,#2716);
#2714 = CARTESIAN_POINT('',(-12.23697916666,35.,-11.41861503663));
#2715 = DIRECTION('',(0.32552426288,-1.157944803934E-16,-0.945533687542)
  );
#2716 = DIRECTION('',(-0.945533687542,-3.986522465806E-17,-0.32552426288
    ));
#2717 = DEFINITIONAL_REPRESENTATION('',(#2718),#2722);
#2718 = LINE('',#2719,#2720);
#2719 = CARTESIAN_POINT('',(-0.,0.));
#2720 = VECTOR('',#2721,1.);
#2721 = DIRECTION('',(1.,2.7260448502E-33));
#2722 = ( GEOMETRIC_REPRESENTATION_CONTEXT(2) 
PARAMETRIC_REPRESENTATION_CONTEXT() REPRESENTATION_CONTEXT('2D SPACE',''
  ) );
#2723 = ORIENTED_EDGE('',*,*,#2724,.T.);
#2724 = EDGE_CURVE('',#2697,#2725,#2727,.T.);
#2725 = VERTEX_POINT('',#2726);
#2726 = CARTESIAN_POINT('',(-12.8984375,35.,-11.64975160394));
#2727 = SURFACE_CURVE('',#2728,(#2732,#2739),.PCURVE_S1.);
#2728 = LINE('',#2729,#2730);
#2729 = CARTESIAN_POINT('',(-12.56770833333,35.,-11.53247704875));
#2730 = VECTOR('',#2731,1.);
#2731 = DIRECTION('',(-0.942500431317,-4.092830009557E-17,-0.33420493259
    ));
#2732 = PCURVE('',#32,#2733);
#2733 = DEFINITIONAL_REPRESENTATION('',(#2734),#2738);
#2734 = LINE('',#2735,#2736);
#2735 = CARTESIAN_POINT('',(-5.553571399234,-12.56770833333));
#2736 = VECTOR('',#2737,1.);
#2737 = DIRECTION('',(-0.33420493259,-0.942500431317));
#2738 = ( GEOMETRIC_REPRESENTATION_CONTEXT(2) 
PARAMETRIC_REPRESENTATION_CONTEXT() REPRESENTATION_CONTEXT('2D SPACE',''
  ) );
#2739 = PCURVE('',#2740,#2745);
#2740 = PLANE('',#2741);
#2741 = AXIS2_PLACEMENT_3D('',#2742,#2743,#2744);
#2742 = CARTESIAN_POINT('',(-12.56770833333,35.,-11.53247704875));
#2743 = DIRECTION('',(0.33420493259,-1.154230136407E-16,-0.942500431317)
  );
#2744 = DIRECTION('',(-0.942500431317,-4.092830009557E-17,-0.33420493259
    ));
#2745 = DEFINITIONAL_REPRESENTATION('',(#2746),#2750);
#2746 = LINE('',#2747,#2748);
#2747 = CARTESIAN_POINT('',(-0.,0.));
#2748 = VECTOR('',#2749,1.);
#2749 = DIRECTION('',(1.,-2.530852271424E-33));
#2750 = ( GEOMETRIC_REPRESENTATION_CONTEXT(2) 
PARAMETRIC_REPRESENTATION_CONTEXT() REPRESENTATION_CONTEXT('2D SPACE',''
  ) );
#2751 = ORIENTED_EDGE('',*,*,#2752,.T.);
#2752 = EDGE_CURVE('',#2725,#2753,#2755,.T.);
#2753 = VERTEX_POINT('',#2754);
#2754 = CARTESIAN_POINT('',(-13.22916666666,35.,-11.77047230503));
#2755 = SURFACE_CURVE('',#2756,(#2760,#2767),.PCURVE_S1.);
#2756 = LINE('',#2757,#2758);
#2757 = CARTESIAN_POINT('',(-12.8984375,35.,-11.64975160394));
#2758 = VECTOR('',#2759,1.);
#2759 = DIRECTION('',(-0.939377167218,-4.199137579106E-17,
    -0.342885604407));
#2760 = PCURVE('',#32,#2761);
#2761 = DEFINITIONAL_REPRESENTATION('',(#2762),#2766);
#2762 = LINE('',#2763,#2764);
#2763 = CARTESIAN_POINT('',(-5.670845954426,-12.8984375));
#2764 = VECTOR('',#2765,1.);
#2765 = DIRECTION('',(-0.342885604407,-0.939377167218));
#2766 = ( GEOMETRIC_REPRESENTATION_CONTEXT(2) 
PARAMETRIC_REPRESENTATION_CONTEXT() REPRESENTATION_CONTEXT('2D SPACE',''
  ) );
#2767 = PCURVE('',#2768,#2773);
#2768 = PLANE('',#2769);
#2769 = AXIS2_PLACEMENT_3D('',#2770,#2771,#2772);
#2770 = CARTESIAN_POINT('',(-12.8984375,35.,-11.64975160394));
#2771 = DIRECTION('',(0.342885604407,-1.150405241026E-16,-0.939377167218
    ));
#2772 = DIRECTION('',(-0.939377167218,-4.199137579106E-17,
    -0.342885604407));
#2773 = DEFINITIONAL_REPRESENTATION('',(#2774),#2778);
#2774 = LINE('',#2775,#2776);
#2775 = CARTESIAN_POINT('',(-0.,0.));
#2776 = VECTOR('',#2777,1.);
#2777 = DIRECTION('',(1.,-2.263112785745E-33));
#2778 = ( GEOMETRIC_REPRESENTATION_CONTEXT(2) 
PARAMETRIC_REPRESENTATION_CONTEXT() REPRESENTATION_CONTEXT('2D SPACE',''
  ) );
#2779 = ORIENTED_EDGE('',*,*,#2780,.T.);
#2780 = EDGE_CURVE('',#2753,#2781,#2783,.T.);
#2781 = VERTEX_POINT('',#2782);
#2782 = CARTESIAN_POINT('',(-13.55989583333,35.,-11.8946742047));
#2783 = SURFACE_CURVE('',#2784,(#2788,#2795),.PCURVE_S1.);
#2784 = LINE('',#2785,#2786);
#2785 = CARTESIAN_POINT('',(-13.22916666666,35.,-11.77047230503));
#2786 = VECTOR('',#2787,1.);
#2787 = DIRECTION('',(-0.936162994285,-4.305445175704E-17,
    -0.351566278432));
#2788 = PCURVE('',#32,#2789);
#2789 = DEFINITIONAL_REPRESENTATION('',(#2790),#2794);
#2790 = LINE('',#2791,#2792);
#2791 = CARTESIAN_POINT('',(-5.791566655509,-13.22916666666));
#2792 = VECTOR('',#2793,1.);
#2793 = DIRECTION('',(-0.351566278432,-0.936162994285));
#2794 = ( GEOMETRIC_REPRESENTATION_CONTEXT(2) 
PARAMETRIC_REPRESENTATION_CONTEXT() REPRESENTATION_CONTEXT('2D SPACE',''
  ) );
#2795 = PCURVE('',#2796,#2801);
#2796 = PLANE('',#2797);
#2797 = AXIS2_PLACEMENT_3D('',#2798,#2799,#2800);
#2798 = CARTESIAN_POINT('',(-13.22916666666,35.,-11.77047230503));
#2799 = DIRECTION('',(0.351566278432,-1.146469014432E-16,-0.936162994285
    ));
#2800 = DIRECTION('',(-0.936162994285,-4.305445175704E-17,
    -0.351566278432));
#2801 = DEFINITIONAL_REPRESENTATION('',(#2802),#2806);
#2802 = LINE('',#2803,#2804);
#2803 = CARTESIAN_POINT('',(-0.,0.));
#2804 = VECTOR('',#2805,1.);
#2805 = DIRECTION('',(1.,-1.517831882578E-33));
#2806 = ( GEOMETRIC_REPRESENTATION_CONTEXT(2) 
PARAMETRIC_REPRESENTATION_CONTEXT() REPRESENTATION_CONTEXT('2D SPACE',''
  ) );
#2807 = ORIENTED_EDGE('',*,*,#2808,.T.);
#2808 = EDGE_CURVE('',#2781,#2809,#2811,.T.);
#2809 = VERTEX_POINT('',#2810);
#2810 = CARTESIAN_POINT('',(-13.890625,35.,-12.02239386444));
#2811 = SURFACE_CURVE('',#2812,(#2816,#2823),.PCURVE_S1.);
#2812 = LINE('',#2813,#2814);
#2813 = CARTESIAN_POINT('',(-13.55989583333,35.,-11.8946742047));
#2814 = VECTOR('',#2815,1.);
#2815 = DIRECTION('',(-0.932856972733,-4.411752800669E-17,
    -0.360246954774));
#2816 = PCURVE('',#32,#2817);
#2817 = DEFINITIONAL_REPRESENTATION('',(#2818),#2822);
#2818 = LINE('',#2819,#2820);
#2819 = CARTESIAN_POINT('',(-5.915768555182,-13.55989583333));
#2820 = VECTOR('',#2821,1.);
#2821 = DIRECTION('',(-0.360246954774,-0.932856972733));
#2822 = ( GEOMETRIC_REPRESENTATION_CONTEXT(2) 
PARAMETRIC_REPRESENTATION_CONTEXT() REPRESENTATION_CONTEXT('2D SPACE',''
  ) );
#2823 = PCURVE('',#2824,#2829);
#2824 = PLANE('',#2825);
#2825 = AXIS2_PLACEMENT_3D('',#2826,#2827,#2828);
#2826 = CARTESIAN_POINT('',(-13.55989583333,35.,-11.8946742047));
#2827 = DIRECTION('',(0.360246954774,-1.142420305719E-16,-0.932856972733
    ));
#2828 = DIRECTION('',(-0.932856972733,-4.411752800669E-17,
    -0.360246954774));
#2829 = DEFINITIONAL_REPRESENTATION('',(#2830),#2834);
#2830 = LINE('',#2831,#2832);
#2831 = CARTESIAN_POINT('',(-0.,0.));
#2832 = VECTOR('',#2833,1.);
#2833 = DIRECTION('',(1.,2.231940041529E-34));
#2834 = ( GEOMETRIC_REPRESENTATION_CONTEXT(2) 
PARAMETRIC_REPRESENTATION_CONTEXT() REPRESENTATION_CONTEXT('2D SPACE',''
  ) );
#2835 = ORIENTED_EDGE('',*,*,#2836,.T.);
#2836 = EDGE_CURVE('',#2809,#2837,#2839,.T.);
#2837 = VERTEX_POINT('',#2838);
#2838 = CARTESIAN_POINT('',(-14.22135416666,35.,-12.15366941723));
#2839 = SURFACE_CURVE('',#2840,(#2844,#2851),.PCURVE_S1.);
#2840 = LINE('',#2841,#2842);
#2841 = CARTESIAN_POINT('',(-13.890625,35.,-12.02239386444));
#2842 = VECTOR('',#2843,1.);
#2843 = DIRECTION('',(-0.929458122352,-4.518060455383E-17,
    -0.368927633545));
#2844 = PCURVE('',#32,#2845);
#2845 = DEFINITIONAL_REPRESENTATION('',(#2846),#2850);
#2846 = LINE('',#2847,#2848);
#2847 = CARTESIAN_POINT('',(-6.043488214926,-13.890625));
#2848 = VECTOR('',#2849,1.);
#2849 = DIRECTION('',(-0.368927633545,-0.929458122352));
#2850 = ( GEOMETRIC_REPRESENTATION_CONTEXT(2) 
PARAMETRIC_REPRESENTATION_CONTEXT() REPRESENTATION_CONTEXT('2D SPACE',''
  ) );
#2851 = PCURVE('',#2852,#2857);
#2852 = PLANE('',#2853);
#2853 = AXIS2_PLACEMENT_3D('',#2854,#2855,#2856);
#2854 = CARTESIAN_POINT('',(-13.890625,35.,-12.02239386444));
#2855 = DIRECTION('',(0.368927633545,-1.13825791448E-16,-0.929458122352)
  );
#2856 = DIRECTION('',(-0.929458122352,-4.518060455383E-17,
    -0.368927633545));
#2857 = DEFINITIONAL_REPRESENTATION('',(#2858),#2862);
#2858 = LINE('',#2859,#2860);
#2859 = CARTESIAN_POINT('',(-0.,0.));
#2860 = VECTOR('',#2861,1.);
#2861 = DIRECTION('',(1.,-1.040478128508E-33));
#2862 = ( GEOMETRIC_REPRESENTATION_CONTEXT(2) 
PARAMETRIC_REPRESENTATION_CONTEXT() REPRESENTATION_CONTEXT('2D SPACE',''
  ) );
#2863 = ORIENTED_EDGE('',*,*,#2864,.T.);
#2864 = EDGE_CURVE('',#2837,#2865,#2867,.T.);
#2865 = VERTEX_POINT('',#2866);
#2866 = CARTESIAN_POINT('',(-14.55208333333,35.,-12.28854063433));
#2867 = SURFACE_CURVE('',#2868,(#2872,#2879),.PCURVE_S1.);
#2868 = LINE('',#2869,#2870);
#2869 = CARTESIAN_POINT('',(-14.22135416666,35.,-12.15366941723));
#2870 = VECTOR('',#2871,1.);
#2871 = DIRECTION('',(-0.925965420815,-4.624368141301E-17,
    -0.377608314864));
#2872 = PCURVE('',#32,#2873);
#2873 = DEFINITIONAL_REPRESENTATION('',(#2874),#2878);
#2874 = LINE('',#2875,#2876);
#2875 = CARTESIAN_POINT('',(-6.174763767711,-14.22135416666));
#2876 = VECTOR('',#2877,1.);
#2877 = DIRECTION('',(-0.377608314864,-0.925965420815));
#2878 = ( GEOMETRIC_REPRESENTATION_CONTEXT(2) 
PARAMETRIC_REPRESENTATION_CONTEXT() REPRESENTATION_CONTEXT('2D SPACE',''
  ) );
#2879 = PCURVE('',#2880,#2885);
#2880 = PLANE('',#2881);
#2881 = AXIS2_PLACEMENT_3D('',#2882,#2883,#2884);
#2882 = CARTESIAN_POINT('',(-14.22135416666,35.,-12.15366941723));
#2883 = DIRECTION('',(0.377608314864,-1.133980588722E-16,-0.925965420815
    ));
#2884 = DIRECTION('',(-0.925965420815,-4.624368141301E-17,
    -0.377608314864));
#2885 = DEFINITIONAL_REPRESENTATION('',(#2886),#2890);
#2886 = LINE('',#2887,#2888);
#2887 = CARTESIAN_POINT('',(-0.,0.));
#2888 = VECTOR('',#2889,1.);
#2889 = DIRECTION('',(1.,2.428369044214E-33));
#2890 = ( GEOMETRIC_REPRESENTATION_CONTEXT(2) 
PARAMETRIC_REPRESENTATION_CONTEXT() REPRESENTATION_CONTEXT('2D SPACE',''
  ) );
#2891 = ORIENTED_EDGE('',*,*,#2892,.T.);
#2892 = EDGE_CURVE('',#2865,#2893,#2895,.T.);
#2893 = VERTEX_POINT('',#2894);
#2894 = CARTESIAN_POINT('',(-14.8828125,35.,-12.42704899655));
#2895 = SURFACE_CURVE('',#2896,(#2900,#2907),.PCURVE_S1.);
#2896 = LINE('',#2897,#2898);
#2897 = CARTESIAN_POINT('',(-14.55208333333,35.,-12.28854063433));
#2898 = VECTOR('',#2899,1.);
#2899 = DIRECTION('',(-0.922377801859,-4.730675859955E-17,
    -0.386288998857));
#2900 = PCURVE('',#32,#2901);
#2901 = DEFINITIONAL_REPRESENTATION('',(#2902),#2906);
#2902 = LINE('',#2903,#2904);
#2903 = CARTESIAN_POINT('',(-6.309634984815,-14.55208333333));
#2904 = VECTOR('',#2905,1.);
#2905 = DIRECTION('',(-0.386288998857,-0.922377801859));
#2906 = ( GEOMETRIC_REPRESENTATION_CONTEXT(2) 
PARAMETRIC_REPRESENTATION_CONTEXT() REPRESENTATION_CONTEXT('2D SPACE',''
  ) );
#2907 = PCURVE('',#2908,#2913);
#2908 = PLANE('',#2909);
#2909 = AXIS2_PLACEMENT_3D('',#2910,#2911,#2912);
#2910 = CARTESIAN_POINT('',(-14.55208333333,35.,-12.28854063433));
#2911 = DIRECTION('',(0.386288998857,-1.129587022651E-16,-0.922377801859
    ));
#2912 = DIRECTION('',(-0.922377801859,-4.730675859955E-17,
    -0.386288998857));
#2913 = DEFINITIONAL_REPRESENTATION('',(#2914),#2918);
#2914 = LINE('',#2915,#2916);
#2915 = CARTESIAN_POINT('',(-0.,0.));
#2916 = VECTOR('',#2917,1.);
#2917 = DIRECTION('',(1.,5.169755077504E-34));
#2918 = ( GEOMETRIC_REPRESENTATION_CONTEXT(2) 
PARAMETRIC_REPRESENTATION_CONTEXT() REPRESENTATION_CONTEXT('2D SPACE',''
  ) );
#2919 = ORIENTED_EDGE('',*,*,#2920,.T.);
#2920 = EDGE_CURVE('',#2893,#2921,#2923,.T.);
#2921 = VERTEX_POINT('',#2922);
#2922 = CARTESIAN_POINT('',(-15.21354166666,35.,-12.56923777017));
#2923 = SURFACE_CURVE('',#2924,(#2928,#2935),.PCURVE_S1.);
#2924 = LINE('',#2925,#2926);
#2925 = CARTESIAN_POINT('',(-14.8828125,35.,-12.42704899655));
#2926 = VECTOR('',#2927,1.);
#2927 = DIRECTION('',(-0.918694153358,-4.836983612957E-17,
    -0.394969685653));
#2928 = PCURVE('',#32,#2929);
#2929 = DEFINITIONAL_REPRESENTATION('',(#2930),#2934);
#2930 = LINE('',#2931,#2932);
#2931 = CARTESIAN_POINT('',(-6.448143347036,-14.8828125));
#2932 = VECTOR('',#2933,1.);
#2933 = DIRECTION('',(-0.394969685653,-0.918694153358));
#2934 = ( GEOMETRIC_REPRESENTATION_CONTEXT(2) 
PARAMETRIC_REPRESENTATION_CONTEXT() REPRESENTATION_CONTEXT('2D SPACE',''
  ) );
#2935 = PCURVE('',#2936,#2941);
#2936 = PLANE('',#2937);
#2937 = AXIS2_PLACEMENT_3D('',#2938,#2939,#2940);
#2938 = CARTESIAN_POINT('',(-14.8828125,35.,-12.42704899655));
#2939 = DIRECTION('',(0.394969685653,-1.125075854306E-16,-0.918694153358
    ));
#2940 = DIRECTION('',(-0.918694153358,-4.836983612957E-17,
    -0.394969685653));
#2941 = DEFINITIONAL_REPRESENTATION('',(#2942),#2946);
#2942 = LINE('',#2943,#2944);
#2943 = CARTESIAN_POINT('',(-0.,0.));
#2944 = VECTOR('',#2945,1.);
#2945 = DIRECTION('',(1.,-1.296030398395E-34));
#2946 = ( GEOMETRIC_REPRESENTATION_CONTEXT(2) 
PARAMETRIC_REPRESENTATION_CONTEXT() REPRESENTATION_CONTEXT('2D SPACE',''
  ) );
#2947 = ORIENTED_EDGE('',*,*,#2948,.T.);
#2948 = EDGE_CURVE('',#2921,#2949,#2951,.T.);
#2949 = VERTEX_POINT('',#2950);
#2950 = CARTESIAN_POINT('',(-15.54427083333,35.,-12.71515208801));
#2951 = SURFACE_CURVE('',#2952,(#2956,#2963),.PCURVE_S1.);
#2952 = LINE('',#2953,#2954);
#2953 = CARTESIAN_POINT('',(-15.21354166666,35.,-12.56923777017));
#2954 = VECTOR('',#2955,1.);
#2955 = DIRECTION('',(-0.914913315262,-4.943291402013E-17,
    -0.403650375394));
#2956 = PCURVE('',#32,#2957);
#2957 = DEFINITIONAL_REPRESENTATION('',(#2958),#2962);
#2958 = LINE('',#2959,#2960);
#2959 = CARTESIAN_POINT('',(-6.590332120653,-15.21354166666));
#2960 = VECTOR('',#2961,1.);
#2961 = DIRECTION('',(-0.403650375394,-0.914913315262));
#2962 = ( GEOMETRIC_REPRESENTATION_CONTEXT(2) 
PARAMETRIC_REPRESENTATION_CONTEXT() REPRESENTATION_CONTEXT('2D SPACE',''
  ) );
#2963 = PCURVE('',#2964,#2969);
#2964 = PLANE('',#2965);
#2965 = AXIS2_PLACEMENT_3D('',#2966,#2967,#2968);
#2966 = CARTESIAN_POINT('',(-15.21354166666,35.,-12.56923777017));
#2967 = DIRECTION('',(0.403650375394,-1.120445663033E-16,-0.914913315262
    ));
#2968 = DIRECTION('',(-0.914913315262,-4.943291402013E-17,
    -0.403650375394));
#2969 = DEFINITIONAL_REPRESENTATION('',(#2970),#2974);
#2970 = LINE('',#2971,#2972);
#2971 = CARTESIAN_POINT('',(-0.,0.));
#2972 = VECTOR('',#2973,1.);
#2973 = DIRECTION('',(1.,1.230382158502E-33));
#2974 = ( GEOMETRIC_REPRESENTATION_CONTEXT(2) 
PARAMETRIC_REPRESENTATION_CONTEXT() REPRESENTATION_CONTEXT('2D SPACE',''
  ) );
#2975 = ORIENTED_EDGE('',*,*,#2976,.T.);
#2976 = EDGE_CURVE('',#2949,#2977,#2979,.T.);
#2977 = VERTEX_POINT('',#2978);
#2978 = CARTESIAN_POINT('',(-15.875,35.,-12.86483903603));
#2979 = SURFACE_CURVE('',#2980,(#2984,#2991),.PCURVE_S1.);
#2980 = LINE('',#2981,#2982);
#2981 = CARTESIAN_POINT('',(-15.54427083333,35.,-12.71515208801));
#2982 = VECTOR('',#2983,1.);
#2983 = DIRECTION('',(-0.911034077395,-5.04959922892E-17,-0.412331068226
    ));
#2984 = PCURVE('',#32,#2985);
#2985 = DEFINITIONAL_REPRESENTATION('',(#2986),#2990);
#2986 = LINE('',#2987,#2988);
#2987 = CARTESIAN_POINT('',(-6.736246438492,-15.54427083333));
#2988 = VECTOR('',#2989,1.);
#2989 = DIRECTION('',(-0.412331068226,-0.911034077395));
#2990 = ( GEOMETRIC_REPRESENTATION_CONTEXT(2) 
PARAMETRIC_REPRESENTATION_CONTEXT() REPRESENTATION_CONTEXT('2D SPACE',''
  ) );
#2991 = PCURVE('',#2992,#2997);
#2992 = PLANE('',#2993);
#2993 = AXIS2_PLACEMENT_3D('',#2994,#2995,#2996);
#2994 = CARTESIAN_POINT('',(-15.54427083333,35.,-12.71515208801));
#2995 = DIRECTION('',(0.412331068226,-1.115694966796E-16,-0.911034077395
    ));
#2996 = DIRECTION('',(-0.911034077395,-5.04959922892E-17,-0.412331068226
    ));
#2997 = DEFINITIONAL_REPRESENTATION('',(#2998),#3002);
#2998 = LINE('',#2999,#3000);
#2999 = CARTESIAN_POINT('',(-0.,0.));
#3000 = VECTOR('',#3001,1.);
#3001 = DIRECTION('',(1.,1.878351681667E-33));
#3002 = ( GEOMETRIC_REPRESENTATION_CONTEXT(2) 
PARAMETRIC_REPRESENTATION_CONTEXT() REPRESENTATION_CONTEXT('2D SPACE',''
  ) );
#3003 = ORIENTED_EDGE('',*,*,#3004,.T.);
#3004 = EDGE_CURVE('',#2977,#22,#3005,.T.);
#3005 = SURFACE_CURVE('',#3006,(#3010,#3017),.PCURVE_S1.);
#3006 = LINE('',#3007,#3008);
#3007 = CARTESIAN_POINT('',(-15.875,35.,-12.86483903603));
#3008 = VECTOR('',#3009,1.);
#3009 = DIRECTION('',(0.,1.224646799147E-16,1.));
#3010 = PCURVE('',#32,#3011);
#3011 = DEFINITIONAL_REPRESENTATION('',(#3012),#3016);
#3012 = LINE('',#3013,#3014);
#3013 = CARTESIAN_POINT('',(-6.88593338651,-15.875));
#3014 = VECTOR('',#3015,1.);
#3015 = DIRECTION('',(1.,0.));
#3016 = ( GEOMETRIC_REPRESENTATION_CONTEXT(2) 
PARAMETRIC_REPRESENTATION_CONTEXT() REPRESENTATION_CONTEXT('2D SPACE',''
  ) );
#3017 = PCURVE('',#3018,#3023);
#3018 = PLANE('',#3019);
#3019 = AXIS2_PLACEMENT_3D('',#3020,#3021,#3022);
#3020 = CARTESIAN_POINT('',(-15.875,35.,-12.86483903603));
#3021 = DIRECTION('',(-1.,-0.,0.));
#3022 = DIRECTION('',(0.,1.224646799147E-16,1.));
#3023 = DEFINITIONAL_REPRESENTATION('',(#3024),#3028);
#3024 = LINE('',#3025,#3026);
#3025 = CARTESIAN_POINT('',(0.,0.));
#3026 = VECTOR('',#3027,1.);
#3027 = DIRECTION('',(1.,0.));
#3028 = ( GEOMETRIC_REPRESENTATION_CONTEXT(2) 
PARAMETRIC_REPRESENTATION_CONTEXT() REPRESENTATION_CONTEXT('2D SPACE',''
  ) );
#3029 = ADVANCED_FACE('',(#3030),#44,.T.);
#3030 = FACE_BOUND('',#3031,.T.);
#3031 = EDGE_LOOP('',(#3032,#3062,#3083,#3084));
#3032 = ORIENTED_EDGE('',*,*,#3033,.T.);
#3033 = EDGE_CURVE('',#3034,#3036,#3038,.T.);
#3034 = VERTEX_POINT('',#3035);
#3035 = CARTESIAN_POINT('',(-15.875,-35.,-7.275));
#3036 = VERTEX_POINT('',#3037);
#3037 = CARTESIAN_POINT('',(-9.110418458312,-35.,-0.510418458312));
#3038 = SURFACE_CURVE('',#3039,(#3043,#3050),.PCURVE_S1.);
#3039 = LINE('',#3040,#3041);
#3040 = CARTESIAN_POINT('',(-8.14472641238,-35.,0.455273587619));
#3041 = VECTOR('',#3042,1.);
#3042 = DIRECTION('',(0.707106781187,8.659560562355E-17,0.707106781187)
  );
#3043 = PCURVE('',#44,#3044);
#3044 = DEFINITIONAL_REPRESENTATION('',(#3045),#3049);
#3045 = LINE('',#3046,#3047);
#3046 = CARTESIAN_POINT('',(-1.209539507151,-1.));
#3047 = VECTOR('',#3048,1.);
#3048 = DIRECTION('',(-1.,-8.659560562355E-17));
#3049 = ( GEOMETRIC_REPRESENTATION_CONTEXT(2) 
PARAMETRIC_REPRESENTATION_CONTEXT() REPRESENTATION_CONTEXT('2D SPACE',''
  ) );
#3050 = PCURVE('',#3051,#3056);
#3051 = PLANE('',#3052);
#3052 = AXIS2_PLACEMENT_3D('',#3053,#3054,#3055);
#3053 = CARTESIAN_POINT('',(-2.026160160909E-15,-35.,-5.978905649522));
#3054 = DIRECTION('',(-0.,1.,-1.224646799147E-16));
#3055 = DIRECTION('',(0.,1.224646799147E-16,1.));
#3056 = DEFINITIONAL_REPRESENTATION('',(#3057),#3061);
#3057 = LINE('',#3058,#3059);
#3058 = CARTESIAN_POINT('',(6.434179237142,-8.14472641238));
#3059 = VECTOR('',#3060,1.);
#3060 = DIRECTION('',(0.707106781187,0.707106781187));
#3061 = ( GEOMETRIC_REPRESENTATION_CONTEXT(2) 
PARAMETRIC_REPRESENTATION_CONTEXT() REPRESENTATION_CONTEXT('2D SPACE',''
  ) );
#3062 = ORIENTED_EDGE('',*,*,#3063,.T.);
#3063 = EDGE_CURVE('',#3036,#24,#3064,.T.);
#3064 = SURFACE_CURVE('',#3065,(#3069,#3076),.PCURVE_S1.);
#3065 = LINE('',#3066,#3067);
#3066 = CARTESIAN_POINT('',(-9.110418458312,-35.,-0.510418458312));
#3067 = VECTOR('',#3068,1.);
#3068 = DIRECTION('',(0.,1.,0.));
#3069 = PCURVE('',#44,#3070);
#3070 = DEFINITIONAL_REPRESENTATION('',(#3071),#3075);
#3071 = LINE('',#3072,#3073);
#3072 = CARTESIAN_POINT('',(0.156155281281,-1.));
#3073 = VECTOR('',#3074,1.);
#3074 = DIRECTION('',(0.,-1.));
#3075 = ( GEOMETRIC_REPRESENTATION_CONTEXT(2) 
PARAMETRIC_REPRESENTATION_CONTEXT() REPRESENTATION_CONTEXT('2D SPACE',''
  ) );
#3076 = PCURVE('',#77,#3077);
#3077 = DEFINITIONAL_REPRESENTATION('',(#3078),#3082);
#3078 = LINE('',#3079,#3080);
#3079 = CARTESIAN_POINT('',(-0.,0.));
#3080 = VECTOR('',#3081,1.);
#3081 = DIRECTION('',(-0.,1.));
#3082 = ( GEOMETRIC_REPRESENTATION_CONTEXT(2) 
PARAMETRIC_REPRESENTATION_CONTEXT() REPRESENTATION_CONTEXT('2D SPACE',''
  ) );
#3083 = ORIENTED_EDGE('',*,*,#21,.F.);
#3084 = ORIENTED_EDGE('',*,*,#3085,.F.);
#3085 = EDGE_CURVE('',#3034,#22,#3086,.T.);
#3086 = SURFACE_CURVE('',#3087,(#3091,#3098),.PCURVE_S1.);
#3087 = LINE('',#3088,#3089);
#3088 = CARTESIAN_POINT('',(-15.875,-0.5,-7.275));
#3089 = VECTOR('',#3090,1.);
#3090 = DIRECTION('',(-0.,1.,-0.));
#3091 = PCURVE('',#44,#3092);
#3092 = DEFINITIONAL_REPRESENTATION('',(#3093),#3097);
#3093 = LINE('',#3094,#3095);
#3094 = CARTESIAN_POINT('',(9.722718241315,-35.5));
#3095 = VECTOR('',#3096,1.);
#3096 = DIRECTION('',(0.,-1.));
#3097 = ( GEOMETRIC_REPRESENTATION_CONTEXT(2) 
PARAMETRIC_REPRESENTATION_CONTEXT() REPRESENTATION_CONTEXT('2D SPACE',''
  ) );
#3098 = PCURVE('',#3018,#3099);
#3099 = DEFINITIONAL_REPRESENTATION('',(#3100),#3104);
#3100 = LINE('',#3101,#3102);
#3101 = CARTESIAN_POINT('',(5.589839036032,-35.5));
#3102 = VECTOR('',#3103,1.);
#3103 = DIRECTION('',(1.224646799147E-16,1.));
#3104 = ( GEOMETRIC_REPRESENTATION_CONTEXT(2) 
PARAMETRIC_REPRESENTATION_CONTEXT() REPRESENTATION_CONTEXT('2D SPACE',''
  ) );
#3105 = ADVANCED_FACE('',(#3106),#77,.F.);
#3106 = FACE_BOUND('',#3107,.T.);
#3107 = EDGE_LOOP('',(#3108,#3136,#3157,#3158));
#3108 = ORIENTED_EDGE('',*,*,#3109,.T.);
#3109 = EDGE_CURVE('',#3036,#3110,#3112,.T.);
#3110 = VERTEX_POINT('',#3111);
#3111 = CARTESIAN_POINT('',(-9.080341229407,-35.,-0.266097950989));
#3112 = SURFACE_CURVE('',#3113,(#3118,#3125),.PCURVE_S1.);
#3113 = CIRCLE('',#3114,0.2);
#3114 = AXIS2_PLACEMENT_3D('',#3115,#3116,#3117);
#3115 = CARTESIAN_POINT('',(-9.251839814549,-35.,-0.368997102074));
#3116 = DIRECTION('',(-0.,-1.,0.));
#3117 = DIRECTION('',(0.,-0.,1.));
#3118 = PCURVE('',#77,#3119);
#3119 = DEFINITIONAL_REPRESENTATION('',(#3120),#3124);
#3120 = LINE('',#3121,#3122);
#3121 = CARTESIAN_POINT('',(3.926990816987,-1.182631673012E-16));
#3122 = VECTOR('',#3123,1.);
#3123 = DIRECTION('',(-1.,0.));
#3124 = ( GEOMETRIC_REPRESENTATION_CONTEXT(2) 
PARAMETRIC_REPRESENTATION_CONTEXT() REPRESENTATION_CONTEXT('2D SPACE',''
  ) );
#3125 = PCURVE('',#3051,#3126);
#3126 = DEFINITIONAL_REPRESENTATION('',(#3127),#3135);
#3127 = ( BOUNDED_CURVE() B_SPLINE_CURVE(2,(#3128,#3129,#3130,#3131,
#3132,#3133,#3134),.UNSPECIFIED.,.T.,.F.) B_SPLINE_CURVE_WITH_KNOTS((1,2
    ,2,2,2,1),(-2.094395102393,0.,2.094395102393,4.188790204786,
6.28318530718,8.377580409573),.UNSPECIFIED.) CURVE() 
GEOMETRIC_REPRESENTATION_ITEM() RATIONAL_B_SPLINE_CURVE((1.,0.5,1.,0.5,
1.,0.5,1.)) REPRESENTATION_ITEM('') );
#3128 = CARTESIAN_POINT('',(5.809908547448,-9.251839814549));
#3129 = CARTESIAN_POINT('',(5.809908547448,-9.598249976063));
#3130 = CARTESIAN_POINT('',(5.509908547448,-9.425044895306));
#3131 = CARTESIAN_POINT('',(5.209908547448,-9.251839814549));
#3132 = CARTESIAN_POINT('',(5.509908547448,-9.078634733792));
#3133 = CARTESIAN_POINT('',(5.809908547448,-8.905429653035));
#3134 = CARTESIAN_POINT('',(5.809908547448,-9.251839814549));
#3135 = ( GEOMETRIC_REPRESENTATION_CONTEXT(2) 
PARAMETRIC_REPRESENTATION_CONTEXT() REPRESENTATION_CONTEXT('2D SPACE',''
  ) );
#3136 = ORIENTED_EDGE('',*,*,#3137,.T.);
#3137 = EDGE_CURVE('',#3110,#57,#3138,.T.);
#3138 = SURFACE_CURVE('',#3139,(#3143,#3150),.PCURVE_S1.);
#3139 = LINE('',#3140,#3141);
#3140 = CARTESIAN_POINT('',(-9.080341229407,-35.,-0.266097950989));
#3141 = VECTOR('',#3142,1.);
#3142 = DIRECTION('',(0.,1.,0.));
#3143 = PCURVE('',#77,#3144);
#3144 = DEFINITIONAL_REPRESENTATION('',(#3145),#3149);
#3145 = LINE('',#3146,#3147);
#3146 = CARTESIAN_POINT('',(-1.325817663668,0.));
#3147 = VECTOR('',#3148,1.);
#3148 = DIRECTION('',(-0.,1.));
#3149 = ( GEOMETRIC_REPRESENTATION_CONTEXT(2) 
PARAMETRIC_REPRESENTATION_CONTEXT() REPRESENTATION_CONTEXT('2D SPACE',''
  ) );
#3150 = PCURVE('',#105,#3151);
#3151 = DEFINITIONAL_REPRESENTATION('',(#3152),#3156);
#3152 = LINE('',#3153,#3154);
#3153 = CARTESIAN_POINT('',(5.674796613564,0.));
#3154 = VECTOR('',#3155,1.);
#3155 = DIRECTION('',(0.,-1.));
#3156 = ( GEOMETRIC_REPRESENTATION_CONTEXT(2) 
PARAMETRIC_REPRESENTATION_CONTEXT() REPRESENTATION_CONTEXT('2D SPACE',''
  ) );
#3157 = ORIENTED_EDGE('',*,*,#56,.F.);
#3158 = ORIENTED_EDGE('',*,*,#3063,.F.);
#3159 = ADVANCED_FACE('',(#3160),#3018,.T.);
#3160 = FACE_BOUND('',#3161,.T.);
#3161 = EDGE_LOOP('',(#3162,#3163,#3186,#3207));
#3162 = ORIENTED_EDGE('',*,*,#3004,.F.);
#3163 = ORIENTED_EDGE('',*,*,#3164,.T.);
#3164 = EDGE_CURVE('',#2977,#3165,#3167,.T.);
#3165 = VERTEX_POINT('',#3166);
#3166 = CARTESIAN_POINT('',(-15.875,-35.,-12.86483903603));
#3167 = SURFACE_CURVE('',#3168,(#3172,#3179),.PCURVE_S1.);
#3168 = LINE('',#3169,#3170);
#3169 = CARTESIAN_POINT('',(-15.875,35.,-12.86483903603));
#3170 = VECTOR('',#3171,1.);
#3171 = DIRECTION('',(0.,-1.,1.224646799147E-16));
#3172 = PCURVE('',#3018,#3173);
#3173 = DEFINITIONAL_REPRESENTATION('',(#3174),#3178);
#3174 = LINE('',#3175,#3176);
#3175 = CARTESIAN_POINT('',(0.,0.));
#3176 = VECTOR('',#3177,1.);
#3177 = DIRECTION('',(0.,-1.));
#3178 = ( GEOMETRIC_REPRESENTATION_CONTEXT(2) 
PARAMETRIC_REPRESENTATION_CONTEXT() REPRESENTATION_CONTEXT('2D SPACE',''
  ) );
#3179 = PCURVE('',#2992,#3180);
#3180 = DEFINITIONAL_REPRESENTATION('',(#3181),#3185);
#3181 = LINE('',#3182,#3183);
#3182 = CARTESIAN_POINT('',(0.363026120397,1.833136417637E-17));
#3183 = VECTOR('',#3184,1.);
#3184 = DIRECTION('',(-1.878351681667E-33,-1.));
#3185 = ( GEOMETRIC_REPRESENTATION_CONTEXT(2) 
PARAMETRIC_REPRESENTATION_CONTEXT() REPRESENTATION_CONTEXT('2D SPACE',''
  ) );
#3186 = ORIENTED_EDGE('',*,*,#3187,.T.);
#3187 = EDGE_CURVE('',#3165,#3034,#3188,.T.);
#3188 = SURFACE_CURVE('',#3189,(#3193,#3200),.PCURVE_S1.);
#3189 = LINE('',#3190,#3191);
#3190 = CARTESIAN_POINT('',(-15.875,-35.,-12.86483903603));
#3191 = VECTOR('',#3192,1.);
#3192 = DIRECTION('',(0.,1.224646799147E-16,1.));
#3193 = PCURVE('',#3018,#3194);
#3194 = DEFINITIONAL_REPRESENTATION('',(#3195),#3199);
#3195 = LINE('',#3196,#3197);
#3196 = CARTESIAN_POINT('',(3.092566029698E-16,-70.));
#3197 = VECTOR('',#3198,1.);
#3198 = DIRECTION('',(1.,0.));
#3199 = ( GEOMETRIC_REPRESENTATION_CONTEXT(2) 
PARAMETRIC_REPRESENTATION_CONTEXT() REPRESENTATION_CONTEXT('2D SPACE',''
  ) );
#3200 = PCURVE('',#3051,#3201);
#3201 = DEFINITIONAL_REPRESENTATION('',(#3202),#3206);
#3202 = LINE('',#3203,#3204);
#3203 = CARTESIAN_POINT('',(-6.88593338651,-15.875));
#3204 = VECTOR('',#3205,1.);
#3205 = DIRECTION('',(1.,0.));
#3206 = ( GEOMETRIC_REPRESENTATION_CONTEXT(2) 
PARAMETRIC_REPRESENTATION_CONTEXT() REPRESENTATION_CONTEXT('2D SPACE',''
  ) );
#3207 = ORIENTED_EDGE('',*,*,#3085,.T.);
#3208 = ADVANCED_FACE('',(#3209),#105,.T.);
#3209 = FACE_BOUND('',#3210,.T.);
#3210 = EDGE_LOOP('',(#3211,#3234,#3255,#3256));
#3211 = ORIENTED_EDGE('',*,*,#3212,.F.);
#3212 = EDGE_CURVE('',#3213,#3110,#3215,.T.);
#3213 = VERTEX_POINT('',#3214);
#3214 = CARTESIAN_POINT('',(-11.72739076402,-35.,4.145651273372));
#3215 = SURFACE_CURVE('',#3216,(#3220,#3227),.PCURVE_S1.);
#3216 = LINE('',#3217,#3218);
#3217 = CARTESIAN_POINT('',(-12.,-35.,4.6));
#3218 = VECTOR('',#3219,1.);
#3219 = DIRECTION('',(0.514495755428,0.,-0.857492925713));
#3220 = PCURVE('',#105,#3221);
#3221 = DEFINITIONAL_REPRESENTATION('',(#3222),#3226);
#3222 = LINE('',#3223,#3224);
#3223 = CARTESIAN_POINT('',(0.,0.));
#3224 = VECTOR('',#3225,1.);
#3225 = DIRECTION('',(1.,0.));
#3226 = ( GEOMETRIC_REPRESENTATION_CONTEXT(2) 
PARAMETRIC_REPRESENTATION_CONTEXT() REPRESENTATION_CONTEXT('2D SPACE',''
  ) );
#3227 = PCURVE('',#3051,#3228);
#3228 = DEFINITIONAL_REPRESENTATION('',(#3229),#3233);
#3229 = LINE('',#3230,#3231);
#3230 = CARTESIAN_POINT('',(10.578905649522,-12.));
#3231 = VECTOR('',#3232,1.);
#3232 = DIRECTION('',(-0.857492925713,0.514495755428));
#3233 = ( GEOMETRIC_REPRESENTATION_CONTEXT(2) 
PARAMETRIC_REPRESENTATION_CONTEXT() REPRESENTATION_CONTEXT('2D SPACE',''
  ) );
#3234 = ORIENTED_EDGE('',*,*,#3235,.T.);
#3235 = EDGE_CURVE('',#3213,#90,#3236,.T.);
#3236 = SURFACE_CURVE('',#3237,(#3241,#3248),.PCURVE_S1.);
#3237 = LINE('',#3238,#3239);
#3238 = CARTESIAN_POINT('',(-11.72739076402,-35.,4.145651273372));
#3239 = VECTOR('',#3240,1.);
#3240 = DIRECTION('',(0.,1.,0.));
#3241 = PCURVE('',#105,#3242);
#3242 = DEFINITIONAL_REPRESENTATION('',(#3243),#3247);
#3243 = LINE('',#3244,#3245);
#3244 = CARTESIAN_POINT('',(0.529857113691,0.));
#3245 = VECTOR('',#3246,1.);
#3246 = DIRECTION('',(0.,-1.));
#3247 = ( GEOMETRIC_REPRESENTATION_CONTEXT(2) 
PARAMETRIC_REPRESENTATION_CONTEXT() REPRESENTATION_CONTEXT('2D SPACE',''
  ) );
#3248 = PCURVE('',#134,#3249);
#3249 = DEFINITIONAL_REPRESENTATION('',(#3250),#3254);
#3250 = LINE('',#3251,#3252);
#3251 = CARTESIAN_POINT('',(0.,0.));
#3252 = VECTOR('',#3253,1.);
#3253 = DIRECTION('',(0.,1.));
#3254 = ( GEOMETRIC_REPRESENTATION_CONTEXT(2) 
PARAMETRIC_REPRESENTATION_CONTEXT() REPRESENTATION_CONTEXT('2D SPACE',''
  ) );
#3255 = ORIENTED_EDGE('',*,*,#89,.T.);
#3256 = ORIENTED_EDGE('',*,*,#3137,.F.);
#3257 = ADVANCED_FACE('',(#3258),#2992,.T.);
#3258 = FACE_BOUND('',#3259,.T.);
#3259 = EDGE_LOOP('',(#3260,#3283,#3304,#3305));
#3260 = ORIENTED_EDGE('',*,*,#3261,.T.);
#3261 = EDGE_CURVE('',#2949,#3262,#3264,.T.);
#3262 = VERTEX_POINT('',#3263);
#3263 = CARTESIAN_POINT('',(-15.54427083333,-35.,-12.71515208801));
#3264 = SURFACE_CURVE('',#3265,(#3269,#3276),.PCURVE_S1.);
#3265 = LINE('',#3266,#3267);
#3266 = CARTESIAN_POINT('',(-15.54427083333,35.,-12.71515208801));
#3267 = VECTOR('',#3268,1.);
#3268 = DIRECTION('',(0.,-1.,1.224646799147E-16));
#3269 = PCURVE('',#2992,#3270);
#3270 = DEFINITIONAL_REPRESENTATION('',(#3271),#3275);
#3271 = LINE('',#3272,#3273);
#3272 = CARTESIAN_POINT('',(-0.,0.));
#3273 = VECTOR('',#3274,1.);
#3274 = DIRECTION('',(-1.878351681667E-33,-1.));
#3275 = ( GEOMETRIC_REPRESENTATION_CONTEXT(2) 
PARAMETRIC_REPRESENTATION_CONTEXT() REPRESENTATION_CONTEXT('2D SPACE',''
  ) );
#3276 = PCURVE('',#2964,#3277);
#3277 = DEFINITIONAL_REPRESENTATION('',(#3278),#3282);
#3278 = LINE('',#3279,#3280);
#3279 = CARTESIAN_POINT('',(0.3614868875,1.786935022921E-17));
#3280 = VECTOR('',#3281,1.);
#3281 = DIRECTION('',(-1.230382158502E-33,-1.));
#3282 = ( GEOMETRIC_REPRESENTATION_CONTEXT(2) 
PARAMETRIC_REPRESENTATION_CONTEXT() REPRESENTATION_CONTEXT('2D SPACE',''
  ) );
#3283 = ORIENTED_EDGE('',*,*,#3284,.T.);
#3284 = EDGE_CURVE('',#3262,#3165,#3285,.T.);
#3285 = SURFACE_CURVE('',#3286,(#3290,#3297),.PCURVE_S1.);
#3286 = LINE('',#3287,#3288);
#3287 = CARTESIAN_POINT('',(-15.54427083333,-35.,-12.71515208801));
#3288 = VECTOR('',#3289,1.);
#3289 = DIRECTION('',(-0.911034077395,-5.04959922892E-17,-0.412331068226
    ));
#3290 = PCURVE('',#2992,#3291);
#3291 = DEFINITIONAL_REPRESENTATION('',(#3292),#3296);
#3292 = LINE('',#3293,#3294);
#3293 = CARTESIAN_POINT('',(-1.275161054585E-16,-70.));
#3294 = VECTOR('',#3295,1.);
#3295 = DIRECTION('',(1.,1.878351681667E-33));
#3296 = ( GEOMETRIC_REPRESENTATION_CONTEXT(2) 
PARAMETRIC_REPRESENTATION_CONTEXT() REPRESENTATION_CONTEXT('2D SPACE',''
  ) );
#3297 = PCURVE('',#3051,#3298);
#3298 = DEFINITIONAL_REPRESENTATION('',(#3299),#3303);
#3299 = LINE('',#3300,#3301);
#3300 = CARTESIAN_POINT('',(-6.736246438492,-15.54427083333));
#3301 = VECTOR('',#3302,1.);
#3302 = DIRECTION('',(-0.412331068226,-0.911034077395));
#3303 = ( GEOMETRIC_REPRESENTATION_CONTEXT(2) 
PARAMETRIC_REPRESENTATION_CONTEXT() REPRESENTATION_CONTEXT('2D SPACE',''
  ) );
#3304 = ORIENTED_EDGE('',*,*,#3164,.F.);
#3305 = ORIENTED_EDGE('',*,*,#2976,.F.);
#3306 = ADVANCED_FACE('',(#3307),#134,.T.);
#3307 = FACE_BOUND('',#3308,.T.);
#3308 = EDGE_LOOP('',(#3309,#3333,#3354,#3355));
#3309 = ORIENTED_EDGE('',*,*,#3310,.T.);
#3310 = EDGE_CURVE('',#3213,#3311,#3313,.T.);
#3311 = VERTEX_POINT('',#3312);
#3312 = CARTESIAN_POINT('',(-11.4701428863,-35.,4.6));
#3313 = SURFACE_CURVE('',#3314,(#3319,#3326),.PCURVE_S1.);
#3314 = CIRCLE('',#3315,0.3);
#3315 = AXIS2_PLACEMENT_3D('',#3316,#3317,#3318);
#3316 = CARTESIAN_POINT('',(-11.4701428863,-35.,4.3));
#3317 = DIRECTION('',(0.,1.,0.));
#3318 = DIRECTION('',(0.,-0.,1.));
#3319 = PCURVE('',#134,#3320);
#3320 = DEFINITIONAL_REPRESENTATION('',(#3321),#3325);
#3321 = LINE('',#3322,#3323);
#3322 = CARTESIAN_POINT('',(-4.171969480114,1.759522565637E-31));
#3323 = VECTOR('',#3324,1.);
#3324 = DIRECTION('',(1.,0.));
#3325 = ( GEOMETRIC_REPRESENTATION_CONTEXT(2) 
PARAMETRIC_REPRESENTATION_CONTEXT() REPRESENTATION_CONTEXT('2D SPACE',''
  ) );
#3326 = PCURVE('',#3051,#3327);
#3327 = DEFINITIONAL_REPRESENTATION('',(#3328),#3332);
#3328 = CIRCLE('',#3329,0.3);
#3329 = AXIS2_PLACEMENT_2D('',#3330,#3331);
#3330 = CARTESIAN_POINT('',(10.278905649522,-11.4701428863));
#3331 = DIRECTION('',(1.,0.));
#3332 = ( GEOMETRIC_REPRESENTATION_CONTEXT(2) 
PARAMETRIC_REPRESENTATION_CONTEXT() REPRESENTATION_CONTEXT('2D SPACE',''
  ) );
#3333 = ORIENTED_EDGE('',*,*,#3334,.T.);
#3334 = EDGE_CURVE('',#3311,#118,#3335,.T.);
#3335 = SURFACE_CURVE('',#3336,(#3340,#3347),.PCURVE_S1.);
#3336 = LINE('',#3337,#3338);
#3337 = CARTESIAN_POINT('',(-11.4701428863,-35.,4.6));
#3338 = VECTOR('',#3339,1.);
#3339 = DIRECTION('',(0.,1.,0.));
#3340 = PCURVE('',#134,#3341);
#3341 = DEFINITIONAL_REPRESENTATION('',(#3342),#3346);
#3342 = LINE('',#3343,#3344);
#3343 = CARTESIAN_POINT('',(2.111215827065,0.));
#3344 = VECTOR('',#3345,1.);
#3345 = DIRECTION('',(0.,1.));
#3346 = ( GEOMETRIC_REPRESENTATION_CONTEXT(2) 
PARAMETRIC_REPRESENTATION_CONTEXT() REPRESENTATION_CONTEXT('2D SPACE',''
  ) );
#3347 = PCURVE('',#162,#3348);
#3348 = DEFINITIONAL_REPRESENTATION('',(#3349),#3353);
#3349 = LINE('',#3350,#3351);
#3350 = CARTESIAN_POINT('',(23.470142886309,0.));
#3351 = VECTOR('',#3352,1.);
#3352 = DIRECTION('',(0.,-1.));
#3353 = ( GEOMETRIC_REPRESENTATION_CONTEXT(2) 
PARAMETRIC_REPRESENTATION_CONTEXT() REPRESENTATION_CONTEXT('2D SPACE',''
  ) );
#3354 = ORIENTED_EDGE('',*,*,#117,.F.);
#3355 = ORIENTED_EDGE('',*,*,#3235,.F.);
#3356 = ADVANCED_FACE('',(#3357),#2964,.T.);
#3357 = FACE_BOUND('',#3358,.T.);
#3358 = EDGE_LOOP('',(#3359,#3382,#3403,#3404));
#3359 = ORIENTED_EDGE('',*,*,#3360,.T.);
#3360 = EDGE_CURVE('',#2921,#3361,#3363,.T.);
#3361 = VERTEX_POINT('',#3362);
#3362 = CARTESIAN_POINT('',(-15.21354166666,-35.,-12.56923777017));
#3363 = SURFACE_CURVE('',#3364,(#3368,#3375),.PCURVE_S1.);
#3364 = LINE('',#3365,#3366);
#3365 = CARTESIAN_POINT('',(-15.21354166666,35.,-12.56923777017));
#3366 = VECTOR('',#3367,1.);
#3367 = DIRECTION('',(0.,-1.,1.224646799147E-16));
#3368 = PCURVE('',#2964,#3369);
#3369 = DEFINITIONAL_REPRESENTATION('',(#3370),#3374);
#3370 = LINE('',#3371,#3372);
#3371 = CARTESIAN_POINT('',(-0.,0.));
#3372 = VECTOR('',#3373,1.);
#3373 = DIRECTION('',(-1.230382158502E-33,-1.));
#3374 = ( GEOMETRIC_REPRESENTATION_CONTEXT(2) 
PARAMETRIC_REPRESENTATION_CONTEXT() REPRESENTATION_CONTEXT('2D SPACE',''
  ) );
#3375 = PCURVE('',#2936,#3376);
#3376 = DEFINITIONAL_REPRESENTATION('',(#3377),#3381);
#3377 = LINE('',#3378,#3379);
#3378 = CARTESIAN_POINT('',(0.359999206981,1.741310264843E-17));
#3379 = VECTOR('',#3380,1.);
#3380 = DIRECTION('',(1.296030398395E-34,-1.));
#3381 = ( GEOMETRIC_REPRESENTATION_CONTEXT(2) 
PARAMETRIC_REPRESENTATION_CONTEXT() REPRESENTATION_CONTEXT('2D SPACE',''
  ) );
#3382 = ORIENTED_EDGE('',*,*,#3383,.T.);
#3383 = EDGE_CURVE('',#3361,#3262,#3384,.T.);
#3384 = SURFACE_CURVE('',#3385,(#3389,#3396),.PCURVE_S1.);
#3385 = LINE('',#3386,#3387);
#3386 = CARTESIAN_POINT('',(-15.21354166666,-35.,-12.56923777017));
#3387 = VECTOR('',#3388,1.);
#3388 = DIRECTION('',(-0.914913315262,-4.943291402013E-17,
    -0.403650375394));
#3389 = PCURVE('',#2964,#3390);
#3390 = DEFINITIONAL_REPRESENTATION('',(#3391),#3395);
#3391 = LINE('',#3392,#3393);
#3392 = CARTESIAN_POINT('',(-1.248315438819E-16,-70.));
#3393 = VECTOR('',#3394,1.);
#3394 = DIRECTION('',(1.,1.230382158502E-33));
#3395 = ( GEOMETRIC_REPRESENTATION_CONTEXT(2) 
PARAMETRIC_REPRESENTATION_CONTEXT() REPRESENTATION_CONTEXT('2D SPACE',''
  ) );
#3396 = PCURVE('',#3051,#3397);
#3397 = DEFINITIONAL_REPRESENTATION('',(#3398),#3402);
#3398 = LINE('',#3399,#3400);
#3399 = CARTESIAN_POINT('',(-6.590332120653,-15.21354166666));
#3400 = VECTOR('',#3401,1.);
#3401 = DIRECTION('',(-0.403650375394,-0.914913315262));
#3402 = ( GEOMETRIC_REPRESENTATION_CONTEXT(2) 
PARAMETRIC_REPRESENTATION_CONTEXT() REPRESENTATION_CONTEXT('2D SPACE',''
  ) );
#3403 = ORIENTED_EDGE('',*,*,#3261,.F.);
#3404 = ORIENTED_EDGE('',*,*,#2948,.F.);
#3405 = ADVANCED_FACE('',(#3406,#3454),#162,.T.);
#3406 = FACE_BOUND('',#3407,.T.);
#3407 = EDGE_LOOP('',(#3408,#3431,#3452,#3453));
#3408 = ORIENTED_EDGE('',*,*,#3409,.F.);
#3409 = EDGE_CURVE('',#3410,#3311,#3412,.T.);
#3410 = VERTEX_POINT('',#3411);
#3411 = CARTESIAN_POINT('',(11.470142886309,-35.,4.6));
#3412 = SURFACE_CURVE('',#3413,(#3417,#3424),.PCURVE_S1.);
#3413 = LINE('',#3414,#3415);
#3414 = CARTESIAN_POINT('',(12.,-35.,4.6));
#3415 = VECTOR('',#3416,1.);
#3416 = DIRECTION('',(-1.,0.,0.));
#3417 = PCURVE('',#162,#3418);
#3418 = DEFINITIONAL_REPRESENTATION('',(#3419),#3423);
#3419 = LINE('',#3420,#3421);
#3420 = CARTESIAN_POINT('',(0.,0.));
#3421 = VECTOR('',#3422,1.);
#3422 = DIRECTION('',(1.,0.));
#3423 = ( GEOMETRIC_REPRESENTATION_CONTEXT(2) 
PARAMETRIC_REPRESENTATION_CONTEXT() REPRESENTATION_CONTEXT('2D SPACE',''
  ) );
#3424 = PCURVE('',#3051,#3425);
#3425 = DEFINITIONAL_REPRESENTATION('',(#3426),#3430);
#3426 = LINE('',#3427,#3428);
#3427 = CARTESIAN_POINT('',(10.578905649522,12.));
#3428 = VECTOR('',#3429,1.);
#3429 = DIRECTION('',(0.,-1.));
#3430 = ( GEOMETRIC_REPRESENTATION_CONTEXT(2) 
PARAMETRIC_REPRESENTATION_CONTEXT() REPRESENTATION_CONTEXT('2D SPACE',''
  ) );
#3431 = ORIENTED_EDGE('',*,*,#3432,.T.);
#3432 = EDGE_CURVE('',#3410,#147,#3433,.T.);
#3433 = SURFACE_CURVE('',#3434,(#3438,#3445),.PCURVE_S1.);
#3434 = LINE('',#3435,#3436);
#3435 = CARTESIAN_POINT('',(11.470142886309,-35.,4.6));
#3436 = VECTOR('',#3437,1.);
#3437 = DIRECTION('',(0.,1.,0.));
#3438 = PCURVE('',#162,#3439);
#3439 = DEFINITIONAL_REPRESENTATION('',(#3440),#3444);
#3440 = LINE('',#3441,#3442);
#3441 = CARTESIAN_POINT('',(0.529857113691,0.));
#3442 = VECTOR('',#3443,1.);
#3443 = DIRECTION('',(0.,-1.));
#3444 = ( GEOMETRIC_REPRESENTATION_CONTEXT(2) 
PARAMETRIC_REPRESENTATION_CONTEXT() REPRESENTATION_CONTEXT('2D SPACE',''
  ) );
#3445 = PCURVE('',#191,#3446);
#3446 = DEFINITIONAL_REPRESENTATION('',(#3447),#3451);
#3447 = LINE('',#3448,#3449);
#3448 = CARTESIAN_POINT('',(0.,0.));
#3449 = VECTOR('',#3450,1.);
#3450 = DIRECTION('',(0.,1.));
#3451 = ( GEOMETRIC_REPRESENTATION_CONTEXT(2) 
PARAMETRIC_REPRESENTATION_CONTEXT() REPRESENTATION_CONTEXT('2D SPACE',''
  ) );
#3452 = ORIENTED_EDGE('',*,*,#146,.T.);
#3453 = ORIENTED_EDGE('',*,*,#3334,.F.);
#3454 = FACE_BOUND('',#3455,.T.);
#3455 = EDGE_LOOP('',(#3456));
#3456 = ORIENTED_EDGE('',*,*,#3457,.F.);
#3457 = EDGE_CURVE('',#3458,#3458,#3460,.T.);
#3458 = VERTEX_POINT('',#3459);
#3459 = CARTESIAN_POINT('',(4.,-10.,4.6));
#3460 = SURFACE_CURVE('',#3461,(#3466,#3473),.PCURVE_S1.);
#3461 = CIRCLE('',#3462,4.);
#3462 = AXIS2_PLACEMENT_3D('',#3463,#3464,#3465);
#3463 = CARTESIAN_POINT('',(0.,-10.,4.6));
#3464 = DIRECTION('',(0.,0.,1.));
#3465 = DIRECTION('',(1.,0.,-0.));
#3466 = PCURVE('',#162,#3467);
#3467 = DEFINITIONAL_REPRESENTATION('',(#3468),#3472);
#3468 = CIRCLE('',#3469,4.);
#3469 = AXIS2_PLACEMENT_2D('',#3470,#3471);
#3470 = CARTESIAN_POINT('',(12.,-25.));
#3471 = DIRECTION('',(-1.,-0.));
#3472 = ( GEOMETRIC_REPRESENTATION_CONTEXT(2) 
PARAMETRIC_REPRESENTATION_CONTEXT() REPRESENTATION_CONTEXT('2D SPACE',''
  ) );
#3473 = PCURVE('',#3474,#3479);
#3474 = CYLINDRICAL_SURFACE('',#3475,4.);
#3475 = AXIS2_PLACEMENT_3D('',#3476,#3477,#3478);
#3476 = CARTESIAN_POINT('',(0.,-10.,4.59));
#3477 = DIRECTION('',(0.,0.,1.));
#3478 = DIRECTION('',(1.,0.,-0.));
#3479 = DEFINITIONAL_REPRESENTATION('',(#3480),#3484);
#3480 = LINE('',#3481,#3482);
#3481 = CARTESIAN_POINT('',(0.,1.E-02));
#3482 = VECTOR('',#3483,1.);
#3483 = DIRECTION('',(1.,0.));
#3484 = ( GEOMETRIC_REPRESENTATION_CONTEXT(2) 
PARAMETRIC_REPRESENTATION_CONTEXT() REPRESENTATION_CONTEXT('2D SPACE',''
  ) );
#3485 = ADVANCED_FACE('',(#3486),#2936,.T.);
#3486 = FACE_BOUND('',#3487,.T.);
#3487 = EDGE_LOOP('',(#3488,#3511,#3532,#3533));
#3488 = ORIENTED_EDGE('',*,*,#3489,.T.);
#3489 = EDGE_CURVE('',#2893,#3490,#3492,.T.);
#3490 = VERTEX_POINT('',#3491);
#3491 = CARTESIAN_POINT('',(-14.8828125,-35.,-12.42704899655));
#3492 = SURFACE_CURVE('',#3493,(#3497,#3504),.PCURVE_S1.);
#3493 = LINE('',#3494,#3495);
#3494 = CARTESIAN_POINT('',(-14.8828125,35.,-12.42704899655));
#3495 = VECTOR('',#3496,1.);
#3496 = DIRECTION('',(0.,-1.,1.224646799147E-16));
#3497 = PCURVE('',#2936,#3498);
#3498 = DEFINITIONAL_REPRESENTATION('',(#3499),#3503);
#3499 = LINE('',#3500,#3501);
#3500 = CARTESIAN_POINT('',(-0.,0.));
#3501 = VECTOR('',#3502,1.);
#3502 = DIRECTION('',(1.296030398395E-34,-1.));
#3503 = ( GEOMETRIC_REPRESENTATION_CONTEXT(2) 
PARAMETRIC_REPRESENTATION_CONTEXT() REPRESENTATION_CONTEXT('2D SPACE',''
  ) );
#3504 = PCURVE('',#2908,#3505);
#3505 = DEFINITIONAL_REPRESENTATION('',(#3506),#3510);
#3506 = LINE('',#3507,#3508);
#3507 = CARTESIAN_POINT('',(0.358561498336,1.696238224488E-17));
#3508 = VECTOR('',#3509,1.);
#3509 = DIRECTION('',(-5.169755077504E-34,-1.));
#3510 = ( GEOMETRIC_REPRESENTATION_CONTEXT(2) 
PARAMETRIC_REPRESENTATION_CONTEXT() REPRESENTATION_CONTEXT('2D SPACE',''
  ) );
#3511 = ORIENTED_EDGE('',*,*,#3512,.T.);
#3512 = EDGE_CURVE('',#3490,#3361,#3513,.T.);
#3513 = SURFACE_CURVE('',#3514,(#3518,#3525),.PCURVE_S1.);
#3514 = LINE('',#3515,#3516);
#3515 = CARTESIAN_POINT('',(-14.8828125,-35.,-12.42704899655));
#3516 = VECTOR('',#3517,1.);
#3517 = DIRECTION('',(-0.918694153358,-4.836983612957E-17,
    -0.394969685653));
#3518 = PCURVE('',#2936,#3519);
#3519 = DEFINITIONAL_REPRESENTATION('',(#3520),#3524);
#3520 = LINE('',#3521,#3522);
#3521 = CARTESIAN_POINT('',(-1.221469832612E-16,-70.));
#3522 = VECTOR('',#3523,1.);
#3523 = DIRECTION('',(1.,-1.296030398395E-34));
#3524 = ( GEOMETRIC_REPRESENTATION_CONTEXT(2) 
PARAMETRIC_REPRESENTATION_CONTEXT() REPRESENTATION_CONTEXT('2D SPACE',''
  ) );
#3525 = PCURVE('',#3051,#3526);
#3526 = DEFINITIONAL_REPRESENTATION('',(#3527),#3531);
#3527 = LINE('',#3528,#3529);
#3528 = CARTESIAN_POINT('',(-6.448143347036,-14.8828125));
#3529 = VECTOR('',#3530,1.);
#3530 = DIRECTION('',(-0.394969685653,-0.918694153358));
#3531 = ( GEOMETRIC_REPRESENTATION_CONTEXT(2) 
PARAMETRIC_REPRESENTATION_CONTEXT() REPRESENTATION_CONTEXT('2D SPACE',''
  ) );
#3532 = ORIENTED_EDGE('',*,*,#3360,.F.);
#3533 = ORIENTED_EDGE('',*,*,#2920,.F.);
#3534 = ADVANCED_FACE('',(#3535),#191,.T.);
#3535 = FACE_BOUND('',#3536,.T.);
#3536 = EDGE_LOOP('',(#3537,#3561,#3582,#3583));
#3537 = ORIENTED_EDGE('',*,*,#3538,.T.);
#3538 = EDGE_CURVE('',#3410,#3539,#3541,.T.);
#3539 = VERTEX_POINT('',#3540);
#3540 = CARTESIAN_POINT('',(11.727390764023,-35.,4.145651273372));
#3541 = SURFACE_CURVE('',#3542,(#3547,#3554),.PCURVE_S1.);
#3542 = CIRCLE('',#3543,0.3);
#3543 = AXIS2_PLACEMENT_3D('',#3544,#3545,#3546);
#3544 = CARTESIAN_POINT('',(11.470142886309,-35.,4.3));
#3545 = DIRECTION('',(0.,1.,0.));
#3546 = DIRECTION('',(0.,-0.,1.));
#3547 = PCURVE('',#191,#3548);
#3548 = DEFINITIONAL_REPRESENTATION('',(#3549),#3553);
#3549 = LINE('',#3550,#3551);
#3550 = CARTESIAN_POINT('',(0.,0.));
#3551 = VECTOR('',#3552,1.);
#3552 = DIRECTION('',(1.,0.));
#3553 = ( GEOMETRIC_REPRESENTATION_CONTEXT(2) 
PARAMETRIC_REPRESENTATION_CONTEXT() REPRESENTATION_CONTEXT('2D SPACE',''
  ) );
#3554 = PCURVE('',#3051,#3555);
#3555 = DEFINITIONAL_REPRESENTATION('',(#3556),#3560);
#3556 = CIRCLE('',#3557,0.3);
#3557 = AXIS2_PLACEMENT_2D('',#3558,#3559);
#3558 = CARTESIAN_POINT('',(10.278905649522,11.470142886309));
#3559 = DIRECTION('',(1.,0.));
#3560 = ( GEOMETRIC_REPRESENTATION_CONTEXT(2) 
PARAMETRIC_REPRESENTATION_CONTEXT() REPRESENTATION_CONTEXT('2D SPACE',''
  ) );
#3561 = ORIENTED_EDGE('',*,*,#3562,.T.);
#3562 = EDGE_CURVE('',#3539,#175,#3563,.T.);
#3563 = SURFACE_CURVE('',#3564,(#3568,#3575),.PCURVE_S1.);
#3564 = LINE('',#3565,#3566);
#3565 = CARTESIAN_POINT('',(11.727390764023,-35.,4.145651273372));
#3566 = VECTOR('',#3567,1.);
#3567 = DIRECTION('',(0.,1.,0.));
#3568 = PCURVE('',#191,#3569);
#3569 = DEFINITIONAL_REPRESENTATION('',(#3570),#3574);
#3570 = LINE('',#3571,#3572);
#3571 = CARTESIAN_POINT('',(2.111215827065,0.));
#3572 = VECTOR('',#3573,1.);
#3573 = DIRECTION('',(0.,1.));
#3574 = ( GEOMETRIC_REPRESENTATION_CONTEXT(2) 
PARAMETRIC_REPRESENTATION_CONTEXT() REPRESENTATION_CONTEXT('2D SPACE',''
  ) );
#3575 = PCURVE('',#219,#3576);
#3576 = DEFINITIONAL_REPRESENTATION('',(#3577),#3581);
#3577 = LINE('',#3578,#3579);
#3578 = CARTESIAN_POINT('',(5.301094781155,0.));
#3579 = VECTOR('',#3580,1.);
#3580 = DIRECTION('',(0.,-1.));
#3581 = ( GEOMETRIC_REPRESENTATION_CONTEXT(2) 
PARAMETRIC_REPRESENTATION_CONTEXT() REPRESENTATION_CONTEXT('2D SPACE',''
  ) );
#3582 = ORIENTED_EDGE('',*,*,#174,.F.);
#3583 = ORIENTED_EDGE('',*,*,#3432,.F.);
#3584 = ADVANCED_FACE('',(#3585),#2908,.T.);
#3585 = FACE_BOUND('',#3586,.T.);
#3586 = EDGE_LOOP('',(#3587,#3610,#3631,#3632));
#3587 = ORIENTED_EDGE('',*,*,#3588,.T.);
#3588 = EDGE_CURVE('',#2865,#3589,#3591,.T.);
#3589 = VERTEX_POINT('',#3590);
#3590 = CARTESIAN_POINT('',(-14.55208333333,-35.,-12.28854063433));
#3591 = SURFACE_CURVE('',#3592,(#3596,#3603),.PCURVE_S1.);
#3592 = LINE('',#3593,#3594);
#3593 = CARTESIAN_POINT('',(-14.55208333333,35.,-12.28854063433));
#3594 = VECTOR('',#3595,1.);
#3595 = DIRECTION('',(0.,-1.,1.224646799147E-16));
#3596 = PCURVE('',#2908,#3597);
#3597 = DEFINITIONAL_REPRESENTATION('',(#3598),#3602);
#3598 = LINE('',#3599,#3600);
#3599 = CARTESIAN_POINT('',(-0.,0.));
#3600 = VECTOR('',#3601,1.);
#3601 = DIRECTION('',(-5.169755077504E-34,-1.));
#3602 = ( GEOMETRIC_REPRESENTATION_CONTEXT(2) 
PARAMETRIC_REPRESENTATION_CONTEXT() REPRESENTATION_CONTEXT('2D SPACE',''
  ) );
#3603 = PCURVE('',#2880,#3604);
#3604 = DEFINITIONAL_REPRESENTATION('',(#3605),#3609);
#3605 = LINE('',#3606,#3607);
#3606 = CARTESIAN_POINT('',(0.357172265003,1.651696043235E-17));
#3607 = VECTOR('',#3608,1.);
#3608 = DIRECTION('',(-2.428369044214E-33,-1.));
#3609 = ( GEOMETRIC_REPRESENTATION_CONTEXT(2) 
PARAMETRIC_REPRESENTATION_CONTEXT() REPRESENTATION_CONTEXT('2D SPACE',''
  ) );
#3610 = ORIENTED_EDGE('',*,*,#3611,.T.);
#3611 = EDGE_CURVE('',#3589,#3490,#3612,.T.);
#3612 = SURFACE_CURVE('',#3613,(#3617,#3624),.PCURVE_S1.);
#3613 = LINE('',#3614,#3615);
#3614 = CARTESIAN_POINT('',(-14.55208333333,-35.,-12.28854063433));
#3615 = VECTOR('',#3616,1.);
#3616 = DIRECTION('',(-0.922377801859,-4.730675859955E-17,
    -0.386288998857));
#3617 = PCURVE('',#2908,#3618);
#3618 = DEFINITIONAL_REPRESENTATION('',(#3619),#3623);
#3619 = LINE('',#3620,#3621);
#3620 = CARTESIAN_POINT('',(-1.19462423551E-16,-70.));
#3621 = VECTOR('',#3622,1.);
#3622 = DIRECTION('',(1.,5.169755077504E-34));
#3623 = ( GEOMETRIC_REPRESENTATION_CONTEXT(2) 
PARAMETRIC_REPRESENTATION_CONTEXT() REPRESENTATION_CONTEXT('2D SPACE',''
  ) );
#3624 = PCURVE('',#3051,#3625);
#3625 = DEFINITIONAL_REPRESENTATION('',(#3626),#3630);
#3626 = LINE('',#3627,#3628);
#3627 = CARTESIAN_POINT('',(-6.309634984815,-14.55208333333));
#3628 = VECTOR('',#3629,1.);
#3629 = DIRECTION('',(-0.386288998857,-0.922377801859));
#3630 = ( GEOMETRIC_REPRESENTATION_CONTEXT(2) 
PARAMETRIC_REPRESENTATION_CONTEXT() REPRESENTATION_CONTEXT('2D SPACE',''
  ) );
#3631 = ORIENTED_EDGE('',*,*,#3489,.F.);
#3632 = ORIENTED_EDGE('',*,*,#2892,.F.);
#3633 = ADVANCED_FACE('',(#3634),#219,.T.);
#3634 = FACE_BOUND('',#3635,.T.);
#3635 = EDGE_LOOP('',(#3636,#3659,#3680,#3681));
#3636 = ORIENTED_EDGE('',*,*,#3637,.F.);
#3637 = EDGE_CURVE('',#3638,#3539,#3640,.T.);
#3638 = VERTEX_POINT('',#3639);
#3639 = CARTESIAN_POINT('',(9.080341229407,-35.,-0.266097950989));
#3640 = SURFACE_CURVE('',#3641,(#3645,#3652),.PCURVE_S1.);
#3641 = LINE('',#3642,#3643);
#3642 = CARTESIAN_POINT('',(9.,-35.,-0.4));
#3643 = VECTOR('',#3644,1.);
#3644 = DIRECTION('',(0.514495755428,0.,0.857492925713));
#3645 = PCURVE('',#219,#3646);
#3646 = DEFINITIONAL_REPRESENTATION('',(#3647),#3651);
#3647 = LINE('',#3648,#3649);
#3648 = CARTESIAN_POINT('',(0.,0.));
#3649 = VECTOR('',#3650,1.);
#3650 = DIRECTION('',(1.,0.));
#3651 = ( GEOMETRIC_REPRESENTATION_CONTEXT(2) 
PARAMETRIC_REPRESENTATION_CONTEXT() REPRESENTATION_CONTEXT('2D SPACE',''
  ) );
#3652 = PCURVE('',#3051,#3653);
#3653 = DEFINITIONAL_REPRESENTATION('',(#3654),#3658);
#3654 = LINE('',#3655,#3656);
#3655 = CARTESIAN_POINT('',(5.578905649522,9.));
#3656 = VECTOR('',#3657,1.);
#3657 = DIRECTION('',(0.857492925713,0.514495755428));
#3658 = ( GEOMETRIC_REPRESENTATION_CONTEXT(2) 
PARAMETRIC_REPRESENTATION_CONTEXT() REPRESENTATION_CONTEXT('2D SPACE',''
  ) );
#3659 = ORIENTED_EDGE('',*,*,#3660,.T.);
#3660 = EDGE_CURVE('',#3638,#204,#3661,.T.);
#3661 = SURFACE_CURVE('',#3662,(#3666,#3673),.PCURVE_S1.);
#3662 = LINE('',#3663,#3664);
#3663 = CARTESIAN_POINT('',(9.080341229407,-35.,-0.266097950989));
#3664 = VECTOR('',#3665,1.);
#3665 = DIRECTION('',(0.,1.,0.));
#3666 = PCURVE('',#219,#3667);
#3667 = DEFINITIONAL_REPRESENTATION('',(#3668),#3672);
#3668 = LINE('',#3669,#3670);
#3669 = CARTESIAN_POINT('',(0.156155281281,0.));
#3670 = VECTOR('',#3671,1.);
#3671 = DIRECTION('',(0.,-1.));
#3672 = ( GEOMETRIC_REPRESENTATION_CONTEXT(2) 
PARAMETRIC_REPRESENTATION_CONTEXT() REPRESENTATION_CONTEXT('2D SPACE',''
  ) );
#3673 = PCURVE('',#248,#3674);
#3674 = DEFINITIONAL_REPRESENTATION('',(#3675),#3679);
#3675 = LINE('',#3676,#3677);
#3676 = CARTESIAN_POINT('',(1.325817663668,0.));
#3677 = VECTOR('',#3678,1.);
#3678 = DIRECTION('',(0.,1.));
#3679 = ( GEOMETRIC_REPRESENTATION_CONTEXT(2) 
PARAMETRIC_REPRESENTATION_CONTEXT() REPRESENTATION_CONTEXT('2D SPACE',''
  ) );
#3680 = ORIENTED_EDGE('',*,*,#203,.T.);
#3681 = ORIENTED_EDGE('',*,*,#3562,.F.);
#3682 = ADVANCED_FACE('',(#3683),#2880,.T.);
#3683 = FACE_BOUND('',#3684,.T.);
#3684 = EDGE_LOOP('',(#3685,#3708,#3729,#3730));
#3685 = ORIENTED_EDGE('',*,*,#3686,.T.);
#3686 = EDGE_CURVE('',#2837,#3687,#3689,.T.);
#3687 = VERTEX_POINT('',#3688);
#3688 = CARTESIAN_POINT('',(-14.22135416666,-35.,-12.15366941723));
#3689 = SURFACE_CURVE('',#3690,(#3694,#3701),.PCURVE_S1.);
#3690 = LINE('',#3691,#3692);
#3691 = CARTESIAN_POINT('',(-14.22135416666,35.,-12.15366941723));
#3692 = VECTOR('',#3693,1.);
#3693 = DIRECTION('',(0.,-1.,1.224646799147E-16));
#3694 = PCURVE('',#2880,#3695);
#3695 = DEFINITIONAL_REPRESENTATION('',(#3696),#3700);
#3696 = LINE('',#3697,#3698);
#3697 = CARTESIAN_POINT('',(-0.,0.));
#3698 = VECTOR('',#3699,1.);
#3699 = DIRECTION('',(-2.428369044214E-33,-1.));
#3700 = ( GEOMETRIC_REPRESENTATION_CONTEXT(2) 
PARAMETRIC_REPRESENTATION_CONTEXT() REPRESENTATION_CONTEXT('2D SPACE',''
  ) );
#3701 = PCURVE('',#2852,#3702);
#3702 = DEFINITIONAL_REPRESENTATION('',(#3703),#3707);
#3703 = LINE('',#3704,#3705);
#3704 = CARTESIAN_POINT('',(0.355830089289,1.607661855251E-17));
#3705 = VECTOR('',#3706,1.);
#3706 = DIRECTION('',(1.040478128508E-33,-1.));
#3707 = ( GEOMETRIC_REPRESENTATION_CONTEXT(2) 
PARAMETRIC_REPRESENTATION_CONTEXT() REPRESENTATION_CONTEXT('2D SPACE',''
  ) );
#3708 = ORIENTED_EDGE('',*,*,#3709,.T.);
#3709 = EDGE_CURVE('',#3687,#3589,#3710,.T.);
#3710 = SURFACE_CURVE('',#3711,(#3715,#3722),.PCURVE_S1.);
#3711 = LINE('',#3712,#3713);
#3712 = CARTESIAN_POINT('',(-14.22135416666,-35.,-12.15366941723));
#3713 = VECTOR('',#3714,1.);
#3714 = DIRECTION('',(-0.925965420815,-4.624368141301E-17,
    -0.377608314864));
#3715 = PCURVE('',#2880,#3716);
#3716 = DEFINITIONAL_REPRESENTATION('',(#3717),#3721);
#3717 = LINE('',#3718,#3719);
#3718 = CARTESIAN_POINT('',(-1.167778647081E-16,-70.));
#3719 = VECTOR('',#3720,1.);
#3720 = DIRECTION('',(1.,2.428369044214E-33));
#3721 = ( GEOMETRIC_REPRESENTATION_CONTEXT(2) 
PARAMETRIC_REPRESENTATION_CONTEXT() REPRESENTATION_CONTEXT('2D SPACE',''
  ) );
#3722 = PCURVE('',#3051,#3723);
#3723 = DEFINITIONAL_REPRESENTATION('',(#3724),#3728);
#3724 = LINE('',#3725,#3726);
#3725 = CARTESIAN_POINT('',(-6.174763767711,-14.22135416666));
#3726 = VECTOR('',#3727,1.);
#3727 = DIRECTION('',(-0.377608314864,-0.925965420815));
#3728 = ( GEOMETRIC_REPRESENTATION_CONTEXT(2) 
PARAMETRIC_REPRESENTATION_CONTEXT() REPRESENTATION_CONTEXT('2D SPACE',''
  ) );
#3729 = ORIENTED_EDGE('',*,*,#3588,.F.);
#3730 = ORIENTED_EDGE('',*,*,#2864,.F.);
#3731 = ADVANCED_FACE('',(#3732),#248,.F.);
#3732 = FACE_BOUND('',#3733,.F.);
#3733 = EDGE_LOOP('',(#3734,#3758,#3759,#3760));
#3734 = ORIENTED_EDGE('',*,*,#3735,.T.);
#3735 = EDGE_CURVE('',#3736,#3638,#3738,.T.);
#3736 = VERTEX_POINT('',#3737);
#3737 = CARTESIAN_POINT('',(9.110418458312,-35.,-0.510418458312));
#3738 = SURFACE_CURVE('',#3739,(#3744,#3751),.PCURVE_S1.);
#3739 = CIRCLE('',#3740,0.2);
#3740 = AXIS2_PLACEMENT_3D('',#3741,#3742,#3743);
#3741 = CARTESIAN_POINT('',(9.251839814549,-35.,-0.368997102074));
#3742 = DIRECTION('',(0.,1.,0.));
#3743 = DIRECTION('',(0.,-0.,1.));
#3744 = PCURVE('',#248,#3745);
#3745 = DEFINITIONAL_REPRESENTATION('',(#3746),#3750);
#3746 = LINE('',#3747,#3748);
#3747 = CARTESIAN_POINT('',(-3.926990816987,3.103632124004E-16));
#3748 = VECTOR('',#3749,1.);
#3749 = DIRECTION('',(1.,0.));
#3750 = ( GEOMETRIC_REPRESENTATION_CONTEXT(2) 
PARAMETRIC_REPRESENTATION_CONTEXT() REPRESENTATION_CONTEXT('2D SPACE',''
  ) );
#3751 = PCURVE('',#3051,#3752);
#3752 = DEFINITIONAL_REPRESENTATION('',(#3753),#3757);
#3753 = CIRCLE('',#3754,0.2);
#3754 = AXIS2_PLACEMENT_2D('',#3755,#3756);
#3755 = CARTESIAN_POINT('',(5.609908547448,9.251839814549));
#3756 = DIRECTION('',(1.,0.));
#3757 = ( GEOMETRIC_REPRESENTATION_CONTEXT(2) 
PARAMETRIC_REPRESENTATION_CONTEXT() REPRESENTATION_CONTEXT('2D SPACE',''
  ) );
#3758 = ORIENTED_EDGE('',*,*,#3660,.T.);
#3759 = ORIENTED_EDGE('',*,*,#231,.F.);
#3760 = ORIENTED_EDGE('',*,*,#3761,.F.);
#3761 = EDGE_CURVE('',#3736,#232,#3762,.T.);
#3762 = SURFACE_CURVE('',#3763,(#3767,#3774),.PCURVE_S1.);
#3763 = LINE('',#3764,#3765);
#3764 = CARTESIAN_POINT('',(9.110418458312,-35.,-0.510418458312));
#3765 = VECTOR('',#3766,1.);
#3766 = DIRECTION('',(0.,1.,0.));
#3767 = PCURVE('',#248,#3768);
#3768 = DEFINITIONAL_REPRESENTATION('',(#3769),#3773);
#3769 = LINE('',#3770,#3771);
#3770 = CARTESIAN_POINT('',(0.,0.));
#3771 = VECTOR('',#3772,1.);
#3772 = DIRECTION('',(0.,1.));
#3773 = ( GEOMETRIC_REPRESENTATION_CONTEXT(2) 
PARAMETRIC_REPRESENTATION_CONTEXT() REPRESENTATION_CONTEXT('2D SPACE',''
  ) );
#3774 = PCURVE('',#276,#3775);
#3775 = DEFINITIONAL_REPRESENTATION('',(#3776),#3780);
#3776 = LINE('',#3777,#3778);
#3777 = CARTESIAN_POINT('',(9.743339655331,-1.));
#3778 = VECTOR('',#3779,1.);
#3779 = DIRECTION('',(0.,-1.));
#3780 = ( GEOMETRIC_REPRESENTATION_CONTEXT(2) 
PARAMETRIC_REPRESENTATION_CONTEXT() REPRESENTATION_CONTEXT('2D SPACE',''
  ) );
#3781 = ADVANCED_FACE('',(#3782),#2852,.T.);
#3782 = FACE_BOUND('',#3783,.T.);
#3783 = EDGE_LOOP('',(#3784,#3807,#3828,#3829));
#3784 = ORIENTED_EDGE('',*,*,#3785,.T.);
#3785 = EDGE_CURVE('',#2809,#3786,#3788,.T.);
#3786 = VERTEX_POINT('',#3787);
#3787 = CARTESIAN_POINT('',(-13.890625,-35.,-12.02239386444));
#3788 = SURFACE_CURVE('',#3789,(#3793,#3800),.PCURVE_S1.);
#3789 = LINE('',#3790,#3791);
#3790 = CARTESIAN_POINT('',(-13.890625,35.,-12.02239386444));
#3791 = VECTOR('',#3792,1.);
#3792 = DIRECTION('',(0.,-1.,1.224646799147E-16));
#3793 = PCURVE('',#2852,#3794);
#3794 = DEFINITIONAL_REPRESENTATION('',(#3795),#3799);
#3795 = LINE('',#3796,#3797);
#3796 = CARTESIAN_POINT('',(-0.,0.));
#3797 = VECTOR('',#3798,1.);
#3798 = DIRECTION('',(1.040478128508E-33,-1.));
#3799 = ( GEOMETRIC_REPRESENTATION_CONTEXT(2) 
PARAMETRIC_REPRESENTATION_CONTEXT() REPRESENTATION_CONTEXT('2D SPACE',''
  ) );
#3800 = PCURVE('',#2824,#3801);
#3801 = DEFINITIONAL_REPRESENTATION('',(#3802),#3806);
#3802 = LINE('',#3803,#3804);
#3803 = CARTESIAN_POINT('',(0.354533627698,1.56411472493E-17));
#3804 = VECTOR('',#3805,1.);
#3805 = DIRECTION('',(-2.231940041529E-34,-1.));
#3806 = ( GEOMETRIC_REPRESENTATION_CONTEXT(2) 
PARAMETRIC_REPRESENTATION_CONTEXT() REPRESENTATION_CONTEXT('2D SPACE',''
  ) );
#3807 = ORIENTED_EDGE('',*,*,#3808,.T.);
#3808 = EDGE_CURVE('',#3786,#3687,#3809,.T.);
#3809 = SURFACE_CURVE('',#3810,(#3814,#3821),.PCURVE_S1.);
#3810 = LINE('',#3811,#3812);
#3811 = CARTESIAN_POINT('',(-13.890625,-35.,-12.02239386444));
#3812 = VECTOR('',#3813,1.);
#3813 = DIRECTION('',(-0.929458122352,-4.518060455383E-17,
    -0.368927633545));
#3814 = PCURVE('',#2852,#3815);
#3815 = DEFINITIONAL_REPRESENTATION('',(#3816),#3820);
#3816 = LINE('',#3817,#3818);
#3817 = CARTESIAN_POINT('',(-1.140933066919E-16,-70.));
#3818 = VECTOR('',#3819,1.);
#3819 = DIRECTION('',(1.,-1.040478128508E-33));
#3820 = ( GEOMETRIC_REPRESENTATION_CONTEXT(2) 
PARAMETRIC_REPRESENTATION_CONTEXT() REPRESENTATION_CONTEXT('2D SPACE',''
  ) );
#3821 = PCURVE('',#3051,#3822);
#3822 = DEFINITIONAL_REPRESENTATION('',(#3823),#3827);
#3823 = LINE('',#3824,#3825);
#3824 = CARTESIAN_POINT('',(-6.043488214926,-13.890625));
#3825 = VECTOR('',#3826,1.);
#3826 = DIRECTION('',(-0.368927633545,-0.929458122352));
#3827 = ( GEOMETRIC_REPRESENTATION_CONTEXT(2) 
PARAMETRIC_REPRESENTATION_CONTEXT() REPRESENTATION_CONTEXT('2D SPACE',''
  ) );
#3828 = ORIENTED_EDGE('',*,*,#3686,.F.);
#3829 = ORIENTED_EDGE('',*,*,#2836,.F.);
#3830 = ADVANCED_FACE('',(#3831),#276,.T.);
#3831 = FACE_BOUND('',#3832,.T.);
#3832 = EDGE_LOOP('',(#3833,#3834,#3835,#3858));
#3833 = ORIENTED_EDGE('',*,*,#260,.F.);
#3834 = ORIENTED_EDGE('',*,*,#3761,.F.);
#3835 = ORIENTED_EDGE('',*,*,#3836,.T.);
#3836 = EDGE_CURVE('',#3736,#3837,#3839,.T.);
#3837 = VERTEX_POINT('',#3838);
#3838 = CARTESIAN_POINT('',(15.875,-35.,-7.275));
#3839 = SURFACE_CURVE('',#3840,(#3844,#3851),.PCURVE_S1.);
#3840 = LINE('',#3841,#3842);
#3841 = CARTESIAN_POINT('',(11.64472641238,-35.,-3.04472641238));
#3842 = VECTOR('',#3843,1.);
#3843 = DIRECTION('',(0.707106781187,-8.659560562355E-17,-0.707106781187
    ));
#3844 = PCURVE('',#276,#3845);
#3845 = DEFINITIONAL_REPRESENTATION('',(#3846),#3850);
#3846 = LINE('',#3847,#3848);
#3847 = CARTESIAN_POINT('',(6.159286975457,-1.));
#3848 = VECTOR('',#3849,1.);
#3849 = DIRECTION('',(-1.,8.659560562355E-17));
#3850 = ( GEOMETRIC_REPRESENTATION_CONTEXT(2) 
PARAMETRIC_REPRESENTATION_CONTEXT() REPRESENTATION_CONTEXT('2D SPACE',''
  ) );
#3851 = PCURVE('',#3051,#3852);
#3852 = DEFINITIONAL_REPRESENTATION('',(#3853),#3857);
#3853 = LINE('',#3854,#3855);
#3854 = CARTESIAN_POINT('',(2.934179237142,11.644726412381));
#3855 = VECTOR('',#3856,1.);
#3856 = DIRECTION('',(-0.707106781187,0.707106781187));
#3857 = ( GEOMETRIC_REPRESENTATION_CONTEXT(2) 
PARAMETRIC_REPRESENTATION_CONTEXT() REPRESENTATION_CONTEXT('2D SPACE',''
  ) );
#3858 = ORIENTED_EDGE('',*,*,#3859,.F.);
#3859 = EDGE_CURVE('',#261,#3837,#3860,.T.);
#3860 = SURFACE_CURVE('',#3861,(#3865,#3872),.PCURVE_S1.);
#3861 = LINE('',#3862,#3863);
#3862 = CARTESIAN_POINT('',(15.875,-0.5,-7.275));
#3863 = VECTOR('',#3864,1.);
#3864 = DIRECTION('',(0.,-1.,-0.));
#3865 = PCURVE('',#276,#3866);
#3866 = DEFINITIONAL_REPRESENTATION('',(#3867),#3871);
#3867 = LINE('',#3868,#3869);
#3868 = CARTESIAN_POINT('',(0.176776695297,-35.5));
#3869 = VECTOR('',#3870,1.);
#3870 = DIRECTION('',(-0.,1.));
#3871 = ( GEOMETRIC_REPRESENTATION_CONTEXT(2) 
PARAMETRIC_REPRESENTATION_CONTEXT() REPRESENTATION_CONTEXT('2D SPACE',''
  ) );
#3872 = PCURVE('',#304,#3873);
#3873 = DEFINITIONAL_REPRESENTATION('',(#3874),#3878);
#3874 = LINE('',#3875,#3876);
#3875 = CARTESIAN_POINT('',(5.375,-35.5));
#3876 = VECTOR('',#3877,1.);
#3877 = DIRECTION('',(1.224646799147E-16,-1.));
#3878 = ( GEOMETRIC_REPRESENTATION_CONTEXT(2) 
PARAMETRIC_REPRESENTATION_CONTEXT() REPRESENTATION_CONTEXT('2D SPACE',''
  ) );
#3879 = ADVANCED_FACE('',(#3880),#2824,.T.);
#3880 = FACE_BOUND('',#3881,.T.);
#3881 = EDGE_LOOP('',(#3882,#3905,#3926,#3927));
#3882 = ORIENTED_EDGE('',*,*,#3883,.T.);
#3883 = EDGE_CURVE('',#2781,#3884,#3886,.T.);
#3884 = VERTEX_POINT('',#3885);
#3885 = CARTESIAN_POINT('',(-13.55989583333,-35.,-11.8946742047));
#3886 = SURFACE_CURVE('',#3887,(#3891,#3898),.PCURVE_S1.);
#3887 = LINE('',#3888,#3889);
#3888 = CARTESIAN_POINT('',(-13.55989583333,35.,-11.8946742047));
#3889 = VECTOR('',#3890,1.);
#3890 = DIRECTION('',(0.,-1.,1.224646799147E-16));
#3891 = PCURVE('',#2824,#3892);
#3892 = DEFINITIONAL_REPRESENTATION('',(#3893),#3897);
#3893 = LINE('',#3894,#3895);
#3894 = CARTESIAN_POINT('',(-0.,0.));
#3895 = VECTOR('',#3896,1.);
#3896 = DIRECTION('',(-2.231940041529E-34,-1.));
#3897 = ( GEOMETRIC_REPRESENTATION_CONTEXT(2) 
PARAMETRIC_REPRESENTATION_CONTEXT() REPRESENTATION_CONTEXT('2D SPACE',''
  ) );
#3898 = PCURVE('',#2796,#3899);
#3899 = DEFINITIONAL_REPRESENTATION('',(#3900),#3904);
#3900 = LINE('',#3901,#3902);
#3901 = CARTESIAN_POINT('',(0.353281606607,1.521034588829E-17));
#3902 = VECTOR('',#3903,1.);
#3903 = DIRECTION('',(1.517831882578E-33,-1.));
#3904 = ( GEOMETRIC_REPRESENTATION_CONTEXT(2) 
PARAMETRIC_REPRESENTATION_CONTEXT() REPRESENTATION_CONTEXT('2D SPACE',''
  ) );
#3905 = ORIENTED_EDGE('',*,*,#3906,.T.);
#3906 = EDGE_CURVE('',#3884,#3786,#3907,.T.);
#3907 = SURFACE_CURVE('',#3908,(#3912,#3919),.PCURVE_S1.);
#3908 = LINE('',#3909,#3910);
#3909 = CARTESIAN_POINT('',(-13.55989583333,-35.,-11.8946742047));
#3910 = VECTOR('',#3911,1.);
#3911 = DIRECTION('',(-0.932856972733,-4.411752800669E-17,
    -0.360246954774));
#3912 = PCURVE('',#2824,#3913);
#3913 = DEFINITIONAL_REPRESENTATION('',(#3914),#3918);
#3914 = LINE('',#3915,#3916);
#3915 = CARTESIAN_POINT('',(-1.114087494637E-16,-70.));
#3916 = VECTOR('',#3917,1.);
#3917 = DIRECTION('',(1.,2.231940041529E-34));
#3918 = ( GEOMETRIC_REPRESENTATION_CONTEXT(2) 
PARAMETRIC_REPRESENTATION_CONTEXT() REPRESENTATION_CONTEXT('2D SPACE',''
  ) );
#3919 = PCURVE('',#3051,#3920);
#3920 = DEFINITIONAL_REPRESENTATION('',(#3921),#3925);
#3921 = LINE('',#3922,#3923);
#3922 = CARTESIAN_POINT('',(-5.915768555182,-13.55989583333));
#3923 = VECTOR('',#3924,1.);
#3924 = DIRECTION('',(-0.360246954774,-0.932856972733));
#3925 = ( GEOMETRIC_REPRESENTATION_CONTEXT(2) 
PARAMETRIC_REPRESENTATION_CONTEXT() REPRESENTATION_CONTEXT('2D SPACE',''
  ) );
#3926 = ORIENTED_EDGE('',*,*,#3785,.F.);
#3927 = ORIENTED_EDGE('',*,*,#2808,.F.);
#3928 = ADVANCED_FACE('',(#3929),#304,.T.);
#3929 = FACE_BOUND('',#3930,.T.);
#3930 = EDGE_LOOP('',(#3931,#3932,#3933,#3956));
#3931 = ORIENTED_EDGE('',*,*,#288,.F.);
#3932 = ORIENTED_EDGE('',*,*,#3859,.T.);
#3933 = ORIENTED_EDGE('',*,*,#3934,.T.);
#3934 = EDGE_CURVE('',#3837,#3935,#3937,.T.);
#3935 = VERTEX_POINT('',#3936);
#3936 = CARTESIAN_POINT('',(15.875,-35.,-12.86483903603));
#3937 = SURFACE_CURVE('',#3938,(#3942,#3949),.PCURVE_S1.);
#3938 = LINE('',#3939,#3940);
#3939 = CARTESIAN_POINT('',(15.875,-35.,-1.9));
#3940 = VECTOR('',#3941,1.);
#3941 = DIRECTION('',(0.,-1.224646799147E-16,-1.));
#3942 = PCURVE('',#304,#3943);
#3943 = DEFINITIONAL_REPRESENTATION('',(#3944),#3948);
#3944 = LINE('',#3945,#3946);
#3945 = CARTESIAN_POINT('',(1.348326068803E-16,-70.));
#3946 = VECTOR('',#3947,1.);
#3947 = DIRECTION('',(1.,0.));
#3948 = ( GEOMETRIC_REPRESENTATION_CONTEXT(2) 
PARAMETRIC_REPRESENTATION_CONTEXT() REPRESENTATION_CONTEXT('2D SPACE',''
  ) );
#3949 = PCURVE('',#3051,#3950);
#3950 = DEFINITIONAL_REPRESENTATION('',(#3951),#3955);
#3951 = LINE('',#3952,#3953);
#3952 = CARTESIAN_POINT('',(4.078905649522,15.875));
#3953 = VECTOR('',#3954,1.);
#3954 = DIRECTION('',(-1.,0.));
#3955 = ( GEOMETRIC_REPRESENTATION_CONTEXT(2) 
PARAMETRIC_REPRESENTATION_CONTEXT() REPRESENTATION_CONTEXT('2D SPACE',''
  ) );
#3956 = ORIENTED_EDGE('',*,*,#3957,.F.);
#3957 = EDGE_CURVE('',#289,#3935,#3958,.T.);
#3958 = SURFACE_CURVE('',#3959,(#3963,#3970),.PCURVE_S1.);
#3959 = LINE('',#3960,#3961);
#3960 = CARTESIAN_POINT('',(15.875,35.,-12.86483903603));
#3961 = VECTOR('',#3962,1.);
#3962 = DIRECTION('',(0.,-1.,1.224646799147E-16));
#3963 = PCURVE('',#304,#3964);
#3964 = DEFINITIONAL_REPRESENTATION('',(#3965),#3969);
#3965 = LINE('',#3966,#3967);
#3966 = CARTESIAN_POINT('',(10.964839036032,1.342805502864E-15));
#3967 = VECTOR('',#3968,1.);
#3968 = DIRECTION('',(0.,-1.));
#3969 = ( GEOMETRIC_REPRESENTATION_CONTEXT(2) 
PARAMETRIC_REPRESENTATION_CONTEXT() REPRESENTATION_CONTEXT('2D SPACE',''
  ) );
#3970 = PCURVE('',#332,#3971);
#3971 = DEFINITIONAL_REPRESENTATION('',(#3972),#3976);
#3972 = LINE('',#3973,#3974);
#3973 = CARTESIAN_POINT('',(0.,0.));
#3974 = VECTOR('',#3975,1.);
#3975 = DIRECTION('',(-1.177447069849E-33,-1.));
#3976 = ( GEOMETRIC_REPRESENTATION_CONTEXT(2) 
PARAMETRIC_REPRESENTATION_CONTEXT() REPRESENTATION_CONTEXT('2D SPACE',''
  ) );
#3977 = ADVANCED_FACE('',(#3978),#2796,.T.);
#3978 = FACE_BOUND('',#3979,.T.);
#3979 = EDGE_LOOP('',(#3980,#4003,#4024,#4025));
#3980 = ORIENTED_EDGE('',*,*,#3981,.T.);
#3981 = EDGE_CURVE('',#2753,#3982,#3984,.T.);
#3982 = VERTEX_POINT('',#3983);
#3983 = CARTESIAN_POINT('',(-13.22916666666,-35.,-11.77047230503));
#3984 = SURFACE_CURVE('',#3985,(#3989,#3996),.PCURVE_S1.);
#3985 = LINE('',#3986,#3987);
#3986 = CARTESIAN_POINT('',(-13.22916666666,35.,-11.77047230503));
#3987 = VECTOR('',#3988,1.);
#3988 = DIRECTION('',(0.,-1.,1.224646799147E-16));
#3989 = PCURVE('',#2796,#3990);
#3990 = DEFINITIONAL_REPRESENTATION('',(#3991),#3995);
#3991 = LINE('',#3992,#3993);
#3992 = CARTESIAN_POINT('',(-0.,0.));
#3993 = VECTOR('',#3994,1.);
#3994 = DIRECTION('',(1.517831882578E-33,-1.));
#3995 = ( GEOMETRIC_REPRESENTATION_CONTEXT(2) 
PARAMETRIC_REPRESENTATION_CONTEXT() REPRESENTATION_CONTEXT('2D SPACE',''
  ) );
#3996 = PCURVE('',#2768,#3997);
#3997 = DEFINITIONAL_REPRESENTATION('',(#3998),#4002);
#3998 = LINE('',#3999,#4000);
#3999 = CARTESIAN_POINT('',(0.352072818255,1.478402201715E-17));
#4000 = VECTOR('',#4001,1.);
#4001 = DIRECTION('',(2.263112785745E-33,-1.));
#4002 = ( GEOMETRIC_REPRESENTATION_CONTEXT(2) 
PARAMETRIC_REPRESENTATION_CONTEXT() REPRESENTATION_CONTEXT('2D SPACE',''
  ) );
#4003 = ORIENTED_EDGE('',*,*,#4004,.T.);
#4004 = EDGE_CURVE('',#3982,#3884,#4005,.T.);
#4005 = SURFACE_CURVE('',#4006,(#4010,#4017),.PCURVE_S1.);
#4006 = LINE('',#4007,#4008);
#4007 = CARTESIAN_POINT('',(-13.22916666666,-35.,-11.77047230503));
#4008 = VECTOR('',#4009,1.);
#4009 = DIRECTION('',(-0.936162994285,-4.305445175704E-17,
    -0.351566278432));
#4010 = PCURVE('',#2796,#4011);
#4011 = DEFINITIONAL_REPRESENTATION('',(#4012),#4016);
#4012 = LINE('',#4013,#4014);
#4013 = CARTESIAN_POINT('',(-1.087241929867E-16,-70.));
#4014 = VECTOR('',#4015,1.);
#4015 = DIRECTION('',(1.,-1.517831882578E-33));
#4016 = ( GEOMETRIC_REPRESENTATION_CONTEXT(2) 
PARAMETRIC_REPRESENTATION_CONTEXT() REPRESENTATION_CONTEXT('2D SPACE',''
  ) );
#4017 = PCURVE('',#3051,#4018);
#4018 = DEFINITIONAL_REPRESENTATION('',(#4019),#4023);
#4019 = LINE('',#4020,#4021);
#4020 = CARTESIAN_POINT('',(-5.791566655509,-13.22916666666));
#4021 = VECTOR('',#4022,1.);
#4022 = DIRECTION('',(-0.351566278432,-0.936162994285));
#4023 = ( GEOMETRIC_REPRESENTATION_CONTEXT(2) 
PARAMETRIC_REPRESENTATION_CONTEXT() REPRESENTATION_CONTEXT('2D SPACE',''
  ) );
#4024 = ORIENTED_EDGE('',*,*,#3883,.F.);
#4025 = ORIENTED_EDGE('',*,*,#2780,.F.);
#4026 = ADVANCED_FACE('',(#4027),#332,.T.);
#4027 = FACE_BOUND('',#4028,.T.);
#4028 = EDGE_LOOP('',(#4029,#4030,#4053,#4074));
#4029 = ORIENTED_EDGE('',*,*,#3957,.T.);
#4030 = ORIENTED_EDGE('',*,*,#4031,.T.);
#4031 = EDGE_CURVE('',#3935,#4032,#4034,.T.);
#4032 = VERTEX_POINT('',#4033);
#4033 = CARTESIAN_POINT('',(15.544270833333,-35.,-12.71515208801));
#4034 = SURFACE_CURVE('',#4035,(#4039,#4046),.PCURVE_S1.);
#4035 = LINE('',#4036,#4037);
#4036 = CARTESIAN_POINT('',(15.875,-35.,-12.86483903603));
#4037 = VECTOR('',#4038,1.);
#4038 = DIRECTION('',(-0.911034077395,5.04959922892E-17,0.412331068226)
  );
#4039 = PCURVE('',#332,#4040);
#4040 = DEFINITIONAL_REPRESENTATION('',(#4041),#4045);
#4041 = LINE('',#4042,#4043);
#4042 = CARTESIAN_POINT('',(1.275161054585E-16,-70.));
#4043 = VECTOR('',#4044,1.);
#4044 = DIRECTION('',(1.,1.177447069849E-33));
#4045 = ( GEOMETRIC_REPRESENTATION_CONTEXT(2) 
PARAMETRIC_REPRESENTATION_CONTEXT() REPRESENTATION_CONTEXT('2D SPACE',''
  ) );
#4046 = PCURVE('',#3051,#4047);
#4047 = DEFINITIONAL_REPRESENTATION('',(#4048),#4052);
#4048 = LINE('',#4049,#4050);
#4049 = CARTESIAN_POINT('',(-6.88593338651,15.875));
#4050 = VECTOR('',#4051,1.);
#4051 = DIRECTION('',(0.412331068226,-0.911034077395));
#4052 = ( GEOMETRIC_REPRESENTATION_CONTEXT(2) 
PARAMETRIC_REPRESENTATION_CONTEXT() REPRESENTATION_CONTEXT('2D SPACE',''
  ) );
#4053 = ORIENTED_EDGE('',*,*,#4054,.F.);
#4054 = EDGE_CURVE('',#317,#4032,#4055,.T.);
#4055 = SURFACE_CURVE('',#4056,(#4060,#4067),.PCURVE_S1.);
#4056 = LINE('',#4057,#4058);
#4057 = CARTESIAN_POINT('',(15.544270833333,35.,-12.71515208801));
#4058 = VECTOR('',#4059,1.);
#4059 = DIRECTION('',(0.,-1.,1.224646799147E-16));
#4060 = PCURVE('',#332,#4061);
#4061 = DEFINITIONAL_REPRESENTATION('',(#4062),#4066);
#4062 = LINE('',#4063,#4064);
#4063 = CARTESIAN_POINT('',(0.363026120397,-1.833136417637E-17));
#4064 = VECTOR('',#4065,1.);
#4065 = DIRECTION('',(-1.177447069849E-33,-1.));
#4066 = ( GEOMETRIC_REPRESENTATION_CONTEXT(2) 
PARAMETRIC_REPRESENTATION_CONTEXT() REPRESENTATION_CONTEXT('2D SPACE',''
  ) );
#4067 = PCURVE('',#360,#4068);
#4068 = DEFINITIONAL_REPRESENTATION('',(#4069),#4073);
#4069 = LINE('',#4070,#4071);
#4070 = CARTESIAN_POINT('',(0.,0.));
#4071 = VECTOR('',#4072,1.);
#4072 = DIRECTION('',(-9.241409168997E-33,-1.));
#4073 = ( GEOMETRIC_REPRESENTATION_CONTEXT(2) 
PARAMETRIC_REPRESENTATION_CONTEXT() REPRESENTATION_CONTEXT('2D SPACE',''
  ) );
#4074 = ORIENTED_EDGE('',*,*,#316,.F.);
#4075 = ADVANCED_FACE('',(#4076),#2768,.T.);
#4076 = FACE_BOUND('',#4077,.T.);
#4077 = EDGE_LOOP('',(#4078,#4101,#4122,#4123));
#4078 = ORIENTED_EDGE('',*,*,#4079,.T.);
#4079 = EDGE_CURVE('',#2725,#4080,#4082,.T.);
#4080 = VERTEX_POINT('',#4081);
#4081 = CARTESIAN_POINT('',(-12.8984375,-35.,-11.64975160394));
#4082 = SURFACE_CURVE('',#4083,(#4087,#4094),.PCURVE_S1.);
#4083 = LINE('',#4084,#4085);
#4084 = CARTESIAN_POINT('',(-12.8984375,35.,-11.64975160394));
#4085 = VECTOR('',#4086,1.);
#4086 = DIRECTION('',(0.,-1.,1.224646799147E-16));
#4087 = PCURVE('',#2768,#4088);
#4088 = DEFINITIONAL_REPRESENTATION('',(#4089),#4093);
#4089 = LINE('',#4090,#4091);
#4090 = CARTESIAN_POINT('',(-0.,0.));
#4091 = VECTOR('',#4092,1.);
#4092 = DIRECTION('',(2.263112785745E-33,-1.));
#4093 = ( GEOMETRIC_REPRESENTATION_CONTEXT(2) 
PARAMETRIC_REPRESENTATION_CONTEXT() REPRESENTATION_CONTEXT('2D SPACE',''
  ) );
#4094 = PCURVE('',#2740,#4095);
#4095 = DEFINITIONAL_REPRESENTATION('',(#4096),#4100);
#4096 = LINE('',#4097,#4098);
#4097 = CARTESIAN_POINT('',(0.350906117045,1.436199086379E-17));
#4098 = VECTOR('',#4099,1.);
#4099 = DIRECTION('',(8.693828093463E-33,-1.));
#4100 = ( GEOMETRIC_REPRESENTATION_CONTEXT(2) 
PARAMETRIC_REPRESENTATION_CONTEXT() REPRESENTATION_CONTEXT('2D SPACE',''
  ) );
#4101 = ORIENTED_EDGE('',*,*,#4102,.T.);
#4102 = EDGE_CURVE('',#4080,#3982,#4103,.T.);
#4103 = SURFACE_CURVE('',#4104,(#4108,#4115),.PCURVE_S1.);
#4104 = LINE('',#4105,#4106);
#4105 = CARTESIAN_POINT('',(-12.8984375,-35.,-11.64975160394));
#4106 = VECTOR('',#4107,1.);
#4107 = DIRECTION('',(-0.939377167218,-4.199137579106E-17,
    -0.342885604407));
#4108 = PCURVE('',#2768,#4109);
#4109 = DEFINITIONAL_REPRESENTATION('',(#4110),#4114);
#4110 = LINE('',#4111,#4112);
#4111 = CARTESIAN_POINT('',(-1.060396372261E-16,-70.));
#4112 = VECTOR('',#4113,1.);
#4113 = DIRECTION('',(1.,-2.263112785745E-33));
#4114 = ( GEOMETRIC_REPRESENTATION_CONTEXT(2) 
PARAMETRIC_REPRESENTATION_CONTEXT() REPRESENTATION_CONTEXT('2D SPACE',''
  ) );
#4115 = PCURVE('',#3051,#4116);
#4116 = DEFINITIONAL_REPRESENTATION('',(#4117),#4121);
#4117 = LINE('',#4118,#4119);
#4118 = CARTESIAN_POINT('',(-5.670845954426,-12.8984375));
#4119 = VECTOR('',#4120,1.);
#4120 = DIRECTION('',(-0.342885604407,-0.939377167218));
#4121 = ( GEOMETRIC_REPRESENTATION_CONTEXT(2) 
PARAMETRIC_REPRESENTATION_CONTEXT() REPRESENTATION_CONTEXT('2D SPACE',''
  ) );
#4122 = ORIENTED_EDGE('',*,*,#3981,.F.);
#4123 = ORIENTED_EDGE('',*,*,#2752,.F.);
#4124 = ADVANCED_FACE('',(#4125),#360,.T.);
#4125 = FACE_BOUND('',#4126,.T.);
#4126 = EDGE_LOOP('',(#4127,#4128,#4151,#4172));
#4127 = ORIENTED_EDGE('',*,*,#4054,.T.);
#4128 = ORIENTED_EDGE('',*,*,#4129,.T.);
#4129 = EDGE_CURVE('',#4032,#4130,#4132,.T.);
#4130 = VERTEX_POINT('',#4131);
#4131 = CARTESIAN_POINT('',(15.213541666667,-35.,-12.56923777017));
#4132 = SURFACE_CURVE('',#4133,(#4137,#4144),.PCURVE_S1.);
#4133 = LINE('',#4134,#4135);
#4134 = CARTESIAN_POINT('',(15.544270833333,-35.,-12.71515208801));
#4135 = VECTOR('',#4136,1.);
#4136 = DIRECTION('',(-0.914913315262,4.943291402013E-17,0.403650375394)
  );
#4137 = PCURVE('',#360,#4138);
#4138 = DEFINITIONAL_REPRESENTATION('',(#4139),#4143);
#4139 = LINE('',#4140,#4141);
#4140 = CARTESIAN_POINT('',(1.248315438819E-16,-70.));
#4141 = VECTOR('',#4142,1.);
#4142 = DIRECTION('',(1.,3.078433346958E-33));
#4143 = ( GEOMETRIC_REPRESENTATION_CONTEXT(2) 
PARAMETRIC_REPRESENTATION_CONTEXT() REPRESENTATION_CONTEXT('2D SPACE',''
  ) );
#4144 = PCURVE('',#3051,#4145);
#4145 = DEFINITIONAL_REPRESENTATION('',(#4146),#4150);
#4146 = LINE('',#4147,#4148);
#4147 = CARTESIAN_POINT('',(-6.736246438492,15.544270833333));
#4148 = VECTOR('',#4149,1.);
#4149 = DIRECTION('',(0.403650375394,-0.914913315262));
#4150 = ( GEOMETRIC_REPRESENTATION_CONTEXT(2) 
PARAMETRIC_REPRESENTATION_CONTEXT() REPRESENTATION_CONTEXT('2D SPACE',''
  ) );
#4151 = ORIENTED_EDGE('',*,*,#4152,.F.);
#4152 = EDGE_CURVE('',#345,#4130,#4153,.T.);
#4153 = SURFACE_CURVE('',#4154,(#4158,#4165),.PCURVE_S1.);
#4154 = LINE('',#4155,#4156);
#4155 = CARTESIAN_POINT('',(15.213541666667,35.,-12.56923777017));
#4156 = VECTOR('',#4157,1.);
#4157 = DIRECTION('',(0.,-1.,1.224646799147E-16));
#4158 = PCURVE('',#360,#4159);
#4159 = DEFINITIONAL_REPRESENTATION('',(#4160),#4164);
#4160 = LINE('',#4161,#4162);
#4161 = CARTESIAN_POINT('',(0.3614868875,-1.786935022921E-17));
#4162 = VECTOR('',#4163,1.);
#4163 = DIRECTION('',(-9.241409168997E-33,-1.));
#4164 = ( GEOMETRIC_REPRESENTATION_CONTEXT(2) 
PARAMETRIC_REPRESENTATION_CONTEXT() REPRESENTATION_CONTEXT('2D SPACE',''
  ) );
#4165 = PCURVE('',#388,#4166);
#4166 = DEFINITIONAL_REPRESENTATION('',(#4167),#4171);
#4167 = LINE('',#4168,#4169);
#4168 = CARTESIAN_POINT('',(0.,0.));
#4169 = VECTOR('',#4170,1.);
#4170 = DIRECTION('',(8.505370307527E-33,-1.));
#4171 = ( GEOMETRIC_REPRESENTATION_CONTEXT(2) 
PARAMETRIC_REPRESENTATION_CONTEXT() REPRESENTATION_CONTEXT('2D SPACE',''
  ) );
#4172 = ORIENTED_EDGE('',*,*,#344,.F.);
#4173 = ADVANCED_FACE('',(#4174),#2740,.T.);
#4174 = FACE_BOUND('',#4175,.T.);
#4175 = EDGE_LOOP('',(#4176,#4199,#4220,#4221));
#4176 = ORIENTED_EDGE('',*,*,#4177,.T.);
#4177 = EDGE_CURVE('',#2697,#4178,#4180,.T.);
#4178 = VERTEX_POINT('',#4179);
#4179 = CARTESIAN_POINT('',(-12.56770833333,-35.,-11.53247704875));
#4180 = SURFACE_CURVE('',#4181,(#4185,#4192),.PCURVE_S1.);
#4181 = LINE('',#4182,#4183);
#4182 = CARTESIAN_POINT('',(-12.56770833333,35.,-11.53247704875));
#4183 = VECTOR('',#4184,1.);
#4184 = DIRECTION('',(0.,-1.,1.224646799147E-16));
#4185 = PCURVE('',#2740,#4186);
#4186 = DEFINITIONAL_REPRESENTATION('',(#4187),#4191);
#4187 = LINE('',#4188,#4189);
#4188 = CARTESIAN_POINT('',(-0.,0.));
#4189 = VECTOR('',#4190,1.);
#4190 = DIRECTION('',(8.693828093463E-33,-1.));
#4191 = ( GEOMETRIC_REPRESENTATION_CONTEXT(2) 
PARAMETRIC_REPRESENTATION_CONTEXT() REPRESENTATION_CONTEXT('2D SPACE',''
  ) );
#4192 = PCURVE('',#2712,#4193);
#4193 = DEFINITIONAL_REPRESENTATION('',(#4194),#4198);
#4194 = LINE('',#4195,#4196);
#4195 = CARTESIAN_POINT('',(0.349780416102,1.394407486889E-17));
#4196 = VECTOR('',#4197,1.);
#4197 = DIRECTION('',(-2.7260448502E-33,-1.));
#4198 = ( GEOMETRIC_REPRESENTATION_CONTEXT(2) 
PARAMETRIC_REPRESENTATION_CONTEXT() REPRESENTATION_CONTEXT('2D SPACE',''
  ) );
#4199 = ORIENTED_EDGE('',*,*,#4200,.T.);
#4200 = EDGE_CURVE('',#4178,#4080,#4201,.T.);
#4201 = SURFACE_CURVE('',#4202,(#4206,#4213),.PCURVE_S1.);
#4202 = LINE('',#4203,#4204);
#4203 = CARTESIAN_POINT('',(-12.56770833333,-35.,-11.53247704875));
#4204 = VECTOR('',#4205,1.);
#4205 = DIRECTION('',(-0.942500431317,-4.092830009557E-17,-0.33420493259
    ));
#4206 = PCURVE('',#2740,#4207);
#4207 = DEFINITIONAL_REPRESENTATION('',(#4208),#4212);
#4208 = LINE('',#4209,#4210);
#4209 = CARTESIAN_POINT('',(-1.033550821486E-16,-70.));
#4210 = VECTOR('',#4211,1.);
#4211 = DIRECTION('',(1.,-2.530852271424E-33));
#4212 = ( GEOMETRIC_REPRESENTATION_CONTEXT(2) 
PARAMETRIC_REPRESENTATION_CONTEXT() REPRESENTATION_CONTEXT('2D SPACE',''
  ) );
#4213 = PCURVE('',#3051,#4214);
#4214 = DEFINITIONAL_REPRESENTATION('',(#4215),#4219);
#4215 = LINE('',#4216,#4217);
#4216 = CARTESIAN_POINT('',(-5.553571399234,-12.56770833333));
#4217 = VECTOR('',#4218,1.);
#4218 = DIRECTION('',(-0.33420493259,-0.942500431317));
#4219 = ( GEOMETRIC_REPRESENTATION_CONTEXT(2) 
PARAMETRIC_REPRESENTATION_CONTEXT() REPRESENTATION_CONTEXT('2D SPACE',''
  ) );
#4220 = ORIENTED_EDGE('',*,*,#4079,.F.);
#4221 = ORIENTED_EDGE('',*,*,#2724,.F.);
#4222 = ADVANCED_FACE('',(#4223),#388,.T.);
#4223 = FACE_BOUND('',#4224,.T.);
#4224 = EDGE_LOOP('',(#4225,#4226,#4249,#4270));
#4225 = ORIENTED_EDGE('',*,*,#4152,.T.);
#4226 = ORIENTED_EDGE('',*,*,#4227,.T.);
#4227 = EDGE_CURVE('',#4130,#4228,#4230,.T.);
#4228 = VERTEX_POINT('',#4229);
#4229 = CARTESIAN_POINT('',(14.8828125,-35.,-12.42704899655));
#4230 = SURFACE_CURVE('',#4231,(#4235,#4242),.PCURVE_S1.);
#4231 = LINE('',#4232,#4233);
#4232 = CARTESIAN_POINT('',(15.213541666667,-35.,-12.56923777017));
#4233 = VECTOR('',#4234,1.);
#4234 = DIRECTION('',(-0.918694153358,4.836983612957E-17,0.394969685653)
  );
#4235 = PCURVE('',#388,#4236);
#4236 = DEFINITIONAL_REPRESENTATION('',(#4237),#4241);
#4237 = LINE('',#4238,#4239);
#4238 = CARTESIAN_POINT('',(1.221469832612E-16,-70.));
#4239 = VECTOR('',#4240,1.);
#4240 = DIRECTION('',(1.,-2.342394485488E-33));
#4241 = ( GEOMETRIC_REPRESENTATION_CONTEXT(2) 
PARAMETRIC_REPRESENTATION_CONTEXT() REPRESENTATION_CONTEXT('2D SPACE',''
  ) );
#4242 = PCURVE('',#3051,#4243);
#4243 = DEFINITIONAL_REPRESENTATION('',(#4244),#4248);
#4244 = LINE('',#4245,#4246);
#4245 = CARTESIAN_POINT('',(-6.590332120653,15.213541666667));
#4246 = VECTOR('',#4247,1.);
#4247 = DIRECTION('',(0.394969685653,-0.918694153358));
#4248 = ( GEOMETRIC_REPRESENTATION_CONTEXT(2) 
PARAMETRIC_REPRESENTATION_CONTEXT() REPRESENTATION_CONTEXT('2D SPACE',''
  ) );
#4249 = ORIENTED_EDGE('',*,*,#4250,.F.);
#4250 = EDGE_CURVE('',#373,#4228,#4251,.T.);
#4251 = SURFACE_CURVE('',#4252,(#4256,#4263),.PCURVE_S1.);
#4252 = LINE('',#4253,#4254);
#4253 = CARTESIAN_POINT('',(14.8828125,35.,-12.42704899655));
#4254 = VECTOR('',#4255,1.);
#4255 = DIRECTION('',(0.,-1.,1.224646799147E-16));
#4256 = PCURVE('',#388,#4257);
#4257 = DEFINITIONAL_REPRESENTATION('',(#4258),#4262);
#4258 = LINE('',#4259,#4260);
#4259 = CARTESIAN_POINT('',(0.359999206981,-1.741310264843E-17));
#4260 = VECTOR('',#4261,1.);
#4261 = DIRECTION('',(8.505370307527E-33,-1.));
#4262 = ( GEOMETRIC_REPRESENTATION_CONTEXT(2) 
PARAMETRIC_REPRESENTATION_CONTEXT() REPRESENTATION_CONTEXT('2D SPACE',''
  ) );
#4263 = PCURVE('',#416,#4264);
#4264 = DEFINITIONAL_REPRESENTATION('',(#4265),#4269);
#4265 = LINE('',#4266,#4267);
#4266 = CARTESIAN_POINT('',(0.,0.));
#4267 = VECTOR('',#4268,1.);
#4268 = DIRECTION('',(2.988973033078E-33,-1.));
#4269 = ( GEOMETRIC_REPRESENTATION_CONTEXT(2) 
PARAMETRIC_REPRESENTATION_CONTEXT() REPRESENTATION_CONTEXT('2D SPACE',''
  ) );
#4270 = ORIENTED_EDGE('',*,*,#372,.F.);
#4271 = ADVANCED_FACE('',(#4272),#2712,.T.);
#4272 = FACE_BOUND('',#4273,.T.);
#4273 = EDGE_LOOP('',(#4274,#4297,#4318,#4319));
#4274 = ORIENTED_EDGE('',*,*,#4275,.T.);
#4275 = EDGE_CURVE('',#2669,#4276,#4278,.T.);
#4276 = VERTEX_POINT('',#4277);
#4277 = CARTESIAN_POINT('',(-12.23697916666,-35.,-11.41861503663));
#4278 = SURFACE_CURVE('',#4279,(#4283,#4290),.PCURVE_S1.);
#4279 = LINE('',#4280,#4281);
#4280 = CARTESIAN_POINT('',(-12.23697916666,35.,-11.41861503663));
#4281 = VECTOR('',#4282,1.);
#4282 = DIRECTION('',(0.,-1.,1.224646799147E-16));
#4283 = PCURVE('',#2712,#4284);
#4284 = DEFINITIONAL_REPRESENTATION('',(#4285),#4289);
#4285 = LINE('',#4286,#4287);
#4286 = CARTESIAN_POINT('',(-0.,0.));
#4287 = VECTOR('',#4288,1.);
#4288 = DIRECTION('',(-2.7260448502E-33,-1.));
#4289 = ( GEOMETRIC_REPRESENTATION_CONTEXT(2) 
PARAMETRIC_REPRESENTATION_CONTEXT() REPRESENTATION_CONTEXT('2D SPACE',''
  ) );
#4290 = PCURVE('',#2684,#4291);
#4291 = DEFINITIONAL_REPRESENTATION('',(#4292),#4296);
#4292 = LINE('',#4293,#4294);
#4293 = CARTESIAN_POINT('',(0.348694684084,1.353010325003E-17));
#4294 = VECTOR('',#4295,1.);
#4295 = DIRECTION('',(5.818708098291E-33,-1.));
#4296 = ( GEOMETRIC_REPRESENTATION_CONTEXT(2) 
PARAMETRIC_REPRESENTATION_CONTEXT() REPRESENTATION_CONTEXT('2D SPACE',''
  ) );
#4297 = ORIENTED_EDGE('',*,*,#4298,.T.);
#4298 = EDGE_CURVE('',#4276,#4178,#4299,.T.);
#4299 = SURFACE_CURVE('',#4300,(#4304,#4311),.PCURVE_S1.);
#4300 = LINE('',#4301,#4302);
#4301 = CARTESIAN_POINT('',(-12.23697916666,-35.,-11.41861503663));
#4302 = VECTOR('',#4303,1.);
#4303 = DIRECTION('',(-0.945533687542,-3.986522465806E-17,-0.32552426288
    ));
#4304 = PCURVE('',#2712,#4305);
#4305 = DEFINITIONAL_REPRESENTATION('',(#4306),#4310);
#4306 = LINE('',#4307,#4308);
#4307 = CARTESIAN_POINT('',(-1.006705277225E-16,-70.));
#4308 = VECTOR('',#4309,1.);
#4309 = DIRECTION('',(1.,2.7260448502E-33));
#4310 = ( GEOMETRIC_REPRESENTATION_CONTEXT(2) 
PARAMETRIC_REPRESENTATION_CONTEXT() REPRESENTATION_CONTEXT('2D SPACE',''
  ) );
#4311 = PCURVE('',#3051,#4312);
#4312 = DEFINITIONAL_REPRESENTATION('',(#4313),#4317);
#4313 = LINE('',#4314,#4315);
#4314 = CARTESIAN_POINT('',(-5.439709387113,-12.23697916666));
#4315 = VECTOR('',#4316,1.);
#4316 = DIRECTION('',(-0.32552426288,-0.945533687542));
#4317 = ( GEOMETRIC_REPRESENTATION_CONTEXT(2) 
PARAMETRIC_REPRESENTATION_CONTEXT() REPRESENTATION_CONTEXT('2D SPACE',''
  ) );
#4318 = ORIENTED_EDGE('',*,*,#4177,.F.);
#4319 = ORIENTED_EDGE('',*,*,#2696,.F.);
#4320 = ADVANCED_FACE('',(#4321),#416,.T.);
#4321 = FACE_BOUND('',#4322,.T.);
#4322 = EDGE_LOOP('',(#4323,#4324,#4347,#4368));
#4323 = ORIENTED_EDGE('',*,*,#4250,.T.);
#4324 = ORIENTED_EDGE('',*,*,#4325,.T.);
#4325 = EDGE_CURVE('',#4228,#4326,#4328,.T.);
#4326 = VERTEX_POINT('',#4327);
#4327 = CARTESIAN_POINT('',(14.552083333333,-35.,-12.28854063433));
#4328 = SURFACE_CURVE('',#4329,(#4333,#4340),.PCURVE_S1.);
#4329 = LINE('',#4330,#4331);
#4330 = CARTESIAN_POINT('',(14.8828125,-35.,-12.42704899655));
#4331 = VECTOR('',#4332,1.);
#4332 = DIRECTION('',(-0.922377801859,4.730675859955E-17,0.386288998857)
  );
#4333 = PCURVE('',#416,#4334);
#4334 = DEFINITIONAL_REPRESENTATION('',(#4335),#4339);
#4335 = LINE('',#4336,#4337);
#4336 = CARTESIAN_POINT('',(1.19462423551E-16,-70.));
#4337 = VECTOR('',#4338,1.);
#4338 = DIRECTION('',(1.,-2.988973033078E-33));
#4339 = ( GEOMETRIC_REPRESENTATION_CONTEXT(2) 
PARAMETRIC_REPRESENTATION_CONTEXT() REPRESENTATION_CONTEXT('2D SPACE',''
  ) );
#4340 = PCURVE('',#3051,#4341);
#4341 = DEFINITIONAL_REPRESENTATION('',(#4342),#4346);
#4342 = LINE('',#4343,#4344);
#4343 = CARTESIAN_POINT('',(-6.448143347036,14.8828125));
#4344 = VECTOR('',#4345,1.);
#4345 = DIRECTION('',(0.386288998857,-0.922377801859));
#4346 = ( GEOMETRIC_REPRESENTATION_CONTEXT(2) 
PARAMETRIC_REPRESENTATION_CONTEXT() REPRESENTATION_CONTEXT('2D SPACE',''
  ) );
#4347 = ORIENTED_EDGE('',*,*,#4348,.F.);
#4348 = EDGE_CURVE('',#401,#4326,#4349,.T.);
#4349 = SURFACE_CURVE('',#4350,(#4354,#4361),.PCURVE_S1.);
#4350 = LINE('',#4351,#4352);
#4351 = CARTESIAN_POINT('',(14.552083333333,35.,-12.28854063433));
#4352 = VECTOR('',#4353,1.);
#4353 = DIRECTION('',(0.,-1.,1.224646799147E-16));
#4354 = PCURVE('',#416,#4355);
#4355 = DEFINITIONAL_REPRESENTATION('',(#4356),#4360);
#4356 = LINE('',#4357,#4358);
#4357 = CARTESIAN_POINT('',(0.358561498336,-1.696238224488E-17));
#4358 = VECTOR('',#4359,1.);
#4359 = DIRECTION('',(2.988973033078E-33,-1.));
#4360 = ( GEOMETRIC_REPRESENTATION_CONTEXT(2) 
PARAMETRIC_REPRESENTATION_CONTEXT() REPRESENTATION_CONTEXT('2D SPACE',''
  ) );
#4361 = PCURVE('',#444,#4362);
#4362 = DEFINITIONAL_REPRESENTATION('',(#4363),#4367);
#4363 = LINE('',#4364,#4365);
#4364 = CARTESIAN_POINT('',(0.,0.));
#4365 = VECTOR('',#4366,1.);
#4366 = DIRECTION('',(2.509217434013E-35,-1.));
#4367 = ( GEOMETRIC_REPRESENTATION_CONTEXT(2) 
PARAMETRIC_REPRESENTATION_CONTEXT() REPRESENTATION_CONTEXT('2D SPACE',''
  ) );
#4368 = ORIENTED_EDGE('',*,*,#400,.F.);
#4369 = ADVANCED_FACE('',(#4370),#2684,.T.);
#4370 = FACE_BOUND('',#4371,.T.);
#4371 = EDGE_LOOP('',(#4372,#4395,#4416,#4417));
#4372 = ORIENTED_EDGE('',*,*,#4373,.T.);
#4373 = EDGE_CURVE('',#2641,#4374,#4376,.T.);
#4374 = VERTEX_POINT('',#4375);
#4375 = CARTESIAN_POINT('',(-11.90625,-35.,-11.30813335931));
#4376 = SURFACE_CURVE('',#4377,(#4381,#4388),.PCURVE_S1.);
#4377 = LINE('',#4378,#4379);
#4378 = CARTESIAN_POINT('',(-11.90625,35.,-11.30813335931));
#4379 = VECTOR('',#4380,1.);
#4380 = DIRECTION('',(0.,-1.,1.224646799147E-16));
#4381 = PCURVE('',#2684,#4382);
#4382 = DEFINITIONAL_REPRESENTATION('',(#4383),#4387);
#4383 = LINE('',#4384,#4385);
#4384 = CARTESIAN_POINT('',(-0.,0.));
#4385 = VECTOR('',#4386,1.);
#4386 = DIRECTION('',(5.818708098291E-33,-1.));
#4387 = ( GEOMETRIC_REPRESENTATION_CONTEXT(2) 
PARAMETRIC_REPRESENTATION_CONTEXT() REPRESENTATION_CONTEXT('2D SPACE',''
  ) );
#4388 = PCURVE('',#2656,#4389);
#4389 = DEFINITIONAL_REPRESENTATION('',(#4390),#4394);
#4390 = LINE('',#4391,#4392);
#4391 = CARTESIAN_POINT('',(0.347647942225,1.311991159478E-17));
#4392 = VECTOR('',#4393,1.);
#4393 = DIRECTION('',(-4.088958701398E-34,-1.));
#4394 = ( GEOMETRIC_REPRESENTATION_CONTEXT(2) 
PARAMETRIC_REPRESENTATION_CONTEXT() REPRESENTATION_CONTEXT('2D SPACE',''
  ) );
#4395 = ORIENTED_EDGE('',*,*,#4396,.T.);
#4396 = EDGE_CURVE('',#4374,#4276,#4397,.T.);
#4397 = SURFACE_CURVE('',#4398,(#4402,#4409),.PCURVE_S1.);
#4398 = LINE('',#4399,#4400);
#4399 = CARTESIAN_POINT('',(-11.90625,-35.,-11.30813335931));
#4400 = VECTOR('',#4401,1.);
#4401 = DIRECTION('',(-0.948477799526,-3.880214946655E-17,
    -0.316843595178));
#4402 = PCURVE('',#2684,#4403);
#4403 = DEFINITIONAL_REPRESENTATION('',(#4404),#4408);
#4404 = LINE('',#4405,#4406);
#4405 = CARTESIAN_POINT('',(-9.79859739176E-17,-70.));
#4406 = VECTOR('',#4407,1.);
#4407 = DIRECTION('',(1.,3.442677237479E-34));
#4408 = ( GEOMETRIC_REPRESENTATION_CONTEXT(2) 
PARAMETRIC_REPRESENTATION_CONTEXT() REPRESENTATION_CONTEXT('2D SPACE',''
  ) );
#4409 = PCURVE('',#3051,#4410);
#4410 = DEFINITIONAL_REPRESENTATION('',(#4411),#4415);
#4411 = LINE('',#4412,#4413);
#4412 = CARTESIAN_POINT('',(-5.329227709788,-11.90625));
#4413 = VECTOR('',#4414,1.);
#4414 = DIRECTION('',(-0.316843595178,-0.948477799526));
#4415 = ( GEOMETRIC_REPRESENTATION_CONTEXT(2) 
PARAMETRIC_REPRESENTATION_CONTEXT() REPRESENTATION_CONTEXT('2D SPACE',''
  ) );
#4416 = ORIENTED_EDGE('',*,*,#4275,.F.);
#4417 = ORIENTED_EDGE('',*,*,#2668,.F.);
#4418 = ADVANCED_FACE('',(#4419),#444,.T.);
#4419 = FACE_BOUND('',#4420,.T.);
#4420 = EDGE_LOOP('',(#4421,#4422,#4445,#4466));
#4421 = ORIENTED_EDGE('',*,*,#4348,.T.);
#4422 = ORIENTED_EDGE('',*,*,#4423,.T.);
#4423 = EDGE_CURVE('',#4326,#4424,#4426,.T.);
#4424 = VERTEX_POINT('',#4425);
#4425 = CARTESIAN_POINT('',(14.221354166667,-35.,-12.15366941723));
#4426 = SURFACE_CURVE('',#4427,(#4431,#4438),.PCURVE_S1.);
#4427 = LINE('',#4428,#4429);
#4428 = CARTESIAN_POINT('',(14.552083333333,-35.,-12.28854063433));
#4429 = VECTOR('',#4430,1.);
#4430 = DIRECTION('',(-0.925965420815,4.624368141301E-17,0.377608314864)
  );
#4431 = PCURVE('',#444,#4432);
#4432 = DEFINITIONAL_REPRESENTATION('',(#4433),#4437);
#4433 = LINE('',#4434,#4435);
#4434 = CARTESIAN_POINT('',(1.167778647081E-16,-70.));
#4435 = VECTOR('',#4436,1.);
#4436 = DIRECTION('',(1.,-2.509217434013E-35));
#4437 = ( GEOMETRIC_REPRESENTATION_CONTEXT(2) 
PARAMETRIC_REPRESENTATION_CONTEXT() REPRESENTATION_CONTEXT('2D SPACE',''
  ) );
#4438 = PCURVE('',#3051,#4439);
#4439 = DEFINITIONAL_REPRESENTATION('',(#4440),#4444);
#4440 = LINE('',#4441,#4442);
#4441 = CARTESIAN_POINT('',(-6.309634984815,14.552083333333));
#4442 = VECTOR('',#4443,1.);
#4443 = DIRECTION('',(0.377608314864,-0.925965420815));
#4444 = ( GEOMETRIC_REPRESENTATION_CONTEXT(2) 
PARAMETRIC_REPRESENTATION_CONTEXT() REPRESENTATION_CONTEXT('2D SPACE',''
  ) );
#4445 = ORIENTED_EDGE('',*,*,#4446,.F.);
#4446 = EDGE_CURVE('',#429,#4424,#4447,.T.);
#4447 = SURFACE_CURVE('',#4448,(#4452,#4459),.PCURVE_S1.);
#4448 = LINE('',#4449,#4450);
#4449 = CARTESIAN_POINT('',(14.221354166667,35.,-12.15366941723));
#4450 = VECTOR('',#4451,1.);
#4451 = DIRECTION('',(0.,-1.,1.224646799147E-16));
#4452 = PCURVE('',#444,#4453);
#4453 = DEFINITIONAL_REPRESENTATION('',(#4454),#4458);
#4454 = LINE('',#4455,#4456);
#4455 = CARTESIAN_POINT('',(0.357172265003,-1.651696043235E-17));
#4456 = VECTOR('',#4457,1.);
#4457 = DIRECTION('',(2.509217434013E-35,-1.));
#4458 = ( GEOMETRIC_REPRESENTATION_CONTEXT(2) 
PARAMETRIC_REPRESENTATION_CONTEXT() REPRESENTATION_CONTEXT('2D SPACE',''
  ) );
#4459 = PCURVE('',#472,#4460);
#4460 = DEFINITIONAL_REPRESENTATION('',(#4461),#4465);
#4461 = LINE('',#4462,#4463);
#4462 = CARTESIAN_POINT('',(0.,0.));
#4463 = VECTOR('',#4464,1.);
#4464 = DIRECTION('',(6.324136128468E-33,-1.));
#4465 = ( GEOMETRIC_REPRESENTATION_CONTEXT(2) 
PARAMETRIC_REPRESENTATION_CONTEXT() REPRESENTATION_CONTEXT('2D SPACE',''
  ) );
#4466 = ORIENTED_EDGE('',*,*,#428,.F.);
#4467 = ADVANCED_FACE('',(#4468),#2656,.T.);
#4468 = FACE_BOUND('',#4469,.T.);
#4469 = EDGE_LOOP('',(#4470,#4493,#4514,#4515));
#4470 = ORIENTED_EDGE('',*,*,#4471,.T.);
#4471 = EDGE_CURVE('',#2613,#4472,#4474,.T.);
#4472 = VERTEX_POINT('',#4473);
#4473 = CARTESIAN_POINT('',(-11.57552083333,-35.,-11.20100115103));
#4474 = SURFACE_CURVE('',#4475,(#4479,#4486),.PCURVE_S1.);
#4475 = LINE('',#4476,#4477);
#4476 = CARTESIAN_POINT('',(-11.57552083333,35.,-11.20100115103));
#4477 = VECTOR('',#4478,1.);
#4478 = DIRECTION('',(0.,-1.,1.224646799147E-16));
#4479 = PCURVE('',#2656,#4480);
#4480 = DEFINITIONAL_REPRESENTATION('',(#4481),#4485);
#4481 = LINE('',#4482,#4483);
#4482 = CARTESIAN_POINT('',(-0.,0.));
#4483 = VECTOR('',#4484,1.);
#4484 = DIRECTION('',(-4.088958701398E-34,-1.));
#4485 = ( GEOMETRIC_REPRESENTATION_CONTEXT(2) 
PARAMETRIC_REPRESENTATION_CONTEXT() REPRESENTATION_CONTEXT('2D SPACE',''
  ) );
#4486 = PCURVE('',#2628,#4487);
#4487 = DEFINITIONAL_REPRESENTATION('',(#4488),#4492);
#4488 = LINE('',#4489,#4490);
#4489 = CARTESIAN_POINT('',(0.346639261584,1.271334148036E-17));
#4490 = VECTOR('',#4491,1.);
#4491 = DIRECTION('',(-1.408002947057E-33,-1.));
#4492 = ( GEOMETRIC_REPRESENTATION_CONTEXT(2) 
PARAMETRIC_REPRESENTATION_CONTEXT() REPRESENTATION_CONTEXT('2D SPACE',''
  ) );
#4493 = ORIENTED_EDGE('',*,*,#4494,.T.);
#4494 = EDGE_CURVE('',#4472,#4374,#4495,.T.);
#4495 = SURFACE_CURVE('',#4496,(#4500,#4507),.PCURVE_S1.);
#4496 = LINE('',#4497,#4498);
#4497 = CARTESIAN_POINT('',(-11.57552083333,-35.,-11.20100115103));
#4498 = VECTOR('',#4499,1.);
#4499 = DIRECTION('',(-0.951333594986,-3.773907450966E-17,
    -0.308162929393));
#4500 = PCURVE('',#2656,#4501);
#4501 = DEFINITIONAL_REPRESENTATION('',(#4502),#4506);
#4502 = LINE('',#4503,#4504);
#4503 = CARTESIAN_POINT('',(-9.53014207052E-17,-70.));
#4504 = VECTOR('',#4505,1.);
#4505 = DIRECTION('',(1.,4.088958701398E-34));
#4506 = ( GEOMETRIC_REPRESENTATION_CONTEXT(2) 
PARAMETRIC_REPRESENTATION_CONTEXT() REPRESENTATION_CONTEXT('2D SPACE',''
  ) );
#4507 = PCURVE('',#3051,#4508);
#4508 = DEFINITIONAL_REPRESENTATION('',(#4509),#4513);
#4509 = LINE('',#4510,#4511);
#4510 = CARTESIAN_POINT('',(-5.222095501514,-11.57552083333));
#4511 = VECTOR('',#4512,1.);
#4512 = DIRECTION('',(-0.308162929393,-0.951333594986));
#4513 = ( GEOMETRIC_REPRESENTATION_CONTEXT(2) 
PARAMETRIC_REPRESENTATION_CONTEXT() REPRESENTATION_CONTEXT('2D SPACE',''
  ) );
#4514 = ORIENTED_EDGE('',*,*,#4373,.F.);
#4515 = ORIENTED_EDGE('',*,*,#2640,.F.);
#4516 = ADVANCED_FACE('',(#4517),#472,.T.);
#4517 = FACE_BOUND('',#4518,.T.);
#4518 = EDGE_LOOP('',(#4519,#4520,#4543,#4564));
#4519 = ORIENTED_EDGE('',*,*,#4446,.T.);
#4520 = ORIENTED_EDGE('',*,*,#4521,.T.);
#4521 = EDGE_CURVE('',#4424,#4522,#4524,.T.);
#4522 = VERTEX_POINT('',#4523);
#4523 = CARTESIAN_POINT('',(13.890625,-35.,-12.02239386444));
#4524 = SURFACE_CURVE('',#4525,(#4529,#4536),.PCURVE_S1.);
#4525 = LINE('',#4526,#4527);
#4526 = CARTESIAN_POINT('',(14.221354166667,-35.,-12.15366941723));
#4527 = VECTOR('',#4528,1.);
#4528 = DIRECTION('',(-0.929458122352,4.518060455383E-17,0.368927633545)
  );
#4529 = PCURVE('',#472,#4530);
#4530 = DEFINITIONAL_REPRESENTATION('',(#4531),#4535);
#4531 = LINE('',#4532,#4533);
#4532 = CARTESIAN_POINT('',(1.140933066919E-16,-70.));
#4533 = VECTOR('',#4534,1.);
#4534 = DIRECTION('',(1.,-1.611603064293E-34));
#4535 = ( GEOMETRIC_REPRESENTATION_CONTEXT(2) 
PARAMETRIC_REPRESENTATION_CONTEXT() REPRESENTATION_CONTEXT('2D SPACE',''
  ) );
#4536 = PCURVE('',#3051,#4537);
#4537 = DEFINITIONAL_REPRESENTATION('',(#4538),#4542);
#4538 = LINE('',#4539,#4540);
#4539 = CARTESIAN_POINT('',(-6.174763767711,14.221354166667));
#4540 = VECTOR('',#4541,1.);
#4541 = DIRECTION('',(0.368927633545,-0.929458122352));
#4542 = ( GEOMETRIC_REPRESENTATION_CONTEXT(2) 
PARAMETRIC_REPRESENTATION_CONTEXT() REPRESENTATION_CONTEXT('2D SPACE',''
  ) );
#4543 = ORIENTED_EDGE('',*,*,#4544,.F.);
#4544 = EDGE_CURVE('',#457,#4522,#4545,.T.);
#4545 = SURFACE_CURVE('',#4546,(#4550,#4557),.PCURVE_S1.);
#4546 = LINE('',#4547,#4548);
#4547 = CARTESIAN_POINT('',(13.890625,35.,-12.02239386444));
#4548 = VECTOR('',#4549,1.);
#4549 = DIRECTION('',(0.,-1.,1.224646799147E-16));
#4550 = PCURVE('',#472,#4551);
#4551 = DEFINITIONAL_REPRESENTATION('',(#4552),#4556);
#4552 = LINE('',#4553,#4554);
#4553 = CARTESIAN_POINT('',(0.355830089289,-1.607661855251E-17));
#4554 = VECTOR('',#4555,1.);
#4555 = DIRECTION('',(6.324136128468E-33,-1.));
#4556 = ( GEOMETRIC_REPRESENTATION_CONTEXT(2) 
PARAMETRIC_REPRESENTATION_CONTEXT() REPRESENTATION_CONTEXT('2D SPACE',''
  ) );
#4557 = PCURVE('',#500,#4558);
#4558 = DEFINITIONAL_REPRESENTATION('',(#4559),#4563);
#4559 = LINE('',#4560,#4561);
#4560 = CARTESIAN_POINT('',(0.,0.));
#4561 = VECTOR('',#4562,1.);
#4562 = DIRECTION('',(7.896528938944E-34,-1.));
#4563 = ( GEOMETRIC_REPRESENTATION_CONTEXT(2) 
PARAMETRIC_REPRESENTATION_CONTEXT() REPRESENTATION_CONTEXT('2D SPACE',''
  ) );
#4564 = ORIENTED_EDGE('',*,*,#456,.F.);
#4565 = ADVANCED_FACE('',(#4566),#2628,.T.);
#4566 = FACE_BOUND('',#4567,.T.);
#4567 = EDGE_LOOP('',(#4568,#4591,#4612,#4613));
#4568 = ORIENTED_EDGE('',*,*,#4569,.T.);
#4569 = EDGE_CURVE('',#2585,#4570,#4572,.T.);
#4570 = VERTEX_POINT('',#4571);
#4571 = CARTESIAN_POINT('',(-11.24479166666,-35.,-11.09718883968));
#4572 = SURFACE_CURVE('',#4573,(#4577,#4584),.PCURVE_S1.);
#4573 = LINE('',#4574,#4575);
#4574 = CARTESIAN_POINT('',(-11.24479166666,35.,-11.09718883968));
#4575 = VECTOR('',#4576,1.);
#4576 = DIRECTION('',(0.,-1.,1.224646799147E-16));
#4577 = PCURVE('',#2628,#4578);
#4578 = DEFINITIONAL_REPRESENTATION('',(#4579),#4583);
#4579 = LINE('',#4580,#4581);
#4580 = CARTESIAN_POINT('',(-0.,0.));
#4581 = VECTOR('',#4582,1.);
#4582 = DIRECTION('',(-1.408002947057E-33,-1.));
#4583 = ( GEOMETRIC_REPRESENTATION_CONTEXT(2) 
PARAMETRIC_REPRESENTATION_CONTEXT() REPRESENTATION_CONTEXT('2D SPACE',''
  ) );
#4584 = PCURVE('',#2600,#4585);
#4585 = DEFINITIONAL_REPRESENTATION('',(#4586),#4590);
#4586 = LINE('',#4587,#4588);
#4587 = CARTESIAN_POINT('',(0.345667760485,1.231024011777E-17));
#4588 = VECTOR('',#4589,1.);
#4589 = DIRECTION('',(4.019286123087E-33,-1.));
#4590 = ( GEOMETRIC_REPRESENTATION_CONTEXT(2) 
PARAMETRIC_REPRESENTATION_CONTEXT() REPRESENTATION_CONTEXT('2D SPACE',''
  ) );
#4591 = ORIENTED_EDGE('',*,*,#4592,.T.);
#4592 = EDGE_CURVE('',#4570,#4472,#4593,.T.);
#4593 = SURFACE_CURVE('',#4594,(#4598,#4605),.PCURVE_S1.);
#4594 = LINE('',#4595,#4596);
#4595 = CARTESIAN_POINT('',(-11.24479166666,-35.,-11.09718883968));
#4596 = VECTOR('',#4597,1.);
#4597 = DIRECTION('',(-0.954101867041,-3.667599977647E-17,
    -0.299482265434));
#4598 = PCURVE('',#2628,#4599);
#4599 = DEFINITIONAL_REPRESENTATION('',(#4600),#4604);
#4600 = LINE('',#4601,#4602);
#4601 = CARTESIAN_POINT('',(-9.26168680577E-17,-70.));
#4602 = VECTOR('',#4603,1.);
#4603 = DIRECTION('',(1.,1.408002947057E-33));
#4604 = ( GEOMETRIC_REPRESENTATION_CONTEXT(2) 
PARAMETRIC_REPRESENTATION_CONTEXT() REPRESENTATION_CONTEXT('2D SPACE',''
  ) );
#4605 = PCURVE('',#3051,#4606);
#4606 = DEFINITIONAL_REPRESENTATION('',(#4607),#4611);
#4607 = LINE('',#4608,#4609);
#4608 = CARTESIAN_POINT('',(-5.118283190167,-11.24479166666));
#4609 = VECTOR('',#4610,1.);
#4610 = DIRECTION('',(-0.299482265434,-0.954101867041));
#4611 = ( GEOMETRIC_REPRESENTATION_CONTEXT(2) 
PARAMETRIC_REPRESENTATION_CONTEXT() REPRESENTATION_CONTEXT('2D SPACE',''
  ) );
#4612 = ORIENTED_EDGE('',*,*,#4471,.F.);
#4613 = ORIENTED_EDGE('',*,*,#2612,.F.);
#4614 = ADVANCED_FACE('',(#4615),#500,.T.);
#4615 = FACE_BOUND('',#4616,.T.);
#4616 = EDGE_LOOP('',(#4617,#4618,#4641,#4662));
#4617 = ORIENTED_EDGE('',*,*,#4544,.T.);
#4618 = ORIENTED_EDGE('',*,*,#4619,.T.);
#4619 = EDGE_CURVE('',#4522,#4620,#4622,.T.);
#4620 = VERTEX_POINT('',#4621);
#4621 = CARTESIAN_POINT('',(13.559895833333,-35.,-11.8946742047));
#4622 = SURFACE_CURVE('',#4623,(#4627,#4634),.PCURVE_S1.);
#4623 = LINE('',#4624,#4625);
#4624 = CARTESIAN_POINT('',(13.890625,-35.,-12.02239386444));
#4625 = VECTOR('',#4626,1.);
#4626 = DIRECTION('',(-0.932856972733,4.411752800669E-17,0.360246954774)
  );
#4627 = PCURVE('',#500,#4628);
#4628 = DEFINITIONAL_REPRESENTATION('',(#4629),#4633);
#4629 = LINE('',#4630,#4631);
#4630 = CARTESIAN_POINT('',(1.114087494637E-16,-70.));
#4631 = VECTOR('',#4632,1.);
#4632 = DIRECTION('',(1.,-7.896528938944E-34));
#4633 = ( GEOMETRIC_REPRESENTATION_CONTEXT(2) 
PARAMETRIC_REPRESENTATION_CONTEXT() REPRESENTATION_CONTEXT('2D SPACE',''
  ) );
#4634 = PCURVE('',#3051,#4635);
#4635 = DEFINITIONAL_REPRESENTATION('',(#4636),#4640);
#4636 = LINE('',#4637,#4638);
#4637 = CARTESIAN_POINT('',(-6.043488214926,13.890625));
#4638 = VECTOR('',#4639,1.);
#4639 = DIRECTION('',(0.360246954774,-0.932856972733));
#4640 = ( GEOMETRIC_REPRESENTATION_CONTEXT(2) 
PARAMETRIC_REPRESENTATION_CONTEXT() REPRESENTATION_CONTEXT('2D SPACE',''
  ) );
#4641 = ORIENTED_EDGE('',*,*,#4642,.F.);
#4642 = EDGE_CURVE('',#485,#4620,#4643,.T.);
#4643 = SURFACE_CURVE('',#4644,(#4648,#4655),.PCURVE_S1.);
#4644 = LINE('',#4645,#4646);
#4645 = CARTESIAN_POINT('',(13.559895833333,35.,-11.8946742047));
#4646 = VECTOR('',#4647,1.);
#4647 = DIRECTION('',(0.,-1.,1.224646799147E-16));
#4648 = PCURVE('',#500,#4649);
#4649 = DEFINITIONAL_REPRESENTATION('',(#4650),#4654);
#4650 = LINE('',#4651,#4652);
#4651 = CARTESIAN_POINT('',(0.354533627698,-1.56411472493E-17));
#4652 = VECTOR('',#4653,1.);
#4653 = DIRECTION('',(7.896528938944E-34,-1.));
#4654 = ( GEOMETRIC_REPRESENTATION_CONTEXT(2) 
PARAMETRIC_REPRESENTATION_CONTEXT() REPRESENTATION_CONTEXT('2D SPACE',''
  ) );
#4655 = PCURVE('',#528,#4656);
#4656 = DEFINITIONAL_REPRESENTATION('',(#4657),#4661);
#4657 = LINE('',#4658,#4659);
#4658 = CARTESIAN_POINT('',(0.,0.));
#4659 = VECTOR('',#4660,1.);
#4660 = DIRECTION('',(-2.650749662061E-33,-1.));
#4661 = ( GEOMETRIC_REPRESENTATION_CONTEXT(2) 
PARAMETRIC_REPRESENTATION_CONTEXT() REPRESENTATION_CONTEXT('2D SPACE',''
  ) );
#4662 = ORIENTED_EDGE('',*,*,#484,.F.);
#4663 = ADVANCED_FACE('',(#4664),#2600,.T.);
#4664 = FACE_BOUND('',#4665,.T.);
#4665 = EDGE_LOOP('',(#4666,#4689,#4710,#4711));
#4666 = ORIENTED_EDGE('',*,*,#4667,.T.);
#4667 = EDGE_CURVE('',#2557,#4668,#4670,.T.);
#4668 = VERTEX_POINT('',#4669);
#4669 = CARTESIAN_POINT('',(-10.9140625,-35.,-10.99666810076));
#4670 = SURFACE_CURVE('',#4671,(#4675,#4682),.PCURVE_S1.);
#4671 = LINE('',#4672,#4673);
#4672 = CARTESIAN_POINT('',(-10.9140625,35.,-10.99666810076));
#4673 = VECTOR('',#4674,1.);
#4674 = DIRECTION('',(0.,-1.,1.224646799147E-16));
#4675 = PCURVE('',#2600,#4676);
#4676 = DEFINITIONAL_REPRESENTATION('',(#4677),#4681);
#4677 = LINE('',#4678,#4679);
#4678 = CARTESIAN_POINT('',(-0.,0.));
#4679 = VECTOR('',#4680,1.);
#4680 = DIRECTION('',(4.019286123087E-33,-1.));
#4681 = ( GEOMETRIC_REPRESENTATION_CONTEXT(2) 
PARAMETRIC_REPRESENTATION_CONTEXT() REPRESENTATION_CONTEXT('2D SPACE',''
  ) );
#4682 = PCURVE('',#2572,#4683);
#4683 = DEFINITIONAL_REPRESENTATION('',(#4684),#4688);
#4684 = LINE('',#4685,#4686);
#4685 = CARTESIAN_POINT('',(0.344732602148,1.191046001834E-17));
#4686 = VECTOR('',#4687,1.);
#4687 = DIRECTION('',(1.18415510993E-33,-1.));
#4688 = ( GEOMETRIC_REPRESENTATION_CONTEXT(2) 
PARAMETRIC_REPRESENTATION_CONTEXT() REPRESENTATION_CONTEXT('2D SPACE',''
  ) );
#4689 = ORIENTED_EDGE('',*,*,#4690,.T.);
#4690 = EDGE_CURVE('',#4668,#4570,#4691,.T.);
#4691 = SURFACE_CURVE('',#4692,(#4696,#4703),.PCURVE_S1.);
#4692 = LINE('',#4693,#4694);
#4693 = CARTESIAN_POINT('',(-10.9140625,-35.,-10.99666810076));
#4694 = VECTOR('',#4695,1.);
#4695 = DIRECTION('',(-0.956783375465,-3.561292525657E-17,
    -0.290801603216));
#4696 = PCURVE('',#2600,#4697);
#4697 = DEFINITIONAL_REPRESENTATION('',(#4698),#4702);
#4698 = LINE('',#4699,#4700);
#4699 = CARTESIAN_POINT('',(-8.993231594881E-17,-70.));
#4700 = VECTOR('',#4701,1.);
#4701 = DIRECTION('',(1.,1.508510153757E-33));
#4702 = ( GEOMETRIC_REPRESENTATION_CONTEXT(2) 
PARAMETRIC_REPRESENTATION_CONTEXT() REPRESENTATION_CONTEXT('2D SPACE',''
  ) );
#4703 = PCURVE('',#3051,#4704);
#4704 = DEFINITIONAL_REPRESENTATION('',(#4705),#4709);
#4705 = LINE('',#4706,#4707);
#4706 = CARTESIAN_POINT('',(-5.017762451238,-10.9140625));
#4707 = VECTOR('',#4708,1.);
#4708 = DIRECTION('',(-0.290801603216,-0.956783375465));
#4709 = ( GEOMETRIC_REPRESENTATION_CONTEXT(2) 
PARAMETRIC_REPRESENTATION_CONTEXT() REPRESENTATION_CONTEXT('2D SPACE',''
  ) );
#4710 = ORIENTED_EDGE('',*,*,#4569,.F.);
#4711 = ORIENTED_EDGE('',*,*,#2584,.F.);
#4712 = ADVANCED_FACE('',(#4713),#528,.T.);
#4713 = FACE_BOUND('',#4714,.T.);
#4714 = EDGE_LOOP('',(#4715,#4716,#4739,#4760));
#4715 = ORIENTED_EDGE('',*,*,#4642,.T.);
#4716 = ORIENTED_EDGE('',*,*,#4717,.T.);
#4717 = EDGE_CURVE('',#4620,#4718,#4720,.T.);
#4718 = VERTEX_POINT('',#4719);
#4719 = CARTESIAN_POINT('',(13.229166666667,-35.,-11.77047230503));
#4720 = SURFACE_CURVE('',#4721,(#4725,#4732),.PCURVE_S1.);
#4721 = LINE('',#4722,#4723);
#4722 = CARTESIAN_POINT('',(13.559895833333,-35.,-11.8946742047));
#4723 = VECTOR('',#4724,1.);
#4724 = DIRECTION('',(-0.936162994285,4.305445175704E-17,0.351566278432)
  );
#4725 = PCURVE('',#528,#4726);
#4726 = DEFINITIONAL_REPRESENTATION('',(#4727),#4731);
#4727 = LINE('',#4728,#4729);
#4728 = CARTESIAN_POINT('',(1.087241929867E-16,-70.));
#4729 = VECTOR('',#4730,1.);
#4730 = DIRECTION('',(1.,-3.512226159979E-33));
#4731 = ( GEOMETRIC_REPRESENTATION_CONTEXT(2) 
PARAMETRIC_REPRESENTATION_CONTEXT() REPRESENTATION_CONTEXT('2D SPACE',''
  ) );
#4732 = PCURVE('',#3051,#4733);
#4733 = DEFINITIONAL_REPRESENTATION('',(#4734),#4738);
#4734 = LINE('',#4735,#4736);
#4735 = CARTESIAN_POINT('',(-5.915768555182,13.559895833333));
#4736 = VECTOR('',#4737,1.);
#4737 = DIRECTION('',(0.351566278432,-0.936162994285));
#4738 = ( GEOMETRIC_REPRESENTATION_CONTEXT(2) 
PARAMETRIC_REPRESENTATION_CONTEXT() REPRESENTATION_CONTEXT('2D SPACE',''
  ) );
#4739 = ORIENTED_EDGE('',*,*,#4740,.F.);
#4740 = EDGE_CURVE('',#513,#4718,#4741,.T.);
#4741 = SURFACE_CURVE('',#4742,(#4746,#4753),.PCURVE_S1.);
#4742 = LINE('',#4743,#4744);
#4743 = CARTESIAN_POINT('',(13.229166666667,35.,-11.77047230503));
#4744 = VECTOR('',#4745,1.);
#4745 = DIRECTION('',(0.,-1.,1.224646799147E-16));
#4746 = PCURVE('',#528,#4747);
#4747 = DEFINITIONAL_REPRESENTATION('',(#4748),#4752);
#4748 = LINE('',#4749,#4750);
#4749 = CARTESIAN_POINT('',(0.353281606607,-1.521034588829E-17));
#4750 = VECTOR('',#4751,1.);
#4751 = DIRECTION('',(-2.650749662061E-33,-1.));
#4752 = ( GEOMETRIC_REPRESENTATION_CONTEXT(2) 
PARAMETRIC_REPRESENTATION_CONTEXT() REPRESENTATION_CONTEXT('2D SPACE',''
  ) );
#4753 = PCURVE('',#556,#4754);
#4754 = DEFINITIONAL_REPRESENTATION('',(#4755),#4759);
#4755 = LINE('',#4756,#4757);
#4756 = CARTESIAN_POINT('',(0.,0.));
#4757 = VECTOR('',#4758,1.);
#4758 = DIRECTION('',(-2.331833441199E-33,-1.));
#4759 = ( GEOMETRIC_REPRESENTATION_CONTEXT(2) 
PARAMETRIC_REPRESENTATION_CONTEXT() REPRESENTATION_CONTEXT('2D SPACE',''
  ) );
#4760 = ORIENTED_EDGE('',*,*,#512,.F.);
#4761 = ADVANCED_FACE('',(#4762),#2572,.T.);
#4762 = FACE_BOUND('',#4763,.T.);
#4763 = EDGE_LOOP('',(#4764,#4787,#4808,#4809));
#4764 = ORIENTED_EDGE('',*,*,#4765,.T.);
#4765 = EDGE_CURVE('',#2529,#4766,#4768,.T.);
#4766 = VERTEX_POINT('',#4767);
#4767 = CARTESIAN_POINT('',(-10.58333333333,-35.,-10.89941181407));
#4768 = SURFACE_CURVE('',#4769,(#4773,#4780),.PCURVE_S1.);
#4769 = LINE('',#4770,#4771);
#4770 = CARTESIAN_POINT('',(-10.58333333333,35.,-10.89941181407));
#4771 = VECTOR('',#4772,1.);
#4772 = DIRECTION('',(0.,-1.,1.224646799147E-16));
#4773 = PCURVE('',#2572,#4774);
#4774 = DEFINITIONAL_REPRESENTATION('',(#4775),#4779);
#4775 = LINE('',#4776,#4777);
#4776 = CARTESIAN_POINT('',(-0.,0.));
#4777 = VECTOR('',#4778,1.);
#4778 = DIRECTION('',(1.18415510993E-33,-1.));
#4779 = ( GEOMETRIC_REPRESENTATION_CONTEXT(2) 
PARAMETRIC_REPRESENTATION_CONTEXT() REPRESENTATION_CONTEXT('2D SPACE',''
  ) );
#4780 = PCURVE('',#2544,#4781);
#4781 = DEFINITIONAL_REPRESENTATION('',(#4782),#4786);
#4782 = LINE('',#4783,#4784);
#4783 = CARTESIAN_POINT('',(0.343832992467,1.151385868108E-17));
#4784 = VECTOR('',#4785,1.);
#4785 = DIRECTION('',(1.913966868269E-33,-1.));
#4786 = ( GEOMETRIC_REPRESENTATION_CONTEXT(2) 
PARAMETRIC_REPRESENTATION_CONTEXT() REPRESENTATION_CONTEXT('2D SPACE',''
  ) );
#4787 = ORIENTED_EDGE('',*,*,#4788,.T.);
#4788 = EDGE_CURVE('',#4766,#4668,#4789,.T.);
#4789 = SURFACE_CURVE('',#4790,(#4794,#4801),.PCURVE_S1.);
#4790 = LINE('',#4791,#4792);
#4791 = CARTESIAN_POINT('',(-10.58333333333,-35.,-10.89941181407));
#4792 = VECTOR('',#4793,1.);
#4793 = DIRECTION('',(-0.959378847856,-3.454985093996E-17,
    -0.282120942659));
#4794 = PCURVE('',#2572,#4795);
#4795 = DEFINITIONAL_REPRESENTATION('',(#4796),#4800);
#4796 = LINE('',#4797,#4798);
#4797 = CARTESIAN_POINT('',(-8.724776435332E-17,-70.));
#4798 = VECTOR('',#4799,1.);
#4799 = DIRECTION('',(1.,-1.18415510993E-33));
#4800 = ( GEOMETRIC_REPRESENTATION_CONTEXT(2) 
PARAMETRIC_REPRESENTATION_CONTEXT() REPRESENTATION_CONTEXT('2D SPACE',''
  ) );
#4801 = PCURVE('',#3051,#4802);
#4802 = DEFINITIONAL_REPRESENTATION('',(#4803),#4807);
#4803 = LINE('',#4804,#4805);
#4804 = CARTESIAN_POINT('',(-4.920506164555,-10.58333333333));
#4805 = VECTOR('',#4806,1.);
#4806 = DIRECTION('',(-0.282120942659,-0.959378847856));
#4807 = ( GEOMETRIC_REPRESENTATION_CONTEXT(2) 
PARAMETRIC_REPRESENTATION_CONTEXT() REPRESENTATION_CONTEXT('2D SPACE',''
  ) );
#4808 = ORIENTED_EDGE('',*,*,#4667,.F.);
#4809 = ORIENTED_EDGE('',*,*,#2556,.F.);
#4810 = ADVANCED_FACE('',(#4811),#556,.T.);
#4811 = FACE_BOUND('',#4812,.T.);
#4812 = EDGE_LOOP('',(#4813,#4814,#4837,#4858));
#4813 = ORIENTED_EDGE('',*,*,#4740,.T.);
#4814 = ORIENTED_EDGE('',*,*,#4815,.T.);
#4815 = EDGE_CURVE('',#4718,#4816,#4818,.T.);
#4816 = VERTEX_POINT('',#4817);
#4817 = CARTESIAN_POINT('',(12.8984375,-35.,-11.64975160394));
#4818 = SURFACE_CURVE('',#4819,(#4823,#4830),.PCURVE_S1.);
#4819 = LINE('',#4820,#4821);
#4820 = CARTESIAN_POINT('',(13.229166666667,-35.,-11.77047230503));
#4821 = VECTOR('',#4822,1.);
#4822 = DIRECTION('',(-0.939377167218,4.199137579106E-17,0.342885604407)
  );
#4823 = PCURVE('',#556,#4824);
#4824 = DEFINITIONAL_REPRESENTATION('',(#4825),#4829);
#4825 = LINE('',#4826,#4827);
#4826 = CARTESIAN_POINT('',(1.060396372261E-16,-70.));
#4827 = VECTOR('',#4828,1.);
#4828 = DIRECTION('',(1.,2.331833441199E-33));
#4829 = ( GEOMETRIC_REPRESENTATION_CONTEXT(2) 
PARAMETRIC_REPRESENTATION_CONTEXT() REPRESENTATION_CONTEXT('2D SPACE',''
  ) );
#4830 = PCURVE('',#3051,#4831);
#4831 = DEFINITIONAL_REPRESENTATION('',(#4832),#4836);
#4832 = LINE('',#4833,#4834);
#4833 = CARTESIAN_POINT('',(-5.791566655509,13.229166666667));
#4834 = VECTOR('',#4835,1.);
#4835 = DIRECTION('',(0.342885604407,-0.939377167218));
#4836 = ( GEOMETRIC_REPRESENTATION_CONTEXT(2) 
PARAMETRIC_REPRESENTATION_CONTEXT() REPRESENTATION_CONTEXT('2D SPACE',''
  ) );
#4837 = ORIENTED_EDGE('',*,*,#4838,.F.);
#4838 = EDGE_CURVE('',#541,#4816,#4839,.T.);
#4839 = SURFACE_CURVE('',#4840,(#4844,#4851),.PCURVE_S1.);
#4840 = LINE('',#4841,#4842);
#4841 = CARTESIAN_POINT('',(12.8984375,35.,-11.64975160394));
#4842 = VECTOR('',#4843,1.);
#4843 = DIRECTION('',(0.,-1.,1.224646799147E-16));
#4844 = PCURVE('',#556,#4845);
#4845 = DEFINITIONAL_REPRESENTATION('',(#4846),#4850);
#4846 = LINE('',#4847,#4848);
#4847 = CARTESIAN_POINT('',(0.352072818255,-1.478402201715E-17));
#4848 = VECTOR('',#4849,1.);
#4849 = DIRECTION('',(-2.331833441199E-33,-1.));
#4850 = ( GEOMETRIC_REPRESENTATION_CONTEXT(2) 
PARAMETRIC_REPRESENTATION_CONTEXT() REPRESENTATION_CONTEXT('2D SPACE',''
  ) );
#4851 = PCURVE('',#584,#4852);
#4852 = DEFINITIONAL_REPRESENTATION('',(#4853),#4857);
#4853 = LINE('',#4854,#4855);
#4854 = CARTESIAN_POINT('',(0.,0.));
#4855 = VECTOR('',#4856,1.);
#4856 = DIRECTION('',(-2.599572926878E-33,-1.));
#4857 = ( GEOMETRIC_REPRESENTATION_CONTEXT(2) 
PARAMETRIC_REPRESENTATION_CONTEXT() REPRESENTATION_CONTEXT('2D SPACE',''
  ) );
#4858 = ORIENTED_EDGE('',*,*,#540,.F.);
#4859 = ADVANCED_FACE('',(#4860),#2544,.T.);
#4860 = FACE_BOUND('',#4861,.T.);
#4861 = EDGE_LOOP('',(#4862,#4885,#4906,#4907));
#4862 = ORIENTED_EDGE('',*,*,#4863,.T.);
#4863 = EDGE_CURVE('',#2501,#4864,#4866,.T.);
#4864 = VERTEX_POINT('',#4865);
#4865 = CARTESIAN_POINT('',(-10.25260416666,-35.,-10.80539402307));
#4866 = SURFACE_CURVE('',#4867,(#4871,#4878),.PCURVE_S1.);
#4867 = LINE('',#4868,#4869);
#4868 = CARTESIAN_POINT('',(-10.25260416666,35.,-10.80539402307));
#4869 = VECTOR('',#4870,1.);
#4870 = DIRECTION('',(0.,-1.,1.224646799147E-16));
#4871 = PCURVE('',#2544,#4872);
#4872 = DEFINITIONAL_REPRESENTATION('',(#4873),#4877);
#4873 = LINE('',#4874,#4875);
#4874 = CARTESIAN_POINT('',(-0.,0.));
#4875 = VECTOR('',#4876,1.);
#4876 = DIRECTION('',(1.913966868269E-33,-1.));
#4877 = ( GEOMETRIC_REPRESENTATION_CONTEXT(2) 
PARAMETRIC_REPRESENTATION_CONTEXT() REPRESENTATION_CONTEXT('2D SPACE',''
  ) );
#4878 = PCURVE('',#2516,#4879);
#4879 = DEFINITIONAL_REPRESENTATION('',(#4880),#4884);
#4880 = LINE('',#4881,#4882);
#4881 = CARTESIAN_POINT('',(0.342968177958,1.112029829898E-17));
#4882 = VECTOR('',#4883,1.);
#4883 = DIRECTION('',(1.128765677936E-33,-1.));
#4884 = ( GEOMETRIC_REPRESENTATION_CONTEXT(2) 
PARAMETRIC_REPRESENTATION_CONTEXT() REPRESENTATION_CONTEXT('2D SPACE',''
  ) );
#4885 = ORIENTED_EDGE('',*,*,#4886,.T.);
#4886 = EDGE_CURVE('',#4864,#4766,#4887,.T.);
#4887 = SURFACE_CURVE('',#4888,(#4892,#4899),.PCURVE_S1.);
#4888 = LINE('',#4889,#4890);
#4889 = CARTESIAN_POINT('',(-10.25260416666,-35.,-10.80539402307));
#4890 = VECTOR('',#4891,1.);
#4891 = DIRECTION('',(-0.961888980735,-3.34867768171E-17,-0.273440283684
    ));
#4892 = PCURVE('',#2544,#4893);
#4893 = DEFINITIONAL_REPRESENTATION('',(#4894),#4898);
#4894 = LINE('',#4895,#4896);
#4895 = CARTESIAN_POINT('',(-8.456321324706E-17,-70.));
#4896 = VECTOR('',#4897,1.);
#4897 = DIRECTION('',(1.,-1.913966868269E-33));
#4898 = ( GEOMETRIC_REPRESENTATION_CONTEXT(2) 
PARAMETRIC_REPRESENTATION_CONTEXT() REPRESENTATION_CONTEXT('2D SPACE',''
  ) );
#4899 = PCURVE('',#3051,#4900);
#4900 = DEFINITIONAL_REPRESENTATION('',(#4901),#4905);
#4901 = LINE('',#4902,#4903);
#4902 = CARTESIAN_POINT('',(-4.826488373555,-10.25260416666));
#4903 = VECTOR('',#4904,1.);
#4904 = DIRECTION('',(-0.273440283684,-0.961888980735));
#4905 = ( GEOMETRIC_REPRESENTATION_CONTEXT(2) 
PARAMETRIC_REPRESENTATION_CONTEXT() REPRESENTATION_CONTEXT('2D SPACE',''
  ) );
#4906 = ORIENTED_EDGE('',*,*,#4765,.F.);
#4907 = ORIENTED_EDGE('',*,*,#2528,.F.);
#4908 = ADVANCED_FACE('',(#4909),#584,.T.);
#4909 = FACE_BOUND('',#4910,.T.);
#4910 = EDGE_LOOP('',(#4911,#4912,#4935,#4956));
#4911 = ORIENTED_EDGE('',*,*,#4838,.T.);
#4912 = ORIENTED_EDGE('',*,*,#4913,.T.);
#4913 = EDGE_CURVE('',#4816,#4914,#4916,.T.);
#4914 = VERTEX_POINT('',#4915);
#4915 = CARTESIAN_POINT('',(12.567708333333,-35.,-11.53247704875));
#4916 = SURFACE_CURVE('',#4917,(#4921,#4928),.PCURVE_S1.);
#4917 = LINE('',#4918,#4919);
#4918 = CARTESIAN_POINT('',(12.8984375,-35.,-11.64975160394));
#4919 = VECTOR('',#4920,1.);
#4920 = DIRECTION('',(-0.942500431317,4.092830009557E-17,0.33420493259)
  );
#4921 = PCURVE('',#584,#4922);
#4922 = DEFINITIONAL_REPRESENTATION('',(#4923),#4927);
#4923 = LINE('',#4924,#4925);
#4924 = CARTESIAN_POINT('',(1.033550821486E-16,-70.));
#4925 = VECTOR('',#4926,1.);
#4926 = DIRECTION('',(1.,2.599572926878E-33));
#4927 = ( GEOMETRIC_REPRESENTATION_CONTEXT(2) 
PARAMETRIC_REPRESENTATION_CONTEXT() REPRESENTATION_CONTEXT('2D SPACE',''
  ) );
#4928 = PCURVE('',#3051,#4929);
#4929 = DEFINITIONAL_REPRESENTATION('',(#4930),#4934);
#4930 = LINE('',#4931,#4932);
#4931 = CARTESIAN_POINT('',(-5.670845954426,12.8984375));
#4932 = VECTOR('',#4933,1.);
#4933 = DIRECTION('',(0.33420493259,-0.942500431317));
#4934 = ( GEOMETRIC_REPRESENTATION_CONTEXT(2) 
PARAMETRIC_REPRESENTATION_CONTEXT() REPRESENTATION_CONTEXT('2D SPACE',''
  ) );
#4935 = ORIENTED_EDGE('',*,*,#4936,.F.);
#4936 = EDGE_CURVE('',#569,#4914,#4937,.T.);
#4937 = SURFACE_CURVE('',#4938,(#4942,#4949),.PCURVE_S1.);
#4938 = LINE('',#4939,#4940);
#4939 = CARTESIAN_POINT('',(12.567708333333,35.,-11.53247704875));
#4940 = VECTOR('',#4941,1.);
#4941 = DIRECTION('',(0.,-1.,1.224646799147E-16));
#4942 = PCURVE('',#584,#4943);
#4943 = DEFINITIONAL_REPRESENTATION('',(#4944),#4948);
#4944 = LINE('',#4945,#4946);
#4945 = CARTESIAN_POINT('',(0.350906117045,-1.436199086379E-17));
#4946 = VECTOR('',#4947,1.);
#4947 = DIRECTION('',(-2.599572926878E-33,-1.));
#4948 = ( GEOMETRIC_REPRESENTATION_CONTEXT(2) 
PARAMETRIC_REPRESENTATION_CONTEXT() REPRESENTATION_CONTEXT('2D SPACE',''
  ) );
#4949 = PCURVE('',#612,#4950);
#4950 = DEFINITIONAL_REPRESENTATION('',(#4951),#4955);
#4951 = LINE('',#4952,#4953);
#4952 = CARTESIAN_POINT('',(0.,0.));
#4953 = VECTOR('',#4954,1.);
#4954 = DIRECTION('',(-1.393951025346E-33,-1.));
#4955 = ( GEOMETRIC_REPRESENTATION_CONTEXT(2) 
PARAMETRIC_REPRESENTATION_CONTEXT() REPRESENTATION_CONTEXT('2D SPACE',''
  ) );
#4956 = ORIENTED_EDGE('',*,*,#568,.F.);
#4957 = ADVANCED_FACE('',(#4958),#2516,.T.);
#4958 = FACE_BOUND('',#4959,.T.);
#4959 = EDGE_LOOP('',(#4960,#4983,#5004,#5005));
#4960 = ORIENTED_EDGE('',*,*,#4961,.T.);
#4961 = EDGE_CURVE('',#2473,#4962,#4964,.T.);
#4962 = VERTEX_POINT('',#4963);
#4963 = CARTESIAN_POINT('',(-9.921875,-35.,-10.71458989647));
#4964 = SURFACE_CURVE('',#4965,(#4969,#4976),.PCURVE_S1.);
#4965 = LINE('',#4966,#4967);
#4966 = CARTESIAN_POINT('',(-9.921875,35.,-10.71458989647));
#4967 = VECTOR('',#4968,1.);
#4968 = DIRECTION('',(0.,-1.,1.224646799147E-16));
#4969 = PCURVE('',#2516,#4970);
#4970 = DEFINITIONAL_REPRESENTATION('',(#4971),#4975);
#4971 = LINE('',#4972,#4973);
#4972 = CARTESIAN_POINT('',(-0.,0.));
#4973 = VECTOR('',#4974,1.);
#4974 = DIRECTION('',(1.128765677936E-33,-1.));
#4975 = ( GEOMETRIC_REPRESENTATION_CONTEXT(2) 
PARAMETRIC_REPRESENTATION_CONTEXT() REPRESENTATION_CONTEXT('2D SPACE',''
  ) );
#4976 = PCURVE('',#2488,#4977);
#4977 = DEFINITIONAL_REPRESENTATION('',(#4978),#4982);
#4978 = LINE('',#4979,#4980);
#4979 = CARTESIAN_POINT('',(0.342137443837,1.072964548297E-17));
#4980 = VECTOR('',#4981,1.);
#4981 = DIRECTION('',(1.771090329688E-34,-1.));
#4982 = ( GEOMETRIC_REPRESENTATION_CONTEXT(2) 
PARAMETRIC_REPRESENTATION_CONTEXT() REPRESENTATION_CONTEXT('2D SPACE',''
  ) );
#4983 = ORIENTED_EDGE('',*,*,#4984,.T.);
#4984 = EDGE_CURVE('',#4962,#4864,#4985,.T.);
#4985 = SURFACE_CURVE('',#4986,(#4990,#4997),.PCURVE_S1.);
#4986 = LINE('',#4987,#4988);
#4987 = CARTESIAN_POINT('',(-9.921875,-35.,-10.71458989647));
#4988 = VECTOR('',#4989,1.);
#4989 = DIRECTION('',(-0.964314440588,-3.242370287881E-17,
    -0.264759626215));
#4990 = PCURVE('',#2516,#4991);
#4991 = DEFINITIONAL_REPRESENTATION('',(#4992),#4996);
#4992 = LINE('',#4993,#4994);
#4993 = CARTESIAN_POINT('',(-8.18786626069E-17,-70.));
#4994 = VECTOR('',#4995,1.);
#4995 = DIRECTION('',(1.,-1.128765677936E-33));
#4996 = ( GEOMETRIC_REPRESENTATION_CONTEXT(2) 
PARAMETRIC_REPRESENTATION_CONTEXT() REPRESENTATION_CONTEXT('2D SPACE',''
  ) );
#4997 = PCURVE('',#3051,#4998);
#4998 = DEFINITIONAL_REPRESENTATION('',(#4999),#5003);
#4999 = LINE('',#5000,#5001);
#5000 = CARTESIAN_POINT('',(-4.735684246955,-9.921875));
#5001 = VECTOR('',#5002,1.);
#5002 = DIRECTION('',(-0.264759626215,-0.964314440588));
#5003 = ( GEOMETRIC_REPRESENTATION_CONTEXT(2) 
PARAMETRIC_REPRESENTATION_CONTEXT() REPRESENTATION_CONTEXT('2D SPACE',''
  ) );
#5004 = ORIENTED_EDGE('',*,*,#4863,.F.);
#5005 = ORIENTED_EDGE('',*,*,#2500,.F.);
#5006 = ADVANCED_FACE('',(#5007),#612,.T.);
#5007 = FACE_BOUND('',#5008,.T.);
#5008 = EDGE_LOOP('',(#5009,#5010,#5033,#5054));
#5009 = ORIENTED_EDGE('',*,*,#4936,.T.);
#5010 = ORIENTED_EDGE('',*,*,#5011,.T.);
#5011 = EDGE_CURVE('',#4914,#5012,#5014,.T.);
#5012 = VERTEX_POINT('',#5013);
#5013 = CARTESIAN_POINT('',(12.236979166667,-35.,-11.41861503663));
#5014 = SURFACE_CURVE('',#5015,(#5019,#5026),.PCURVE_S1.);
#5015 = LINE('',#5016,#5017);
#5016 = CARTESIAN_POINT('',(12.567708333333,-35.,-11.53247704875));
#5017 = VECTOR('',#5018,1.);
#5018 = DIRECTION('',(-0.945533687542,3.986522465806E-17,0.32552426288)
  );
#5019 = PCURVE('',#612,#5020);
#5020 = DEFINITIONAL_REPRESENTATION('',(#5021),#5025);
#5021 = LINE('',#5022,#5023);
#5022 = CARTESIAN_POINT('',(1.006705277225E-16,-70.));
#5023 = VECTOR('',#5024,1.);
#5024 = DIRECTION('',(1.,1.393951025346E-33));
#5025 = ( GEOMETRIC_REPRESENTATION_CONTEXT(2) 
PARAMETRIC_REPRESENTATION_CONTEXT() REPRESENTATION_CONTEXT('2D SPACE',''
  ) );
#5026 = PCURVE('',#3051,#5027);
#5027 = DEFINITIONAL_REPRESENTATION('',(#5028),#5032);
#5028 = LINE('',#5029,#5030);
#5029 = CARTESIAN_POINT('',(-5.553571399234,12.567708333333));
#5030 = VECTOR('',#5031,1.);
#5031 = DIRECTION('',(0.32552426288,-0.945533687542));
#5032 = ( GEOMETRIC_REPRESENTATION_CONTEXT(2) 
PARAMETRIC_REPRESENTATION_CONTEXT() REPRESENTATION_CONTEXT('2D SPACE',''
  ) );
#5033 = ORIENTED_EDGE('',*,*,#5034,.F.);
#5034 = EDGE_CURVE('',#597,#5012,#5035,.T.);
#5035 = SURFACE_CURVE('',#5036,(#5040,#5047),.PCURVE_S1.);
#5036 = LINE('',#5037,#5038);
#5037 = CARTESIAN_POINT('',(12.236979166667,35.,-11.41861503663));
#5038 = VECTOR('',#5039,1.);
#5039 = DIRECTION('',(0.,-1.,1.224646799147E-16));
#5040 = PCURVE('',#612,#5041);
#5041 = DEFINITIONAL_REPRESENTATION('',(#5042),#5046);
#5042 = LINE('',#5043,#5044);
#5043 = CARTESIAN_POINT('',(0.349780416102,-1.394407486889E-17));
#5044 = VECTOR('',#5045,1.);
#5045 = DIRECTION('',(-1.393951025346E-33,-1.));
#5046 = ( GEOMETRIC_REPRESENTATION_CONTEXT(2) 
PARAMETRIC_REPRESENTATION_CONTEXT() REPRESENTATION_CONTEXT('2D SPACE',''
  ) );
#5047 = PCURVE('',#640,#5048);
#5048 = DEFINITIONAL_REPRESENTATION('',(#5049),#5053);
#5049 = LINE('',#5050,#5051);
#5050 = CARTESIAN_POINT('',(0.,0.));
#5051 = VECTOR('',#5052,1.);
#5052 = DIRECTION('',(-3.596324769012E-34,-1.));
#5053 = ( GEOMETRIC_REPRESENTATION_CONTEXT(2) 
PARAMETRIC_REPRESENTATION_CONTEXT() REPRESENTATION_CONTEXT('2D SPACE',''
  ) );
#5054 = ORIENTED_EDGE('',*,*,#596,.F.);
#5055 = ADVANCED_FACE('',(#5056),#2488,.T.);
#5056 = FACE_BOUND('',#5057,.T.);
#5057 = EDGE_LOOP('',(#5058,#5081,#5102,#5103));
#5058 = ORIENTED_EDGE('',*,*,#5059,.T.);
#5059 = EDGE_CURVE('',#2445,#5060,#5062,.T.);
#5060 = VERTEX_POINT('',#5061);
#5061 = CARTESIAN_POINT('',(-9.591145833333,-35.,-10.62697569219));
#5062 = SURFACE_CURVE('',#5063,(#5067,#5074),.PCURVE_S1.);
#5063 = LINE('',#5064,#5065);
#5064 = CARTESIAN_POINT('',(-9.591145833333,35.,-10.62697569219));
#5065 = VECTOR('',#5066,1.);
#5066 = DIRECTION('',(0.,-1.,1.224646799147E-16));
#5067 = PCURVE('',#2488,#5068);
#5068 = DEFINITIONAL_REPRESENTATION('',(#5069),#5073);
#5069 = LINE('',#5070,#5071);
#5070 = CARTESIAN_POINT('',(-0.,0.));
#5071 = VECTOR('',#5072,1.);
#5072 = DIRECTION('',(1.771090329688E-34,-1.));
#5073 = ( GEOMETRIC_REPRESENTATION_CONTEXT(2) 
PARAMETRIC_REPRESENTATION_CONTEXT() REPRESENTATION_CONTEXT('2D SPACE',''
  ) );
#5074 = PCURVE('',#2460,#5075);
#5075 = DEFINITIONAL_REPRESENTATION('',(#5076),#5080);
#5076 = LINE('',#5077,#5078);
#5077 = CARTESIAN_POINT('',(0.341340112236,1.034177100201E-17));
#5078 = VECTOR('',#5079,1.);
#5079 = DIRECTION('',(1.494820578496E-33,-1.));
#5080 = ( GEOMETRIC_REPRESENTATION_CONTEXT(2) 
PARAMETRIC_REPRESENTATION_CONTEXT() REPRESENTATION_CONTEXT('2D SPACE',''
  ) );
#5081 = ORIENTED_EDGE('',*,*,#5082,.T.);
#5082 = EDGE_CURVE('',#5060,#4962,#5083,.T.);
#5083 = SURFACE_CURVE('',#5084,(#5088,#5095),.PCURVE_S1.);
#5084 = LINE('',#5085,#5086);
#5085 = CARTESIAN_POINT('',(-9.591145833333,-35.,-10.62697569219));
#5086 = VECTOR('',#5087,1.);
#5087 = DIRECTION('',(-0.96665586484,-3.136062911628E-17,-0.256078970182
    ));
#5088 = PCURVE('',#2488,#5089);
#5089 = DEFINITIONAL_REPRESENTATION('',(#5090),#5094);
#5090 = LINE('',#5091,#5092);
#5091 = CARTESIAN_POINT('',(-7.919411241059E-17,-70.));
#5092 = VECTOR('',#5093,1.);
#5093 = DIRECTION('',(1.,-1.771090329688E-34));
#5094 = ( GEOMETRIC_REPRESENTATION_CONTEXT(2) 
PARAMETRIC_REPRESENTATION_CONTEXT() REPRESENTATION_CONTEXT('2D SPACE',''
  ) );
#5095 = PCURVE('',#3051,#5096);
#5096 = DEFINITIONAL_REPRESENTATION('',(#5097),#5101);
#5097 = LINE('',#5098,#5099);
#5098 = CARTESIAN_POINT('',(-4.648070042676,-9.591145833333));
#5099 = VECTOR('',#5100,1.);
#5100 = DIRECTION('',(-0.256078970182,-0.96665586484));
#5101 = ( GEOMETRIC_REPRESENTATION_CONTEXT(2) 
PARAMETRIC_REPRESENTATION_CONTEXT() REPRESENTATION_CONTEXT('2D SPACE',''
  ) );
#5102 = ORIENTED_EDGE('',*,*,#4961,.F.);
#5103 = ORIENTED_EDGE('',*,*,#2472,.F.);
#5104 = ADVANCED_FACE('',(#5105),#640,.T.);
#5105 = FACE_BOUND('',#5106,.T.);
#5106 = EDGE_LOOP('',(#5107,#5108,#5131,#5152));
#5107 = ORIENTED_EDGE('',*,*,#5034,.T.);
#5108 = ORIENTED_EDGE('',*,*,#5109,.T.);
#5109 = EDGE_CURVE('',#5012,#5110,#5112,.T.);
#5110 = VERTEX_POINT('',#5111);
#5111 = CARTESIAN_POINT('',(11.90625,-35.,-11.30813335931));
#5112 = SURFACE_CURVE('',#5113,(#5117,#5124),.PCURVE_S1.);
#5113 = LINE('',#5114,#5115);
#5114 = CARTESIAN_POINT('',(12.236979166667,-35.,-11.41861503663));
#5115 = VECTOR('',#5116,1.);
#5116 = DIRECTION('',(-0.948477799526,3.880214946655E-17,0.316843595178)
  );
#5117 = PCURVE('',#640,#5118);
#5118 = DEFINITIONAL_REPRESENTATION('',(#5119),#5123);
#5119 = LINE('',#5120,#5121);
#5120 = CARTESIAN_POINT('',(9.79859739176E-17,-70.));
#5121 = VECTOR('',#5122,1.);
#5122 = DIRECTION('',(1.,-5.803343345138E-33));
#5123 = ( GEOMETRIC_REPRESENTATION_CONTEXT(2) 
PARAMETRIC_REPRESENTATION_CONTEXT() REPRESENTATION_CONTEXT('2D SPACE',''
  ) );
#5124 = PCURVE('',#3051,#5125);
#5125 = DEFINITIONAL_REPRESENTATION('',(#5126),#5130);
#5126 = LINE('',#5127,#5128);
#5127 = CARTESIAN_POINT('',(-5.439709387113,12.236979166667));
#5128 = VECTOR('',#5129,1.);
#5129 = DIRECTION('',(0.316843595178,-0.948477799526));
#5130 = ( GEOMETRIC_REPRESENTATION_CONTEXT(2) 
PARAMETRIC_REPRESENTATION_CONTEXT() REPRESENTATION_CONTEXT('2D SPACE',''
  ) );
#5131 = ORIENTED_EDGE('',*,*,#5132,.F.);
#5132 = EDGE_CURVE('',#625,#5110,#5133,.T.);
#5133 = SURFACE_CURVE('',#5134,(#5138,#5145),.PCURVE_S1.);
#5134 = LINE('',#5135,#5136);
#5135 = CARTESIAN_POINT('',(11.90625,35.,-11.30813335931));
#5136 = VECTOR('',#5137,1.);
#5137 = DIRECTION('',(0.,-1.,1.224646799147E-16));
#5138 = PCURVE('',#640,#5139);
#5139 = DEFINITIONAL_REPRESENTATION('',(#5140),#5144);
#5140 = LINE('',#5141,#5142);
#5141 = CARTESIAN_POINT('',(0.348694684084,-1.353010325003E-17));
#5142 = VECTOR('',#5143,1.);
#5143 = DIRECTION('',(-3.596324769012E-34,-1.));
#5144 = ( GEOMETRIC_REPRESENTATION_CONTEXT(2) 
PARAMETRIC_REPRESENTATION_CONTEXT() REPRESENTATION_CONTEXT('2D SPACE',''
  ) );
#5145 = PCURVE('',#668,#5146);
#5146 = DEFINITIONAL_REPRESENTATION('',(#5147),#5151);
#5147 = LINE('',#5148,#5149);
#5148 = CARTESIAN_POINT('',(0.,0.));
#5149 = VECTOR('',#5150,1.);
#5150 = DIRECTION('',(4.088958701398E-34,-1.));
#5151 = ( GEOMETRIC_REPRESENTATION_CONTEXT(2) 
PARAMETRIC_REPRESENTATION_CONTEXT() REPRESENTATION_CONTEXT('2D SPACE',''
  ) );
#5152 = ORIENTED_EDGE('',*,*,#624,.F.);
#5153 = ADVANCED_FACE('',(#5154),#2460,.T.);
#5154 = FACE_BOUND('',#5155,.T.);
#5155 = EDGE_LOOP('',(#5156,#5179,#5200,#5201));
#5156 = ORIENTED_EDGE('',*,*,#5157,.T.);
#5157 = EDGE_CURVE('',#2417,#5158,#5160,.T.);
#5158 = VERTEX_POINT('',#5159);
#5159 = CARTESIAN_POINT('',(-9.260416666667,-35.,-10.54252872341));
#5160 = SURFACE_CURVE('',#5161,(#5165,#5172),.PCURVE_S1.);
#5161 = LINE('',#5162,#5163);
#5162 = CARTESIAN_POINT('',(-9.260416666667,35.,-10.54252872341));
#5163 = VECTOR('',#5164,1.);
#5164 = DIRECTION('',(0.,-1.,1.224646799147E-16));
#5165 = PCURVE('',#2460,#5166);
#5166 = DEFINITIONAL_REPRESENTATION('',(#5167),#5171);
#5167 = LINE('',#5168,#5169);
#5168 = CARTESIAN_POINT('',(-0.,0.));
#5169 = VECTOR('',#5170,1.);
#5170 = DIRECTION('',(1.494820578496E-33,-1.));
#5171 = ( GEOMETRIC_REPRESENTATION_CONTEXT(2) 
PARAMETRIC_REPRESENTATION_CONTEXT() REPRESENTATION_CONTEXT('2D SPACE',''
  ) );
#5172 = PCURVE('',#2432,#5173);
#5173 = DEFINITIONAL_REPRESENTATION('',(#5174),#5178);
#5174 = LINE('',#5175,#5176);
#5175 = CARTESIAN_POINT('',(0.340575540533,9.956549538271E-18));
#5176 = VECTOR('',#5177,1.);
#5177 = DIRECTION('',(2.953202717426E-33,-1.));
#5178 = ( GEOMETRIC_REPRESENTATION_CONTEXT(2) 
PARAMETRIC_REPRESENTATION_CONTEXT() REPRESENTATION_CONTEXT('2D SPACE',''
  ) );
#5179 = ORIENTED_EDGE('',*,*,#5180,.T.);
#5180 = EDGE_CURVE('',#5158,#5060,#5181,.T.);
#5181 = SURFACE_CURVE('',#5182,(#5186,#5193),.PCURVE_S1.);
#5182 = LINE('',#5183,#5184);
#5183 = CARTESIAN_POINT('',(-9.260416666667,-35.,-10.54252872341));
#5184 = VECTOR('',#5185,1.);
#5185 = DIRECTION('',(-0.968913862776,-3.029755552104E-17,
    -0.247398315515));
#5186 = PCURVE('',#2460,#5187);
#5187 = DEFINITIONAL_REPRESENTATION('',(#5188),#5192);
#5188 = LINE('',#5189,#5190);
#5189 = CARTESIAN_POINT('',(-7.650956263673E-17,-70.));
#5190 = VECTOR('',#5191,1.);
#5191 = DIRECTION('',(1.,-1.494820578496E-33));
#5192 = ( GEOMETRIC_REPRESENTATION_CONTEXT(2) 
PARAMETRIC_REPRESENTATION_CONTEXT() REPRESENTATION_CONTEXT('2D SPACE',''
  ) );
#5193 = PCURVE('',#3051,#5194);
#5194 = DEFINITIONAL_REPRESENTATION('',(#5195),#5199);
#5195 = LINE('',#5196,#5197);
#5196 = CARTESIAN_POINT('',(-4.563623073891,-9.260416666667));
#5197 = VECTOR('',#5198,1.);
#5198 = DIRECTION('',(-0.247398315515,-0.968913862776));
#5199 = ( GEOMETRIC_REPRESENTATION_CONTEXT(2) 
PARAMETRIC_REPRESENTATION_CONTEXT() REPRESENTATION_CONTEXT('2D SPACE',''
  ) );
#5200 = ORIENTED_EDGE('',*,*,#5059,.F.);
#5201 = ORIENTED_EDGE('',*,*,#2444,.F.);
#5202 = ADVANCED_FACE('',(#5203),#668,.T.);
#5203 = FACE_BOUND('',#5204,.T.);
#5204 = EDGE_LOOP('',(#5205,#5206,#5229,#5250));
#5205 = ORIENTED_EDGE('',*,*,#5132,.T.);
#5206 = ORIENTED_EDGE('',*,*,#5207,.T.);
#5207 = EDGE_CURVE('',#5110,#5208,#5210,.T.);
#5208 = VERTEX_POINT('',#5209);
#5209 = CARTESIAN_POINT('',(11.575520833333,-35.,-11.20100115103));
#5210 = SURFACE_CURVE('',#5211,(#5215,#5222),.PCURVE_S1.);
#5211 = LINE('',#5212,#5213);
#5212 = CARTESIAN_POINT('',(11.90625,-35.,-11.30813335931));
#5213 = VECTOR('',#5214,1.);
#5214 = DIRECTION('',(-0.951333594986,3.773907450966E-17,0.308162929393)
  );
#5215 = PCURVE('',#668,#5216);
#5216 = DEFINITIONAL_REPRESENTATION('',(#5217),#5221);
#5217 = LINE('',#5218,#5219);
#5218 = CARTESIAN_POINT('',(9.53014207052E-17,-70.));
#5219 = VECTOR('',#5220,1.);
#5220 = DIRECTION('',(1.,-4.088958701398E-34));
#5221 = ( GEOMETRIC_REPRESENTATION_CONTEXT(2) 
PARAMETRIC_REPRESENTATION_CONTEXT() REPRESENTATION_CONTEXT('2D SPACE',''
  ) );
#5222 = PCURVE('',#3051,#5223);
#5223 = DEFINITIONAL_REPRESENTATION('',(#5224),#5228);
#5224 = LINE('',#5225,#5226);
#5225 = CARTESIAN_POINT('',(-5.329227709788,11.90625));
#5226 = VECTOR('',#5227,1.);
#5227 = DIRECTION('',(0.308162929393,-0.951333594986));
#5228 = ( GEOMETRIC_REPRESENTATION_CONTEXT(2) 
PARAMETRIC_REPRESENTATION_CONTEXT() REPRESENTATION_CONTEXT('2D SPACE',''
  ) );
#5229 = ORIENTED_EDGE('',*,*,#5230,.F.);
#5230 = EDGE_CURVE('',#653,#5208,#5231,.T.);
#5231 = SURFACE_CURVE('',#5232,(#5236,#5243),.PCURVE_S1.);
#5232 = LINE('',#5233,#5234);
#5233 = CARTESIAN_POINT('',(11.575520833333,35.,-11.20100115103));
#5234 = VECTOR('',#5235,1.);
#5235 = DIRECTION('',(0.,-1.,1.224646799147E-16));
#5236 = PCURVE('',#668,#5237);
#5237 = DEFINITIONAL_REPRESENTATION('',(#5238),#5242);
#5238 = LINE('',#5239,#5240);
#5239 = CARTESIAN_POINT('',(0.347647942225,-1.311991159478E-17));
#5240 = VECTOR('',#5241,1.);
#5241 = DIRECTION('',(4.088958701398E-34,-1.));
#5242 = ( GEOMETRIC_REPRESENTATION_CONTEXT(2) 
PARAMETRIC_REPRESENTATION_CONTEXT() REPRESENTATION_CONTEXT('2D SPACE',''
  ) );
#5243 = PCURVE('',#696,#5244);
#5244 = DEFINITIONAL_REPRESENTATION('',(#5245),#5249);
#5245 = LINE('',#5246,#5247);
#5246 = CARTESIAN_POINT('',(0.,0.));
#5247 = VECTOR('',#5248,1.);
#5248 = DIRECTION('',(1.408002947057E-33,-1.));
#5249 = ( GEOMETRIC_REPRESENTATION_CONTEXT(2) 
PARAMETRIC_REPRESENTATION_CONTEXT() REPRESENTATION_CONTEXT('2D SPACE',''
  ) );
#5250 = ORIENTED_EDGE('',*,*,#652,.F.);
#5251 = ADVANCED_FACE('',(#5252),#2432,.T.);
#5252 = FACE_BOUND('',#5253,.T.);
#5253 = EDGE_LOOP('',(#5254,#5277,#5298,#5299));
#5254 = ORIENTED_EDGE('',*,*,#5255,.T.);
#5255 = EDGE_CURVE('',#2389,#5256,#5258,.T.);
#5256 = VERTEX_POINT('',#5257);
#5257 = CARTESIAN_POINT('',(-8.9296875,-35.,-10.46122732659));
#5258 = SURFACE_CURVE('',#5259,(#5263,#5270),.PCURVE_S1.);
#5259 = LINE('',#5260,#5261);
#5260 = CARTESIAN_POINT('',(-8.9296875,35.,-10.46122732659));
#5261 = VECTOR('',#5262,1.);
#5262 = DIRECTION('',(0.,-1.,1.224646799147E-16));
#5263 = PCURVE('',#2432,#5264);
#5264 = DEFINITIONAL_REPRESENTATION('',(#5265),#5269);
#5265 = LINE('',#5266,#5267);
#5266 = CARTESIAN_POINT('',(-0.,0.));
#5267 = VECTOR('',#5268,1.);
#5268 = DIRECTION('',(2.953202717426E-33,-1.));
#5269 = ( GEOMETRIC_REPRESENTATION_CONTEXT(2) 
PARAMETRIC_REPRESENTATION_CONTEXT() REPRESENTATION_CONTEXT('2D SPACE',''
  ) );
#5270 = PCURVE('',#2404,#5271);
#5271 = DEFINITIONAL_REPRESENTATION('',(#5272),#5276);
#5272 = LINE('',#5273,#5274);
#5273 = CARTESIAN_POINT('',(0.339843119805,9.573859455946E-18));
#5274 = VECTOR('',#5275,1.);
#5275 = DIRECTION('',(-1.535126952023E-33,-1.));
#5276 = ( GEOMETRIC_REPRESENTATION_CONTEXT(2) 
PARAMETRIC_REPRESENTATION_CONTEXT() REPRESENTATION_CONTEXT('2D SPACE',''
  ) );
#5277 = ORIENTED_EDGE('',*,*,#5278,.T.);
#5278 = EDGE_CURVE('',#5256,#5158,#5279,.T.);
#5279 = SURFACE_CURVE('',#5280,(#5284,#5291),.PCURVE_S1.);
#5280 = LINE('',#5281,#5282);
#5281 = CARTESIAN_POINT('',(-8.9296875,-35.,-10.46122732659));
#5282 = VECTOR('',#5283,1.);
#5283 = DIRECTION('',(-0.971089016403,-2.923448208495E-17,
    -0.238717662148));
#5284 = PCURVE('',#2432,#5285);
#5285 = DEFINITIONAL_REPRESENTATION('',(#5286),#5290);
#5286 = LINE('',#5287,#5288);
#5287 = CARTESIAN_POINT('',(-7.382501326479E-17,-70.));
#5288 = VECTOR('',#5289,1.);
#5289 = DIRECTION('',(1.,-2.953202717426E-33));
#5290 = ( GEOMETRIC_REPRESENTATION_CONTEXT(2) 
PARAMETRIC_REPRESENTATION_CONTEXT() REPRESENTATION_CONTEXT('2D SPACE',''
  ) );
#5291 = PCURVE('',#3051,#5292);
#5292 = DEFINITIONAL_REPRESENTATION('',(#5293),#5297);
#5293 = LINE('',#5294,#5295);
#5294 = CARTESIAN_POINT('',(-4.482321677071,-8.9296875));
#5295 = VECTOR('',#5296,1.);
#5296 = DIRECTION('',(-0.238717662148,-0.971089016403));
#5297 = ( GEOMETRIC_REPRESENTATION_CONTEXT(2) 
PARAMETRIC_REPRESENTATION_CONTEXT() REPRESENTATION_CONTEXT('2D SPACE',''
  ) );
#5298 = ORIENTED_EDGE('',*,*,#5157,.F.);
#5299 = ORIENTED_EDGE('',*,*,#2416,.F.);
#5300 = ADVANCED_FACE('',(#5301),#696,.T.);
#5301 = FACE_BOUND('',#5302,.T.);
#5302 = EDGE_LOOP('',(#5303,#5304,#5327,#5348));
#5303 = ORIENTED_EDGE('',*,*,#5230,.T.);
#5304 = ORIENTED_EDGE('',*,*,#5305,.T.);
#5305 = EDGE_CURVE('',#5208,#5306,#5308,.T.);
#5306 = VERTEX_POINT('',#5307);
#5307 = CARTESIAN_POINT('',(11.244791666667,-35.,-11.09718883968));
#5308 = SURFACE_CURVE('',#5309,(#5313,#5320),.PCURVE_S1.);
#5309 = LINE('',#5310,#5311);
#5310 = CARTESIAN_POINT('',(11.575520833333,-35.,-11.20100115103));
#5311 = VECTOR('',#5312,1.);
#5312 = DIRECTION('',(-0.954101867041,3.667599977647E-17,0.299482265434)
  );
#5313 = PCURVE('',#696,#5314);
#5314 = DEFINITIONAL_REPRESENTATION('',(#5315),#5319);
#5315 = LINE('',#5316,#5317);
#5316 = CARTESIAN_POINT('',(9.26168680577E-17,-70.));
#5317 = VECTOR('',#5318,1.);
#5318 = DIRECTION('',(1.,-1.408002947057E-33));
#5319 = ( GEOMETRIC_REPRESENTATION_CONTEXT(2) 
PARAMETRIC_REPRESENTATION_CONTEXT() REPRESENTATION_CONTEXT('2D SPACE',''
  ) );
#5320 = PCURVE('',#3051,#5321);
#5321 = DEFINITIONAL_REPRESENTATION('',(#5322),#5326);
#5322 = LINE('',#5323,#5324);
#5323 = CARTESIAN_POINT('',(-5.222095501514,11.575520833333));
#5324 = VECTOR('',#5325,1.);
#5325 = DIRECTION('',(0.299482265434,-0.954101867041));
#5326 = ( GEOMETRIC_REPRESENTATION_CONTEXT(2) 
PARAMETRIC_REPRESENTATION_CONTEXT() REPRESENTATION_CONTEXT('2D SPACE',''
  ) );
#5327 = ORIENTED_EDGE('',*,*,#5328,.F.);
#5328 = EDGE_CURVE('',#681,#5306,#5329,.T.);
#5329 = SURFACE_CURVE('',#5330,(#5334,#5341),.PCURVE_S1.);
#5330 = LINE('',#5331,#5332);
#5331 = CARTESIAN_POINT('',(11.244791666667,35.,-11.09718883968));
#5332 = VECTOR('',#5333,1.);
#5333 = DIRECTION('',(0.,-1.,1.224646799147E-16));
#5334 = PCURVE('',#696,#5335);
#5335 = DEFINITIONAL_REPRESENTATION('',(#5336),#5340);
#5336 = LINE('',#5337,#5338);
#5337 = CARTESIAN_POINT('',(0.346639261584,-1.271334148036E-17));
#5338 = VECTOR('',#5339,1.);
#5339 = DIRECTION('',(1.408002947057E-33,-1.));
#5340 = ( GEOMETRIC_REPRESENTATION_CONTEXT(2) 
PARAMETRIC_REPRESENTATION_CONTEXT() REPRESENTATION_CONTEXT('2D SPACE',''
  ) );
#5341 = PCURVE('',#724,#5342);
#5342 = DEFINITIONAL_REPRESENTATION('',(#5343),#5347);
#5343 = LINE('',#5344,#5345);
#5344 = CARTESIAN_POINT('',(0.,0.));
#5345 = VECTOR('',#5346,1.);
#5346 = DIRECTION('',(-4.019286123087E-33,-1.));
#5347 = ( GEOMETRIC_REPRESENTATION_CONTEXT(2) 
PARAMETRIC_REPRESENTATION_CONTEXT() REPRESENTATION_CONTEXT('2D SPACE',''
  ) );
#5348 = ORIENTED_EDGE('',*,*,#680,.F.);
#5349 = ADVANCED_FACE('',(#5350),#2404,.T.);
#5350 = FACE_BOUND('',#5351,.T.);
#5351 = EDGE_LOOP('',(#5352,#5375,#5396,#5397));
#5352 = ORIENTED_EDGE('',*,*,#5353,.T.);
#5353 = EDGE_CURVE('',#2361,#5354,#5356,.T.);
#5354 = VERTEX_POINT('',#5355);
#5355 = CARTESIAN_POINT('',(-8.598958333333,-35.,-10.38305083143));
#5356 = SURFACE_CURVE('',#5357,(#5361,#5368),.PCURVE_S1.);
#5357 = LINE('',#5358,#5359);
#5358 = CARTESIAN_POINT('',(-8.598958333333,35.,-10.38305083143));
#5359 = VECTOR('',#5360,1.);
#5360 = DIRECTION('',(0.,-1.,1.224646799147E-16));
#5361 = PCURVE('',#2404,#5362);
#5362 = DEFINITIONAL_REPRESENTATION('',(#5363),#5367);
#5363 = LINE('',#5364,#5365);
#5364 = CARTESIAN_POINT('',(-0.,0.));
#5365 = VECTOR('',#5366,1.);
#5366 = DIRECTION('',(-1.535126952023E-33,-1.));
#5367 = ( GEOMETRIC_REPRESENTATION_CONTEXT(2) 
PARAMETRIC_REPRESENTATION_CONTEXT() REPRESENTATION_CONTEXT('2D SPACE',''
  ) );
#5368 = PCURVE('',#2376,#5369);
#5369 = DEFINITIONAL_REPRESENTATION('',(#5370),#5374);
#5370 = LINE('',#5371,#5372);
#5371 = CARTESIAN_POINT('',(0.33914227338,9.19358258298E-18));
#5372 = VECTOR('',#5373,1.);
#5373 = DIRECTION('',(-7.458175140592E-35,-1.));
#5374 = ( GEOMETRIC_REPRESENTATION_CONTEXT(2) 
PARAMETRIC_REPRESENTATION_CONTEXT() REPRESENTATION_CONTEXT('2D SPACE',''
  ) );
#5375 = ORIENTED_EDGE('',*,*,#5376,.T.);
#5376 = EDGE_CURVE('',#5354,#5256,#5377,.T.);
#5377 = SURFACE_CURVE('',#5378,(#5382,#5389),.PCURVE_S1.);
#5378 = LINE('',#5379,#5380);
#5379 = CARTESIAN_POINT('',(-8.598958333333,-35.,-10.38305083143));
#5380 = VECTOR('',#5381,1.);
#5381 = DIRECTION('',(-0.973181881265,-2.817140880017E-17,
    -0.230037010016));
#5382 = PCURVE('',#2404,#5383);
#5383 = DEFINITIONAL_REPRESENTATION('',(#5384),#5388);
#5384 = LINE('',#5385,#5386);
#5385 = CARTESIAN_POINT('',(-7.114046427491E-17,-70.));
#5386 = VECTOR('',#5387,1.);
#5387 = DIRECTION('',(1.,1.535126952023E-33));
#5388 = ( GEOMETRIC_REPRESENTATION_CONTEXT(2) 
PARAMETRIC_REPRESENTATION_CONTEXT() REPRESENTATION_CONTEXT('2D SPACE',''
  ) );
#5389 = PCURVE('',#3051,#5390);
#5390 = DEFINITIONAL_REPRESENTATION('',(#5391),#5395);
#5391 = LINE('',#5392,#5393);
#5392 = CARTESIAN_POINT('',(-4.404145181916,-8.598958333333));
#5393 = VECTOR('',#5394,1.);
#5394 = DIRECTION('',(-0.230037010016,-0.973181881265));
#5395 = ( GEOMETRIC_REPRESENTATION_CONTEXT(2) 
PARAMETRIC_REPRESENTATION_CONTEXT() REPRESENTATION_CONTEXT('2D SPACE',''
  ) );
#5396 = ORIENTED_EDGE('',*,*,#5255,.F.);
#5397 = ORIENTED_EDGE('',*,*,#2388,.F.);
#5398 = ADVANCED_FACE('',(#5399),#724,.T.);
#5399 = FACE_BOUND('',#5400,.T.);
#5400 = EDGE_LOOP('',(#5401,#5402,#5425,#5446));
#5401 = ORIENTED_EDGE('',*,*,#5328,.T.);
#5402 = ORIENTED_EDGE('',*,*,#5403,.T.);
#5403 = EDGE_CURVE('',#5306,#5404,#5406,.T.);
#5404 = VERTEX_POINT('',#5405);
#5405 = CARTESIAN_POINT('',(10.9140625,-35.,-10.99666810076));
#5406 = SURFACE_CURVE('',#5407,(#5411,#5418),.PCURVE_S1.);
#5407 = LINE('',#5408,#5409);
#5408 = CARTESIAN_POINT('',(11.244791666667,-35.,-11.09718883968));
#5409 = VECTOR('',#5410,1.);
#5410 = DIRECTION('',(-0.956783375465,3.561292525657E-17,0.290801603216)
  );
#5411 = PCURVE('',#724,#5412);
#5412 = DEFINITIONAL_REPRESENTATION('',(#5413),#5417);
#5413 = LINE('',#5414,#5415);
#5414 = CARTESIAN_POINT('',(8.993231594881E-17,-70.));
#5415 = VECTOR('',#5416,1.);
#5416 = DIRECTION('',(1.,-1.508510153757E-33));
#5417 = ( GEOMETRIC_REPRESENTATION_CONTEXT(2) 
PARAMETRIC_REPRESENTATION_CONTEXT() REPRESENTATION_CONTEXT('2D SPACE',''
  ) );
#5418 = PCURVE('',#3051,#5419);
#5419 = DEFINITIONAL_REPRESENTATION('',(#5420),#5424);
#5420 = LINE('',#5421,#5422);
#5421 = CARTESIAN_POINT('',(-5.118283190167,11.244791666667));
#5422 = VECTOR('',#5423,1.);
#5423 = DIRECTION('',(0.290801603216,-0.956783375465));
#5424 = ( GEOMETRIC_REPRESENTATION_CONTEXT(2) 
PARAMETRIC_REPRESENTATION_CONTEXT() REPRESENTATION_CONTEXT('2D SPACE',''
  ) );
#5425 = ORIENTED_EDGE('',*,*,#5426,.F.);
#5426 = EDGE_CURVE('',#709,#5404,#5427,.T.);
#5427 = SURFACE_CURVE('',#5428,(#5432,#5439),.PCURVE_S1.);
#5428 = LINE('',#5429,#5430);
#5429 = CARTESIAN_POINT('',(10.9140625,35.,-10.99666810076));
#5430 = VECTOR('',#5431,1.);
#5431 = DIRECTION('',(0.,-1.,1.224646799147E-16));
#5432 = PCURVE('',#724,#5433);
#5433 = DEFINITIONAL_REPRESENTATION('',(#5434),#5438);
#5434 = LINE('',#5435,#5436);
#5435 = CARTESIAN_POINT('',(0.345667760485,-1.231024011777E-17));
#5436 = VECTOR('',#5437,1.);
#5437 = DIRECTION('',(-4.019286123087E-33,-1.));
#5438 = ( GEOMETRIC_REPRESENTATION_CONTEXT(2) 
PARAMETRIC_REPRESENTATION_CONTEXT() REPRESENTATION_CONTEXT('2D SPACE',''
  ) );
#5439 = PCURVE('',#752,#5440);
#5440 = DEFINITIONAL_REPRESENTATION('',(#5441),#5445);
#5441 = LINE('',#5442,#5443);
#5442 = CARTESIAN_POINT('',(0.,0.));
#5443 = VECTOR('',#5444,1.);
#5444 = DIRECTION('',(-1.18415510993E-33,-1.));
#5445 = ( GEOMETRIC_REPRESENTATION_CONTEXT(2) 
PARAMETRIC_REPRESENTATION_CONTEXT() REPRESENTATION_CONTEXT('2D SPACE',''
  ) );
#5446 = ORIENTED_EDGE('',*,*,#708,.F.);
#5447 = ADVANCED_FACE('',(#5448),#2376,.T.);
#5448 = FACE_BOUND('',#5449,.T.);
#5449 = EDGE_LOOP('',(#5450,#5473,#5494,#5495));
#5450 = ORIENTED_EDGE('',*,*,#5451,.T.);
#5451 = EDGE_CURVE('',#2333,#5452,#5454,.T.);
#5452 = VERTEX_POINT('',#5453);
#5453 = CARTESIAN_POINT('',(-8.268229166667,-35.,-10.3079795326));
#5454 = SURFACE_CURVE('',#5455,(#5459,#5466),.PCURVE_S1.);
#5455 = LINE('',#5456,#5457);
#5456 = CARTESIAN_POINT('',(-8.268229166667,35.,-10.3079795326));
#5457 = VECTOR('',#5458,1.);
#5458 = DIRECTION('',(0.,-1.,1.224646799147E-16));
#5459 = PCURVE('',#2376,#5460);
#5460 = DEFINITIONAL_REPRESENTATION('',(#5461),#5465);
#5461 = LINE('',#5462,#5463);
#5462 = CARTESIAN_POINT('',(-0.,0.));
#5463 = VECTOR('',#5464,1.);
#5464 = DIRECTION('',(-7.458175140592E-35,-1.));
#5465 = ( GEOMETRIC_REPRESENTATION_CONTEXT(2) 
PARAMETRIC_REPRESENTATION_CONTEXT() REPRESENTATION_CONTEXT('2D SPACE',''
  ) );
#5466 = PCURVE('',#2348,#5467);
#5467 = DEFINITIONAL_REPRESENTATION('',(#5468),#5472);
#5468 = LINE('',#5469,#5470);
#5469 = CARTESIAN_POINT('',(0.338472455488,8.815604004496E-18));
#5470 = VECTOR('',#5471,1.);
#5471 = DIRECTION('',(-1.2246987614E-33,-1.));
#5472 = ( GEOMETRIC_REPRESENTATION_CONTEXT(2) 
PARAMETRIC_REPRESENTATION_CONTEXT() REPRESENTATION_CONTEXT('2D SPACE',''
  ) );
#5473 = ORIENTED_EDGE('',*,*,#5474,.T.);
#5474 = EDGE_CURVE('',#5452,#5354,#5475,.T.);
#5475 = SURFACE_CURVE('',#5476,(#5480,#5487),.PCURVE_S1.);
#5476 = LINE('',#5477,#5478);
#5477 = CARTESIAN_POINT('',(-8.268229166667,-35.,-10.3079795326));
#5478 = VECTOR('',#5479,1.);
#5479 = DIRECTION('',(-0.975192987211,-2.710833565913E-17,
    -0.221356359058));
#5480 = PCURVE('',#2376,#5481);
#5481 = DEFINITIONAL_REPRESENTATION('',(#5482),#5486);
#5482 = LINE('',#5483,#5484);
#5483 = CARTESIAN_POINT('',(-6.845591564803E-17,-70.));
#5484 = VECTOR('',#5485,1.);
#5485 = DIRECTION('',(1.,7.458175140592E-35));
#5486 = ( GEOMETRIC_REPRESENTATION_CONTEXT(2) 
PARAMETRIC_REPRESENTATION_CONTEXT() REPRESENTATION_CONTEXT('2D SPACE',''
  ) );
#5487 = PCURVE('',#3051,#5488);
#5488 = DEFINITIONAL_REPRESENTATION('',(#5489),#5493);
#5489 = LINE('',#5490,#5491);
#5490 = CARTESIAN_POINT('',(-4.329073883078,-8.268229166667));
#5491 = VECTOR('',#5492,1.);
#5492 = DIRECTION('',(-0.221356359058,-0.975192987211));
#5493 = ( GEOMETRIC_REPRESENTATION_CONTEXT(2) 
PARAMETRIC_REPRESENTATION_CONTEXT() REPRESENTATION_CONTEXT('2D SPACE',''
  ) );
#5494 = ORIENTED_EDGE('',*,*,#5353,.F.);
#5495 = ORIENTED_EDGE('',*,*,#2360,.F.);
#5496 = ADVANCED_FACE('',(#5497),#752,.T.);
#5497 = FACE_BOUND('',#5498,.T.);
#5498 = EDGE_LOOP('',(#5499,#5500,#5523,#5544));
#5499 = ORIENTED_EDGE('',*,*,#5426,.T.);
#5500 = ORIENTED_EDGE('',*,*,#5501,.T.);
#5501 = EDGE_CURVE('',#5404,#5502,#5504,.T.);
#5502 = VERTEX_POINT('',#5503);
#5503 = CARTESIAN_POINT('',(10.583333333333,-35.,-10.89941181407));
#5504 = SURFACE_CURVE('',#5505,(#5509,#5516),.PCURVE_S1.);
#5505 = LINE('',#5506,#5507);
#5506 = CARTESIAN_POINT('',(10.9140625,-35.,-10.99666810076));
#5507 = VECTOR('',#5508,1.);
#5508 = DIRECTION('',(-0.959378847856,3.454985093996E-17,0.282120942659)
  );
#5509 = PCURVE('',#752,#5510);
#5510 = DEFINITIONAL_REPRESENTATION('',(#5511),#5515);
#5511 = LINE('',#5512,#5513);
#5512 = CARTESIAN_POINT('',(8.724776435332E-17,-70.));
#5513 = VECTOR('',#5514,1.);
#5514 = DIRECTION('',(1.,1.18415510993E-33));
#5515 = ( GEOMETRIC_REPRESENTATION_CONTEXT(2) 
PARAMETRIC_REPRESENTATION_CONTEXT() REPRESENTATION_CONTEXT('2D SPACE',''
  ) );
#5516 = PCURVE('',#3051,#5517);
#5517 = DEFINITIONAL_REPRESENTATION('',(#5518),#5522);
#5518 = LINE('',#5519,#5520);
#5519 = CARTESIAN_POINT('',(-5.017762451238,10.9140625));
#5520 = VECTOR('',#5521,1.);
#5521 = DIRECTION('',(0.282120942659,-0.959378847856));
#5522 = ( GEOMETRIC_REPRESENTATION_CONTEXT(2) 
PARAMETRIC_REPRESENTATION_CONTEXT() REPRESENTATION_CONTEXT('2D SPACE',''
  ) );
#5523 = ORIENTED_EDGE('',*,*,#5524,.F.);
#5524 = EDGE_CURVE('',#737,#5502,#5525,.T.);
#5525 = SURFACE_CURVE('',#5526,(#5530,#5537),.PCURVE_S1.);
#5526 = LINE('',#5527,#5528);
#5527 = CARTESIAN_POINT('',(10.583333333333,35.,-10.89941181407));
#5528 = VECTOR('',#5529,1.);
#5529 = DIRECTION('',(0.,-1.,1.224646799147E-16));
#5530 = PCURVE('',#752,#5531);
#5531 = DEFINITIONAL_REPRESENTATION('',(#5532),#5536);
#5532 = LINE('',#5533,#5534);
#5533 = CARTESIAN_POINT('',(0.344732602148,-1.191046001834E-17));
#5534 = VECTOR('',#5535,1.);
#5535 = DIRECTION('',(-1.18415510993E-33,-1.));
#5536 = ( GEOMETRIC_REPRESENTATION_CONTEXT(2) 
PARAMETRIC_REPRESENTATION_CONTEXT() REPRESENTATION_CONTEXT('2D SPACE',''
  ) );
#5537 = PCURVE('',#780,#5538);
#5538 = DEFINITIONAL_REPRESENTATION('',(#5539),#5543);
#5539 = LINE('',#5540,#5541);
#5540 = CARTESIAN_POINT('',(0.,0.));
#5541 = VECTOR('',#5542,1.);
#5542 = DIRECTION('',(-1.913966868269E-33,-1.));
#5543 = ( GEOMETRIC_REPRESENTATION_CONTEXT(2) 
PARAMETRIC_REPRESENTATION_CONTEXT() REPRESENTATION_CONTEXT('2D SPACE',''
  ) );
#5544 = ORIENTED_EDGE('',*,*,#736,.F.);
#5545 = ADVANCED_FACE('',(#5546),#2348,.T.);
#5546 = FACE_BOUND('',#5547,.T.);
#5547 = EDGE_LOOP('',(#5548,#5571,#5592,#5593));
#5548 = ORIENTED_EDGE('',*,*,#5549,.T.);
#5549 = EDGE_CURVE('',#2305,#5550,#5552,.T.);
#5550 = VERTEX_POINT('',#5551);
#5551 = CARTESIAN_POINT('',(-7.9375,-35.,-10.23599466308));
#5552 = SURFACE_CURVE('',#5553,(#5557,#5564),.PCURVE_S1.);
#5553 = LINE('',#5554,#5555);
#5554 = CARTESIAN_POINT('',(-7.9375,35.,-10.23599466308));
#5555 = VECTOR('',#5556,1.);
#5556 = DIRECTION('',(0.,-1.,1.224646799147E-16));
#5557 = PCURVE('',#2348,#5558);
#5558 = DEFINITIONAL_REPRESENTATION('',(#5559),#5563);
#5559 = LINE('',#5560,#5561);
#5560 = CARTESIAN_POINT('',(-0.,0.));
#5561 = VECTOR('',#5562,1.);
#5562 = DIRECTION('',(-1.2246987614E-33,-1.));
#5563 = ( GEOMETRIC_REPRESENTATION_CONTEXT(2) 
PARAMETRIC_REPRESENTATION_CONTEXT() REPRESENTATION_CONTEXT('2D SPACE',''
  ) );
#5564 = PCURVE('',#2320,#5565);
#5565 = DEFINITIONAL_REPRESENTATION('',(#5566),#5570);
#5566 = LINE('',#5567,#5568);
#5567 = CARTESIAN_POINT('',(0.337833150004,8.439811867147E-18));
#5568 = VECTOR('',#5569,1.);
#5569 = DIRECTION('',(-4.910552641506E-34,-1.));
#5570 = ( GEOMETRIC_REPRESENTATION_CONTEXT(2) 
PARAMETRIC_REPRESENTATION_CONTEXT() REPRESENTATION_CONTEXT('2D SPACE',''
  ) );
#5571 = ORIENTED_EDGE('',*,*,#5572,.T.);
#5572 = EDGE_CURVE('',#5550,#5452,#5573,.T.);
#5573 = SURFACE_CURVE('',#5574,(#5578,#5585),.PCURVE_S1.);
#5574 = LINE('',#5575,#5576);
#5575 = CARTESIAN_POINT('',(-7.9375,-35.,-10.23599466308));
#5576 = VECTOR('',#5577,1.);
#5577 = DIRECTION('',(-0.97712283911,-2.604526265452E-17,-0.212675709214
    ));
#5578 = PCURVE('',#2348,#5579);
#5579 = DEFINITIONAL_REPRESENTATION('',(#5580),#5584);
#5580 = LINE('',#5581,#5582);
#5581 = CARTESIAN_POINT('',(-6.577136736567E-17,-70.));
#5582 = VECTOR('',#5583,1.);
#5583 = DIRECTION('',(1.,1.2246987614E-33));
#5584 = ( GEOMETRIC_REPRESENTATION_CONTEXT(2) 
PARAMETRIC_REPRESENTATION_CONTEXT() REPRESENTATION_CONTEXT('2D SPACE',''
  ) );
#5585 = PCURVE('',#3051,#5586);
#5586 = DEFINITIONAL_REPRESENTATION('',(#5587),#5591);
#5587 = LINE('',#5588,#5589);
#5588 = CARTESIAN_POINT('',(-4.257089013558,-7.9375));
#5589 = VECTOR('',#5590,1.);
#5590 = DIRECTION('',(-0.212675709214,-0.97712283911));
#5591 = ( GEOMETRIC_REPRESENTATION_CONTEXT(2) 
PARAMETRIC_REPRESENTATION_CONTEXT() REPRESENTATION_CONTEXT('2D SPACE',''
  ) );
#5592 = ORIENTED_EDGE('',*,*,#5451,.F.);
#5593 = ORIENTED_EDGE('',*,*,#2332,.F.);
#5594 = ADVANCED_FACE('',(#5595),#780,.T.);
#5595 = FACE_BOUND('',#5596,.T.);
#5596 = EDGE_LOOP('',(#5597,#5598,#5621,#5642));
#5597 = ORIENTED_EDGE('',*,*,#5524,.T.);
#5598 = ORIENTED_EDGE('',*,*,#5599,.T.);
#5599 = EDGE_CURVE('',#5502,#5600,#5602,.T.);
#5600 = VERTEX_POINT('',#5601);
#5601 = CARTESIAN_POINT('',(10.252604166667,-35.,-10.80539402307));
#5602 = SURFACE_CURVE('',#5603,(#5607,#5614),.PCURVE_S1.);
#5603 = LINE('',#5604,#5605);
#5604 = CARTESIAN_POINT('',(10.583333333333,-35.,-10.89941181407));
#5605 = VECTOR('',#5606,1.);
#5606 = DIRECTION('',(-0.961888980735,3.34867768171E-17,0.273440283684)
  );
#5607 = PCURVE('',#780,#5608);
#5608 = DEFINITIONAL_REPRESENTATION('',(#5609),#5613);
#5609 = LINE('',#5610,#5611);
#5610 = CARTESIAN_POINT('',(8.456321324706E-17,-70.));
#5611 = VECTOR('',#5612,1.);
#5612 = DIRECTION('',(1.,1.913966868269E-33));
#5613 = ( GEOMETRIC_REPRESENTATION_CONTEXT(2) 
PARAMETRIC_REPRESENTATION_CONTEXT() REPRESENTATION_CONTEXT('2D SPACE',''
  ) );
#5614 = PCURVE('',#3051,#5615);
#5615 = DEFINITIONAL_REPRESENTATION('',(#5616),#5620);
#5616 = LINE('',#5617,#5618);
#5617 = CARTESIAN_POINT('',(-4.920506164555,10.583333333333));
#5618 = VECTOR('',#5619,1.);
#5619 = DIRECTION('',(0.273440283684,-0.961888980735));
#5620 = ( GEOMETRIC_REPRESENTATION_CONTEXT(2) 
PARAMETRIC_REPRESENTATION_CONTEXT() REPRESENTATION_CONTEXT('2D SPACE',''
  ) );
#5621 = ORIENTED_EDGE('',*,*,#5622,.F.);
#5622 = EDGE_CURVE('',#765,#5600,#5623,.T.);
#5623 = SURFACE_CURVE('',#5624,(#5628,#5635),.PCURVE_S1.);
#5624 = LINE('',#5625,#5626);
#5625 = CARTESIAN_POINT('',(10.252604166667,35.,-10.80539402307));
#5626 = VECTOR('',#5627,1.);
#5627 = DIRECTION('',(0.,-1.,1.224646799147E-16));
#5628 = PCURVE('',#780,#5629);
#5629 = DEFINITIONAL_REPRESENTATION('',(#5630),#5634);
#5630 = LINE('',#5631,#5632);
#5631 = CARTESIAN_POINT('',(0.343832992467,-1.151385868108E-17));
#5632 = VECTOR('',#5633,1.);
#5633 = DIRECTION('',(-1.913966868269E-33,-1.));
#5634 = ( GEOMETRIC_REPRESENTATION_CONTEXT(2) 
PARAMETRIC_REPRESENTATION_CONTEXT() REPRESENTATION_CONTEXT('2D SPACE',''
  ) );
#5635 = PCURVE('',#808,#5636);
#5636 = DEFINITIONAL_REPRESENTATION('',(#5637),#5641);
#5637 = LINE('',#5638,#5639);
#5638 = CARTESIAN_POINT('',(0.,0.));
#5639 = VECTOR('',#5640,1.);
#5640 = DIRECTION('',(-1.128765677936E-33,-1.));
#5641 = ( GEOMETRIC_REPRESENTATION_CONTEXT(2) 
PARAMETRIC_REPRESENTATION_CONTEXT() REPRESENTATION_CONTEXT('2D SPACE',''
  ) );
#5642 = ORIENTED_EDGE('',*,*,#764,.F.);
#5643 = ADVANCED_FACE('',(#5644),#2320,.T.);
#5644 = FACE_BOUND('',#5645,.T.);
#5645 = EDGE_LOOP('',(#5646,#5669,#5690,#5691));
#5646 = ORIENTED_EDGE('',*,*,#5647,.T.);
#5647 = EDGE_CURVE('',#2277,#5648,#5650,.T.);
#5648 = VERTEX_POINT('',#5649);
#5649 = CARTESIAN_POINT('',(-7.606770833333,-35.,-10.16707836923));
#5650 = SURFACE_CURVE('',#5651,(#5655,#5662),.PCURVE_S1.);
#5651 = LINE('',#5652,#5653);
#5652 = CARTESIAN_POINT('',(-7.606770833333,35.,-10.16707836923));
#5653 = VECTOR('',#5654,1.);
#5654 = DIRECTION('',(0.,-1.,1.224646799147E-16));
#5655 = PCURVE('',#2320,#5656);
#5656 = DEFINITIONAL_REPRESENTATION('',(#5657),#5661);
#5657 = LINE('',#5658,#5659);
#5658 = CARTESIAN_POINT('',(-0.,0.));
#5659 = VECTOR('',#5660,1.);
#5660 = DIRECTION('',(-4.910552641506E-34,-1.));
#5661 = ( GEOMETRIC_REPRESENTATION_CONTEXT(2) 
PARAMETRIC_REPRESENTATION_CONTEXT() REPRESENTATION_CONTEXT('2D SPACE',''
  ) );
#5662 = PCURVE('',#2292,#5663);
#5663 = DEFINITIONAL_REPRESENTATION('',(#5664),#5668);
#5664 = LINE('',#5665,#5666);
#5665 = CARTESIAN_POINT('',(0.337223869282,8.066097193516E-18));
#5666 = VECTOR('',#5667,1.);
#5667 = DIRECTION('',(3.572625208237E-33,-1.));
#5668 = ( GEOMETRIC_REPRESENTATION_CONTEXT(2) 
PARAMETRIC_REPRESENTATION_CONTEXT() REPRESENTATION_CONTEXT('2D SPACE',''
  ) );
#5669 = ORIENTED_EDGE('',*,*,#5670,.T.);
#5670 = EDGE_CURVE('',#5648,#5550,#5671,.T.);
#5671 = SURFACE_CURVE('',#5672,(#5676,#5683),.PCURVE_S1.);
#5672 = LINE('',#5673,#5674);
#5673 = CARTESIAN_POINT('',(-7.606770833333,-35.,-10.16707836923));
#5674 = VECTOR('',#5675,1.);
#5675 = DIRECTION('',(-0.978971917535,-2.498218977929E-17,
    -0.203995060426));
#5676 = PCURVE('',#2320,#5677);
#5677 = DEFINITIONAL_REPRESENTATION('',(#5678),#5682);
#5678 = LINE('',#5679,#5680);
#5679 = CARTESIAN_POINT('',(-6.308681941004E-17,-70.));
#5680 = VECTOR('',#5681,1.);
#5681 = DIRECTION('',(1.,1.734654915529E-34));
#5682 = ( GEOMETRIC_REPRESENTATION_CONTEXT(2) 
PARAMETRIC_REPRESENTATION_CONTEXT() REPRESENTATION_CONTEXT('2D SPACE',''
  ) );
#5683 = PCURVE('',#3051,#5684);
#5684 = DEFINITIONAL_REPRESENTATION('',(#5685),#5689);
#5685 = LINE('',#5686,#5687);
#5686 = CARTESIAN_POINT('',(-4.188172719709,-7.606770833333));
#5687 = VECTOR('',#5688,1.);
#5688 = DIRECTION('',(-0.203995060426,-0.978971917535));
#5689 = ( GEOMETRIC_REPRESENTATION_CONTEXT(2) 
PARAMETRIC_REPRESENTATION_CONTEXT() REPRESENTATION_CONTEXT('2D SPACE',''
  ) );
#5690 = ORIENTED_EDGE('',*,*,#5549,.F.);
#5691 = ORIENTED_EDGE('',*,*,#2304,.F.);
#5692 = ADVANCED_FACE('',(#5693),#808,.T.);
#5693 = FACE_BOUND('',#5694,.T.);
#5694 = EDGE_LOOP('',(#5695,#5696,#5719,#5740));
#5695 = ORIENTED_EDGE('',*,*,#5622,.T.);
#5696 = ORIENTED_EDGE('',*,*,#5697,.T.);
#5697 = EDGE_CURVE('',#5600,#5698,#5700,.T.);
#5698 = VERTEX_POINT('',#5699);
#5699 = CARTESIAN_POINT('',(9.921875,-35.,-10.71458989647));
#5700 = SURFACE_CURVE('',#5701,(#5705,#5712),.PCURVE_S1.);
#5701 = LINE('',#5702,#5703);
#5702 = CARTESIAN_POINT('',(10.252604166667,-35.,-10.80539402307));
#5703 = VECTOR('',#5704,1.);
#5704 = DIRECTION('',(-0.964314440588,3.242370287881E-17,0.264759626215)
  );
#5705 = PCURVE('',#808,#5706);
#5706 = DEFINITIONAL_REPRESENTATION('',(#5707),#5711);
#5707 = LINE('',#5708,#5709);
#5708 = CARTESIAN_POINT('',(8.18786626069E-17,-70.));
#5709 = VECTOR('',#5710,1.);
#5710 = DIRECTION('',(1.,1.128765677936E-33));
#5711 = ( GEOMETRIC_REPRESENTATION_CONTEXT(2) 
PARAMETRIC_REPRESENTATION_CONTEXT() REPRESENTATION_CONTEXT('2D SPACE',''
  ) );
#5712 = PCURVE('',#3051,#5713);
#5713 = DEFINITIONAL_REPRESENTATION('',(#5714),#5718);
#5714 = LINE('',#5715,#5716);
#5715 = CARTESIAN_POINT('',(-4.826488373555,10.252604166667));
#5716 = VECTOR('',#5717,1.);
#5717 = DIRECTION('',(0.264759626215,-0.964314440588));
#5718 = ( GEOMETRIC_REPRESENTATION_CONTEXT(2) 
PARAMETRIC_REPRESENTATION_CONTEXT() REPRESENTATION_CONTEXT('2D SPACE',''
  ) );
#5719 = ORIENTED_EDGE('',*,*,#5720,.F.);
#5720 = EDGE_CURVE('',#793,#5698,#5721,.T.);
#5721 = SURFACE_CURVE('',#5722,(#5726,#5733),.PCURVE_S1.);
#5722 = LINE('',#5723,#5724);
#5723 = CARTESIAN_POINT('',(9.921875,35.,-10.71458989647));
#5724 = VECTOR('',#5725,1.);
#5725 = DIRECTION('',(0.,-1.,1.224646799147E-16));
#5726 = PCURVE('',#808,#5727);
#5727 = DEFINITIONAL_REPRESENTATION('',(#5728),#5732);
#5728 = LINE('',#5729,#5730);
#5729 = CARTESIAN_POINT('',(0.342968177958,-1.112029829898E-17));
#5730 = VECTOR('',#5731,1.);
#5731 = DIRECTION('',(-1.128765677936E-33,-1.));
#5732 = ( GEOMETRIC_REPRESENTATION_CONTEXT(2) 
PARAMETRIC_REPRESENTATION_CONTEXT() REPRESENTATION_CONTEXT('2D SPACE',''
  ) );
#5733 = PCURVE('',#836,#5734);
#5734 = DEFINITIONAL_REPRESENTATION('',(#5735),#5739);
#5735 = LINE('',#5736,#5737);
#5736 = CARTESIAN_POINT('',(0.,0.));
#5737 = VECTOR('',#5738,1.);
#5738 = DIRECTION('',(-1.771090329688E-34,-1.));
#5739 = ( GEOMETRIC_REPRESENTATION_CONTEXT(2) 
PARAMETRIC_REPRESENTATION_CONTEXT() REPRESENTATION_CONTEXT('2D SPACE',''
  ) );
#5740 = ORIENTED_EDGE('',*,*,#792,.F.);
#5741 = ADVANCED_FACE('',(#5742),#2292,.T.);
#5742 = FACE_BOUND('',#5743,.T.);
#5743 = EDGE_LOOP('',(#5744,#5767,#5788,#5789));
#5744 = ORIENTED_EDGE('',*,*,#5745,.T.);
#5745 = EDGE_CURVE('',#2249,#5746,#5748,.T.);
#5746 = VERTEX_POINT('',#5747);
#5747 = CARTESIAN_POINT('',(-7.276041666667,-35.,-10.10121368727));
#5748 = SURFACE_CURVE('',#5749,(#5753,#5760),.PCURVE_S1.);
#5749 = LINE('',#5750,#5751);
#5750 = CARTESIAN_POINT('',(-7.276041666667,35.,-10.10121368727));
#5751 = VECTOR('',#5752,1.);
#5752 = DIRECTION('',(0.,-1.,1.224646799147E-16));
#5753 = PCURVE('',#2292,#5754);
#5754 = DEFINITIONAL_REPRESENTATION('',(#5755),#5759);
#5755 = LINE('',#5756,#5757);
#5756 = CARTESIAN_POINT('',(-0.,0.));
#5757 = VECTOR('',#5758,1.);
#5758 = DIRECTION('',(3.572625208237E-33,-1.));
#5759 = ( GEOMETRIC_REPRESENTATION_CONTEXT(2) 
PARAMETRIC_REPRESENTATION_CONTEXT() REPRESENTATION_CONTEXT('2D SPACE',''
  ) );
#5760 = PCURVE('',#2264,#5761);
#5761 = DEFINITIONAL_REPRESENTATION('',(#5762),#5766);
#5762 = LINE('',#5763,#5764);
#5763 = CARTESIAN_POINT('',(0.336644153056,7.69435370584E-18));
#5764 = VECTOR('',#5765,1.);
#5765 = DIRECTION('',(-3.476883686286E-33,-1.));
#5766 = ( GEOMETRIC_REPRESENTATION_CONTEXT(2) 
PARAMETRIC_REPRESENTATION_CONTEXT() REPRESENTATION_CONTEXT('2D SPACE',''
  ) );
#5767 = ORIENTED_EDGE('',*,*,#5768,.T.);
#5768 = EDGE_CURVE('',#5746,#5648,#5769,.T.);
#5769 = SURFACE_CURVE('',#5770,(#5774,#5781),.PCURVE_S1.);
#5770 = LINE('',#5771,#5772);
#5771 = CARTESIAN_POINT('',(-7.276041666667,-35.,-10.10121368727));
#5772 = VECTOR('',#5773,1.);
#5773 = DIRECTION('',(-0.980740679393,-2.391911702662E-17,
    -0.195314412639));
#5774 = PCURVE('',#2292,#5775);
#5775 = DEFINITIONAL_REPRESENTATION('',(#5776),#5780);
#5776 = LINE('',#5777,#5778);
#5777 = CARTESIAN_POINT('',(-6.040227176389E-17,-70.));
#5778 = VECTOR('',#5779,1.);
#5779 = DIRECTION('',(1.,-4.911372972179E-34));
#5780 = ( GEOMETRIC_REPRESENTATION_CONTEXT(2) 
PARAMETRIC_REPRESENTATION_CONTEXT() REPRESENTATION_CONTEXT('2D SPACE',''
  ) );
#5781 = PCURVE('',#3051,#5782);
#5782 = DEFINITIONAL_REPRESENTATION('',(#5783),#5787);
#5783 = LINE('',#5784,#5785);
#5784 = CARTESIAN_POINT('',(-4.122308037752,-7.276041666667));
#5785 = VECTOR('',#5786,1.);
#5786 = DIRECTION('',(-0.195314412639,-0.980740679393));
#5787 = ( GEOMETRIC_REPRESENTATION_CONTEXT(2) 
PARAMETRIC_REPRESENTATION_CONTEXT() REPRESENTATION_CONTEXT('2D SPACE',''
  ) );
#5788 = ORIENTED_EDGE('',*,*,#5647,.F.);
#5789 = ORIENTED_EDGE('',*,*,#2276,.F.);
#5790 = ADVANCED_FACE('',(#5791),#836,.T.);
#5791 = FACE_BOUND('',#5792,.T.);
#5792 = EDGE_LOOP('',(#5793,#5794,#5817,#5838));
#5793 = ORIENTED_EDGE('',*,*,#5720,.T.);
#5794 = ORIENTED_EDGE('',*,*,#5795,.T.);
#5795 = EDGE_CURVE('',#5698,#5796,#5798,.T.);
#5796 = VERTEX_POINT('',#5797);
#5797 = CARTESIAN_POINT('',(9.591145833333,-35.,-10.62697569219));
#5798 = SURFACE_CURVE('',#5799,(#5803,#5810),.PCURVE_S1.);
#5799 = LINE('',#5800,#5801);
#5800 = CARTESIAN_POINT('',(9.921875,-35.,-10.71458989647));
#5801 = VECTOR('',#5802,1.);
#5802 = DIRECTION('',(-0.96665586484,3.136062911628E-17,0.256078970182)
  );
#5803 = PCURVE('',#836,#5804);
#5804 = DEFINITIONAL_REPRESENTATION('',(#5805),#5809);
#5805 = LINE('',#5806,#5807);
#5806 = CARTESIAN_POINT('',(7.919411241059E-17,-70.));
#5807 = VECTOR('',#5808,1.);
#5808 = DIRECTION('',(1.,1.771090329688E-34));
#5809 = ( GEOMETRIC_REPRESENTATION_CONTEXT(2) 
PARAMETRIC_REPRESENTATION_CONTEXT() REPRESENTATION_CONTEXT('2D SPACE',''
  ) );
#5810 = PCURVE('',#3051,#5811);
#5811 = DEFINITIONAL_REPRESENTATION('',(#5812),#5816);
#5812 = LINE('',#5813,#5814);
#5813 = CARTESIAN_POINT('',(-4.735684246955,9.921875));
#5814 = VECTOR('',#5815,1.);
#5815 = DIRECTION('',(0.256078970182,-0.96665586484));
#5816 = ( GEOMETRIC_REPRESENTATION_CONTEXT(2) 
PARAMETRIC_REPRESENTATION_CONTEXT() REPRESENTATION_CONTEXT('2D SPACE',''
  ) );
#5817 = ORIENTED_EDGE('',*,*,#5818,.F.);
#5818 = EDGE_CURVE('',#821,#5796,#5819,.T.);
#5819 = SURFACE_CURVE('',#5820,(#5824,#5831),.PCURVE_S1.);
#5820 = LINE('',#5821,#5822);
#5821 = CARTESIAN_POINT('',(9.591145833333,35.,-10.62697569219));
#5822 = VECTOR('',#5823,1.);
#5823 = DIRECTION('',(0.,-1.,1.224646799147E-16));
#5824 = PCURVE('',#836,#5825);
#5825 = DEFINITIONAL_REPRESENTATION('',(#5826),#5830);
#5826 = LINE('',#5827,#5828);
#5827 = CARTESIAN_POINT('',(0.342137443837,-1.072964548297E-17));
#5828 = VECTOR('',#5829,1.);
#5829 = DIRECTION('',(-1.771090329688E-34,-1.));
#5830 = ( GEOMETRIC_REPRESENTATION_CONTEXT(2) 
PARAMETRIC_REPRESENTATION_CONTEXT() REPRESENTATION_CONTEXT('2D SPACE',''
  ) );
#5831 = PCURVE('',#864,#5832);
#5832 = DEFINITIONAL_REPRESENTATION('',(#5833),#5837);
#5833 = LINE('',#5834,#5835);
#5834 = CARTESIAN_POINT('',(0.,0.));
#5835 = VECTOR('',#5836,1.);
#5836 = DIRECTION('',(-1.494820578496E-33,-1.));
#5837 = ( GEOMETRIC_REPRESENTATION_CONTEXT(2) 
PARAMETRIC_REPRESENTATION_CONTEXT() REPRESENTATION_CONTEXT('2D SPACE',''
  ) );
#5838 = ORIENTED_EDGE('',*,*,#820,.F.);
#5839 = ADVANCED_FACE('',(#5840),#2264,.T.);
#5840 = FACE_BOUND('',#5841,.T.);
#5841 = EDGE_LOOP('',(#5842,#5865,#5886,#5887));
#5842 = ORIENTED_EDGE('',*,*,#5843,.T.);
#5843 = EDGE_CURVE('',#2221,#5844,#5846,.T.);
#5844 = VERTEX_POINT('',#5845);
#5845 = CARTESIAN_POINT('',(-6.9453125,-35.,-10.03838452125));
#5846 = SURFACE_CURVE('',#5847,(#5851,#5858),.PCURVE_S1.);
#5847 = LINE('',#5848,#5849);
#5848 = CARTESIAN_POINT('',(-6.9453125,35.,-10.03838452125));
#5849 = VECTOR('',#5850,1.);
#5850 = DIRECTION('',(0.,-1.,1.224646799147E-16));
#5851 = PCURVE('',#2264,#5852);
#5852 = DEFINITIONAL_REPRESENTATION('',(#5853),#5857);
#5853 = LINE('',#5854,#5855);
#5854 = CARTESIAN_POINT('',(-0.,0.));
#5855 = VECTOR('',#5856,1.);
#5856 = DIRECTION('',(-3.476883686286E-33,-1.));
#5857 = ( GEOMETRIC_REPRESENTATION_CONTEXT(2) 
PARAMETRIC_REPRESENTATION_CONTEXT() REPRESENTATION_CONTEXT('2D SPACE',''
  ) );
#5858 = PCURVE('',#2236,#5859);
#5859 = DEFINITIONAL_REPRESENTATION('',(#5860),#5864);
#5860 = LINE('',#5861,#5862);
#5861 = CARTESIAN_POINT('',(0.336093567433,7.324477658307E-18));
#5862 = VECTOR('',#5863,1.);
#5863 = DIRECTION('',(6.723835926823E-34,-1.));
#5864 = ( GEOMETRIC_REPRESENTATION_CONTEXT(2) 
PARAMETRIC_REPRESENTATION_CONTEXT() REPRESENTATION_CONTEXT('2D SPACE',''
  ) );
#5865 = ORIENTED_EDGE('',*,*,#5866,.T.);
#5866 = EDGE_CURVE('',#5844,#5746,#5867,.T.);
#5867 = SURFACE_CURVE('',#5868,(#5872,#5879),.PCURVE_S1.);
#5868 = LINE('',#5869,#5870);
#5869 = CARTESIAN_POINT('',(-6.9453125,-35.,-10.03838452125));
#5870 = VECTOR('',#5871,1.);
#5871 = DIRECTION('',(-0.982429558525,-2.285604438989E-17,
    -0.186633765799));
#5872 = PCURVE('',#2264,#5873);
#5873 = DEFINITIONAL_REPRESENTATION('',(#5874),#5878);
#5874 = LINE('',#5875,#5876);
#5875 = CARTESIAN_POINT('',(-5.771772441053E-17,-70.));
#5876 = VECTOR('',#5877,1.);
#5877 = DIRECTION('',(1.,3.953957752668E-34));
#5878 = ( GEOMETRIC_REPRESENTATION_CONTEXT(2) 
PARAMETRIC_REPRESENTATION_CONTEXT() REPRESENTATION_CONTEXT('2D SPACE',''
  ) );
#5879 = PCURVE('',#3051,#5880);
#5880 = DEFINITIONAL_REPRESENTATION('',(#5881),#5885);
#5881 = LINE('',#5882,#5883);
#5882 = CARTESIAN_POINT('',(-4.059478871733,-6.9453125));
#5883 = VECTOR('',#5884,1.);
#5884 = DIRECTION('',(-0.186633765799,-0.982429558525));
#5885 = ( GEOMETRIC_REPRESENTATION_CONTEXT(2) 
PARAMETRIC_REPRESENTATION_CONTEXT() REPRESENTATION_CONTEXT('2D SPACE',''
  ) );
#5886 = ORIENTED_EDGE('',*,*,#5745,.F.);
#5887 = ORIENTED_EDGE('',*,*,#2248,.F.);
#5888 = ADVANCED_FACE('',(#5889),#864,.T.);
#5889 = FACE_BOUND('',#5890,.T.);
#5890 = EDGE_LOOP('',(#5891,#5892,#5915,#5936));
#5891 = ORIENTED_EDGE('',*,*,#5818,.T.);
#5892 = ORIENTED_EDGE('',*,*,#5893,.T.);
#5893 = EDGE_CURVE('',#5796,#5894,#5896,.T.);
#5894 = VERTEX_POINT('',#5895);
#5895 = CARTESIAN_POINT('',(9.260416666667,-35.,-10.54252872341));
#5896 = SURFACE_CURVE('',#5897,(#5901,#5908),.PCURVE_S1.);
#5897 = LINE('',#5898,#5899);
#5898 = CARTESIAN_POINT('',(9.591145833333,-35.,-10.62697569219));
#5899 = VECTOR('',#5900,1.);
#5900 = DIRECTION('',(-0.968913862776,3.029755552104E-17,0.247398315515)
  );
#5901 = PCURVE('',#864,#5902);
#5902 = DEFINITIONAL_REPRESENTATION('',(#5903),#5907);
#5903 = LINE('',#5904,#5905);
#5904 = CARTESIAN_POINT('',(7.650956263673E-17,-70.));
#5905 = VECTOR('',#5906,1.);
#5906 = DIRECTION('',(1.,1.494820578496E-33));
#5907 = ( GEOMETRIC_REPRESENTATION_CONTEXT(2) 
PARAMETRIC_REPRESENTATION_CONTEXT() REPRESENTATION_CONTEXT('2D SPACE',''
  ) );
#5908 = PCURVE('',#3051,#5909);
#5909 = DEFINITIONAL_REPRESENTATION('',(#5910),#5914);
#5910 = LINE('',#5911,#5912);
#5911 = CARTESIAN_POINT('',(-4.648070042676,9.591145833333));
#5912 = VECTOR('',#5913,1.);
#5913 = DIRECTION('',(0.247398315515,-0.968913862776));
#5914 = ( GEOMETRIC_REPRESENTATION_CONTEXT(2) 
PARAMETRIC_REPRESENTATION_CONTEXT() REPRESENTATION_CONTEXT('2D SPACE',''
  ) );
#5915 = ORIENTED_EDGE('',*,*,#5916,.F.);
#5916 = EDGE_CURVE('',#849,#5894,#5917,.T.);
#5917 = SURFACE_CURVE('',#5918,(#5922,#5929),.PCURVE_S1.);
#5918 = LINE('',#5919,#5920);
#5919 = CARTESIAN_POINT('',(9.260416666667,35.,-10.54252872341));
#5920 = VECTOR('',#5921,1.);
#5921 = DIRECTION('',(0.,-1.,1.224646799147E-16));
#5922 = PCURVE('',#864,#5923);
#5923 = DEFINITIONAL_REPRESENTATION('',(#5924),#5928);
#5924 = LINE('',#5925,#5926);
#5925 = CARTESIAN_POINT('',(0.341340112236,-1.034177100201E-17));
#5926 = VECTOR('',#5927,1.);
#5927 = DIRECTION('',(-1.494820578496E-33,-1.));
#5928 = ( GEOMETRIC_REPRESENTATION_CONTEXT(2) 
PARAMETRIC_REPRESENTATION_CONTEXT() REPRESENTATION_CONTEXT('2D SPACE',''
  ) );
#5929 = PCURVE('',#892,#5930);
#5930 = DEFINITIONAL_REPRESENTATION('',(#5931),#5935);
#5931 = LINE('',#5932,#5933);
#5932 = CARTESIAN_POINT('',(0.,0.));
#5933 = VECTOR('',#5934,1.);
#5934 = DIRECTION('',(-2.953202717426E-33,-1.));
#5935 = ( GEOMETRIC_REPRESENTATION_CONTEXT(2) 
PARAMETRIC_REPRESENTATION_CONTEXT() REPRESENTATION_CONTEXT('2D SPACE',''
  ) );
#5936 = ORIENTED_EDGE('',*,*,#848,.F.);
#5937 = ADVANCED_FACE('',(#5938),#2236,.T.);
#5938 = FACE_BOUND('',#5939,.T.);
#5939 = EDGE_LOOP('',(#5940,#5963,#5984,#5985));
#5940 = ORIENTED_EDGE('',*,*,#5941,.T.);
#5941 = EDGE_CURVE('',#2193,#5942,#5944,.T.);
#5942 = VERTEX_POINT('',#5943);
#5943 = CARTESIAN_POINT('',(-6.614583333333,-35.,-9.978575622368));
#5944 = SURFACE_CURVE('',#5945,(#5949,#5956),.PCURVE_S1.);
#5945 = LINE('',#5946,#5947);
#5946 = CARTESIAN_POINT('',(-6.614583333333,35.,-9.978575622368));
#5947 = VECTOR('',#5948,1.);
#5948 = DIRECTION('',(0.,-1.,1.224646799147E-16));
#5949 = PCURVE('',#2236,#5950);
#5950 = DEFINITIONAL_REPRESENTATION('',(#5951),#5955);
#5951 = LINE('',#5952,#5953);
#5952 = CARTESIAN_POINT('',(-0.,0.));
#5953 = VECTOR('',#5954,1.);
#5954 = DIRECTION('',(6.723835926823E-34,-1.));
#5955 = ( GEOMETRIC_REPRESENTATION_CONTEXT(2) 
PARAMETRIC_REPRESENTATION_CONTEXT() REPRESENTATION_CONTEXT('2D SPACE',''
  ) );
#5956 = PCURVE('',#2208,#5957);
#5957 = DEFINITIONAL_REPRESENTATION('',(#5958),#5962);
#5958 = LINE('',#5959,#5960);
#5959 = CARTESIAN_POINT('',(0.335571703946,6.956367677315E-18));
#5960 = VECTOR('',#5961,1.);
#5961 = DIRECTION('',(-1.108596141099E-33,-1.));
#5962 = ( GEOMETRIC_REPRESENTATION_CONTEXT(2) 
PARAMETRIC_REPRESENTATION_CONTEXT() REPRESENTATION_CONTEXT('2D SPACE',''
  ) );
#5963 = ORIENTED_EDGE('',*,*,#5964,.T.);
#5964 = EDGE_CURVE('',#5942,#5844,#5965,.T.);
#5965 = SURFACE_CURVE('',#5966,(#5970,#5977),.PCURVE_S1.);
#5966 = LINE('',#5967,#5968);
#5967 = CARTESIAN_POINT('',(-6.614583333333,-35.,-9.978575622368));
#5968 = VECTOR('',#5969,1.);
#5969 = DIRECTION('',(-0.984038966268,-2.179297186268E-17,
    -0.177953119853));
#5970 = PCURVE('',#2236,#5971);
#5971 = DEFINITIONAL_REPRESENTATION('',(#5972),#5976);
#5972 = LINE('',#5973,#5974);
#5973 = CARTESIAN_POINT('',(-5.503317733376E-17,-70.));
#5974 = VECTOR('',#5975,1.);
#5975 = DIRECTION('',(1.,-6.723835926823E-34));
#5976 = ( GEOMETRIC_REPRESENTATION_CONTEXT(2) 
PARAMETRIC_REPRESENTATION_CONTEXT() REPRESENTATION_CONTEXT('2D SPACE',''
  ) );
#5977 = PCURVE('',#3051,#5978);
#5978 = DEFINITIONAL_REPRESENTATION('',(#5979),#5983);
#5979 = LINE('',#5980,#5981);
#5980 = CARTESIAN_POINT('',(-3.999669972846,-6.614583333333));
#5981 = VECTOR('',#5982,1.);
#5982 = DIRECTION('',(-0.177953119853,-0.984038966268));
#5983 = ( GEOMETRIC_REPRESENTATION_CONTEXT(2) 
PARAMETRIC_REPRESENTATION_CONTEXT() REPRESENTATION_CONTEXT('2D SPACE',''
  ) );
#5984 = ORIENTED_EDGE('',*,*,#5843,.F.);
#5985 = ORIENTED_EDGE('',*,*,#2220,.F.);
#5986 = ADVANCED_FACE('',(#5987),#892,.T.);
#5987 = FACE_BOUND('',#5988,.T.);
#5988 = EDGE_LOOP('',(#5989,#5990,#6013,#6034));
#5989 = ORIENTED_EDGE('',*,*,#5916,.T.);
#5990 = ORIENTED_EDGE('',*,*,#5991,.T.);
#5991 = EDGE_CURVE('',#5894,#5992,#5994,.T.);
#5992 = VERTEX_POINT('',#5993);
#5993 = CARTESIAN_POINT('',(8.9296875,-35.,-10.46122732659));
#5994 = SURFACE_CURVE('',#5995,(#5999,#6006),.PCURVE_S1.);
#5995 = LINE('',#5996,#5997);
#5996 = CARTESIAN_POINT('',(9.260416666667,-35.,-10.54252872341));
#5997 = VECTOR('',#5998,1.);
#5998 = DIRECTION('',(-0.971089016403,2.923448208495E-17,0.238717662148)
  );
#5999 = PCURVE('',#892,#6000);
#6000 = DEFINITIONAL_REPRESENTATION('',(#6001),#6005);
#6001 = LINE('',#6002,#6003);
#6002 = CARTESIAN_POINT('',(7.382501326479E-17,-70.));
#6003 = VECTOR('',#6004,1.);
#6004 = DIRECTION('',(1.,2.953202717426E-33));
#6005 = ( GEOMETRIC_REPRESENTATION_CONTEXT(2) 
PARAMETRIC_REPRESENTATION_CONTEXT() REPRESENTATION_CONTEXT('2D SPACE',''
  ) );
#6006 = PCURVE('',#3051,#6007);
#6007 = DEFINITIONAL_REPRESENTATION('',(#6008),#6012);
#6008 = LINE('',#6009,#6010);
#6009 = CARTESIAN_POINT('',(-4.563623073891,9.260416666667));
#6010 = VECTOR('',#6011,1.);
#6011 = DIRECTION('',(0.238717662148,-0.971089016403));
#6012 = ( GEOMETRIC_REPRESENTATION_CONTEXT(2) 
PARAMETRIC_REPRESENTATION_CONTEXT() REPRESENTATION_CONTEXT('2D SPACE',''
  ) );
#6013 = ORIENTED_EDGE('',*,*,#6014,.F.);
#6014 = EDGE_CURVE('',#877,#5992,#6015,.T.);
#6015 = SURFACE_CURVE('',#6016,(#6020,#6027),.PCURVE_S1.);
#6016 = LINE('',#6017,#6018);
#6017 = CARTESIAN_POINT('',(8.9296875,35.,-10.46122732659));
#6018 = VECTOR('',#6019,1.);
#6019 = DIRECTION('',(0.,-1.,1.224646799147E-16));
#6020 = PCURVE('',#892,#6021);
#6021 = DEFINITIONAL_REPRESENTATION('',(#6022),#6026);
#6022 = LINE('',#6023,#6024);
#6023 = CARTESIAN_POINT('',(0.340575540533,-9.956549538271E-18));
#6024 = VECTOR('',#6025,1.);
#6025 = DIRECTION('',(-2.953202717426E-33,-1.));
#6026 = ( GEOMETRIC_REPRESENTATION_CONTEXT(2) 
PARAMETRIC_REPRESENTATION_CONTEXT() REPRESENTATION_CONTEXT('2D SPACE',''
  ) );
#6027 = PCURVE('',#920,#6028);
#6028 = DEFINITIONAL_REPRESENTATION('',(#6029),#6033);
#6029 = LINE('',#6030,#6031);
#6030 = CARTESIAN_POINT('',(0.,0.));
#6031 = VECTOR('',#6032,1.);
#6032 = DIRECTION('',(1.535126952023E-33,-1.));
#6033 = ( GEOMETRIC_REPRESENTATION_CONTEXT(2) 
PARAMETRIC_REPRESENTATION_CONTEXT() REPRESENTATION_CONTEXT('2D SPACE',''
  ) );
#6034 = ORIENTED_EDGE('',*,*,#876,.F.);
#6035 = ADVANCED_FACE('',(#6036),#2208,.T.);
#6036 = FACE_BOUND('',#6037,.T.);
#6037 = EDGE_LOOP('',(#6038,#6061,#6082,#6083));
#6038 = ORIENTED_EDGE('',*,*,#6039,.T.);
#6039 = EDGE_CURVE('',#2165,#6040,#6042,.T.);
#6040 = VERTEX_POINT('',#6041);
#6041 = CARTESIAN_POINT('',(-6.283854166667,-35.,-9.921772569584));
#6042 = SURFACE_CURVE('',#6043,(#6047,#6054),.PCURVE_S1.);
#6043 = LINE('',#6044,#6045);
#6044 = CARTESIAN_POINT('',(-6.283854166667,35.,-9.921772569584));
#6045 = VECTOR('',#6046,1.);
#6046 = DIRECTION('',(0.,-1.,1.224646799147E-16));
#6047 = PCURVE('',#2208,#6048);
#6048 = DEFINITIONAL_REPRESENTATION('',(#6049),#6053);
#6049 = LINE('',#6050,#6051);
#6050 = CARTESIAN_POINT('',(-0.,0.));
#6051 = VECTOR('',#6052,1.);
#6052 = DIRECTION('',(-1.108596141099E-33,-1.));
#6053 = ( GEOMETRIC_REPRESENTATION_CONTEXT(2) 
PARAMETRIC_REPRESENTATION_CONTEXT() REPRESENTATION_CONTEXT('2D SPACE',''
  ) );
#6054 = PCURVE('',#2180,#6055);
#6055 = DEFINITIONAL_REPRESENTATION('',(#6056),#6060);
#6056 = LINE('',#6057,#6058);
#6057 = CARTESIAN_POINT('',(0.335078178674,6.589924609046E-18));
#6058 = VECTOR('',#6059,1.);
#6059 = DIRECTION('',(-5.151775311138E-35,-1.));
#6060 = ( GEOMETRIC_REPRESENTATION_CONTEXT(2) 
PARAMETRIC_REPRESENTATION_CONTEXT() REPRESENTATION_CONTEXT('2D SPACE',''
  ) );
#6061 = ORIENTED_EDGE('',*,*,#6062,.T.);
#6062 = EDGE_CURVE('',#6040,#5942,#6063,.T.);
#6063 = SURFACE_CURVE('',#6064,(#6068,#6075),.PCURVE_S1.);
#6064 = LINE('',#6065,#6066);
#6065 = CARTESIAN_POINT('',(-6.283854166667,-35.,-9.921772569584));
#6066 = VECTOR('',#6067,1.);
#6067 = DIRECTION('',(-0.985569291979,-2.072989943879E-17,
    -0.169272474751));
#6068 = PCURVE('',#2208,#6069);
#6069 = DEFINITIONAL_REPRESENTATION('',(#6070),#6074);
#6070 = LINE('',#6071,#6072);
#6071 = CARTESIAN_POINT('',(-5.234863051787E-17,-70.));
#6072 = VECTOR('',#6073,1.);
#6073 = DIRECTION('',(1.,1.108596141099E-33));
#6074 = ( GEOMETRIC_REPRESENTATION_CONTEXT(2) 
PARAMETRIC_REPRESENTATION_CONTEXT() REPRESENTATION_CONTEXT('2D SPACE',''
  ) );
#6075 = PCURVE('',#3051,#6076);
#6076 = DEFINITIONAL_REPRESENTATION('',(#6077),#6081);
#6077 = LINE('',#6078,#6079);
#6078 = CARTESIAN_POINT('',(-3.942866920062,-6.283854166667));
#6079 = VECTOR('',#6080,1.);
#6080 = DIRECTION('',(-0.169272474751,-0.985569291979));
#6081 = ( GEOMETRIC_REPRESENTATION_CONTEXT(2) 
PARAMETRIC_REPRESENTATION_CONTEXT() REPRESENTATION_CONTEXT('2D SPACE',''
  ) );
#6082 = ORIENTED_EDGE('',*,*,#5941,.F.);
#6083 = ORIENTED_EDGE('',*,*,#2192,.F.);
#6084 = ADVANCED_FACE('',(#6085),#920,.T.);
#6085 = FACE_BOUND('',#6086,.T.);
#6086 = EDGE_LOOP('',(#6087,#6088,#6111,#6132));
#6087 = ORIENTED_EDGE('',*,*,#6014,.T.);
#6088 = ORIENTED_EDGE('',*,*,#6089,.T.);
#6089 = EDGE_CURVE('',#5992,#6090,#6092,.T.);
#6090 = VERTEX_POINT('',#6091);
#6091 = CARTESIAN_POINT('',(8.598958333333,-35.,-10.38305083143));
#6092 = SURFACE_CURVE('',#6093,(#6097,#6104),.PCURVE_S1.);
#6093 = LINE('',#6094,#6095);
#6094 = CARTESIAN_POINT('',(8.9296875,-35.,-10.46122732659));
#6095 = VECTOR('',#6096,1.);
#6096 = DIRECTION('',(-0.973181881265,2.817140880017E-17,0.230037010016)
  );
#6097 = PCURVE('',#920,#6098);
#6098 = DEFINITIONAL_REPRESENTATION('',(#6099),#6103);
#6099 = LINE('',#6100,#6101);
#6100 = CARTESIAN_POINT('',(7.114046427491E-17,-70.));
#6101 = VECTOR('',#6102,1.);
#6102 = DIRECTION('',(1.,-1.535126952023E-33));
#6103 = ( GEOMETRIC_REPRESENTATION_CONTEXT(2) 
PARAMETRIC_REPRESENTATION_CONTEXT() REPRESENTATION_CONTEXT('2D SPACE',''
  ) );
#6104 = PCURVE('',#3051,#6105);
#6105 = DEFINITIONAL_REPRESENTATION('',(#6106),#6110);
#6106 = LINE('',#6107,#6108);
#6107 = CARTESIAN_POINT('',(-4.482321677071,8.9296875));
#6108 = VECTOR('',#6109,1.);
#6109 = DIRECTION('',(0.230037010016,-0.973181881265));
#6110 = ( GEOMETRIC_REPRESENTATION_CONTEXT(2) 
PARAMETRIC_REPRESENTATION_CONTEXT() REPRESENTATION_CONTEXT('2D SPACE',''
  ) );
#6111 = ORIENTED_EDGE('',*,*,#6112,.F.);
#6112 = EDGE_CURVE('',#905,#6090,#6113,.T.);
#6113 = SURFACE_CURVE('',#6114,(#6118,#6125),.PCURVE_S1.);
#6114 = LINE('',#6115,#6116);
#6115 = CARTESIAN_POINT('',(8.598958333333,35.,-10.38305083143));
#6116 = VECTOR('',#6117,1.);
#6117 = DIRECTION('',(0.,-1.,1.224646799147E-16));
#6118 = PCURVE('',#920,#6119);
#6119 = DEFINITIONAL_REPRESENTATION('',(#6120),#6124);
#6120 = LINE('',#6121,#6122);
#6121 = CARTESIAN_POINT('',(0.339843119805,-9.573859455946E-18));
#6122 = VECTOR('',#6123,1.);
#6123 = DIRECTION('',(1.535126952023E-33,-1.));
#6124 = ( GEOMETRIC_REPRESENTATION_CONTEXT(2) 
PARAMETRIC_REPRESENTATION_CONTEXT() REPRESENTATION_CONTEXT('2D SPACE',''
  ) );
#6125 = PCURVE('',#948,#6126);
#6126 = DEFINITIONAL_REPRESENTATION('',(#6127),#6131);
#6127 = LINE('',#6128,#6129);
#6128 = CARTESIAN_POINT('',(0.,0.));
#6129 = VECTOR('',#6130,1.);
#6130 = DIRECTION('',(7.458175140592E-35,-1.));
#6131 = ( GEOMETRIC_REPRESENTATION_CONTEXT(2) 
PARAMETRIC_REPRESENTATION_CONTEXT() REPRESENTATION_CONTEXT('2D SPACE',''
  ) );
#6132 = ORIENTED_EDGE('',*,*,#904,.F.);
#6133 = ADVANCED_FACE('',(#6134),#2180,.T.);
#6134 = FACE_BOUND('',#6135,.T.);
#6135 = EDGE_LOOP('',(#6136,#6159,#6180,#6181));
#6136 = ORIENTED_EDGE('',*,*,#6137,.T.);
#6137 = EDGE_CURVE('',#2137,#6138,#6140,.T.);
#6138 = VERTEX_POINT('',#6139);
#6139 = CARTESIAN_POINT('',(-5.953125,-35.,-9.867961751529));
#6140 = SURFACE_CURVE('',#6141,(#6145,#6152),.PCURVE_S1.);
#6141 = LINE('',#6142,#6143);
#6142 = CARTESIAN_POINT('',(-5.953125,35.,-9.867961751529));
#6143 = VECTOR('',#6144,1.);
#6144 = DIRECTION('',(0.,-1.,1.224646799147E-16));
#6145 = PCURVE('',#2180,#6146);
#6146 = DEFINITIONAL_REPRESENTATION('',(#6147),#6151);
#6147 = LINE('',#6148,#6149);
#6148 = CARTESIAN_POINT('',(-0.,0.));
#6149 = VECTOR('',#6150,1.);
#6150 = DIRECTION('',(-5.151775311138E-35,-1.));
#6151 = ( GEOMETRIC_REPRESENTATION_CONTEXT(2) 
PARAMETRIC_REPRESENTATION_CONTEXT() REPRESENTATION_CONTEXT('2D SPACE',''
  ) );
#6152 = PCURVE('',#2152,#6153);
#6153 = DEFINITIONAL_REPRESENTATION('',(#6154),#6158);
#6154 = LINE('',#6155,#6156);
#6155 = CARTESIAN_POINT('',(0.334612631429,6.22505137382E-18));
#6156 = VECTOR('',#6157,1.);
#6157 = DIRECTION('',(1.414217411743E-33,-1.));
#6158 = ( GEOMETRIC_REPRESENTATION_CONTEXT(2) 
PARAMETRIC_REPRESENTATION_CONTEXT() REPRESENTATION_CONTEXT('2D SPACE',''
  ) );
#6159 = ORIENTED_EDGE('',*,*,#6160,.T.);
#6160 = EDGE_CURVE('',#6138,#6040,#6161,.T.);
#6161 = SURFACE_CURVE('',#6162,(#6166,#6173),.PCURVE_S1.);
#6162 = LINE('',#6163,#6164);
#6163 = CARTESIAN_POINT('',(-5.953125,-35.,-9.867961751529));
#6164 = VECTOR('',#6165,1.);
#6165 = DIRECTION('',(-0.987020903525,-1.966682711216E-17,
    -0.160591830443));
#6166 = PCURVE('',#2180,#6167);
#6167 = DEFINITIONAL_REPRESENTATION('',(#6168),#6172);
#6168 = LINE('',#6169,#6170);
#6169 = CARTESIAN_POINT('',(-4.966408394758E-17,-70.));
#6170 = VECTOR('',#6171,1.);
#6171 = DIRECTION('',(1.,5.151775311138E-35));
#6172 = ( GEOMETRIC_REPRESENTATION_CONTEXT(2) 
PARAMETRIC_REPRESENTATION_CONTEXT() REPRESENTATION_CONTEXT('2D SPACE',''
  ) );
#6173 = PCURVE('',#3051,#6174);
#6174 = DEFINITIONAL_REPRESENTATION('',(#6175),#6179);
#6175 = LINE('',#6176,#6177);
#6176 = CARTESIAN_POINT('',(-3.889056102007,-5.953125));
#6177 = VECTOR('',#6178,1.);
#6178 = DIRECTION('',(-0.160591830443,-0.987020903525));
#6179 = ( GEOMETRIC_REPRESENTATION_CONTEXT(2) 
PARAMETRIC_REPRESENTATION_CONTEXT() REPRESENTATION_CONTEXT('2D SPACE',''
  ) );
#6180 = ORIENTED_EDGE('',*,*,#6039,.F.);
#6181 = ORIENTED_EDGE('',*,*,#2164,.F.);
#6182 = ADVANCED_FACE('',(#6183),#948,.T.);
#6183 = FACE_BOUND('',#6184,.T.);
#6184 = EDGE_LOOP('',(#6185,#6186,#6209,#6230));
#6185 = ORIENTED_EDGE('',*,*,#6112,.T.);
#6186 = ORIENTED_EDGE('',*,*,#6187,.T.);
#6187 = EDGE_CURVE('',#6090,#6188,#6190,.T.);
#6188 = VERTEX_POINT('',#6189);
#6189 = CARTESIAN_POINT('',(8.268229166667,-35.,-10.3079795326));
#6190 = SURFACE_CURVE('',#6191,(#6195,#6202),.PCURVE_S1.);
#6191 = LINE('',#6192,#6193);
#6192 = CARTESIAN_POINT('',(8.598958333333,-35.,-10.38305083143));
#6193 = VECTOR('',#6194,1.);
#6194 = DIRECTION('',(-0.975192987211,2.710833565913E-17,0.221356359058)
  );
#6195 = PCURVE('',#948,#6196);
#6196 = DEFINITIONAL_REPRESENTATION('',(#6197),#6201);
#6197 = LINE('',#6198,#6199);
#6198 = CARTESIAN_POINT('',(6.845591564803E-17,-70.));
#6199 = VECTOR('',#6200,1.);
#6200 = DIRECTION('',(1.,-7.458175140592E-35));
#6201 = ( GEOMETRIC_REPRESENTATION_CONTEXT(2) 
PARAMETRIC_REPRESENTATION_CONTEXT() REPRESENTATION_CONTEXT('2D SPACE',''
  ) );
#6202 = PCURVE('',#3051,#6203);
#6203 = DEFINITIONAL_REPRESENTATION('',(#6204),#6208);
#6204 = LINE('',#6205,#6206);
#6205 = CARTESIAN_POINT('',(-4.404145181916,8.598958333333));
#6206 = VECTOR('',#6207,1.);
#6207 = DIRECTION('',(0.221356359058,-0.975192987211));
#6208 = ( GEOMETRIC_REPRESENTATION_CONTEXT(2) 
PARAMETRIC_REPRESENTATION_CONTEXT() REPRESENTATION_CONTEXT('2D SPACE',''
  ) );
#6209 = ORIENTED_EDGE('',*,*,#6210,.F.);
#6210 = EDGE_CURVE('',#933,#6188,#6211,.T.);
#6211 = SURFACE_CURVE('',#6212,(#6216,#6223),.PCURVE_S1.);
#6212 = LINE('',#6213,#6214);
#6213 = CARTESIAN_POINT('',(8.268229166667,35.,-10.3079795326));
#6214 = VECTOR('',#6215,1.);
#6215 = DIRECTION('',(0.,-1.,1.224646799147E-16));
#6216 = PCURVE('',#948,#6217);
#6217 = DEFINITIONAL_REPRESENTATION('',(#6218),#6222);
#6218 = LINE('',#6219,#6220);
#6219 = CARTESIAN_POINT('',(0.33914227338,-9.19358258298E-18));
#6220 = VECTOR('',#6221,1.);
#6221 = DIRECTION('',(7.458175140592E-35,-1.));
#6222 = ( GEOMETRIC_REPRESENTATION_CONTEXT(2) 
PARAMETRIC_REPRESENTATION_CONTEXT() REPRESENTATION_CONTEXT('2D SPACE',''
  ) );
#6223 = PCURVE('',#976,#6224);
#6224 = DEFINITIONAL_REPRESENTATION('',(#6225),#6229);
#6225 = LINE('',#6226,#6227);
#6226 = CARTESIAN_POINT('',(0.,0.));
#6227 = VECTOR('',#6228,1.);
#6228 = DIRECTION('',(1.2246987614E-33,-1.));
#6229 = ( GEOMETRIC_REPRESENTATION_CONTEXT(2) 
PARAMETRIC_REPRESENTATION_CONTEXT() REPRESENTATION_CONTEXT('2D SPACE',''
  ) );
#6230 = ORIENTED_EDGE('',*,*,#932,.F.);
#6231 = ADVANCED_FACE('',(#6232),#2152,.T.);
#6232 = FACE_BOUND('',#6233,.T.);
#6233 = EDGE_LOOP('',(#6234,#6257,#6278,#6279));
#6234 = ORIENTED_EDGE('',*,*,#6235,.T.);
#6235 = EDGE_CURVE('',#2109,#6236,#6238,.T.);
#6236 = VERTEX_POINT('',#6237);
#6237 = CARTESIAN_POINT('',(-5.622395833333,-35.,-9.817130349543));
#6238 = SURFACE_CURVE('',#6239,(#6243,#6250),.PCURVE_S1.);
#6239 = LINE('',#6240,#6241);
#6240 = CARTESIAN_POINT('',(-5.622395833333,35.,-9.817130349543));
#6241 = VECTOR('',#6242,1.);
#6242 = DIRECTION('',(0.,-1.,1.224646799147E-16));
#6243 = PCURVE('',#2152,#6244);
#6244 = DEFINITIONAL_REPRESENTATION('',(#6245),#6249);
#6245 = LINE('',#6246,#6247);
#6246 = CARTESIAN_POINT('',(-0.,0.));
#6247 = VECTOR('',#6248,1.);
#6248 = DIRECTION('',(1.414217411743E-33,-1.));
#6249 = ( GEOMETRIC_REPRESENTATION_CONTEXT(2) 
PARAMETRIC_REPRESENTATION_CONTEXT() REPRESENTATION_CONTEXT('2D SPACE',''
  ) );
#6250 = PCURVE('',#2124,#6251);
#6251 = DEFINITIONAL_REPRESENTATION('',(#6252),#6256);
#6252 = LINE('',#6253,#6254);
#6253 = CARTESIAN_POINT('',(0.334174724998,5.861652826672E-18));
#6254 = VECTOR('',#6255,1.);
#6255 = DIRECTION('',(-3.398154049595E-34,-1.));
#6256 = ( GEOMETRIC_REPRESENTATION_CONTEXT(2) 
PARAMETRIC_REPRESENTATION_CONTEXT() REPRESENTATION_CONTEXT('2D SPACE',''
  ) );
#6257 = ORIENTED_EDGE('',*,*,#6258,.T.);
#6258 = EDGE_CURVE('',#6236,#6138,#6259,.T.);
#6259 = SURFACE_CURVE('',#6260,(#6264,#6271),.PCURVE_S1.);
#6260 = LINE('',#6261,#6262);
#6261 = CARTESIAN_POINT('',(-5.622395833333,-35.,-9.817130349543));
#6262 = VECTOR('',#6263,1.);
#6263 = DIRECTION('',(-0.988394147747,-1.86037548769E-17,-0.151911186881
    ));
#6264 = PCURVE('',#2152,#6265);
#6265 = DEFINITIONAL_REPRESENTATION('',(#6266),#6270);
#6266 = LINE('',#6267,#6268);
#6267 = CARTESIAN_POINT('',(-4.697953760805E-17,-70.));
#6268 = VECTOR('',#6269,1.);
#6269 = DIRECTION('',(1.,-1.414217411743E-33));
#6270 = ( GEOMETRIC_REPRESENTATION_CONTEXT(2) 
PARAMETRIC_REPRESENTATION_CONTEXT() REPRESENTATION_CONTEXT('2D SPACE',''
  ) );
#6271 = PCURVE('',#3051,#6272);
#6272 = DEFINITIONAL_REPRESENTATION('',(#6273),#6277);
#6273 = LINE('',#6274,#6275);
#6274 = CARTESIAN_POINT('',(-3.838224700021,-5.622395833333));
#6275 = VECTOR('',#6276,1.);
#6276 = DIRECTION('',(-0.151911186881,-0.988394147747));
#6277 = ( GEOMETRIC_REPRESENTATION_CONTEXT(2) 
PARAMETRIC_REPRESENTATION_CONTEXT() REPRESENTATION_CONTEXT('2D SPACE',''
  ) );
#6278 = ORIENTED_EDGE('',*,*,#6137,.F.);
#6279 = ORIENTED_EDGE('',*,*,#2136,.F.);
#6280 = ADVANCED_FACE('',(#6281),#976,.T.);
#6281 = FACE_BOUND('',#6282,.T.);
#6282 = EDGE_LOOP('',(#6283,#6284,#6307,#6328));
#6283 = ORIENTED_EDGE('',*,*,#6210,.T.);
#6284 = ORIENTED_EDGE('',*,*,#6285,.T.);
#6285 = EDGE_CURVE('',#6188,#6286,#6288,.T.);
#6286 = VERTEX_POINT('',#6287);
#6287 = CARTESIAN_POINT('',(7.9375,-35.,-10.23599466308));
#6288 = SURFACE_CURVE('',#6289,(#6293,#6300),.PCURVE_S1.);
#6289 = LINE('',#6290,#6291);
#6290 = CARTESIAN_POINT('',(8.268229166667,-35.,-10.3079795326));
#6291 = VECTOR('',#6292,1.);
#6292 = DIRECTION('',(-0.97712283911,2.604526265452E-17,0.212675709214)
  );
#6293 = PCURVE('',#976,#6294);
#6294 = DEFINITIONAL_REPRESENTATION('',(#6295),#6299);
#6295 = LINE('',#6296,#6297);
#6296 = CARTESIAN_POINT('',(6.577136736567E-17,-70.));
#6297 = VECTOR('',#6298,1.);
#6298 = DIRECTION('',(1.,-1.2246987614E-33));
#6299 = ( GEOMETRIC_REPRESENTATION_CONTEXT(2) 
PARAMETRIC_REPRESENTATION_CONTEXT() REPRESENTATION_CONTEXT('2D SPACE',''
  ) );
#6300 = PCURVE('',#3051,#6301);
#6301 = DEFINITIONAL_REPRESENTATION('',(#6302),#6306);
#6302 = LINE('',#6303,#6304);
#6303 = CARTESIAN_POINT('',(-4.329073883078,8.268229166667));
#6304 = VECTOR('',#6305,1.);
#6305 = DIRECTION('',(0.212675709214,-0.97712283911));
#6306 = ( GEOMETRIC_REPRESENTATION_CONTEXT(2) 
PARAMETRIC_REPRESENTATION_CONTEXT() REPRESENTATION_CONTEXT('2D SPACE',''
  ) );
#6307 = ORIENTED_EDGE('',*,*,#6308,.F.);
#6308 = EDGE_CURVE('',#961,#6286,#6309,.T.);
#6309 = SURFACE_CURVE('',#6310,(#6314,#6321),.PCURVE_S1.);
#6310 = LINE('',#6311,#6312);
#6311 = CARTESIAN_POINT('',(7.9375,35.,-10.23599466308));
#6312 = VECTOR('',#6313,1.);
#6313 = DIRECTION('',(0.,-1.,1.224646799147E-16));
#6314 = PCURVE('',#976,#6315);
#6315 = DEFINITIONAL_REPRESENTATION('',(#6316),#6320);
#6316 = LINE('',#6317,#6318);
#6317 = CARTESIAN_POINT('',(0.338472455488,-8.815604004496E-18));
#6318 = VECTOR('',#6319,1.);
#6319 = DIRECTION('',(1.2246987614E-33,-1.));
#6320 = ( GEOMETRIC_REPRESENTATION_CONTEXT(2) 
PARAMETRIC_REPRESENTATION_CONTEXT() REPRESENTATION_CONTEXT('2D SPACE',''
  ) );
#6321 = PCURVE('',#1004,#6322);
#6322 = DEFINITIONAL_REPRESENTATION('',(#6323),#6327);
#6323 = LINE('',#6324,#6325);
#6324 = CARTESIAN_POINT('',(0.,0.));
#6325 = VECTOR('',#6326,1.);
#6326 = DIRECTION('',(-8.407479381468E-35,-1.));
#6327 = ( GEOMETRIC_REPRESENTATION_CONTEXT(2) 
PARAMETRIC_REPRESENTATION_CONTEXT() REPRESENTATION_CONTEXT('2D SPACE',''
  ) );
#6328 = ORIENTED_EDGE('',*,*,#960,.F.);
#6329 = ADVANCED_FACE('',(#6330),#2124,.T.);
#6330 = FACE_BOUND('',#6331,.T.);
#6331 = EDGE_LOOP('',(#6332,#6355,#6376,#6377));
#6332 = ORIENTED_EDGE('',*,*,#6333,.T.);
#6333 = EDGE_CURVE('',#2081,#6334,#6336,.T.);
#6334 = VERTEX_POINT('',#6335);
#6335 = CARTESIAN_POINT('',(-5.291666666667,-35.,-9.769266321884));
#6336 = SURFACE_CURVE('',#6337,(#6341,#6348),.PCURVE_S1.);
#6337 = LINE('',#6338,#6339);
#6338 = CARTESIAN_POINT('',(-5.291666666667,35.,-9.769266321884));
#6339 = VECTOR('',#6340,1.);
#6340 = DIRECTION('',(0.,-1.,1.224646799147E-16));
#6341 = PCURVE('',#2124,#6342);
#6342 = DEFINITIONAL_REPRESENTATION('',(#6343),#6347);
#6343 = LINE('',#6344,#6345);
#6344 = CARTESIAN_POINT('',(-0.,0.));
#6345 = VECTOR('',#6346,1.);
#6346 = DIRECTION('',(-3.398154049595E-34,-1.));
#6347 = ( GEOMETRIC_REPRESENTATION_CONTEXT(2) 
PARAMETRIC_REPRESENTATION_CONTEXT() REPRESENTATION_CONTEXT('2D SPACE',''
  ) );
#6348 = PCURVE('',#2096,#6349);
#6349 = DEFINITIONAL_REPRESENTATION('',(#6350),#6354);
#6350 = LINE('',#6351,#6352);
#6351 = CARTESIAN_POINT('',(0.333764144446,5.499635623689E-18));
#6352 = VECTOR('',#6353,1.);
#6353 = DIRECTION('',(3.834026520117E-34,-1.));
#6354 = ( GEOMETRIC_REPRESENTATION_CONTEXT(2) 
PARAMETRIC_REPRESENTATION_CONTEXT() REPRESENTATION_CONTEXT('2D SPACE',''
  ) );
#6355 = ORIENTED_EDGE('',*,*,#6356,.T.);
#6356 = EDGE_CURVE('',#6334,#6236,#6357,.T.);
#6357 = SURFACE_CURVE('',#6358,(#6362,#6369),.PCURVE_S1.);
#6358 = LINE('',#6359,#6360);
#6359 = CARTESIAN_POINT('',(-5.291666666667,-35.,-9.769266321884));
#6360 = VECTOR('',#6361,1.);
#6361 = DIRECTION('',(-0.989689350887,-1.754068272728E-17,
    -0.143230544019));
#6362 = PCURVE('',#2124,#6363);
#6363 = DEFINITIONAL_REPRESENTATION('',(#6364),#6368);
#6364 = LINE('',#6365,#6366);
#6365 = CARTESIAN_POINT('',(-4.429499148477E-17,-70.));
#6366 = VECTOR('',#6367,1.);
#6367 = DIRECTION('',(1.,3.398154049595E-34));
#6368 = ( GEOMETRIC_REPRESENTATION_CONTEXT(2) 
PARAMETRIC_REPRESENTATION_CONTEXT() REPRESENTATION_CONTEXT('2D SPACE',''
  ) );
#6369 = PCURVE('',#3051,#6370);
#6370 = DEFINITIONAL_REPRESENTATION('',(#6371),#6375);
#6371 = LINE('',#6372,#6373);
#6372 = CARTESIAN_POINT('',(-3.790360672362,-5.291666666667));
#6373 = VECTOR('',#6374,1.);
#6374 = DIRECTION('',(-0.143230544019,-0.989689350887));
#6375 = ( GEOMETRIC_REPRESENTATION_CONTEXT(2) 
PARAMETRIC_REPRESENTATION_CONTEXT() REPRESENTATION_CONTEXT('2D SPACE',''
  ) );
#6376 = ORIENTED_EDGE('',*,*,#6235,.F.);
#6377 = ORIENTED_EDGE('',*,*,#2108,.F.);
#6378 = ADVANCED_FACE('',(#6379),#1004,.T.);
#6379 = FACE_BOUND('',#6380,.T.);
#6380 = EDGE_LOOP('',(#6381,#6382,#6405,#6426));
#6381 = ORIENTED_EDGE('',*,*,#6308,.T.);
#6382 = ORIENTED_EDGE('',*,*,#6383,.T.);
#6383 = EDGE_CURVE('',#6286,#6384,#6386,.T.);
#6384 = VERTEX_POINT('',#6385);
#6385 = CARTESIAN_POINT('',(7.606770833333,-35.,-10.16707836923));
#6386 = SURFACE_CURVE('',#6387,(#6391,#6398),.PCURVE_S1.);
#6387 = LINE('',#6388,#6389);
#6388 = CARTESIAN_POINT('',(7.9375,-35.,-10.23599466308));
#6389 = VECTOR('',#6390,1.);
#6390 = DIRECTION('',(-0.978971917535,2.498218977929E-17,0.203995060426)
  );
#6391 = PCURVE('',#1004,#6392);
#6392 = DEFINITIONAL_REPRESENTATION('',(#6393),#6397);
#6393 = LINE('',#6394,#6395);
#6394 = CARTESIAN_POINT('',(6.308681941004E-17,-70.));
#6395 = VECTOR('',#6396,1.);
#6396 = DIRECTION('',(1.,8.407479381468E-35));
#6397 = ( GEOMETRIC_REPRESENTATION_CONTEXT(2) 
PARAMETRIC_REPRESENTATION_CONTEXT() REPRESENTATION_CONTEXT('2D SPACE',''
  ) );
#6398 = PCURVE('',#3051,#6399);
#6399 = DEFINITIONAL_REPRESENTATION('',(#6400),#6404);
#6400 = LINE('',#6401,#6402);
#6401 = CARTESIAN_POINT('',(-4.257089013558,7.9375));
#6402 = VECTOR('',#6403,1.);
#6403 = DIRECTION('',(0.203995060426,-0.978971917535));
#6404 = ( GEOMETRIC_REPRESENTATION_CONTEXT(2) 
PARAMETRIC_REPRESENTATION_CONTEXT() REPRESENTATION_CONTEXT('2D SPACE',''
  ) );
#6405 = ORIENTED_EDGE('',*,*,#6406,.F.);
#6406 = EDGE_CURVE('',#989,#6384,#6407,.T.);
#6407 = SURFACE_CURVE('',#6408,(#6412,#6419),.PCURVE_S1.);
#6408 = LINE('',#6409,#6410);
#6409 = CARTESIAN_POINT('',(7.606770833333,35.,-10.16707836923));
#6410 = VECTOR('',#6411,1.);
#6411 = DIRECTION('',(0.,-1.,1.224646799147E-16));
#6412 = PCURVE('',#1004,#6413);
#6413 = DEFINITIONAL_REPRESENTATION('',(#6414),#6418);
#6414 = LINE('',#6415,#6416);
#6415 = CARTESIAN_POINT('',(0.337833150004,-8.439811867147E-18));
#6416 = VECTOR('',#6417,1.);
#6417 = DIRECTION('',(-8.407479381468E-35,-1.));
#6418 = ( GEOMETRIC_REPRESENTATION_CONTEXT(2) 
PARAMETRIC_REPRESENTATION_CONTEXT() REPRESENTATION_CONTEXT('2D SPACE',''
  ) );
#6419 = PCURVE('',#1032,#6420);
#6420 = DEFINITIONAL_REPRESENTATION('',(#6421),#6425);
#6421 = LINE('',#6422,#6423);
#6422 = CARTESIAN_POINT('',(0.,0.));
#6423 = VECTOR('',#6424,1.);
#6424 = DIRECTION('',(1.294302363908E-33,-1.));
#6425 = ( GEOMETRIC_REPRESENTATION_CONTEXT(2) 
PARAMETRIC_REPRESENTATION_CONTEXT() REPRESENTATION_CONTEXT('2D SPACE',''
  ) );
#6426 = ORIENTED_EDGE('',*,*,#988,.F.);
#6427 = ADVANCED_FACE('',(#6428),#2096,.T.);
#6428 = FACE_BOUND('',#6429,.T.);
#6429 = EDGE_LOOP('',(#6430,#6453,#6474,#6475));
#6430 = ORIENTED_EDGE('',*,*,#6431,.T.);
#6431 = EDGE_CURVE('',#2053,#6432,#6434,.T.);
#6432 = VERTEX_POINT('',#6433);
#6433 = CARTESIAN_POINT('',(-4.9609375,-35.,-9.724358389021));
#6434 = SURFACE_CURVE('',#6435,(#6439,#6446),.PCURVE_S1.);
#6435 = LINE('',#6436,#6437);
#6436 = CARTESIAN_POINT('',(-4.9609375,35.,-9.724358389021));
#6437 = VECTOR('',#6438,1.);
#6438 = DIRECTION('',(0.,-1.,1.224646799147E-16));
#6439 = PCURVE('',#2096,#6440);
#6440 = DEFINITIONAL_REPRESENTATION('',(#6441),#6445);
#6441 = LINE('',#6442,#6443);
#6442 = CARTESIAN_POINT('',(-0.,0.));
#6443 = VECTOR('',#6444,1.);
#6444 = DIRECTION('',(3.834026520117E-34,-1.));
#6445 = ( GEOMETRIC_REPRESENTATION_CONTEXT(2) 
PARAMETRIC_REPRESENTATION_CONTEXT() REPRESENTATION_CONTEXT('2D SPACE',''
  ) );
#6446 = PCURVE('',#2068,#6447);
#6447 = DEFINITIONAL_REPRESENTATION('',(#6448),#6452);
#6448 = LINE('',#6449,#6450);
#6449 = CARTESIAN_POINT('',(0.333380596466,5.138908093622E-18));
#6450 = VECTOR('',#6451,1.);
#6451 = DIRECTION('',(-8.183447410875E-34,-1.));
#6452 = ( GEOMETRIC_REPRESENTATION_CONTEXT(2) 
PARAMETRIC_REPRESENTATION_CONTEXT() REPRESENTATION_CONTEXT('2D SPACE',''
  ) );
#6453 = ORIENTED_EDGE('',*,*,#6454,.T.);
#6454 = EDGE_CURVE('',#6432,#6334,#6455,.T.);
#6455 = SURFACE_CURVE('',#6456,(#6460,#6467),.PCURVE_S1.);
#6456 = LINE('',#6457,#6458);
#6457 = CARTESIAN_POINT('',(-4.9609375,-35.,-9.724358389021));
#6458 = VECTOR('',#6459,1.);
#6459 = DIRECTION('',(-0.990906818991,-1.64776106577E-17,-0.13454990181)
  );
#6460 = PCURVE('',#2096,#6461);
#6461 = DEFINITIONAL_REPRESENTATION('',(#6462),#6466);
#6462 = LINE('',#6463,#6464);
#6463 = CARTESIAN_POINT('',(-4.161044556363E-17,-70.));
#6464 = VECTOR('',#6465,1.);
#6465 = DIRECTION('',(1.,-3.834026520117E-34));
#6466 = ( GEOMETRIC_REPRESENTATION_CONTEXT(2) 
PARAMETRIC_REPRESENTATION_CONTEXT() REPRESENTATION_CONTEXT('2D SPACE',''
  ) );
#6467 = PCURVE('',#3051,#6468);
#6468 = DEFINITIONAL_REPRESENTATION('',(#6469),#6473);
#6469 = LINE('',#6470,#6471);
#6470 = CARTESIAN_POINT('',(-3.745452739499,-4.9609375));
#6471 = VECTOR('',#6472,1.);
#6472 = DIRECTION('',(-0.13454990181,-0.990906818991));
#6473 = ( GEOMETRIC_REPRESENTATION_CONTEXT(2) 
PARAMETRIC_REPRESENTATION_CONTEXT() REPRESENTATION_CONTEXT('2D SPACE',''
  ) );
#6474 = ORIENTED_EDGE('',*,*,#6333,.F.);
#6475 = ORIENTED_EDGE('',*,*,#2080,.F.);
#6476 = ADVANCED_FACE('',(#6477),#1032,.T.);
#6477 = FACE_BOUND('',#6478,.T.);
#6478 = EDGE_LOOP('',(#6479,#6480,#6503,#6524));
#6479 = ORIENTED_EDGE('',*,*,#6406,.T.);
#6480 = ORIENTED_EDGE('',*,*,#6481,.T.);
#6481 = EDGE_CURVE('',#6384,#6482,#6484,.T.);
#6482 = VERTEX_POINT('',#6483);
#6483 = CARTESIAN_POINT('',(7.276041666667,-35.,-10.10121368727));
#6484 = SURFACE_CURVE('',#6485,(#6489,#6496),.PCURVE_S1.);
#6485 = LINE('',#6486,#6487);
#6486 = CARTESIAN_POINT('',(7.606770833333,-35.,-10.16707836923));
#6487 = VECTOR('',#6488,1.);
#6488 = DIRECTION('',(-0.980740679393,2.391911702662E-17,0.195314412639)
  );
#6489 = PCURVE('',#1032,#6490);
#6490 = DEFINITIONAL_REPRESENTATION('',(#6491),#6495);
#6491 = LINE('',#6492,#6493);
#6492 = CARTESIAN_POINT('',(6.040227176389E-17,-70.));
#6493 = VECTOR('',#6494,1.);
#6494 = DIRECTION('',(1.,-1.294302363908E-33));
#6495 = ( GEOMETRIC_REPRESENTATION_CONTEXT(2) 
PARAMETRIC_REPRESENTATION_CONTEXT() REPRESENTATION_CONTEXT('2D SPACE',''
  ) );
#6496 = PCURVE('',#3051,#6497);
#6497 = DEFINITIONAL_REPRESENTATION('',(#6498),#6502);
#6498 = LINE('',#6499,#6500);
#6499 = CARTESIAN_POINT('',(-4.188172719709,7.606770833333));
#6500 = VECTOR('',#6501,1.);
#6501 = DIRECTION('',(0.195314412639,-0.980740679393));
#6502 = ( GEOMETRIC_REPRESENTATION_CONTEXT(2) 
PARAMETRIC_REPRESENTATION_CONTEXT() REPRESENTATION_CONTEXT('2D SPACE',''
  ) );
#6503 = ORIENTED_EDGE('',*,*,#6504,.F.);
#6504 = EDGE_CURVE('',#1017,#6482,#6505,.T.);
#6505 = SURFACE_CURVE('',#6506,(#6510,#6517),.PCURVE_S1.);
#6506 = LINE('',#6507,#6508);
#6507 = CARTESIAN_POINT('',(7.276041666667,35.,-10.10121368727));
#6508 = VECTOR('',#6509,1.);
#6509 = DIRECTION('',(0.,-1.,1.224646799147E-16));
#6510 = PCURVE('',#1032,#6511);
#6511 = DEFINITIONAL_REPRESENTATION('',(#6512),#6516);
#6512 = LINE('',#6513,#6514);
#6513 = CARTESIAN_POINT('',(0.337223869282,-8.066097193516E-18));
#6514 = VECTOR('',#6515,1.);
#6515 = DIRECTION('',(1.294302363908E-33,-1.));
#6516 = ( GEOMETRIC_REPRESENTATION_CONTEXT(2) 
PARAMETRIC_REPRESENTATION_CONTEXT() REPRESENTATION_CONTEXT('2D SPACE',''
  ) );
#6517 = PCURVE('',#1060,#6518);
#6518 = DEFINITIONAL_REPRESENTATION('',(#6519),#6523);
#6519 = LINE('',#6520,#6521);
#6520 = CARTESIAN_POINT('',(0.,0.));
#6521 = VECTOR('',#6522,1.);
#6522 = DIRECTION('',(-8.149138278938E-34,-1.));
#6523 = ( GEOMETRIC_REPRESENTATION_CONTEXT(2) 
PARAMETRIC_REPRESENTATION_CONTEXT() REPRESENTATION_CONTEXT('2D SPACE',''
  ) );
#6524 = ORIENTED_EDGE('',*,*,#1016,.F.);
#6525 = ADVANCED_FACE('',(#6526),#2068,.T.);
#6526 = FACE_BOUND('',#6527,.T.);
#6527 = EDGE_LOOP('',(#6528,#6551,#6572,#6573));
#6528 = ORIENTED_EDGE('',*,*,#6529,.T.);
#6529 = EDGE_CURVE('',#2025,#6530,#6532,.T.);
#6530 = VERTEX_POINT('',#6531);
#6531 = CARTESIAN_POINT('',(-4.630208333333,-35.,-9.682396019976));
#6532 = SURFACE_CURVE('',#6533,(#6537,#6544),.PCURVE_S1.);
#6533 = LINE('',#6534,#6535);
#6534 = CARTESIAN_POINT('',(-4.630208333333,35.,-9.682396019976));
#6535 = VECTOR('',#6536,1.);
#6536 = DIRECTION('',(0.,-1.,1.224646799147E-16));
#6537 = PCURVE('',#2068,#6538);
#6538 = DEFINITIONAL_REPRESENTATION('',(#6539),#6543);
#6539 = LINE('',#6540,#6541);
#6540 = CARTESIAN_POINT('',(-0.,0.));
#6541 = VECTOR('',#6542,1.);
#6542 = DIRECTION('',(-8.183447410875E-34,-1.));
#6543 = ( GEOMETRIC_REPRESENTATION_CONTEXT(2) 
PARAMETRIC_REPRESENTATION_CONTEXT() REPRESENTATION_CONTEXT('2D SPACE',''
  ) );
#6544 = PCURVE('',#2040,#6545);
#6545 = DEFINITIONAL_REPRESENTATION('',(#6546),#6550);
#6546 = LINE('',#6547,#6548);
#6547 = CARTESIAN_POINT('',(0.333023808781,4.779380114342E-18));
#6548 = VECTOR('',#6549,1.);
#6549 = DIRECTION('',(-6.140817958275E-34,-1.));
#6550 = ( GEOMETRIC_REPRESENTATION_CONTEXT(2) 
PARAMETRIC_REPRESENTATION_CONTEXT() REPRESENTATION_CONTEXT('2D SPACE',''
  ) );
#6551 = ORIENTED_EDGE('',*,*,#6552,.T.);
#6552 = EDGE_CURVE('',#6530,#6432,#6553,.T.);
#6553 = SURFACE_CURVE('',#6554,(#6558,#6565),.PCURVE_S1.);
#6554 = LINE('',#6555,#6556);
#6555 = CARTESIAN_POINT('',(-4.630208333333,-35.,-9.682396019976));
#6556 = VECTOR('',#6557,1.);
#6557 = DIRECTION('',(-0.992046838276,-1.541453866271E-17,-0.12586926021
    ));
#6558 = PCURVE('',#2068,#6559);
#6559 = DEFINITIONAL_REPRESENTATION('',(#6560),#6564);
#6560 = LINE('',#6561,#6562);
#6561 = CARTESIAN_POINT('',(-3.892589983084E-17,-70.));
#6562 = VECTOR('',#6563,1.);
#6563 = DIRECTION('',(1.,8.183447410875E-34));
#6564 = ( GEOMETRIC_REPRESENTATION_CONTEXT(2) 
PARAMETRIC_REPRESENTATION_CONTEXT() REPRESENTATION_CONTEXT('2D SPACE',''
  ) );
#6565 = PCURVE('',#3051,#6566);
#6566 = DEFINITIONAL_REPRESENTATION('',(#6567),#6571);
#6567 = LINE('',#6568,#6569);
#6568 = CARTESIAN_POINT('',(-3.703490370454,-4.630208333333));
#6569 = VECTOR('',#6570,1.);
#6570 = DIRECTION('',(-0.12586926021,-0.992046838276));
#6571 = ( GEOMETRIC_REPRESENTATION_CONTEXT(2) 
PARAMETRIC_REPRESENTATION_CONTEXT() REPRESENTATION_CONTEXT('2D SPACE',''
  ) );
#6572 = ORIENTED_EDGE('',*,*,#6431,.F.);
#6573 = ORIENTED_EDGE('',*,*,#2052,.F.);
#6574 = ADVANCED_FACE('',(#6575),#1060,.T.);
#6575 = FACE_BOUND('',#6576,.T.);
#6576 = EDGE_LOOP('',(#6577,#6578,#6601,#6622));
#6577 = ORIENTED_EDGE('',*,*,#6504,.T.);
#6578 = ORIENTED_EDGE('',*,*,#6579,.T.);
#6579 = EDGE_CURVE('',#6482,#6580,#6582,.T.);
#6580 = VERTEX_POINT('',#6581);
#6581 = CARTESIAN_POINT('',(6.9453125,-35.,-10.03838452125));
#6582 = SURFACE_CURVE('',#6583,(#6587,#6594),.PCURVE_S1.);
#6583 = LINE('',#6584,#6585);
#6584 = CARTESIAN_POINT('',(7.276041666667,-35.,-10.10121368727));
#6585 = VECTOR('',#6586,1.);
#6586 = DIRECTION('',(-0.982429558525,2.285604438989E-17,0.186633765799)
  );
#6587 = PCURVE('',#1060,#6588);
#6588 = DEFINITIONAL_REPRESENTATION('',(#6589),#6593);
#6589 = LINE('',#6590,#6591);
#6590 = CARTESIAN_POINT('',(5.771772441053E-17,-70.));
#6591 = VECTOR('',#6592,1.);
#6592 = DIRECTION('',(1.,8.149138278938E-34));
#6593 = ( GEOMETRIC_REPRESENTATION_CONTEXT(2) 
PARAMETRIC_REPRESENTATION_CONTEXT() REPRESENTATION_CONTEXT('2D SPACE',''
  ) );
#6594 = PCURVE('',#3051,#6595);
#6595 = DEFINITIONAL_REPRESENTATION('',(#6596),#6600);
#6596 = LINE('',#6597,#6598);
#6597 = CARTESIAN_POINT('',(-4.122308037752,7.276041666667));
#6598 = VECTOR('',#6599,1.);
#6599 = DIRECTION('',(0.186633765799,-0.982429558525));
#6600 = ( GEOMETRIC_REPRESENTATION_CONTEXT(2) 
PARAMETRIC_REPRESENTATION_CONTEXT() REPRESENTATION_CONTEXT('2D SPACE',''
  ) );
#6601 = ORIENTED_EDGE('',*,*,#6602,.F.);
#6602 = EDGE_CURVE('',#1045,#6580,#6603,.T.);
#6603 = SURFACE_CURVE('',#6604,(#6608,#6615),.PCURVE_S1.);
#6604 = LINE('',#6605,#6606);
#6605 = CARTESIAN_POINT('',(6.9453125,35.,-10.03838452125));
#6606 = VECTOR('',#6607,1.);
#6607 = DIRECTION('',(0.,-1.,1.224646799147E-16));
#6608 = PCURVE('',#1060,#6609);
#6609 = DEFINITIONAL_REPRESENTATION('',(#6610),#6614);
#6610 = LINE('',#6611,#6612);
#6611 = CARTESIAN_POINT('',(0.336644153056,-7.69435370584E-18));
#6612 = VECTOR('',#6613,1.);
#6613 = DIRECTION('',(-8.149138278938E-34,-1.));
#6614 = ( GEOMETRIC_REPRESENTATION_CONTEXT(2) 
PARAMETRIC_REPRESENTATION_CONTEXT() REPRESENTATION_CONTEXT('2D SPACE',''
  ) );
#6615 = PCURVE('',#1088,#6616);
#6616 = DEFINITIONAL_REPRESENTATION('',(#6617),#6621);
#6617 = LINE('',#6618,#6619);
#6618 = CARTESIAN_POINT('',(0.,0.));
#6619 = VECTOR('',#6620,1.);
#6620 = DIRECTION('',(5.636151699814E-34,-1.));
#6621 = ( GEOMETRIC_REPRESENTATION_CONTEXT(2) 
PARAMETRIC_REPRESENTATION_CONTEXT() REPRESENTATION_CONTEXT('2D SPACE',''
  ) );
#6622 = ORIENTED_EDGE('',*,*,#1044,.F.);
#6623 = ADVANCED_FACE('',(#6624),#2040,.T.);
#6624 = FACE_BOUND('',#6625,.T.);
#6625 = EDGE_LOOP('',(#6626,#6649,#6670,#6671));
#6626 = ORIENTED_EDGE('',*,*,#6627,.T.);
#6627 = EDGE_CURVE('',#1997,#6628,#6630,.T.);
#6628 = VERTEX_POINT('',#6629);
#6629 = CARTESIAN_POINT('',(-4.299479166667,-35.,-9.643369419672));
#6630 = SURFACE_CURVE('',#6631,(#6635,#6642),.PCURVE_S1.);
#6631 = LINE('',#6632,#6633);
#6632 = CARTESIAN_POINT('',(-4.299479166667,35.,-9.643369419672));
#6633 = VECTOR('',#6634,1.);
#6634 = DIRECTION('',(0.,-1.,1.224646799147E-16));
#6635 = PCURVE('',#2040,#6636);
#6636 = DEFINITIONAL_REPRESENTATION('',(#6637),#6641);
#6637 = LINE('',#6638,#6639);
#6638 = CARTESIAN_POINT('',(-0.,0.));
#6639 = VECTOR('',#6640,1.);
#6640 = DIRECTION('',(-6.140817958275E-34,-1.));
#6641 = ( GEOMETRIC_REPRESENTATION_CONTEXT(2) 
PARAMETRIC_REPRESENTATION_CONTEXT() REPRESENTATION_CONTEXT('2D SPACE',''
  ) );
#6642 = PCURVE('',#2012,#6643);
#6643 = DEFINITIONAL_REPRESENTATION('',(#6644),#6648);
#6644 = LINE('',#6645,#6646);
#6645 = CARTESIAN_POINT('',(0.332693529601,4.420962993763E-18));
#6646 = VECTOR('',#6647,1.);
#6647 = DIRECTION('',(3.00671515856E-34,-1.));
#6648 = ( GEOMETRIC_REPRESENTATION_CONTEXT(2) 
PARAMETRIC_REPRESENTATION_CONTEXT() REPRESENTATION_CONTEXT('2D SPACE',''
  ) );
#6649 = ORIENTED_EDGE('',*,*,#6650,.T.);
#6650 = EDGE_CURVE('',#6628,#6530,#6651,.T.);
#6651 = SURFACE_CURVE('',#6652,(#6656,#6663),.PCURVE_S1.);
#6652 = LINE('',#6653,#6654);
#6653 = CARTESIAN_POINT('',(-4.299479166667,-35.,-9.643369419672));
#6654 = VECTOR('',#6655,1.);
#6655 = DIRECTION('',(-0.993109675482,-1.435146673696E-17,
    -0.117188619175));
#6656 = PCURVE('',#2040,#6657);
#6657 = DEFINITIONAL_REPRESENTATION('',(#6658),#6662);
#6658 = LINE('',#6659,#6660);
#6659 = CARTESIAN_POINT('',(-3.624135427289E-17,-70.));
#6660 = VECTOR('',#6661,1.);
#6661 = DIRECTION('',(1.,6.140817958275E-34));
#6662 = ( GEOMETRIC_REPRESENTATION_CONTEXT(2) 
PARAMETRIC_REPRESENTATION_CONTEXT() REPRESENTATION_CONTEXT('2D SPACE',''
  ) );
#6663 = PCURVE('',#3051,#6664);
#6664 = DEFINITIONAL_REPRESENTATION('',(#6665),#6669);
#6665 = LINE('',#6666,#6667);
#6666 = CARTESIAN_POINT('',(-3.66446377015,-4.299479166667));
#6667 = VECTOR('',#6668,1.);
#6668 = DIRECTION('',(-0.117188619175,-0.993109675482));
#6669 = ( GEOMETRIC_REPRESENTATION_CONTEXT(2) 
PARAMETRIC_REPRESENTATION_CONTEXT() REPRESENTATION_CONTEXT('2D SPACE',''
  ) );
#6670 = ORIENTED_EDGE('',*,*,#6529,.F.);
#6671 = ORIENTED_EDGE('',*,*,#2024,.F.);
#6672 = ADVANCED_FACE('',(#6673),#1088,.T.);
#6673 = FACE_BOUND('',#6674,.T.);
#6674 = EDGE_LOOP('',(#6675,#6676,#6699,#6720));
#6675 = ORIENTED_EDGE('',*,*,#6602,.T.);
#6676 = ORIENTED_EDGE('',*,*,#6677,.T.);
#6677 = EDGE_CURVE('',#6580,#6678,#6680,.T.);
#6678 = VERTEX_POINT('',#6679);
#6679 = CARTESIAN_POINT('',(6.614583333333,-35.,-9.978575622368));
#6680 = SURFACE_CURVE('',#6681,(#6685,#6692),.PCURVE_S1.);
#6681 = LINE('',#6682,#6683);
#6682 = CARTESIAN_POINT('',(6.9453125,-35.,-10.03838452125));
#6683 = VECTOR('',#6684,1.);
#6684 = DIRECTION('',(-0.984038966268,2.179297186268E-17,0.177953119853)
  );
#6685 = PCURVE('',#1088,#6686);
#6686 = DEFINITIONAL_REPRESENTATION('',(#6687),#6691);
#6687 = LINE('',#6688,#6689);
#6688 = CARTESIAN_POINT('',(5.503317733376E-17,-70.));
#6689 = VECTOR('',#6690,1.);
#6690 = DIRECTION('',(1.,-5.636151699814E-34));
#6691 = ( GEOMETRIC_REPRESENTATION_CONTEXT(2) 
PARAMETRIC_REPRESENTATION_CONTEXT() REPRESENTATION_CONTEXT('2D SPACE',''
  ) );
#6692 = PCURVE('',#3051,#6693);
#6693 = DEFINITIONAL_REPRESENTATION('',(#6694),#6698);
#6694 = LINE('',#6695,#6696);
#6695 = CARTESIAN_POINT('',(-4.059478871733,6.9453125));
#6696 = VECTOR('',#6697,1.);
#6697 = DIRECTION('',(0.177953119853,-0.984038966268));
#6698 = ( GEOMETRIC_REPRESENTATION_CONTEXT(2) 
PARAMETRIC_REPRESENTATION_CONTEXT() REPRESENTATION_CONTEXT('2D SPACE',''
  ) );
#6699 = ORIENTED_EDGE('',*,*,#6700,.F.);
#6700 = EDGE_CURVE('',#1073,#6678,#6701,.T.);
#6701 = SURFACE_CURVE('',#6702,(#6706,#6713),.PCURVE_S1.);
#6702 = LINE('',#6703,#6704);
#6703 = CARTESIAN_POINT('',(6.614583333333,35.,-9.978575622368));
#6704 = VECTOR('',#6705,1.);
#6705 = DIRECTION('',(0.,-1.,1.224646799147E-16));
#6706 = PCURVE('',#1088,#6707);
#6707 = DEFINITIONAL_REPRESENTATION('',(#6708),#6712);
#6708 = LINE('',#6709,#6710);
#6709 = CARTESIAN_POINT('',(0.336093567433,-7.324477658307E-18));
#6710 = VECTOR('',#6711,1.);
#6711 = DIRECTION('',(5.636151699814E-34,-1.));
#6712 = ( GEOMETRIC_REPRESENTATION_CONTEXT(2) 
PARAMETRIC_REPRESENTATION_CONTEXT() REPRESENTATION_CONTEXT('2D SPACE',''
  ) );
#6713 = PCURVE('',#1116,#6714);
#6714 = DEFINITIONAL_REPRESENTATION('',(#6715),#6719);
#6715 = LINE('',#6716,#6717);
#6716 = CARTESIAN_POINT('',(0.,0.));
#6717 = VECTOR('',#6718,1.);
#6718 = DIRECTION('',(-3.809709750053E-33,-1.));
#6719 = ( GEOMETRIC_REPRESENTATION_CONTEXT(2) 
PARAMETRIC_REPRESENTATION_CONTEXT() REPRESENTATION_CONTEXT('2D SPACE',''
  ) );
#6720 = ORIENTED_EDGE('',*,*,#1072,.F.);
#6721 = ADVANCED_FACE('',(#6722),#2012,.T.);
#6722 = FACE_BOUND('',#6723,.T.);
#6723 = EDGE_LOOP('',(#6724,#6747,#6768,#6769));
#6724 = ORIENTED_EDGE('',*,*,#6725,.T.);
#6725 = EDGE_CURVE('',#1969,#6726,#6728,.T.);
#6726 = VERTEX_POINT('',#6727);
#6727 = CARTESIAN_POINT('',(-3.96875,-35.,-9.607269517261));
#6728 = SURFACE_CURVE('',#6729,(#6733,#6740),.PCURVE_S1.);
#6729 = LINE('',#6730,#6731);
#6730 = CARTESIAN_POINT('',(-3.96875,35.,-9.607269517261));
#6731 = VECTOR('',#6732,1.);
#6732 = DIRECTION('',(0.,-1.,1.224646799147E-16));
#6733 = PCURVE('',#2012,#6734);
#6734 = DEFINITIONAL_REPRESENTATION('',(#6735),#6739);
#6735 = LINE('',#6736,#6737);
#6736 = CARTESIAN_POINT('',(-0.,0.));
#6737 = VECTOR('',#6738,1.);
#6738 = DIRECTION('',(3.00671515856E-34,-1.));
#6739 = ( GEOMETRIC_REPRESENTATION_CONTEXT(2) 
PARAMETRIC_REPRESENTATION_CONTEXT() REPRESENTATION_CONTEXT('2D SPACE',''
  ) );
#6740 = PCURVE('',#1984,#6741);
#6741 = DEFINITIONAL_REPRESENTATION('',(#6742),#6746);
#6742 = LINE('',#6743,#6744);
#6743 = CARTESIAN_POINT('',(0.332389527111,4.063569354791E-18));
#6744 = VECTOR('',#6745,1.);
#6745 = DIRECTION('',(3.30636079116E-34,-1.));
#6746 = ( GEOMETRIC_REPRESENTATION_CONTEXT(2) 
PARAMETRIC_REPRESENTATION_CONTEXT() REPRESENTATION_CONTEXT('2D SPACE',''
  ) );
#6747 = ORIENTED_EDGE('',*,*,#6748,.T.);
#6748 = EDGE_CURVE('',#6726,#6628,#6749,.T.);
#6749 = SURFACE_CURVE('',#6750,(#6754,#6761),.PCURVE_S1.);
#6750 = LINE('',#6751,#6752);
#6751 = CARTESIAN_POINT('',(-3.96875,-35.,-9.607269517261));
#6752 = VECTOR('',#6753,1.);
#6753 = DIRECTION('',(-0.994095578185,-1.328839487522E-17,
    -0.108507978663));
#6754 = PCURVE('',#2012,#6755);
#6755 = DEFINITIONAL_REPRESENTATION('',(#6756),#6760);
#6756 = LINE('',#6757,#6758);
#6757 = CARTESIAN_POINT('',(-3.355680887658E-17,-70.));
#6758 = VECTOR('',#6759,1.);
#6759 = DIRECTION('',(1.,-3.00671515856E-34));
#6760 = ( GEOMETRIC_REPRESENTATION_CONTEXT(2) 
PARAMETRIC_REPRESENTATION_CONTEXT() REPRESENTATION_CONTEXT('2D SPACE',''
  ) );
#6761 = PCURVE('',#3051,#6762);
#6762 = DEFINITIONAL_REPRESENTATION('',(#6763),#6767);
#6763 = LINE('',#6764,#6765);
#6764 = CARTESIAN_POINT('',(-3.628363867739,-3.96875));
#6765 = VECTOR('',#6766,1.);
#6766 = DIRECTION('',(-0.108507978663,-0.994095578185));
#6767 = ( GEOMETRIC_REPRESENTATION_CONTEXT(2) 
PARAMETRIC_REPRESENTATION_CONTEXT() REPRESENTATION_CONTEXT('2D SPACE',''
  ) );
#6768 = ORIENTED_EDGE('',*,*,#6627,.F.);
#6769 = ORIENTED_EDGE('',*,*,#1996,.F.);
#6770 = ADVANCED_FACE('',(#6771),#1116,.T.);
#6771 = FACE_BOUND('',#6772,.T.);
#6772 = EDGE_LOOP('',(#6773,#6774,#6797,#6818));
#6773 = ORIENTED_EDGE('',*,*,#6700,.T.);
#6774 = ORIENTED_EDGE('',*,*,#6775,.T.);
#6775 = EDGE_CURVE('',#6678,#6776,#6778,.T.);
#6776 = VERTEX_POINT('',#6777);
#6777 = CARTESIAN_POINT('',(6.283854166667,-35.,-9.921772569584));
#6778 = SURFACE_CURVE('',#6779,(#6783,#6790),.PCURVE_S1.);
#6779 = LINE('',#6780,#6781);
#6780 = CARTESIAN_POINT('',(6.614583333333,-35.,-9.978575622368));
#6781 = VECTOR('',#6782,1.);
#6782 = DIRECTION('',(-0.985569291979,2.072989943879E-17,0.169272474751)
  );
#6783 = PCURVE('',#1116,#6784);
#6784 = DEFINITIONAL_REPRESENTATION('',(#6785),#6789);
#6785 = LINE('',#6786,#6787);
#6786 = CARTESIAN_POINT('',(5.234863051787E-17,-70.));
#6787 = VECTOR('',#6788,1.);
#6788 = DIRECTION('',(1.,7.28221839033E-34));
#6789 = ( GEOMETRIC_REPRESENTATION_CONTEXT(2) 
PARAMETRIC_REPRESENTATION_CONTEXT() REPRESENTATION_CONTEXT('2D SPACE',''
  ) );
#6790 = PCURVE('',#3051,#6791);
#6791 = DEFINITIONAL_REPRESENTATION('',(#6792),#6796);
#6792 = LINE('',#6793,#6794);
#6793 = CARTESIAN_POINT('',(-3.999669972846,6.614583333333));
#6794 = VECTOR('',#6795,1.);
#6795 = DIRECTION('',(0.169272474751,-0.985569291979));
#6796 = ( GEOMETRIC_REPRESENTATION_CONTEXT(2) 
PARAMETRIC_REPRESENTATION_CONTEXT() REPRESENTATION_CONTEXT('2D SPACE',''
  ) );
#6797 = ORIENTED_EDGE('',*,*,#6798,.F.);
#6798 = EDGE_CURVE('',#1101,#6776,#6799,.T.);
#6799 = SURFACE_CURVE('',#6800,(#6804,#6811),.PCURVE_S1.);
#6800 = LINE('',#6801,#6802);
#6801 = CARTESIAN_POINT('',(6.283854166667,35.,-9.921772569584));
#6802 = VECTOR('',#6803,1.);
#6803 = DIRECTION('',(0.,-1.,1.224646799147E-16));
#6804 = PCURVE('',#1116,#6805);
#6805 = DEFINITIONAL_REPRESENTATION('',(#6806),#6810);
#6806 = LINE('',#6807,#6808);
#6807 = CARTESIAN_POINT('',(0.335571703946,-6.956367677315E-18));
#6808 = VECTOR('',#6809,1.);
#6809 = DIRECTION('',(-3.809709750053E-33,-1.));
#6810 = ( GEOMETRIC_REPRESENTATION_CONTEXT(2) 
PARAMETRIC_REPRESENTATION_CONTEXT() REPRESENTATION_CONTEXT('2D SPACE',''
  ) );
#6811 = PCURVE('',#1144,#6812);
#6812 = DEFINITIONAL_REPRESENTATION('',(#6813),#6817);
#6813 = LINE('',#6814,#6815);
#6814 = CARTESIAN_POINT('',(0.,0.));
#6815 = VECTOR('',#6816,1.);
#6816 = DIRECTION('',(3.347471979822E-34,-1.));
#6817 = ( GEOMETRIC_REPRESENTATION_CONTEXT(2) 
PARAMETRIC_REPRESENTATION_CONTEXT() REPRESENTATION_CONTEXT('2D SPACE',''
  ) );
#6818 = ORIENTED_EDGE('',*,*,#1100,.F.);
#6819 = ADVANCED_FACE('',(#6820),#1984,.T.);
#6820 = FACE_BOUND('',#6821,.T.);
#6821 = EDGE_LOOP('',(#6822,#6845,#6866,#6867));
#6822 = ORIENTED_EDGE('',*,*,#6823,.T.);
#6823 = EDGE_CURVE('',#1941,#6824,#6826,.T.);
#6824 = VERTEX_POINT('',#6825);
#6825 = CARTESIAN_POINT('',(-3.638020833333,-35.,-9.57408795538));
#6826 = SURFACE_CURVE('',#6827,(#6831,#6838),.PCURVE_S1.);
#6827 = LINE('',#6828,#6829);
#6828 = CARTESIAN_POINT('',(-3.638020833333,35.,-9.57408795538));
#6829 = VECTOR('',#6830,1.);
#6830 = DIRECTION('',(0.,-1.,1.224646799147E-16));
#6831 = PCURVE('',#1984,#6832);
#6832 = DEFINITIONAL_REPRESENTATION('',(#6833),#6837);
#6833 = LINE('',#6834,#6835);
#6834 = CARTESIAN_POINT('',(-0.,0.));
#6835 = VECTOR('',#6836,1.);
#6836 = DIRECTION('',(3.30636079116E-34,-1.));
#6837 = ( GEOMETRIC_REPRESENTATION_CONTEXT(2) 
PARAMETRIC_REPRESENTATION_CONTEXT() REPRESENTATION_CONTEXT('2D SPACE',''
  ) );
#6838 = PCURVE('',#1956,#6839);
#6839 = DEFINITIONAL_REPRESENTATION('',(#6840),#6844);
#6840 = LINE('',#6841,#6842);
#6841 = CARTESIAN_POINT('',(0.332111589019,3.707113024009E-18));
#6842 = VECTOR('',#6843,1.);
#6843 = DIRECTION('',(-3.457597470153E-34,-1.));
#6844 = ( GEOMETRIC_REPRESENTATION_CONTEXT(2) 
PARAMETRIC_REPRESENTATION_CONTEXT() REPRESENTATION_CONTEXT('2D SPACE',''
  ) );
#6845 = ORIENTED_EDGE('',*,*,#6846,.T.);
#6846 = EDGE_CURVE('',#6824,#6726,#6847,.T.);
#6847 = SURFACE_CURVE('',#6848,(#6852,#6859),.PCURVE_S1.);
#6848 = LINE('',#6849,#6850);
#6849 = CARTESIAN_POINT('',(-3.638020833333,-35.,-9.57408795538));
#6850 = VECTOR('',#6851,1.);
#6851 = DIRECTION('',(-0.995004775095,-1.222532307234E-17,
    -9.982733863228E-02));
#6852 = PCURVE('',#1984,#6853);
#6853 = DEFINITIONAL_REPRESENTATION('',(#6854),#6858);
#6854 = LINE('',#6855,#6856);
#6855 = CARTESIAN_POINT('',(-3.087226362893E-17,-70.));
#6856 = VECTOR('',#6857,1.);
#6857 = DIRECTION('',(1.,-3.30636079116E-34));
#6858 = ( GEOMETRIC_REPRESENTATION_CONTEXT(2) 
PARAMETRIC_REPRESENTATION_CONTEXT() REPRESENTATION_CONTEXT('2D SPACE',''
  ) );
#6859 = PCURVE('',#3051,#6860);
#6860 = DEFINITIONAL_REPRESENTATION('',(#6861),#6865);
#6861 = LINE('',#6862,#6863);
#6862 = CARTESIAN_POINT('',(-3.595182305858,-3.638020833333));
#6863 = VECTOR('',#6864,1.);
#6864 = DIRECTION('',(-9.982733863228E-02,-0.995004775095));
#6865 = ( GEOMETRIC_REPRESENTATION_CONTEXT(2) 
PARAMETRIC_REPRESENTATION_CONTEXT() REPRESENTATION_CONTEXT('2D SPACE',''
  ) );
#6866 = ORIENTED_EDGE('',*,*,#6725,.F.);
#6867 = ORIENTED_EDGE('',*,*,#1968,.F.);
#6868 = ADVANCED_FACE('',(#6869),#1144,.T.);
#6869 = FACE_BOUND('',#6870,.T.);
#6870 = EDGE_LOOP('',(#6871,#6872,#6895,#6916));
#6871 = ORIENTED_EDGE('',*,*,#6798,.T.);
#6872 = ORIENTED_EDGE('',*,*,#6873,.T.);
#6873 = EDGE_CURVE('',#6776,#6874,#6876,.T.);
#6874 = VERTEX_POINT('',#6875);
#6875 = CARTESIAN_POINT('',(5.953125,-35.,-9.867961751529));
#6876 = SURFACE_CURVE('',#6877,(#6881,#6888),.PCURVE_S1.);
#6877 = LINE('',#6878,#6879);
#6878 = CARTESIAN_POINT('',(6.283854166667,-35.,-9.921772569584));
#6879 = VECTOR('',#6880,1.);
#6880 = DIRECTION('',(-0.987020903525,1.966682711216E-17,0.160591830443)
  );
#6881 = PCURVE('',#1144,#6882);
#6882 = DEFINITIONAL_REPRESENTATION('',(#6883),#6887);
#6883 = LINE('',#6884,#6885);
#6884 = CARTESIAN_POINT('',(4.966408394758E-17,-70.));
#6885 = VECTOR('',#6886,1.);
#6886 = DIRECTION('',(1.,-3.347471979822E-34));
#6887 = ( GEOMETRIC_REPRESENTATION_CONTEXT(2) 
PARAMETRIC_REPRESENTATION_CONTEXT() REPRESENTATION_CONTEXT('2D SPACE',''
  ) );
#6888 = PCURVE('',#3051,#6889);
#6889 = DEFINITIONAL_REPRESENTATION('',(#6890),#6894);
#6890 = LINE('',#6891,#6892);
#6891 = CARTESIAN_POINT('',(-3.942866920062,6.283854166667));
#6892 = VECTOR('',#6893,1.);
#6893 = DIRECTION('',(0.160591830443,-0.987020903525));
#6894 = ( GEOMETRIC_REPRESENTATION_CONTEXT(2) 
PARAMETRIC_REPRESENTATION_CONTEXT() REPRESENTATION_CONTEXT('2D SPACE',''
  ) );
#6895 = ORIENTED_EDGE('',*,*,#6896,.F.);
#6896 = EDGE_CURVE('',#1129,#6874,#6897,.T.);
#6897 = SURFACE_CURVE('',#6898,(#6902,#6909),.PCURVE_S1.);
#6898 = LINE('',#6899,#6900);
#6899 = CARTESIAN_POINT('',(5.953125,35.,-9.867961751529));
#6900 = VECTOR('',#6901,1.);
#6901 = DIRECTION('',(0.,-1.,1.224646799147E-16));
#6902 = PCURVE('',#1144,#6903);
#6903 = DEFINITIONAL_REPRESENTATION('',(#6904),#6908);
#6904 = LINE('',#6905,#6906);
#6905 = CARTESIAN_POINT('',(0.335078178674,-6.589924609046E-18));
#6906 = VECTOR('',#6907,1.);
#6907 = DIRECTION('',(3.347471979822E-34,-1.));
#6908 = ( GEOMETRIC_REPRESENTATION_CONTEXT(2) 
PARAMETRIC_REPRESENTATION_CONTEXT() REPRESENTATION_CONTEXT('2D SPACE',''
  ) );
#6909 = PCURVE('',#1172,#6910);
#6910 = DEFINITIONAL_REPRESENTATION('',(#6911),#6915);
#6911 = LINE('',#6912,#6913);
#6912 = CARTESIAN_POINT('',(0.,0.));
#6913 = VECTOR('',#6914,1.);
#6914 = DIRECTION('',(-4.53006565049E-33,-1.));
#6915 = ( GEOMETRIC_REPRESENTATION_CONTEXT(2) 
PARAMETRIC_REPRESENTATION_CONTEXT() REPRESENTATION_CONTEXT('2D SPACE',''
  ) );
#6916 = ORIENTED_EDGE('',*,*,#1128,.F.);
#6917 = ADVANCED_FACE('',(#6918),#1956,.T.);
#6918 = FACE_BOUND('',#6919,.T.);
#6919 = EDGE_LOOP('',(#6920,#6943,#6964,#6965));
#6920 = ORIENTED_EDGE('',*,*,#6921,.T.);
#6921 = EDGE_CURVE('',#1913,#6922,#6924,.T.);
#6922 = VERTEX_POINT('',#6923);
#6923 = CARTESIAN_POINT('',(-3.307291666667,-35.,-9.543817080328));
#6924 = SURFACE_CURVE('',#6925,(#6929,#6936),.PCURVE_S1.);
#6925 = LINE('',#6926,#6927);
#6926 = CARTESIAN_POINT('',(-3.307291666667,35.,-9.543817080328));
#6927 = VECTOR('',#6928,1.);
#6928 = DIRECTION('',(0.,-1.,1.224646799147E-16));
#6929 = PCURVE('',#1956,#6930);
#6930 = DEFINITIONAL_REPRESENTATION('',(#6931),#6935);
#6931 = LINE('',#6932,#6933);
#6932 = CARTESIAN_POINT('',(-0.,0.));
#6933 = VECTOR('',#6934,1.);
#6934 = DIRECTION('',(-3.457597470153E-34,-1.));
#6935 = ( GEOMETRIC_REPRESENTATION_CONTEXT(2) 
PARAMETRIC_REPRESENTATION_CONTEXT() REPRESENTATION_CONTEXT('2D SPACE',''
  ) );
#6936 = PCURVE('',#1928,#6937);
#6937 = DEFINITIONAL_REPRESENTATION('',(#6938),#6942);
#6938 = LINE('',#6939,#6940);
#6939 = CARTESIAN_POINT('',(0.331859522133,3.35150892368E-18));
#6940 = VECTOR('',#6941,1.);
#6941 = DIRECTION('',(1.588746066508E-33,-1.));
#6942 = ( GEOMETRIC_REPRESENTATION_CONTEXT(2) 
PARAMETRIC_REPRESENTATION_CONTEXT() REPRESENTATION_CONTEXT('2D SPACE',''
  ) );
#6943 = ORIENTED_EDGE('',*,*,#6944,.T.);
#6944 = EDGE_CURVE('',#6922,#6824,#6945,.T.);
#6945 = SURFACE_CURVE('',#6946,(#6950,#6957),.PCURVE_S1.);
#6946 = LINE('',#6947,#6948);
#6947 = CARTESIAN_POINT('',(-3.307291666667,-35.,-9.543817080328));
#6948 = VECTOR('',#6949,1.);
#6949 = DIRECTION('',(-0.995837476325,-1.116225132331E-17,
    -9.114669904073E-02));
#6950 = PCURVE('',#1956,#6951);
#6951 = DEFINITIONAL_REPRESENTATION('',(#6952),#6956);
#6952 = LINE('',#6953,#6954);
#6953 = CARTESIAN_POINT('',(-2.818771851725E-17,-70.));
#6954 = VECTOR('',#6955,1.);
#6955 = DIRECTION('',(1.,1.869648607164E-34));
#6956 = ( GEOMETRIC_REPRESENTATION_CONTEXT(2) 
PARAMETRIC_REPRESENTATION_CONTEXT() REPRESENTATION_CONTEXT('2D SPACE',''
  ) );
#6957 = PCURVE('',#3051,#6958);
#6958 = DEFINITIONAL_REPRESENTATION('',(#6959),#6963);
#6959 = LINE('',#6960,#6961);
#6960 = CARTESIAN_POINT('',(-3.564911430806,-3.307291666667));
#6961 = VECTOR('',#6962,1.);
#6962 = DIRECTION('',(-9.114669904073E-02,-0.995837476325));
#6963 = ( GEOMETRIC_REPRESENTATION_CONTEXT(2) 
PARAMETRIC_REPRESENTATION_CONTEXT() REPRESENTATION_CONTEXT('2D SPACE',''
  ) );
#6964 = ORIENTED_EDGE('',*,*,#6823,.F.);
#6965 = ORIENTED_EDGE('',*,*,#1940,.F.);
#6966 = ADVANCED_FACE('',(#6967),#1172,.T.);
#6967 = FACE_BOUND('',#6968,.T.);
#6968 = EDGE_LOOP('',(#6969,#6970,#6993,#7014));
#6969 = ORIENTED_EDGE('',*,*,#6896,.T.);
#6970 = ORIENTED_EDGE('',*,*,#6971,.T.);
#6971 = EDGE_CURVE('',#6874,#6972,#6974,.T.);
#6972 = VERTEX_POINT('',#6973);
#6973 = CARTESIAN_POINT('',(5.622395833333,-35.,-9.817130349543));
#6974 = SURFACE_CURVE('',#6975,(#6979,#6986),.PCURVE_S1.);
#6975 = LINE('',#6976,#6977);
#6976 = CARTESIAN_POINT('',(5.953125,-35.,-9.867961751529));
#6977 = VECTOR('',#6978,1.);
#6978 = DIRECTION('',(-0.988394147747,1.86037548769E-17,0.151911186881)
  );
#6979 = PCURVE('',#1172,#6980);
#6980 = DEFINITIONAL_REPRESENTATION('',(#6981),#6985);
#6981 = LINE('',#6982,#6983);
#6982 = CARTESIAN_POINT('',(4.697953760805E-17,-70.));
#6983 = VECTOR('',#6984,1.);
#6984 = DIRECTION('',(1.,1.44857773947E-33));
#6985 = ( GEOMETRIC_REPRESENTATION_CONTEXT(2) 
PARAMETRIC_REPRESENTATION_CONTEXT() REPRESENTATION_CONTEXT('2D SPACE',''
  ) );
#6986 = PCURVE('',#3051,#6987);
#6987 = DEFINITIONAL_REPRESENTATION('',(#6988),#6992);
#6988 = LINE('',#6989,#6990);
#6989 = CARTESIAN_POINT('',(-3.889056102007,5.953125));
#6990 = VECTOR('',#6991,1.);
#6991 = DIRECTION('',(0.151911186881,-0.988394147747));
#6992 = ( GEOMETRIC_REPRESENTATION_CONTEXT(2) 
PARAMETRIC_REPRESENTATION_CONTEXT() REPRESENTATION_CONTEXT('2D SPACE',''
  ) );
#6993 = ORIENTED_EDGE('',*,*,#6994,.F.);
#6994 = EDGE_CURVE('',#1157,#6972,#6995,.T.);
#6995 = SURFACE_CURVE('',#6996,(#7000,#7007),.PCURVE_S1.);
#6996 = LINE('',#6997,#6998);
#6997 = CARTESIAN_POINT('',(5.622395833333,35.,-9.817130349543));
#6998 = VECTOR('',#6999,1.);
#6999 = DIRECTION('',(0.,-1.,1.224646799147E-16));
#7000 = PCURVE('',#1172,#7001);
#7001 = DEFINITIONAL_REPRESENTATION('',(#7002),#7006);
#7002 = LINE('',#7003,#7004);
#7003 = CARTESIAN_POINT('',(0.334612631429,-6.22505137382E-18));
#7004 = VECTOR('',#7005,1.);
#7005 = DIRECTION('',(-4.53006565049E-33,-1.));
#7006 = ( GEOMETRIC_REPRESENTATION_CONTEXT(2) 
PARAMETRIC_REPRESENTATION_CONTEXT() REPRESENTATION_CONTEXT('2D SPACE',''
  ) );
#7007 = PCURVE('',#1200,#7008);
#7008 = DEFINITIONAL_REPRESENTATION('',(#7009),#7013);
#7009 = LINE('',#7010,#7011);
#7010 = CARTESIAN_POINT('',(0.,0.));
#7011 = VECTOR('',#7012,1.);
#7012 = DIRECTION('',(-1.402592760216E-33,-1.));
#7013 = ( GEOMETRIC_REPRESENTATION_CONTEXT(2) 
PARAMETRIC_REPRESENTATION_CONTEXT() REPRESENTATION_CONTEXT('2D SPACE',''
  ) );
#7014 = ORIENTED_EDGE('',*,*,#1156,.F.);
#7015 = ADVANCED_FACE('',(#7016),#1928,.T.);
#7016 = FACE_BOUND('',#7017,.T.);
#7017 = EDGE_LOOP('',(#7018,#7041,#7062,#7063));
#7018 = ORIENTED_EDGE('',*,*,#7019,.T.);
#7019 = EDGE_CURVE('',#1885,#7020,#7022,.T.);
#7020 = VERTEX_POINT('',#7021);
#7021 = CARTESIAN_POINT('',(-2.9765625,-35.,-9.516449933115));
#7022 = SURFACE_CURVE('',#7023,(#7027,#7034),.PCURVE_S1.);
#7023 = LINE('',#7024,#7025);
#7024 = CARTESIAN_POINT('',(-2.9765625,35.,-9.516449933115));
#7025 = VECTOR('',#7026,1.);
#7026 = DIRECTION('',(0.,-1.,1.224646799147E-16));
#7027 = PCURVE('',#1928,#7028);
#7028 = DEFINITIONAL_REPRESENTATION('',(#7029),#7033);
#7029 = LINE('',#7030,#7031);
#7030 = CARTESIAN_POINT('',(-0.,0.));
#7031 = VECTOR('',#7032,1.);
#7032 = DIRECTION('',(1.588746066508E-33,-1.));
#7033 = ( GEOMETRIC_REPRESENTATION_CONTEXT(2) 
PARAMETRIC_REPRESENTATION_CONTEXT() REPRESENTATION_CONTEXT('2D SPACE',''
  ) );
#7034 = PCURVE('',#1900,#7035);
#7035 = DEFINITIONAL_REPRESENTATION('',(#7036),#7040);
#7036 = LINE('',#7037,#7038);
#7037 = CARTESIAN_POINT('',(0.331633151989,2.996672966808E-18));
#7038 = VECTOR('',#7039,1.);
#7039 = DIRECTION('',(-9.527371257115E-34,-1.));
#7040 = ( GEOMETRIC_REPRESENTATION_CONTEXT(2) 
PARAMETRIC_REPRESENTATION_CONTEXT() REPRESENTATION_CONTEXT('2D SPACE',''
  ) );
#7041 = ORIENTED_EDGE('',*,*,#7042,.T.);
#7042 = EDGE_CURVE('',#7020,#6922,#7043,.T.);
#7043 = SURFACE_CURVE('',#7044,(#7048,#7055),.PCURVE_S1.);
#7044 = LINE('',#7045,#7046);
#7045 = CARTESIAN_POINT('',(-2.9765625,-35.,-9.516449933115));
#7046 = VECTOR('',#7047,1.);
#7047 = DIRECTION('',(-0.996593873638,-1.009917962316E-17,
    -8.246605984834E-02));
#7048 = PCURVE('',#1928,#7049);
#7049 = DEFINITIONAL_REPRESENTATION('',(#7050),#7054);
#7050 = LINE('',#7051,#7052);
#7051 = CARTESIAN_POINT('',(-2.5503173529E-17,-70.));
#7052 = VECTOR('',#7053,1.);
#7053 = DIRECTION('',(1.,-4.800211099784E-35));
#7054 = ( GEOMETRIC_REPRESENTATION_CONTEXT(2) 
PARAMETRIC_REPRESENTATION_CONTEXT() REPRESENTATION_CONTEXT('2D SPACE',''
  ) );
#7055 = PCURVE('',#3051,#7056);
#7056 = DEFINITIONAL_REPRESENTATION('',(#7057),#7061);
#7057 = LINE('',#7058,#7059);
#7058 = CARTESIAN_POINT('',(-3.537544283593,-2.9765625));
#7059 = VECTOR('',#7060,1.);
#7060 = DIRECTION('',(-8.246605984834E-02,-0.996593873638));
#7061 = ( GEOMETRIC_REPRESENTATION_CONTEXT(2) 
PARAMETRIC_REPRESENTATION_CONTEXT() REPRESENTATION_CONTEXT('2D SPACE',''
  ) );
#7062 = ORIENTED_EDGE('',*,*,#6921,.F.);
#7063 = ORIENTED_EDGE('',*,*,#1912,.F.);
#7064 = ADVANCED_FACE('',(#7065),#1200,.T.);
#7065 = FACE_BOUND('',#7066,.T.);
#7066 = EDGE_LOOP('',(#7067,#7068,#7091,#7112));
#7067 = ORIENTED_EDGE('',*,*,#6994,.T.);
#7068 = ORIENTED_EDGE('',*,*,#7069,.T.);
#7069 = EDGE_CURVE('',#6972,#7070,#7072,.T.);
#7070 = VERTEX_POINT('',#7071);
#7071 = CARTESIAN_POINT('',(5.291666666667,-35.,-9.769266321884));
#7072 = SURFACE_CURVE('',#7073,(#7077,#7084),.PCURVE_S1.);
#7073 = LINE('',#7074,#7075);
#7074 = CARTESIAN_POINT('',(5.622395833333,-35.,-9.817130349543));
#7075 = VECTOR('',#7076,1.);
#7076 = DIRECTION('',(-0.989689350887,1.754068272728E-17,0.143230544019)
  );
#7077 = PCURVE('',#1200,#7078);
#7078 = DEFINITIONAL_REPRESENTATION('',(#7079),#7083);
#7079 = LINE('',#7080,#7081);
#7080 = CARTESIAN_POINT('',(4.429499148477E-17,-70.));
#7081 = VECTOR('',#7082,1.);
#7082 = DIRECTION('',(1.,-1.678895150804E-33));
#7083 = ( GEOMETRIC_REPRESENTATION_CONTEXT(2) 
PARAMETRIC_REPRESENTATION_CONTEXT() REPRESENTATION_CONTEXT('2D SPACE',''
  ) );
#7084 = PCURVE('',#3051,#7085);
#7085 = DEFINITIONAL_REPRESENTATION('',(#7086),#7090);
#7086 = LINE('',#7087,#7088);
#7087 = CARTESIAN_POINT('',(-3.838224700021,5.622395833333));
#7088 = VECTOR('',#7089,1.);
#7089 = DIRECTION('',(0.143230544019,-0.989689350887));
#7090 = ( GEOMETRIC_REPRESENTATION_CONTEXT(2) 
PARAMETRIC_REPRESENTATION_CONTEXT() REPRESENTATION_CONTEXT('2D SPACE',''
  ) );
#7091 = ORIENTED_EDGE('',*,*,#7092,.F.);
#7092 = EDGE_CURVE('',#1185,#7070,#7093,.T.);
#7093 = SURFACE_CURVE('',#7094,(#7098,#7105),.PCURVE_S1.);
#7094 = LINE('',#7095,#7096);
#7095 = CARTESIAN_POINT('',(5.291666666667,35.,-9.769266321884));
#7096 = VECTOR('',#7097,1.);
#7097 = DIRECTION('',(0.,-1.,1.224646799147E-16));
#7098 = PCURVE('',#1200,#7099);
#7099 = DEFINITIONAL_REPRESENTATION('',(#7100),#7104);
#7100 = LINE('',#7101,#7102);
#7101 = CARTESIAN_POINT('',(0.334174724998,-5.861652826672E-18));
#7102 = VECTOR('',#7103,1.);
#7103 = DIRECTION('',(-1.402592760216E-33,-1.));
#7104 = ( GEOMETRIC_REPRESENTATION_CONTEXT(2) 
PARAMETRIC_REPRESENTATION_CONTEXT() REPRESENTATION_CONTEXT('2D SPACE',''
  ) );
#7105 = PCURVE('',#1228,#7106);
#7106 = DEFINITIONAL_REPRESENTATION('',(#7107),#7111);
#7107 = LINE('',#7108,#7109);
#7108 = CARTESIAN_POINT('',(0.,0.));
#7109 = VECTOR('',#7110,1.);
#7110 = DIRECTION('',(-1.370532297532E-33,-1.));
#7111 = ( GEOMETRIC_REPRESENTATION_CONTEXT(2) 
PARAMETRIC_REPRESENTATION_CONTEXT() REPRESENTATION_CONTEXT('2D SPACE',''
  ) );
#7112 = ORIENTED_EDGE('',*,*,#1184,.F.);
#7113 = ADVANCED_FACE('',(#7114),#1900,.T.);
#7114 = FACE_BOUND('',#7115,.T.);
#7115 = EDGE_LOOP('',(#7116,#7139,#7160,#7161));
#7116 = ORIENTED_EDGE('',*,*,#7117,.T.);
#7117 = EDGE_CURVE('',#1857,#7118,#7120,.T.);
#7118 = VERTEX_POINT('',#7119);
#7119 = CARTESIAN_POINT('',(-2.645833333333,-35.,-9.491980241372));
#7120 = SURFACE_CURVE('',#7121,(#7125,#7132),.PCURVE_S1.);
#7121 = LINE('',#7122,#7123);
#7122 = CARTESIAN_POINT('',(-2.645833333333,35.,-9.491980241372));
#7123 = VECTOR('',#7124,1.);
#7124 = DIRECTION('',(0.,-1.,1.224646799147E-16));
#7125 = PCURVE('',#1900,#7126);
#7126 = DEFINITIONAL_REPRESENTATION('',(#7127),#7131);
#7127 = LINE('',#7128,#7129);
#7128 = CARTESIAN_POINT('',(-0.,0.));
#7129 = VECTOR('',#7130,1.);
#7130 = DIRECTION('',(-9.527371257115E-34,-1.));
#7131 = ( GEOMETRIC_REPRESENTATION_CONTEXT(2) 
PARAMETRIC_REPRESENTATION_CONTEXT() REPRESENTATION_CONTEXT('2D SPACE',''
  ) );
#7132 = PCURVE('',#1872,#7133);
#7133 = DEFINITIONAL_REPRESENTATION('',(#7134),#7138);
#7134 = LINE('',#7135,#7136);
#7135 = CARTESIAN_POINT('',(0.331432322504,2.642521954901E-18));
#7136 = VECTOR('',#7137,1.);
#7137 = DIRECTION('',(3.952811633844E-35,-1.));
#7138 = ( GEOMETRIC_REPRESENTATION_CONTEXT(2) 
PARAMETRIC_REPRESENTATION_CONTEXT() REPRESENTATION_CONTEXT('2D SPACE',''
  ) );
#7139 = ORIENTED_EDGE('',*,*,#7140,.T.);
#7140 = EDGE_CURVE('',#7118,#7020,#7141,.T.);
#7141 = SURFACE_CURVE('',#7142,(#7146,#7153),.PCURVE_S1.);
#7142 = LINE('',#7143,#7144);
#7143 = CARTESIAN_POINT('',(-2.645833333333,-35.,-9.491980241372));
#7144 = VECTOR('',#7145,1.);
#7145 = DIRECTION('',(-0.997274140668,-9.036107967005E-18,
    -7.378542101524E-02));
#7146 = PCURVE('',#1900,#7147);
#7147 = DEFINITIONAL_REPRESENTATION('',(#7148),#7152);
#7148 = LINE('',#7149,#7150);
#7149 = CARTESIAN_POINT('',(-2.281862865187E-17,-70.));
#7150 = VECTOR('',#7151,1.);
#7151 = DIRECTION('',(1.,-5.880068297982E-34));
#7152 = ( GEOMETRIC_REPRESENTATION_CONTEXT(2) 
PARAMETRIC_REPRESENTATION_CONTEXT() REPRESENTATION_CONTEXT('2D SPACE',''
  ) );
#7153 = PCURVE('',#3051,#7154);
#7154 = DEFINITIONAL_REPRESENTATION('',(#7155),#7159);
#7155 = LINE('',#7156,#7157);
#7156 = CARTESIAN_POINT('',(-3.51307459185,-2.645833333333));
#7157 = VECTOR('',#7158,1.);
#7158 = DIRECTION('',(-7.378542101524E-02,-0.997274140668));
#7159 = ( GEOMETRIC_REPRESENTATION_CONTEXT(2) 
PARAMETRIC_REPRESENTATION_CONTEXT() REPRESENTATION_CONTEXT('2D SPACE',''
  ) );
#7160 = ORIENTED_EDGE('',*,*,#7019,.F.);
#7161 = ORIENTED_EDGE('',*,*,#1884,.F.);
#7162 = ADVANCED_FACE('',(#7163),#1228,.T.);
#7163 = FACE_BOUND('',#7164,.T.);
#7164 = EDGE_LOOP('',(#7165,#7166,#7189,#7210));
#7165 = ORIENTED_EDGE('',*,*,#7092,.T.);
#7166 = ORIENTED_EDGE('',*,*,#7167,.T.);
#7167 = EDGE_CURVE('',#7070,#7168,#7170,.T.);
#7168 = VERTEX_POINT('',#7169);
#7169 = CARTESIAN_POINT('',(4.9609375,-35.,-9.724358389021));
#7170 = SURFACE_CURVE('',#7171,(#7175,#7182),.PCURVE_S1.);
#7171 = LINE('',#7172,#7173);
#7172 = CARTESIAN_POINT('',(5.291666666667,-35.,-9.769266321884));
#7173 = VECTOR('',#7174,1.);
#7174 = DIRECTION('',(-0.990906818991,1.64776106577E-17,0.13454990181));
#7175 = PCURVE('',#1228,#7176);
#7176 = DEFINITIONAL_REPRESENTATION('',(#7177),#7181);
#7177 = LINE('',#7178,#7179);
#7178 = CARTESIAN_POINT('',(4.161044556363E-17,-70.));
#7179 = VECTOR('',#7180,1.);
#7180 = DIRECTION('',(1.,-1.710955613488E-33));
#7181 = ( GEOMETRIC_REPRESENTATION_CONTEXT(2) 
PARAMETRIC_REPRESENTATION_CONTEXT() REPRESENTATION_CONTEXT('2D SPACE',''
  ) );
#7182 = PCURVE('',#3051,#7183);
#7183 = DEFINITIONAL_REPRESENTATION('',(#7184),#7188);
#7184 = LINE('',#7185,#7186);
#7185 = CARTESIAN_POINT('',(-3.790360672362,5.291666666667));
#7186 = VECTOR('',#7187,1.);
#7187 = DIRECTION('',(0.13454990181,-0.990906818991));
#7188 = ( GEOMETRIC_REPRESENTATION_CONTEXT(2) 
PARAMETRIC_REPRESENTATION_CONTEXT() REPRESENTATION_CONTEXT('2D SPACE',''
  ) );
#7189 = ORIENTED_EDGE('',*,*,#7190,.F.);
#7190 = EDGE_CURVE('',#1213,#7168,#7191,.T.);
#7191 = SURFACE_CURVE('',#7192,(#7196,#7203),.PCURVE_S1.);
#7192 = LINE('',#7193,#7194);
#7193 = CARTESIAN_POINT('',(4.9609375,35.,-9.724358389021));
#7194 = VECTOR('',#7195,1.);
#7195 = DIRECTION('',(0.,-1.,1.224646799147E-16));
#7196 = PCURVE('',#1228,#7197);
#7197 = DEFINITIONAL_REPRESENTATION('',(#7198),#7202);
#7198 = LINE('',#7199,#7200);
#7199 = CARTESIAN_POINT('',(0.333764144446,-5.499635623689E-18));
#7200 = VECTOR('',#7201,1.);
#7201 = DIRECTION('',(-1.370532297532E-33,-1.));
#7202 = ( GEOMETRIC_REPRESENTATION_CONTEXT(2) 
PARAMETRIC_REPRESENTATION_CONTEXT() REPRESENTATION_CONTEXT('2D SPACE',''
  ) );
#7203 = PCURVE('',#1256,#7204);
#7204 = DEFINITIONAL_REPRESENTATION('',(#7205),#7209);
#7205 = LINE('',#7206,#7207);
#7206 = CARTESIAN_POINT('',(0.,0.));
#7207 = VECTOR('',#7208,1.);
#7208 = DIRECTION('',(-8.039644496276E-34,-1.));
#7209 = ( GEOMETRIC_REPRESENTATION_CONTEXT(2) 
PARAMETRIC_REPRESENTATION_CONTEXT() REPRESENTATION_CONTEXT('2D SPACE',''
  ) );
#7210 = ORIENTED_EDGE('',*,*,#1212,.F.);
#7211 = ADVANCED_FACE('',(#7212),#1872,.T.);
#7212 = FACE_BOUND('',#7213,.T.);
#7213 = EDGE_LOOP('',(#7214,#7237,#7258,#7259));
#7214 = ORIENTED_EDGE('',*,*,#7215,.T.);
#7215 = EDGE_CURVE('',#1829,#7216,#7218,.T.);
#7216 = VERTEX_POINT('',#7217);
#7217 = CARTESIAN_POINT('',(-2.315104166667,-35.,-9.470402412102));
#7218 = SURFACE_CURVE('',#7219,(#7223,#7230),.PCURVE_S1.);
#7219 = LINE('',#7220,#7221);
#7220 = CARTESIAN_POINT('',(-2.315104166667,35.,-9.470402412102));
#7221 = VECTOR('',#7222,1.);
#7222 = DIRECTION('',(0.,-1.,1.224646799147E-16));
#7223 = PCURVE('',#1872,#7224);
#7224 = DEFINITIONAL_REPRESENTATION('',(#7225),#7229);
#7225 = LINE('',#7226,#7227);
#7226 = CARTESIAN_POINT('',(-0.,0.));
#7227 = VECTOR('',#7228,1.);
#7228 = DIRECTION('',(3.952811633844E-35,-1.));
#7229 = ( GEOMETRIC_REPRESENTATION_CONTEXT(2) 
PARAMETRIC_REPRESENTATION_CONTEXT() REPRESENTATION_CONTEXT('2D SPACE',''
  ) );
#7230 = PCURVE('',#1844,#7231);
#7231 = DEFINITIONAL_REPRESENTATION('',(#7232),#7236);
#7232 = LINE('',#7233,#7234);
#7233 = CARTESIAN_POINT('',(0.331256895681,2.288973478157E-18));
#7234 = VECTOR('',#7235,1.);
#7235 = DIRECTION('',(-1.096591286381E-33,-1.));
#7236 = ( GEOMETRIC_REPRESENTATION_CONTEXT(2) 
PARAMETRIC_REPRESENTATION_CONTEXT() REPRESENTATION_CONTEXT('2D SPACE',''
  ) );
#7237 = ORIENTED_EDGE('',*,*,#7238,.T.);
#7238 = EDGE_CURVE('',#7216,#7118,#7239,.T.);
#7239 = SURFACE_CURVE('',#7240,(#7244,#7251),.PCURVE_S1.);
#7240 = LINE('',#7241,#7242);
#7241 = CARTESIAN_POINT('',(-2.315104166667,-35.,-9.470402412102));
#7242 = VECTOR('',#7243,1.);
#7243 = DIRECTION('',(-0.997878433125,-7.973036350048E-18,
    -6.510478250218E-02));
#7244 = PCURVE('',#1872,#7245);
#7245 = DEFINITIONAL_REPRESENTATION('',(#7246),#7250);
#7246 = LINE('',#7247,#7248);
#7247 = CARTESIAN_POINT('',(-2.013408387371E-17,-70.));
#7248 = VECTOR('',#7249,1.);
#7249 = DIRECTION('',(1.,-3.952811633844E-35));
#7250 = ( GEOMETRIC_REPRESENTATION_CONTEXT(2) 
PARAMETRIC_REPRESENTATION_CONTEXT() REPRESENTATION_CONTEXT('2D SPACE',''
  ) );
#7251 = PCURVE('',#3051,#7252);
#7252 = DEFINITIONAL_REPRESENTATION('',(#7253),#7257);
#7253 = LINE('',#7254,#7255);
#7254 = CARTESIAN_POINT('',(-3.49149676258,-2.315104166667));
#7255 = VECTOR('',#7256,1.);
#7256 = DIRECTION('',(-6.510478250218E-02,-0.997878433125));
#7257 = ( GEOMETRIC_REPRESENTATION_CONTEXT(2) 
PARAMETRIC_REPRESENTATION_CONTEXT() REPRESENTATION_CONTEXT('2D SPACE',''
  ) );
#7258 = ORIENTED_EDGE('',*,*,#7117,.F.);
#7259 = ORIENTED_EDGE('',*,*,#1856,.F.);
#7260 = ADVANCED_FACE('',(#7261),#1256,.T.);
#7261 = FACE_BOUND('',#7262,.T.);
#7262 = EDGE_LOOP('',(#7263,#7264,#7287,#7308));
#7263 = ORIENTED_EDGE('',*,*,#7190,.T.);
#7264 = ORIENTED_EDGE('',*,*,#7265,.T.);
#7265 = EDGE_CURVE('',#7168,#7266,#7268,.T.);
#7266 = VERTEX_POINT('',#7267);
#7267 = CARTESIAN_POINT('',(4.630208333333,-35.,-9.682396019976));
#7268 = SURFACE_CURVE('',#7269,(#7273,#7280),.PCURVE_S1.);
#7269 = LINE('',#7270,#7271);
#7270 = CARTESIAN_POINT('',(4.9609375,-35.,-9.724358389021));
#7271 = VECTOR('',#7272,1.);
#7272 = DIRECTION('',(-0.992046838276,1.541453866271E-17,0.12586926021)
  );
#7273 = PCURVE('',#1256,#7274);
#7274 = DEFINITIONAL_REPRESENTATION('',(#7275),#7279);
#7275 = LINE('',#7276,#7277);
#7276 = CARTESIAN_POINT('',(3.892589983084E-17,-70.));
#7277 = VECTOR('',#7278,1.);
#7278 = DIRECTION('',(1.,8.039644496276E-34));
#7279 = ( GEOMETRIC_REPRESENTATION_CONTEXT(2) 
PARAMETRIC_REPRESENTATION_CONTEXT() REPRESENTATION_CONTEXT('2D SPACE',''
  ) );
#7280 = PCURVE('',#3051,#7281);
#7281 = DEFINITIONAL_REPRESENTATION('',(#7282),#7286);
#7282 = LINE('',#7283,#7284);
#7283 = CARTESIAN_POINT('',(-3.745452739499,4.9609375));
#7284 = VECTOR('',#7285,1.);
#7285 = DIRECTION('',(0.12586926021,-0.992046838276));
#7286 = ( GEOMETRIC_REPRESENTATION_CONTEXT(2) 
PARAMETRIC_REPRESENTATION_CONTEXT() REPRESENTATION_CONTEXT('2D SPACE',''
  ) );
#7287 = ORIENTED_EDGE('',*,*,#7288,.F.);
#7288 = EDGE_CURVE('',#1241,#7266,#7289,.T.);
#7289 = SURFACE_CURVE('',#7290,(#7294,#7301),.PCURVE_S1.);
#7290 = LINE('',#7291,#7292);
#7291 = CARTESIAN_POINT('',(4.630208333333,35.,-9.682396019976));
#7292 = VECTOR('',#7293,1.);
#7293 = DIRECTION('',(0.,-1.,1.224646799147E-16));
#7294 = PCURVE('',#1256,#7295);
#7295 = DEFINITIONAL_REPRESENTATION('',(#7296),#7300);
#7296 = LINE('',#7297,#7298);
#7297 = CARTESIAN_POINT('',(0.333380596466,-5.138908093622E-18));
#7298 = VECTOR('',#7299,1.);
#7299 = DIRECTION('',(-8.039644496276E-34,-1.));
#7300 = ( GEOMETRIC_REPRESENTATION_CONTEXT(2) 
PARAMETRIC_REPRESENTATION_CONTEXT() REPRESENTATION_CONTEXT('2D SPACE',''
  ) );
#7301 = PCURVE('',#1284,#7302);
#7302 = DEFINITIONAL_REPRESENTATION('',(#7303),#7307);
#7303 = LINE('',#7304,#7305);
#7304 = CARTESIAN_POINT('',(0.,0.));
#7305 = VECTOR('',#7306,1.);
#7306 = DIRECTION('',(3.480325148201E-34,-1.));
#7307 = ( GEOMETRIC_REPRESENTATION_CONTEXT(2) 
PARAMETRIC_REPRESENTATION_CONTEXT() REPRESENTATION_CONTEXT('2D SPACE',''
  ) );
#7308 = ORIENTED_EDGE('',*,*,#1240,.F.);
#7309 = ADVANCED_FACE('',(#7310),#1844,.T.);
#7310 = FACE_BOUND('',#7311,.T.);
#7311 = EDGE_LOOP('',(#7312,#7335,#7356,#7357));
#7312 = ORIENTED_EDGE('',*,*,#7313,.T.);
#7313 = EDGE_CURVE('',#1801,#7314,#7316,.T.);
#7314 = VERTEX_POINT('',#7315);
#7315 = CARTESIAN_POINT('',(-1.984375,-35.,-9.451711525229));
#7316 = SURFACE_CURVE('',#7317,(#7321,#7328),.PCURVE_S1.);
#7317 = LINE('',#7318,#7319);
#7318 = CARTESIAN_POINT('',(-1.984375,35.,-9.451711525229));
#7319 = VECTOR('',#7320,1.);
#7320 = DIRECTION('',(0.,-1.,1.224646799147E-16));
#7321 = PCURVE('',#1844,#7322);
#7322 = DEFINITIONAL_REPRESENTATION('',(#7323),#7327);
#7323 = LINE('',#7324,#7325);
#7324 = CARTESIAN_POINT('',(-0.,0.));
#7325 = VECTOR('',#7326,1.);
#7326 = DIRECTION('',(-1.096591286381E-33,-1.));
#7327 = ( GEOMETRIC_REPRESENTATION_CONTEXT(2) 
PARAMETRIC_REPRESENTATION_CONTEXT() REPRESENTATION_CONTEXT('2D SPACE',''
  ) );
#7328 = PCURVE('',#1816,#7329);
#7329 = DEFINITIONAL_REPRESENTATION('',(#7330),#7334);
#7330 = LINE('',#7331,#7332);
#7331 = CARTESIAN_POINT('',(0.331106751343,1.935945817788E-18));
#7332 = VECTOR('',#7333,1.);
#7333 = DIRECTION('',(2.359672505618E-34,-1.));
#7334 = ( GEOMETRIC_REPRESENTATION_CONTEXT(2) 
PARAMETRIC_REPRESENTATION_CONTEXT() REPRESENTATION_CONTEXT('2D SPACE',''
  ) );
#7335 = ORIENTED_EDGE('',*,*,#7336,.T.);
#7336 = EDGE_CURVE('',#7314,#7216,#7337,.T.);
#7337 = SURFACE_CURVE('',#7338,(#7342,#7349),.PCURVE_S1.);
#7338 = LINE('',#7339,#7340);
#7339 = CARTESIAN_POINT('',(-1.984375,-35.,-9.451711525229));
#7340 = VECTOR('',#7341,1.);
#7341 = DIRECTION('',(-0.99840688897,-6.909964767533E-18,
    -5.642414427036E-02));
#7342 = PCURVE('',#1844,#7343);
#7343 = DEFINITIONAL_REPRESENTATION('',(#7344),#7348);
#7344 = LINE('',#7345,#7346);
#7345 = CARTESIAN_POINT('',(-1.744953918253E-17,-70.));
#7346 = VECTOR('',#7347,1.);
#7347 = DIRECTION('',(1.,3.262193086261E-34));
#7348 = ( GEOMETRIC_REPRESENTATION_CONTEXT(2) 
PARAMETRIC_REPRESENTATION_CONTEXT() REPRESENTATION_CONTEXT('2D SPACE',''
  ) );
#7349 = PCURVE('',#3051,#7350);
#7350 = DEFINITIONAL_REPRESENTATION('',(#7351),#7355);
#7351 = LINE('',#7352,#7353);
#7352 = CARTESIAN_POINT('',(-3.472805875707,-1.984375));
#7353 = VECTOR('',#7354,1.);
#7354 = DIRECTION('',(-5.642414427036E-02,-0.99840688897));
#7355 = ( GEOMETRIC_REPRESENTATION_CONTEXT(2) 
PARAMETRIC_REPRESENTATION_CONTEXT() REPRESENTATION_CONTEXT('2D SPACE',''
  ) );
#7356 = ORIENTED_EDGE('',*,*,#7215,.F.);
#7357 = ORIENTED_EDGE('',*,*,#1828,.F.);
#7358 = ADVANCED_FACE('',(#7359),#1284,.T.);
#7359 = FACE_BOUND('',#7360,.T.);
#7360 = EDGE_LOOP('',(#7361,#7362,#7385,#7406));
#7361 = ORIENTED_EDGE('',*,*,#7288,.T.);
#7362 = ORIENTED_EDGE('',*,*,#7363,.T.);
#7363 = EDGE_CURVE('',#7266,#7364,#7366,.T.);
#7364 = VERTEX_POINT('',#7365);
#7365 = CARTESIAN_POINT('',(4.299479166667,-35.,-9.643369419672));
#7366 = SURFACE_CURVE('',#7367,(#7371,#7378),.PCURVE_S1.);
#7367 = LINE('',#7368,#7369);
#7368 = CARTESIAN_POINT('',(4.630208333333,-35.,-9.682396019976));
#7369 = VECTOR('',#7370,1.);
#7370 = DIRECTION('',(-0.993109675482,1.435146673696E-17,0.117188619175)
  );
#7371 = PCURVE('',#1284,#7372);
#7372 = DEFINITIONAL_REPRESENTATION('',(#7373),#7377);
#7373 = LINE('',#7374,#7375);
#7374 = CARTESIAN_POINT('',(3.624135427288E-17,-70.));
#7375 = VECTOR('',#7376,1.);
#7376 = DIRECTION('',(1.,1.351506326988E-33));
#7377 = ( GEOMETRIC_REPRESENTATION_CONTEXT(2) 
PARAMETRIC_REPRESENTATION_CONTEXT() REPRESENTATION_CONTEXT('2D SPACE',''
  ) );
#7378 = PCURVE('',#3051,#7379);
#7379 = DEFINITIONAL_REPRESENTATION('',(#7380),#7384);
#7380 = LINE('',#7381,#7382);
#7381 = CARTESIAN_POINT('',(-3.703490370454,4.630208333333));
#7382 = VECTOR('',#7383,1.);
#7383 = DIRECTION('',(0.117188619175,-0.993109675482));
#7384 = ( GEOMETRIC_REPRESENTATION_CONTEXT(2) 
PARAMETRIC_REPRESENTATION_CONTEXT() REPRESENTATION_CONTEXT('2D SPACE',''
  ) );
#7385 = ORIENTED_EDGE('',*,*,#7386,.F.);
#7386 = EDGE_CURVE('',#1269,#7364,#7387,.T.);
#7387 = SURFACE_CURVE('',#7388,(#7392,#7399),.PCURVE_S1.);
#7388 = LINE('',#7389,#7390);
#7389 = CARTESIAN_POINT('',(4.299479166667,35.,-9.643369419672));
#7390 = VECTOR('',#7391,1.);
#7391 = DIRECTION('',(0.,-1.,1.224646799147E-16));
#7392 = PCURVE('',#1284,#7393);
#7393 = DEFINITIONAL_REPRESENTATION('',(#7394),#7398);
#7394 = LINE('',#7395,#7396);
#7395 = CARTESIAN_POINT('',(0.333023808781,-4.779380114342E-18));
#7396 = VECTOR('',#7397,1.);
#7397 = DIRECTION('',(3.480325148201E-34,-1.));
#7398 = ( GEOMETRIC_REPRESENTATION_CONTEXT(2) 
PARAMETRIC_REPRESENTATION_CONTEXT() REPRESENTATION_CONTEXT('2D SPACE',''
  ) );
#7399 = PCURVE('',#1312,#7400);
#7400 = DEFINITIONAL_REPRESENTATION('',(#7401),#7405);
#7401 = LINE('',#7402,#7403);
#7402 = CARTESIAN_POINT('',(0.,0.));
#7403 = VECTOR('',#7404,1.);
#7404 = DIRECTION('',(4.694300035668E-35,-1.));
#7405 = ( GEOMETRIC_REPRESENTATION_CONTEXT(2) 
PARAMETRIC_REPRESENTATION_CONTEXT() REPRESENTATION_CONTEXT('2D SPACE',''
  ) );
#7406 = ORIENTED_EDGE('',*,*,#1268,.F.);
#7407 = ADVANCED_FACE('',(#7408),#1816,.T.);
#7408 = FACE_BOUND('',#7409,.T.);
#7409 = EDGE_LOOP('',(#7410,#7433,#7454,#7455));
#7410 = ORIENTED_EDGE('',*,*,#7411,.T.);
#7411 = EDGE_CURVE('',#1773,#7412,#7414,.T.);
#7412 = VERTEX_POINT('',#7413);
#7413 = CARTESIAN_POINT('',(-1.653645833333,-35.,-9.435903327967));
#7414 = SURFACE_CURVE('',#7415,(#7419,#7426),.PCURVE_S1.);
#7415 = LINE('',#7416,#7417);
#7416 = CARTESIAN_POINT('',(-1.653645833333,35.,-9.435903327967));
#7417 = VECTOR('',#7418,1.);
#7418 = DIRECTION('',(0.,-1.,1.224646799147E-16));
#7419 = PCURVE('',#1816,#7420);
#7420 = DEFINITIONAL_REPRESENTATION('',(#7421),#7425);
#7421 = LINE('',#7422,#7423);
#7422 = CARTESIAN_POINT('',(-0.,0.));
#7423 = VECTOR('',#7424,1.);
#7424 = DIRECTION('',(2.359672505618E-34,-1.));
#7425 = ( GEOMETRIC_REPRESENTATION_CONTEXT(2) 
PARAMETRIC_REPRESENTATION_CONTEXT() REPRESENTATION_CONTEXT('2D SPACE',''
  ) );
#7426 = PCURVE('',#1788,#7427);
#7427 = DEFINITIONAL_REPRESENTATION('',(#7428),#7432);
#7428 = LINE('',#7429,#7430);
#7429 = CARTESIAN_POINT('',(0.3309817869,1.583357850203E-18));
#7430 = VECTOR('',#7431,1.);
#7431 = DIRECTION('',(1.241595571092E-34,-1.));
#7432 = ( GEOMETRIC_REPRESENTATION_CONTEXT(2) 
PARAMETRIC_REPRESENTATION_CONTEXT() REPRESENTATION_CONTEXT('2D SPACE',''
  ) );
#7433 = ORIENTED_EDGE('',*,*,#7434,.T.);
#7434 = EDGE_CURVE('',#7412,#7314,#7435,.T.);
#7435 = SURFACE_CURVE('',#7436,(#7440,#7447),.PCURVE_S1.);
#7436 = LINE('',#7437,#7438);
#7437 = CARTESIAN_POINT('',(-1.653645833333,-35.,-9.435903327967));
#7438 = VECTOR('',#7439,1.);
#7439 = DIRECTION('',(-0.99885962858,-5.846893214764E-18,
    -4.774350628144E-02));
#7440 = PCURVE('',#1816,#7441);
#7441 = DEFINITIONAL_REPRESENTATION('',(#7442),#7446);
#7442 = LINE('',#7443,#7444);
#7443 = CARTESIAN_POINT('',(-1.476499456646E-17,-70.));
#7444 = VECTOR('',#7445,1.);
#7445 = DIRECTION('',(1.,-2.359672505618E-34));
#7446 = ( GEOMETRIC_REPRESENTATION_CONTEXT(2) 
PARAMETRIC_REPRESENTATION_CONTEXT() REPRESENTATION_CONTEXT('2D SPACE',''
  ) );
#7447 = PCURVE('',#3051,#7448);
#7448 = DEFINITIONAL_REPRESENTATION('',(#7449),#7453);
#7449 = LINE('',#7450,#7451);
#7450 = CARTESIAN_POINT('',(-3.456997678445,-1.653645833333));
#7451 = VECTOR('',#7452,1.);
#7452 = DIRECTION('',(-4.774350628144E-02,-0.99885962858));
#7453 = ( GEOMETRIC_REPRESENTATION_CONTEXT(2) 
PARAMETRIC_REPRESENTATION_CONTEXT() REPRESENTATION_CONTEXT('2D SPACE',''
  ) );
#7454 = ORIENTED_EDGE('',*,*,#7313,.F.);
#7455 = ORIENTED_EDGE('',*,*,#1800,.F.);
#7456 = ADVANCED_FACE('',(#7457),#1312,.T.);
#7457 = FACE_BOUND('',#7458,.T.);
#7458 = EDGE_LOOP('',(#7459,#7460,#7483,#7504));
#7459 = ORIENTED_EDGE('',*,*,#7386,.T.);
#7460 = ORIENTED_EDGE('',*,*,#7461,.T.);
#7461 = EDGE_CURVE('',#7364,#7462,#7464,.T.);
#7462 = VERTEX_POINT('',#7463);
#7463 = CARTESIAN_POINT('',(3.96875,-35.,-9.607269517261));
#7464 = SURFACE_CURVE('',#7465,(#7469,#7476),.PCURVE_S1.);
#7465 = LINE('',#7466,#7467);
#7466 = CARTESIAN_POINT('',(4.299479166667,-35.,-9.643369419672));
#7467 = VECTOR('',#7468,1.);
#7468 = DIRECTION('',(-0.994095578185,1.328839487522E-17,0.108507978663)
  );
#7469 = PCURVE('',#1312,#7470);
#7470 = DEFINITIONAL_REPRESENTATION('',(#7471),#7475);
#7471 = LINE('',#7472,#7473);
#7472 = CARTESIAN_POINT('',(3.355680887658E-17,-70.));
#7473 = VECTOR('',#7474,1.);
#7474 = DIRECTION('',(1.,-4.694300035668E-35));
#7475 = ( GEOMETRIC_REPRESENTATION_CONTEXT(2) 
PARAMETRIC_REPRESENTATION_CONTEXT() REPRESENTATION_CONTEXT('2D SPACE',''
  ) );
#7476 = PCURVE('',#3051,#7477);
#7477 = DEFINITIONAL_REPRESENTATION('',(#7478),#7482);
#7478 = LINE('',#7479,#7480);
#7479 = CARTESIAN_POINT('',(-3.66446377015,4.299479166667));
#7480 = VECTOR('',#7481,1.);
#7481 = DIRECTION('',(0.108507978663,-0.994095578185));
#7482 = ( GEOMETRIC_REPRESENTATION_CONTEXT(2) 
PARAMETRIC_REPRESENTATION_CONTEXT() REPRESENTATION_CONTEXT('2D SPACE',''
  ) );
#7483 = ORIENTED_EDGE('',*,*,#7484,.F.);
#7484 = EDGE_CURVE('',#1297,#7462,#7485,.T.);
#7485 = SURFACE_CURVE('',#7486,(#7490,#7497),.PCURVE_S1.);
#7486 = LINE('',#7487,#7488);
#7487 = CARTESIAN_POINT('',(3.96875,35.,-9.607269517261));
#7488 = VECTOR('',#7489,1.);
#7489 = DIRECTION('',(0.,-1.,1.224646799147E-16));
#7490 = PCURVE('',#1312,#7491);
#7491 = DEFINITIONAL_REPRESENTATION('',(#7492),#7496);
#7492 = LINE('',#7493,#7494);
#7493 = CARTESIAN_POINT('',(0.332693529601,-4.420962993763E-18));
#7494 = VECTOR('',#7495,1.);
#7495 = DIRECTION('',(4.694300035668E-35,-1.));
#7496 = ( GEOMETRIC_REPRESENTATION_CONTEXT(2) 
PARAMETRIC_REPRESENTATION_CONTEXT() REPRESENTATION_CONTEXT('2D SPACE',''
  ) );
#7497 = PCURVE('',#1340,#7498);
#7498 = DEFINITIONAL_REPRESENTATION('',(#7499),#7503);
#7499 = LINE('',#7500,#7501);
#7500 = CARTESIAN_POINT('',(0.,0.));
#7501 = VECTOR('',#7502,1.);
#7502 = DIRECTION('',(-4.594062217998E-34,-1.));
#7503 = ( GEOMETRIC_REPRESENTATION_CONTEXT(2) 
PARAMETRIC_REPRESENTATION_CONTEXT() REPRESENTATION_CONTEXT('2D SPACE',''
  ) );
#7504 = ORIENTED_EDGE('',*,*,#1296,.F.);
#7505 = ADVANCED_FACE('',(#7506),#1788,.T.);
#7506 = FACE_BOUND('',#7507,.T.);
#7507 = EDGE_LOOP('',(#7508,#7531,#7552,#7553));
#7508 = ORIENTED_EDGE('',*,*,#7509,.T.);
#7509 = EDGE_CURVE('',#1745,#7510,#7512,.T.);
#7510 = VERTEX_POINT('',#7511);
#7511 = CARTESIAN_POINT('',(-1.322916666667,-35.,-9.42297422995));
#7512 = SURFACE_CURVE('',#7513,(#7517,#7524),.PCURVE_S1.);
#7513 = LINE('',#7514,#7515);
#7514 = CARTESIAN_POINT('',(-1.322916666667,35.,-9.42297422995));
#7515 = VECTOR('',#7516,1.);
#7516 = DIRECTION('',(0.,-1.,1.224646799147E-16));
#7517 = PCURVE('',#1788,#7518);
#7518 = DEFINITIONAL_REPRESENTATION('',(#7519),#7523);
#7519 = LINE('',#7520,#7521);
#7520 = CARTESIAN_POINT('',(-0.,0.));
#7521 = VECTOR('',#7522,1.);
#7522 = DIRECTION('',(1.241595571092E-34,-1.));
#7523 = ( GEOMETRIC_REPRESENTATION_CONTEXT(2) 
PARAMETRIC_REPRESENTATION_CONTEXT() REPRESENTATION_CONTEXT('2D SPACE',''
  ) );
#7524 = PCURVE('',#1760,#7525);
#7525 = DEFINITIONAL_REPRESENTATION('',(#7526),#7530);
#7526 = LINE('',#7527,#7528);
#7527 = CARTESIAN_POINT('',(0.330881917157,1.231128952785E-18));
#7528 = VECTOR('',#7529,1.);
#7529 = DIRECTION('',(-2.932554276897E-34,-1.));
#7530 = ( GEOMETRIC_REPRESENTATION_CONTEXT(2) 
PARAMETRIC_REPRESENTATION_CONTEXT() REPRESENTATION_CONTEXT('2D SPACE',''
  ) );
#7531 = ORIENTED_EDGE('',*,*,#7532,.T.);
#7532 = EDGE_CURVE('',#7510,#7412,#7533,.T.);
#7533 = SURFACE_CURVE('',#7534,(#7538,#7545),.PCURVE_S1.);
#7534 = LINE('',#7535,#7536);
#7535 = CARTESIAN_POINT('',(-1.322916666667,-35.,-9.42297422995));
#7536 = VECTOR('',#7537,1.);
#7537 = DIRECTION('',(-0.999236754881,-4.783821687086E-18,
    -3.90628684974E-02));
#7538 = PCURVE('',#1788,#7539);
#7539 = DEFINITIONAL_REPRESENTATION('',(#7540),#7544);
#7540 = LINE('',#7541,#7542);
#7541 = CARTESIAN_POINT('',(-1.208045001376E-17,-70.));
#7542 = VECTOR('',#7543,1.);
#7543 = DIRECTION('',(1.,-1.241595571092E-34));
#7544 = ( GEOMETRIC_REPRESENTATION_CONTEXT(2) 
PARAMETRIC_REPRESENTATION_CONTEXT() REPRESENTATION_CONTEXT('2D SPACE',''
  ) );
#7545 = PCURVE('',#3051,#7546);
#7546 = DEFINITIONAL_REPRESENTATION('',(#7547),#7551);
#7547 = LINE('',#7548,#7549);
#7548 = CARTESIAN_POINT('',(-3.444068580428,-1.322916666667));
#7549 = VECTOR('',#7550,1.);
#7550 = DIRECTION('',(-3.90628684974E-02,-0.999236754881));
#7551 = ( GEOMETRIC_REPRESENTATION_CONTEXT(2) 
PARAMETRIC_REPRESENTATION_CONTEXT() REPRESENTATION_CONTEXT('2D SPACE',''
  ) );
#7552 = ORIENTED_EDGE('',*,*,#7411,.F.);
#7553 = ORIENTED_EDGE('',*,*,#1772,.F.);
#7554 = ADVANCED_FACE('',(#7555),#1340,.T.);
#7555 = FACE_BOUND('',#7556,.T.);
#7556 = EDGE_LOOP('',(#7557,#7558,#7581,#7602));
#7557 = ORIENTED_EDGE('',*,*,#7484,.T.);
#7558 = ORIENTED_EDGE('',*,*,#7559,.T.);
#7559 = EDGE_CURVE('',#7462,#7560,#7562,.T.);
#7560 = VERTEX_POINT('',#7561);
#7561 = CARTESIAN_POINT('',(3.638020833333,-35.,-9.57408795538));
#7562 = SURFACE_CURVE('',#7563,(#7567,#7574),.PCURVE_S1.);
#7563 = LINE('',#7564,#7565);
#7564 = CARTESIAN_POINT('',(3.96875,-35.,-9.607269517261));
#7565 = VECTOR('',#7566,1.);
#7566 = DIRECTION('',(-0.995004775095,1.222532307234E-17,
    9.982733863228E-02));
#7567 = PCURVE('',#1340,#7568);
#7568 = DEFINITIONAL_REPRESENTATION('',(#7569),#7573);
#7569 = LINE('',#7570,#7571);
#7570 = CARTESIAN_POINT('',(3.087226362893E-17,-70.));
#7571 = VECTOR('',#7572,1.);
#7572 = DIRECTION('',(1.,4.594062217998E-34));
#7573 = ( GEOMETRIC_REPRESENTATION_CONTEXT(2) 
PARAMETRIC_REPRESENTATION_CONTEXT() REPRESENTATION_CONTEXT('2D SPACE',''
  ) );
#7574 = PCURVE('',#3051,#7575);
#7575 = DEFINITIONAL_REPRESENTATION('',(#7576),#7580);
#7576 = LINE('',#7577,#7578);
#7577 = CARTESIAN_POINT('',(-3.628363867739,3.96875));
#7578 = VECTOR('',#7579,1.);
#7579 = DIRECTION('',(9.982733863228E-02,-0.995004775095));
#7580 = ( GEOMETRIC_REPRESENTATION_CONTEXT(2) 
PARAMETRIC_REPRESENTATION_CONTEXT() REPRESENTATION_CONTEXT('2D SPACE',''
  ) );
#7581 = ORIENTED_EDGE('',*,*,#7582,.F.);
#7582 = EDGE_CURVE('',#1325,#7560,#7583,.T.);
#7583 = SURFACE_CURVE('',#7584,(#7588,#7595),.PCURVE_S1.);
#7584 = LINE('',#7585,#7586);
#7585 = CARTESIAN_POINT('',(3.638020833333,35.,-9.57408795538));
#7586 = VECTOR('',#7587,1.);
#7587 = DIRECTION('',(0.,-1.,1.224646799147E-16));
#7588 = PCURVE('',#1340,#7589);
#7589 = DEFINITIONAL_REPRESENTATION('',(#7590),#7594);
#7590 = LINE('',#7591,#7592);
#7591 = CARTESIAN_POINT('',(0.332389527111,-4.063569354791E-18));
#7592 = VECTOR('',#7593,1.);
#7593 = DIRECTION('',(-4.594062217998E-34,-1.));
#7594 = ( GEOMETRIC_REPRESENTATION_CONTEXT(2) 
PARAMETRIC_REPRESENTATION_CONTEXT() REPRESENTATION_CONTEXT('2D SPACE',''
  ) );
#7595 = PCURVE('',#1368,#7596);
#7596 = DEFINITIONAL_REPRESENTATION('',(#7597),#7601);
#7597 = LINE('',#7598,#7599);
#7598 = CARTESIAN_POINT('',(0.,0.));
#7599 = VECTOR('',#7600,1.);
#7600 = DIRECTION('',(1.532539466601E-35,-1.));
#7601 = ( GEOMETRIC_REPRESENTATION_CONTEXT(2) 
PARAMETRIC_REPRESENTATION_CONTEXT() REPRESENTATION_CONTEXT('2D SPACE',''
  ) );
#7602 = ORIENTED_EDGE('',*,*,#1324,.F.);
#7603 = ADVANCED_FACE('',(#7604),#1760,.T.);
#7604 = FACE_BOUND('',#7605,.T.);
#7605 = EDGE_LOOP('',(#7606,#7629,#7650,#7651));
#7606 = ORIENTED_EDGE('',*,*,#7607,.T.);
#7607 = EDGE_CURVE('',#1717,#7608,#7610,.T.);
#7608 = VERTEX_POINT('',#7609);
#7609 = CARTESIAN_POINT('',(-0.9921875,-35.,-9.412921299149));
#7610 = SURFACE_CURVE('',#7611,(#7615,#7622),.PCURVE_S1.);
#7611 = LINE('',#7612,#7613);
#7612 = CARTESIAN_POINT('',(-0.9921875,35.,-9.412921299149));
#7613 = VECTOR('',#7614,1.);
#7614 = DIRECTION('',(0.,-1.,1.224646799147E-16));
#7615 = PCURVE('',#1760,#7616);
#7616 = DEFINITIONAL_REPRESENTATION('',(#7617),#7621);
#7617 = LINE('',#7618,#7619);
#7618 = CARTESIAN_POINT('',(-0.,0.));
#7619 = VECTOR('',#7620,1.);
#7620 = DIRECTION('',(-2.932554276897E-34,-1.));
#7621 = ( GEOMETRIC_REPRESENTATION_CONTEXT(2) 
PARAMETRIC_REPRESENTATION_CONTEXT() REPRESENTATION_CONTEXT('2D SPACE',''
  ) );
#7622 = PCURVE('',#1732,#7623);
#7623 = DEFINITIONAL_REPRESENTATION('',(#7624),#7628);
#7624 = LINE('',#7625,#7626);
#7625 = CARTESIAN_POINT('',(0.330807074151,8.791789110039E-19));
#7626 = VECTOR('',#7627,1.);
#7627 = DIRECTION('',(-2.14178436968E-35,-1.));
#7628 = ( GEOMETRIC_REPRESENTATION_CONTEXT(2) 
PARAMETRIC_REPRESENTATION_CONTEXT() REPRESENTATION_CONTEXT('2D SPACE',''
  ) );
#7629 = ORIENTED_EDGE('',*,*,#7630,.T.);
#7630 = EDGE_CURVE('',#7608,#7510,#7631,.T.);
#7631 = SURFACE_CURVE('',#7632,(#7636,#7643),.PCURVE_S1.);
#7632 = LINE('',#7633,#7634);
#7633 = CARTESIAN_POINT('',(-0.9921875,-35.,-9.412921299149));
#7634 = VECTOR('',#7635,1.);
#7635 = DIRECTION('',(-0.999538353465,-3.720750179887E-18,
    -3.038223088059E-02));
#7636 = PCURVE('',#1760,#7637);
#7637 = DEFINITIONAL_REPRESENTATION('',(#7638),#7642);
#7638 = LINE('',#7639,#7640);
#7639 = CARTESIAN_POINT('',(-9.395905512775E-18,-70.));
#7640 = VECTOR('',#7641,1.);
#7641 = DIRECTION('',(1.,2.932554276897E-34));
#7642 = ( GEOMETRIC_REPRESENTATION_CONTEXT(2) 
PARAMETRIC_REPRESENTATION_CONTEXT() REPRESENTATION_CONTEXT('2D SPACE',''
  ) );
#7643 = PCURVE('',#3051,#7644);
#7644 = DEFINITIONAL_REPRESENTATION('',(#7645),#7649);
#7645 = LINE('',#7646,#7647);
#7646 = CARTESIAN_POINT('',(-3.434015649627,-0.9921875));
#7647 = VECTOR('',#7648,1.);
#7648 = DIRECTION('',(-3.038223088059E-02,-0.999538353465));
#7649 = ( GEOMETRIC_REPRESENTATION_CONTEXT(2) 
PARAMETRIC_REPRESENTATION_CONTEXT() REPRESENTATION_CONTEXT('2D SPACE',''
  ) );
#7650 = ORIENTED_EDGE('',*,*,#7509,.F.);
#7651 = ORIENTED_EDGE('',*,*,#1744,.F.);
#7652 = ADVANCED_FACE('',(#7653),#1368,.T.);
#7653 = FACE_BOUND('',#7654,.T.);
#7654 = EDGE_LOOP('',(#7655,#7656,#7679,#7700));
#7655 = ORIENTED_EDGE('',*,*,#7582,.T.);
#7656 = ORIENTED_EDGE('',*,*,#7657,.T.);
#7657 = EDGE_CURVE('',#7560,#7658,#7660,.T.);
#7658 = VERTEX_POINT('',#7659);
#7659 = CARTESIAN_POINT('',(3.307291666667,-35.,-9.543817080328));
#7660 = SURFACE_CURVE('',#7661,(#7665,#7672),.PCURVE_S1.);
#7661 = LINE('',#7662,#7663);
#7662 = CARTESIAN_POINT('',(3.638020833333,-35.,-9.57408795538));
#7663 = VECTOR('',#7664,1.);
#7664 = DIRECTION('',(-0.995837476325,1.116225132331E-17,
    9.114669904073E-02));
#7665 = PCURVE('',#1368,#7666);
#7666 = DEFINITIONAL_REPRESENTATION('',(#7667),#7671);
#7667 = LINE('',#7668,#7669);
#7668 = CARTESIAN_POINT('',(2.818771851725E-17,-70.));
#7669 = VECTOR('',#7670,1.);
#7670 = DIRECTION('',(1.,-1.556069350176E-33));
#7671 = ( GEOMETRIC_REPRESENTATION_CONTEXT(2) 
PARAMETRIC_REPRESENTATION_CONTEXT() REPRESENTATION_CONTEXT('2D SPACE',''
  ) );
#7672 = PCURVE('',#3051,#7673);
#7673 = DEFINITIONAL_REPRESENTATION('',(#7674),#7678);
#7674 = LINE('',#7675,#7676);
#7675 = CARTESIAN_POINT('',(-3.595182305858,3.638020833333));
#7676 = VECTOR('',#7677,1.);
#7677 = DIRECTION('',(9.114669904073E-02,-0.995837476325));
#7678 = ( GEOMETRIC_REPRESENTATION_CONTEXT(2) 
PARAMETRIC_REPRESENTATION_CONTEXT() REPRESENTATION_CONTEXT('2D SPACE',''
  ) );
#7679 = ORIENTED_EDGE('',*,*,#7680,.F.);
#7680 = EDGE_CURVE('',#1353,#7658,#7681,.T.);
#7681 = SURFACE_CURVE('',#7682,(#7686,#7693),.PCURVE_S1.);
#7682 = LINE('',#7683,#7684);
#7683 = CARTESIAN_POINT('',(3.307291666667,35.,-9.543817080328));
#7684 = VECTOR('',#7685,1.);
#7685 = DIRECTION('',(0.,-1.,1.224646799147E-16));
#7686 = PCURVE('',#1368,#7687);
#7687 = DEFINITIONAL_REPRESENTATION('',(#7688),#7692);
#7688 = LINE('',#7689,#7690);
#7689 = CARTESIAN_POINT('',(0.332111589019,-3.707113024009E-18));
#7690 = VECTOR('',#7691,1.);
#7691 = DIRECTION('',(1.532539466601E-35,-1.));
#7692 = ( GEOMETRIC_REPRESENTATION_CONTEXT(2) 
PARAMETRIC_REPRESENTATION_CONTEXT() REPRESENTATION_CONTEXT('2D SPACE',''
  ) );
#7693 = PCURVE('',#1396,#7694);
#7694 = DEFINITIONAL_REPRESENTATION('',(#7695),#7699);
#7695 = LINE('',#7696,#7697);
#7696 = CARTESIAN_POINT('',(0.,0.));
#7697 = VECTOR('',#7698,1.);
#7698 = DIRECTION('',(-1.129541571475E-33,-1.));
#7699 = ( GEOMETRIC_REPRESENTATION_CONTEXT(2) 
PARAMETRIC_REPRESENTATION_CONTEXT() REPRESENTATION_CONTEXT('2D SPACE',''
  ) );
#7700 = ORIENTED_EDGE('',*,*,#1352,.F.);
#7701 = ADVANCED_FACE('',(#7702),#1732,.T.);
#7702 = FACE_BOUND('',#7703,.T.);
#7703 = EDGE_LOOP('',(#7704,#7727,#7748,#7749));
#7704 = ORIENTED_EDGE('',*,*,#7705,.T.);
#7705 = EDGE_CURVE('',#1689,#7706,#7708,.T.);
#7706 = VERTEX_POINT('',#7707);
#7707 = CARTESIAN_POINT('',(-0.661458333333,-35.,-9.405742258534));
#7708 = SURFACE_CURVE('',#7709,(#7713,#7720),.PCURVE_S1.);
#7709 = LINE('',#7710,#7711);
#7710 = CARTESIAN_POINT('',(-0.661458333333,35.,-9.405742258534));
#7711 = VECTOR('',#7712,1.);
#7712 = DIRECTION('',(0.,-1.,1.224646799147E-16));
#7713 = PCURVE('',#1732,#7714);
#7714 = DEFINITIONAL_REPRESENTATION('',(#7715),#7719);
#7715 = LINE('',#7716,#7717);
#7716 = CARTESIAN_POINT('',(-0.,0.));
#7717 = VECTOR('',#7718,1.);
#7718 = DIRECTION('',(-2.14178436968E-35,-1.));
#7719 = ( GEOMETRIC_REPRESENTATION_CONTEXT(2) 
PARAMETRIC_REPRESENTATION_CONTEXT() REPRESENTATION_CONTEXT('2D SPACE',''
  ) );
#7720 = PCURVE('',#1704,#7721);
#7721 = DEFINITIONAL_REPRESENTATION('',(#7722),#7726);
#7722 = LINE('',#7723,#7724);
#7723 = CARTESIAN_POINT('',(0.330757207019,5.274278266165E-19));
#7724 = VECTOR('',#7725,1.);
#7725 = DIRECTION('',(3.887814429525E-35,-1.));
#7726 = ( GEOMETRIC_REPRESENTATION_CONTEXT(2) 
PARAMETRIC_REPRESENTATION_CONTEXT() REPRESENTATION_CONTEXT('2D SPACE',''
  ) );
#7727 = ORIENTED_EDGE('',*,*,#7728,.T.);
#7728 = EDGE_CURVE('',#7706,#7608,#7729,.T.);
#7729 = SURFACE_CURVE('',#7730,(#7734,#7741),.PCURVE_S1.);
#7730 = LINE('',#7731,#7732);
#7731 = CARTESIAN_POINT('',(-0.661458333333,-35.,-9.405742258534));
#7732 = VECTOR('',#7733,1.);
#7733 = DIRECTION('',(-0.99976449269,-2.657678688586E-18,
    -2.170159339359E-02));
#7734 = PCURVE('',#1732,#7735);
#7735 = DEFINITIONAL_REPRESENTATION('',(#7736),#7740);
#7736 = LINE('',#7737,#7738);
#7737 = CARTESIAN_POINT('',(-6.711361051934E-18,-70.));
#7738 = VECTOR('',#7739,1.);
#7739 = DIRECTION('',(1.,2.14178436968E-35));
#7740 = ( GEOMETRIC_REPRESENTATION_CONTEXT(2) 
PARAMETRIC_REPRESENTATION_CONTEXT() REPRESENTATION_CONTEXT('2D SPACE',''
  ) );
#7741 = PCURVE('',#3051,#7742);
#7742 = DEFINITIONAL_REPRESENTATION('',(#7743),#7747);
#7743 = LINE('',#7744,#7745);
#7744 = CARTESIAN_POINT('',(-3.426836609012,-0.661458333333));
#7745 = VECTOR('',#7746,1.);
#7746 = DIRECTION('',(-2.170159339359E-02,-0.99976449269));
#7747 = ( GEOMETRIC_REPRESENTATION_CONTEXT(2) 
PARAMETRIC_REPRESENTATION_CONTEXT() REPRESENTATION_CONTEXT('2D SPACE',''
  ) );
#7748 = ORIENTED_EDGE('',*,*,#7607,.F.);
#7749 = ORIENTED_EDGE('',*,*,#1716,.F.);
#7750 = ADVANCED_FACE('',(#7751),#1396,.T.);
#7751 = FACE_BOUND('',#7752,.T.);
#7752 = EDGE_LOOP('',(#7753,#7754,#7777,#7798));
#7753 = ORIENTED_EDGE('',*,*,#7680,.T.);
#7754 = ORIENTED_EDGE('',*,*,#7755,.T.);
#7755 = EDGE_CURVE('',#7658,#7756,#7758,.T.);
#7756 = VERTEX_POINT('',#7757);
#7757 = CARTESIAN_POINT('',(2.9765625,-35.,-9.516449933115));
#7758 = SURFACE_CURVE('',#7759,(#7763,#7770),.PCURVE_S1.);
#7759 = LINE('',#7760,#7761);
#7760 = CARTESIAN_POINT('',(3.307291666667,-35.,-9.543817080328));
#7761 = VECTOR('',#7762,1.);
#7762 = DIRECTION('',(-0.996593873638,1.009917962316E-17,
    8.246605984834E-02));
#7763 = PCURVE('',#1396,#7764);
#7764 = DEFINITIONAL_REPRESENTATION('',(#7765),#7769);
#7765 = LINE('',#7766,#7767);
#7766 = CARTESIAN_POINT('',(2.5503173529E-17,-70.));
#7767 = VECTOR('',#7768,1.);
#7768 = DIRECTION('',(1.,-4.112023840352E-34));
#7769 = ( GEOMETRIC_REPRESENTATION_CONTEXT(2) 
PARAMETRIC_REPRESENTATION_CONTEXT() REPRESENTATION_CONTEXT('2D SPACE',''
  ) );
#7770 = PCURVE('',#3051,#7771);
#7771 = DEFINITIONAL_REPRESENTATION('',(#7772),#7776);
#7772 = LINE('',#7773,#7774);
#7773 = CARTESIAN_POINT('',(-3.564911430806,3.307291666667));
#7774 = VECTOR('',#7775,1.);
#7775 = DIRECTION('',(8.246605984834E-02,-0.996593873638));
#7776 = ( GEOMETRIC_REPRESENTATION_CONTEXT(2) 
PARAMETRIC_REPRESENTATION_CONTEXT() REPRESENTATION_CONTEXT('2D SPACE',''
  ) );
#7777 = ORIENTED_EDGE('',*,*,#7778,.F.);
#7778 = EDGE_CURVE('',#1381,#7756,#7779,.T.);
#7779 = SURFACE_CURVE('',#7780,(#7784,#7791),.PCURVE_S1.);
#7780 = LINE('',#7781,#7782);
#7781 = CARTESIAN_POINT('',(2.9765625,35.,-9.516449933115));
#7782 = VECTOR('',#7783,1.);
#7783 = DIRECTION('',(0.,-1.,1.224646799147E-16));
#7784 = PCURVE('',#1396,#7785);
#7785 = DEFINITIONAL_REPRESENTATION('',(#7786),#7790);
#7786 = LINE('',#7787,#7788);
#7787 = CARTESIAN_POINT('',(0.331859522133,-3.35150892368E-18));
#7788 = VECTOR('',#7789,1.);
#7789 = DIRECTION('',(-1.129541571475E-33,-1.));
#7790 = ( GEOMETRIC_REPRESENTATION_CONTEXT(2) 
PARAMETRIC_REPRESENTATION_CONTEXT() REPRESENTATION_CONTEXT('2D SPACE',''
  ) );
#7791 = PCURVE('',#1424,#7792);
#7792 = DEFINITIONAL_REPRESENTATION('',(#7793),#7797);
#7793 = LINE('',#7794,#7795);
#7794 = CARTESIAN_POINT('',(0.,0.));
#7795 = VECTOR('',#7796,1.);
#7796 = DIRECTION('',(7.767620755493E-34,-1.));
#7797 = ( GEOMETRIC_REPRESENTATION_CONTEXT(2) 
PARAMETRIC_REPRESENTATION_CONTEXT() REPRESENTATION_CONTEXT('2D SPACE',''
  ) );
#7798 = ORIENTED_EDGE('',*,*,#1380,.F.);
#7799 = ADVANCED_FACE('',(#7800),#1704,.T.);
#7800 = FACE_BOUND('',#7801,.T.);
#7801 = EDGE_LOOP('',(#7802,#7825,#7846,#7847));
#7802 = ORIENTED_EDGE('',*,*,#7803,.T.);
#7803 = EDGE_CURVE('',#1661,#7804,#7806,.T.);
#7804 = VERTEX_POINT('',#7805);
#7805 = CARTESIAN_POINT('',(-0.330729166667,-35.,-9.401435483495));
#7806 = SURFACE_CURVE('',#7807,(#7811,#7818),.PCURVE_S1.);
#7807 = LINE('',#7808,#7809);
#7808 = CARTESIAN_POINT('',(-0.330729166667,35.,-9.401435483495));
#7809 = VECTOR('',#7810,1.);
#7810 = DIRECTION('',(0.,-1.,1.224646799147E-16));
#7811 = PCURVE('',#1704,#7812);
#7812 = DEFINITIONAL_REPRESENTATION('',(#7813),#7817);
#7813 = LINE('',#7814,#7815);
#7814 = CARTESIAN_POINT('',(-0.,0.));
#7815 = VECTOR('',#7816,1.);
#7816 = DIRECTION('',(3.887814429525E-35,-1.));
#7817 = ( GEOMETRIC_REPRESENTATION_CONTEXT(2) 
PARAMETRIC_REPRESENTATION_CONTEXT() REPRESENTATION_CONTEXT('2D SPACE',''
  ) );
#7818 = PCURVE('',#1676,#7819);
#7819 = DEFINITIONAL_REPRESENTATION('',(#7820),#7824);
#7820 = LINE('',#7821,#7822);
#7821 = CARTESIAN_POINT('',(0.330732281909,1.757960267025E-19));
#7822 = VECTOR('',#7823,1.);
#7823 = DIRECTION('',(-2.548417710749E-35,-1.));
#7824 = ( GEOMETRIC_REPRESENTATION_CONTEXT(2) 
PARAMETRIC_REPRESENTATION_CONTEXT() REPRESENTATION_CONTEXT('2D SPACE',''
  ) );
#7825 = ORIENTED_EDGE('',*,*,#7826,.T.);
#7826 = EDGE_CURVE('',#7804,#7706,#7827,.T.);
#7827 = SURFACE_CURVE('',#7828,(#7832,#7839),.PCURVE_S1.);
#7828 = LINE('',#7829,#7830);
#7829 = CARTESIAN_POINT('',(-0.330729166667,-35.,-9.401435483495));
#7830 = VECTOR('',#7831,1.);
#7831 = DIRECTION('',(-0.999915223759,-1.594607208621E-18,
    -1.302095599916E-02));
#7832 = PCURVE('',#1704,#7833);
#7833 = DEFINITIONAL_REPRESENTATION('',(#7834),#7838);
#7834 = LINE('',#7835,#7836);
#7835 = CARTESIAN_POINT('',(-4.02681661972E-18,-70.));
#7836 = VECTOR('',#7837,1.);
#7837 = DIRECTION('',(1.,-3.887814429525E-35));
#7838 = ( GEOMETRIC_REPRESENTATION_CONTEXT(2) 
PARAMETRIC_REPRESENTATION_CONTEXT() REPRESENTATION_CONTEXT('2D SPACE',''
  ) );
#7839 = PCURVE('',#3051,#7840);
#7840 = DEFINITIONAL_REPRESENTATION('',(#7841),#7845);
#7841 = LINE('',#7842,#7843);
#7842 = CARTESIAN_POINT('',(-3.422529833973,-0.330729166667));
#7843 = VECTOR('',#7844,1.);
#7844 = DIRECTION('',(-1.302095599916E-02,-0.999915223759));
#7845 = ( GEOMETRIC_REPRESENTATION_CONTEXT(2) 
PARAMETRIC_REPRESENTATION_CONTEXT() REPRESENTATION_CONTEXT('2D SPACE',''
  ) );
#7846 = ORIENTED_EDGE('',*,*,#7705,.F.);
#7847 = ORIENTED_EDGE('',*,*,#1688,.F.);
#7848 = ADVANCED_FACE('',(#7849),#1424,.T.);
#7849 = FACE_BOUND('',#7850,.T.);
#7850 = EDGE_LOOP('',(#7851,#7852,#7875,#7896));
#7851 = ORIENTED_EDGE('',*,*,#7778,.T.);
#7852 = ORIENTED_EDGE('',*,*,#7853,.T.);
#7853 = EDGE_CURVE('',#7756,#7854,#7856,.T.);
#7854 = VERTEX_POINT('',#7855);
#7855 = CARTESIAN_POINT('',(2.645833333333,-35.,-9.491980241372));
#7856 = SURFACE_CURVE('',#7857,(#7861,#7868),.PCURVE_S1.);
#7857 = LINE('',#7858,#7859);
#7858 = CARTESIAN_POINT('',(2.9765625,-35.,-9.516449933115));
#7859 = VECTOR('',#7860,1.);
#7860 = DIRECTION('',(-0.997274140668,9.036107967005E-18,
    7.378542101524E-02));
#7861 = PCURVE('',#1424,#7862);
#7862 = DEFINITIONAL_REPRESENTATION('',(#7863),#7867);
#7863 = LINE('',#7864,#7865);
#7864 = CARTESIAN_POINT('',(2.281862865187E-17,-70.));
#7865 = VECTOR('',#7866,1.);
#7866 = DIRECTION('',(1.,7.639818799605E-34));
#7867 = ( GEOMETRIC_REPRESENTATION_CONTEXT(2) 
PARAMETRIC_REPRESENTATION_CONTEXT() REPRESENTATION_CONTEXT('2D SPACE',''
  ) );
#7868 = PCURVE('',#3051,#7869);
#7869 = DEFINITIONAL_REPRESENTATION('',(#7870),#7874);
#7870 = LINE('',#7871,#7872);
#7871 = CARTESIAN_POINT('',(-3.537544283593,2.9765625));
#7872 = VECTOR('',#7873,1.);
#7873 = DIRECTION('',(7.378542101524E-02,-0.997274140668));
#7874 = ( GEOMETRIC_REPRESENTATION_CONTEXT(2) 
PARAMETRIC_REPRESENTATION_CONTEXT() REPRESENTATION_CONTEXT('2D SPACE',''
  ) );
#7875 = ORIENTED_EDGE('',*,*,#7876,.F.);
#7876 = EDGE_CURVE('',#1409,#7854,#7877,.T.);
#7877 = SURFACE_CURVE('',#7878,(#7882,#7889),.PCURVE_S1.);
#7878 = LINE('',#7879,#7880);
#7879 = CARTESIAN_POINT('',(2.645833333333,35.,-9.491980241372));
#7880 = VECTOR('',#7881,1.);
#7881 = DIRECTION('',(0.,-1.,1.224646799147E-16));
#7882 = PCURVE('',#1424,#7883);
#7883 = DEFINITIONAL_REPRESENTATION('',(#7884),#7888);
#7884 = LINE('',#7885,#7886);
#7885 = CARTESIAN_POINT('',(0.331633151989,-2.996672966808E-18));
#7886 = VECTOR('',#7887,1.);
#7887 = DIRECTION('',(7.767620755493E-34,-1.));
#7888 = ( GEOMETRIC_REPRESENTATION_CONTEXT(2) 
PARAMETRIC_REPRESENTATION_CONTEXT() REPRESENTATION_CONTEXT('2D SPACE',''
  ) );
#7889 = PCURVE('',#1452,#7890);
#7890 = DEFINITIONAL_REPRESENTATION('',(#7891),#7895);
#7891 = LINE('',#7892,#7893);
#7892 = CARTESIAN_POINT('',(0.,0.));
#7893 = VECTOR('',#7894,1.);
#7894 = DIRECTION('',(-4.343475400296E-34,-1.));
#7895 = ( GEOMETRIC_REPRESENTATION_CONTEXT(2) 
PARAMETRIC_REPRESENTATION_CONTEXT() REPRESENTATION_CONTEXT('2D SPACE',''
  ) );
#7896 = ORIENTED_EDGE('',*,*,#1408,.F.);
#7897 = ADVANCED_FACE('',(#7898),#1676,.T.);
#7898 = FACE_BOUND('',#7899,.T.);
#7899 = EDGE_LOOP('',(#7900,#7923,#7944,#7945));
#7900 = ORIENTED_EDGE('',*,*,#7901,.T.);
#7901 = EDGE_CURVE('',#1633,#7902,#7904,.T.);
#7902 = VERTEX_POINT('',#7903);
#7903 = CARTESIAN_POINT('',(0.,-35.,-9.4));
#7904 = SURFACE_CURVE('',#7905,(#7909,#7916),.PCURVE_S1.);
#7905 = LINE('',#7906,#7907);
#7906 = CARTESIAN_POINT('',(0.,35.,-9.4));
#7907 = VECTOR('',#7908,1.);
#7908 = DIRECTION('',(0.,-1.,1.224646799147E-16));
#7909 = PCURVE('',#1676,#7910);
#7910 = DEFINITIONAL_REPRESENTATION('',(#7911),#7915);
#7911 = LINE('',#7912,#7913);
#7912 = CARTESIAN_POINT('',(-0.,0.));
#7913 = VECTOR('',#7914,1.);
#7914 = DIRECTION('',(-2.548417710749E-35,-1.));
#7915 = ( GEOMETRIC_REPRESENTATION_CONTEXT(2) 
PARAMETRIC_REPRESENTATION_CONTEXT() REPRESENTATION_CONTEXT('2D SPACE',''
  ) );
#7916 = PCURVE('',#1648,#7917);
#7917 = DEFINITIONAL_REPRESENTATION('',(#7918),#7922);
#7918 = LINE('',#7919,#7920);
#7919 = CARTESIAN_POINT('',(0.330732281909,-1.757960267025E-19));
#7920 = VECTOR('',#7921,1.);
#7921 = DIRECTION('',(4.561056078676E-36,-1.));
#7922 = ( GEOMETRIC_REPRESENTATION_CONTEXT(2) 
PARAMETRIC_REPRESENTATION_CONTEXT() REPRESENTATION_CONTEXT('2D SPACE',''
  ) );
#7923 = ORIENTED_EDGE('',*,*,#7924,.T.);
#7924 = EDGE_CURVE('',#7902,#7804,#7925,.T.);
#7925 = SURFACE_CURVE('',#7926,(#7930,#7937),.PCURVE_S1.);
#7926 = LINE('',#7927,#7928);
#7927 = CARTESIAN_POINT('',(0.,-35.,-9.4));
#7928 = VECTOR('',#7929,1.);
#7929 = DIRECTION('',(-0.999990580773,-5.315357354526E-19,
    -4.340318660226E-03));
#7930 = PCURVE('',#1676,#7931);
#7931 = DEFINITIONAL_REPRESENTATION('',(#7932),#7936);
#7932 = LINE('',#7933,#7934);
#7933 = CARTESIAN_POINT('',(-2.684519123121E-18,-70.));
#7934 = VECTOR('',#7935,1.);
#7935 = DIRECTION('',(1.,2.548417710749E-35));
#7936 = ( GEOMETRIC_REPRESENTATION_CONTEXT(2) 
PARAMETRIC_REPRESENTATION_CONTEXT() REPRESENTATION_CONTEXT('2D SPACE',''
  ) );
#7937 = PCURVE('',#3051,#7938);
#7938 = DEFINITIONAL_REPRESENTATION('',(#7939),#7943);
#7939 = LINE('',#7940,#7941);
#7940 = CARTESIAN_POINT('',(-3.421094350478,2.026160160909E-15));
#7941 = VECTOR('',#7942,1.);
#7942 = DIRECTION('',(-4.340318660226E-03,-0.999990580773));
#7943 = ( GEOMETRIC_REPRESENTATION_CONTEXT(2) 
PARAMETRIC_REPRESENTATION_CONTEXT() REPRESENTATION_CONTEXT('2D SPACE',''
  ) );
#7944 = ORIENTED_EDGE('',*,*,#7803,.F.);
#7945 = ORIENTED_EDGE('',*,*,#1660,.F.);
#7946 = ADVANCED_FACE('',(#7947),#1452,.T.);
#7947 = FACE_BOUND('',#7948,.T.);
#7948 = EDGE_LOOP('',(#7949,#7950,#7973,#7994));
#7949 = ORIENTED_EDGE('',*,*,#7876,.T.);
#7950 = ORIENTED_EDGE('',*,*,#7951,.T.);
#7951 = EDGE_CURVE('',#7854,#7952,#7954,.T.);
#7952 = VERTEX_POINT('',#7953);
#7953 = CARTESIAN_POINT('',(2.315104166667,-35.,-9.470402412102));
#7954 = SURFACE_CURVE('',#7955,(#7959,#7966),.PCURVE_S1.);
#7955 = LINE('',#7956,#7957);
#7956 = CARTESIAN_POINT('',(2.645833333333,-35.,-9.491980241372));
#7957 = VECTOR('',#7958,1.);
#7958 = DIRECTION('',(-0.997878433125,7.973036350048E-18,
    6.510478250218E-02));
#7959 = PCURVE('',#1452,#7960);
#7960 = DEFINITIONAL_REPRESENTATION('',(#7961),#7965);
#7961 = LINE('',#7962,#7963);
#7962 = CARTESIAN_POINT('',(2.013408387371E-17,-70.));
#7963 = VECTOR('',#7964,1.);
#7964 = DIRECTION('',(1.,4.343475400296E-34));
#7965 = ( GEOMETRIC_REPRESENTATION_CONTEXT(2) 
PARAMETRIC_REPRESENTATION_CONTEXT() REPRESENTATION_CONTEXT('2D SPACE',''
  ) );
#7966 = PCURVE('',#3051,#7967);
#7967 = DEFINITIONAL_REPRESENTATION('',(#7968),#7972);
#7968 = LINE('',#7969,#7970);
#7969 = CARTESIAN_POINT('',(-3.51307459185,2.645833333333));
#7970 = VECTOR('',#7971,1.);
#7971 = DIRECTION('',(6.510478250218E-02,-0.997878433125));
#7972 = ( GEOMETRIC_REPRESENTATION_CONTEXT(2) 
PARAMETRIC_REPRESENTATION_CONTEXT() REPRESENTATION_CONTEXT('2D SPACE',''
  ) );
#7973 = ORIENTED_EDGE('',*,*,#7974,.F.);
#7974 = EDGE_CURVE('',#1437,#7952,#7975,.T.);
#7975 = SURFACE_CURVE('',#7976,(#7980,#7987),.PCURVE_S1.);
#7976 = LINE('',#7977,#7978);
#7977 = CARTESIAN_POINT('',(2.315104166667,35.,-9.470402412102));
#7978 = VECTOR('',#7979,1.);
#7979 = DIRECTION('',(0.,-1.,1.224646799147E-16));
#7980 = PCURVE('',#1452,#7981);
#7981 = DEFINITIONAL_REPRESENTATION('',(#7982),#7986);
#7982 = LINE('',#7983,#7984);
#7983 = CARTESIAN_POINT('',(0.331432322504,-2.642521954901E-18));
#7984 = VECTOR('',#7985,1.);
#7985 = DIRECTION('',(-4.343475400296E-34,-1.));
#7986 = ( GEOMETRIC_REPRESENTATION_CONTEXT(2) 
PARAMETRIC_REPRESENTATION_CONTEXT() REPRESENTATION_CONTEXT('2D SPACE',''
  ) );
#7987 = PCURVE('',#1480,#7988);
#7988 = DEFINITIONAL_REPRESENTATION('',(#7989),#7993);
#7989 = LINE('',#7990,#7991);
#7990 = CARTESIAN_POINT('',(0.,0.));
#7991 = VECTOR('',#7992,1.);
#7992 = DIRECTION('',(-1.115505247236E-34,-1.));
#7993 = ( GEOMETRIC_REPRESENTATION_CONTEXT(2) 
PARAMETRIC_REPRESENTATION_CONTEXT() REPRESENTATION_CONTEXT('2D SPACE',''
  ) );
#7994 = ORIENTED_EDGE('',*,*,#1436,.F.);
#7995 = ADVANCED_FACE('',(#7996),#1648,.T.);
#7996 = FACE_BOUND('',#7997,.T.);
#7997 = EDGE_LOOP('',(#7998,#8021,#8042,#8043));
#7998 = ORIENTED_EDGE('',*,*,#7999,.T.);
#7999 = EDGE_CURVE('',#1605,#8000,#8002,.T.);
#8000 = VERTEX_POINT('',#8001);
#8001 = CARTESIAN_POINT('',(0.330729166667,-35.,-9.401435483495));
#8002 = SURFACE_CURVE('',#8003,(#8007,#8014),.PCURVE_S1.);
#8003 = LINE('',#8004,#8005);
#8004 = CARTESIAN_POINT('',(0.330729166667,35.,-9.401435483495));
#8005 = VECTOR('',#8006,1.);
#8006 = DIRECTION('',(0.,-1.,1.224646799147E-16));
#8007 = PCURVE('',#1648,#8008);
#8008 = DEFINITIONAL_REPRESENTATION('',(#8009),#8013);
#8009 = LINE('',#8010,#8011);
#8010 = CARTESIAN_POINT('',(0.,0.));
#8011 = VECTOR('',#8012,1.);
#8012 = DIRECTION('',(4.561056078676E-36,-1.));
#8013 = ( GEOMETRIC_REPRESENTATION_CONTEXT(2) 
PARAMETRIC_REPRESENTATION_CONTEXT() REPRESENTATION_CONTEXT('2D SPACE',''
  ) );
#8014 = PCURVE('',#1620,#8015);
#8015 = DEFINITIONAL_REPRESENTATION('',(#8016),#8020);
#8016 = LINE('',#8017,#8018);
#8017 = CARTESIAN_POINT('',(0.330757207019,-5.274278266165E-19));
#8018 = VECTOR('',#8019,1.);
#8019 = DIRECTION('',(-8.608305177371E-35,-1.));
#8020 = ( GEOMETRIC_REPRESENTATION_CONTEXT(2) 
PARAMETRIC_REPRESENTATION_CONTEXT() REPRESENTATION_CONTEXT('2D SPACE',''
  ) );
#8021 = ORIENTED_EDGE('',*,*,#8022,.T.);
#8022 = EDGE_CURVE('',#8000,#7902,#8023,.T.);
#8023 = SURFACE_CURVE('',#8024,(#8028,#8035),.PCURVE_S1.);
#8024 = LINE('',#8025,#8026);
#8025 = CARTESIAN_POINT('',(0.330729166667,-35.,-9.401435483495));
#8026 = VECTOR('',#8027,1.);
#8027 = DIRECTION('',(-0.999990580773,5.315357354526E-19,
    4.340318660226E-03));
#8028 = PCURVE('',#1648,#8029);
#8029 = DEFINITIONAL_REPRESENTATION('',(#8030),#8034);
#8030 = LINE('',#8031,#8032);
#8031 = CARTESIAN_POINT('',(1.342272204668E-18,-70.));
#8032 = VECTOR('',#8033,1.);
#8033 = DIRECTION('',(1.,-4.561056078676E-36));
#8034 = ( GEOMETRIC_REPRESENTATION_CONTEXT(2) 
PARAMETRIC_REPRESENTATION_CONTEXT() REPRESENTATION_CONTEXT('2D SPACE',''
  ) );
#8035 = PCURVE('',#3051,#8036);
#8036 = DEFINITIONAL_REPRESENTATION('',(#8037),#8041);
#8037 = LINE('',#8038,#8039);
#8038 = CARTESIAN_POINT('',(-3.422529833973,0.330729166667));
#8039 = VECTOR('',#8040,1.);
#8040 = DIRECTION('',(4.340318660226E-03,-0.999990580773));
#8041 = ( GEOMETRIC_REPRESENTATION_CONTEXT(2) 
PARAMETRIC_REPRESENTATION_CONTEXT() REPRESENTATION_CONTEXT('2D SPACE',''
  ) );
#8042 = ORIENTED_EDGE('',*,*,#7901,.F.);
#8043 = ORIENTED_EDGE('',*,*,#1632,.F.);
#8044 = ADVANCED_FACE('',(#8045),#1480,.T.);
#8045 = FACE_BOUND('',#8046,.T.);
#8046 = EDGE_LOOP('',(#8047,#8048,#8071,#8092));
#8047 = ORIENTED_EDGE('',*,*,#7974,.T.);
#8048 = ORIENTED_EDGE('',*,*,#8049,.T.);
#8049 = EDGE_CURVE('',#7952,#8050,#8052,.T.);
#8050 = VERTEX_POINT('',#8051);
#8051 = CARTESIAN_POINT('',(1.984375,-35.,-9.451711525229));
#8052 = SURFACE_CURVE('',#8053,(#8057,#8064),.PCURVE_S1.);
#8053 = LINE('',#8054,#8055);
#8054 = CARTESIAN_POINT('',(2.315104166667,-35.,-9.470402412102));
#8055 = VECTOR('',#8056,1.);
#8056 = DIRECTION('',(-0.99840688897,6.909964767533E-18,
    5.642414427036E-02));
#8057 = PCURVE('',#1480,#8058);
#8058 = DEFINITIONAL_REPRESENTATION('',(#8059),#8063);
#8059 = LINE('',#8060,#8061);
#8060 = CARTESIAN_POINT('',(1.744953918253E-17,-70.));
#8061 = VECTOR('',#8062,1.);
#8062 = DIRECTION('',(1.,1.115505247236E-34));
#8063 = ( GEOMETRIC_REPRESENTATION_CONTEXT(2) 
PARAMETRIC_REPRESENTATION_CONTEXT() REPRESENTATION_CONTEXT('2D SPACE',''
  ) );
#8064 = PCURVE('',#3051,#8065);
#8065 = DEFINITIONAL_REPRESENTATION('',(#8066),#8070);
#8066 = LINE('',#8067,#8068);
#8067 = CARTESIAN_POINT('',(-3.49149676258,2.315104166667));
#8068 = VECTOR('',#8069,1.);
#8069 = DIRECTION('',(5.642414427036E-02,-0.99840688897));
#8070 = ( GEOMETRIC_REPRESENTATION_CONTEXT(2) 
PARAMETRIC_REPRESENTATION_CONTEXT() REPRESENTATION_CONTEXT('2D SPACE',''
  ) );
#8071 = ORIENTED_EDGE('',*,*,#8072,.F.);
#8072 = EDGE_CURVE('',#1465,#8050,#8073,.T.);
#8073 = SURFACE_CURVE('',#8074,(#8078,#8085),.PCURVE_S1.);
#8074 = LINE('',#8075,#8076);
#8075 = CARTESIAN_POINT('',(1.984375,35.,-9.451711525229));
#8076 = VECTOR('',#8077,1.);
#8077 = DIRECTION('',(0.,-1.,1.224646799147E-16));
#8078 = PCURVE('',#1480,#8079);
#8079 = DEFINITIONAL_REPRESENTATION('',(#8080),#8084);
#8080 = LINE('',#8081,#8082);
#8081 = CARTESIAN_POINT('',(0.331256895681,-2.288973478157E-18));
#8082 = VECTOR('',#8083,1.);
#8083 = DIRECTION('',(-1.115505247236E-34,-1.));
#8084 = ( GEOMETRIC_REPRESENTATION_CONTEXT(2) 
PARAMETRIC_REPRESENTATION_CONTEXT() REPRESENTATION_CONTEXT('2D SPACE',''
  ) );
#8085 = PCURVE('',#1508,#8086);
#8086 = DEFINITIONAL_REPRESENTATION('',(#8087),#8091);
#8087 = LINE('',#8088,#8089);
#8088 = CARTESIAN_POINT('',(0.,0.));
#8089 = VECTOR('',#8090,1.);
#8090 = DIRECTION('',(-3.797497650531E-34,-1.));
#8091 = ( GEOMETRIC_REPRESENTATION_CONTEXT(2) 
PARAMETRIC_REPRESENTATION_CONTEXT() REPRESENTATION_CONTEXT('2D SPACE',''
  ) );
#8092 = ORIENTED_EDGE('',*,*,#1464,.F.);
#8093 = ADVANCED_FACE('',(#8094),#1620,.T.);
#8094 = FACE_BOUND('',#8095,.T.);
#8095 = EDGE_LOOP('',(#8096,#8119,#8140,#8141));
#8096 = ORIENTED_EDGE('',*,*,#8097,.T.);
#8097 = EDGE_CURVE('',#1577,#8098,#8100,.T.);
#8098 = VERTEX_POINT('',#8099);
#8099 = CARTESIAN_POINT('',(0.661458333333,-35.,-9.405742258534));
#8100 = SURFACE_CURVE('',#8101,(#8105,#8112),.PCURVE_S1.);
#8101 = LINE('',#8102,#8103);
#8102 = CARTESIAN_POINT('',(0.661458333333,35.,-9.405742258534));
#8103 = VECTOR('',#8104,1.);
#8104 = DIRECTION('',(0.,-1.,1.224646799147E-16));
#8105 = PCURVE('',#1620,#8106);
#8106 = DEFINITIONAL_REPRESENTATION('',(#8107),#8111);
#8107 = LINE('',#8108,#8109);
#8108 = CARTESIAN_POINT('',(0.,0.));
#8109 = VECTOR('',#8110,1.);
#8110 = DIRECTION('',(-8.608305177371E-35,-1.));
#8111 = ( GEOMETRIC_REPRESENTATION_CONTEXT(2) 
PARAMETRIC_REPRESENTATION_CONTEXT() REPRESENTATION_CONTEXT('2D SPACE',''
  ) );
#8112 = PCURVE('',#1592,#8113);
#8113 = DEFINITIONAL_REPRESENTATION('',(#8114),#8118);
#8114 = LINE('',#8115,#8116);
#8115 = CARTESIAN_POINT('',(0.330807074151,-8.791789110039E-19));
#8116 = VECTOR('',#8117,1.);
#8117 = DIRECTION('',(-1.69569578273E-34,-1.));
#8118 = ( GEOMETRIC_REPRESENTATION_CONTEXT(2) 
PARAMETRIC_REPRESENTATION_CONTEXT() REPRESENTATION_CONTEXT('2D SPACE',''
  ) );
#8119 = ORIENTED_EDGE('',*,*,#8120,.T.);
#8120 = EDGE_CURVE('',#8098,#8000,#8121,.T.);
#8121 = SURFACE_CURVE('',#8122,(#8126,#8133),.PCURVE_S1.);
#8122 = LINE('',#8123,#8124);
#8123 = CARTESIAN_POINT('',(0.661458333333,-35.,-9.405742258534));
#8124 = VECTOR('',#8125,1.);
#8125 = DIRECTION('',(-0.999915223759,1.594607208621E-18,
    1.302095599916E-02));
#8126 = PCURVE('',#1620,#8127);
#8127 = DEFINITIONAL_REPRESENTATION('',(#8128),#8132);
#8128 = LINE('',#8129,#8130);
#8129 = CARTESIAN_POINT('',(4.02681661972E-18,-70.));
#8130 = VECTOR('',#8131,1.);
#8131 = DIRECTION('',(1.,-8.666058187766E-35));
#8132 = ( GEOMETRIC_REPRESENTATION_CONTEXT(2) 
PARAMETRIC_REPRESENTATION_CONTEXT() REPRESENTATION_CONTEXT('2D SPACE',''
  ) );
#8133 = PCURVE('',#3051,#8134);
#8134 = DEFINITIONAL_REPRESENTATION('',(#8135),#8139);
#8135 = LINE('',#8136,#8137);
#8136 = CARTESIAN_POINT('',(-3.426836609012,0.661458333333));
#8137 = VECTOR('',#8138,1.);
#8138 = DIRECTION('',(1.302095599916E-02,-0.999915223759));
#8139 = ( GEOMETRIC_REPRESENTATION_CONTEXT(2) 
PARAMETRIC_REPRESENTATION_CONTEXT() REPRESENTATION_CONTEXT('2D SPACE',''
  ) );
#8140 = ORIENTED_EDGE('',*,*,#7999,.F.);
#8141 = ORIENTED_EDGE('',*,*,#1604,.F.);
#8142 = ADVANCED_FACE('',(#8143),#1508,.T.);
#8143 = FACE_BOUND('',#8144,.T.);
#8144 = EDGE_LOOP('',(#8145,#8146,#8169,#8190));
#8145 = ORIENTED_EDGE('',*,*,#8072,.T.);
#8146 = ORIENTED_EDGE('',*,*,#8147,.T.);
#8147 = EDGE_CURVE('',#8050,#8148,#8150,.T.);
#8148 = VERTEX_POINT('',#8149);
#8149 = CARTESIAN_POINT('',(1.653645833333,-35.,-9.435903327967));
#8150 = SURFACE_CURVE('',#8151,(#8155,#8162),.PCURVE_S1.);
#8151 = LINE('',#8152,#8153);
#8152 = CARTESIAN_POINT('',(1.984375,-35.,-9.451711525229));
#8153 = VECTOR('',#8154,1.);
#8154 = DIRECTION('',(-0.99885962858,5.846893214764E-18,
    4.774350628144E-02));
#8155 = PCURVE('',#1508,#8156);
#8156 = DEFINITIONAL_REPRESENTATION('',(#8157),#8161);
#8157 = LINE('',#8158,#8159);
#8158 = CARTESIAN_POINT('',(1.476499456646E-17,-70.));
#8159 = VECTOR('',#8160,1.);
#8160 = DIRECTION('',(1.,3.797497650531E-34));
#8161 = ( GEOMETRIC_REPRESENTATION_CONTEXT(2) 
PARAMETRIC_REPRESENTATION_CONTEXT() REPRESENTATION_CONTEXT('2D SPACE',''
  ) );
#8162 = PCURVE('',#3051,#8163);
#8163 = DEFINITIONAL_REPRESENTATION('',(#8164),#8168);
#8164 = LINE('',#8165,#8166);
#8165 = CARTESIAN_POINT('',(-3.472805875707,1.984375));
#8166 = VECTOR('',#8167,1.);
#8167 = DIRECTION('',(4.774350628144E-02,-0.99885962858));
#8168 = ( GEOMETRIC_REPRESENTATION_CONTEXT(2) 
PARAMETRIC_REPRESENTATION_CONTEXT() REPRESENTATION_CONTEXT('2D SPACE',''
  ) );
#8169 = ORIENTED_EDGE('',*,*,#8170,.F.);
#8170 = EDGE_CURVE('',#1493,#8148,#8171,.T.);
#8171 = SURFACE_CURVE('',#8172,(#8176,#8183),.PCURVE_S1.);
#8172 = LINE('',#8173,#8174);
#8173 = CARTESIAN_POINT('',(1.653645833333,35.,-9.435903327967));
#8174 = VECTOR('',#8175,1.);
#8175 = DIRECTION('',(0.,-1.,1.224646799147E-16));
#8176 = PCURVE('',#1508,#8177);
#8177 = DEFINITIONAL_REPRESENTATION('',(#8178),#8182);
#8178 = LINE('',#8179,#8180);
#8179 = CARTESIAN_POINT('',(0.331106751343,-1.935945817788E-18));
#8180 = VECTOR('',#8181,1.);
#8181 = DIRECTION('',(-3.797497650531E-34,-1.));
#8182 = ( GEOMETRIC_REPRESENTATION_CONTEXT(2) 
PARAMETRIC_REPRESENTATION_CONTEXT() REPRESENTATION_CONTEXT('2D SPACE',''
  ) );
#8183 = PCURVE('',#1536,#8184);
#8184 = DEFINITIONAL_REPRESENTATION('',(#8185),#8189);
#8185 = LINE('',#8186,#8187);
#8186 = CARTESIAN_POINT('',(0.,0.));
#8187 = VECTOR('',#8188,1.);
#8188 = DIRECTION('',(-3.45171722694E-34,-1.));
#8189 = ( GEOMETRIC_REPRESENTATION_CONTEXT(2) 
PARAMETRIC_REPRESENTATION_CONTEXT() REPRESENTATION_CONTEXT('2D SPACE',''
  ) );
#8190 = ORIENTED_EDGE('',*,*,#1492,.F.);
#8191 = ADVANCED_FACE('',(#8192),#1592,.T.);
#8192 = FACE_BOUND('',#8193,.T.);
#8193 = EDGE_LOOP('',(#8194,#8217,#8238,#8239));
#8194 = ORIENTED_EDGE('',*,*,#8195,.T.);
#8195 = EDGE_CURVE('',#1549,#8196,#8198,.T.);
#8196 = VERTEX_POINT('',#8197);
#8197 = CARTESIAN_POINT('',(0.9921875,-35.,-9.412921299149));
#8198 = SURFACE_CURVE('',#8199,(#8203,#8210),.PCURVE_S1.);
#8199 = LINE('',#8200,#8201);
#8200 = CARTESIAN_POINT('',(0.9921875,35.,-9.412921299149));
#8201 = VECTOR('',#8202,1.);
#8202 = DIRECTION('',(0.,-1.,1.224646799147E-16));
#8203 = PCURVE('',#1592,#8204);
#8204 = DEFINITIONAL_REPRESENTATION('',(#8205),#8209);
#8205 = LINE('',#8206,#8207);
#8206 = CARTESIAN_POINT('',(0.,0.));
#8207 = VECTOR('',#8208,1.);
#8208 = DIRECTION('',(-1.69569578273E-34,-1.));
#8209 = ( GEOMETRIC_REPRESENTATION_CONTEXT(2) 
PARAMETRIC_REPRESENTATION_CONTEXT() REPRESENTATION_CONTEXT('2D SPACE',''
  ) );
#8210 = PCURVE('',#1564,#8211);
#8211 = DEFINITIONAL_REPRESENTATION('',(#8212),#8216);
#8212 = LINE('',#8213,#8214);
#8213 = CARTESIAN_POINT('',(0.330881917157,-1.231128952785E-18));
#8214 = VECTOR('',#8215,1.);
#8215 = DIRECTION('',(2.331653973136E-34,-1.));
#8216 = ( GEOMETRIC_REPRESENTATION_CONTEXT(2) 
PARAMETRIC_REPRESENTATION_CONTEXT() REPRESENTATION_CONTEXT('2D SPACE',''
  ) );
#8217 = ORIENTED_EDGE('',*,*,#8218,.T.);
#8218 = EDGE_CURVE('',#8196,#8098,#8219,.T.);
#8219 = SURFACE_CURVE('',#8220,(#8224,#8231),.PCURVE_S1.);
#8220 = LINE('',#8221,#8222);
#8221 = CARTESIAN_POINT('',(0.9921875,-35.,-9.412921299149));
#8222 = VECTOR('',#8223,1.);
#8223 = DIRECTION('',(-0.99976449269,2.657678688586E-18,
    2.170159339359E-02));
#8224 = PCURVE('',#1592,#8225);
#8225 = DEFINITIONAL_REPRESENTATION('',(#8226),#8230);
#8226 = LINE('',#8227,#8228);
#8227 = CARTESIAN_POINT('',(6.711361051934E-18,-70.));
#8228 = VECTOR('',#8229,1.);
#8229 = DIRECTION('',(1.,1.69569578273E-34));
#8230 = ( GEOMETRIC_REPRESENTATION_CONTEXT(2) 
PARAMETRIC_REPRESENTATION_CONTEXT() REPRESENTATION_CONTEXT('2D SPACE',''
  ) );
#8231 = PCURVE('',#3051,#8232);
#8232 = DEFINITIONAL_REPRESENTATION('',(#8233),#8237);
#8233 = LINE('',#8234,#8235);
#8234 = CARTESIAN_POINT('',(-3.434015649627,0.9921875));
#8235 = VECTOR('',#8236,1.);
#8236 = DIRECTION('',(2.170159339359E-02,-0.99976449269));
#8237 = ( GEOMETRIC_REPRESENTATION_CONTEXT(2) 
PARAMETRIC_REPRESENTATION_CONTEXT() REPRESENTATION_CONTEXT('2D SPACE',''
  ) );
#8238 = ORIENTED_EDGE('',*,*,#8097,.F.);
#8239 = ORIENTED_EDGE('',*,*,#1576,.F.);
#8240 = ADVANCED_FACE('',(#8241),#1536,.T.);
#8241 = FACE_BOUND('',#8242,.T.);
#8242 = EDGE_LOOP('',(#8243,#8244,#8267,#8288));
#8243 = ORIENTED_EDGE('',*,*,#8170,.T.);
#8244 = ORIENTED_EDGE('',*,*,#8245,.T.);
#8245 = EDGE_CURVE('',#8148,#8246,#8248,.T.);
#8246 = VERTEX_POINT('',#8247);
#8247 = CARTESIAN_POINT('',(1.322916666667,-35.,-9.42297422995));
#8248 = SURFACE_CURVE('',#8249,(#8253,#8260),.PCURVE_S1.);
#8249 = LINE('',#8250,#8251);
#8250 = CARTESIAN_POINT('',(1.653645833333,-35.,-9.435903327967));
#8251 = VECTOR('',#8252,1.);
#8252 = DIRECTION('',(-0.999236754881,4.783821687086E-18,
    3.90628684974E-02));
#8253 = PCURVE('',#1536,#8254);
#8254 = DEFINITIONAL_REPRESENTATION('',(#8255),#8259);
#8255 = LINE('',#8256,#8257);
#8256 = CARTESIAN_POINT('',(1.208045001376E-17,-70.));
#8257 = VECTOR('',#8258,1.);
#8258 = DIRECTION('',(1.,3.45171722694E-34));
#8259 = ( GEOMETRIC_REPRESENTATION_CONTEXT(2) 
PARAMETRIC_REPRESENTATION_CONTEXT() REPRESENTATION_CONTEXT('2D SPACE',''
  ) );
#8260 = PCURVE('',#3051,#8261);
#8261 = DEFINITIONAL_REPRESENTATION('',(#8262),#8266);
#8262 = LINE('',#8263,#8264);
#8263 = CARTESIAN_POINT('',(-3.456997678445,1.653645833333));
#8264 = VECTOR('',#8265,1.);
#8265 = DIRECTION('',(3.90628684974E-02,-0.999236754881));
#8266 = ( GEOMETRIC_REPRESENTATION_CONTEXT(2) 
PARAMETRIC_REPRESENTATION_CONTEXT() REPRESENTATION_CONTEXT('2D SPACE',''
  ) );
#8267 = ORIENTED_EDGE('',*,*,#8268,.F.);
#8268 = EDGE_CURVE('',#1521,#8246,#8269,.T.);
#8269 = SURFACE_CURVE('',#8270,(#8274,#8281),.PCURVE_S1.);
#8270 = LINE('',#8271,#8272);
#8271 = CARTESIAN_POINT('',(1.322916666667,35.,-9.42297422995));
#8272 = VECTOR('',#8273,1.);
#8273 = DIRECTION('',(0.,-1.,1.224646799147E-16));
#8274 = PCURVE('',#1536,#8275);
#8275 = DEFINITIONAL_REPRESENTATION('',(#8276),#8280);
#8276 = LINE('',#8277,#8278);
#8277 = CARTESIAN_POINT('',(0.3309817869,-1.583357850203E-18));
#8278 = VECTOR('',#8279,1.);
#8279 = DIRECTION('',(-3.45171722694E-34,-1.));
#8280 = ( GEOMETRIC_REPRESENTATION_CONTEXT(2) 
PARAMETRIC_REPRESENTATION_CONTEXT() REPRESENTATION_CONTEXT('2D SPACE',''
  ) );
#8281 = PCURVE('',#1564,#8282);
#8282 = DEFINITIONAL_REPRESENTATION('',(#8283),#8287);
#8283 = LINE('',#8284,#8285);
#8284 = CARTESIAN_POINT('',(0.,0.));
#8285 = VECTOR('',#8286,1.);
#8286 = DIRECTION('',(2.331653973136E-34,-1.));
#8287 = ( GEOMETRIC_REPRESENTATION_CONTEXT(2) 
PARAMETRIC_REPRESENTATION_CONTEXT() REPRESENTATION_CONTEXT('2D SPACE',''
  ) );
#8288 = ORIENTED_EDGE('',*,*,#1520,.F.);
#8289 = ADVANCED_FACE('',(#8290),#1564,.T.);
#8290 = FACE_BOUND('',#8291,.T.);
#8291 = EDGE_LOOP('',(#8292,#8293,#8314,#8315));
#8292 = ORIENTED_EDGE('',*,*,#8268,.T.);
#8293 = ORIENTED_EDGE('',*,*,#8294,.T.);
#8294 = EDGE_CURVE('',#8246,#8196,#8295,.T.);
#8295 = SURFACE_CURVE('',#8296,(#8300,#8307),.PCURVE_S1.);
#8296 = LINE('',#8297,#8298);
#8297 = CARTESIAN_POINT('',(1.322916666667,-35.,-9.42297422995));
#8298 = VECTOR('',#8299,1.);
#8299 = DIRECTION('',(-0.999538353465,3.720750179887E-18,
    3.038223088059E-02));
#8300 = PCURVE('',#1564,#8301);
#8301 = DEFINITIONAL_REPRESENTATION('',(#8302),#8306);
#8302 = LINE('',#8303,#8304);
#8303 = CARTESIAN_POINT('',(9.395905512775E-18,-70.));
#8304 = VECTOR('',#8305,1.);
#8305 = DIRECTION('',(1.,-2.331653973136E-34));
#8306 = ( GEOMETRIC_REPRESENTATION_CONTEXT(2) 
PARAMETRIC_REPRESENTATION_CONTEXT() REPRESENTATION_CONTEXT('2D SPACE',''
  ) );
#8307 = PCURVE('',#3051,#8308);
#8308 = DEFINITIONAL_REPRESENTATION('',(#8309),#8313);
#8309 = LINE('',#8310,#8311);
#8310 = CARTESIAN_POINT('',(-3.444068580428,1.322916666667));
#8311 = VECTOR('',#8312,1.);
#8312 = DIRECTION('',(3.038223088059E-02,-0.999538353465));
#8313 = ( GEOMETRIC_REPRESENTATION_CONTEXT(2) 
PARAMETRIC_REPRESENTATION_CONTEXT() REPRESENTATION_CONTEXT('2D SPACE',''
  ) );
#8314 = ORIENTED_EDGE('',*,*,#8195,.F.);
#8315 = ORIENTED_EDGE('',*,*,#1548,.F.);
#8316 = ADVANCED_FACE('',(#8317),#3051,.F.);
#8317 = FACE_BOUND('',#8318,.F.);
#8318 = EDGE_LOOP('',(#8319,#8320,#8321,#8322,#8323,#8324,#8325,#8326,
    #8327,#8328,#8329,#8330,#8331,#8332,#8333,#8334,#8335,#8336,#8337,
    #8338,#8339,#8340,#8341,#8342,#8343,#8344,#8345,#8346,#8347,#8348,
    #8349,#8350,#8351,#8352,#8353,#8354,#8355,#8356,#8357,#8358,#8359,
    #8360,#8361,#8362,#8363,#8364,#8365,#8366,#8367,#8368,#8369,#8370,
    #8371,#8372,#8373,#8374,#8375,#8376,#8377,#8378,#8379,#8380,#8381,
    #8382,#8383,#8384,#8385,#8386,#8387,#8388,#8389,#8390,#8391,#8392,
    #8393,#8394,#8395,#8396,#8397,#8398,#8399,#8400,#8401,#8402,#8403,
    #8404,#8405,#8406,#8407,#8408,#8409,#8410,#8411,#8412,#8413,#8414,
    #8415,#8416,#8417,#8418,#8419,#8420,#8421,#8422,#8423,#8424,#8425));
#8319 = ORIENTED_EDGE('',*,*,#3033,.T.);
#8320 = ORIENTED_EDGE('',*,*,#3109,.T.);
#8321 = ORIENTED_EDGE('',*,*,#3212,.F.);
#8322 = ORIENTED_EDGE('',*,*,#3310,.T.);
#8323 = ORIENTED_EDGE('',*,*,#3409,.F.);
#8324 = ORIENTED_EDGE('',*,*,#3538,.T.);
#8325 = ORIENTED_EDGE('',*,*,#3637,.F.);
#8326 = ORIENTED_EDGE('',*,*,#3735,.F.);
#8327 = ORIENTED_EDGE('',*,*,#3836,.T.);
#8328 = ORIENTED_EDGE('',*,*,#3934,.T.);
#8329 = ORIENTED_EDGE('',*,*,#4031,.T.);
#8330 = ORIENTED_EDGE('',*,*,#4129,.T.);
#8331 = ORIENTED_EDGE('',*,*,#4227,.T.);
#8332 = ORIENTED_EDGE('',*,*,#4325,.T.);
#8333 = ORIENTED_EDGE('',*,*,#4423,.T.);
#8334 = ORIENTED_EDGE('',*,*,#4521,.T.);
#8335 = ORIENTED_EDGE('',*,*,#4619,.T.);
#8336 = ORIENTED_EDGE('',*,*,#4717,.T.);
#8337 = ORIENTED_EDGE('',*,*,#4815,.T.);
#8338 = ORIENTED_EDGE('',*,*,#4913,.T.);
#8339 = ORIENTED_EDGE('',*,*,#5011,.T.);
#8340 = ORIENTED_EDGE('',*,*,#5109,.T.);
#8341 = ORIENTED_EDGE('',*,*,#5207,.T.);
#8342 = ORIENTED_EDGE('',*,*,#5305,.T.);
#8343 = ORIENTED_EDGE('',*,*,#5403,.T.);
#8344 = ORIENTED_EDGE('',*,*,#5501,.T.);
#8345 = ORIENTED_EDGE('',*,*,#5599,.T.);
#8346 = ORIENTED_EDGE('',*,*,#5697,.T.);
#8347 = ORIENTED_EDGE('',*,*,#5795,.T.);
#8348 = ORIENTED_EDGE('',*,*,#5893,.T.);
#8349 = ORIENTED_EDGE('',*,*,#5991,.T.);
#8350 = ORIENTED_EDGE('',*,*,#6089,.T.);
#8351 = ORIENTED_EDGE('',*,*,#6187,.T.);
#8352 = ORIENTED_EDGE('',*,*,#6285,.T.);
#8353 = ORIENTED_EDGE('',*,*,#6383,.T.);
#8354 = ORIENTED_EDGE('',*,*,#6481,.T.);
#8355 = ORIENTED_EDGE('',*,*,#6579,.T.);
#8356 = ORIENTED_EDGE('',*,*,#6677,.T.);
#8357 = ORIENTED_EDGE('',*,*,#6775,.T.);
#8358 = ORIENTED_EDGE('',*,*,#6873,.T.);
#8359 = ORIENTED_EDGE('',*,*,#6971,.T.);
#8360 = ORIENTED_EDGE('',*,*,#7069,.T.);
#8361 = ORIENTED_EDGE('',*,*,#7167,.T.);
#8362 = ORIENTED_EDGE('',*,*,#7265,.T.);
#8363 = ORIENTED_EDGE('',*,*,#7363,.T.);
#8364 = ORIENTED_EDGE('',*,*,#7461,.T.);
#8365 = ORIENTED_EDGE('',*,*,#7559,.T.);
#8366 = ORIENTED_EDGE('',*,*,#7657,.T.);
#8367 = ORIENTED_EDGE('',*,*,#7755,.T.);
#8368 = ORIENTED_EDGE('',*,*,#7853,.T.);
#8369 = ORIENTED_EDGE('',*,*,#7951,.T.);
#8370 = ORIENTED_EDGE('',*,*,#8049,.T.);
#8371 = ORIENTED_EDGE('',*,*,#8147,.T.);
#8372 = ORIENTED_EDGE('',*,*,#8245,.T.);
#8373 = ORIENTED_EDGE('',*,*,#8294,.T.);
#8374 = ORIENTED_EDGE('',*,*,#8218,.T.);
#8375 = ORIENTED_EDGE('',*,*,#8120,.T.);
#8376 = ORIENTED_EDGE('',*,*,#8022,.T.);
#8377 = ORIENTED_EDGE('',*,*,#7924,.T.);
#8378 = ORIENTED_EDGE('',*,*,#7826,.T.);
#8379 = ORIENTED_EDGE('',*,*,#7728,.T.);
#8380 = ORIENTED_EDGE('',*,*,#7630,.T.);
#8381 = ORIENTED_EDGE('',*,*,#7532,.T.);
#8382 = ORIENTED_EDGE('',*,*,#7434,.T.);
#8383 = ORIENTED_EDGE('',*,*,#7336,.T.);
#8384 = ORIENTED_EDGE('',*,*,#7238,.T.);
#8385 = ORIENTED_EDGE('',*,*,#7140,.T.);
#8386 = ORIENTED_EDGE('',*,*,#7042,.T.);
#8387 = ORIENTED_EDGE('',*,*,#6944,.T.);
#8388 = ORIENTED_EDGE('',*,*,#6846,.T.);
#8389 = ORIENTED_EDGE('',*,*,#6748,.T.);
#8390 = ORIENTED_EDGE('',*,*,#6650,.T.);
#8391 = ORIENTED_EDGE('',*,*,#6552,.T.);
#8392 = ORIENTED_EDGE('',*,*,#6454,.T.);
#8393 = ORIENTED_EDGE('',*,*,#6356,.T.);
#8394 = ORIENTED_EDGE('',*,*,#6258,.T.);
#8395 = ORIENTED_EDGE('',*,*,#6160,.T.);
#8396 = ORIENTED_EDGE('',*,*,#6062,.T.);
#8397 = ORIENTED_EDGE('',*,*,#5964,.T.);
#8398 = ORIENTED_EDGE('',*,*,#5866,.T.);
#8399 = ORIENTED_EDGE('',*,*,#5768,.T.);
#8400 = ORIENTED_EDGE('',*,*,#5670,.T.);
#8401 = ORIENTED_EDGE('',*,*,#5572,.T.);
#8402 = ORIENTED_EDGE('',*,*,#5474,.T.);
#8403 = ORIENTED_EDGE('',*,*,#5376,.T.);
#8404 = ORIENTED_EDGE('',*,*,#5278,.T.);
#8405 = ORIENTED_EDGE('',*,*,#5180,.T.);
#8406 = ORIENTED_EDGE('',*,*,#5082,.T.);
#8407 = ORIENTED_EDGE('',*,*,#4984,.T.);
#8408 = ORIENTED_EDGE('',*,*,#4886,.T.);
#8409 = ORIENTED_EDGE('',*,*,#4788,.T.);
#8410 = ORIENTED_EDGE('',*,*,#4690,.T.);
#8411 = ORIENTED_EDGE('',*,*,#4592,.T.);
#8412 = ORIENTED_EDGE('',*,*,#4494,.T.);
#8413 = ORIENTED_EDGE('',*,*,#4396,.T.);
#8414 = ORIENTED_EDGE('',*,*,#4298,.T.);
#8415 = ORIENTED_EDGE('',*,*,#4200,.T.);
#8416 = ORIENTED_EDGE('',*,*,#4102,.T.);
#8417 = ORIENTED_EDGE('',*,*,#4004,.T.);
#8418 = ORIENTED_EDGE('',*,*,#3906,.T.);
#8419 = ORIENTED_EDGE('',*,*,#3808,.T.);
#8420 = ORIENTED_EDGE('',*,*,#3709,.T.);
#8421 = ORIENTED_EDGE('',*,*,#3611,.T.);
#8422 = ORIENTED_EDGE('',*,*,#3512,.T.);
#8423 = ORIENTED_EDGE('',*,*,#3383,.T.);
#8424 = ORIENTED_EDGE('',*,*,#3284,.T.);
#8425 = ORIENTED_EDGE('',*,*,#3187,.T.);
#8426 = ADVANCED_FACE('',(#8427),#3474,.F.);
#8427 = FACE_BOUND('',#8428,.F.);
#8428 = EDGE_LOOP('',(#8429,#8452,#8479,#8480));
#8429 = ORIENTED_EDGE('',*,*,#8430,.F.);
#8430 = EDGE_CURVE('',#8431,#3458,#8433,.T.);
#8431 = VERTEX_POINT('',#8432);
#8432 = CARTESIAN_POINT('',(4.,-10.,4.59));
#8433 = SEAM_CURVE('',#8434,(#8438,#8445),.PCURVE_S1.);
#8434 = LINE('',#8435,#8436);
#8435 = CARTESIAN_POINT('',(4.,-10.,4.59));
#8436 = VECTOR('',#8437,1.);
#8437 = DIRECTION('',(0.,0.,1.));
#8438 = PCURVE('',#3474,#8439);
#8439 = DEFINITIONAL_REPRESENTATION('',(#8440),#8444);
#8440 = LINE('',#8441,#8442);
#8441 = CARTESIAN_POINT('',(0.,-0.));
#8442 = VECTOR('',#8443,1.);
#8443 = DIRECTION('',(0.,1.));
#8444 = ( GEOMETRIC_REPRESENTATION_CONTEXT(2) 
PARAMETRIC_REPRESENTATION_CONTEXT() REPRESENTATION_CONTEXT('2D SPACE',''
  ) );
#8445 = PCURVE('',#3474,#8446);
#8446 = DEFINITIONAL_REPRESENTATION('',(#8447),#8451);
#8447 = LINE('',#8448,#8449);
#8448 = CARTESIAN_POINT('',(6.28318530718,-0.));
#8449 = VECTOR('',#8450,1.);
#8450 = DIRECTION('',(0.,1.));
#8451 = ( GEOMETRIC_REPRESENTATION_CONTEXT(2) 
PARAMETRIC_REPRESENTATION_CONTEXT() REPRESENTATION_CONTEXT('2D SPACE',''
  ) );
#8452 = ORIENTED_EDGE('',*,*,#8453,.T.);
#8453 = EDGE_CURVE('',#8431,#8431,#8454,.T.);
#8454 = SURFACE_CURVE('',#8455,(#8460,#8467),.PCURVE_S1.);
#8455 = CIRCLE('',#8456,4.);
#8456 = AXIS2_PLACEMENT_3D('',#8457,#8458,#8459);
#8457 = CARTESIAN_POINT('',(0.,-10.,4.59));
#8458 = DIRECTION('',(0.,0.,1.));
#8459 = DIRECTION('',(1.,0.,-0.));
#8460 = PCURVE('',#3474,#8461);
#8461 = DEFINITIONAL_REPRESENTATION('',(#8462),#8466);
#8462 = LINE('',#8463,#8464);
#8463 = CARTESIAN_POINT('',(0.,0.));
#8464 = VECTOR('',#8465,1.);
#8465 = DIRECTION('',(1.,0.));
#8466 = ( GEOMETRIC_REPRESENTATION_CONTEXT(2) 
PARAMETRIC_REPRESENTATION_CONTEXT() REPRESENTATION_CONTEXT('2D SPACE',''
  ) );
#8467 = PCURVE('',#8468,#8473);
#8468 = PLANE('',#8469);
#8469 = AXIS2_PLACEMENT_3D('',#8470,#8471,#8472);
#8470 = CARTESIAN_POINT('',(0.,-10.,4.59));
#8471 = DIRECTION('',(0.,0.,1.));
#8472 = DIRECTION('',(1.,0.,-0.));
#8473 = DEFINITIONAL_REPRESENTATION('',(#8474),#8478);
#8474 = CIRCLE('',#8475,4.);
#8475 = AXIS2_PLACEMENT_2D('',#8476,#8477);
#8476 = CARTESIAN_POINT('',(0.,0.));
#8477 = DIRECTION('',(1.,0.));
#8478 = ( GEOMETRIC_REPRESENTATION_CONTEXT(2) 
PARAMETRIC_REPRESENTATION_CONTEXT() REPRESENTATION_CONTEXT('2D SPACE',''
  ) );
#8479 = ORIENTED_EDGE('',*,*,#8430,.T.);
#8480 = ORIENTED_EDGE('',*,*,#3457,.F.);
#8481 = ADVANCED_FACE('',(#8482,#8485),#8468,.T.);
#8482 = FACE_BOUND('',#8483,.T.);
#8483 = EDGE_LOOP('',(#8484));
#8484 = ORIENTED_EDGE('',*,*,#8453,.T.);
#8485 = FACE_BOUND('',#8486,.T.);
#8486 = EDGE_LOOP('',(#8487));
#8487 = ORIENTED_EDGE('',*,*,#8488,.F.);
#8488 = EDGE_CURVE('',#8489,#8489,#8491,.T.);
#8489 = VERTEX_POINT('',#8490);
#8490 = CARTESIAN_POINT('',(3.99,-10.,4.59));
#8491 = SURFACE_CURVE('',#8492,(#8497,#8504),.PCURVE_S1.);
#8492 = CIRCLE('',#8493,3.99);
#8493 = AXIS2_PLACEMENT_3D('',#8494,#8495,#8496);
#8494 = CARTESIAN_POINT('',(0.,-10.,4.59));
#8495 = DIRECTION('',(0.,0.,1.));
#8496 = DIRECTION('',(1.,0.,-0.));
#8497 = PCURVE('',#8468,#8498);
#8498 = DEFINITIONAL_REPRESENTATION('',(#8499),#8503);
#8499 = CIRCLE('',#8500,3.99);
#8500 = AXIS2_PLACEMENT_2D('',#8501,#8502);
#8501 = CARTESIAN_POINT('',(0.,0.));
#8502 = DIRECTION('',(1.,0.));
#8503 = ( GEOMETRIC_REPRESENTATION_CONTEXT(2) 
PARAMETRIC_REPRESENTATION_CONTEXT() REPRESENTATION_CONTEXT('2D SPACE',''
  ) );
#8504 = PCURVE('',#8505,#8510);
#8505 = CONICAL_SURFACE('',#8506,1.,0.785398163397);
#8506 = AXIS2_PLACEMENT_3D('',#8507,#8508,#8509);
#8507 = CARTESIAN_POINT('',(0.,-10.,1.6));
#8508 = DIRECTION('',(0.,0.,1.));
#8509 = DIRECTION('',(1.,0.,-0.));
#8510 = DEFINITIONAL_REPRESENTATION('',(#8511),#8515);
#8511 = LINE('',#8512,#8513);
#8512 = CARTESIAN_POINT('',(0.,2.99));
#8513 = VECTOR('',#8514,1.);
#8514 = DIRECTION('',(1.,0.));
#8515 = ( GEOMETRIC_REPRESENTATION_CONTEXT(2) 
PARAMETRIC_REPRESENTATION_CONTEXT() REPRESENTATION_CONTEXT('2D SPACE',''
  ) );
#8516 = ADVANCED_FACE('',(#8517),#8505,.F.);
#8517 = FACE_BOUND('',#8518,.F.);
#8518 = EDGE_LOOP('',(#8519,#8520,#8543,#8570));
#8519 = ORIENTED_EDGE('',*,*,#8488,.F.);
#8520 = ORIENTED_EDGE('',*,*,#8521,.F.);
#8521 = EDGE_CURVE('',#8522,#8489,#8524,.T.);
#8522 = VERTEX_POINT('',#8523);
#8523 = CARTESIAN_POINT('',(1.,-10.,1.6));
#8524 = SEAM_CURVE('',#8525,(#8529,#8536),.PCURVE_S1.);
#8525 = LINE('',#8526,#8527);
#8526 = CARTESIAN_POINT('',(1.,-10.,1.6));
#8527 = VECTOR('',#8528,1.);
#8528 = DIRECTION('',(0.707106781187,-1.731912112471E-16,0.707106781187)
  );
#8529 = PCURVE('',#8505,#8530);
#8530 = DEFINITIONAL_REPRESENTATION('',(#8531),#8535);
#8531 = LINE('',#8532,#8533);
#8532 = CARTESIAN_POINT('',(6.28318530718,-0.));
#8533 = VECTOR('',#8534,1.);
#8534 = DIRECTION('',(0.,1.));
#8535 = ( GEOMETRIC_REPRESENTATION_CONTEXT(2) 
PARAMETRIC_REPRESENTATION_CONTEXT() REPRESENTATION_CONTEXT('2D SPACE',''
  ) );
#8536 = PCURVE('',#8505,#8537);
#8537 = DEFINITIONAL_REPRESENTATION('',(#8538),#8542);
#8538 = LINE('',#8539,#8540);
#8539 = CARTESIAN_POINT('',(0.,-0.));
#8540 = VECTOR('',#8541,1.);
#8541 = DIRECTION('',(0.,1.));
#8542 = ( GEOMETRIC_REPRESENTATION_CONTEXT(2) 
PARAMETRIC_REPRESENTATION_CONTEXT() REPRESENTATION_CONTEXT('2D SPACE',''
  ) );
#8543 = ORIENTED_EDGE('',*,*,#8544,.T.);
#8544 = EDGE_CURVE('',#8522,#8522,#8545,.T.);
#8545 = SURFACE_CURVE('',#8546,(#8551,#8558),.PCURVE_S1.);
#8546 = CIRCLE('',#8547,1.);
#8547 = AXIS2_PLACEMENT_3D('',#8548,#8549,#8550);
#8548 = CARTESIAN_POINT('',(0.,-10.,1.6));
#8549 = DIRECTION('',(0.,0.,1.));
#8550 = DIRECTION('',(1.,0.,-0.));
#8551 = PCURVE('',#8505,#8552);
#8552 = DEFINITIONAL_REPRESENTATION('',(#8553),#8557);
#8553 = LINE('',#8554,#8555);
#8554 = CARTESIAN_POINT('',(0.,0.));
#8555 = VECTOR('',#8556,1.);
#8556 = DIRECTION('',(1.,0.));
#8557 = ( GEOMETRIC_REPRESENTATION_CONTEXT(2) 
PARAMETRIC_REPRESENTATION_CONTEXT() REPRESENTATION_CONTEXT('2D SPACE',''
  ) );
#8558 = PCURVE('',#8559,#8564);
#8559 = PLANE('',#8560);
#8560 = AXIS2_PLACEMENT_3D('',#8561,#8562,#8563);
#8561 = CARTESIAN_POINT('',(0.,-10.,1.6));
#8562 = DIRECTION('',(0.,0.,1.));
#8563 = DIRECTION('',(1.,0.,-0.));
#8564 = DEFINITIONAL_REPRESENTATION('',(#8565),#8569);
#8565 = CIRCLE('',#8566,1.);
#8566 = AXIS2_PLACEMENT_2D('',#8567,#8568);
#8567 = CARTESIAN_POINT('',(0.,0.));
#8568 = DIRECTION('',(1.,0.));
#8569 = ( GEOMETRIC_REPRESENTATION_CONTEXT(2) 
PARAMETRIC_REPRESENTATION_CONTEXT() REPRESENTATION_CONTEXT('2D SPACE',''
  ) );
#8570 = ORIENTED_EDGE('',*,*,#8521,.T.);
#8571 = ADVANCED_FACE('',(#8572),#8559,.T.);
#8572 = FACE_BOUND('',#8573,.F.);
#8573 = EDGE_LOOP('',(#8574));
#8574 = ORIENTED_EDGE('',*,*,#8544,.F.);
#8575 = ( GEOMETRIC_REPRESENTATION_CONTEXT(3) 
GLOBAL_UNCERTAINTY_ASSIGNED_CONTEXT((#8579)) 
GLOBAL_UNIT_ASSIGNED_CONTEXT((#8576,#8577,#8578)) REPRESENTATION_CONTEXT
('Context #1','3D Context with UNIT and UNCERTAINTY') );
#8576 = ( LENGTH_UNIT() NAMED_UNIT(*) SI_UNIT(.MILLI.,.METRE.) );
#8577 = ( NAMED_UNIT(*) PLANE_ANGLE_UNIT() SI_UNIT($,.RADIAN.) );
#8578 = ( NAMED_UNIT(*) SI_UNIT($,.STERADIAN.) SOLID_ANGLE_UNIT() );
#8579 = UNCERTAINTY_MEASURE_WITH_UNIT(LENGTH_MEASURE(2.E-07),#8576,
  'distance_accuracy_value','confusion accuracy');
#8580 = PRODUCT_RELATED_PRODUCT_CATEGORY('part',$,(#7));
ENDSEC;
END-ISO-10303-21;
