ISO-10303-21;
HEADER;
FILE_DESCRIPTION(('Open CASCADE Model'),'2;1');
FILE_NAME('Open CASCADE Shape Model','2026-09-23T15:09:38',('Author'),(
    'Open CASCADE'),'Open CASCADE STEP processor 7.9','Open CASCADE 7.9'
  ,'Unknown');
FILE_SCHEMA(('AUTOMOTIVE_DESIGN { 1 0 10303 214 1 1 1 1 }'));
ENDSEC;
DATA;
#1 = APPLICATION_PROTOCOL_DEFINITION('international standard',
  'automotive_design',2000,#2);
#2 = APPLICATION_CONTEXT(
  'core data for automotive mechanical design processes');
#3 = SHAPE_DEFINITION_REPRESENTATION(#4,#10);
#4 = PRODUCT_DEFINITION_SHAPE('','',#5);
#5 = PRODUCT_DEFINITION('design','',#6,#9);
#6 = PRODUCT_DEFINITION_FORMATION('','',#7);
#7 = PRODUCT('Open CASCADE STEP translator 7.9 2',
  'Open CASCADE STEP translator 7.9 2','',(#8));
#8 = PRODUCT_CONTEXT('',#2,'mechanical');
#9 = PRODUCT_DEFINITION_CONTEXT('part definition',#2,'design');
#10 = ADVANCED_BREP_SHAPE_REPRESENTATION('',(#11,#15),#3736);
#11 = AXIS2_PLACEMENT_3D('',#12,#13,#14);
#12 = CARTESIAN_POINT('',(0.,0.,0.));
#13 = DIRECTION('',(0.,0.,1.));
#14 = DIRECTION('',(1.,0.,-0.));
#15 = MANIFOLD_SOLID_BREP('',#16);
#16 = CLOSED_SHELL('',(#17,#178,#1220,#1269,#2149,#2176,#2203,#2308,
    #2363,#2431,#2491,#2559,#2622,#2703,#2710,#2757,#2784,#2811,#2838,
    #2865,#2872,#2919,#2946,#2973,#3000,#3027,#3034,#3081,#3108,#3135,
    #3162,#3189,#3196,#3243,#3270,#3297,#3324,#3351,#3358,#3413,#3476,
    #3531,#3594,#3621,#3648,#3675,#3702,#3729));
#17 = ADVANCED_FACE('',(#18),#33,.T.);
#18 = FACE_BOUND('',#19,.T.);
#19 = EDGE_LOOP('',(#20,#63,#91,#152));
#20 = ORIENTED_EDGE('',*,*,#21,.F.);
#21 = EDGE_CURVE('',#22,#24,#26,.T.);
#22 = VERTEX_POINT('',#23);
#23 = CARTESIAN_POINT('',(1.00892989728,0.,0.));
#24 = VERTEX_POINT('',#25);
#25 = CARTESIAN_POINT('',(7.105427357601E-15,57.15,0.));
#26 = SURFACE_CURVE('',#27,(#32,#47),.PCURVE_S1.);
#27 = ELLIPSE('',#28,424.44736842105,110.79605803202);
#28 = AXIS2_PLACEMENT_3D('',#29,#30,#31);
#29 = CARTESIAN_POINT('',(110.79605803202,57.15,0.));
#30 = DIRECTION('',(0.,-0.,-1.));
#31 = DIRECTION('',(1.110223024625E-16,-1.,0.));
#32 = PCURVE('',#33,#41);
#33 = SURFACE_OF_LINEAR_EXTRUSION('',#34,#39);
#34 = ELLIPSE('',#35,424.44736842105,110.79605803202);
#35 = AXIS2_PLACEMENT_3D('',#36,#37,#38);
#36 = CARTESIAN_POINT('',(110.79605803202,57.15,0.));
#37 = DIRECTION('',(0.,-0.,-1.));
#38 = DIRECTION('',(1.110223024625E-16,-1.,0.));
#39 = VECTOR('',#40,1.);
#40 = DIRECTION('',(-0.,0.,-1.));
#41 = DEFINITIONAL_REPRESENTATION('',(#42),#46);
#42 = LINE('',#43,#44);
#43 = CARTESIAN_POINT('',(0.,0.));
#44 = VECTOR('',#45,1.);
#45 = DIRECTION('',(1.,0.));
#46 = ( GEOMETRIC_REPRESENTATION_CONTEXT(2) 
PARAMETRIC_REPRESENTATION_CONTEXT() REPRESENTATION_CONTEXT('2D SPACE',''
  ) );
#47 = PCURVE('',#48,#53);
#48 = PLANE('',#49);
#49 = AXIS2_PLACEMENT_3D('',#50,#51,#52);
#50 = CARTESIAN_POINT('',(238.15334829633,27.850133547595,0.));
#51 = DIRECTION('',(0.,0.,1.));
#52 = DIRECTION('',(1.110223024625E-16,-1.,0.));
#53 = DEFINITIONAL_REPRESENTATION('',(#54),#62);
#54 = ( BOUNDED_CURVE() B_SPLINE_CURVE(2,(#55,#56,#57,#58,#59,#60,#61),
.UNSPECIFIED.,.T.,.F.) B_SPLINE_CURVE_WITH_KNOTS((1,2,2,2,2,1),(
    -2.094395102393,0.,2.094395102393,4.188790204786,6.28318530718,
8.377580409573),.UNSPECIFIED.) CURVE() GEOMETRIC_REPRESENTATION_ITEM() 
RATIONAL_B_SPLINE_CURVE((1.,0.5,1.,0.5,1.,0.5,1.)) REPRESENTATION_ITEM(
  '') );
#55 = CARTESIAN_POINT('',(395.14750196864,-127.3572902643));
#56 = CARTESIAN_POINT('',(395.14750196864,-319.2616920541));
#57 = CARTESIAN_POINT('',(-241.5235506629,-223.3094911592));
#58 = CARTESIAN_POINT('',(-878.1946032945,-127.3572902643));
#59 = CARTESIAN_POINT('',(-241.5235506629,-31.4050893694));
#60 = CARTESIAN_POINT('',(395.14750196864,64.547111525498));
#61 = CARTESIAN_POINT('',(395.14750196864,-127.3572902643));
#62 = ( GEOMETRIC_REPRESENTATION_CONTEXT(2) 
PARAMETRIC_REPRESENTATION_CONTEXT() REPRESENTATION_CONTEXT('2D SPACE',''
  ) );
#63 = ORIENTED_EDGE('',*,*,#64,.T.);
#64 = EDGE_CURVE('',#22,#65,#67,.T.);
#65 = VERTEX_POINT('',#66);
#66 = CARTESIAN_POINT('',(1.00892989728,0.,12.7));
#67 = SURFACE_CURVE('',#68,(#72,#79),.PCURVE_S1.);
#68 = LINE('',#69,#70);
#69 = CARTESIAN_POINT('',(1.00892989728,0.,0.));
#70 = VECTOR('',#71,1.);
#71 = DIRECTION('',(0.,0.,1.));
#72 = PCURVE('',#33,#73);
#73 = DEFINITIONAL_REPRESENTATION('',(#74),#78);
#74 = LINE('',#75,#76);
#75 = CARTESIAN_POINT('',(1.435740459987,0.));
#76 = VECTOR('',#77,1.);
#77 = DIRECTION('',(0.,-1.));
#78 = ( GEOMETRIC_REPRESENTATION_CONTEXT(2) 
PARAMETRIC_REPRESENTATION_CONTEXT() REPRESENTATION_CONTEXT('2D SPACE',''
  ) );
#79 = PCURVE('',#80,#85);
#80 = PLANE('',#81);
#81 = AXIS2_PLACEMENT_3D('',#82,#83,#84);
#82 = CARTESIAN_POINT('',(1.00892989728,0.,0.));
#83 = DIRECTION('',(-1.110223024625E-16,1.,0.));
#84 = DIRECTION('',(1.,1.110223024625E-16,0.));
#85 = DEFINITIONAL_REPRESENTATION('',(#86),#90);
#86 = LINE('',#87,#88);
#87 = CARTESIAN_POINT('',(0.,0.));
#88 = VECTOR('',#89,1.);
#89 = DIRECTION('',(0.,-1.));
#90 = ( GEOMETRIC_REPRESENTATION_CONTEXT(2) 
PARAMETRIC_REPRESENTATION_CONTEXT() REPRESENTATION_CONTEXT('2D SPACE',''
  ) );
#91 = ORIENTED_EDGE('',*,*,#92,.F.);
#92 = EDGE_CURVE('',#93,#65,#95,.T.);
#93 = VERTEX_POINT('',#94);
#94 = CARTESIAN_POINT('',(0.,57.15,12.7));
#95 = SURFACE_CURVE('',#96,(#111,#129),.PCURVE_S1.);
#96 = B_SPLINE_CURVE_WITH_KNOTS('',4,(#97,#98,#99,#100,#101,#102,#103,
    #104,#105,#106,#107,#108,#109,#110),.UNSPECIFIED.,.F.,.F.,(5,3,3,3,5
    ),(0.,0.250665056655,0.501063871145,0.750930567093,1.),
  .UNSPECIFIED.);
#97 = CARTESIAN_POINT('',(0.,57.150000000044,12.7));
#98 = CARTESIAN_POINT('',(-9.947598300641E-14,53.567877589386,12.7));
#99 = CARTESIAN_POINT('',(1.0521950964E-02,49.985755193514,12.7));
#100 = CARTESIAN_POINT('',(3.156584337839E-02,46.403679111993,12.7));
#101 = CARTESIAN_POINT('',(9.469672263281E-02,39.243517344434,12.7));
#102 = CARTESIAN_POINT('',(0.136761343199,35.665431491024,12.7));
#103 = CARTESIAN_POINT('',(0.189358223953,32.08748482234,12.7));
#104 = CARTESIAN_POINT('',(0.315548030239,24.939567560035,12.7));
#105 = CARTESIAN_POINT('',(0.389096116501,21.369596205429,12.7));
#106 = CARTESIAN_POINT('',(0.473197143715,17.799857633898,12.7));
#107 = CARTESIAN_POINT('',(0.662302054832,10.672332365572,12.7));
#108 = CARTESIAN_POINT('',(0.767238411912,7.114543909115,12.7));
#109 = CARTESIAN_POINT('',(0.882758839647,3.55708305726,12.7));
#110 = CARTESIAN_POINT('',(1.008929897284,-1.09999120923E-10,12.7));
#111 = PCURVE('',#33,#112);
#112 = DEFINITIONAL_REPRESENTATION('',(#113),#128);
#113 = B_SPLINE_CURVE_WITH_KNOTS('',4,(#114,#115,#116,#117,#118,#119,
    #120,#121,#122,#123,#124,#125,#126,#127),.UNSPECIFIED.,.F.,.F.,(5,3,
    3,3,5),(0.,0.250665056655,0.501063871145,0.750930567093,1.),
  .UNSPECIFIED.);
#114 = CARTESIAN_POINT('',(1.570796326795,-12.7));
#115 = CARTESIAN_POINT('',(1.562356829516,-12.7));
#116 = CARTESIAN_POINT('',(1.553917332019,-12.7));
#117 = CARTESIAN_POINT('',(1.545476341963,-12.7));
#118 = CARTESIAN_POINT('',(1.52859734694,-12.7));
#119 = CARTESIAN_POINT('',(1.520159347884,-12.7));
#120 = CARTESIAN_POINT('',(1.511716868463,-12.7));
#121 = CARTESIAN_POINT('',(1.494837872039,-12.7));
#122 = CARTESIAN_POINT('',(1.486401380035,-12.7));
#123 = CARTESIAN_POINT('',(1.477957411778,-12.7));
#124 = CARTESIAN_POINT('',(1.461078412992,-12.7));
#125 = CARTESIAN_POINT('',(1.452643439437,-12.7));
#126 = CARTESIAN_POINT('',(1.444197980213,-12.7));
#127 = CARTESIAN_POINT('',(1.435740459987,-12.7));
#128 = ( GEOMETRIC_REPRESENTATION_CONTEXT(2) 
PARAMETRIC_REPRESENTATION_CONTEXT() REPRESENTATION_CONTEXT('2D SPACE',''
  ) );
#129 = PCURVE('',#130,#135);
#130 = PLANE('',#131);
#131 = AXIS2_PLACEMENT_3D('',#132,#133,#134);
#132 = CARTESIAN_POINT('',(0.,57.15,12.7));
#133 = DIRECTION('',(0.,0.,1.));
#134 = DIRECTION('',(1.110223024625E-16,-1.,0.));
#135 = DEFINITIONAL_REPRESENTATION('',(#136),#151);
#136 = B_SPLINE_CURVE_WITH_KNOTS('',4,(#137,#138,#139,#140,#141,#142,
    #143,#144,#145,#146,#147,#148,#149,#150),.UNSPECIFIED.,.F.,.F.,(5,3,
    3,3,5),(0.,0.250665056655,0.501063871145,0.750930567093,1.),
  .UNSPECIFIED.);
#137 = CARTESIAN_POINT('',(-4.385469765111E-11,4.868849507024E-27));
#138 = CARTESIAN_POINT('',(3.582122410614,-9.987367848414E-14));
#139 = CARTESIAN_POINT('',(7.164244806486,1.0521950964E-02));
#140 = CARTESIAN_POINT('',(10.746320888007,3.156584337839E-02));
#141 = CARTESIAN_POINT('',(17.906482655566,9.469672263281E-02));
#142 = CARTESIAN_POINT('',(21.484568508976,0.136761343199));
#143 = CARTESIAN_POINT('',(25.06251517766,0.189358223953));
#144 = CARTESIAN_POINT('',(32.210432439965,0.315548030239));
#145 = CARTESIAN_POINT('',(35.780403794571,0.389096116501));
#146 = CARTESIAN_POINT('',(39.350142366102,0.473197143715));
#147 = CARTESIAN_POINT('',(46.477667634428,0.662302054832));
#148 = CARTESIAN_POINT('',(50.035456090885,0.767238411912));
#149 = CARTESIAN_POINT('',(53.59291694274,0.882758839647));
#150 = CARTESIAN_POINT('',(57.15000000011,1.008929897284));
#151 = ( GEOMETRIC_REPRESENTATION_CONTEXT(2) 
PARAMETRIC_REPRESENTATION_CONTEXT() REPRESENTATION_CONTEXT('2D SPACE',''
  ) );
#152 = ORIENTED_EDGE('',*,*,#153,.F.);
#153 = EDGE_CURVE('',#24,#93,#154,.T.);
#154 = SURFACE_CURVE('',#155,(#159,#166),.PCURVE_S1.);
#155 = LINE('',#156,#157);
#156 = CARTESIAN_POINT('',(1.42108547152E-14,57.15,0.));
#157 = VECTOR('',#158,1.);
#158 = DIRECTION('',(0.,0.,1.));
#159 = PCURVE('',#33,#160);
#160 = DEFINITIONAL_REPRESENTATION('',(#161),#165);
#161 = LINE('',#162,#163);
#162 = CARTESIAN_POINT('',(1.570796326795,0.));
#163 = VECTOR('',#164,1.);
#164 = DIRECTION('',(0.,-1.));
#165 = ( GEOMETRIC_REPRESENTATION_CONTEXT(2) 
PARAMETRIC_REPRESENTATION_CONTEXT() REPRESENTATION_CONTEXT('2D SPACE',''
  ) );
#166 = PCURVE('',#167,#172);
#167 = PLANE('',#168);
#168 = AXIS2_PLACEMENT_3D('',#169,#170,#171);
#169 = CARTESIAN_POINT('',(457.2,57.15,0.));
#170 = DIRECTION('',(1.110223024625E-16,-1.,0.));
#171 = DIRECTION('',(-1.,-1.110223024625E-16,0.));
#172 = DEFINITIONAL_REPRESENTATION('',(#173),#177);
#173 = LINE('',#174,#175);
#174 = CARTESIAN_POINT('',(457.2,0.));
#175 = VECTOR('',#176,1.);
#176 = DIRECTION('',(0.,-1.));
#177 = ( GEOMETRIC_REPRESENTATION_CONTEXT(2) 
PARAMETRIC_REPRESENTATION_CONTEXT() REPRESENTATION_CONTEXT('2D SPACE',''
  ) );
#178 = ADVANCED_FACE('',(#179,#540,#710,#880,#1050),#48,.F.);
#179 = FACE_BOUND('',#180,.F.);
#180 = EDGE_LOOP('',(#181,#182,#205,#233,#269,#297,#350,#378,#431,#459,
    #491,#519));
#181 = ORIENTED_EDGE('',*,*,#21,.F.);
#182 = ORIENTED_EDGE('',*,*,#183,.T.);
#183 = EDGE_CURVE('',#22,#184,#186,.T.);
#184 = VERTEX_POINT('',#185);
#185 = CARTESIAN_POINT('',(249.72533987072,0.,0.));
#186 = SURFACE_CURVE('',#187,(#191,#198),.PCURVE_S1.);
#187 = LINE('',#188,#189);
#188 = CARTESIAN_POINT('',(1.00892989728,0.,0.));
#189 = VECTOR('',#190,1.);
#190 = DIRECTION('',(1.,1.110223024625E-16,0.));
#191 = PCURVE('',#48,#192);
#192 = DEFINITIONAL_REPRESENTATION('',(#193),#197);
#193 = LINE('',#194,#195);
#194 = CARTESIAN_POINT('',(27.850133547595,-237.144418399));
#195 = VECTOR('',#196,1.);
#196 = DIRECTION('',(0.,1.));
#197 = ( GEOMETRIC_REPRESENTATION_CONTEXT(2) 
PARAMETRIC_REPRESENTATION_CONTEXT() REPRESENTATION_CONTEXT('2D SPACE',''
  ) );
#198 = PCURVE('',#80,#199);
#199 = DEFINITIONAL_REPRESENTATION('',(#200),#204);
#200 = LINE('',#201,#202);
#201 = CARTESIAN_POINT('',(0.,0.));
#202 = VECTOR('',#203,1.);
#203 = DIRECTION('',(1.,0.));
#204 = ( GEOMETRIC_REPRESENTATION_CONTEXT(2) 
PARAMETRIC_REPRESENTATION_CONTEXT() REPRESENTATION_CONTEXT('2D SPACE',''
  ) );
#205 = ORIENTED_EDGE('',*,*,#206,.T.);
#206 = EDGE_CURVE('',#184,#207,#209,.T.);
#207 = VERTEX_POINT('',#208);
#208 = CARTESIAN_POINT('',(249.72533987072,8.624678075187,
    -2.636779683485E-16));
#209 = SURFACE_CURVE('',#210,(#214,#221),.PCURVE_S1.);
#210 = LINE('',#211,#212);
#211 = CARTESIAN_POINT('',(249.72533987072,13.975529487974,0.));
#212 = VECTOR('',#213,1.);
#213 = DIRECTION('',(0.,1.,0.));
#214 = PCURVE('',#48,#215);
#215 = DEFINITIONAL_REPRESENTATION('',(#216),#220);
#216 = LINE('',#217,#218);
#217 = CARTESIAN_POINT('',(13.874604059621,11.57199157439));
#218 = VECTOR('',#219,1.);
#219 = DIRECTION('',(-1.,1.110223024625E-16));
#220 = ( GEOMETRIC_REPRESENTATION_CONTEXT(2) 
PARAMETRIC_REPRESENTATION_CONTEXT() REPRESENTATION_CONTEXT('2D SPACE',''
  ) );
#221 = PCURVE('',#222,#227);
#222 = PLANE('',#223);
#223 = AXIS2_PLACEMENT_3D('',#224,#225,#226);
#224 = CARTESIAN_POINT('',(249.72533987072,-8.644611061566,6.38718655506
    ));
#225 = DIRECTION('',(1.,0.,0.));
#226 = DIRECTION('',(-0.,0.,1.));
#227 = DEFINITIONAL_REPRESENTATION('',(#228),#232);
#228 = LINE('',#229,#230);
#229 = CARTESIAN_POINT('',(-6.38718655506,-22.62014054954));
#230 = VECTOR('',#231,1.);
#231 = DIRECTION('',(0.,-1.));
#232 = ( GEOMETRIC_REPRESENTATION_CONTEXT(2) 
PARAMETRIC_REPRESENTATION_CONTEXT() REPRESENTATION_CONTEXT('2D SPACE',''
  ) );
#233 = ORIENTED_EDGE('',*,*,#234,.F.);
#234 = EDGE_CURVE('',#235,#207,#237,.T.);
#235 = VERTEX_POINT('',#236);
#236 = CARTESIAN_POINT('',(249.68049521623,8.782558121491,
    -6.106226635438E-16));
#237 = SURFACE_CURVE('',#238,(#243,#254),.PCURVE_S1.);
#238 = ELLIPSE('',#239,0.30018286329,0.3);
#239 = AXIS2_PLACEMENT_3D('',#240,#241,#242);
#240 = CARTESIAN_POINT('',(249.42533987072,8.624678075187,
    1.37227662929E-18));
#241 = DIRECTION('',(0.,0.,-1.));
#242 = DIRECTION('',(0.,1.,0.));
#243 = PCURVE('',#48,#244);
#244 = DEFINITIONAL_REPRESENTATION('',(#245),#253);
#245 = ( BOUNDED_CURVE() B_SPLINE_CURVE(2,(#246,#247,#248,#249,#250,#251
,#252),.UNSPECIFIED.,.T.,.F.) B_SPLINE_CURVE_WITH_KNOTS((1,2,2,2,2,1),(
    -2.094395102393,0.,2.094395102393,4.188790204786,6.28318530718,
8.377580409573),.UNSPECIFIED.) CURVE() GEOMETRIC_REPRESENTATION_ITEM() 
RATIONAL_B_SPLINE_CURVE((1.,0.5,1.,0.5,1.,0.5,1.)) REPRESENTATION_ITEM(
  '') );
#246 = CARTESIAN_POINT('',(18.925272609118,11.27199157439));
#247 = CARTESIAN_POINT('',(18.925272609118,11.791606816661));
#248 = CARTESIAN_POINT('',(19.375546904053,11.531799195526));
#249 = CARTESIAN_POINT('',(19.825821198988,11.27199157439));
#250 = CARTESIAN_POINT('',(19.375546904053,11.012183953255));
#251 = CARTESIAN_POINT('',(18.925272609118,10.75237633212));
#252 = CARTESIAN_POINT('',(18.925272609118,11.27199157439));
#253 = ( GEOMETRIC_REPRESENTATION_CONTEXT(2) 
PARAMETRIC_REPRESENTATION_CONTEXT() REPRESENTATION_CONTEXT('2D SPACE',''
  ) );
#254 = PCURVE('',#255,#260);
#255 = CYLINDRICAL_SURFACE('',#256,0.3);
#256 = AXIS2_PLACEMENT_3D('',#257,#258,#259);
#257 = CARTESIAN_POINT('',(249.42533987072,8.625311339291,
    1.813431127244E-02));
#258 = DIRECTION('',(0.,3.48994967025E-02,0.999390827019));
#259 = DIRECTION('',(1.,0.,-0.));
#260 = DEFINITIONAL_REPRESENTATION('',(#261),#268);
#261 = B_SPLINE_CURVE_WITH_KNOTS('',5,(#262,#263,#264,#265,#266,#267),
  .UNSPECIFIED.,.F.,.F.,(6,6),(1.01696905776,1.570796326795),
  .PIECEWISE_BEZIER_KNOTS.);
#262 = CARTESIAN_POINT('',(0.553827269035,-1.263543078279E-02));
#263 = CARTESIAN_POINT('',(0.443061815228,-1.3622375456E-02));
#264 = CARTESIAN_POINT('',(0.332296361421,-1.469381898232E-02));
#265 = CARTESIAN_POINT('',(0.221530907614,-1.582455378258E-02));
#266 = CARTESIAN_POINT('',(0.110765453807,-1.698496047448E-02));
#267 = CARTESIAN_POINT('',(0.,-1.814536493849E-02));
#268 = ( GEOMETRIC_REPRESENTATION_CONTEXT(2) 
PARAMETRIC_REPRESENTATION_CONTEXT() REPRESENTATION_CONTEXT('2D SPACE',''
  ) );
#269 = ORIENTED_EDGE('',*,*,#270,.T.);
#270 = EDGE_CURVE('',#235,#271,#273,.T.);
#271 = VERTEX_POINT('',#272);
#272 = CARTESIAN_POINT('',(237.47533988805,1.731612510257,0.));
#273 = SURFACE_CURVE('',#274,(#278,#285),.PCURVE_S1.);
#274 = LINE('',#275,#276);
#275 = CARTESIAN_POINT('',(249.87093930563,8.892578099138,
    -6.106226635438E-16));
#276 = VECTOR('',#277,1.);
#277 = DIRECTION('',(-0.865893403497,-0.50022856154,0.));
#278 = PCURVE('',#48,#279);
#279 = DEFINITIONAL_REPRESENTATION('',(#280),#284);
#280 = LINE('',#281,#282);
#281 = CARTESIAN_POINT('',(18.957555448457,11.7175910093));
#282 = VECTOR('',#283,1.);
#283 = DIRECTION('',(0.50022856154,-0.865893403497));
#284 = ( GEOMETRIC_REPRESENTATION_CONTEXT(2) 
PARAMETRIC_REPRESENTATION_CONTEXT() REPRESENTATION_CONTEXT('2D SPACE',''
  ) );
#285 = PCURVE('',#286,#291);
#286 = CYLINDRICAL_SURFACE('',#287,0.3);
#287 = AXIS2_PLACEMENT_3D('',#288,#289,#290);
#288 = CARTESIAN_POINT('',(249.87093930563,8.892578099138,0.3));
#289 = DIRECTION('',(-0.865893403497,-0.50022856154,0.));
#290 = DIRECTION('',(-0.,0.,-1.));
#291 = DEFINITIONAL_REPRESENTATION('',(#292),#296);
#292 = LINE('',#293,#294);
#293 = CARTESIAN_POINT('',(6.28318530718,0.));
#294 = VECTOR('',#295,1.);
#295 = DIRECTION('',(-0.,1.));
#296 = ( GEOMETRIC_REPRESENTATION_CONTEXT(2) 
PARAMETRIC_REPRESENTATION_CONTEXT() REPRESENTATION_CONTEXT('2D SPACE',''
  ) );
#297 = ORIENTED_EDGE('',*,*,#298,.F.);
#298 = EDGE_CURVE('',#299,#271,#301,.T.);
#299 = VERTEX_POINT('',#300);
#300 = CARTESIAN_POINT('',(236.72533987072,2.164889142559,0.));
#301 = SURFACE_CURVE('',#302,(#310,#321),.PCURVE_S1.);
#302 = B_SPLINE_CURVE_WITH_KNOTS('',6,(#303,#304,#305,#306,#307,#308,
    #309),.UNSPECIFIED.,.F.,.F.,(7,7),(0.,2.09465904264),
  .PIECEWISE_BEZIER_KNOTS.);
#303 = CARTESIAN_POINT('',(236.72533987072,2.164889142559,0.));
#304 = CARTESIAN_POINT('',(236.72533987072,1.99044065373,0.));
#305 = CARTESIAN_POINT('',(236.79821355403,1.816080292753,
    2.775557561563E-17));
#306 = CARTESIAN_POINT('',(236.94444567397,1.679253886188,
    -2.775557561563E-17));
#307 = CARTESIAN_POINT('',(237.13627968861,1.620200527776,
    8.326672684689E-17));
#308 = CARTESIAN_POINT('',(237.32407875208,1.644228612704,
    -5.551115123126E-17));
#309 = CARTESIAN_POINT('',(237.47533988805,1.731612510257,0.));
#310 = PCURVE('',#48,#311);
#311 = DEFINITIONAL_REPRESENTATION('',(#312),#320);
#312 = B_SPLINE_CURVE_WITH_KNOTS('',6,(#313,#314,#315,#316,#317,#318,
    #319),.UNSPECIFIED.,.F.,.F.,(7,7),(0.,2.09465904264),
  .PIECEWISE_BEZIER_KNOTS.);
#313 = CARTESIAN_POINT('',(25.685244405036,-1.42800842561));
#314 = CARTESIAN_POINT('',(25.859692893865,-1.42800842561));
#315 = CARTESIAN_POINT('',(26.034053254842,-1.3551347423));
#316 = CARTESIAN_POINT('',(26.170879661407,-1.20890262236));
#317 = CARTESIAN_POINT('',(26.229933019819,-1.01706860772));
#318 = CARTESIAN_POINT('',(26.205904934891,-0.82926954425));
#319 = CARTESIAN_POINT('',(26.118521037338,-0.67800840828));
#320 = ( GEOMETRIC_REPRESENTATION_CONTEXT(2) 
PARAMETRIC_REPRESENTATION_CONTEXT() REPRESENTATION_CONTEXT('2D SPACE',''
  ) );
#321 = PCURVE('',#322,#344);
#322 = ( BOUNDED_SURFACE() B_SPLINE_SURFACE(2,6,(
    (#323,#324,#325,#326,#327,#328,#329)
    ,(#330,#331,#332,#333,#334,#335,#336)
    ,(#337,#338,#339,#340,#341,#342,#343
)),.UNSPECIFIED.,.F.,.F.,.F.) B_SPLINE_SURFACE_WITH_KNOTS((3,3),(7,7),(
    0.,2.09465904264),(0.,2.09465904264),.PIECEWISE_BEZIER_KNOTS.) 
GEOMETRIC_REPRESENTATION_ITEM() RATIONAL_B_SPLINE_SURFACE((
    (1.,1.,1.,1.,1.,1.,1.)
    ,(0.707106781187,0.711397365029,0.715653893219,0.718972705005
      ,0.720417185422,0.719839159044,0.717712982335)
,(1.,1.,1.,1.,1.,1.,1.))) REPRESENTATION_ITEM('') SURFACE() );
#323 = CARTESIAN_POINT('',(236.72533987072,2.164889142559,0.));
#324 = CARTESIAN_POINT('',(236.72533987072,1.99044065373,0.));
#325 = CARTESIAN_POINT('',(236.79821355403,1.816080292753,
    2.775557561563E-17));
#326 = CARTESIAN_POINT('',(236.94444567397,1.679253886188,
    -2.775557561563E-17));
#327 = CARTESIAN_POINT('',(237.13627968861,1.620200527776,
    8.326672684689E-17));
#328 = CARTESIAN_POINT('',(237.32407875208,1.644228612704,
    -5.551115123126E-17));
#329 = CARTESIAN_POINT('',(237.47533988805,1.731612510257,0.));
#330 = CARTESIAN_POINT('',(237.02533987072,2.164889142559,
    -1.110223024625E-16));
#331 = CARTESIAN_POINT('',(237.0217211473,2.095594074604,
    -1.942890293094E-16));
#332 = CARTESIAN_POINT('',(237.0468055423,2.023316619607,
    8.326672684689E-16));
#333 = CARTESIAN_POINT('',(237.10443217416,1.961234364046,
    -8.326672684689E-16));
#334 = CARTESIAN_POINT('',(237.18792433358,1.934148406138,
    5.551115123126E-16));
#335 = CARTESIAN_POINT('',(237.26753996566,1.945663500946,0.));
#336 = CARTESIAN_POINT('',(237.32974045313,1.983644481119,0.));
#337 = CARTESIAN_POINT('',(237.02533987072,2.164889142559,0.3));
#338 = CARTESIAN_POINT('',(237.02533987072,2.095173605862,0.296359318883
    ));
#339 = CARTESIAN_POINT('',(237.05434207072,2.025522371083,0.292722005996
    ));
#340 = CARTESIAN_POINT('',(237.11243568023,1.970505388254,0.289848789175
    ));
#341 = CARTESIAN_POINT('',(237.18945730715,1.946524024714,0.288596555463
    ));
#342 = CARTESIAN_POINT('',(237.26475258189,1.956196494669,0.28910166344)
  );
#343 = CARTESIAN_POINT('',(237.32533987765,1.991261857608,0.290932844992
    ));
#344 = DEFINITIONAL_REPRESENTATION('',(#345),#349);
#345 = LINE('',#346,#347);
#346 = CARTESIAN_POINT('',(0.,0.));
#347 = VECTOR('',#348,1.);
#348 = DIRECTION('',(0.,1.));
#349 = ( GEOMETRIC_REPRESENTATION_CONTEXT(2) 
PARAMETRIC_REPRESENTATION_CONTEXT() REPRESENTATION_CONTEXT('2D SPACE',''
  ) );
#350 = ORIENTED_EDGE('',*,*,#351,.T.);
#351 = EDGE_CURVE('',#299,#352,#354,.T.);
#352 = VERTEX_POINT('',#353);
#353 = CARTESIAN_POINT('',(236.72533987072,54.985110857441,0.));
#354 = SURFACE_CURVE('',#355,(#359,#366),.PCURVE_S1.);
#355 = LINE('',#356,#357);
#356 = CARTESIAN_POINT('',(236.72533987072,1.807791581836,
    -5.551115123126E-17));
#357 = VECTOR('',#358,1.);
#358 = DIRECTION('',(0.,1.,0.));
#359 = PCURVE('',#48,#360);
#360 = DEFINITIONAL_REPRESENTATION('',(#361),#365);
#361 = LINE('',#362,#363);
#362 = CARTESIAN_POINT('',(26.042341965759,-1.42800842561));
#363 = VECTOR('',#364,1.);
#364 = DIRECTION('',(-1.,1.110223024625E-16));
#365 = ( GEOMETRIC_REPRESENTATION_CONTEXT(2) 
PARAMETRIC_REPRESENTATION_CONTEXT() REPRESENTATION_CONTEXT('2D SPACE',''
  ) );
#366 = PCURVE('',#367,#372);
#367 = CYLINDRICAL_SURFACE('',#368,0.3);
#368 = AXIS2_PLACEMENT_3D('',#369,#370,#371);
#369 = CARTESIAN_POINT('',(236.72533987072,1.807791581836,0.3));
#370 = DIRECTION('',(0.,1.,0.));
#371 = DIRECTION('',(0.,0.,-1.));
#372 = DEFINITIONAL_REPRESENTATION('',(#373),#377);
#373 = LINE('',#374,#375);
#374 = CARTESIAN_POINT('',(6.28318530718,0.));
#375 = VECTOR('',#376,1.);
#376 = DIRECTION('',(-0.,1.));
#377 = ( GEOMETRIC_REPRESENTATION_CONTEXT(2) 
PARAMETRIC_REPRESENTATION_CONTEXT() REPRESENTATION_CONTEXT('2D SPACE',''
  ) );
#378 = ORIENTED_EDGE('',*,*,#379,.F.);
#379 = EDGE_CURVE('',#380,#352,#382,.T.);
#380 = VERTEX_POINT('',#381);
#381 = CARTESIAN_POINT('',(237.47533988805,55.418387489743,0.));
#382 = SURFACE_CURVE('',#383,(#391,#402),.PCURVE_S1.);
#383 = B_SPLINE_CURVE_WITH_KNOTS('',6,(#384,#385,#386,#387,#388,#389,
    #390),.UNSPECIFIED.,.F.,.F.,(7,7),(4.575796127198E-14,2.09465904264)
  ,.PIECEWISE_BEZIER_KNOTS.);
#384 = CARTESIAN_POINT('',(237.47533988805,55.418387489743,0.));
#385 = CARTESIAN_POINT('',(237.32407875208,55.505771387296,
    -5.551115123126E-17));
#386 = CARTESIAN_POINT('',(237.13627968861,55.529799472224,
    1.665334536938E-16));
#387 = CARTESIAN_POINT('',(236.94444567397,55.470746113812,
    -2.498001805407E-16));
#388 = CARTESIAN_POINT('',(236.79821355403,55.333919707247,
    1.110223024625E-16));
#389 = CARTESIAN_POINT('',(236.72533987072,55.15955934627,
    -2.775557561563E-17));
#390 = CARTESIAN_POINT('',(236.72533987072,54.985110857441,0.));
#391 = PCURVE('',#48,#392);
#392 = DEFINITIONAL_REPRESENTATION('',(#393),#401);
#393 = B_SPLINE_CURVE_WITH_KNOTS('',6,(#394,#395,#396,#397,#398,#399,
    #400),.UNSPECIFIED.,.F.,.F.,(7,7),(4.575796127198E-14,2.09465904264)
  ,.PIECEWISE_BEZIER_KNOTS.);
#394 = CARTESIAN_POINT('',(-27.56825394214,-0.67800840828));
#395 = CARTESIAN_POINT('',(-27.6556378397,-0.82926954425));
#396 = CARTESIAN_POINT('',(-27.67966592462,-1.01706860772));
#397 = CARTESIAN_POINT('',(-27.62061256621,-1.20890262236));
#398 = CARTESIAN_POINT('',(-27.48378615965,-1.3551347423));
#399 = CARTESIAN_POINT('',(-27.30942579867,-1.42800842561));
#400 = CARTESIAN_POINT('',(-27.13497730984,-1.42800842561));
#401 = ( GEOMETRIC_REPRESENTATION_CONTEXT(2) 
PARAMETRIC_REPRESENTATION_CONTEXT() REPRESENTATION_CONTEXT('2D SPACE',''
  ) );
#402 = PCURVE('',#403,#425);
#403 = ( BOUNDED_SURFACE() B_SPLINE_SURFACE(2,6,(
    (#404,#405,#406,#407,#408,#409,#410)
    ,(#411,#412,#413,#414,#415,#416,#417)
    ,(#418,#419,#420,#421,#422,#423,#424
)),.UNSPECIFIED.,.F.,.F.,.F.) B_SPLINE_SURFACE_WITH_KNOTS((3,3),(7,7),(
    0.,2.09465904264),(4.575796127198E-14,2.09465904264),
.PIECEWISE_BEZIER_KNOTS.) GEOMETRIC_REPRESENTATION_ITEM() 
RATIONAL_B_SPLINE_SURFACE((
    (1.,1.,1.,1.,1.,1.,1.)
    ,(0.717712982335,0.719839159044,0.720417185422,0.718972705005
      ,0.715653893219,0.711397365029,0.707106781187)
,(1.,1.,1.,1.,1.,1.,1.))) REPRESENTATION_ITEM('') SURFACE() );
#404 = CARTESIAN_POINT('',(237.47533988805,55.418387489743,0.));
#405 = CARTESIAN_POINT('',(237.32407875208,55.505771387296,
    -5.551115123126E-17));
#406 = CARTESIAN_POINT('',(237.13627968861,55.529799472224,
    1.665334536938E-16));
#407 = CARTESIAN_POINT('',(236.94444567397,55.470746113812,
    -2.498001805407E-16));
#408 = CARTESIAN_POINT('',(236.79821355403,55.333919707247,
    1.110223024625E-16));
#409 = CARTESIAN_POINT('',(236.72533987072,55.15955934627,
    -2.775557561563E-17));
#410 = CARTESIAN_POINT('',(236.72533987072,54.985110857441,0.));
#411 = CARTESIAN_POINT('',(237.32974045313,55.166355518881,
    -8.326672684689E-17));
#412 = CARTESIAN_POINT('',(237.26753996566,55.204336499054,
    1.942890293094E-16));
#413 = CARTESIAN_POINT('',(237.18792433358,55.215851593862,
    -6.383782391595E-16));
#414 = CARTESIAN_POINT('',(237.10443217416,55.188765635954,
    3.608224830032E-16));
#415 = CARTESIAN_POINT('',(237.0468055423,55.126683380393,
    -3.330669073875E-16));
#416 = CARTESIAN_POINT('',(237.0217211473,55.054405925396,
    2.498001805407E-16));
#417 = CARTESIAN_POINT('',(237.02533987072,54.985110857441,
    2.775557561563E-17));
#418 = CARTESIAN_POINT('',(237.32533987765,55.158738142392,
    0.290932844992));
#419 = CARTESIAN_POINT('',(237.26475258189,55.193803505331,0.28910166344
    ));
#420 = CARTESIAN_POINT('',(237.18945730715,55.203475975286,
    0.288596555463));
#421 = CARTESIAN_POINT('',(237.11243568023,55.179494611746,
    0.289848789175));
#422 = CARTESIAN_POINT('',(237.05434207072,55.124477628917,
    0.292722005996));
#423 = CARTESIAN_POINT('',(237.02533987072,55.054826394138,
    0.296359318883));
#424 = CARTESIAN_POINT('',(237.02533987072,54.985110857441,0.3));
#425 = DEFINITIONAL_REPRESENTATION('',(#426),#430);
#426 = LINE('',#427,#428);
#427 = CARTESIAN_POINT('',(0.,0.));
#428 = VECTOR('',#429,1.);
#429 = DIRECTION('',(0.,1.));
#430 = ( GEOMETRIC_REPRESENTATION_CONTEXT(2) 
PARAMETRIC_REPRESENTATION_CONTEXT() REPRESENTATION_CONTEXT('2D SPACE',''
  ) );
#431 = ORIENTED_EDGE('',*,*,#432,.T.);
#432 = EDGE_CURVE('',#380,#433,#435,.T.);
#433 = VERTEX_POINT('',#434);
#434 = CARTESIAN_POINT('',(249.68049521624,48.3674418785,
    -2.22044604925E-16));
#435 = SURFACE_CURVE('',#436,(#440,#447),.PCURVE_S1.);
#436 = LINE('',#437,#438);
#437 = CARTESIAN_POINT('',(237.17093930563,55.594240389026,
    -2.22044604925E-16));
#438 = VECTOR('',#439,1.);
#439 = DIRECTION('',(0.865893403497,-0.50022856154,0.));
#440 = PCURVE('',#48,#441);
#441 = DEFINITIONAL_REPRESENTATION('',(#442),#446);
#442 = LINE('',#443,#444);
#443 = CARTESIAN_POINT('',(-27.74410684143,-0.9824089907));
#444 = VECTOR('',#445,1.);
#445 = DIRECTION('',(0.50022856154,0.865893403497));
#446 = ( GEOMETRIC_REPRESENTATION_CONTEXT(2) 
PARAMETRIC_REPRESENTATION_CONTEXT() REPRESENTATION_CONTEXT('2D SPACE',''
  ) );
#447 = PCURVE('',#448,#453);
#448 = CYLINDRICAL_SURFACE('',#449,0.3);
#449 = AXIS2_PLACEMENT_3D('',#450,#451,#452);
#450 = CARTESIAN_POINT('',(237.17093930563,55.594240389026,0.3));
#451 = DIRECTION('',(0.865893403497,-0.50022856154,0.));
#452 = DIRECTION('',(0.,-0.,-1.));
#453 = DEFINITIONAL_REPRESENTATION('',(#454),#458);
#454 = LINE('',#455,#456);
#455 = CARTESIAN_POINT('',(6.28318530718,0.));
#456 = VECTOR('',#457,1.);
#457 = DIRECTION('',(-0.,1.));
#458 = ( GEOMETRIC_REPRESENTATION_CONTEXT(2) 
PARAMETRIC_REPRESENTATION_CONTEXT() REPRESENTATION_CONTEXT('2D SPACE',''
  ) );
#459 = ORIENTED_EDGE('',*,*,#460,.T.);
#460 = EDGE_CURVE('',#433,#461,#463,.T.);
#461 = VERTEX_POINT('',#462);
#462 = CARTESIAN_POINT('',(249.72533987072,48.525321924813,
    -9.367506770275E-17));
#463 = SURFACE_CURVE('',#464,(#469,#476),.PCURVE_S1.);
#464 = ELLIPSE('',#465,0.30018286329,0.3);
#465 = AXIS2_PLACEMENT_3D('',#466,#467,#468);
#466 = CARTESIAN_POINT('',(249.42533987072,48.525321924813,
    9.34783507535E-19));
#467 = DIRECTION('',(0.,0.,1.));
#468 = DIRECTION('',(0.,-1.,0.));
#469 = PCURVE('',#48,#470);
#470 = DEFINITIONAL_REPRESENTATION('',(#471),#475);
#471 = ELLIPSE('',#472,0.30018286329,0.3);
#472 = AXIS2_PLACEMENT_2D('',#473,#474);
#473 = CARTESIAN_POINT('',(-20.67518837721,11.27199157439));
#474 = DIRECTION('',(1.,-1.110223024625E-16));
#475 = ( GEOMETRIC_REPRESENTATION_CONTEXT(2) 
PARAMETRIC_REPRESENTATION_CONTEXT() REPRESENTATION_CONTEXT('2D SPACE',''
  ) );
#476 = PCURVE('',#477,#482);
#477 = CYLINDRICAL_SURFACE('',#478,0.3);
#478 = AXIS2_PLACEMENT_3D('',#479,#480,#481);
#479 = CARTESIAN_POINT('',(249.42533987072,48.524688660709,
    1.813431127244E-02));
#480 = DIRECTION('',(0.,-3.48994967025E-02,0.999390827019));
#481 = DIRECTION('',(1.,0.,0.));
#482 = DEFINITIONAL_REPRESENTATION('',(#483),#490);
#483 = B_SPLINE_CURVE_WITH_KNOTS('',5,(#484,#485,#486,#487,#488,#489),
  .UNSPECIFIED.,.F.,.F.,(6,6),(1.016969057761,1.570796326795),
  .PIECEWISE_BEZIER_KNOTS.);
#484 = CARTESIAN_POINT('',(5.729358038146,-1.26354307828E-02));
#485 = CARTESIAN_POINT('',(5.840123491953,-1.362237545602E-02));
#486 = CARTESIAN_POINT('',(5.95088894576,-1.469381898233E-02));
#487 = CARTESIAN_POINT('',(6.061654399566,-1.582455378259E-02));
#488 = CARTESIAN_POINT('',(6.172419853373,-1.698496047448E-02));
#489 = CARTESIAN_POINT('',(6.28318530718,-1.814536493849E-02));
#490 = ( GEOMETRIC_REPRESENTATION_CONTEXT(2) 
PARAMETRIC_REPRESENTATION_CONTEXT() REPRESENTATION_CONTEXT('2D SPACE',''
  ) );
#491 = ORIENTED_EDGE('',*,*,#492,.T.);
#492 = EDGE_CURVE('',#461,#493,#495,.T.);
#493 = VERTEX_POINT('',#494);
#494 = CARTESIAN_POINT('',(249.72533987072,57.15,0.));
#495 = SURFACE_CURVE('',#496,(#500,#507),.PCURVE_S1.);
#496 = LINE('',#497,#498);
#497 = CARTESIAN_POINT('',(249.72533987072,76.077610934539,0.));
#498 = VECTOR('',#499,1.);
#499 = DIRECTION('',(0.,1.,0.));
#500 = PCURVE('',#48,#501);
#501 = DEFINITIONAL_REPRESENTATION('',(#502),#506);
#502 = LINE('',#503,#504);
#503 = CARTESIAN_POINT('',(-48.22747738694,11.57199157439));
#504 = VECTOR('',#505,1.);
#505 = DIRECTION('',(-1.,1.110223024625E-16));
#506 = ( GEOMETRIC_REPRESENTATION_CONTEXT(2) 
PARAMETRIC_REPRESENTATION_CONTEXT() REPRESENTATION_CONTEXT('2D SPACE',''
  ) );
#507 = PCURVE('',#508,#513);
#508 = PLANE('',#509);
#509 = AXIS2_PLACEMENT_3D('',#510,#511,#512);
#510 = CARTESIAN_POINT('',(249.72533987072,115.55955183156,
    6.362554888218));
#511 = DIRECTION('',(1.,0.,0.));
#512 = DIRECTION('',(-0.,0.,1.));
#513 = DEFINITIONAL_REPRESENTATION('',(#514),#518);
#514 = LINE('',#515,#516);
#515 = CARTESIAN_POINT('',(-6.362554888218,39.481940897021));
#516 = VECTOR('',#517,1.);
#517 = DIRECTION('',(0.,-1.));
#518 = ( GEOMETRIC_REPRESENTATION_CONTEXT(2) 
PARAMETRIC_REPRESENTATION_CONTEXT() REPRESENTATION_CONTEXT('2D SPACE',''
  ) );
#519 = ORIENTED_EDGE('',*,*,#520,.T.);
#520 = EDGE_CURVE('',#493,#24,#521,.T.);
#521 = SURFACE_CURVE('',#522,(#526,#533),.PCURVE_S1.);
#522 = LINE('',#523,#524);
#523 = CARTESIAN_POINT('',(457.2,57.15,0.));
#524 = VECTOR('',#525,1.);
#525 = DIRECTION('',(-1.,-1.110223024625E-16,0.));
#526 = PCURVE('',#48,#527);
#527 = DEFINITIONAL_REPRESENTATION('',(#528),#532);
#528 = LINE('',#529,#530);
#529 = CARTESIAN_POINT('',(-29.2998664524,219.04665170367));
#530 = VECTOR('',#531,1.);
#531 = DIRECTION('',(0.,-1.));
#532 = ( GEOMETRIC_REPRESENTATION_CONTEXT(2) 
PARAMETRIC_REPRESENTATION_CONTEXT() REPRESENTATION_CONTEXT('2D SPACE',''
  ) );
#533 = PCURVE('',#167,#534);
#534 = DEFINITIONAL_REPRESENTATION('',(#535),#539);
#535 = LINE('',#536,#537);
#536 = CARTESIAN_POINT('',(0.,0.));
#537 = VECTOR('',#538,1.);
#538 = DIRECTION('',(1.,0.));
#539 = ( GEOMETRIC_REPRESENTATION_CONTEXT(2) 
PARAMETRIC_REPRESENTATION_CONTEXT() REPRESENTATION_CONTEXT('2D SPACE',''
  ) );
#540 = FACE_BOUND('',#541,.F.);
#541 = EDGE_LOOP('',(#542,#572,#600,#628,#656,#684));
#542 = ORIENTED_EDGE('',*,*,#543,.F.);
#543 = EDGE_CURVE('',#544,#546,#548,.T.);
#544 = VERTEX_POINT('',#545);
#545 = CARTESIAN_POINT('',(61.2,14.025773216421,0.));
#546 = VERTEX_POINT('',#547);
#547 = CARTESIAN_POINT('',(73.8,21.300386608211,0.));
#548 = SURFACE_CURVE('',#549,(#553,#560),.PCURVE_S1.);
#549 = LINE('',#550,#551);
#550 = CARTESIAN_POINT('',(61.2,14.025773216421,0.));
#551 = VECTOR('',#552,1.);
#552 = DIRECTION('',(0.866025403784,0.5,0.));
#553 = PCURVE('',#48,#554);
#554 = DEFINITIONAL_REPRESENTATION('',(#555),#559);
#555 = LINE('',#556,#557);
#556 = CARTESIAN_POINT('',(13.824360331174,-176.9533482963));
#557 = VECTOR('',#558,1.);
#558 = DIRECTION('',(-0.5,0.866025403784));
#559 = ( GEOMETRIC_REPRESENTATION_CONTEXT(2) 
PARAMETRIC_REPRESENTATION_CONTEXT() REPRESENTATION_CONTEXT('2D SPACE',''
  ) );
#560 = PCURVE('',#561,#566);
#561 = PLANE('',#562);
#562 = AXIS2_PLACEMENT_3D('',#563,#564,#565);
#563 = CARTESIAN_POINT('',(61.2,14.025773216421,0.));
#564 = DIRECTION('',(-0.5,0.866025403784,0.));
#565 = DIRECTION('',(0.866025403784,0.5,0.));
#566 = DEFINITIONAL_REPRESENTATION('',(#567),#571);
#567 = LINE('',#568,#569);
#568 = CARTESIAN_POINT('',(0.,0.));
#569 = VECTOR('',#570,1.);
#570 = DIRECTION('',(1.,0.));
#571 = ( GEOMETRIC_REPRESENTATION_CONTEXT(2) 
PARAMETRIC_REPRESENTATION_CONTEXT() REPRESENTATION_CONTEXT('2D SPACE',''
  ) );
#572 = ORIENTED_EDGE('',*,*,#573,.F.);
#573 = EDGE_CURVE('',#574,#544,#576,.T.);
#574 = VERTEX_POINT('',#575);
#575 = CARTESIAN_POINT('',(48.6,21.300386608211,0.));
#576 = SURFACE_CURVE('',#577,(#581,#588),.PCURVE_S1.);
#577 = LINE('',#578,#579);
#578 = CARTESIAN_POINT('',(48.6,21.300386608211,0.));
#579 = VECTOR('',#580,1.);
#580 = DIRECTION('',(0.866025403784,-0.5,0.));
#581 = PCURVE('',#48,#582);
#582 = DEFINITIONAL_REPRESENTATION('',(#583),#587);
#583 = LINE('',#584,#585);
#584 = CARTESIAN_POINT('',(6.549746939384,-189.5533482963));
#585 = VECTOR('',#586,1.);
#586 = DIRECTION('',(0.5,0.866025403784));
#587 = ( GEOMETRIC_REPRESENTATION_CONTEXT(2) 
PARAMETRIC_REPRESENTATION_CONTEXT() REPRESENTATION_CONTEXT('2D SPACE',''
  ) );
#588 = PCURVE('',#589,#594);
#589 = PLANE('',#590);
#590 = AXIS2_PLACEMENT_3D('',#591,#592,#593);
#591 = CARTESIAN_POINT('',(48.6,21.300386608211,0.));
#592 = DIRECTION('',(0.5,0.866025403784,0.));
#593 = DIRECTION('',(0.866025403784,-0.5,0.));
#594 = DEFINITIONAL_REPRESENTATION('',(#595),#599);
#595 = LINE('',#596,#597);
#596 = CARTESIAN_POINT('',(0.,0.));
#597 = VECTOR('',#598,1.);
#598 = DIRECTION('',(1.,0.));
#599 = ( GEOMETRIC_REPRESENTATION_CONTEXT(2) 
PARAMETRIC_REPRESENTATION_CONTEXT() REPRESENTATION_CONTEXT('2D SPACE',''
  ) );
#600 = ORIENTED_EDGE('',*,*,#601,.F.);
#601 = EDGE_CURVE('',#602,#574,#604,.T.);
#602 = VERTEX_POINT('',#603);
#603 = CARTESIAN_POINT('',(48.6,35.849613391789,0.));
#604 = SURFACE_CURVE('',#605,(#609,#616),.PCURVE_S1.);
#605 = LINE('',#606,#607);
#606 = CARTESIAN_POINT('',(48.6,35.849613391789,0.));
#607 = VECTOR('',#608,1.);
#608 = DIRECTION('',(1.110223024625E-16,-1.,0.));
#609 = PCURVE('',#48,#610);
#610 = DEFINITIONAL_REPRESENTATION('',(#611),#615);
#611 = LINE('',#612,#613);
#612 = CARTESIAN_POINT('',(-7.999479844194,-189.5533482963));
#613 = VECTOR('',#614,1.);
#614 = DIRECTION('',(1.,0.));
#615 = ( GEOMETRIC_REPRESENTATION_CONTEXT(2) 
PARAMETRIC_REPRESENTATION_CONTEXT() REPRESENTATION_CONTEXT('2D SPACE',''
  ) );
#616 = PCURVE('',#617,#622);
#617 = PLANE('',#618);
#618 = AXIS2_PLACEMENT_3D('',#619,#620,#621);
#619 = CARTESIAN_POINT('',(48.6,35.849613391789,0.));
#620 = DIRECTION('',(1.,1.110223024625E-16,0.));
#621 = DIRECTION('',(1.110223024625E-16,-1.,0.));
#622 = DEFINITIONAL_REPRESENTATION('',(#623),#627);
#623 = LINE('',#624,#625);
#624 = CARTESIAN_POINT('',(0.,0.));
#625 = VECTOR('',#626,1.);
#626 = DIRECTION('',(1.,0.));
#627 = ( GEOMETRIC_REPRESENTATION_CONTEXT(2) 
PARAMETRIC_REPRESENTATION_CONTEXT() REPRESENTATION_CONTEXT('2D SPACE',''
  ) );
#628 = ORIENTED_EDGE('',*,*,#629,.F.);
#629 = EDGE_CURVE('',#630,#602,#632,.T.);
#630 = VERTEX_POINT('',#631);
#631 = CARTESIAN_POINT('',(61.2,43.124226783579,0.));
#632 = SURFACE_CURVE('',#633,(#637,#644),.PCURVE_S1.);
#633 = LINE('',#634,#635);
#634 = CARTESIAN_POINT('',(61.2,43.124226783579,0.));
#635 = VECTOR('',#636,1.);
#636 = DIRECTION('',(-0.866025403784,-0.5,0.));
#637 = PCURVE('',#48,#638);
#638 = DEFINITIONAL_REPRESENTATION('',(#639),#643);
#639 = LINE('',#640,#641);
#640 = CARTESIAN_POINT('',(-15.27409323598,-176.9533482963));
#641 = VECTOR('',#642,1.);
#642 = DIRECTION('',(0.5,-0.866025403784));
#643 = ( GEOMETRIC_REPRESENTATION_CONTEXT(2) 
PARAMETRIC_REPRESENTATION_CONTEXT() REPRESENTATION_CONTEXT('2D SPACE',''
  ) );
#644 = PCURVE('',#645,#650);
#645 = PLANE('',#646);
#646 = AXIS2_PLACEMENT_3D('',#647,#648,#649);
#647 = CARTESIAN_POINT('',(61.2,43.124226783579,0.));
#648 = DIRECTION('',(0.5,-0.866025403784,0.));
#649 = DIRECTION('',(-0.866025403784,-0.5,0.));
#650 = DEFINITIONAL_REPRESENTATION('',(#651),#655);
#651 = LINE('',#652,#653);
#652 = CARTESIAN_POINT('',(0.,0.));
#653 = VECTOR('',#654,1.);
#654 = DIRECTION('',(1.,0.));
#655 = ( GEOMETRIC_REPRESENTATION_CONTEXT(2) 
PARAMETRIC_REPRESENTATION_CONTEXT() REPRESENTATION_CONTEXT('2D SPACE',''
  ) );
#656 = ORIENTED_EDGE('',*,*,#657,.F.);
#657 = EDGE_CURVE('',#658,#630,#660,.T.);
#658 = VERTEX_POINT('',#659);
#659 = CARTESIAN_POINT('',(73.8,35.849613391789,0.));
#660 = SURFACE_CURVE('',#661,(#665,#672),.PCURVE_S1.);
#661 = LINE('',#662,#663);
#662 = CARTESIAN_POINT('',(73.8,35.849613391789,0.));
#663 = VECTOR('',#664,1.);
#664 = DIRECTION('',(-0.866025403784,0.5,0.));
#665 = PCURVE('',#48,#666);
#666 = DEFINITIONAL_REPRESENTATION('',(#667),#671);
#667 = LINE('',#668,#669);
#668 = CARTESIAN_POINT('',(-7.999479844194,-164.3533482963));
#669 = VECTOR('',#670,1.);
#670 = DIRECTION('',(-0.5,-0.866025403784));
#671 = ( GEOMETRIC_REPRESENTATION_CONTEXT(2) 
PARAMETRIC_REPRESENTATION_CONTEXT() REPRESENTATION_CONTEXT('2D SPACE',''
  ) );
#672 = PCURVE('',#673,#678);
#673 = PLANE('',#674);
#674 = AXIS2_PLACEMENT_3D('',#675,#676,#677);
#675 = CARTESIAN_POINT('',(73.8,35.849613391789,0.));
#676 = DIRECTION('',(-0.5,-0.866025403784,0.));
#677 = DIRECTION('',(-0.866025403784,0.5,0.));
#678 = DEFINITIONAL_REPRESENTATION('',(#679),#683);
#679 = LINE('',#680,#681);
#680 = CARTESIAN_POINT('',(0.,0.));
#681 = VECTOR('',#682,1.);
#682 = DIRECTION('',(1.,-0.));
#683 = ( GEOMETRIC_REPRESENTATION_CONTEXT(2) 
PARAMETRIC_REPRESENTATION_CONTEXT() REPRESENTATION_CONTEXT('2D SPACE',''
  ) );
#684 = ORIENTED_EDGE('',*,*,#685,.F.);
#685 = EDGE_CURVE('',#546,#658,#686,.T.);
#686 = SURFACE_CURVE('',#687,(#691,#698),.PCURVE_S1.);
#687 = LINE('',#688,#689);
#688 = CARTESIAN_POINT('',(73.8,21.300386608211,0.));
#689 = VECTOR('',#690,1.);
#690 = DIRECTION('',(-1.110223024625E-16,1.,0.));
#691 = PCURVE('',#48,#692);
#692 = DEFINITIONAL_REPRESENTATION('',(#693),#697);
#693 = LINE('',#694,#695);
#694 = CARTESIAN_POINT('',(6.549746939384,-164.3533482963));
#695 = VECTOR('',#696,1.);
#696 = DIRECTION('',(-1.,0.));
#697 = ( GEOMETRIC_REPRESENTATION_CONTEXT(2) 
PARAMETRIC_REPRESENTATION_CONTEXT() REPRESENTATION_CONTEXT('2D SPACE',''
  ) );
#698 = PCURVE('',#699,#704);
#699 = PLANE('',#700);
#700 = AXIS2_PLACEMENT_3D('',#701,#702,#703);
#701 = CARTESIAN_POINT('',(73.8,21.300386608211,0.));
#702 = DIRECTION('',(-1.,-1.110223024625E-16,0.));
#703 = DIRECTION('',(-1.110223024625E-16,1.,0.));
#704 = DEFINITIONAL_REPRESENTATION('',(#705),#709);
#705 = LINE('',#706,#707);
#706 = CARTESIAN_POINT('',(0.,0.));
#707 = VECTOR('',#708,1.);
#708 = DIRECTION('',(1.,0.));
#709 = ( GEOMETRIC_REPRESENTATION_CONTEXT(2) 
PARAMETRIC_REPRESENTATION_CONTEXT() REPRESENTATION_CONTEXT('2D SPACE',''
  ) );
#710 = FACE_BOUND('',#711,.F.);
#711 = EDGE_LOOP('',(#712,#742,#770,#798,#826,#854));
#712 = ORIENTED_EDGE('',*,*,#713,.F.);
#713 = EDGE_CURVE('',#714,#716,#718,.T.);
#714 = VERTEX_POINT('',#715);
#715 = CARTESIAN_POINT('',(131.6,14.025773216421,0.));
#716 = VERTEX_POINT('',#717);
#717 = CARTESIAN_POINT('',(144.2,21.300386608211,0.));
#718 = SURFACE_CURVE('',#719,(#723,#730),.PCURVE_S1.);
#719 = LINE('',#720,#721);
#720 = CARTESIAN_POINT('',(131.6,14.025773216421,0.));
#721 = VECTOR('',#722,1.);
#722 = DIRECTION('',(0.866025403784,0.5,0.));
#723 = PCURVE('',#48,#724);
#724 = DEFINITIONAL_REPRESENTATION('',(#725),#729);
#725 = LINE('',#726,#727);
#726 = CARTESIAN_POINT('',(13.824360331174,-106.5533482963));
#727 = VECTOR('',#728,1.);
#728 = DIRECTION('',(-0.5,0.866025403784));
#729 = ( GEOMETRIC_REPRESENTATION_CONTEXT(2) 
PARAMETRIC_REPRESENTATION_CONTEXT() REPRESENTATION_CONTEXT('2D SPACE',''
  ) );
#730 = PCURVE('',#731,#736);
#731 = PLANE('',#732);
#732 = AXIS2_PLACEMENT_3D('',#733,#734,#735);
#733 = CARTESIAN_POINT('',(131.6,14.025773216421,0.));
#734 = DIRECTION('',(-0.5,0.866025403784,0.));
#735 = DIRECTION('',(0.866025403784,0.5,0.));
#736 = DEFINITIONAL_REPRESENTATION('',(#737),#741);
#737 = LINE('',#738,#739);
#738 = CARTESIAN_POINT('',(0.,0.));
#739 = VECTOR('',#740,1.);
#740 = DIRECTION('',(1.,0.));
#741 = ( GEOMETRIC_REPRESENTATION_CONTEXT(2) 
PARAMETRIC_REPRESENTATION_CONTEXT() REPRESENTATION_CONTEXT('2D SPACE',''
  ) );
#742 = ORIENTED_EDGE('',*,*,#743,.F.);
#743 = EDGE_CURVE('',#744,#714,#746,.T.);
#744 = VERTEX_POINT('',#745);
#745 = CARTESIAN_POINT('',(119.,21.300386608211,0.));
#746 = SURFACE_CURVE('',#747,(#751,#758),.PCURVE_S1.);
#747 = LINE('',#748,#749);
#748 = CARTESIAN_POINT('',(119.,21.300386608211,0.));
#749 = VECTOR('',#750,1.);
#750 = DIRECTION('',(0.866025403784,-0.5,0.));
#751 = PCURVE('',#48,#752);
#752 = DEFINITIONAL_REPRESENTATION('',(#753),#757);
#753 = LINE('',#754,#755);
#754 = CARTESIAN_POINT('',(6.549746939384,-119.1533482963));
#755 = VECTOR('',#756,1.);
#756 = DIRECTION('',(0.5,0.866025403784));
#757 = ( GEOMETRIC_REPRESENTATION_CONTEXT(2) 
PARAMETRIC_REPRESENTATION_CONTEXT() REPRESENTATION_CONTEXT('2D SPACE',''
  ) );
#758 = PCURVE('',#759,#764);
#759 = PLANE('',#760);
#760 = AXIS2_PLACEMENT_3D('',#761,#762,#763);
#761 = CARTESIAN_POINT('',(119.,21.300386608211,0.));
#762 = DIRECTION('',(0.5,0.866025403784,0.));
#763 = DIRECTION('',(0.866025403784,-0.5,0.));
#764 = DEFINITIONAL_REPRESENTATION('',(#765),#769);
#765 = LINE('',#766,#767);
#766 = CARTESIAN_POINT('',(0.,0.));
#767 = VECTOR('',#768,1.);
#768 = DIRECTION('',(1.,0.));
#769 = ( GEOMETRIC_REPRESENTATION_CONTEXT(2) 
PARAMETRIC_REPRESENTATION_CONTEXT() REPRESENTATION_CONTEXT('2D SPACE',''
  ) );
#770 = ORIENTED_EDGE('',*,*,#771,.F.);
#771 = EDGE_CURVE('',#772,#744,#774,.T.);
#772 = VERTEX_POINT('',#773);
#773 = CARTESIAN_POINT('',(119.,35.849613391789,0.));
#774 = SURFACE_CURVE('',#775,(#779,#786),.PCURVE_S1.);
#775 = LINE('',#776,#777);
#776 = CARTESIAN_POINT('',(119.,35.849613391789,0.));
#777 = VECTOR('',#778,1.);
#778 = DIRECTION('',(1.110223024625E-16,-1.,0.));
#779 = PCURVE('',#48,#780);
#780 = DEFINITIONAL_REPRESENTATION('',(#781),#785);
#781 = LINE('',#782,#783);
#782 = CARTESIAN_POINT('',(-7.999479844194,-119.1533482963));
#783 = VECTOR('',#784,1.);
#784 = DIRECTION('',(1.,0.));
#785 = ( GEOMETRIC_REPRESENTATION_CONTEXT(2) 
PARAMETRIC_REPRESENTATION_CONTEXT() REPRESENTATION_CONTEXT('2D SPACE',''
  ) );
#786 = PCURVE('',#787,#792);
#787 = PLANE('',#788);
#788 = AXIS2_PLACEMENT_3D('',#789,#790,#791);
#789 = CARTESIAN_POINT('',(119.,35.849613391789,0.));
#790 = DIRECTION('',(1.,1.110223024625E-16,0.));
#791 = DIRECTION('',(1.110223024625E-16,-1.,0.));
#792 = DEFINITIONAL_REPRESENTATION('',(#793),#797);
#793 = LINE('',#794,#795);
#794 = CARTESIAN_POINT('',(0.,0.));
#795 = VECTOR('',#796,1.);
#796 = DIRECTION('',(1.,0.));
#797 = ( GEOMETRIC_REPRESENTATION_CONTEXT(2) 
PARAMETRIC_REPRESENTATION_CONTEXT() REPRESENTATION_CONTEXT('2D SPACE',''
  ) );
#798 = ORIENTED_EDGE('',*,*,#799,.F.);
#799 = EDGE_CURVE('',#800,#772,#802,.T.);
#800 = VERTEX_POINT('',#801);
#801 = CARTESIAN_POINT('',(131.6,43.124226783579,0.));
#802 = SURFACE_CURVE('',#803,(#807,#814),.PCURVE_S1.);
#803 = LINE('',#804,#805);
#804 = CARTESIAN_POINT('',(131.6,43.124226783579,0.));
#805 = VECTOR('',#806,1.);
#806 = DIRECTION('',(-0.866025403784,-0.5,0.));
#807 = PCURVE('',#48,#808);
#808 = DEFINITIONAL_REPRESENTATION('',(#809),#813);
#809 = LINE('',#810,#811);
#810 = CARTESIAN_POINT('',(-15.27409323598,-106.5533482963));
#811 = VECTOR('',#812,1.);
#812 = DIRECTION('',(0.5,-0.866025403784));
#813 = ( GEOMETRIC_REPRESENTATION_CONTEXT(2) 
PARAMETRIC_REPRESENTATION_CONTEXT() REPRESENTATION_CONTEXT('2D SPACE',''
  ) );
#814 = PCURVE('',#815,#820);
#815 = PLANE('',#816);
#816 = AXIS2_PLACEMENT_3D('',#817,#818,#819);
#817 = CARTESIAN_POINT('',(131.6,43.124226783579,0.));
#818 = DIRECTION('',(0.5,-0.866025403784,0.));
#819 = DIRECTION('',(-0.866025403784,-0.5,0.));
#820 = DEFINITIONAL_REPRESENTATION('',(#821),#825);
#821 = LINE('',#822,#823);
#822 = CARTESIAN_POINT('',(0.,0.));
#823 = VECTOR('',#824,1.);
#824 = DIRECTION('',(1.,0.));
#825 = ( GEOMETRIC_REPRESENTATION_CONTEXT(2) 
PARAMETRIC_REPRESENTATION_CONTEXT() REPRESENTATION_CONTEXT('2D SPACE',''
  ) );
#826 = ORIENTED_EDGE('',*,*,#827,.F.);
#827 = EDGE_CURVE('',#828,#800,#830,.T.);
#828 = VERTEX_POINT('',#829);
#829 = CARTESIAN_POINT('',(144.2,35.849613391789,0.));
#830 = SURFACE_CURVE('',#831,(#835,#842),.PCURVE_S1.);
#831 = LINE('',#832,#833);
#832 = CARTESIAN_POINT('',(144.2,35.849613391789,0.));
#833 = VECTOR('',#834,1.);
#834 = DIRECTION('',(-0.866025403784,0.5,0.));
#835 = PCURVE('',#48,#836);
#836 = DEFINITIONAL_REPRESENTATION('',(#837),#841);
#837 = LINE('',#838,#839);
#838 = CARTESIAN_POINT('',(-7.999479844194,-93.95334829633));
#839 = VECTOR('',#840,1.);
#840 = DIRECTION('',(-0.5,-0.866025403784));
#841 = ( GEOMETRIC_REPRESENTATION_CONTEXT(2) 
PARAMETRIC_REPRESENTATION_CONTEXT() REPRESENTATION_CONTEXT('2D SPACE',''
  ) );
#842 = PCURVE('',#843,#848);
#843 = PLANE('',#844);
#844 = AXIS2_PLACEMENT_3D('',#845,#846,#847);
#845 = CARTESIAN_POINT('',(144.2,35.849613391789,0.));
#846 = DIRECTION('',(-0.5,-0.866025403784,0.));
#847 = DIRECTION('',(-0.866025403784,0.5,0.));
#848 = DEFINITIONAL_REPRESENTATION('',(#849),#853);
#849 = LINE('',#850,#851);
#850 = CARTESIAN_POINT('',(0.,0.));
#851 = VECTOR('',#852,1.);
#852 = DIRECTION('',(1.,-0.));
#853 = ( GEOMETRIC_REPRESENTATION_CONTEXT(2) 
PARAMETRIC_REPRESENTATION_CONTEXT() REPRESENTATION_CONTEXT('2D SPACE',''
  ) );
#854 = ORIENTED_EDGE('',*,*,#855,.F.);
#855 = EDGE_CURVE('',#716,#828,#856,.T.);
#856 = SURFACE_CURVE('',#857,(#861,#868),.PCURVE_S1.);
#857 = LINE('',#858,#859);
#858 = CARTESIAN_POINT('',(144.2,21.300386608211,0.));
#859 = VECTOR('',#860,1.);
#860 = DIRECTION('',(-1.110223024625E-16,1.,0.));
#861 = PCURVE('',#48,#862);
#862 = DEFINITIONAL_REPRESENTATION('',(#863),#867);
#863 = LINE('',#864,#865);
#864 = CARTESIAN_POINT('',(6.549746939384,-93.95334829633));
#865 = VECTOR('',#866,1.);
#866 = DIRECTION('',(-1.,0.));
#867 = ( GEOMETRIC_REPRESENTATION_CONTEXT(2) 
PARAMETRIC_REPRESENTATION_CONTEXT() REPRESENTATION_CONTEXT('2D SPACE',''
  ) );
#868 = PCURVE('',#869,#874);
#869 = PLANE('',#870);
#870 = AXIS2_PLACEMENT_3D('',#871,#872,#873);
#871 = CARTESIAN_POINT('',(144.2,21.300386608211,0.));
#872 = DIRECTION('',(-1.,-1.110223024625E-16,0.));
#873 = DIRECTION('',(-1.110223024625E-16,1.,0.));
#874 = DEFINITIONAL_REPRESENTATION('',(#875),#879);
#875 = LINE('',#876,#877);
#876 = CARTESIAN_POINT('',(0.,0.));
#877 = VECTOR('',#878,1.);
#878 = DIRECTION('',(1.,0.));
#879 = ( GEOMETRIC_REPRESENTATION_CONTEXT(2) 
PARAMETRIC_REPRESENTATION_CONTEXT() REPRESENTATION_CONTEXT('2D SPACE',''
  ) );
#880 = FACE_BOUND('',#881,.F.);
#881 = EDGE_LOOP('',(#882,#912,#940,#968,#996,#1024));
#882 = ORIENTED_EDGE('',*,*,#883,.F.);
#883 = EDGE_CURVE('',#884,#886,#888,.T.);
#884 = VERTEX_POINT('',#885);
#885 = CARTESIAN_POINT('',(96.4,14.025773216421,0.));
#886 = VERTEX_POINT('',#887);
#887 = CARTESIAN_POINT('',(109.,21.300386608211,0.));
#888 = SURFACE_CURVE('',#889,(#893,#900),.PCURVE_S1.);
#889 = LINE('',#890,#891);
#890 = CARTESIAN_POINT('',(96.4,14.025773216421,0.));
#891 = VECTOR('',#892,1.);
#892 = DIRECTION('',(0.866025403784,0.5,0.));
#893 = PCURVE('',#48,#894);
#894 = DEFINITIONAL_REPRESENTATION('',(#895),#899);
#895 = LINE('',#896,#897);
#896 = CARTESIAN_POINT('',(13.824360331174,-141.7533482963));
#897 = VECTOR('',#898,1.);
#898 = DIRECTION('',(-0.5,0.866025403784));
#899 = ( GEOMETRIC_REPRESENTATION_CONTEXT(2) 
PARAMETRIC_REPRESENTATION_CONTEXT() REPRESENTATION_CONTEXT('2D SPACE',''
  ) );
#900 = PCURVE('',#901,#906);
#901 = PLANE('',#902);
#902 = AXIS2_PLACEMENT_3D('',#903,#904,#905);
#903 = CARTESIAN_POINT('',(96.4,14.025773216421,0.));
#904 = DIRECTION('',(-0.5,0.866025403784,0.));
#905 = DIRECTION('',(0.866025403784,0.5,0.));
#906 = DEFINITIONAL_REPRESENTATION('',(#907),#911);
#907 = LINE('',#908,#909);
#908 = CARTESIAN_POINT('',(0.,0.));
#909 = VECTOR('',#910,1.);
#910 = DIRECTION('',(1.,0.));
#911 = ( GEOMETRIC_REPRESENTATION_CONTEXT(2) 
PARAMETRIC_REPRESENTATION_CONTEXT() REPRESENTATION_CONTEXT('2D SPACE',''
  ) );
#912 = ORIENTED_EDGE('',*,*,#913,.F.);
#913 = EDGE_CURVE('',#914,#884,#916,.T.);
#914 = VERTEX_POINT('',#915);
#915 = CARTESIAN_POINT('',(83.8,21.300386608211,0.));
#916 = SURFACE_CURVE('',#917,(#921,#928),.PCURVE_S1.);
#917 = LINE('',#918,#919);
#918 = CARTESIAN_POINT('',(83.8,21.300386608211,0.));
#919 = VECTOR('',#920,1.);
#920 = DIRECTION('',(0.866025403784,-0.5,0.));
#921 = PCURVE('',#48,#922);
#922 = DEFINITIONAL_REPRESENTATION('',(#923),#927);
#923 = LINE('',#924,#925);
#924 = CARTESIAN_POINT('',(6.549746939384,-154.3533482963));
#925 = VECTOR('',#926,1.);
#926 = DIRECTION('',(0.5,0.866025403784));
#927 = ( GEOMETRIC_REPRESENTATION_CONTEXT(2) 
PARAMETRIC_REPRESENTATION_CONTEXT() REPRESENTATION_CONTEXT('2D SPACE',''
  ) );
#928 = PCURVE('',#929,#934);
#929 = PLANE('',#930);
#930 = AXIS2_PLACEMENT_3D('',#931,#932,#933);
#931 = CARTESIAN_POINT('',(83.8,21.300386608211,0.));
#932 = DIRECTION('',(0.5,0.866025403784,0.));
#933 = DIRECTION('',(0.866025403784,-0.5,0.));
#934 = DEFINITIONAL_REPRESENTATION('',(#935),#939);
#935 = LINE('',#936,#937);
#936 = CARTESIAN_POINT('',(0.,0.));
#937 = VECTOR('',#938,1.);
#938 = DIRECTION('',(1.,0.));
#939 = ( GEOMETRIC_REPRESENTATION_CONTEXT(2) 
PARAMETRIC_REPRESENTATION_CONTEXT() REPRESENTATION_CONTEXT('2D SPACE',''
  ) );
#940 = ORIENTED_EDGE('',*,*,#941,.F.);
#941 = EDGE_CURVE('',#942,#914,#944,.T.);
#942 = VERTEX_POINT('',#943);
#943 = CARTESIAN_POINT('',(83.8,35.849613391789,0.));
#944 = SURFACE_CURVE('',#945,(#949,#956),.PCURVE_S1.);
#945 = LINE('',#946,#947);
#946 = CARTESIAN_POINT('',(83.8,35.849613391789,0.));
#947 = VECTOR('',#948,1.);
#948 = DIRECTION('',(1.110223024625E-16,-1.,0.));
#949 = PCURVE('',#48,#950);
#950 = DEFINITIONAL_REPRESENTATION('',(#951),#955);
#951 = LINE('',#952,#953);
#952 = CARTESIAN_POINT('',(-7.999479844194,-154.3533482963));
#953 = VECTOR('',#954,1.);
#954 = DIRECTION('',(1.,0.));
#955 = ( GEOMETRIC_REPRESENTATION_CONTEXT(2) 
PARAMETRIC_REPRESENTATION_CONTEXT() REPRESENTATION_CONTEXT('2D SPACE',''
  ) );
#956 = PCURVE('',#957,#962);
#957 = PLANE('',#958);
#958 = AXIS2_PLACEMENT_3D('',#959,#960,#961);
#959 = CARTESIAN_POINT('',(83.8,35.849613391789,0.));
#960 = DIRECTION('',(1.,1.110223024625E-16,0.));
#961 = DIRECTION('',(1.110223024625E-16,-1.,0.));
#962 = DEFINITIONAL_REPRESENTATION('',(#963),#967);
#963 = LINE('',#964,#965);
#964 = CARTESIAN_POINT('',(0.,0.));
#965 = VECTOR('',#966,1.);
#966 = DIRECTION('',(1.,0.));
#967 = ( GEOMETRIC_REPRESENTATION_CONTEXT(2) 
PARAMETRIC_REPRESENTATION_CONTEXT() REPRESENTATION_CONTEXT('2D SPACE',''
  ) );
#968 = ORIENTED_EDGE('',*,*,#969,.F.);
#969 = EDGE_CURVE('',#970,#942,#972,.T.);
#970 = VERTEX_POINT('',#971);
#971 = CARTESIAN_POINT('',(96.4,43.124226783579,0.));
#972 = SURFACE_CURVE('',#973,(#977,#984),.PCURVE_S1.);
#973 = LINE('',#974,#975);
#974 = CARTESIAN_POINT('',(96.4,43.124226783579,0.));
#975 = VECTOR('',#976,1.);
#976 = DIRECTION('',(-0.866025403784,-0.5,0.));
#977 = PCURVE('',#48,#978);
#978 = DEFINITIONAL_REPRESENTATION('',(#979),#983);
#979 = LINE('',#980,#981);
#980 = CARTESIAN_POINT('',(-15.27409323598,-141.7533482963));
#981 = VECTOR('',#982,1.);
#982 = DIRECTION('',(0.5,-0.866025403784));
#983 = ( GEOMETRIC_REPRESENTATION_CONTEXT(2) 
PARAMETRIC_REPRESENTATION_CONTEXT() REPRESENTATION_CONTEXT('2D SPACE',''
  ) );
#984 = PCURVE('',#985,#990);
#985 = PLANE('',#986);
#986 = AXIS2_PLACEMENT_3D('',#987,#988,#989);
#987 = CARTESIAN_POINT('',(96.4,43.124226783579,0.));
#988 = DIRECTION('',(0.5,-0.866025403784,0.));
#989 = DIRECTION('',(-0.866025403784,-0.5,0.));
#990 = DEFINITIONAL_REPRESENTATION('',(#991),#995);
#991 = LINE('',#992,#993);
#992 = CARTESIAN_POINT('',(0.,0.));
#993 = VECTOR('',#994,1.);
#994 = DIRECTION('',(1.,0.));
#995 = ( GEOMETRIC_REPRESENTATION_CONTEXT(2) 
PARAMETRIC_REPRESENTATION_CONTEXT() REPRESENTATION_CONTEXT('2D SPACE',''
  ) );
#996 = ORIENTED_EDGE('',*,*,#997,.F.);
#997 = EDGE_CURVE('',#998,#970,#1000,.T.);
#998 = VERTEX_POINT('',#999);
#999 = CARTESIAN_POINT('',(109.,35.849613391789,0.));
#1000 = SURFACE_CURVE('',#1001,(#1005,#1012),.PCURVE_S1.);
#1001 = LINE('',#1002,#1003);
#1002 = CARTESIAN_POINT('',(109.,35.849613391789,0.));
#1003 = VECTOR('',#1004,1.);
#1004 = DIRECTION('',(-0.866025403784,0.5,0.));
#1005 = PCURVE('',#48,#1006);
#1006 = DEFINITIONAL_REPRESENTATION('',(#1007),#1011);
#1007 = LINE('',#1008,#1009);
#1008 = CARTESIAN_POINT('',(-7.999479844194,-129.1533482963));
#1009 = VECTOR('',#1010,1.);
#1010 = DIRECTION('',(-0.5,-0.866025403784));
#1011 = ( GEOMETRIC_REPRESENTATION_CONTEXT(2) 
PARAMETRIC_REPRESENTATION_CONTEXT() REPRESENTATION_CONTEXT('2D SPACE',''
  ) );
#1012 = PCURVE('',#1013,#1018);
#1013 = PLANE('',#1014);
#1014 = AXIS2_PLACEMENT_3D('',#1015,#1016,#1017);
#1015 = CARTESIAN_POINT('',(109.,35.849613391789,0.));
#1016 = DIRECTION('',(-0.5,-0.866025403784,0.));
#1017 = DIRECTION('',(-0.866025403784,0.5,0.));
#1018 = DEFINITIONAL_REPRESENTATION('',(#1019),#1023);
#1019 = LINE('',#1020,#1021);
#1020 = CARTESIAN_POINT('',(0.,0.));
#1021 = VECTOR('',#1022,1.);
#1022 = DIRECTION('',(1.,-0.));
#1023 = ( GEOMETRIC_REPRESENTATION_CONTEXT(2) 
PARAMETRIC_REPRESENTATION_CONTEXT() REPRESENTATION_CONTEXT('2D SPACE',''
  ) );
#1024 = ORIENTED_EDGE('',*,*,#1025,.F.);
#1025 = EDGE_CURVE('',#886,#998,#1026,.T.);
#1026 = SURFACE_CURVE('',#1027,(#1031,#1038),.PCURVE_S1.);
#1027 = LINE('',#1028,#1029);
#1028 = CARTESIAN_POINT('',(109.,21.300386608211,0.));
#1029 = VECTOR('',#1030,1.);
#1030 = DIRECTION('',(-1.110223024625E-16,1.,0.));
#1031 = PCURVE('',#48,#1032);
#1032 = DEFINITIONAL_REPRESENTATION('',(#1033),#1037);
#1033 = LINE('',#1034,#1035);
#1034 = CARTESIAN_POINT('',(6.549746939384,-129.1533482963));
#1035 = VECTOR('',#1036,1.);
#1036 = DIRECTION('',(-1.,0.));
#1037 = ( GEOMETRIC_REPRESENTATION_CONTEXT(2) 
PARAMETRIC_REPRESENTATION_CONTEXT() REPRESENTATION_CONTEXT('2D SPACE',''
  ) );
#1038 = PCURVE('',#1039,#1044);
#1039 = PLANE('',#1040);
#1040 = AXIS2_PLACEMENT_3D('',#1041,#1042,#1043);
#1041 = CARTESIAN_POINT('',(109.,21.300386608211,0.));
#1042 = DIRECTION('',(-1.,-1.110223024625E-16,0.));
#1043 = DIRECTION('',(-1.110223024625E-16,1.,0.));
#1044 = DEFINITIONAL_REPRESENTATION('',(#1045),#1049);
#1045 = LINE('',#1046,#1047);
#1046 = CARTESIAN_POINT('',(0.,0.));
#1047 = VECTOR('',#1048,1.);
#1048 = DIRECTION('',(1.,0.));
#1049 = ( GEOMETRIC_REPRESENTATION_CONTEXT(2) 
PARAMETRIC_REPRESENTATION_CONTEXT() REPRESENTATION_CONTEXT('2D SPACE',''
  ) );
#1050 = FACE_BOUND('',#1051,.F.);
#1051 = EDGE_LOOP('',(#1052,#1082,#1110,#1138,#1166,#1194));
#1052 = ORIENTED_EDGE('',*,*,#1053,.F.);
#1053 = EDGE_CURVE('',#1054,#1056,#1058,.T.);
#1054 = VERTEX_POINT('',#1055);
#1055 = CARTESIAN_POINT('',(166.8,14.025773216421,0.));
#1056 = VERTEX_POINT('',#1057);
#1057 = CARTESIAN_POINT('',(179.4,21.300386608211,0.));
#1058 = SURFACE_CURVE('',#1059,(#1063,#1070),.PCURVE_S1.);
#1059 = LINE('',#1060,#1061);
#1060 = CARTESIAN_POINT('',(166.8,14.025773216421,0.));
#1061 = VECTOR('',#1062,1.);
#1062 = DIRECTION('',(0.866025403784,0.5,0.));
#1063 = PCURVE('',#48,#1064);
#1064 = DEFINITIONAL_REPRESENTATION('',(#1065),#1069);
#1065 = LINE('',#1066,#1067);
#1066 = CARTESIAN_POINT('',(13.824360331174,-71.35334829633));
#1067 = VECTOR('',#1068,1.);
#1068 = DIRECTION('',(-0.5,0.866025403784));
#1069 = ( GEOMETRIC_REPRESENTATION_CONTEXT(2) 
PARAMETRIC_REPRESENTATION_CONTEXT() REPRESENTATION_CONTEXT('2D SPACE',''
  ) );
#1070 = PCURVE('',#1071,#1076);
#1071 = PLANE('',#1072);
#1072 = AXIS2_PLACEMENT_3D('',#1073,#1074,#1075);
#1073 = CARTESIAN_POINT('',(166.8,14.025773216421,0.));
#1074 = DIRECTION('',(-0.5,0.866025403784,0.));
#1075 = DIRECTION('',(0.866025403784,0.5,0.));
#1076 = DEFINITIONAL_REPRESENTATION('',(#1077),#1081);
#1077 = LINE('',#1078,#1079);
#1078 = CARTESIAN_POINT('',(0.,0.));
#1079 = VECTOR('',#1080,1.);
#1080 = DIRECTION('',(1.,0.));
#1081 = ( GEOMETRIC_REPRESENTATION_CONTEXT(2) 
PARAMETRIC_REPRESENTATION_CONTEXT() REPRESENTATION_CONTEXT('2D SPACE',''
  ) );
#1082 = ORIENTED_EDGE('',*,*,#1083,.F.);
#1083 = EDGE_CURVE('',#1084,#1054,#1086,.T.);
#1084 = VERTEX_POINT('',#1085);
#1085 = CARTESIAN_POINT('',(154.2,21.300386608211,0.));
#1086 = SURFACE_CURVE('',#1087,(#1091,#1098),.PCURVE_S1.);
#1087 = LINE('',#1088,#1089);
#1088 = CARTESIAN_POINT('',(154.2,21.300386608211,0.));
#1089 = VECTOR('',#1090,1.);
#1090 = DIRECTION('',(0.866025403784,-0.5,0.));
#1091 = PCURVE('',#48,#1092);
#1092 = DEFINITIONAL_REPRESENTATION('',(#1093),#1097);
#1093 = LINE('',#1094,#1095);
#1094 = CARTESIAN_POINT('',(6.549746939384,-83.95334829633));
#1095 = VECTOR('',#1096,1.);
#1096 = DIRECTION('',(0.5,0.866025403784));
#1097 = ( GEOMETRIC_REPRESENTATION_CONTEXT(2) 
PARAMETRIC_REPRESENTATION_CONTEXT() REPRESENTATION_CONTEXT('2D SPACE',''
  ) );
#1098 = PCURVE('',#1099,#1104);
#1099 = PLANE('',#1100);
#1100 = AXIS2_PLACEMENT_3D('',#1101,#1102,#1103);
#1101 = CARTESIAN_POINT('',(154.2,21.300386608211,0.));
#1102 = DIRECTION('',(0.5,0.866025403784,0.));
#1103 = DIRECTION('',(0.866025403784,-0.5,0.));
#1104 = DEFINITIONAL_REPRESENTATION('',(#1105),#1109);
#1105 = LINE('',#1106,#1107);
#1106 = CARTESIAN_POINT('',(0.,0.));
#1107 = VECTOR('',#1108,1.);
#1108 = DIRECTION('',(1.,0.));
#1109 = ( GEOMETRIC_REPRESENTATION_CONTEXT(2) 
PARAMETRIC_REPRESENTATION_CONTEXT() REPRESENTATION_CONTEXT('2D SPACE',''
  ) );
#1110 = ORIENTED_EDGE('',*,*,#1111,.F.);
#1111 = EDGE_CURVE('',#1112,#1084,#1114,.T.);
#1112 = VERTEX_POINT('',#1113);
#1113 = CARTESIAN_POINT('',(154.2,35.849613391789,0.));
#1114 = SURFACE_CURVE('',#1115,(#1119,#1126),.PCURVE_S1.);
#1115 = LINE('',#1116,#1117);
#1116 = CARTESIAN_POINT('',(154.2,35.849613391789,0.));
#1117 = VECTOR('',#1118,1.);
#1118 = DIRECTION('',(1.110223024625E-16,-1.,0.));
#1119 = PCURVE('',#48,#1120);
#1120 = DEFINITIONAL_REPRESENTATION('',(#1121),#1125);
#1121 = LINE('',#1122,#1123);
#1122 = CARTESIAN_POINT('',(-7.999479844194,-83.95334829633));
#1123 = VECTOR('',#1124,1.);
#1124 = DIRECTION('',(1.,0.));
#1125 = ( GEOMETRIC_REPRESENTATION_CONTEXT(2) 
PARAMETRIC_REPRESENTATION_CONTEXT() REPRESENTATION_CONTEXT('2D SPACE',''
  ) );
#1126 = PCURVE('',#1127,#1132);
#1127 = PLANE('',#1128);
#1128 = AXIS2_PLACEMENT_3D('',#1129,#1130,#1131);
#1129 = CARTESIAN_POINT('',(154.2,35.849613391789,0.));
#1130 = DIRECTION('',(1.,1.110223024625E-16,0.));
#1131 = DIRECTION('',(1.110223024625E-16,-1.,0.));
#1132 = DEFINITIONAL_REPRESENTATION('',(#1133),#1137);
#1133 = LINE('',#1134,#1135);
#1134 = CARTESIAN_POINT('',(0.,0.));
#1135 = VECTOR('',#1136,1.);
#1136 = DIRECTION('',(1.,0.));
#1137 = ( GEOMETRIC_REPRESENTATION_CONTEXT(2) 
PARAMETRIC_REPRESENTATION_CONTEXT() REPRESENTATION_CONTEXT('2D SPACE',''
  ) );
#1138 = ORIENTED_EDGE('',*,*,#1139,.F.);
#1139 = EDGE_CURVE('',#1140,#1112,#1142,.T.);
#1140 = VERTEX_POINT('',#1141);
#1141 = CARTESIAN_POINT('',(166.8,43.124226783579,0.));
#1142 = SURFACE_CURVE('',#1143,(#1147,#1154),.PCURVE_S1.);
#1143 = LINE('',#1144,#1145);
#1144 = CARTESIAN_POINT('',(166.8,43.124226783579,0.));
#1145 = VECTOR('',#1146,1.);
#1146 = DIRECTION('',(-0.866025403784,-0.5,0.));
#1147 = PCURVE('',#48,#1148);
#1148 = DEFINITIONAL_REPRESENTATION('',(#1149),#1153);
#1149 = LINE('',#1150,#1151);
#1150 = CARTESIAN_POINT('',(-15.27409323598,-71.35334829633));
#1151 = VECTOR('',#1152,1.);
#1152 = DIRECTION('',(0.5,-0.866025403784));
#1153 = ( GEOMETRIC_REPRESENTATION_CONTEXT(2) 
PARAMETRIC_REPRESENTATION_CONTEXT() REPRESENTATION_CONTEXT('2D SPACE',''
  ) );
#1154 = PCURVE('',#1155,#1160);
#1155 = PLANE('',#1156);
#1156 = AXIS2_PLACEMENT_3D('',#1157,#1158,#1159);
#1157 = CARTESIAN_POINT('',(166.8,43.124226783579,0.));
#1158 = DIRECTION('',(0.5,-0.866025403784,0.));
#1159 = DIRECTION('',(-0.866025403784,-0.5,0.));
#1160 = DEFINITIONAL_REPRESENTATION('',(#1161),#1165);
#1161 = LINE('',#1162,#1163);
#1162 = CARTESIAN_POINT('',(0.,0.));
#1163 = VECTOR('',#1164,1.);
#1164 = DIRECTION('',(1.,0.));
#1165 = ( GEOMETRIC_REPRESENTATION_CONTEXT(2) 
PARAMETRIC_REPRESENTATION_CONTEXT() REPRESENTATION_CONTEXT('2D SPACE',''
  ) );
#1166 = ORIENTED_EDGE('',*,*,#1167,.F.);
#1167 = EDGE_CURVE('',#1168,#1140,#1170,.T.);
#1168 = VERTEX_POINT('',#1169);
#1169 = CARTESIAN_POINT('',(179.4,35.849613391789,0.));
#1170 = SURFACE_CURVE('',#1171,(#1175,#1182),.PCURVE_S1.);
#1171 = LINE('',#1172,#1173);
#1172 = CARTESIAN_POINT('',(179.4,35.849613391789,0.));
#1173 = VECTOR('',#1174,1.);
#1174 = DIRECTION('',(-0.866025403784,0.5,0.));
#1175 = PCURVE('',#48,#1176);
#1176 = DEFINITIONAL_REPRESENTATION('',(#1177),#1181);
#1177 = LINE('',#1178,#1179);
#1178 = CARTESIAN_POINT('',(-7.999479844194,-58.75334829633));
#1179 = VECTOR('',#1180,1.);
#1180 = DIRECTION('',(-0.5,-0.866025403784));
#1181 = ( GEOMETRIC_REPRESENTATION_CONTEXT(2) 
PARAMETRIC_REPRESENTATION_CONTEXT() REPRESENTATION_CONTEXT('2D SPACE',''
  ) );
#1182 = PCURVE('',#1183,#1188);
#1183 = PLANE('',#1184);
#1184 = AXIS2_PLACEMENT_3D('',#1185,#1186,#1187);
#1185 = CARTESIAN_POINT('',(179.4,35.849613391789,0.));
#1186 = DIRECTION('',(-0.5,-0.866025403784,0.));
#1187 = DIRECTION('',(-0.866025403784,0.5,0.));
#1188 = DEFINITIONAL_REPRESENTATION('',(#1189),#1193);
#1189 = LINE('',#1190,#1191);
#1190 = CARTESIAN_POINT('',(0.,0.));
#1191 = VECTOR('',#1192,1.);
#1192 = DIRECTION('',(1.,-0.));
#1193 = ( GEOMETRIC_REPRESENTATION_CONTEXT(2) 
PARAMETRIC_REPRESENTATION_CONTEXT() REPRESENTATION_CONTEXT('2D SPACE',''
  ) );
#1194 = ORIENTED_EDGE('',*,*,#1195,.F.);
#1195 = EDGE_CURVE('',#1056,#1168,#1196,.T.);
#1196 = SURFACE_CURVE('',#1197,(#1201,#1208),.PCURVE_S1.);
#1197 = LINE('',#1198,#1199);
#1198 = CARTESIAN_POINT('',(179.4,21.300386608211,0.));
#1199 = VECTOR('',#1200,1.);
#1200 = DIRECTION('',(-1.110223024625E-16,1.,0.));
#1201 = PCURVE('',#48,#1202);
#1202 = DEFINITIONAL_REPRESENTATION('',(#1203),#1207);
#1203 = LINE('',#1204,#1205);
#1204 = CARTESIAN_POINT('',(6.549746939384,-58.75334829633));
#1205 = VECTOR('',#1206,1.);
#1206 = DIRECTION('',(-1.,0.));
#1207 = ( GEOMETRIC_REPRESENTATION_CONTEXT(2) 
PARAMETRIC_REPRESENTATION_CONTEXT() REPRESENTATION_CONTEXT('2D SPACE',''
  ) );
#1208 = PCURVE('',#1209,#1214);
#1209 = PLANE('',#1210);
#1210 = AXIS2_PLACEMENT_3D('',#1211,#1212,#1213);
#1211 = CARTESIAN_POINT('',(179.4,21.300386608211,0.));
#1212 = DIRECTION('',(-1.,-1.110223024625E-16,0.));
#1213 = DIRECTION('',(-1.110223024625E-16,1.,0.));
#1214 = DEFINITIONAL_REPRESENTATION('',(#1215),#1219);
#1215 = LINE('',#1216,#1217);
#1216 = CARTESIAN_POINT('',(0.,0.));
#1217 = VECTOR('',#1218,1.);
#1218 = DIRECTION('',(1.,0.));
#1219 = ( GEOMETRIC_REPRESENTATION_CONTEXT(2) 
PARAMETRIC_REPRESENTATION_CONTEXT() REPRESENTATION_CONTEXT('2D SPACE',''
  ) );
#1220 = ADVANCED_FACE('',(#1221),#80,.F.);
#1221 = FACE_BOUND('',#1222,.F.);
#1222 = EDGE_LOOP('',(#1223,#1224,#1225,#1248));
#1223 = ORIENTED_EDGE('',*,*,#183,.F.);
#1224 = ORIENTED_EDGE('',*,*,#64,.T.);
#1225 = ORIENTED_EDGE('',*,*,#1226,.T.);
#1226 = EDGE_CURVE('',#65,#1227,#1229,.T.);
#1227 = VERTEX_POINT('',#1228);
#1228 = CARTESIAN_POINT('',(249.72533987072,0.,12.7));
#1229 = SURFACE_CURVE('',#1230,(#1234,#1241),.PCURVE_S1.);
#1230 = LINE('',#1231,#1232);
#1231 = CARTESIAN_POINT('',(0.50446494864,0.,12.7));
#1232 = VECTOR('',#1233,1.);
#1233 = DIRECTION('',(1.,1.110223024625E-16,0.));
#1234 = PCURVE('',#80,#1235);
#1235 = DEFINITIONAL_REPRESENTATION('',(#1236),#1240);
#1236 = LINE('',#1237,#1238);
#1237 = CARTESIAN_POINT('',(-0.50446494864,-12.7));
#1238 = VECTOR('',#1239,1.);
#1239 = DIRECTION('',(1.,0.));
#1240 = ( GEOMETRIC_REPRESENTATION_CONTEXT(2) 
PARAMETRIC_REPRESENTATION_CONTEXT() REPRESENTATION_CONTEXT('2D SPACE',''
  ) );
#1241 = PCURVE('',#130,#1242);
#1242 = DEFINITIONAL_REPRESENTATION('',(#1243),#1247);
#1243 = LINE('',#1244,#1245);
#1244 = CARTESIAN_POINT('',(57.15,0.50446494864));
#1245 = VECTOR('',#1246,1.);
#1246 = DIRECTION('',(0.,1.));
#1247 = ( GEOMETRIC_REPRESENTATION_CONTEXT(2) 
PARAMETRIC_REPRESENTATION_CONTEXT() REPRESENTATION_CONTEXT('2D SPACE',''
  ) );
#1248 = ORIENTED_EDGE('',*,*,#1249,.F.);
#1249 = EDGE_CURVE('',#184,#1227,#1250,.T.);
#1250 = SURFACE_CURVE('',#1251,(#1255,#1262),.PCURVE_S1.);
#1251 = LINE('',#1252,#1253);
#1252 = CARTESIAN_POINT('',(249.72533987072,0.,3.19359327753));
#1253 = VECTOR('',#1254,1.);
#1254 = DIRECTION('',(0.,0.,1.));
#1255 = PCURVE('',#80,#1256);
#1256 = DEFINITIONAL_REPRESENTATION('',(#1257),#1261);
#1257 = LINE('',#1258,#1259);
#1258 = CARTESIAN_POINT('',(248.71640997344,-3.19359327753));
#1259 = VECTOR('',#1260,1.);
#1260 = DIRECTION('',(0.,-1.));
#1261 = ( GEOMETRIC_REPRESENTATION_CONTEXT(2) 
PARAMETRIC_REPRESENTATION_CONTEXT() REPRESENTATION_CONTEXT('2D SPACE',''
  ) );
#1262 = PCURVE('',#222,#1263);
#1263 = DEFINITIONAL_REPRESENTATION('',(#1264),#1268);
#1264 = LINE('',#1265,#1266);
#1265 = CARTESIAN_POINT('',(-3.19359327753,-8.644611061566));
#1266 = VECTOR('',#1267,1.);
#1267 = DIRECTION('',(1.,0.));
#1268 = ( GEOMETRIC_REPRESENTATION_CONTEXT(2) 
PARAMETRIC_REPRESENTATION_CONTEXT() REPRESENTATION_CONTEXT('2D SPACE',''
  ) );
#1269 = ADVANCED_FACE('',(#1270,#1589,#1729,#1869,#2009),#130,.T.);
#1270 = FACE_BOUND('',#1271,.T.);
#1271 = EDGE_LOOP('',(#1272,#1295,#1296,#1297,#1320,#1351,#1379,#1432,
    #1460,#1513,#1541,#1568));
#1272 = ORIENTED_EDGE('',*,*,#1273,.F.);
#1273 = EDGE_CURVE('',#93,#1274,#1276,.T.);
#1274 = VERTEX_POINT('',#1275);
#1275 = CARTESIAN_POINT('',(249.72533987072,57.15,12.7));
#1276 = SURFACE_CURVE('',#1277,(#1281,#1288),.PCURVE_S1.);
#1277 = LINE('',#1278,#1279);
#1278 = CARTESIAN_POINT('',(0.,57.15,12.7));
#1279 = VECTOR('',#1280,1.);
#1280 = DIRECTION('',(1.,1.110223024625E-16,0.));
#1281 = PCURVE('',#130,#1282);
#1282 = DEFINITIONAL_REPRESENTATION('',(#1283),#1287);
#1283 = LINE('',#1284,#1285);
#1284 = CARTESIAN_POINT('',(0.,0.));
#1285 = VECTOR('',#1286,1.);
#1286 = DIRECTION('',(0.,1.));
#1287 = ( GEOMETRIC_REPRESENTATION_CONTEXT(2) 
PARAMETRIC_REPRESENTATION_CONTEXT() REPRESENTATION_CONTEXT('2D SPACE',''
  ) );
#1288 = PCURVE('',#167,#1289);
#1289 = DEFINITIONAL_REPRESENTATION('',(#1290),#1294);
#1290 = LINE('',#1291,#1292);
#1291 = CARTESIAN_POINT('',(457.2,-12.7));
#1292 = VECTOR('',#1293,1.);
#1293 = DIRECTION('',(-1.,0.));
#1294 = ( GEOMETRIC_REPRESENTATION_CONTEXT(2) 
PARAMETRIC_REPRESENTATION_CONTEXT() REPRESENTATION_CONTEXT('2D SPACE',''
  ) );
#1295 = ORIENTED_EDGE('',*,*,#92,.T.);
#1296 = ORIENTED_EDGE('',*,*,#1226,.T.);
#1297 = ORIENTED_EDGE('',*,*,#1298,.T.);
#1298 = EDGE_CURVE('',#1227,#1299,#1301,.T.);
#1299 = VERTEX_POINT('',#1300);
#1300 = CARTESIAN_POINT('',(249.72533987072,9.068171847733,12.7));
#1301 = SURFACE_CURVE('',#1302,(#1306,#1313),.PCURVE_S1.);
#1302 = LINE('',#1303,#1304);
#1303 = CARTESIAN_POINT('',(249.72533987072,-12.65233514578,12.7));
#1304 = VECTOR('',#1305,1.);
#1305 = DIRECTION('',(0.,1.,0.));
#1306 = PCURVE('',#130,#1307);
#1307 = DEFINITIONAL_REPRESENTATION('',(#1308),#1312);
#1308 = LINE('',#1309,#1310);
#1309 = CARTESIAN_POINT('',(69.802335145783,249.72533987072));
#1310 = VECTOR('',#1311,1.);
#1311 = DIRECTION('',(-1.,1.110223024625E-16));
#1312 = ( GEOMETRIC_REPRESENTATION_CONTEXT(2) 
PARAMETRIC_REPRESENTATION_CONTEXT() REPRESENTATION_CONTEXT('2D SPACE',''
  ) );
#1313 = PCURVE('',#222,#1314);
#1314 = DEFINITIONAL_REPRESENTATION('',(#1315),#1319);
#1315 = LINE('',#1316,#1317);
#1316 = CARTESIAN_POINT('',(6.31281344494,4.007724084217));
#1317 = VECTOR('',#1318,1.);
#1318 = DIRECTION('',(0.,-1.));
#1319 = ( GEOMETRIC_REPRESENTATION_CONTEXT(2) 
PARAMETRIC_REPRESENTATION_CONTEXT() REPRESENTATION_CONTEXT('2D SPACE',''
  ) );
#1320 = ORIENTED_EDGE('',*,*,#1321,.F.);
#1321 = EDGE_CURVE('',#1322,#1299,#1324,.T.);
#1322 = VERTEX_POINT('',#1323);
#1323 = CARTESIAN_POINT('',(249.68956237189,9.210337548506,12.7));
#1324 = SURFACE_CURVE('',#1325,(#1330,#1341),.PCURVE_S1.);
#1325 = ELLIPSE('',#1326,0.30018286329,0.3);
#1326 = AXIS2_PLACEMENT_3D('',#1327,#1328,#1329);
#1327 = CARTESIAN_POINT('',(249.42533987072,9.068171847733,12.7));
#1328 = DIRECTION('',(0.,0.,-1.));
#1329 = DIRECTION('',(0.,1.,0.));
#1330 = PCURVE('',#130,#1331);
#1331 = DEFINITIONAL_REPRESENTATION('',(#1332),#1340);
#1332 = ( BOUNDED_CURVE() B_SPLINE_CURVE(2,(#1333,#1334,#1335,#1336,
#1337,#1338,#1339),.UNSPECIFIED.,.T.,.F.) B_SPLINE_CURVE_WITH_KNOTS((1,2
    ,2,2,2,1),(-2.094395102393,0.,2.094395102393,4.188790204786,
6.28318530718,8.377580409573),.UNSPECIFIED.) CURVE() 
GEOMETRIC_REPRESENTATION_ITEM() RATIONAL_B_SPLINE_CURVE((1.,0.5,1.,0.5,
1.,0.5,1.)) REPRESENTATION_ITEM('') );
#1333 = CARTESIAN_POINT('',(47.781645288977,249.42533987072));
#1334 = CARTESIAN_POINT('',(47.781645288977,249.94495511299));
#1335 = CARTESIAN_POINT('',(48.231919583912,249.68514749185));
#1336 = CARTESIAN_POINT('',(48.682193878847,249.42533987072));
#1337 = CARTESIAN_POINT('',(48.231919583912,249.16553224958));
#1338 = CARTESIAN_POINT('',(47.781645288977,248.90572462845));
#1339 = CARTESIAN_POINT('',(47.781645288977,249.42533987072));
#1340 = ( GEOMETRIC_REPRESENTATION_CONTEXT(2) 
PARAMETRIC_REPRESENTATION_CONTEXT() REPRESENTATION_CONTEXT('2D SPACE',''
  ) );
#1341 = PCURVE('',#255,#1342);
#1342 = DEFINITIONAL_REPRESENTATION('',(#1343),#1350);
#1343 = B_SPLINE_CURVE_WITH_KNOTS('',5,(#1344,#1345,#1346,#1347,#1348,
    #1349),.UNSPECIFIED.,.F.,.F.,(6,6),(1.077425964568,1.570796326795),
  .PIECEWISE_BEZIER_KNOTS.);
#1344 = CARTESIAN_POINT('',(0.493370362227,12.694557359062));
#1345 = CARTESIAN_POINT('',(0.394696289782,12.693646907895));
#1346 = CARTESIAN_POINT('',(0.296022217336,12.692676072824));
#1347 = CARTESIAN_POINT('',(0.197348144891,12.691663313375));
#1348 = CARTESIAN_POINT('',(9.867407244546E-02,12.690629580018));
#1349 = CARTESIAN_POINT('',(0.,12.689595847657));
#1350 = ( GEOMETRIC_REPRESENTATION_CONTEXT(2) 
PARAMETRIC_REPRESENTATION_CONTEXT() REPRESENTATION_CONTEXT('2D SPACE',''
  ) );
#1351 = ORIENTED_EDGE('',*,*,#1352,.T.);
#1352 = EDGE_CURVE('',#1322,#1353,#1355,.T.);
#1353 = VERTEX_POINT('',#1354);
#1354 = CARTESIAN_POINT('',(237.47533988805,2.154153821107,12.7));
#1355 = SURFACE_CURVE('',#1356,(#1360,#1367),.PCURVE_S1.);
#1356 = LINE('',#1357,#1358);
#1357 = CARTESIAN_POINT('',(249.88001475152,9.320362315433,12.7));
#1358 = VECTOR('',#1359,1.);
#1359 = DIRECTION('',(-0.865893403497,-0.50022856154,0.));
#1360 = PCURVE('',#130,#1361);
#1361 = DEFINITIONAL_REPRESENTATION('',(#1362),#1366);
#1362 = LINE('',#1363,#1364);
#1363 = CARTESIAN_POINT('',(47.829637684567,249.88001475152));
#1364 = VECTOR('',#1365,1.);
#1365 = DIRECTION('',(0.50022856154,-0.865893403497));
#1366 = ( GEOMETRIC_REPRESENTATION_CONTEXT(2) 
PARAMETRIC_REPRESENTATION_CONTEXT() REPRESENTATION_CONTEXT('2D SPACE',''
  ) );
#1367 = PCURVE('',#1368,#1373);
#1368 = CYLINDRICAL_SURFACE('',#1369,0.3);
#1369 = AXIS2_PLACEMENT_3D('',#1370,#1371,#1372);
#1370 = CARTESIAN_POINT('',(249.88001475152,9.320362315433,12.4));
#1371 = DIRECTION('',(-0.865893403497,-0.50022856154,0.));
#1372 = DIRECTION('',(0.,0.,1.));
#1373 = DEFINITIONAL_REPRESENTATION('',(#1374),#1378);
#1374 = LINE('',#1375,#1376);
#1375 = CARTESIAN_POINT('',(0.,0.));
#1376 = VECTOR('',#1377,1.);
#1377 = DIRECTION('',(0.,1.));
#1378 = ( GEOMETRIC_REPRESENTATION_CONTEXT(2) 
PARAMETRIC_REPRESENTATION_CONTEXT() REPRESENTATION_CONTEXT('2D SPACE',''
  ) );
#1379 = ORIENTED_EDGE('',*,*,#1380,.F.);
#1380 = EDGE_CURVE('',#1381,#1353,#1383,.T.);
#1381 = VERTEX_POINT('',#1382);
#1382 = CARTESIAN_POINT('',(236.72533987072,2.587430453409,12.7));
#1383 = SURFACE_CURVE('',#1384,(#1392,#1403),.PCURVE_S1.);
#1384 = B_SPLINE_CURVE_WITH_KNOTS('',6,(#1385,#1386,#1387,#1388,#1389,
    #1390,#1391),.UNSPECIFIED.,.F.,.F.,(7,7),(0.,2.09465904264),
  .PIECEWISE_BEZIER_KNOTS.);
#1385 = CARTESIAN_POINT('',(236.72533987072,2.587430453409,12.7));
#1386 = CARTESIAN_POINT('',(236.72533987072,2.41298196458,12.7));
#1387 = CARTESIAN_POINT('',(236.79821355403,2.238621603603,12.7));
#1388 = CARTESIAN_POINT('',(236.94444567397,2.101795197039,12.7));
#1389 = CARTESIAN_POINT('',(237.13627968861,2.042741838626,12.7));
#1390 = CARTESIAN_POINT('',(237.32407875208,2.066769923554,12.7));
#1391 = CARTESIAN_POINT('',(237.47533988805,2.154153821107,12.7));
#1392 = PCURVE('',#130,#1393);
#1393 = DEFINITIONAL_REPRESENTATION('',(#1394),#1402);
#1394 = B_SPLINE_CURVE_WITH_KNOTS('',6,(#1395,#1396,#1397,#1398,#1399,
    #1400,#1401),.UNSPECIFIED.,.F.,.F.,(7,7),(0.,2.09465904264),
  .PIECEWISE_BEZIER_KNOTS.);
#1395 = CARTESIAN_POINT('',(54.562569546591,236.72533987072));
#1396 = CARTESIAN_POINT('',(54.73701803542,236.72533987072));
#1397 = CARTESIAN_POINT('',(54.911378396397,236.79821355403));
#1398 = CARTESIAN_POINT('',(55.048204802961,236.94444567397));
#1399 = CARTESIAN_POINT('',(55.107258161374,237.13627968861));
#1400 = CARTESIAN_POINT('',(55.083230076446,237.32407875208));
#1401 = CARTESIAN_POINT('',(54.995846178893,237.47533988805));
#1402 = ( GEOMETRIC_REPRESENTATION_CONTEXT(2) 
PARAMETRIC_REPRESENTATION_CONTEXT() REPRESENTATION_CONTEXT('2D SPACE',''
  ) );
#1403 = PCURVE('',#1404,#1426);
#1404 = ( BOUNDED_SURFACE() B_SPLINE_SURFACE(2,6,(
    (#1405,#1406,#1407,#1408,#1409,#1410,#1411)
    ,(#1412,#1413,#1414,#1415,#1416,#1417,#1418)
    ,(#1419,#1420,#1421,#1422,#1423,#1424,#1425
)),.UNSPECIFIED.,.F.,.F.,.F.) B_SPLINE_SURFACE_WITH_KNOTS((3,3),(7,7),(
    0.,2.09465904264),(0.,2.09465904264),.PIECEWISE_BEZIER_KNOTS.) 
GEOMETRIC_REPRESENTATION_ITEM() RATIONAL_B_SPLINE_SURFACE((
    (1.,1.,1.,1.,1.,1.,1.)
    ,(0.707106781187,0.702816197344,0.698499787525,0.695043379923
      ,0.69353366164,0.694147612644,0.696339051747)
,(1.,1.,1.,1.,1.,1.,1.))) REPRESENTATION_ITEM('') SURFACE() );
#1405 = CARTESIAN_POINT('',(236.72533987072,2.587430453409,12.7));
#1406 = CARTESIAN_POINT('',(236.72533987072,2.41298196458,12.7));
#1407 = CARTESIAN_POINT('',(236.79821355403,2.238621603603,12.7));
#1408 = CARTESIAN_POINT('',(236.94444567397,2.101795197039,12.7));
#1409 = CARTESIAN_POINT('',(237.13627968861,2.042741838626,12.7));
#1410 = CARTESIAN_POINT('',(237.32407875208,2.066769923554,12.7));
#1411 = CARTESIAN_POINT('',(237.47533988805,2.154153821107,12.7));
#1412 = CARTESIAN_POINT('',(237.02533987072,2.587430453409,12.7));
#1413 = CARTESIAN_POINT('',(237.02900277763,2.517289314177,12.7));
#1414 = CARTESIAN_POINT('',(237.06216189092,2.450278155226,12.7));
#1415 = CARTESIAN_POINT('',(237.12113113375,2.402894049925,12.7));
#1416 = CARTESIAN_POINT('',(237.19107886565,2.382455972988,12.7));
#1417 = CARTESIAN_POINT('',(237.26174465647,2.390045511501,12.7));
#1418 = CARTESIAN_POINT('',(237.32066500725,2.421895348219,12.7));
#1419 = CARTESIAN_POINT('',(237.02533987072,2.587430453409,12.4));
#1420 = CARTESIAN_POINT('',(237.02533987072,2.517714916712,
    12.396359318883));
#1421 = CARTESIAN_POINT('',(237.05434207072,2.448063681933,
    12.392722005996));
#1422 = CARTESIAN_POINT('',(237.11243568023,2.393046699104,
    12.389848789175));
#1423 = CARTESIAN_POINT('',(237.18945730715,2.369065335564,
    12.388596555463));
#1424 = CARTESIAN_POINT('',(237.26475258189,2.37873780552,12.38910166344
    ));
#1425 = CARTESIAN_POINT('',(237.32533987765,2.413803168458,
    12.390932844992));
#1426 = DEFINITIONAL_REPRESENTATION('',(#1427),#1431);
#1427 = LINE('',#1428,#1429);
#1428 = CARTESIAN_POINT('',(0.,0.));
#1429 = VECTOR('',#1430,1.);
#1430 = DIRECTION('',(0.,1.));
#1431 = ( GEOMETRIC_REPRESENTATION_CONTEXT(2) 
PARAMETRIC_REPRESENTATION_CONTEXT() REPRESENTATION_CONTEXT('2D SPACE',''
  ) );
#1432 = ORIENTED_EDGE('',*,*,#1433,.T.);
#1433 = EDGE_CURVE('',#1381,#1434,#1436,.T.);
#1434 = VERTEX_POINT('',#1435);
#1435 = CARTESIAN_POINT('',(236.72533987072,54.562569546591,12.7));
#1436 = SURFACE_CURVE('',#1437,(#1441,#1448),.PCURVE_S1.);
#1437 = LINE('',#1438,#1439);
#1438 = CARTESIAN_POINT('',(236.72533987072,2.251285354381,12.7));
#1439 = VECTOR('',#1440,1.);
#1440 = DIRECTION('',(0.,1.,0.));
#1441 = PCURVE('',#130,#1442);
#1442 = DEFINITIONAL_REPRESENTATION('',(#1443),#1447);
#1443 = LINE('',#1444,#1445);
#1444 = CARTESIAN_POINT('',(54.898714645619,236.72533987072));
#1445 = VECTOR('',#1446,1.);
#1446 = DIRECTION('',(-1.,1.110223024625E-16));
#1447 = ( GEOMETRIC_REPRESENTATION_CONTEXT(2) 
PARAMETRIC_REPRESENTATION_CONTEXT() REPRESENTATION_CONTEXT('2D SPACE',''
  ) );
#1448 = PCURVE('',#1449,#1454);
#1449 = CYLINDRICAL_SURFACE('',#1450,0.3);
#1450 = AXIS2_PLACEMENT_3D('',#1451,#1452,#1453);
#1451 = CARTESIAN_POINT('',(236.72533987072,2.251285354381,12.4));
#1452 = DIRECTION('',(0.,1.,0.));
#1453 = DIRECTION('',(0.,-0.,1.));
#1454 = DEFINITIONAL_REPRESENTATION('',(#1455),#1459);
#1455 = LINE('',#1456,#1457);
#1456 = CARTESIAN_POINT('',(0.,0.));
#1457 = VECTOR('',#1458,1.);
#1458 = DIRECTION('',(0.,1.));
#1459 = ( GEOMETRIC_REPRESENTATION_CONTEXT(2) 
PARAMETRIC_REPRESENTATION_CONTEXT() REPRESENTATION_CONTEXT('2D SPACE',''
  ) );
#1460 = ORIENTED_EDGE('',*,*,#1461,.F.);
#1461 = EDGE_CURVE('',#1462,#1434,#1464,.T.);
#1462 = VERTEX_POINT('',#1463);
#1463 = CARTESIAN_POINT('',(237.47533988805,54.995846178893,12.7));
#1464 = SURFACE_CURVE('',#1465,(#1473,#1484),.PCURVE_S1.);
#1465 = B_SPLINE_CURVE_WITH_KNOTS('',6,(#1466,#1467,#1468,#1469,#1470,
    #1471,#1472),.UNSPECIFIED.,.F.,.F.,(7,7),(0.,2.09465904264),
  .PIECEWISE_BEZIER_KNOTS.);
#1466 = CARTESIAN_POINT('',(237.47533988805,54.995846178893,12.7));
#1467 = CARTESIAN_POINT('',(237.32407875208,55.083230076446,12.7));
#1468 = CARTESIAN_POINT('',(237.13627968861,55.107258161374,12.7));
#1469 = CARTESIAN_POINT('',(236.94444567397,55.048204802961,12.7));
#1470 = CARTESIAN_POINT('',(236.79821355403,54.911378396397,12.7));
#1471 = CARTESIAN_POINT('',(236.72533987072,54.73701803542,12.7));
#1472 = CARTESIAN_POINT('',(236.72533987072,54.562569546591,12.7));
#1473 = PCURVE('',#130,#1474);
#1474 = DEFINITIONAL_REPRESENTATION('',(#1475),#1483);
#1475 = B_SPLINE_CURVE_WITH_KNOTS('',6,(#1476,#1477,#1478,#1479,#1480,
    #1481,#1482),.UNSPECIFIED.,.F.,.F.,(7,7),(0.,2.09465904264),
  .PIECEWISE_BEZIER_KNOTS.);
#1476 = CARTESIAN_POINT('',(2.154153821107,237.47533988805));
#1477 = CARTESIAN_POINT('',(2.066769923554,237.32407875208));
#1478 = CARTESIAN_POINT('',(2.042741838626,237.13627968861));
#1479 = CARTESIAN_POINT('',(2.101795197039,236.94444567397));
#1480 = CARTESIAN_POINT('',(2.238621603603,236.79821355403));
#1481 = CARTESIAN_POINT('',(2.41298196458,236.72533987072));
#1482 = CARTESIAN_POINT('',(2.587430453409,236.72533987072));
#1483 = ( GEOMETRIC_REPRESENTATION_CONTEXT(2) 
PARAMETRIC_REPRESENTATION_CONTEXT() REPRESENTATION_CONTEXT('2D SPACE',''
  ) );
#1484 = PCURVE('',#1485,#1507);
#1485 = ( BOUNDED_SURFACE() B_SPLINE_SURFACE(2,6,(
    (#1486,#1487,#1488,#1489,#1490,#1491,#1492)
    ,(#1493,#1494,#1495,#1496,#1497,#1498,#1499)
    ,(#1500,#1501,#1502,#1503,#1504,#1505,#1506
)),.UNSPECIFIED.,.F.,.F.,.F.) B_SPLINE_SURFACE_WITH_KNOTS((3,3),(7,7),(
    0.,2.09465904264),(0.,2.09465904264),.PIECEWISE_BEZIER_KNOTS.) 
GEOMETRIC_REPRESENTATION_ITEM() RATIONAL_B_SPLINE_SURFACE((
    (1.,1.,1.,1.,1.,1.,1.)
    ,(0.696339051747,0.694147612644,0.69353366164,0.695043379923
      ,0.698499787525,0.702816197344,0.707106781187)
,(1.,1.,1.,1.,1.,1.,1.))) REPRESENTATION_ITEM('') SURFACE() );
#1486 = CARTESIAN_POINT('',(237.47533988805,54.995846178893,12.7));
#1487 = CARTESIAN_POINT('',(237.32407875208,55.083230076446,12.7));
#1488 = CARTESIAN_POINT('',(237.13627968861,55.107258161374,12.7));
#1489 = CARTESIAN_POINT('',(236.94444567397,55.048204802961,12.7));
#1490 = CARTESIAN_POINT('',(236.79821355403,54.911378396397,12.7));
#1491 = CARTESIAN_POINT('',(236.72533987072,54.73701803542,12.7));
#1492 = CARTESIAN_POINT('',(236.72533987072,54.562569546591,12.7));
#1493 = CARTESIAN_POINT('',(237.32066500725,54.728104651781,12.7));
#1494 = CARTESIAN_POINT('',(237.26174465647,54.759954488499,12.7));
#1495 = CARTESIAN_POINT('',(237.19107886565,54.767544027012,12.7));
#1496 = CARTESIAN_POINT('',(237.12113113375,54.747105950075,12.7));
#1497 = CARTESIAN_POINT('',(237.06216189092,54.699721844774,12.7));
#1498 = CARTESIAN_POINT('',(237.02900277763,54.632710685823,12.7));
#1499 = CARTESIAN_POINT('',(237.02533987072,54.562569546591,12.7));
#1500 = CARTESIAN_POINT('',(237.32533987765,54.736196831542,
    12.390932844992));
#1501 = CARTESIAN_POINT('',(237.26475258189,54.77126219448,
    12.38910166344));
#1502 = CARTESIAN_POINT('',(237.18945730715,54.780934664436,
    12.388596555463));
#1503 = CARTESIAN_POINT('',(237.11243568023,54.756953300896,
    12.389848789175));
#1504 = CARTESIAN_POINT('',(237.05434207072,54.701936318067,
    12.392722005996));
#1505 = CARTESIAN_POINT('',(237.02533987072,54.632285083288,
    12.396359318883));
#1506 = CARTESIAN_POINT('',(237.02533987072,54.562569546591,12.4));
#1507 = DEFINITIONAL_REPRESENTATION('',(#1508),#1512);
#1508 = LINE('',#1509,#1510);
#1509 = CARTESIAN_POINT('',(0.,0.));
#1510 = VECTOR('',#1511,1.);
#1511 = DIRECTION('',(0.,1.));
#1512 = ( GEOMETRIC_REPRESENTATION_CONTEXT(2) 
PARAMETRIC_REPRESENTATION_CONTEXT() REPRESENTATION_CONTEXT('2D SPACE',''
  ) );
#1513 = ORIENTED_EDGE('',*,*,#1514,.T.);
#1514 = EDGE_CURVE('',#1462,#1515,#1517,.T.);
#1515 = VERTEX_POINT('',#1516);
#1516 = CARTESIAN_POINT('',(249.68956237187,47.939662451506,12.7));
#1517 = SURFACE_CURVE('',#1518,(#1522,#1529),.PCURVE_S1.);
#1518 = LINE('',#1519,#1520);
#1519 = CARTESIAN_POINT('',(237.18001475152,55.166456172731,12.7));
#1520 = VECTOR('',#1521,1.);
#1521 = DIRECTION('',(0.865893403497,-0.50022856154,0.));
#1522 = PCURVE('',#130,#1523);
#1523 = DEFINITIONAL_REPRESENTATION('',(#1524),#1528);
#1524 = LINE('',#1525,#1526);
#1525 = CARTESIAN_POINT('',(1.983543827269,237.18001475152));
#1526 = VECTOR('',#1527,1.);
#1527 = DIRECTION('',(0.50022856154,0.865893403497));
#1528 = ( GEOMETRIC_REPRESENTATION_CONTEXT(2) 
PARAMETRIC_REPRESENTATION_CONTEXT() REPRESENTATION_CONTEXT('2D SPACE',''
  ) );
#1529 = PCURVE('',#1530,#1535);
#1530 = CYLINDRICAL_SURFACE('',#1531,0.3);
#1531 = AXIS2_PLACEMENT_3D('',#1532,#1533,#1534);
#1532 = CARTESIAN_POINT('',(237.18001475152,55.166456172731,12.4));
#1533 = DIRECTION('',(0.865893403497,-0.50022856154,0.));
#1534 = DIRECTION('',(0.,0.,1.));
#1535 = DEFINITIONAL_REPRESENTATION('',(#1536),#1540);
#1536 = LINE('',#1537,#1538);
#1537 = CARTESIAN_POINT('',(0.,0.));
#1538 = VECTOR('',#1539,1.);
#1539 = DIRECTION('',(0.,1.));
#1540 = ( GEOMETRIC_REPRESENTATION_CONTEXT(2) 
PARAMETRIC_REPRESENTATION_CONTEXT() REPRESENTATION_CONTEXT('2D SPACE',''
  ) );
#1541 = ORIENTED_EDGE('',*,*,#1542,.T.);
#1542 = EDGE_CURVE('',#1515,#1543,#1545,.T.);
#1543 = VERTEX_POINT('',#1544);
#1544 = CARTESIAN_POINT('',(249.72533987072,48.081828152267,12.7));
#1545 = SURFACE_CURVE('',#1546,(#1551,#1558),.PCURVE_S1.);
#1546 = ELLIPSE('',#1547,0.30018286329,0.3);
#1547 = AXIS2_PLACEMENT_3D('',#1548,#1549,#1550);
#1548 = CARTESIAN_POINT('',(249.42533987072,48.081828152267,12.7));
#1549 = DIRECTION('',(0.,0.,1.));
#1550 = DIRECTION('',(0.,-1.,0.));
#1551 = PCURVE('',#130,#1552);
#1552 = DEFINITIONAL_REPRESENTATION('',(#1553),#1557);
#1553 = ELLIPSE('',#1554,0.30018286329,0.3);
#1554 = AXIS2_PLACEMENT_2D('',#1555,#1556);
#1555 = CARTESIAN_POINT('',(9.068171847733,249.42533987072));
#1556 = DIRECTION('',(1.,-1.110223024625E-16));
#1557 = ( GEOMETRIC_REPRESENTATION_CONTEXT(2) 
PARAMETRIC_REPRESENTATION_CONTEXT() REPRESENTATION_CONTEXT('2D SPACE',''
  ) );
#1558 = PCURVE('',#477,#1559);
#1559 = DEFINITIONAL_REPRESENTATION('',(#1560),#1567);
#1560 = B_SPLINE_CURVE_WITH_KNOTS('',5,(#1561,#1562,#1563,#1564,#1565,
    #1566),.UNSPECIFIED.,.F.,.F.,(6,6),(1.07742596457,1.570796326795),
  .PIECEWISE_BEZIER_KNOTS.);
#1561 = CARTESIAN_POINT('',(5.789814944955,12.694557359062));
#1562 = CARTESIAN_POINT('',(5.8884890174,12.693646907895));
#1563 = CARTESIAN_POINT('',(5.987163089845,12.692676072824));
#1564 = CARTESIAN_POINT('',(6.08583716229,12.691663313375));
#1565 = CARTESIAN_POINT('',(6.184511234735,12.690629580018));
#1566 = CARTESIAN_POINT('',(6.28318530718,12.689595847657));
#1567 = ( GEOMETRIC_REPRESENTATION_CONTEXT(2) 
PARAMETRIC_REPRESENTATION_CONTEXT() REPRESENTATION_CONTEXT('2D SPACE',''
  ) );
#1568 = ORIENTED_EDGE('',*,*,#1569,.T.);
#1569 = EDGE_CURVE('',#1543,#1274,#1570,.T.);
#1570 = SURFACE_CURVE('',#1571,(#1575,#1582),.PCURVE_S1.);
#1571 = LINE('',#1572,#1573);
#1572 = CARTESIAN_POINT('',(249.72533987072,49.449746300783,12.7));
#1573 = VECTOR('',#1574,1.);
#1574 = DIRECTION('',(0.,1.,0.));
#1575 = PCURVE('',#130,#1576);
#1576 = DEFINITIONAL_REPRESENTATION('',(#1577),#1581);
#1577 = LINE('',#1578,#1579);
#1578 = CARTESIAN_POINT('',(7.700253699217,249.72533987072));
#1579 = VECTOR('',#1580,1.);
#1580 = DIRECTION('',(-1.,1.110223024625E-16));
#1581 = ( GEOMETRIC_REPRESENTATION_CONTEXT(2) 
PARAMETRIC_REPRESENTATION_CONTEXT() REPRESENTATION_CONTEXT('2D SPACE',''
  ) );
#1582 = PCURVE('',#508,#1583);
#1583 = DEFINITIONAL_REPRESENTATION('',(#1584),#1588);
#1584 = LINE('',#1585,#1586);
#1585 = CARTESIAN_POINT('',(6.337445111782,66.109805530777));
#1586 = VECTOR('',#1587,1.);
#1587 = DIRECTION('',(0.,-1.));
#1588 = ( GEOMETRIC_REPRESENTATION_CONTEXT(2) 
PARAMETRIC_REPRESENTATION_CONTEXT() REPRESENTATION_CONTEXT('2D SPACE',''
  ) );
#1589 = FACE_BOUND('',#1590,.T.);
#1590 = EDGE_LOOP('',(#1591,#1616,#1639,#1662,#1685,#1708));
#1591 = ORIENTED_EDGE('',*,*,#1592,.F.);
#1592 = EDGE_CURVE('',#1593,#1595,#1597,.T.);
#1593 = VERTEX_POINT('',#1594);
#1594 = CARTESIAN_POINT('',(61.2,14.025773216421,12.7));
#1595 = VERTEX_POINT('',#1596);
#1596 = CARTESIAN_POINT('',(73.8,21.300386608211,12.7));
#1597 = SURFACE_CURVE('',#1598,(#1602,#1609),.PCURVE_S1.);
#1598 = LINE('',#1599,#1600);
#1599 = CARTESIAN_POINT('',(47.586668978293,6.166112886467,12.7));
#1600 = VECTOR('',#1601,1.);
#1601 = DIRECTION('',(0.866025403784,0.5,0.));
#1602 = PCURVE('',#130,#1603);
#1603 = DEFINITIONAL_REPRESENTATION('',(#1604),#1608);
#1604 = LINE('',#1605,#1606);
#1605 = CARTESIAN_POINT('',(50.983887113533,47.586668978293));
#1606 = VECTOR('',#1607,1.);
#1607 = DIRECTION('',(-0.5,0.866025403784));
#1608 = ( GEOMETRIC_REPRESENTATION_CONTEXT(2) 
PARAMETRIC_REPRESENTATION_CONTEXT() REPRESENTATION_CONTEXT('2D SPACE',''
  ) );
#1609 = PCURVE('',#561,#1610);
#1610 = DEFINITIONAL_REPRESENTATION('',(#1611),#1615);
#1611 = LINE('',#1612,#1613);
#1612 = CARTESIAN_POINT('',(-15.7193206599,-12.7));
#1613 = VECTOR('',#1614,1.);
#1614 = DIRECTION('',(1.,0.));
#1615 = ( GEOMETRIC_REPRESENTATION_CONTEXT(2) 
PARAMETRIC_REPRESENTATION_CONTEXT() REPRESENTATION_CONTEXT('2D SPACE',''
  ) );
#1616 = ORIENTED_EDGE('',*,*,#1617,.F.);
#1617 = EDGE_CURVE('',#1618,#1593,#1620,.T.);
#1618 = VERTEX_POINT('',#1619);
#1619 = CARTESIAN_POINT('',(48.6,21.300386608211,12.7));
#1620 = SURFACE_CURVE('',#1621,(#1625,#1632),.PCURVE_S1.);
#1621 = LINE('',#1622,#1623);
#1622 = CARTESIAN_POINT('',(22.613331021718,36.303796938172,12.7));
#1623 = VECTOR('',#1624,1.);
#1624 = DIRECTION('',(0.866025403784,-0.5,0.));
#1625 = PCURVE('',#130,#1626);
#1626 = DEFINITIONAL_REPRESENTATION('',(#1627),#1631);
#1627 = LINE('',#1628,#1629);
#1628 = CARTESIAN_POINT('',(20.846203061828,22.613331021718));
#1629 = VECTOR('',#1630,1.);
#1630 = DIRECTION('',(0.5,0.866025403784));
#1631 = ( GEOMETRIC_REPRESENTATION_CONTEXT(2) 
PARAMETRIC_REPRESENTATION_CONTEXT() REPRESENTATION_CONTEXT('2D SPACE',''
  ) );
#1632 = PCURVE('',#589,#1633);
#1633 = DEFINITIONAL_REPRESENTATION('',(#1634),#1638);
#1634 = LINE('',#1635,#1636);
#1635 = CARTESIAN_POINT('',(-30.00682065991,-12.7));
#1636 = VECTOR('',#1637,1.);
#1637 = DIRECTION('',(1.,0.));
#1638 = ( GEOMETRIC_REPRESENTATION_CONTEXT(2) 
PARAMETRIC_REPRESENTATION_CONTEXT() REPRESENTATION_CONTEXT('2D SPACE',''
  ) );
#1639 = ORIENTED_EDGE('',*,*,#1640,.F.);
#1640 = EDGE_CURVE('',#1641,#1618,#1643,.T.);
#1641 = VERTEX_POINT('',#1642);
#1642 = CARTESIAN_POINT('',(48.6,35.849613391789,12.7));
#1643 = SURFACE_CURVE('',#1644,(#1648,#1655),.PCURVE_S1.);
#1644 = LINE('',#1645,#1646);
#1645 = CARTESIAN_POINT('',(48.6,46.499806695894,12.7));
#1646 = VECTOR('',#1647,1.);
#1647 = DIRECTION('',(1.110223024625E-16,-1.,0.));
#1648 = PCURVE('',#130,#1649);
#1649 = DEFINITIONAL_REPRESENTATION('',(#1650),#1654);
#1650 = LINE('',#1651,#1652);
#1651 = CARTESIAN_POINT('',(10.650193304106,48.6));
#1652 = VECTOR('',#1653,1.);
#1653 = DIRECTION('',(1.,0.));
#1654 = ( GEOMETRIC_REPRESENTATION_CONTEXT(2) 
PARAMETRIC_REPRESENTATION_CONTEXT() REPRESENTATION_CONTEXT('2D SPACE',''
  ) );
#1655 = PCURVE('',#617,#1656);
#1656 = DEFINITIONAL_REPRESENTATION('',(#1657),#1661);
#1657 = LINE('',#1658,#1659);
#1658 = CARTESIAN_POINT('',(-10.6501933041,-12.7));
#1659 = VECTOR('',#1660,1.);
#1660 = DIRECTION('',(1.,0.));
#1661 = ( GEOMETRIC_REPRESENTATION_CONTEXT(2) 
PARAMETRIC_REPRESENTATION_CONTEXT() REPRESENTATION_CONTEXT('2D SPACE',''
  ) );
#1662 = ORIENTED_EDGE('',*,*,#1663,.F.);
#1663 = EDGE_CURVE('',#1664,#1641,#1666,.T.);
#1664 = VERTEX_POINT('',#1665);
#1665 = CARTESIAN_POINT('',(61.2,43.124226783579,12.7));
#1666 = SURFACE_CURVE('',#1667,(#1671,#1678),.PCURVE_S1.);
#1667 = LINE('',#1668,#1669);
#1668 = CARTESIAN_POINT('',(41.286668978292,31.627259757728,12.7));
#1669 = VECTOR('',#1670,1.);
#1670 = DIRECTION('',(-0.866025403784,-0.5,0.));
#1671 = PCURVE('',#130,#1672);
#1672 = DEFINITIONAL_REPRESENTATION('',(#1673),#1677);
#1673 = LINE('',#1674,#1675);
#1674 = CARTESIAN_POINT('',(25.522740242272,41.286668978292));
#1675 = VECTOR('',#1676,1.);
#1676 = DIRECTION('',(0.5,-0.866025403784));
#1677 = ( GEOMETRIC_REPRESENTATION_CONTEXT(2) 
PARAMETRIC_REPRESENTATION_CONTEXT() REPRESENTATION_CONTEXT('2D SPACE',''
  ) );
#1678 = PCURVE('',#645,#1679);
#1679 = DEFINITIONAL_REPRESENTATION('',(#1680),#1684);
#1680 = LINE('',#1681,#1682);
#1681 = CARTESIAN_POINT('',(22.993934051693,-12.7));
#1682 = VECTOR('',#1683,1.);
#1683 = DIRECTION('',(1.,0.));
#1684 = ( GEOMETRIC_REPRESENTATION_CONTEXT(2) 
PARAMETRIC_REPRESENTATION_CONTEXT() REPRESENTATION_CONTEXT('2D SPACE',''
  ) );
#1685 = ORIENTED_EDGE('',*,*,#1686,.F.);
#1686 = EDGE_CURVE('',#1687,#1664,#1689,.T.);
#1687 = VERTEX_POINT('',#1688);
#1688 = CARTESIAN_POINT('',(73.8,35.849613391789,12.7));
#1689 = SURFACE_CURVE('',#1690,(#1694,#1701),.PCURVE_S1.);
#1690 = LINE('',#1691,#1692);
#1691 = CARTESIAN_POINT('',(41.513331021721,54.490330417644,12.7));
#1692 = VECTOR('',#1693,1.);
#1693 = DIRECTION('',(-0.866025403784,0.5,0.));
#1694 = PCURVE('',#130,#1695);
#1695 = DEFINITIONAL_REPRESENTATION('',(#1696),#1700);
#1696 = LINE('',#1697,#1698);
#1697 = CARTESIAN_POINT('',(2.659669582356,41.513331021721));
#1698 = VECTOR('',#1699,1.);
#1699 = DIRECTION('',(-0.5,-0.866025403784));
#1700 = ( GEOMETRIC_REPRESENTATION_CONTEXT(2) 
PARAMETRIC_REPRESENTATION_CONTEXT() REPRESENTATION_CONTEXT('2D SPACE',''
  ) );
#1701 = PCURVE('',#673,#1702);
#1702 = DEFINITIONAL_REPRESENTATION('',(#1703),#1707);
#1703 = LINE('',#1704,#1705);
#1704 = CARTESIAN_POINT('',(37.281434051696,-12.7));
#1705 = VECTOR('',#1706,1.);
#1706 = DIRECTION('',(1.,-0.));
#1707 = ( GEOMETRIC_REPRESENTATION_CONTEXT(2) 
PARAMETRIC_REPRESENTATION_CONTEXT() REPRESENTATION_CONTEXT('2D SPACE',''
  ) );
#1708 = ORIENTED_EDGE('',*,*,#1709,.F.);
#1709 = EDGE_CURVE('',#1595,#1687,#1710,.T.);
#1710 = SURFACE_CURVE('',#1711,(#1715,#1722),.PCURVE_S1.);
#1711 = LINE('',#1712,#1713);
#1712 = CARTESIAN_POINT('',(73.8,39.225193304105,12.7));
#1713 = VECTOR('',#1714,1.);
#1714 = DIRECTION('',(-1.110223024625E-16,1.,0.));
#1715 = PCURVE('',#130,#1716);
#1716 = DEFINITIONAL_REPRESENTATION('',(#1717),#1721);
#1717 = LINE('',#1718,#1719);
#1718 = CARTESIAN_POINT('',(17.924806695895,73.8));
#1719 = VECTOR('',#1720,1.);
#1720 = DIRECTION('',(-1.,0.));
#1721 = ( GEOMETRIC_REPRESENTATION_CONTEXT(2) 
PARAMETRIC_REPRESENTATION_CONTEXT() REPRESENTATION_CONTEXT('2D SPACE',''
  ) );
#1722 = PCURVE('',#699,#1723);
#1723 = DEFINITIONAL_REPRESENTATION('',(#1724),#1728);
#1724 = LINE('',#1725,#1726);
#1725 = CARTESIAN_POINT('',(17.924806695894,-12.7));
#1726 = VECTOR('',#1727,1.);
#1727 = DIRECTION('',(1.,0.));
#1728 = ( GEOMETRIC_REPRESENTATION_CONTEXT(2) 
PARAMETRIC_REPRESENTATION_CONTEXT() REPRESENTATION_CONTEXT('2D SPACE',''
  ) );
#1729 = FACE_BOUND('',#1730,.T.);
#1730 = EDGE_LOOP('',(#1731,#1756,#1779,#1802,#1825,#1848));
#1731 = ORIENTED_EDGE('',*,*,#1732,.F.);
#1732 = EDGE_CURVE('',#1733,#1735,#1737,.T.);
#1733 = VERTEX_POINT('',#1734);
#1734 = CARTESIAN_POINT('',(96.4,14.025773216421,12.7));
#1735 = VERTEX_POINT('',#1736);
#1736 = CARTESIAN_POINT('',(109.,21.300386608211,12.7));
#1737 = SURFACE_CURVE('',#1738,(#1742,#1749),.PCURVE_S1.);
#1738 = LINE('',#1739,#1740);
#1739 = CARTESIAN_POINT('',(69.586668978297,-1.454910666838,12.7));
#1740 = VECTOR('',#1741,1.);
#1741 = DIRECTION('',(0.866025403784,0.5,0.));
#1742 = PCURVE('',#130,#1743);
#1743 = DEFINITIONAL_REPRESENTATION('',(#1744),#1748);
#1744 = LINE('',#1745,#1746);
#1745 = CARTESIAN_POINT('',(58.604910666838,69.586668978297));
#1746 = VECTOR('',#1747,1.);
#1747 = DIRECTION('',(-0.5,0.866025403784));
#1748 = ( GEOMETRIC_REPRESENTATION_CONTEXT(2) 
PARAMETRIC_REPRESENTATION_CONTEXT() REPRESENTATION_CONTEXT('2D SPACE',''
  ) );
#1749 = PCURVE('',#901,#1750);
#1750 = DEFINITIONAL_REPRESENTATION('',(#1751),#1755);
#1751 = LINE('',#1752,#1753);
#1752 = CARTESIAN_POINT('',(-30.9613677665,-12.7));
#1753 = VECTOR('',#1754,1.);
#1754 = DIRECTION('',(1.,0.));
#1755 = ( GEOMETRIC_REPRESENTATION_CONTEXT(2) 
PARAMETRIC_REPRESENTATION_CONTEXT() REPRESENTATION_CONTEXT('2D SPACE',''
  ) );
#1756 = ORIENTED_EDGE('',*,*,#1757,.F.);
#1757 = EDGE_CURVE('',#1758,#1733,#1760,.T.);
#1758 = VERTEX_POINT('',#1759);
#1759 = CARTESIAN_POINT('',(83.8,21.300386608211,12.7));
#1760 = SURFACE_CURVE('',#1761,(#1765,#1772),.PCURVE_S1.);
#1761 = LINE('',#1762,#1763);
#1762 = CARTESIAN_POINT('',(44.613331021721,43.924820491477,12.7));
#1763 = VECTOR('',#1764,1.);
#1764 = DIRECTION('',(0.866025403784,-0.5,0.));
#1765 = PCURVE('',#130,#1766);
#1766 = DEFINITIONAL_REPRESENTATION('',(#1767),#1771);
#1767 = LINE('',#1768,#1769);
#1768 = CARTESIAN_POINT('',(13.225179508523,44.613331021721));
#1769 = VECTOR('',#1770,1.);
#1770 = DIRECTION('',(0.5,0.866025403784));
#1771 = ( GEOMETRIC_REPRESENTATION_CONTEXT(2) 
PARAMETRIC_REPRESENTATION_CONTEXT() REPRESENTATION_CONTEXT('2D SPACE',''
  ) );
#1772 = PCURVE('',#929,#1773);
#1773 = DEFINITIONAL_REPRESENTATION('',(#1774),#1778);
#1774 = LINE('',#1775,#1776);
#1775 = CARTESIAN_POINT('',(-45.24886776651,-12.7));
#1776 = VECTOR('',#1777,1.);
#1777 = DIRECTION('',(1.,0.));
#1778 = ( GEOMETRIC_REPRESENTATION_CONTEXT(2) 
PARAMETRIC_REPRESENTATION_CONTEXT() REPRESENTATION_CONTEXT('2D SPACE',''
  ) );
#1779 = ORIENTED_EDGE('',*,*,#1780,.F.);
#1780 = EDGE_CURVE('',#1781,#1758,#1783,.T.);
#1781 = VERTEX_POINT('',#1782);
#1782 = CARTESIAN_POINT('',(83.8,35.849613391789,12.7));
#1783 = SURFACE_CURVE('',#1784,(#1788,#1795),.PCURVE_S1.);
#1784 = LINE('',#1785,#1786);
#1785 = CARTESIAN_POINT('',(83.8,46.499806695894,12.7));
#1786 = VECTOR('',#1787,1.);
#1787 = DIRECTION('',(1.110223024625E-16,-1.,0.));
#1788 = PCURVE('',#130,#1789);
#1789 = DEFINITIONAL_REPRESENTATION('',(#1790),#1794);
#1790 = LINE('',#1791,#1792);
#1791 = CARTESIAN_POINT('',(10.650193304106,83.8));
#1792 = VECTOR('',#1793,1.);
#1793 = DIRECTION('',(1.,0.));
#1794 = ( GEOMETRIC_REPRESENTATION_CONTEXT(2) 
PARAMETRIC_REPRESENTATION_CONTEXT() REPRESENTATION_CONTEXT('2D SPACE',''
  ) );
#1795 = PCURVE('',#957,#1796);
#1796 = DEFINITIONAL_REPRESENTATION('',(#1797),#1801);
#1797 = LINE('',#1798,#1799);
#1798 = CARTESIAN_POINT('',(-10.6501933041,-12.7));
#1799 = VECTOR('',#1800,1.);
#1800 = DIRECTION('',(1.,0.));
#1801 = ( GEOMETRIC_REPRESENTATION_CONTEXT(2) 
PARAMETRIC_REPRESENTATION_CONTEXT() REPRESENTATION_CONTEXT('2D SPACE',''
  ) );
#1802 = ORIENTED_EDGE('',*,*,#1803,.F.);
#1803 = EDGE_CURVE('',#1804,#1781,#1806,.T.);
#1804 = VERTEX_POINT('',#1805);
#1805 = CARTESIAN_POINT('',(96.4,43.124226783579,12.7));
#1806 = SURFACE_CURVE('',#1807,(#1811,#1818),.PCURVE_S1.);
#1807 = LINE('',#1808,#1809);
#1808 = CARTESIAN_POINT('',(63.286668978295,24.006236204423,12.7));
#1809 = VECTOR('',#1810,1.);
#1810 = DIRECTION('',(-0.866025403784,-0.5,0.));
#1811 = PCURVE('',#130,#1812);
#1812 = DEFINITIONAL_REPRESENTATION('',(#1813),#1817);
#1813 = LINE('',#1814,#1815);
#1814 = CARTESIAN_POINT('',(33.143763795577,63.286668978295));
#1815 = VECTOR('',#1816,1.);
#1816 = DIRECTION('',(0.5,-0.866025403784));
#1817 = ( GEOMETRIC_REPRESENTATION_CONTEXT(2) 
PARAMETRIC_REPRESENTATION_CONTEXT() REPRESENTATION_CONTEXT('2D SPACE',''
  ) );
#1818 = PCURVE('',#985,#1819);
#1819 = DEFINITIONAL_REPRESENTATION('',(#1820),#1824);
#1820 = LINE('',#1821,#1822);
#1821 = CARTESIAN_POINT('',(38.235981158298,-12.7));
#1822 = VECTOR('',#1823,1.);
#1823 = DIRECTION('',(1.,0.));
#1824 = ( GEOMETRIC_REPRESENTATION_CONTEXT(2) 
PARAMETRIC_REPRESENTATION_CONTEXT() REPRESENTATION_CONTEXT('2D SPACE',''
  ) );
#1825 = ORIENTED_EDGE('',*,*,#1826,.F.);
#1826 = EDGE_CURVE('',#1827,#1804,#1829,.T.);
#1827 = VERTEX_POINT('',#1828);
#1828 = CARTESIAN_POINT('',(109.,35.849613391789,12.7));
#1829 = SURFACE_CURVE('',#1830,(#1834,#1841),.PCURVE_S1.);
#1830 = LINE('',#1831,#1832);
#1831 = CARTESIAN_POINT('',(63.513331021724,62.111353970949,12.7));
#1832 = VECTOR('',#1833,1.);
#1833 = DIRECTION('',(-0.866025403784,0.5,0.));
#1834 = PCURVE('',#130,#1835);
#1835 = DEFINITIONAL_REPRESENTATION('',(#1836),#1840);
#1836 = LINE('',#1837,#1838);
#1837 = CARTESIAN_POINT('',(-4.961353970949,63.513331021724));
#1838 = VECTOR('',#1839,1.);
#1839 = DIRECTION('',(-0.5,-0.866025403784));
#1840 = ( GEOMETRIC_REPRESENTATION_CONTEXT(2) 
PARAMETRIC_REPRESENTATION_CONTEXT() REPRESENTATION_CONTEXT('2D SPACE',''
  ) );
#1841 = PCURVE('',#1013,#1842);
#1842 = DEFINITIONAL_REPRESENTATION('',(#1843),#1847);
#1843 = LINE('',#1844,#1845);
#1844 = CARTESIAN_POINT('',(52.523481158301,-12.7));
#1845 = VECTOR('',#1846,1.);
#1846 = DIRECTION('',(1.,-0.));
#1847 = ( GEOMETRIC_REPRESENTATION_CONTEXT(2) 
PARAMETRIC_REPRESENTATION_CONTEXT() REPRESENTATION_CONTEXT('2D SPACE',''
  ) );
#1848 = ORIENTED_EDGE('',*,*,#1849,.F.);
#1849 = EDGE_CURVE('',#1735,#1827,#1850,.T.);
#1850 = SURFACE_CURVE('',#1851,(#1855,#1862),.PCURVE_S1.);
#1851 = LINE('',#1852,#1853);
#1852 = CARTESIAN_POINT('',(109.,39.225193304105,12.7));
#1853 = VECTOR('',#1854,1.);
#1854 = DIRECTION('',(-1.110223024625E-16,1.,0.));
#1855 = PCURVE('',#130,#1856);
#1856 = DEFINITIONAL_REPRESENTATION('',(#1857),#1861);
#1857 = LINE('',#1858,#1859);
#1858 = CARTESIAN_POINT('',(17.924806695895,109.));
#1859 = VECTOR('',#1860,1.);
#1860 = DIRECTION('',(-1.,0.));
#1861 = ( GEOMETRIC_REPRESENTATION_CONTEXT(2) 
PARAMETRIC_REPRESENTATION_CONTEXT() REPRESENTATION_CONTEXT('2D SPACE',''
  ) );
#1862 = PCURVE('',#1039,#1863);
#1863 = DEFINITIONAL_REPRESENTATION('',(#1864),#1868);
#1864 = LINE('',#1865,#1866);
#1865 = CARTESIAN_POINT('',(17.924806695894,-12.7));
#1866 = VECTOR('',#1867,1.);
#1867 = DIRECTION('',(1.,0.));
#1868 = ( GEOMETRIC_REPRESENTATION_CONTEXT(2) 
PARAMETRIC_REPRESENTATION_CONTEXT() REPRESENTATION_CONTEXT('2D SPACE',''
  ) );
#1869 = FACE_BOUND('',#1870,.T.);
#1870 = EDGE_LOOP('',(#1871,#1896,#1919,#1942,#1965,#1988));
#1871 = ORIENTED_EDGE('',*,*,#1872,.F.);
#1872 = EDGE_CURVE('',#1873,#1875,#1877,.T.);
#1873 = VERTEX_POINT('',#1874);
#1874 = CARTESIAN_POINT('',(131.6,14.025773216421,12.7));
#1875 = VERTEX_POINT('',#1876);
#1876 = CARTESIAN_POINT('',(144.2,21.300386608211,12.7));
#1877 = SURFACE_CURVE('',#1878,(#1882,#1889),.PCURVE_S1.);
#1878 = LINE('',#1879,#1880);
#1879 = CARTESIAN_POINT('',(91.5866689783,-9.075934220143,12.7));
#1880 = VECTOR('',#1881,1.);
#1881 = DIRECTION('',(0.866025403784,0.5,0.));
#1882 = PCURVE('',#130,#1883);
#1883 = DEFINITIONAL_REPRESENTATION('',(#1884),#1888);
#1884 = LINE('',#1885,#1886);
#1885 = CARTESIAN_POINT('',(66.225934220143,91.5866689783));
#1886 = VECTOR('',#1887,1.);
#1887 = DIRECTION('',(-0.5,0.866025403784));
#1888 = ( GEOMETRIC_REPRESENTATION_CONTEXT(2) 
PARAMETRIC_REPRESENTATION_CONTEXT() REPRESENTATION_CONTEXT('2D SPACE',''
  ) );
#1889 = PCURVE('',#731,#1890);
#1890 = DEFINITIONAL_REPRESENTATION('',(#1891),#1895);
#1891 = LINE('',#1892,#1893);
#1892 = CARTESIAN_POINT('',(-46.20341487311,-12.7));
#1893 = VECTOR('',#1894,1.);
#1894 = DIRECTION('',(1.,0.));
#1895 = ( GEOMETRIC_REPRESENTATION_CONTEXT(2) 
PARAMETRIC_REPRESENTATION_CONTEXT() REPRESENTATION_CONTEXT('2D SPACE',''
  ) );
#1896 = ORIENTED_EDGE('',*,*,#1897,.F.);
#1897 = EDGE_CURVE('',#1898,#1873,#1900,.T.);
#1898 = VERTEX_POINT('',#1899);
#1899 = CARTESIAN_POINT('',(119.,21.300386608211,12.7));
#1900 = SURFACE_CURVE('',#1901,(#1905,#1912),.PCURVE_S1.);
#1901 = LINE('',#1902,#1903);
#1902 = CARTESIAN_POINT('',(66.613331021724,51.545844044782,12.7));
#1903 = VECTOR('',#1904,1.);
#1904 = DIRECTION('',(0.866025403784,-0.5,0.));
#1905 = PCURVE('',#130,#1906);
#1906 = DEFINITIONAL_REPRESENTATION('',(#1907),#1911);
#1907 = LINE('',#1908,#1909);
#1908 = CARTESIAN_POINT('',(5.604155955218,66.613331021724));
#1909 = VECTOR('',#1910,1.);
#1910 = DIRECTION('',(0.5,0.866025403784));
#1911 = ( GEOMETRIC_REPRESENTATION_CONTEXT(2) 
PARAMETRIC_REPRESENTATION_CONTEXT() REPRESENTATION_CONTEXT('2D SPACE',''
  ) );
#1912 = PCURVE('',#759,#1913);
#1913 = DEFINITIONAL_REPRESENTATION('',(#1914),#1918);
#1914 = LINE('',#1915,#1916);
#1915 = CARTESIAN_POINT('',(-60.49091487311,-12.7));
#1916 = VECTOR('',#1917,1.);
#1917 = DIRECTION('',(1.,0.));
#1918 = ( GEOMETRIC_REPRESENTATION_CONTEXT(2) 
PARAMETRIC_REPRESENTATION_CONTEXT() REPRESENTATION_CONTEXT('2D SPACE',''
  ) );
#1919 = ORIENTED_EDGE('',*,*,#1920,.F.);
#1920 = EDGE_CURVE('',#1921,#1898,#1923,.T.);
#1921 = VERTEX_POINT('',#1922);
#1922 = CARTESIAN_POINT('',(119.,35.849613391789,12.7));
#1923 = SURFACE_CURVE('',#1924,(#1928,#1935),.PCURVE_S1.);
#1924 = LINE('',#1925,#1926);
#1925 = CARTESIAN_POINT('',(119.,46.499806695894,12.7));
#1926 = VECTOR('',#1927,1.);
#1927 = DIRECTION('',(1.110223024625E-16,-1.,0.));
#1928 = PCURVE('',#130,#1929);
#1929 = DEFINITIONAL_REPRESENTATION('',(#1930),#1934);
#1930 = LINE('',#1931,#1932);
#1931 = CARTESIAN_POINT('',(10.650193304106,119.));
#1932 = VECTOR('',#1933,1.);
#1933 = DIRECTION('',(1.,0.));
#1934 = ( GEOMETRIC_REPRESENTATION_CONTEXT(2) 
PARAMETRIC_REPRESENTATION_CONTEXT() REPRESENTATION_CONTEXT('2D SPACE',''
  ) );
#1935 = PCURVE('',#787,#1936);
#1936 = DEFINITIONAL_REPRESENTATION('',(#1937),#1941);
#1937 = LINE('',#1938,#1939);
#1938 = CARTESIAN_POINT('',(-10.6501933041,-12.7));
#1939 = VECTOR('',#1940,1.);
#1940 = DIRECTION('',(1.,0.));
#1941 = ( GEOMETRIC_REPRESENTATION_CONTEXT(2) 
PARAMETRIC_REPRESENTATION_CONTEXT() REPRESENTATION_CONTEXT('2D SPACE',''
  ) );
#1942 = ORIENTED_EDGE('',*,*,#1943,.F.);
#1943 = EDGE_CURVE('',#1944,#1921,#1946,.T.);
#1944 = VERTEX_POINT('',#1945);
#1945 = CARTESIAN_POINT('',(131.6,43.124226783579,12.7));
#1946 = SURFACE_CURVE('',#1947,(#1951,#1958),.PCURVE_S1.);
#1947 = LINE('',#1948,#1949);
#1948 = CARTESIAN_POINT('',(85.286668978298,16.385212651118,12.7));
#1949 = VECTOR('',#1950,1.);
#1950 = DIRECTION('',(-0.866025403784,-0.5,0.));
#1951 = PCURVE('',#130,#1952);
#1952 = DEFINITIONAL_REPRESENTATION('',(#1953),#1957);
#1953 = LINE('',#1954,#1955);
#1954 = CARTESIAN_POINT('',(40.764787348882,85.286668978298));
#1955 = VECTOR('',#1956,1.);
#1956 = DIRECTION('',(0.5,-0.866025403784));
#1957 = ( GEOMETRIC_REPRESENTATION_CONTEXT(2) 
PARAMETRIC_REPRESENTATION_CONTEXT() REPRESENTATION_CONTEXT('2D SPACE',''
  ) );
#1958 = PCURVE('',#815,#1959);
#1959 = DEFINITIONAL_REPRESENTATION('',(#1960),#1964);
#1960 = LINE('',#1961,#1962);
#1961 = CARTESIAN_POINT('',(53.478028264902,-12.7));
#1962 = VECTOR('',#1963,1.);
#1963 = DIRECTION('',(1.,0.));
#1964 = ( GEOMETRIC_REPRESENTATION_CONTEXT(2) 
PARAMETRIC_REPRESENTATION_CONTEXT() REPRESENTATION_CONTEXT('2D SPACE',''
  ) );
#1965 = ORIENTED_EDGE('',*,*,#1966,.F.);
#1966 = EDGE_CURVE('',#1967,#1944,#1969,.T.);
#1967 = VERTEX_POINT('',#1968);
#1968 = CARTESIAN_POINT('',(144.2,35.849613391789,12.7));
#1969 = SURFACE_CURVE('',#1970,(#1974,#1981),.PCURVE_S1.);
#1970 = LINE('',#1971,#1972);
#1971 = CARTESIAN_POINT('',(85.513331021727,69.73237752425,12.7));
#1972 = VECTOR('',#1973,1.);
#1973 = DIRECTION('',(-0.866025403784,0.5,0.));
#1974 = PCURVE('',#130,#1975);
#1975 = DEFINITIONAL_REPRESENTATION('',(#1976),#1980);
#1976 = LINE('',#1977,#1978);
#1977 = CARTESIAN_POINT('',(-12.58237752425,85.513331021727));
#1978 = VECTOR('',#1979,1.);
#1979 = DIRECTION('',(-0.5,-0.866025403784));
#1980 = ( GEOMETRIC_REPRESENTATION_CONTEXT(2) 
PARAMETRIC_REPRESENTATION_CONTEXT() REPRESENTATION_CONTEXT('2D SPACE',''
  ) );
#1981 = PCURVE('',#843,#1982);
#1982 = DEFINITIONAL_REPRESENTATION('',(#1983),#1987);
#1983 = LINE('',#1984,#1985);
#1984 = CARTESIAN_POINT('',(67.765528264903,-12.7));
#1985 = VECTOR('',#1986,1.);
#1986 = DIRECTION('',(1.,-0.));
#1987 = ( GEOMETRIC_REPRESENTATION_CONTEXT(2) 
PARAMETRIC_REPRESENTATION_CONTEXT() REPRESENTATION_CONTEXT('2D SPACE',''
  ) );
#1988 = ORIENTED_EDGE('',*,*,#1989,.F.);
#1989 = EDGE_CURVE('',#1875,#1967,#1990,.T.);
#1990 = SURFACE_CURVE('',#1991,(#1995,#2002),.PCURVE_S1.);
#1991 = LINE('',#1992,#1993);
#1992 = CARTESIAN_POINT('',(144.2,39.225193304105,12.7));
#1993 = VECTOR('',#1994,1.);
#1994 = DIRECTION('',(-1.110223024625E-16,1.,0.));
#1995 = PCURVE('',#130,#1996);
#1996 = DEFINITIONAL_REPRESENTATION('',(#1997),#2001);
#1997 = LINE('',#1998,#1999);
#1998 = CARTESIAN_POINT('',(17.924806695895,144.2));
#1999 = VECTOR('',#2000,1.);
#2000 = DIRECTION('',(-1.,0.));
#2001 = ( GEOMETRIC_REPRESENTATION_CONTEXT(2) 
PARAMETRIC_REPRESENTATION_CONTEXT() REPRESENTATION_CONTEXT('2D SPACE',''
  ) );
#2002 = PCURVE('',#869,#2003);
#2003 = DEFINITIONAL_REPRESENTATION('',(#2004),#2008);
#2004 = LINE('',#2005,#2006);
#2005 = CARTESIAN_POINT('',(17.924806695894,-12.7));
#2006 = VECTOR('',#2007,1.);
#2007 = DIRECTION('',(1.,0.));
#2008 = ( GEOMETRIC_REPRESENTATION_CONTEXT(2) 
PARAMETRIC_REPRESENTATION_CONTEXT() REPRESENTATION_CONTEXT('2D SPACE',''
  ) );
#2009 = FACE_BOUND('',#2010,.T.);
#2010 = EDGE_LOOP('',(#2011,#2036,#2059,#2082,#2105,#2128));
#2011 = ORIENTED_EDGE('',*,*,#2012,.F.);
#2012 = EDGE_CURVE('',#2013,#2015,#2017,.T.);
#2013 = VERTEX_POINT('',#2014);
#2014 = CARTESIAN_POINT('',(166.8,14.025773216421,12.7));
#2015 = VERTEX_POINT('',#2016);
#2016 = CARTESIAN_POINT('',(179.4,21.300386608211,12.7));
#2017 = SURFACE_CURVE('',#2018,(#2022,#2029),.PCURVE_S1.);
#2018 = LINE('',#2019,#2020);
#2019 = CARTESIAN_POINT('',(113.5866689783,-16.69695777344,12.7));
#2020 = VECTOR('',#2021,1.);
#2021 = DIRECTION('',(0.866025403784,0.5,0.));
#2022 = PCURVE('',#130,#2023);
#2023 = DEFINITIONAL_REPRESENTATION('',(#2024),#2028);
#2024 = LINE('',#2025,#2026);
#2025 = CARTESIAN_POINT('',(73.846957773448,113.5866689783));
#2026 = VECTOR('',#2027,1.);
#2027 = DIRECTION('',(-0.5,0.866025403784));
#2028 = ( GEOMETRIC_REPRESENTATION_CONTEXT(2) 
PARAMETRIC_REPRESENTATION_CONTEXT() REPRESENTATION_CONTEXT('2D SPACE',''
  ) );
#2029 = PCURVE('',#1071,#2030);
#2030 = DEFINITIONAL_REPRESENTATION('',(#2031),#2035);
#2031 = LINE('',#2032,#2033);
#2032 = CARTESIAN_POINT('',(-61.44546197971,-12.7));
#2033 = VECTOR('',#2034,1.);
#2034 = DIRECTION('',(1.,0.));
#2035 = ( GEOMETRIC_REPRESENTATION_CONTEXT(2) 
PARAMETRIC_REPRESENTATION_CONTEXT() REPRESENTATION_CONTEXT('2D SPACE',''
  ) );
#2036 = ORIENTED_EDGE('',*,*,#2037,.F.);
#2037 = EDGE_CURVE('',#2038,#2013,#2040,.T.);
#2038 = VERTEX_POINT('',#2039);
#2039 = CARTESIAN_POINT('',(154.2,21.300386608211,12.7));
#2040 = SURFACE_CURVE('',#2041,(#2045,#2052),.PCURVE_S1.);
#2041 = LINE('',#2042,#2043);
#2042 = CARTESIAN_POINT('',(88.613331021728,59.166867598087,12.7));
#2043 = VECTOR('',#2044,1.);
#2044 = DIRECTION('',(0.866025403784,-0.5,0.));
#2045 = PCURVE('',#130,#2046);
#2046 = DEFINITIONAL_REPRESENTATION('',(#2047),#2051);
#2047 = LINE('',#2048,#2049);
#2048 = CARTESIAN_POINT('',(-2.016867598087,88.613331021728));
#2049 = VECTOR('',#2050,1.);
#2050 = DIRECTION('',(0.5,0.866025403784));
#2051 = ( GEOMETRIC_REPRESENTATION_CONTEXT(2) 
PARAMETRIC_REPRESENTATION_CONTEXT() REPRESENTATION_CONTEXT('2D SPACE',''
  ) );
#2052 = PCURVE('',#1099,#2053);
#2053 = DEFINITIONAL_REPRESENTATION('',(#2054),#2058);
#2054 = LINE('',#2055,#2056);
#2055 = CARTESIAN_POINT('',(-75.73296197972,-12.7));
#2056 = VECTOR('',#2057,1.);
#2057 = DIRECTION('',(1.,0.));
#2058 = ( GEOMETRIC_REPRESENTATION_CONTEXT(2) 
PARAMETRIC_REPRESENTATION_CONTEXT() REPRESENTATION_CONTEXT('2D SPACE',''
  ) );
#2059 = ORIENTED_EDGE('',*,*,#2060,.F.);
#2060 = EDGE_CURVE('',#2061,#2038,#2063,.T.);
#2061 = VERTEX_POINT('',#2062);
#2062 = CARTESIAN_POINT('',(154.2,35.849613391789,12.7));
#2063 = SURFACE_CURVE('',#2064,(#2068,#2075),.PCURVE_S1.);
#2064 = LINE('',#2065,#2066);
#2065 = CARTESIAN_POINT('',(154.2,46.499806695894,12.7));
#2066 = VECTOR('',#2067,1.);
#2067 = DIRECTION('',(1.110223024625E-16,-1.,0.));
#2068 = PCURVE('',#130,#2069);
#2069 = DEFINITIONAL_REPRESENTATION('',(#2070),#2074);
#2070 = LINE('',#2071,#2072);
#2071 = CARTESIAN_POINT('',(10.650193304106,154.2));
#2072 = VECTOR('',#2073,1.);
#2073 = DIRECTION('',(1.,0.));
#2074 = ( GEOMETRIC_REPRESENTATION_CONTEXT(2) 
PARAMETRIC_REPRESENTATION_CONTEXT() REPRESENTATION_CONTEXT('2D SPACE',''
  ) );
#2075 = PCURVE('',#1127,#2076);
#2076 = DEFINITIONAL_REPRESENTATION('',(#2077),#2081);
#2077 = LINE('',#2078,#2079);
#2078 = CARTESIAN_POINT('',(-10.6501933041,-12.7));
#2079 = VECTOR('',#2080,1.);
#2080 = DIRECTION('',(1.,0.));
#2081 = ( GEOMETRIC_REPRESENTATION_CONTEXT(2) 
PARAMETRIC_REPRESENTATION_CONTEXT() REPRESENTATION_CONTEXT('2D SPACE',''
  ) );
#2082 = ORIENTED_EDGE('',*,*,#2083,.F.);
#2083 = EDGE_CURVE('',#2084,#2061,#2086,.T.);
#2084 = VERTEX_POINT('',#2085);
#2085 = CARTESIAN_POINT('',(166.8,43.124226783579,12.7));
#2086 = SURFACE_CURVE('',#2087,(#2091,#2098),.PCURVE_S1.);
#2087 = LINE('',#2088,#2089);
#2088 = CARTESIAN_POINT('',(107.2866689783,8.764189097813,12.7));
#2089 = VECTOR('',#2090,1.);
#2090 = DIRECTION('',(-0.866025403784,-0.5,0.));
#2091 = PCURVE('',#130,#2092);
#2092 = DEFINITIONAL_REPRESENTATION('',(#2093),#2097);
#2093 = LINE('',#2094,#2095);
#2094 = CARTESIAN_POINT('',(48.385810902187,107.2866689783));
#2095 = VECTOR('',#2096,1.);
#2096 = DIRECTION('',(0.5,-0.866025403784));
#2097 = ( GEOMETRIC_REPRESENTATION_CONTEXT(2) 
PARAMETRIC_REPRESENTATION_CONTEXT() REPRESENTATION_CONTEXT('2D SPACE',''
  ) );
#2098 = PCURVE('',#1155,#2099);
#2099 = DEFINITIONAL_REPRESENTATION('',(#2100),#2104);
#2100 = LINE('',#2101,#2102);
#2101 = CARTESIAN_POINT('',(68.720075371508,-12.7));
#2102 = VECTOR('',#2103,1.);
#2103 = DIRECTION('',(1.,0.));
#2104 = ( GEOMETRIC_REPRESENTATION_CONTEXT(2) 
PARAMETRIC_REPRESENTATION_CONTEXT() REPRESENTATION_CONTEXT('2D SPACE',''
  ) );
#2105 = ORIENTED_EDGE('',*,*,#2106,.F.);
#2106 = EDGE_CURVE('',#2107,#2084,#2109,.T.);
#2107 = VERTEX_POINT('',#2108);
#2108 = CARTESIAN_POINT('',(179.4,35.849613391789,12.7));
#2109 = SURFACE_CURVE('',#2110,(#2114,#2121),.PCURVE_S1.);
#2110 = LINE('',#2111,#2112);
#2111 = CARTESIAN_POINT('',(107.51333102173,77.35340107755,12.7));
#2112 = VECTOR('',#2113,1.);
#2113 = DIRECTION('',(-0.866025403784,0.5,0.));
#2114 = PCURVE('',#130,#2115);
#2115 = DEFINITIONAL_REPRESENTATION('',(#2116),#2120);
#2116 = LINE('',#2117,#2118);
#2117 = CARTESIAN_POINT('',(-20.20340107755,107.51333102173));
#2118 = VECTOR('',#2119,1.);
#2119 = DIRECTION('',(-0.5,-0.866025403784));
#2120 = ( GEOMETRIC_REPRESENTATION_CONTEXT(2) 
PARAMETRIC_REPRESENTATION_CONTEXT() REPRESENTATION_CONTEXT('2D SPACE',''
  ) );
#2121 = PCURVE('',#1183,#2122);
#2122 = DEFINITIONAL_REPRESENTATION('',(#2123),#2127);
#2123 = LINE('',#2124,#2125);
#2124 = CARTESIAN_POINT('',(83.007575371505,-12.7));
#2125 = VECTOR('',#2126,1.);
#2126 = DIRECTION('',(1.,-0.));
#2127 = ( GEOMETRIC_REPRESENTATION_CONTEXT(2) 
PARAMETRIC_REPRESENTATION_CONTEXT() REPRESENTATION_CONTEXT('2D SPACE',''
  ) );
#2128 = ORIENTED_EDGE('',*,*,#2129,.F.);
#2129 = EDGE_CURVE('',#2015,#2107,#2130,.T.);
#2130 = SURFACE_CURVE('',#2131,(#2135,#2142),.PCURVE_S1.);
#2131 = LINE('',#2132,#2133);
#2132 = CARTESIAN_POINT('',(179.4,39.225193304105,12.7));
#2133 = VECTOR('',#2134,1.);
#2134 = DIRECTION('',(-1.110223024625E-16,1.,0.));
#2135 = PCURVE('',#130,#2136);
#2136 = DEFINITIONAL_REPRESENTATION('',(#2137),#2141);
#2137 = LINE('',#2138,#2139);
#2138 = CARTESIAN_POINT('',(17.924806695895,179.4));
#2139 = VECTOR('',#2140,1.);
#2140 = DIRECTION('',(-1.,0.));
#2141 = ( GEOMETRIC_REPRESENTATION_CONTEXT(2) 
PARAMETRIC_REPRESENTATION_CONTEXT() REPRESENTATION_CONTEXT('2D SPACE',''
  ) );
#2142 = PCURVE('',#1209,#2143);
#2143 = DEFINITIONAL_REPRESENTATION('',(#2144),#2148);
#2144 = LINE('',#2145,#2146);
#2145 = CARTESIAN_POINT('',(17.924806695894,-12.7));
#2146 = VECTOR('',#2147,1.);
#2147 = DIRECTION('',(1.,0.));
#2148 = ( GEOMETRIC_REPRESENTATION_CONTEXT(2) 
PARAMETRIC_REPRESENTATION_CONTEXT() REPRESENTATION_CONTEXT('2D SPACE',''
  ) );
#2149 = ADVANCED_FACE('',(#2150),#167,.F.);
#2150 = FACE_BOUND('',#2151,.F.);
#2151 = EDGE_LOOP('',(#2152,#2153,#2174,#2175));
#2152 = ORIENTED_EDGE('',*,*,#520,.F.);
#2153 = ORIENTED_EDGE('',*,*,#2154,.T.);
#2154 = EDGE_CURVE('',#493,#1274,#2155,.T.);
#2155 = SURFACE_CURVE('',#2156,(#2160,#2167),.PCURVE_S1.);
#2156 = LINE('',#2157,#2158);
#2157 = CARTESIAN_POINT('',(249.72533987072,57.15,3.181277444109));
#2158 = VECTOR('',#2159,1.);
#2159 = DIRECTION('',(0.,0.,1.));
#2160 = PCURVE('',#167,#2161);
#2161 = DEFINITIONAL_REPRESENTATION('',(#2162),#2166);
#2162 = LINE('',#2163,#2164);
#2163 = CARTESIAN_POINT('',(207.47466012928,-3.181277444109));
#2164 = VECTOR('',#2165,1.);
#2165 = DIRECTION('',(0.,-1.));
#2166 = ( GEOMETRIC_REPRESENTATION_CONTEXT(2) 
PARAMETRIC_REPRESENTATION_CONTEXT() REPRESENTATION_CONTEXT('2D SPACE',''
  ) );
#2167 = PCURVE('',#508,#2168);
#2168 = DEFINITIONAL_REPRESENTATION('',(#2169),#2173);
#2169 = LINE('',#2170,#2171);
#2170 = CARTESIAN_POINT('',(-3.181277444109,58.40955183156));
#2171 = VECTOR('',#2172,1.);
#2172 = DIRECTION('',(1.,0.));
#2173 = ( GEOMETRIC_REPRESENTATION_CONTEXT(2) 
PARAMETRIC_REPRESENTATION_CONTEXT() REPRESENTATION_CONTEXT('2D SPACE',''
  ) );
#2174 = ORIENTED_EDGE('',*,*,#1273,.F.);
#2175 = ORIENTED_EDGE('',*,*,#153,.F.);
#2176 = ADVANCED_FACE('',(#2177),#508,.T.);
#2177 = FACE_BOUND('',#2178,.T.);
#2178 = EDGE_LOOP('',(#2179,#2180,#2201,#2202));
#2179 = ORIENTED_EDGE('',*,*,#1569,.F.);
#2180 = ORIENTED_EDGE('',*,*,#2181,.F.);
#2181 = EDGE_CURVE('',#461,#1543,#2182,.T.);
#2182 = SURFACE_CURVE('',#2183,(#2187,#2194),.PCURVE_S1.);
#2183 = LINE('',#2184,#2185);
#2184 = CARTESIAN_POINT('',(249.72533987072,48.524688660709,
    1.813431127244E-02));
#2185 = VECTOR('',#2186,1.);
#2186 = DIRECTION('',(0.,-3.48994967025E-02,0.999390827019));
#2187 = PCURVE('',#508,#2188);
#2188 = DEFINITIONAL_REPRESENTATION('',(#2189),#2193);
#2189 = LINE('',#2190,#2191);
#2190 = CARTESIAN_POINT('',(-6.344420576946,67.034863170851));
#2191 = VECTOR('',#2192,1.);
#2192 = DIRECTION('',(0.999390827019,3.48994967025E-02));
#2193 = ( GEOMETRIC_REPRESENTATION_CONTEXT(2) 
PARAMETRIC_REPRESENTATION_CONTEXT() REPRESENTATION_CONTEXT('2D SPACE',''
  ) );
#2194 = PCURVE('',#477,#2195);
#2195 = DEFINITIONAL_REPRESENTATION('',(#2196),#2200);
#2196 = LINE('',#2197,#2198);
#2197 = CARTESIAN_POINT('',(6.28318530718,0.));
#2198 = VECTOR('',#2199,1.);
#2199 = DIRECTION('',(-0.,1.));
#2200 = ( GEOMETRIC_REPRESENTATION_CONTEXT(2) 
PARAMETRIC_REPRESENTATION_CONTEXT() REPRESENTATION_CONTEXT('2D SPACE',''
  ) );
#2201 = ORIENTED_EDGE('',*,*,#492,.T.);
#2202 = ORIENTED_EDGE('',*,*,#2154,.T.);
#2203 = ADVANCED_FACE('',(#2204),#477,.T.);
#2204 = FACE_BOUND('',#2205,.T.);
#2205 = EDGE_LOOP('',(#2206,#2207,#2208,#2209,#2250,#2278));
#2206 = ORIENTED_EDGE('',*,*,#460,.T.);
#2207 = ORIENTED_EDGE('',*,*,#2181,.T.);
#2208 = ORIENTED_EDGE('',*,*,#1542,.F.);
#2209 = ORIENTED_EDGE('',*,*,#2210,.F.);
#2210 = EDGE_CURVE('',#2211,#1515,#2213,.T.);
#2211 = VERTEX_POINT('',#2212);
#2212 = CARTESIAN_POINT('',(249.27533986032,47.832655035764,
    12.390932844992));
#2213 = SURFACE_CURVE('',#2214,(#2224,#2237),.PCURVE_S1.);
#2214 = B_SPLINE_CURVE_WITH_KNOTS('',8,(#2215,#2216,#2217,#2218,#2219,
    #2220,#2221,#2222,#2223),.UNSPECIFIED.,.F.,.F.,(9,9),(0.,1.),
  .PIECEWISE_BEZIER_KNOTS.);
#2215 = CARTESIAN_POINT('',(249.27533986032,47.832655035764,
    12.390932844992));
#2216 = CARTESIAN_POINT('',(249.32570929468,47.801526350824,
    12.449067902107));
#2217 = CARTESIAN_POINT('',(249.38253170436,47.781545292848,
    12.507603477097));
#2218 = CARTESIAN_POINT('',(249.44334115439,47.774246997875,
    12.563688252974));
#2219 = CARTESIAN_POINT('',(249.5052481197,47.780896952175,
    12.614229456975));
#2220 = CARTESIAN_POINT('',(249.56485692044,47.802139249019,
    12.655985102842));
#2221 = CARTESIAN_POINT('',(249.61792275847,47.837753275645,
    12.685380126737));
#2222 = CARTESIAN_POINT('',(249.66022211152,47.885065522534,12.7));
#2223 = CARTESIAN_POINT('',(249.68956237187,47.939662451503,12.7));
#2224 = PCURVE('',#477,#2225);
#2225 = DEFINITIONAL_REPRESENTATION('',(#2226),#2236);
#2226 = B_SPLINE_CURVE_WITH_KNOTS('',8,(#2227,#2228,#2229,#2230,#2231,
    #2232,#2233,#2234,#2235),.UNSPECIFIED.,.F.,.F.,(9,9),(0.,1.),
  .PIECEWISE_BEZIER_KNOTS.);
#2227 = CARTESIAN_POINT('',(4.188790164755,12.389412984367));
#2228 = CARTESIAN_POINT('',(4.382660383235,12.448599002613));
#2229 = CARTESIAN_POINT('',(4.576581972719,12.507796248179));
#2230 = CARTESIAN_POINT('',(4.772078707236,12.564101565547));
#2231 = CARTESIAN_POINT('',(4.970202102313,12.614379901155));
#2232 = CARTESIAN_POINT('',(5.171532702719,12.655368765142));
#2233 = CARTESIAN_POINT('',(5.37621805751,12.683502970777));
#2234 = CARTESIAN_POINT('',(5.583308422024,12.696462764404));
#2235 = CARTESIAN_POINT('',(5.789814944955,12.694557359061));
#2236 = ( GEOMETRIC_REPRESENTATION_CONTEXT(2) 
PARAMETRIC_REPRESENTATION_CONTEXT() REPRESENTATION_CONTEXT('2D SPACE',''
  ) );
#2237 = PCURVE('',#1530,#2238);
#2238 = DEFINITIONAL_REPRESENTATION('',(#2239),#2249);
#2239 = B_SPLINE_CURVE_WITH_KNOTS('',8,(#2240,#2241,#2242,#2243,#2244,
    #2245,#2246,#2247,#2248),.UNSPECIFIED.,.F.,.F.,(9,9),(0.,1.),
  .PIECEWISE_BEZIER_KNOTS.);
#2240 = CARTESIAN_POINT('',(1.601024780199,14.141839018226));
#2241 = CARTESIAN_POINT('',(1.407154561728,14.201025036459));
#2242 = CARTESIAN_POINT('',(1.213232972211,14.260222282112));
#2243 = CARTESIAN_POINT('',(1.01773623776,14.316527599223));
#2244 = CARTESIAN_POINT('',(0.819612842594,14.366805935275));
#2245 = CARTESIAN_POINT('',(0.618282242267,14.407794798777));
#2246 = CARTESIAN_POINT('',(0.413596887431,14.435929004742));
#2247 = CARTESIAN_POINT('',(0.206506522931,14.448888798251));
#2248 = CARTESIAN_POINT('',(0.,14.446983392908));
#2249 = ( GEOMETRIC_REPRESENTATION_CONTEXT(2) 
PARAMETRIC_REPRESENTATION_CONTEXT() REPRESENTATION_CONTEXT('2D SPACE',''
  ) );
#2250 = ORIENTED_EDGE('',*,*,#2251,.F.);
#2251 = EDGE_CURVE('',#2252,#2211,#2254,.T.);
#2252 = VERTEX_POINT('',#2253);
#2253 = CARTESIAN_POINT('',(249.27533986032,48.255196346614,
    0.290932844992));
#2254 = SURFACE_CURVE('',#2255,(#2259,#2266),.PCURVE_S1.);
#2255 = LINE('',#2256,#2257);
#2256 = CARTESIAN_POINT('',(249.27533986032,48.265039313358,
    9.067156264906E-03));
#2257 = VECTOR('',#2258,1.);
#2258 = DIRECTION('',(0.,-3.48994967025E-02,0.999390827019));
#2259 = PCURVE('',#477,#2260);
#2260 = DEFINITIONAL_REPRESENTATION('',(#2261),#2265);
#2261 = LINE('',#2262,#2263);
#2262 = CARTESIAN_POINT('',(4.188790164755,0.));
#2263 = VECTOR('',#2264,1.);
#2264 = DIRECTION('',(-0.,1.));
#2265 = ( GEOMETRIC_REPRESENTATION_CONTEXT(2) 
PARAMETRIC_REPRESENTATION_CONTEXT() REPRESENTATION_CONTEXT('2D SPACE',''
  ) );
#2266 = PCURVE('',#2267,#2272);
#2267 = PLANE('',#2268);
#2268 = AXIS2_PLACEMENT_3D('',#2269,#2270,#2271);
#2269 = CARTESIAN_POINT('',(243.37533987072,51.452052287809,6.35));
#2270 = DIRECTION('',(-0.500000034668,-0.865497824504,
    -3.022385002513E-02));
#2271 = DIRECTION('',(-0.865893403497,0.50022856154,-1.03601641079E-14)
  );
#2272 = DEFINITIONAL_REPRESENTATION('',(#2273),#2277);
#2273 = LINE('',#2274,#2275);
#2274 = CARTESIAN_POINT('',(-6.703005987446,6.343830990626));
#2275 = VECTOR('',#2276,1.);
#2276 = DIRECTION('',(-1.745772503396E-02,-0.999847602306));
#2277 = ( GEOMETRIC_REPRESENTATION_CONTEXT(2) 
PARAMETRIC_REPRESENTATION_CONTEXT() REPRESENTATION_CONTEXT('2D SPACE',''
  ) );
#2278 = ORIENTED_EDGE('',*,*,#2279,.T.);
#2279 = EDGE_CURVE('',#2252,#433,#2280,.T.);
#2280 = SURFACE_CURVE('',#2281,(#2286,#2297),.PCURVE_S1.);
#2281 = ELLIPSE('',#2282,0.420608520126,0.3);
#2282 = AXIS2_PLACEMENT_3D('',#2283,#2284,#2285);
#2283 = CARTESIAN_POINT('',(249.42533987072,48.514845693965,0.3));
#2284 = DIRECTION('',(0.60700357172,-0.375132367759,0.7005871613));
#2285 = DIRECTION('',(0.617694608404,-0.331947620022,-0.712926467675));
#2286 = PCURVE('',#477,#2287);
#2287 = DEFINITIONAL_REPRESENTATION('',(#2288),#2296);
#2288 = B_SPLINE_CURVE_WITH_KNOTS('',6,(#2289,#2290,#2291,#2292,#2293,
    #2294,#2295),.UNSPECIFIED.,.F.,.F.,(7,7),(4.712388980385,
    6.252956853776),.PIECEWISE_BEZIER_KNOTS.);
#2289 = CARTESIAN_POINT('',(4.188790164755,0.282037498351));
#2290 = CARTESIAN_POINT('',(4.445551476987,0.206342309426));
#2291 = CARTESIAN_POINT('',(4.702311916368,0.1306522543));
#2292 = CARTESIAN_POINT('',(4.959073913834,6.39117451964E-02));
#2293 = CARTESIAN_POINT('',(5.215836488063,1.524716971426E-02));
#2294 = CARTESIAN_POINT('',(5.472596725915,-1.03476307451E-02));
#2295 = CARTESIAN_POINT('',(5.729358038147,-1.26354307828E-02));
#2296 = ( GEOMETRIC_REPRESENTATION_CONTEXT(2) 
PARAMETRIC_REPRESENTATION_CONTEXT() REPRESENTATION_CONTEXT('2D SPACE',''
  ) );
#2297 = PCURVE('',#448,#2298);
#2298 = DEFINITIONAL_REPRESENTATION('',(#2299),#2307);
#2299 = B_SPLINE_CURVE_WITH_KNOTS('',6,(#2300,#2301,#2302,#2303,#2304,
    #2305,#2306),.UNSPECIFIED.,.F.,.F.,(7,7),(4.712388980385,
    6.252956853776),.PIECEWISE_BEZIER_KNOTS.);
#2300 = CARTESIAN_POINT('',(4.742617433789,14.152320038001));
#2301 = CARTESIAN_POINT('',(4.999378746021,14.228015226926));
#2302 = CARTESIAN_POINT('',(5.256139185402,14.303705282052));
#2303 = CARTESIAN_POINT('',(5.512901182868,14.370445791155));
#2304 = CARTESIAN_POINT('',(5.769663757096,14.419110366637));
#2305 = CARTESIAN_POINT('',(6.026423994948,14.444705167097));
#2306 = CARTESIAN_POINT('',(6.283185307179,14.446992967135));
#2307 = ( GEOMETRIC_REPRESENTATION_CONTEXT(2) 
PARAMETRIC_REPRESENTATION_CONTEXT() REPRESENTATION_CONTEXT('2D SPACE',''
  ) );
#2308 = ADVANCED_FACE('',(#2309),#448,.T.);
#2309 = FACE_BOUND('',#2310,.T.);
#2310 = EDGE_LOOP('',(#2311,#2312,#2313,#2336));
#2311 = ORIENTED_EDGE('',*,*,#432,.T.);
#2312 = ORIENTED_EDGE('',*,*,#2279,.F.);
#2313 = ORIENTED_EDGE('',*,*,#2314,.F.);
#2314 = EDGE_CURVE('',#2315,#2252,#2317,.T.);
#2315 = VERTEX_POINT('',#2316);
#2316 = CARTESIAN_POINT('',(237.32533987765,55.158738142392,
    0.290932844992));
#2317 = SURFACE_CURVE('',#2318,(#2322,#2329),.PCURVE_S1.);
#2318 = LINE('',#2319,#2320);
#2319 = CARTESIAN_POINT('',(237.02093929523,55.334591041675,
    0.290932844992));
#2320 = VECTOR('',#2321,1.);
#2321 = DIRECTION('',(0.865893403497,-0.50022856154,0.));
#2322 = PCURVE('',#448,#2323);
#2323 = DEFINITIONAL_REPRESENTATION('',(#2324),#2328);
#2324 = LINE('',#2325,#2326);
#2325 = CARTESIAN_POINT('',(4.742617433789,0.));
#2326 = VECTOR('',#2327,1.);
#2327 = DIRECTION('',(-0.,1.));
#2328 = ( GEOMETRIC_REPRESENTATION_CONTEXT(2) 
PARAMETRIC_REPRESENTATION_CONTEXT() REPRESENTATION_CONTEXT('2D SPACE',''
  ) );
#2329 = PCURVE('',#2267,#2330);
#2330 = DEFINITIONAL_REPRESENTATION('',(#2331),#2335);
#2331 = LINE('',#2332,#2333);
#2332 = CARTESIAN_POINT('',(7.444390317464,6.061836474139));
#2333 = VECTOR('',#2334,1.);
#2334 = DIRECTION('',(-1.,-1.605268984088E-18));
#2335 = ( GEOMETRIC_REPRESENTATION_CONTEXT(2) 
PARAMETRIC_REPRESENTATION_CONTEXT() REPRESENTATION_CONTEXT('2D SPACE',''
  ) );
#2336 = ORIENTED_EDGE('',*,*,#2337,.F.);
#2337 = EDGE_CURVE('',#380,#2315,#2338,.T.);
#2338 = SURFACE_CURVE('',#2339,(#2343,#2357),.PCURVE_S1.);
#2339 = ( BOUNDED_CURVE() B_SPLINE_CURVE(2,(#2340,#2341,#2342),
.UNSPECIFIED.,.F.,.F.) B_SPLINE_CURVE_WITH_KNOTS((3,3),(0.,2.09465904264
),.PIECEWISE_BEZIER_KNOTS.) CURVE() GEOMETRIC_REPRESENTATION_ITEM() 
RATIONAL_B_SPLINE_CURVE((1.,0.717712982335,1.)) REPRESENTATION_ITEM('') 
  );
#2340 = CARTESIAN_POINT('',(237.47533988805,55.418387489743,0.));
#2341 = CARTESIAN_POINT('',(237.32974045313,55.166355518881,
    -8.326672684689E-17));
#2342 = CARTESIAN_POINT('',(237.32533987765,55.158738142392,
    0.290932844992));
#2343 = PCURVE('',#448,#2344);
#2344 = DEFINITIONAL_REPRESENTATION('',(#2345),#2356);
#2345 = B_SPLINE_CURVE_WITH_KNOTS('',9,(#2346,#2347,#2348,#2349,#2350,
    #2351,#2352,#2353,#2354,#2355),.UNSPECIFIED.,.F.,.F.,(10,10),(0.,
    2.09465904264),.PIECEWISE_BEZIER_KNOTS.);
#2346 = CARTESIAN_POINT('',(6.28318530718,0.351545099188));
#2347 = CARTESIAN_POINT('',(6.128443295681,0.351545099188));
#2348 = CARTESIAN_POINT('',(5.962781602287,0.351545099188));
#2349 = CARTESIAN_POINT('',(5.787551926192,0.351545099188));
#2350 = CARTESIAN_POINT('',(5.60541093965,0.351545099188));
#2351 = CARTESIAN_POINT('',(5.420391801318,0.351545099188));
#2352 = CARTESIAN_POINT('',(5.238250814777,0.351545099188));
#2353 = CARTESIAN_POINT('',(5.063021138682,0.351545099188));
#2354 = CARTESIAN_POINT('',(4.897359445288,0.351545099188));
#2355 = CARTESIAN_POINT('',(4.742617433789,0.351545099188));
#2356 = ( GEOMETRIC_REPRESENTATION_CONTEXT(2) 
PARAMETRIC_REPRESENTATION_CONTEXT() REPRESENTATION_CONTEXT('2D SPACE',''
  ) );
#2357 = PCURVE('',#403,#2358);
#2358 = DEFINITIONAL_REPRESENTATION('',(#2359),#2362);
#2359 = B_SPLINE_CURVE_WITH_KNOTS('',1,(#2360,#2361),.UNSPECIFIED.,.F.,
  .F.,(2,2),(0.,2.09465904264),.PIECEWISE_BEZIER_KNOTS.);
#2360 = CARTESIAN_POINT('',(0.,4.575796127198E-14));
#2361 = CARTESIAN_POINT('',(2.09465904264,4.575796127198E-14));
#2362 = ( GEOMETRIC_REPRESENTATION_CONTEXT(2) 
PARAMETRIC_REPRESENTATION_CONTEXT() REPRESENTATION_CONTEXT('2D SPACE',''
  ) );
#2363 = ADVANCED_FACE('',(#2364),#403,.T.);
#2364 = FACE_BOUND('',#2365,.T.);
#2365 = EDGE_LOOP('',(#2366,#2367,#2403,#2430));
#2366 = ORIENTED_EDGE('',*,*,#2337,.T.);
#2367 = ORIENTED_EDGE('',*,*,#2368,.T.);
#2368 = EDGE_CURVE('',#2315,#2369,#2371,.T.);
#2369 = VERTEX_POINT('',#2370);
#2370 = CARTESIAN_POINT('',(237.02533987072,54.985110857441,0.3));
#2371 = SURFACE_CURVE('',#2372,(#2380,#2387),.PCURVE_S1.);
#2372 = B_SPLINE_CURVE_WITH_KNOTS('',6,(#2373,#2374,#2375,#2376,#2377,
    #2378,#2379),.UNSPECIFIED.,.F.,.F.,(7,7),(4.575796127198E-14,
    2.09465904264),.PIECEWISE_BEZIER_KNOTS.);
#2373 = CARTESIAN_POINT('',(237.32533987765,55.158738142392,
    0.290932844992));
#2374 = CARTESIAN_POINT('',(237.26475258189,55.193803505331,
    0.28910166344));
#2375 = CARTESIAN_POINT('',(237.18945730715,55.203475975286,
    0.288596555463));
#2376 = CARTESIAN_POINT('',(237.11243568023,55.179494611746,
    0.289848789175));
#2377 = CARTESIAN_POINT('',(237.05434207072,55.124477628917,
    0.292722005996));
#2378 = CARTESIAN_POINT('',(237.02533987072,55.054826394138,
    0.296359318883));
#2379 = CARTESIAN_POINT('',(237.02533987072,54.985110857441,0.3));
#2380 = PCURVE('',#403,#2381);
#2381 = DEFINITIONAL_REPRESENTATION('',(#2382),#2386);
#2382 = LINE('',#2383,#2384);
#2383 = CARTESIAN_POINT('',(2.09465904264,0.));
#2384 = VECTOR('',#2385,1.);
#2385 = DIRECTION('',(0.,1.));
#2386 = ( GEOMETRIC_REPRESENTATION_CONTEXT(2) 
PARAMETRIC_REPRESENTATION_CONTEXT() REPRESENTATION_CONTEXT('2D SPACE',''
  ) );
#2387 = PCURVE('',#2388,#2393);
#2388 = CYLINDRICAL_SURFACE('',#2389,0.2);
#2389 = AXIS2_PLACEMENT_3D('',#2390,#2391,#2392);
#2390 = CARTESIAN_POINT('',(237.22533987072,54.996009264358,
    -1.208954084829E-02));
#2391 = DIRECTION('',(0.,-3.48994967025E-02,0.999390827019));
#2392 = DIRECTION('',(0.500000034668,0.865497824504,3.022385002512E-02)
  );
#2393 = DEFINITIONAL_REPRESENTATION('',(#2394),#2402);
#2394 = B_SPLINE_CURVE_WITH_KNOTS('',6,(#2395,#2396,#2397,#2398,#2399,
    #2400,#2401),.UNSPECIFIED.,.F.,.F.,(7,7),(4.575796127198E-14,
    2.09465904264),.PIECEWISE_BEZIER_KNOTS.);
#2395 = CARTESIAN_POINT('',(-1.820765760385E-14,0.297158636848));
#2396 = CARTESIAN_POINT('',(0.349800923269,0.294104807284));
#2397 = CARTESIAN_POINT('',(0.700052274803,0.293264067094));
#2398 = CARTESIAN_POINT('',(1.050263533704,0.295347926718));
#2399 = CARTESIAN_POINT('',(1.398976476145,0.300143955475));
#2400 = CARTESIAN_POINT('',(1.746665092741,0.306208272793));
#2401 = CARTESIAN_POINT('',(2.094395142425,0.312279773249));
#2402 = ( GEOMETRIC_REPRESENTATION_CONTEXT(2) 
PARAMETRIC_REPRESENTATION_CONTEXT() REPRESENTATION_CONTEXT('2D SPACE',''
  ) );
#2403 = ORIENTED_EDGE('',*,*,#2404,.F.);
#2404 = EDGE_CURVE('',#352,#2369,#2405,.T.);
#2405 = SURFACE_CURVE('',#2406,(#2410,#2416),.PCURVE_S1.);
#2406 = ( BOUNDED_CURVE() B_SPLINE_CURVE(2,(#2407,#2408,#2409),
.UNSPECIFIED.,.F.,.F.) B_SPLINE_CURVE_WITH_KNOTS((3,3),(0.,2.09465904264
),.PIECEWISE_BEZIER_KNOTS.) CURVE() GEOMETRIC_REPRESENTATION_ITEM() 
RATIONAL_B_SPLINE_CURVE((1.,0.707106781187,1.)) REPRESENTATION_ITEM('') 
  );
#2407 = CARTESIAN_POINT('',(236.72533987072,54.985110857441,0.));
#2408 = CARTESIAN_POINT('',(237.02533987072,54.985110857441,
    2.775557561563E-17));
#2409 = CARTESIAN_POINT('',(237.02533987072,54.985110857441,0.3));
#2410 = PCURVE('',#403,#2411);
#2411 = DEFINITIONAL_REPRESENTATION('',(#2412),#2415);
#2412 = B_SPLINE_CURVE_WITH_KNOTS('',1,(#2413,#2414),.UNSPECIFIED.,.F.,
  .F.,(2,2),(0.,2.09465904264),.PIECEWISE_BEZIER_KNOTS.);
#2413 = CARTESIAN_POINT('',(0.,2.09465904264));
#2414 = CARTESIAN_POINT('',(2.09465904264,2.09465904264));
#2415 = ( GEOMETRIC_REPRESENTATION_CONTEXT(2) 
PARAMETRIC_REPRESENTATION_CONTEXT() REPRESENTATION_CONTEXT('2D SPACE',''
  ) );
#2416 = PCURVE('',#367,#2417);
#2417 = DEFINITIONAL_REPRESENTATION('',(#2418),#2429);
#2418 = B_SPLINE_CURVE_WITH_KNOTS('',9,(#2419,#2420,#2421,#2422,#2423,
    #2424,#2425,#2426,#2427,#2428),.UNSPECIFIED.,.F.,.F.,(10,10),(0.,
    2.09465904264),.PIECEWISE_BEZIER_KNOTS.);
#2419 = CARTESIAN_POINT('',(6.28318530718,53.177319275605));
#2420 = CARTESIAN_POINT('',(6.126050466916,53.177319275605));
#2421 = CARTESIAN_POINT('',(5.957410590359,53.177319275607));
#2422 = CARTESIAN_POINT('',(5.77861892031,53.177319275601));
#2423 = CARTESIAN_POINT('',(5.592440455568,53.177319275611));
#2424 = CARTESIAN_POINT('',(5.403133831998,53.1773192756));
#2425 = CARTESIAN_POINT('',(5.216955367255,53.177319275608));
#2426 = CARTESIAN_POINT('',(5.038163697206,53.177319275604));
#2427 = CARTESIAN_POINT('',(4.869523820649,53.177319275606));
#2428 = CARTESIAN_POINT('',(4.712388980385,53.177319275605));
#2429 = ( GEOMETRIC_REPRESENTATION_CONTEXT(2) 
PARAMETRIC_REPRESENTATION_CONTEXT() REPRESENTATION_CONTEXT('2D SPACE',''
  ) );
#2430 = ORIENTED_EDGE('',*,*,#379,.F.);
#2431 = ADVANCED_FACE('',(#2432),#367,.T.);
#2432 = FACE_BOUND('',#2433,.T.);
#2433 = EDGE_LOOP('',(#2434,#2435,#2436,#2464));
#2434 = ORIENTED_EDGE('',*,*,#351,.T.);
#2435 = ORIENTED_EDGE('',*,*,#2404,.T.);
#2436 = ORIENTED_EDGE('',*,*,#2437,.F.);
#2437 = EDGE_CURVE('',#2438,#2369,#2440,.T.);
#2438 = VERTEX_POINT('',#2439);
#2439 = CARTESIAN_POINT('',(237.02533987072,2.164889142559,0.3));
#2440 = SURFACE_CURVE('',#2441,(#2445,#2452),.PCURVE_S1.);
#2441 = LINE('',#2442,#2443);
#2442 = CARTESIAN_POINT('',(237.02533987072,1.807791581836,0.3));
#2443 = VECTOR('',#2444,1.);
#2444 = DIRECTION('',(0.,1.,0.));
#2445 = PCURVE('',#367,#2446);
#2446 = DEFINITIONAL_REPRESENTATION('',(#2447),#2451);
#2447 = LINE('',#2448,#2449);
#2448 = CARTESIAN_POINT('',(4.712388980385,0.));
#2449 = VECTOR('',#2450,1.);
#2450 = DIRECTION('',(-0.,1.));
#2451 = ( GEOMETRIC_REPRESENTATION_CONTEXT(2) 
PARAMETRIC_REPRESENTATION_CONTEXT() REPRESENTATION_CONTEXT('2D SPACE',''
  ) );
#2452 = PCURVE('',#2453,#2458);
#2453 = PLANE('',#2454);
#2454 = AXIS2_PLACEMENT_3D('',#2455,#2456,#2457);
#2455 = CARTESIAN_POINT('',(237.02533987072,28.575,6.294350722266));
#2456 = DIRECTION('',(1.,0.,0.));
#2457 = DIRECTION('',(-0.,0.,1.));
#2458 = DEFINITIONAL_REPRESENTATION('',(#2459),#2463);
#2459 = LINE('',#2460,#2461);
#2460 = CARTESIAN_POINT('',(-5.994350722266,26.767208418164));
#2461 = VECTOR('',#2462,1.);
#2462 = DIRECTION('',(0.,-1.));
#2463 = ( GEOMETRIC_REPRESENTATION_CONTEXT(2) 
PARAMETRIC_REPRESENTATION_CONTEXT() REPRESENTATION_CONTEXT('2D SPACE',''
  ) );
#2464 = ORIENTED_EDGE('',*,*,#2465,.F.);
#2465 = EDGE_CURVE('',#299,#2438,#2466,.T.);
#2466 = SURFACE_CURVE('',#2467,(#2471,#2485),.PCURVE_S1.);
#2467 = ( BOUNDED_CURVE() B_SPLINE_CURVE(2,(#2468,#2469,#2470),
.UNSPECIFIED.,.F.,.F.) B_SPLINE_CURVE_WITH_KNOTS((3,3),(0.,2.09465904264
),.PIECEWISE_BEZIER_KNOTS.) CURVE() GEOMETRIC_REPRESENTATION_ITEM() 
RATIONAL_B_SPLINE_CURVE((1.,0.707106781187,1.)) REPRESENTATION_ITEM('') 
  );
#2468 = CARTESIAN_POINT('',(236.72533987072,2.164889142559,0.));
#2469 = CARTESIAN_POINT('',(237.02533987072,2.164889142559,
    -1.110223024625E-16));
#2470 = CARTESIAN_POINT('',(237.02533987072,2.164889142559,0.3));
#2471 = PCURVE('',#367,#2472);
#2472 = DEFINITIONAL_REPRESENTATION('',(#2473),#2484);
#2473 = B_SPLINE_CURVE_WITH_KNOTS('',9,(#2474,#2475,#2476,#2477,#2478,
    #2479,#2480,#2481,#2482,#2483),.UNSPECIFIED.,.F.,.F.,(10,10),(0.,
    2.09465904264),.PIECEWISE_BEZIER_KNOTS.);
#2474 = CARTESIAN_POINT('',(6.28318530718,0.357097560723));
#2475 = CARTESIAN_POINT('',(6.126050466916,0.357097560723));
#2476 = CARTESIAN_POINT('',(5.957410590359,0.357097560723));
#2477 = CARTESIAN_POINT('',(5.77861892031,0.357097560723));
#2478 = CARTESIAN_POINT('',(5.592440455566,0.357097560723));
#2479 = CARTESIAN_POINT('',(5.403133832,0.357097560723));
#2480 = CARTESIAN_POINT('',(5.216955367254,0.357097560723));
#2481 = CARTESIAN_POINT('',(5.038163697206,0.357097560723));
#2482 = CARTESIAN_POINT('',(4.869523820649,0.357097560723));
#2483 = CARTESIAN_POINT('',(4.712388980385,0.357097560723));
#2484 = ( GEOMETRIC_REPRESENTATION_CONTEXT(2) 
PARAMETRIC_REPRESENTATION_CONTEXT() REPRESENTATION_CONTEXT('2D SPACE',''
  ) );
#2485 = PCURVE('',#322,#2486);
#2486 = DEFINITIONAL_REPRESENTATION('',(#2487),#2490);
#2487 = B_SPLINE_CURVE_WITH_KNOTS('',1,(#2488,#2489),.UNSPECIFIED.,.F.,
  .F.,(2,2),(0.,2.09465904264),.PIECEWISE_BEZIER_KNOTS.);
#2488 = CARTESIAN_POINT('',(0.,0.));
#2489 = CARTESIAN_POINT('',(2.09465904264,0.));
#2490 = ( GEOMETRIC_REPRESENTATION_CONTEXT(2) 
PARAMETRIC_REPRESENTATION_CONTEXT() REPRESENTATION_CONTEXT('2D SPACE',''
  ) );
#2491 = ADVANCED_FACE('',(#2492),#322,.T.);
#2492 = FACE_BOUND('',#2493,.T.);
#2493 = EDGE_LOOP('',(#2494,#2495,#2531,#2558));
#2494 = ORIENTED_EDGE('',*,*,#2465,.T.);
#2495 = ORIENTED_EDGE('',*,*,#2496,.T.);
#2496 = EDGE_CURVE('',#2438,#2497,#2499,.T.);
#2497 = VERTEX_POINT('',#2498);
#2498 = CARTESIAN_POINT('',(237.32533987765,1.991261857608,
    0.290932844992));
#2499 = SURFACE_CURVE('',#2500,(#2508,#2515),.PCURVE_S1.);
#2500 = B_SPLINE_CURVE_WITH_KNOTS('',6,(#2501,#2502,#2503,#2504,#2505,
    #2506,#2507),.UNSPECIFIED.,.F.,.F.,(7,7),(0.,2.09465904264),
  .PIECEWISE_BEZIER_KNOTS.);
#2501 = CARTESIAN_POINT('',(237.02533987072,2.164889142559,0.3));
#2502 = CARTESIAN_POINT('',(237.02533987072,2.095173605862,
    0.296359318883));
#2503 = CARTESIAN_POINT('',(237.05434207072,2.025522371083,
    0.292722005996));
#2504 = CARTESIAN_POINT('',(237.11243568023,1.970505388254,
    0.289848789175));
#2505 = CARTESIAN_POINT('',(237.18945730715,1.946524024714,
    0.288596555463));
#2506 = CARTESIAN_POINT('',(237.26475258189,1.956196494669,0.28910166344
    ));
#2507 = CARTESIAN_POINT('',(237.32533987765,1.991261857608,
    0.290932844992));
#2508 = PCURVE('',#322,#2509);
#2509 = DEFINITIONAL_REPRESENTATION('',(#2510),#2514);
#2510 = LINE('',#2511,#2512);
#2511 = CARTESIAN_POINT('',(2.09465904264,0.));
#2512 = VECTOR('',#2513,1.);
#2513 = DIRECTION('',(0.,1.));
#2514 = ( GEOMETRIC_REPRESENTATION_CONTEXT(2) 
PARAMETRIC_REPRESENTATION_CONTEXT() REPRESENTATION_CONTEXT('2D SPACE',''
  ) );
#2515 = PCURVE('',#2516,#2521);
#2516 = CYLINDRICAL_SURFACE('',#2517,0.2);
#2517 = AXIS2_PLACEMENT_3D('',#2518,#2519,#2520);
#2518 = CARTESIAN_POINT('',(237.22533987072,2.153990735642,
    -1.208954084829E-02));
#2519 = DIRECTION('',(0.,3.48994967025E-02,0.999390827019));
#2520 = DIRECTION('',(-1.,0.,0.));
#2521 = DEFINITIONAL_REPRESENTATION('',(#2522),#2530);
#2522 = B_SPLINE_CURVE_WITH_KNOTS('',6,(#2523,#2524,#2525,#2526,#2527,
    #2528,#2529),.UNSPECIFIED.,.F.,.F.,(7,7),(0.,2.09465904264),
  .PIECEWISE_BEZIER_KNOTS.);
#2523 = CARTESIAN_POINT('',(4.440892098501E-16,0.312279773249));
#2524 = CARTESIAN_POINT('',(0.347730049684,0.306208272793));
#2525 = CARTESIAN_POINT('',(0.69541866628,0.300143955475));
#2526 = CARTESIAN_POINT('',(1.04413160872,0.295347926718));
#2527 = CARTESIAN_POINT('',(1.394342867622,0.293264067094));
#2528 = CARTESIAN_POINT('',(1.744594219156,0.294104807284));
#2529 = CARTESIAN_POINT('',(2.094395142425,0.297158636848));
#2530 = ( GEOMETRIC_REPRESENTATION_CONTEXT(2) 
PARAMETRIC_REPRESENTATION_CONTEXT() REPRESENTATION_CONTEXT('2D SPACE',''
  ) );
#2531 = ORIENTED_EDGE('',*,*,#2532,.F.);
#2532 = EDGE_CURVE('',#271,#2497,#2533,.T.);
#2533 = SURFACE_CURVE('',#2534,(#2538,#2544),.PCURVE_S1.);
#2534 = ( BOUNDED_CURVE() B_SPLINE_CURVE(2,(#2535,#2536,#2537),
.UNSPECIFIED.,.F.,.F.) B_SPLINE_CURVE_WITH_KNOTS((3,3),(0.,2.09465904264
),.PIECEWISE_BEZIER_KNOTS.) CURVE() GEOMETRIC_REPRESENTATION_ITEM() 
RATIONAL_B_SPLINE_CURVE((1.,0.717712982335,1.)) REPRESENTATION_ITEM('') 
  );
#2535 = CARTESIAN_POINT('',(237.47533988805,1.731612510257,0.));
#2536 = CARTESIAN_POINT('',(237.32974045313,1.983644481119,0.));
#2537 = CARTESIAN_POINT('',(237.32533987765,1.991261857608,
    0.290932844992));
#2538 = PCURVE('',#322,#2539);
#2539 = DEFINITIONAL_REPRESENTATION('',(#2540),#2543);
#2540 = B_SPLINE_CURVE_WITH_KNOTS('',1,(#2541,#2542),.UNSPECIFIED.,.F.,
  .F.,(2,2),(0.,2.09465904264),.PIECEWISE_BEZIER_KNOTS.);
#2541 = CARTESIAN_POINT('',(0.,2.09465904264));
#2542 = CARTESIAN_POINT('',(2.09465904264,2.09465904264));
#2543 = ( GEOMETRIC_REPRESENTATION_CONTEXT(2) 
PARAMETRIC_REPRESENTATION_CONTEXT() REPRESENTATION_CONTEXT('2D SPACE',''
  ) );
#2544 = PCURVE('',#286,#2545);
#2545 = DEFINITIONAL_REPRESENTATION('',(#2546),#2557);
#2546 = B_SPLINE_CURVE_WITH_KNOTS('',9,(#2547,#2548,#2549,#2550,#2551,
    #2552,#2553,#2554,#2555,#2556),.UNSPECIFIED.,.F.,.F.,(10,10),(0.,
    2.09465904264),.PIECEWISE_BEZIER_KNOTS.);
#2547 = CARTESIAN_POINT('',(6.28318530718,14.315387283839));
#2548 = CARTESIAN_POINT('',(6.128443295681,14.315387283838));
#2549 = CARTESIAN_POINT('',(5.962781602288,14.315387283839));
#2550 = CARTESIAN_POINT('',(5.78755192619,14.315387283837));
#2551 = CARTESIAN_POINT('',(5.605410939652,14.31538728384));
#2552 = CARTESIAN_POINT('',(5.420391801317,14.315387283837));
#2553 = CARTESIAN_POINT('',(5.238250814778,14.315387283839));
#2554 = CARTESIAN_POINT('',(5.063021138682,14.315387283838));
#2555 = CARTESIAN_POINT('',(4.897359445288,14.315387283839));
#2556 = CARTESIAN_POINT('',(4.742617433789,14.315387283839));
#2557 = ( GEOMETRIC_REPRESENTATION_CONTEXT(2) 
PARAMETRIC_REPRESENTATION_CONTEXT() REPRESENTATION_CONTEXT('2D SPACE',''
  ) );
#2558 = ORIENTED_EDGE('',*,*,#298,.F.);
#2559 = ADVANCED_FACE('',(#2560),#286,.T.);
#2560 = FACE_BOUND('',#2561,.T.);
#2561 = EDGE_LOOP('',(#2562,#2563,#2564,#2592));
#2562 = ORIENTED_EDGE('',*,*,#270,.T.);
#2563 = ORIENTED_EDGE('',*,*,#2532,.T.);
#2564 = ORIENTED_EDGE('',*,*,#2565,.F.);
#2565 = EDGE_CURVE('',#2566,#2497,#2568,.T.);
#2566 = VERTEX_POINT('',#2567);
#2567 = CARTESIAN_POINT('',(249.27533986032,8.894803653386,
    0.290932844992));
#2568 = SURFACE_CURVE('',#2569,(#2573,#2580),.PCURVE_S1.);
#2569 = LINE('',#2570,#2571);
#2570 = CARTESIAN_POINT('',(249.72093929523,9.152227446489,
    0.290932844992));
#2571 = VECTOR('',#2572,1.);
#2572 = DIRECTION('',(-0.865893403497,-0.50022856154,0.));
#2573 = PCURVE('',#286,#2574);
#2574 = DEFINITIONAL_REPRESENTATION('',(#2575),#2579);
#2575 = LINE('',#2576,#2577);
#2576 = CARTESIAN_POINT('',(4.742617433789,0.));
#2577 = VECTOR('',#2578,1.);
#2578 = DIRECTION('',(-0.,1.));
#2579 = ( GEOMETRIC_REPRESENTATION_CONTEXT(2) 
PARAMETRIC_REPRESENTATION_CONTEXT() REPRESENTATION_CONTEXT('2D SPACE',''
  ) );
#2580 = PCURVE('',#2581,#2586);
#2581 = PLANE('',#2582);
#2582 = AXIS2_PLACEMENT_3D('',#2583,#2584,#2585);
#2583 = CARTESIAN_POINT('',(243.37533987072,5.697947712191,6.35));
#2584 = DIRECTION('',(-0.500000034668,0.865497824504,-3.022385002513E-02
    ));
#2585 = DIRECTION('',(0.865893403497,0.50022856154,1.03601641079E-14));
#2586 = DEFINITIONAL_REPRESENTATION('',(#2587),#2591);
#2587 = LINE('',#2588,#2589);
#2588 = CARTESIAN_POINT('',(7.222542065562,6.061836474139));
#2589 = VECTOR('',#2590,1.);
#2590 = DIRECTION('',(-1.,1.605268984088E-18));
#2591 = ( GEOMETRIC_REPRESENTATION_CONTEXT(2) 
PARAMETRIC_REPRESENTATION_CONTEXT() REPRESENTATION_CONTEXT('2D SPACE',''
  ) );
#2592 = ORIENTED_EDGE('',*,*,#2593,.T.);
#2593 = EDGE_CURVE('',#2566,#235,#2594,.T.);
#2594 = SURFACE_CURVE('',#2595,(#2600,#2611),.PCURVE_S1.);
#2595 = ELLIPSE('',#2596,0.420608520126,0.3);
#2596 = AXIS2_PLACEMENT_3D('',#2597,#2598,#2599);
#2597 = CARTESIAN_POINT('',(249.42533987072,8.635154306035,0.3));
#2598 = DIRECTION('',(-0.60700357172,-0.375132367759,-0.7005871613));
#2599 = DIRECTION('',(-0.617694608404,-0.331947620022,0.712926467675));
#2600 = PCURVE('',#286,#2601);
#2601 = DEFINITIONAL_REPRESENTATION('',(#2602),#2610);
#2602 = B_SPLINE_CURVE_WITH_KNOTS('',6,(#2603,#2604,#2605,#2606,#2607,
    #2608,#2609),.UNSPECIFIED.,.F.,.F.,(7,7),(1.570796326795,
    3.111364200184),.PIECEWISE_BEZIER_KNOTS.);
#2603 = CARTESIAN_POINT('',(4.74262437892,0.514610297548));
#2604 = CARTESIAN_POINT('',(4.99938453363,0.438915449871));
#2605 = CARTESIAN_POINT('',(5.256143815521,0.363225897793));
#2606 = CARTESIAN_POINT('',(5.512904655436,0.296485933369));
#2607 = CARTESIAN_POINT('',(5.769666072102,0.24782178575));
#2608 = CARTESIAN_POINT('',(6.026425152469,0.222227205616));
#2609 = CARTESIAN_POINT('',(6.283185307179,0.219939415892));
#2610 = ( GEOMETRIC_REPRESENTATION_CONTEXT(2) 
PARAMETRIC_REPRESENTATION_CONTEXT() REPRESENTATION_CONTEXT('2D SPACE',''
  ) );
#2611 = PCURVE('',#255,#2612);
#2612 = DEFINITIONAL_REPRESENTATION('',(#2613),#2621);
#2613 = B_SPLINE_CURVE_WITH_KNOTS('',6,(#2614,#2615,#2616,#2617,#2618,
    #2619,#2620),.UNSPECIFIED.,.F.,.F.,(7,7),(1.570796326795,
    3.111364200184),.PIECEWISE_BEZIER_KNOTS.);
#2614 = CARTESIAN_POINT('',(2.094388197294,0.282035450874));
#2615 = CARTESIAN_POINT('',(1.837628042584,0.206340603196));
#2616 = CARTESIAN_POINT('',(1.580868760693,0.130651051119));
#2617 = CARTESIAN_POINT('',(1.324107920777,6.391108669414E-02));
#2618 = CARTESIAN_POINT('',(1.067346504112,1.524693907572E-02));
#2619 = CARTESIAN_POINT('',(0.810587423744,-1.03476410588E-02));
#2620 = CARTESIAN_POINT('',(0.553827269034,-1.263543078279E-02));
#2621 = ( GEOMETRIC_REPRESENTATION_CONTEXT(2) 
PARAMETRIC_REPRESENTATION_CONTEXT() REPRESENTATION_CONTEXT('2D SPACE',''
  ) );
#2622 = ADVANCED_FACE('',(#2623),#255,.T.);
#2623 = FACE_BOUND('',#2624,.T.);
#2624 = EDGE_LOOP('',(#2625,#2626,#2649,#2680,#2681,#2702));
#2625 = ORIENTED_EDGE('',*,*,#2593,.F.);
#2626 = ORIENTED_EDGE('',*,*,#2627,.T.);
#2627 = EDGE_CURVE('',#2566,#2628,#2630,.T.);
#2628 = VERTEX_POINT('',#2629);
#2629 = CARTESIAN_POINT('',(249.27533986032,9.317344964236,
    12.390932844992));
#2630 = SURFACE_CURVE('',#2631,(#2635,#2642),.PCURVE_S1.);
#2631 = LINE('',#2632,#2633);
#2632 = CARTESIAN_POINT('',(249.27533986032,8.884960686642,
    9.067156264907E-03));
#2633 = VECTOR('',#2634,1.);
#2634 = DIRECTION('',(0.,3.48994967025E-02,0.999390827019));
#2635 = PCURVE('',#255,#2636);
#2636 = DEFINITIONAL_REPRESENTATION('',(#2637),#2641);
#2637 = LINE('',#2638,#2639);
#2638 = CARTESIAN_POINT('',(2.094395142425,0.));
#2639 = VECTOR('',#2640,1.);
#2640 = DIRECTION('',(0.,1.));
#2641 = ( GEOMETRIC_REPRESENTATION_CONTEXT(2) 
PARAMETRIC_REPRESENTATION_CONTEXT() REPRESENTATION_CONTEXT('2D SPACE',''
  ) );
#2642 = PCURVE('',#2581,#2643);
#2643 = DEFINITIONAL_REPRESENTATION('',(#2644),#2648);
#2644 = LINE('',#2645,#2646);
#2645 = CARTESIAN_POINT('',(6.703005987446,6.343830990626));
#2646 = VECTOR('',#2647,1.);
#2647 = DIRECTION('',(1.745772503396E-02,-0.999847602306));
#2648 = ( GEOMETRIC_REPRESENTATION_CONTEXT(2) 
PARAMETRIC_REPRESENTATION_CONTEXT() REPRESENTATION_CONTEXT('2D SPACE',''
  ) );
#2649 = ORIENTED_EDGE('',*,*,#2650,.T.);
#2650 = EDGE_CURVE('',#2628,#1322,#2651,.T.);
#2651 = SURFACE_CURVE('',#2652,(#2657,#2669),.PCURVE_S1.);
#2652 = ELLIPSE('',#2653,0.428016616763,0.3);
#2653 = AXIS2_PLACEMENT_3D('',#2654,#2655,#2656);
#2654 = CARTESIAN_POINT('',(249.42533987072,9.057695616885,12.4));
#2655 = DIRECTION('',(0.617694608404,0.331947620022,-0.712926467674));
#2656 = DIRECTION('',(-0.60700357172,-0.375132367759,-0.700587161301));
#2657 = PCURVE('',#255,#2658);
#2658 = DEFINITIONAL_REPRESENTATION('',(#2659),#2668);
#2659 = B_SPLINE_CURVE_WITH_KNOTS('',7,(#2660,#2661,#2662,#2663,#2664,
    #2665,#2666,#2667),.UNSPECIFIED.,.F.,.F.,(8,8),(1.570796326795,
    3.171821106993),.PIECEWISE_BEZIER_KNOTS.);
#2660 = CARTESIAN_POINT('',(2.094395142425,12.389412984367));
#2661 = CARTESIAN_POINT('',(1.865677316682,12.459236840958));
#2662 = CARTESIAN_POINT('',(1.636959490939,12.529060368765));
#2663 = CARTESIAN_POINT('',(1.408241665198,12.592920247164));
#2664 = CARTESIAN_POINT('',(1.179523839454,12.644840715297));
#2665 = CARTESIAN_POINT('',(0.950806013712,12.680154571375));
#2666 = CARTESIAN_POINT('',(0.722088187969,12.696667704831));
#2667 = CARTESIAN_POINT('',(0.493370362227,12.694557359062));
#2668 = ( GEOMETRIC_REPRESENTATION_CONTEXT(2) 
PARAMETRIC_REPRESENTATION_CONTEXT() REPRESENTATION_CONTEXT('2D SPACE',''
  ) );
#2669 = PCURVE('',#1368,#2670);
#2670 = DEFINITIONAL_REPRESENTATION('',(#2671),#2679);
#2671 = B_SPLINE_CURVE_WITH_KNOTS('',6,(#2672,#2673,#2674,#2675,#2676,
    #2677,#2678),.UNSPECIFIED.,.F.,.F.,(7,7),(1.570796326795,
    3.171821106993),.PIECEWISE_BEZIER_KNOTS.);
#2672 = CARTESIAN_POINT('',(1.601024780199,0.5250933648));
#2673 = CARTESIAN_POINT('',(1.334187316832,0.443632198777));
#2674 = CARTESIAN_POINT('',(1.06735112301,0.362177806418));
#2675 = CARTESIAN_POINT('',(0.800512303,0.291120108023));
#2676 = CARTESIAN_POINT('',(0.533673828675,0.241090611925));
#2677 = CARTESIAN_POINT('',(0.266837463367,0.21748692004));
#2678 = CARTESIAN_POINT('',(6.160627563645E-13,0.219948990105));
#2679 = ( GEOMETRIC_REPRESENTATION_CONTEXT(2) 
PARAMETRIC_REPRESENTATION_CONTEXT() REPRESENTATION_CONTEXT('2D SPACE',''
  ) );
#2680 = ORIENTED_EDGE('',*,*,#1321,.T.);
#2681 = ORIENTED_EDGE('',*,*,#2682,.F.);
#2682 = EDGE_CURVE('',#207,#1299,#2683,.T.);
#2683 = SURFACE_CURVE('',#2684,(#2688,#2695),.PCURVE_S1.);
#2684 = LINE('',#2685,#2686);
#2685 = CARTESIAN_POINT('',(249.72533987072,8.625311339291,
    1.813431127244E-02));
#2686 = VECTOR('',#2687,1.);
#2687 = DIRECTION('',(0.,3.48994967025E-02,0.999390827019));
#2688 = PCURVE('',#255,#2689);
#2689 = DEFINITIONAL_REPRESENTATION('',(#2690),#2694);
#2690 = LINE('',#2691,#2692);
#2691 = CARTESIAN_POINT('',(0.,0.));
#2692 = VECTOR('',#2693,1.);
#2693 = DIRECTION('',(0.,1.));
#2694 = ( GEOMETRIC_REPRESENTATION_CONTEXT(2) 
PARAMETRIC_REPRESENTATION_CONTEXT() REPRESENTATION_CONTEXT('2D SPACE',''
  ) );
#2695 = PCURVE('',#222,#2696);
#2696 = DEFINITIONAL_REPRESENTATION('',(#2697),#2701);
#2697 = LINE('',#2698,#2699);
#2698 = CARTESIAN_POINT('',(-6.369052243788,-17.26992240085));
#2699 = VECTOR('',#2700,1.);
#2700 = DIRECTION('',(0.999390827019,-3.48994967025E-02));
#2701 = ( GEOMETRIC_REPRESENTATION_CONTEXT(2) 
PARAMETRIC_REPRESENTATION_CONTEXT() REPRESENTATION_CONTEXT('2D SPACE',''
  ) );
#2702 = ORIENTED_EDGE('',*,*,#234,.F.);
#2703 = ADVANCED_FACE('',(#2704),#222,.T.);
#2704 = FACE_BOUND('',#2705,.T.);
#2705 = EDGE_LOOP('',(#2706,#2707,#2708,#2709));
#2706 = ORIENTED_EDGE('',*,*,#1249,.F.);
#2707 = ORIENTED_EDGE('',*,*,#206,.T.);
#2708 = ORIENTED_EDGE('',*,*,#2682,.T.);
#2709 = ORIENTED_EDGE('',*,*,#1298,.F.);
#2710 = ADVANCED_FACE('',(#2711),#561,.T.);
#2711 = FACE_BOUND('',#2712,.T.);
#2712 = EDGE_LOOP('',(#2713,#2714,#2735,#2736));
#2713 = ORIENTED_EDGE('',*,*,#543,.F.);
#2714 = ORIENTED_EDGE('',*,*,#2715,.T.);
#2715 = EDGE_CURVE('',#544,#1593,#2716,.T.);
#2716 = SURFACE_CURVE('',#2717,(#2721,#2728),.PCURVE_S1.);
#2717 = LINE('',#2718,#2719);
#2718 = CARTESIAN_POINT('',(61.2,14.025773216421,0.));
#2719 = VECTOR('',#2720,1.);
#2720 = DIRECTION('',(0.,0.,1.));
#2721 = PCURVE('',#561,#2722);
#2722 = DEFINITIONAL_REPRESENTATION('',(#2723),#2727);
#2723 = LINE('',#2724,#2725);
#2724 = CARTESIAN_POINT('',(0.,0.));
#2725 = VECTOR('',#2726,1.);
#2726 = DIRECTION('',(0.,-1.));
#2727 = ( GEOMETRIC_REPRESENTATION_CONTEXT(2) 
PARAMETRIC_REPRESENTATION_CONTEXT() REPRESENTATION_CONTEXT('2D SPACE',''
  ) );
#2728 = PCURVE('',#589,#2729);
#2729 = DEFINITIONAL_REPRESENTATION('',(#2730),#2734);
#2730 = LINE('',#2731,#2732);
#2731 = CARTESIAN_POINT('',(14.549226783579,0.));
#2732 = VECTOR('',#2733,1.);
#2733 = DIRECTION('',(0.,-1.));
#2734 = ( GEOMETRIC_REPRESENTATION_CONTEXT(2) 
PARAMETRIC_REPRESENTATION_CONTEXT() REPRESENTATION_CONTEXT('2D SPACE',''
  ) );
#2735 = ORIENTED_EDGE('',*,*,#1592,.T.);
#2736 = ORIENTED_EDGE('',*,*,#2737,.F.);
#2737 = EDGE_CURVE('',#546,#1595,#2738,.T.);
#2738 = SURFACE_CURVE('',#2739,(#2743,#2750),.PCURVE_S1.);
#2739 = LINE('',#2740,#2741);
#2740 = CARTESIAN_POINT('',(73.8,21.300386608211,0.));
#2741 = VECTOR('',#2742,1.);
#2742 = DIRECTION('',(0.,0.,1.));
#2743 = PCURVE('',#561,#2744);
#2744 = DEFINITIONAL_REPRESENTATION('',(#2745),#2749);
#2745 = LINE('',#2746,#2747);
#2746 = CARTESIAN_POINT('',(14.549226783579,0.));
#2747 = VECTOR('',#2748,1.);
#2748 = DIRECTION('',(0.,-1.));
#2749 = ( GEOMETRIC_REPRESENTATION_CONTEXT(2) 
PARAMETRIC_REPRESENTATION_CONTEXT() REPRESENTATION_CONTEXT('2D SPACE',''
  ) );
#2750 = PCURVE('',#699,#2751);
#2751 = DEFINITIONAL_REPRESENTATION('',(#2752),#2756);
#2752 = LINE('',#2753,#2754);
#2753 = CARTESIAN_POINT('',(0.,0.));
#2754 = VECTOR('',#2755,1.);
#2755 = DIRECTION('',(0.,-1.));
#2756 = ( GEOMETRIC_REPRESENTATION_CONTEXT(2) 
PARAMETRIC_REPRESENTATION_CONTEXT() REPRESENTATION_CONTEXT('2D SPACE',''
  ) );
#2757 = ADVANCED_FACE('',(#2758),#589,.T.);
#2758 = FACE_BOUND('',#2759,.T.);
#2759 = EDGE_LOOP('',(#2760,#2761,#2782,#2783));
#2760 = ORIENTED_EDGE('',*,*,#573,.F.);
#2761 = ORIENTED_EDGE('',*,*,#2762,.T.);
#2762 = EDGE_CURVE('',#574,#1618,#2763,.T.);
#2763 = SURFACE_CURVE('',#2764,(#2768,#2775),.PCURVE_S1.);
#2764 = LINE('',#2765,#2766);
#2765 = CARTESIAN_POINT('',(48.6,21.300386608211,0.));
#2766 = VECTOR('',#2767,1.);
#2767 = DIRECTION('',(0.,0.,1.));
#2768 = PCURVE('',#589,#2769);
#2769 = DEFINITIONAL_REPRESENTATION('',(#2770),#2774);
#2770 = LINE('',#2771,#2772);
#2771 = CARTESIAN_POINT('',(0.,0.));
#2772 = VECTOR('',#2773,1.);
#2773 = DIRECTION('',(0.,-1.));
#2774 = ( GEOMETRIC_REPRESENTATION_CONTEXT(2) 
PARAMETRIC_REPRESENTATION_CONTEXT() REPRESENTATION_CONTEXT('2D SPACE',''
  ) );
#2775 = PCURVE('',#617,#2776);
#2776 = DEFINITIONAL_REPRESENTATION('',(#2777),#2781);
#2777 = LINE('',#2778,#2779);
#2778 = CARTESIAN_POINT('',(14.549226783578,0.));
#2779 = VECTOR('',#2780,1.);
#2780 = DIRECTION('',(0.,-1.));
#2781 = ( GEOMETRIC_REPRESENTATION_CONTEXT(2) 
PARAMETRIC_REPRESENTATION_CONTEXT() REPRESENTATION_CONTEXT('2D SPACE',''
  ) );
#2782 = ORIENTED_EDGE('',*,*,#1617,.T.);
#2783 = ORIENTED_EDGE('',*,*,#2715,.F.);
#2784 = ADVANCED_FACE('',(#2785),#699,.T.);
#2785 = FACE_BOUND('',#2786,.T.);
#2786 = EDGE_LOOP('',(#2787,#2788,#2789,#2790));
#2787 = ORIENTED_EDGE('',*,*,#685,.F.);
#2788 = ORIENTED_EDGE('',*,*,#2737,.T.);
#2789 = ORIENTED_EDGE('',*,*,#1709,.T.);
#2790 = ORIENTED_EDGE('',*,*,#2791,.F.);
#2791 = EDGE_CURVE('',#658,#1687,#2792,.T.);
#2792 = SURFACE_CURVE('',#2793,(#2797,#2804),.PCURVE_S1.);
#2793 = LINE('',#2794,#2795);
#2794 = CARTESIAN_POINT('',(73.8,35.849613391789,0.));
#2795 = VECTOR('',#2796,1.);
#2796 = DIRECTION('',(0.,0.,1.));
#2797 = PCURVE('',#699,#2798);
#2798 = DEFINITIONAL_REPRESENTATION('',(#2799),#2803);
#2799 = LINE('',#2800,#2801);
#2800 = CARTESIAN_POINT('',(14.549226783578,0.));
#2801 = VECTOR('',#2802,1.);
#2802 = DIRECTION('',(0.,-1.));
#2803 = ( GEOMETRIC_REPRESENTATION_CONTEXT(2) 
PARAMETRIC_REPRESENTATION_CONTEXT() REPRESENTATION_CONTEXT('2D SPACE',''
  ) );
#2804 = PCURVE('',#673,#2805);
#2805 = DEFINITIONAL_REPRESENTATION('',(#2806),#2810);
#2806 = LINE('',#2807,#2808);
#2807 = CARTESIAN_POINT('',(0.,0.));
#2808 = VECTOR('',#2809,1.);
#2809 = DIRECTION('',(0.,-1.));
#2810 = ( GEOMETRIC_REPRESENTATION_CONTEXT(2) 
PARAMETRIC_REPRESENTATION_CONTEXT() REPRESENTATION_CONTEXT('2D SPACE',''
  ) );
#2811 = ADVANCED_FACE('',(#2812),#617,.T.);
#2812 = FACE_BOUND('',#2813,.T.);
#2813 = EDGE_LOOP('',(#2814,#2815,#2836,#2837));
#2814 = ORIENTED_EDGE('',*,*,#601,.F.);
#2815 = ORIENTED_EDGE('',*,*,#2816,.T.);
#2816 = EDGE_CURVE('',#602,#1641,#2817,.T.);
#2817 = SURFACE_CURVE('',#2818,(#2822,#2829),.PCURVE_S1.);
#2818 = LINE('',#2819,#2820);
#2819 = CARTESIAN_POINT('',(48.6,35.849613391789,0.));
#2820 = VECTOR('',#2821,1.);
#2821 = DIRECTION('',(0.,0.,1.));
#2822 = PCURVE('',#617,#2823);
#2823 = DEFINITIONAL_REPRESENTATION('',(#2824),#2828);
#2824 = LINE('',#2825,#2826);
#2825 = CARTESIAN_POINT('',(0.,0.));
#2826 = VECTOR('',#2827,1.);
#2827 = DIRECTION('',(0.,-1.));
#2828 = ( GEOMETRIC_REPRESENTATION_CONTEXT(2) 
PARAMETRIC_REPRESENTATION_CONTEXT() REPRESENTATION_CONTEXT('2D SPACE',''
  ) );
#2829 = PCURVE('',#645,#2830);
#2830 = DEFINITIONAL_REPRESENTATION('',(#2831),#2835);
#2831 = LINE('',#2832,#2833);
#2832 = CARTESIAN_POINT('',(14.549226783579,0.));
#2833 = VECTOR('',#2834,1.);
#2834 = DIRECTION('',(0.,-1.));
#2835 = ( GEOMETRIC_REPRESENTATION_CONTEXT(2) 
PARAMETRIC_REPRESENTATION_CONTEXT() REPRESENTATION_CONTEXT('2D SPACE',''
  ) );
#2836 = ORIENTED_EDGE('',*,*,#1640,.T.);
#2837 = ORIENTED_EDGE('',*,*,#2762,.F.);
#2838 = ADVANCED_FACE('',(#2839),#673,.T.);
#2839 = FACE_BOUND('',#2840,.T.);
#2840 = EDGE_LOOP('',(#2841,#2842,#2843,#2844));
#2841 = ORIENTED_EDGE('',*,*,#657,.F.);
#2842 = ORIENTED_EDGE('',*,*,#2791,.T.);
#2843 = ORIENTED_EDGE('',*,*,#1686,.T.);
#2844 = ORIENTED_EDGE('',*,*,#2845,.F.);
#2845 = EDGE_CURVE('',#630,#1664,#2846,.T.);
#2846 = SURFACE_CURVE('',#2847,(#2851,#2858),.PCURVE_S1.);
#2847 = LINE('',#2848,#2849);
#2848 = CARTESIAN_POINT('',(61.2,43.124226783579,0.));
#2849 = VECTOR('',#2850,1.);
#2850 = DIRECTION('',(0.,0.,1.));
#2851 = PCURVE('',#673,#2852);
#2852 = DEFINITIONAL_REPRESENTATION('',(#2853),#2857);
#2853 = LINE('',#2854,#2855);
#2854 = CARTESIAN_POINT('',(14.549226783579,-0.));
#2855 = VECTOR('',#2856,1.);
#2856 = DIRECTION('',(0.,-1.));
#2857 = ( GEOMETRIC_REPRESENTATION_CONTEXT(2) 
PARAMETRIC_REPRESENTATION_CONTEXT() REPRESENTATION_CONTEXT('2D SPACE',''
  ) );
#2858 = PCURVE('',#645,#2859);
#2859 = DEFINITIONAL_REPRESENTATION('',(#2860),#2864);
#2860 = LINE('',#2861,#2862);
#2861 = CARTESIAN_POINT('',(0.,0.));
#2862 = VECTOR('',#2863,1.);
#2863 = DIRECTION('',(0.,-1.));
#2864 = ( GEOMETRIC_REPRESENTATION_CONTEXT(2) 
PARAMETRIC_REPRESENTATION_CONTEXT() REPRESENTATION_CONTEXT('2D SPACE',''
  ) );
#2865 = ADVANCED_FACE('',(#2866),#645,.T.);
#2866 = FACE_BOUND('',#2867,.T.);
#2867 = EDGE_LOOP('',(#2868,#2869,#2870,#2871));
#2868 = ORIENTED_EDGE('',*,*,#629,.F.);
#2869 = ORIENTED_EDGE('',*,*,#2845,.T.);
#2870 = ORIENTED_EDGE('',*,*,#1663,.T.);
#2871 = ORIENTED_EDGE('',*,*,#2816,.F.);
#2872 = ADVANCED_FACE('',(#2873),#731,.T.);
#2873 = FACE_BOUND('',#2874,.T.);
#2874 = EDGE_LOOP('',(#2875,#2876,#2897,#2898));
#2875 = ORIENTED_EDGE('',*,*,#713,.F.);
#2876 = ORIENTED_EDGE('',*,*,#2877,.T.);
#2877 = EDGE_CURVE('',#714,#1873,#2878,.T.);
#2878 = SURFACE_CURVE('',#2879,(#2883,#2890),.PCURVE_S1.);
#2879 = LINE('',#2880,#2881);
#2880 = CARTESIAN_POINT('',(131.6,14.025773216421,0.));
#2881 = VECTOR('',#2882,1.);
#2882 = DIRECTION('',(0.,0.,1.));
#2883 = PCURVE('',#731,#2884);
#2884 = DEFINITIONAL_REPRESENTATION('',(#2885),#2889);
#2885 = LINE('',#2886,#2887);
#2886 = CARTESIAN_POINT('',(0.,0.));
#2887 = VECTOR('',#2888,1.);
#2888 = DIRECTION('',(0.,-1.));
#2889 = ( GEOMETRIC_REPRESENTATION_CONTEXT(2) 
PARAMETRIC_REPRESENTATION_CONTEXT() REPRESENTATION_CONTEXT('2D SPACE',''
  ) );
#2890 = PCURVE('',#759,#2891);
#2891 = DEFINITIONAL_REPRESENTATION('',(#2892),#2896);
#2892 = LINE('',#2893,#2894);
#2893 = CARTESIAN_POINT('',(14.549226783579,0.));
#2894 = VECTOR('',#2895,1.);
#2895 = DIRECTION('',(0.,-1.));
#2896 = ( GEOMETRIC_REPRESENTATION_CONTEXT(2) 
PARAMETRIC_REPRESENTATION_CONTEXT() REPRESENTATION_CONTEXT('2D SPACE',''
  ) );
#2897 = ORIENTED_EDGE('',*,*,#1872,.T.);
#2898 = ORIENTED_EDGE('',*,*,#2899,.F.);
#2899 = EDGE_CURVE('',#716,#1875,#2900,.T.);
#2900 = SURFACE_CURVE('',#2901,(#2905,#2912),.PCURVE_S1.);
#2901 = LINE('',#2902,#2903);
#2902 = CARTESIAN_POINT('',(144.2,21.300386608211,0.));
#2903 = VECTOR('',#2904,1.);
#2904 = DIRECTION('',(0.,0.,1.));
#2905 = PCURVE('',#731,#2906);
#2906 = DEFINITIONAL_REPRESENTATION('',(#2907),#2911);
#2907 = LINE('',#2908,#2909);
#2908 = CARTESIAN_POINT('',(14.549226783579,0.));
#2909 = VECTOR('',#2910,1.);
#2910 = DIRECTION('',(0.,-1.));
#2911 = ( GEOMETRIC_REPRESENTATION_CONTEXT(2) 
PARAMETRIC_REPRESENTATION_CONTEXT() REPRESENTATION_CONTEXT('2D SPACE',''
  ) );
#2912 = PCURVE('',#869,#2913);
#2913 = DEFINITIONAL_REPRESENTATION('',(#2914),#2918);
#2914 = LINE('',#2915,#2916);
#2915 = CARTESIAN_POINT('',(0.,0.));
#2916 = VECTOR('',#2917,1.);
#2917 = DIRECTION('',(0.,-1.));
#2918 = ( GEOMETRIC_REPRESENTATION_CONTEXT(2) 
PARAMETRIC_REPRESENTATION_CONTEXT() REPRESENTATION_CONTEXT('2D SPACE',''
  ) );
#2919 = ADVANCED_FACE('',(#2920),#759,.T.);
#2920 = FACE_BOUND('',#2921,.T.);
#2921 = EDGE_LOOP('',(#2922,#2923,#2944,#2945));
#2922 = ORIENTED_EDGE('',*,*,#743,.F.);
#2923 = ORIENTED_EDGE('',*,*,#2924,.T.);
#2924 = EDGE_CURVE('',#744,#1898,#2925,.T.);
#2925 = SURFACE_CURVE('',#2926,(#2930,#2937),.PCURVE_S1.);
#2926 = LINE('',#2927,#2928);
#2927 = CARTESIAN_POINT('',(119.,21.300386608211,0.));
#2928 = VECTOR('',#2929,1.);
#2929 = DIRECTION('',(0.,0.,1.));
#2930 = PCURVE('',#759,#2931);
#2931 = DEFINITIONAL_REPRESENTATION('',(#2932),#2936);
#2932 = LINE('',#2933,#2934);
#2933 = CARTESIAN_POINT('',(0.,0.));
#2934 = VECTOR('',#2935,1.);
#2935 = DIRECTION('',(0.,-1.));
#2936 = ( GEOMETRIC_REPRESENTATION_CONTEXT(2) 
PARAMETRIC_REPRESENTATION_CONTEXT() REPRESENTATION_CONTEXT('2D SPACE',''
  ) );
#2937 = PCURVE('',#787,#2938);
#2938 = DEFINITIONAL_REPRESENTATION('',(#2939),#2943);
#2939 = LINE('',#2940,#2941);
#2940 = CARTESIAN_POINT('',(14.549226783578,0.));
#2941 = VECTOR('',#2942,1.);
#2942 = DIRECTION('',(0.,-1.));
#2943 = ( GEOMETRIC_REPRESENTATION_CONTEXT(2) 
PARAMETRIC_REPRESENTATION_CONTEXT() REPRESENTATION_CONTEXT('2D SPACE',''
  ) );
#2944 = ORIENTED_EDGE('',*,*,#1897,.T.);
#2945 = ORIENTED_EDGE('',*,*,#2877,.F.);
#2946 = ADVANCED_FACE('',(#2947),#869,.T.);
#2947 = FACE_BOUND('',#2948,.T.);
#2948 = EDGE_LOOP('',(#2949,#2950,#2951,#2952));
#2949 = ORIENTED_EDGE('',*,*,#855,.F.);
#2950 = ORIENTED_EDGE('',*,*,#2899,.T.);
#2951 = ORIENTED_EDGE('',*,*,#1989,.T.);
#2952 = ORIENTED_EDGE('',*,*,#2953,.F.);
#2953 = EDGE_CURVE('',#828,#1967,#2954,.T.);
#2954 = SURFACE_CURVE('',#2955,(#2959,#2966),.PCURVE_S1.);
#2955 = LINE('',#2956,#2957);
#2956 = CARTESIAN_POINT('',(144.2,35.849613391789,0.));
#2957 = VECTOR('',#2958,1.);
#2958 = DIRECTION('',(0.,0.,1.));
#2959 = PCURVE('',#869,#2960);
#2960 = DEFINITIONAL_REPRESENTATION('',(#2961),#2965);
#2961 = LINE('',#2962,#2963);
#2962 = CARTESIAN_POINT('',(14.549226783578,0.));
#2963 = VECTOR('',#2964,1.);
#2964 = DIRECTION('',(0.,-1.));
#2965 = ( GEOMETRIC_REPRESENTATION_CONTEXT(2) 
PARAMETRIC_REPRESENTATION_CONTEXT() REPRESENTATION_CONTEXT('2D SPACE',''
  ) );
#2966 = PCURVE('',#843,#2967);
#2967 = DEFINITIONAL_REPRESENTATION('',(#2968),#2972);
#2968 = LINE('',#2969,#2970);
#2969 = CARTESIAN_POINT('',(0.,0.));
#2970 = VECTOR('',#2971,1.);
#2971 = DIRECTION('',(0.,-1.));
#2972 = ( GEOMETRIC_REPRESENTATION_CONTEXT(2) 
PARAMETRIC_REPRESENTATION_CONTEXT() REPRESENTATION_CONTEXT('2D SPACE',''
  ) );
#2973 = ADVANCED_FACE('',(#2974),#787,.T.);
#2974 = FACE_BOUND('',#2975,.T.);
#2975 = EDGE_LOOP('',(#2976,#2977,#2998,#2999));
#2976 = ORIENTED_EDGE('',*,*,#771,.F.);
#2977 = ORIENTED_EDGE('',*,*,#2978,.T.);
#2978 = EDGE_CURVE('',#772,#1921,#2979,.T.);
#2979 = SURFACE_CURVE('',#2980,(#2984,#2991),.PCURVE_S1.);
#2980 = LINE('',#2981,#2982);
#2981 = CARTESIAN_POINT('',(119.,35.849613391789,0.));
#2982 = VECTOR('',#2983,1.);
#2983 = DIRECTION('',(0.,0.,1.));
#2984 = PCURVE('',#787,#2985);
#2985 = DEFINITIONAL_REPRESENTATION('',(#2986),#2990);
#2986 = LINE('',#2987,#2988);
#2987 = CARTESIAN_POINT('',(0.,0.));
#2988 = VECTOR('',#2989,1.);
#2989 = DIRECTION('',(0.,-1.));
#2990 = ( GEOMETRIC_REPRESENTATION_CONTEXT(2) 
PARAMETRIC_REPRESENTATION_CONTEXT() REPRESENTATION_CONTEXT('2D SPACE',''
  ) );
#2991 = PCURVE('',#815,#2992);
#2992 = DEFINITIONAL_REPRESENTATION('',(#2993),#2997);
#2993 = LINE('',#2994,#2995);
#2994 = CARTESIAN_POINT('',(14.549226783579,0.));
#2995 = VECTOR('',#2996,1.);
#2996 = DIRECTION('',(0.,-1.));
#2997 = ( GEOMETRIC_REPRESENTATION_CONTEXT(2) 
PARAMETRIC_REPRESENTATION_CONTEXT() REPRESENTATION_CONTEXT('2D SPACE',''
  ) );
#2998 = ORIENTED_EDGE('',*,*,#1920,.T.);
#2999 = ORIENTED_EDGE('',*,*,#2924,.F.);
#3000 = ADVANCED_FACE('',(#3001),#843,.T.);
#3001 = FACE_BOUND('',#3002,.T.);
#3002 = EDGE_LOOP('',(#3003,#3004,#3005,#3006));
#3003 = ORIENTED_EDGE('',*,*,#827,.F.);
#3004 = ORIENTED_EDGE('',*,*,#2953,.T.);
#3005 = ORIENTED_EDGE('',*,*,#1966,.T.);
#3006 = ORIENTED_EDGE('',*,*,#3007,.F.);
#3007 = EDGE_CURVE('',#800,#1944,#3008,.T.);
#3008 = SURFACE_CURVE('',#3009,(#3013,#3020),.PCURVE_S1.);
#3009 = LINE('',#3010,#3011);
#3010 = CARTESIAN_POINT('',(131.6,43.124226783579,0.));
#3011 = VECTOR('',#3012,1.);
#3012 = DIRECTION('',(0.,0.,1.));
#3013 = PCURVE('',#843,#3014);
#3014 = DEFINITIONAL_REPRESENTATION('',(#3015),#3019);
#3015 = LINE('',#3016,#3017);
#3016 = CARTESIAN_POINT('',(14.549226783579,-0.));
#3017 = VECTOR('',#3018,1.);
#3018 = DIRECTION('',(0.,-1.));
#3019 = ( GEOMETRIC_REPRESENTATION_CONTEXT(2) 
PARAMETRIC_REPRESENTATION_CONTEXT() REPRESENTATION_CONTEXT('2D SPACE',''
  ) );
#3020 = PCURVE('',#815,#3021);
#3021 = DEFINITIONAL_REPRESENTATION('',(#3022),#3026);
#3022 = LINE('',#3023,#3024);
#3023 = CARTESIAN_POINT('',(0.,0.));
#3024 = VECTOR('',#3025,1.);
#3025 = DIRECTION('',(0.,-1.));
#3026 = ( GEOMETRIC_REPRESENTATION_CONTEXT(2) 
PARAMETRIC_REPRESENTATION_CONTEXT() REPRESENTATION_CONTEXT('2D SPACE',''
  ) );
#3027 = ADVANCED_FACE('',(#3028),#815,.T.);
#3028 = FACE_BOUND('',#3029,.T.);
#3029 = EDGE_LOOP('',(#3030,#3031,#3032,#3033));
#3030 = ORIENTED_EDGE('',*,*,#799,.F.);
#3031 = ORIENTED_EDGE('',*,*,#3007,.T.);
#3032 = ORIENTED_EDGE('',*,*,#1943,.T.);
#3033 = ORIENTED_EDGE('',*,*,#2978,.F.);
#3034 = ADVANCED_FACE('',(#3035),#901,.T.);
#3035 = FACE_BOUND('',#3036,.T.);
#3036 = EDGE_LOOP('',(#3037,#3038,#3059,#3060));
#3037 = ORIENTED_EDGE('',*,*,#883,.F.);
#3038 = ORIENTED_EDGE('',*,*,#3039,.T.);
#3039 = EDGE_CURVE('',#884,#1733,#3040,.T.);
#3040 = SURFACE_CURVE('',#3041,(#3045,#3052),.PCURVE_S1.);
#3041 = LINE('',#3042,#3043);
#3042 = CARTESIAN_POINT('',(96.4,14.025773216421,0.));
#3043 = VECTOR('',#3044,1.);
#3044 = DIRECTION('',(0.,0.,1.));
#3045 = PCURVE('',#901,#3046);
#3046 = DEFINITIONAL_REPRESENTATION('',(#3047),#3051);
#3047 = LINE('',#3048,#3049);
#3048 = CARTESIAN_POINT('',(0.,0.));
#3049 = VECTOR('',#3050,1.);
#3050 = DIRECTION('',(0.,-1.));
#3051 = ( GEOMETRIC_REPRESENTATION_CONTEXT(2) 
PARAMETRIC_REPRESENTATION_CONTEXT() REPRESENTATION_CONTEXT('2D SPACE',''
  ) );
#3052 = PCURVE('',#929,#3053);
#3053 = DEFINITIONAL_REPRESENTATION('',(#3054),#3058);
#3054 = LINE('',#3055,#3056);
#3055 = CARTESIAN_POINT('',(14.549226783579,0.));
#3056 = VECTOR('',#3057,1.);
#3057 = DIRECTION('',(0.,-1.));
#3058 = ( GEOMETRIC_REPRESENTATION_CONTEXT(2) 
PARAMETRIC_REPRESENTATION_CONTEXT() REPRESENTATION_CONTEXT('2D SPACE',''
  ) );
#3059 = ORIENTED_EDGE('',*,*,#1732,.T.);
#3060 = ORIENTED_EDGE('',*,*,#3061,.F.);
#3061 = EDGE_CURVE('',#886,#1735,#3062,.T.);
#3062 = SURFACE_CURVE('',#3063,(#3067,#3074),.PCURVE_S1.);
#3063 = LINE('',#3064,#3065);
#3064 = CARTESIAN_POINT('',(109.,21.300386608211,0.));
#3065 = VECTOR('',#3066,1.);
#3066 = DIRECTION('',(0.,0.,1.));
#3067 = PCURVE('',#901,#3068);
#3068 = DEFINITIONAL_REPRESENTATION('',(#3069),#3073);
#3069 = LINE('',#3070,#3071);
#3070 = CARTESIAN_POINT('',(14.549226783579,0.));
#3071 = VECTOR('',#3072,1.);
#3072 = DIRECTION('',(0.,-1.));
#3073 = ( GEOMETRIC_REPRESENTATION_CONTEXT(2) 
PARAMETRIC_REPRESENTATION_CONTEXT() REPRESENTATION_CONTEXT('2D SPACE',''
  ) );
#3074 = PCURVE('',#1039,#3075);
#3075 = DEFINITIONAL_REPRESENTATION('',(#3076),#3080);
#3076 = LINE('',#3077,#3078);
#3077 = CARTESIAN_POINT('',(0.,0.));
#3078 = VECTOR('',#3079,1.);
#3079 = DIRECTION('',(0.,-1.));
#3080 = ( GEOMETRIC_REPRESENTATION_CONTEXT(2) 
PARAMETRIC_REPRESENTATION_CONTEXT() REPRESENTATION_CONTEXT('2D SPACE',''
  ) );
#3081 = ADVANCED_FACE('',(#3082),#929,.T.);
#3082 = FACE_BOUND('',#3083,.T.);
#3083 = EDGE_LOOP('',(#3084,#3085,#3106,#3107));
#3084 = ORIENTED_EDGE('',*,*,#913,.F.);
#3085 = ORIENTED_EDGE('',*,*,#3086,.T.);
#3086 = EDGE_CURVE('',#914,#1758,#3087,.T.);
#3087 = SURFACE_CURVE('',#3088,(#3092,#3099),.PCURVE_S1.);
#3088 = LINE('',#3089,#3090);
#3089 = CARTESIAN_POINT('',(83.8,21.300386608211,0.));
#3090 = VECTOR('',#3091,1.);
#3091 = DIRECTION('',(0.,0.,1.));
#3092 = PCURVE('',#929,#3093);
#3093 = DEFINITIONAL_REPRESENTATION('',(#3094),#3098);
#3094 = LINE('',#3095,#3096);
#3095 = CARTESIAN_POINT('',(0.,0.));
#3096 = VECTOR('',#3097,1.);
#3097 = DIRECTION('',(0.,-1.));
#3098 = ( GEOMETRIC_REPRESENTATION_CONTEXT(2) 
PARAMETRIC_REPRESENTATION_CONTEXT() REPRESENTATION_CONTEXT('2D SPACE',''
  ) );
#3099 = PCURVE('',#957,#3100);
#3100 = DEFINITIONAL_REPRESENTATION('',(#3101),#3105);
#3101 = LINE('',#3102,#3103);
#3102 = CARTESIAN_POINT('',(14.549226783578,0.));
#3103 = VECTOR('',#3104,1.);
#3104 = DIRECTION('',(0.,-1.));
#3105 = ( GEOMETRIC_REPRESENTATION_CONTEXT(2) 
PARAMETRIC_REPRESENTATION_CONTEXT() REPRESENTATION_CONTEXT('2D SPACE',''
  ) );
#3106 = ORIENTED_EDGE('',*,*,#1757,.T.);
#3107 = ORIENTED_EDGE('',*,*,#3039,.F.);
#3108 = ADVANCED_FACE('',(#3109),#1039,.T.);
#3109 = FACE_BOUND('',#3110,.T.);
#3110 = EDGE_LOOP('',(#3111,#3112,#3113,#3114));
#3111 = ORIENTED_EDGE('',*,*,#1025,.F.);
#3112 = ORIENTED_EDGE('',*,*,#3061,.T.);
#3113 = ORIENTED_EDGE('',*,*,#1849,.T.);
#3114 = ORIENTED_EDGE('',*,*,#3115,.F.);
#3115 = EDGE_CURVE('',#998,#1827,#3116,.T.);
#3116 = SURFACE_CURVE('',#3117,(#3121,#3128),.PCURVE_S1.);
#3117 = LINE('',#3118,#3119);
#3118 = CARTESIAN_POINT('',(109.,35.849613391789,0.));
#3119 = VECTOR('',#3120,1.);
#3120 = DIRECTION('',(0.,0.,1.));
#3121 = PCURVE('',#1039,#3122);
#3122 = DEFINITIONAL_REPRESENTATION('',(#3123),#3127);
#3123 = LINE('',#3124,#3125);
#3124 = CARTESIAN_POINT('',(14.549226783578,0.));
#3125 = VECTOR('',#3126,1.);
#3126 = DIRECTION('',(0.,-1.));
#3127 = ( GEOMETRIC_REPRESENTATION_CONTEXT(2) 
PARAMETRIC_REPRESENTATION_CONTEXT() REPRESENTATION_CONTEXT('2D SPACE',''
  ) );
#3128 = PCURVE('',#1013,#3129);
#3129 = DEFINITIONAL_REPRESENTATION('',(#3130),#3134);
#3130 = LINE('',#3131,#3132);
#3131 = CARTESIAN_POINT('',(0.,0.));
#3132 = VECTOR('',#3133,1.);
#3133 = DIRECTION('',(0.,-1.));
#3134 = ( GEOMETRIC_REPRESENTATION_CONTEXT(2) 
PARAMETRIC_REPRESENTATION_CONTEXT() REPRESENTATION_CONTEXT('2D SPACE',''
  ) );
#3135 = ADVANCED_FACE('',(#3136),#957,.T.);
#3136 = FACE_BOUND('',#3137,.T.);
#3137 = EDGE_LOOP('',(#3138,#3139,#3160,#3161));
#3138 = ORIENTED_EDGE('',*,*,#941,.F.);
#3139 = ORIENTED_EDGE('',*,*,#3140,.T.);
#3140 = EDGE_CURVE('',#942,#1781,#3141,.T.);
#3141 = SURFACE_CURVE('',#3142,(#3146,#3153),.PCURVE_S1.);
#3142 = LINE('',#3143,#3144);
#3143 = CARTESIAN_POINT('',(83.8,35.849613391789,0.));
#3144 = VECTOR('',#3145,1.);
#3145 = DIRECTION('',(0.,0.,1.));
#3146 = PCURVE('',#957,#3147);
#3147 = DEFINITIONAL_REPRESENTATION('',(#3148),#3152);
#3148 = LINE('',#3149,#3150);
#3149 = CARTESIAN_POINT('',(0.,0.));
#3150 = VECTOR('',#3151,1.);
#3151 = DIRECTION('',(0.,-1.));
#3152 = ( GEOMETRIC_REPRESENTATION_CONTEXT(2) 
PARAMETRIC_REPRESENTATION_CONTEXT() REPRESENTATION_CONTEXT('2D SPACE',''
  ) );
#3153 = PCURVE('',#985,#3154);
#3154 = DEFINITIONAL_REPRESENTATION('',(#3155),#3159);
#3155 = LINE('',#3156,#3157);
#3156 = CARTESIAN_POINT('',(14.549226783579,0.));
#3157 = VECTOR('',#3158,1.);
#3158 = DIRECTION('',(0.,-1.));
#3159 = ( GEOMETRIC_REPRESENTATION_CONTEXT(2) 
PARAMETRIC_REPRESENTATION_CONTEXT() REPRESENTATION_CONTEXT('2D SPACE',''
  ) );
#3160 = ORIENTED_EDGE('',*,*,#1780,.T.);
#3161 = ORIENTED_EDGE('',*,*,#3086,.F.);
#3162 = ADVANCED_FACE('',(#3163),#1013,.T.);
#3163 = FACE_BOUND('',#3164,.T.);
#3164 = EDGE_LOOP('',(#3165,#3166,#3167,#3168));
#3165 = ORIENTED_EDGE('',*,*,#997,.F.);
#3166 = ORIENTED_EDGE('',*,*,#3115,.T.);
#3167 = ORIENTED_EDGE('',*,*,#1826,.T.);
#3168 = ORIENTED_EDGE('',*,*,#3169,.F.);
#3169 = EDGE_CURVE('',#970,#1804,#3170,.T.);
#3170 = SURFACE_CURVE('',#3171,(#3175,#3182),.PCURVE_S1.);
#3171 = LINE('',#3172,#3173);
#3172 = CARTESIAN_POINT('',(96.4,43.124226783579,0.));
#3173 = VECTOR('',#3174,1.);
#3174 = DIRECTION('',(0.,0.,1.));
#3175 = PCURVE('',#1013,#3176);
#3176 = DEFINITIONAL_REPRESENTATION('',(#3177),#3181);
#3177 = LINE('',#3178,#3179);
#3178 = CARTESIAN_POINT('',(14.549226783579,-0.));
#3179 = VECTOR('',#3180,1.);
#3180 = DIRECTION('',(0.,-1.));
#3181 = ( GEOMETRIC_REPRESENTATION_CONTEXT(2) 
PARAMETRIC_REPRESENTATION_CONTEXT() REPRESENTATION_CONTEXT('2D SPACE',''
  ) );
#3182 = PCURVE('',#985,#3183);
#3183 = DEFINITIONAL_REPRESENTATION('',(#3184),#3188);
#3184 = LINE('',#3185,#3186);
#3185 = CARTESIAN_POINT('',(0.,0.));
#3186 = VECTOR('',#3187,1.);
#3187 = DIRECTION('',(0.,-1.));
#3188 = ( GEOMETRIC_REPRESENTATION_CONTEXT(2) 
PARAMETRIC_REPRESENTATION_CONTEXT() REPRESENTATION_CONTEXT('2D SPACE',''
  ) );
#3189 = ADVANCED_FACE('',(#3190),#985,.T.);
#3190 = FACE_BOUND('',#3191,.T.);
#3191 = EDGE_LOOP('',(#3192,#3193,#3194,#3195));
#3192 = ORIENTED_EDGE('',*,*,#969,.F.);
#3193 = ORIENTED_EDGE('',*,*,#3169,.T.);
#3194 = ORIENTED_EDGE('',*,*,#1803,.T.);
#3195 = ORIENTED_EDGE('',*,*,#3140,.F.);
#3196 = ADVANCED_FACE('',(#3197),#1071,.T.);
#3197 = FACE_BOUND('',#3198,.T.);
#3198 = EDGE_LOOP('',(#3199,#3200,#3221,#3222));
#3199 = ORIENTED_EDGE('',*,*,#1053,.F.);
#3200 = ORIENTED_EDGE('',*,*,#3201,.T.);
#3201 = EDGE_CURVE('',#1054,#2013,#3202,.T.);
#3202 = SURFACE_CURVE('',#3203,(#3207,#3214),.PCURVE_S1.);
#3203 = LINE('',#3204,#3205);
#3204 = CARTESIAN_POINT('',(166.8,14.025773216421,0.));
#3205 = VECTOR('',#3206,1.);
#3206 = DIRECTION('',(0.,0.,1.));
#3207 = PCURVE('',#1071,#3208);
#3208 = DEFINITIONAL_REPRESENTATION('',(#3209),#3213);
#3209 = LINE('',#3210,#3211);
#3210 = CARTESIAN_POINT('',(0.,0.));
#3211 = VECTOR('',#3212,1.);
#3212 = DIRECTION('',(0.,-1.));
#3213 = ( GEOMETRIC_REPRESENTATION_CONTEXT(2) 
PARAMETRIC_REPRESENTATION_CONTEXT() REPRESENTATION_CONTEXT('2D SPACE',''
  ) );
#3214 = PCURVE('',#1099,#3215);
#3215 = DEFINITIONAL_REPRESENTATION('',(#3216),#3220);
#3216 = LINE('',#3217,#3218);
#3217 = CARTESIAN_POINT('',(14.549226783579,0.));
#3218 = VECTOR('',#3219,1.);
#3219 = DIRECTION('',(0.,-1.));
#3220 = ( GEOMETRIC_REPRESENTATION_CONTEXT(2) 
PARAMETRIC_REPRESENTATION_CONTEXT() REPRESENTATION_CONTEXT('2D SPACE',''
  ) );
#3221 = ORIENTED_EDGE('',*,*,#2012,.T.);
#3222 = ORIENTED_EDGE('',*,*,#3223,.F.);
#3223 = EDGE_CURVE('',#1056,#2015,#3224,.T.);
#3224 = SURFACE_CURVE('',#3225,(#3229,#3236),.PCURVE_S1.);
#3225 = LINE('',#3226,#3227);
#3226 = CARTESIAN_POINT('',(179.4,21.300386608211,0.));
#3227 = VECTOR('',#3228,1.);
#3228 = DIRECTION('',(0.,0.,1.));
#3229 = PCURVE('',#1071,#3230);
#3230 = DEFINITIONAL_REPRESENTATION('',(#3231),#3235);
#3231 = LINE('',#3232,#3233);
#3232 = CARTESIAN_POINT('',(14.549226783579,0.));
#3233 = VECTOR('',#3234,1.);
#3234 = DIRECTION('',(0.,-1.));
#3235 = ( GEOMETRIC_REPRESENTATION_CONTEXT(2) 
PARAMETRIC_REPRESENTATION_CONTEXT() REPRESENTATION_CONTEXT('2D SPACE',''
  ) );
#3236 = PCURVE('',#1209,#3237);
#3237 = DEFINITIONAL_REPRESENTATION('',(#3238),#3242);
#3238 = LINE('',#3239,#3240);
#3239 = CARTESIAN_POINT('',(0.,0.));
#3240 = VECTOR('',#3241,1.);
#3241 = DIRECTION('',(0.,-1.));
#3242 = ( GEOMETRIC_REPRESENTATION_CONTEXT(2) 
PARAMETRIC_REPRESENTATION_CONTEXT() REPRESENTATION_CONTEXT('2D SPACE',''
  ) );
#3243 = ADVANCED_FACE('',(#3244),#1099,.T.);
#3244 = FACE_BOUND('',#3245,.T.);
#3245 = EDGE_LOOP('',(#3246,#3247,#3268,#3269));
#3246 = ORIENTED_EDGE('',*,*,#1083,.F.);
#3247 = ORIENTED_EDGE('',*,*,#3248,.T.);
#3248 = EDGE_CURVE('',#1084,#2038,#3249,.T.);
#3249 = SURFACE_CURVE('',#3250,(#3254,#3261),.PCURVE_S1.);
#3250 = LINE('',#3251,#3252);
#3251 = CARTESIAN_POINT('',(154.2,21.300386608211,0.));
#3252 = VECTOR('',#3253,1.);
#3253 = DIRECTION('',(0.,0.,1.));
#3254 = PCURVE('',#1099,#3255);
#3255 = DEFINITIONAL_REPRESENTATION('',(#3256),#3260);
#3256 = LINE('',#3257,#3258);
#3257 = CARTESIAN_POINT('',(0.,0.));
#3258 = VECTOR('',#3259,1.);
#3259 = DIRECTION('',(0.,-1.));
#3260 = ( GEOMETRIC_REPRESENTATION_CONTEXT(2) 
PARAMETRIC_REPRESENTATION_CONTEXT() REPRESENTATION_CONTEXT('2D SPACE',''
  ) );
#3261 = PCURVE('',#1127,#3262);
#3262 = DEFINITIONAL_REPRESENTATION('',(#3263),#3267);
#3263 = LINE('',#3264,#3265);
#3264 = CARTESIAN_POINT('',(14.549226783578,0.));
#3265 = VECTOR('',#3266,1.);
#3266 = DIRECTION('',(0.,-1.));
#3267 = ( GEOMETRIC_REPRESENTATION_CONTEXT(2) 
PARAMETRIC_REPRESENTATION_CONTEXT() REPRESENTATION_CONTEXT('2D SPACE',''
  ) );
#3268 = ORIENTED_EDGE('',*,*,#2037,.T.);
#3269 = ORIENTED_EDGE('',*,*,#3201,.F.);
#3270 = ADVANCED_FACE('',(#3271),#1209,.T.);
#3271 = FACE_BOUND('',#3272,.T.);
#3272 = EDGE_LOOP('',(#3273,#3274,#3275,#3276));
#3273 = ORIENTED_EDGE('',*,*,#1195,.F.);
#3274 = ORIENTED_EDGE('',*,*,#3223,.T.);
#3275 = ORIENTED_EDGE('',*,*,#2129,.T.);
#3276 = ORIENTED_EDGE('',*,*,#3277,.F.);
#3277 = EDGE_CURVE('',#1168,#2107,#3278,.T.);
#3278 = SURFACE_CURVE('',#3279,(#3283,#3290),.PCURVE_S1.);
#3279 = LINE('',#3280,#3281);
#3280 = CARTESIAN_POINT('',(179.4,35.849613391789,0.));
#3281 = VECTOR('',#3282,1.);
#3282 = DIRECTION('',(0.,0.,1.));
#3283 = PCURVE('',#1209,#3284);
#3284 = DEFINITIONAL_REPRESENTATION('',(#3285),#3289);
#3285 = LINE('',#3286,#3287);
#3286 = CARTESIAN_POINT('',(14.549226783578,0.));
#3287 = VECTOR('',#3288,1.);
#3288 = DIRECTION('',(0.,-1.));
#3289 = ( GEOMETRIC_REPRESENTATION_CONTEXT(2) 
PARAMETRIC_REPRESENTATION_CONTEXT() REPRESENTATION_CONTEXT('2D SPACE',''
  ) );
#3290 = PCURVE('',#1183,#3291);
#3291 = DEFINITIONAL_REPRESENTATION('',(#3292),#3296);
#3292 = LINE('',#3293,#3294);
#3293 = CARTESIAN_POINT('',(0.,0.));
#3294 = VECTOR('',#3295,1.);
#3295 = DIRECTION('',(0.,-1.));
#3296 = ( GEOMETRIC_REPRESENTATION_CONTEXT(2) 
PARAMETRIC_REPRESENTATION_CONTEXT() REPRESENTATION_CONTEXT('2D SPACE',''
  ) );
#3297 = ADVANCED_FACE('',(#3298),#1127,.T.);
#3298 = FACE_BOUND('',#3299,.T.);
#3299 = EDGE_LOOP('',(#3300,#3301,#3322,#3323));
#3300 = ORIENTED_EDGE('',*,*,#1111,.F.);
#3301 = ORIENTED_EDGE('',*,*,#3302,.T.);
#3302 = EDGE_CURVE('',#1112,#2061,#3303,.T.);
#3303 = SURFACE_CURVE('',#3304,(#3308,#3315),.PCURVE_S1.);
#3304 = LINE('',#3305,#3306);
#3305 = CARTESIAN_POINT('',(154.2,35.849613391789,0.));
#3306 = VECTOR('',#3307,1.);
#3307 = DIRECTION('',(0.,0.,1.));
#3308 = PCURVE('',#1127,#3309);
#3309 = DEFINITIONAL_REPRESENTATION('',(#3310),#3314);
#3310 = LINE('',#3311,#3312);
#3311 = CARTESIAN_POINT('',(0.,0.));
#3312 = VECTOR('',#3313,1.);
#3313 = DIRECTION('',(0.,-1.));
#3314 = ( GEOMETRIC_REPRESENTATION_CONTEXT(2) 
PARAMETRIC_REPRESENTATION_CONTEXT() REPRESENTATION_CONTEXT('2D SPACE',''
  ) );
#3315 = PCURVE('',#1155,#3316);
#3316 = DEFINITIONAL_REPRESENTATION('',(#3317),#3321);
#3317 = LINE('',#3318,#3319);
#3318 = CARTESIAN_POINT('',(14.549226783579,0.));
#3319 = VECTOR('',#3320,1.);
#3320 = DIRECTION('',(0.,-1.));
#3321 = ( GEOMETRIC_REPRESENTATION_CONTEXT(2) 
PARAMETRIC_REPRESENTATION_CONTEXT() REPRESENTATION_CONTEXT('2D SPACE',''
  ) );
#3322 = ORIENTED_EDGE('',*,*,#2060,.T.);
#3323 = ORIENTED_EDGE('',*,*,#3248,.F.);
#3324 = ADVANCED_FACE('',(#3325),#1183,.T.);
#3325 = FACE_BOUND('',#3326,.T.);
#3326 = EDGE_LOOP('',(#3327,#3328,#3329,#3330));
#3327 = ORIENTED_EDGE('',*,*,#1167,.F.);
#3328 = ORIENTED_EDGE('',*,*,#3277,.T.);
#3329 = ORIENTED_EDGE('',*,*,#2106,.T.);
#3330 = ORIENTED_EDGE('',*,*,#3331,.F.);
#3331 = EDGE_CURVE('',#1140,#2084,#3332,.T.);
#3332 = SURFACE_CURVE('',#3333,(#3337,#3344),.PCURVE_S1.);
#3333 = LINE('',#3334,#3335);
#3334 = CARTESIAN_POINT('',(166.8,43.124226783579,0.));
#3335 = VECTOR('',#3336,1.);
#3336 = DIRECTION('',(0.,0.,1.));
#3337 = PCURVE('',#1183,#3338);
#3338 = DEFINITIONAL_REPRESENTATION('',(#3339),#3343);
#3339 = LINE('',#3340,#3341);
#3340 = CARTESIAN_POINT('',(14.549226783579,-0.));
#3341 = VECTOR('',#3342,1.);
#3342 = DIRECTION('',(0.,-1.));
#3343 = ( GEOMETRIC_REPRESENTATION_CONTEXT(2) 
PARAMETRIC_REPRESENTATION_CONTEXT() REPRESENTATION_CONTEXT('2D SPACE',''
  ) );
#3344 = PCURVE('',#1155,#3345);
#3345 = DEFINITIONAL_REPRESENTATION('',(#3346),#3350);
#3346 = LINE('',#3347,#3348);
#3347 = CARTESIAN_POINT('',(0.,0.));
#3348 = VECTOR('',#3349,1.);
#3349 = DIRECTION('',(0.,-1.));
#3350 = ( GEOMETRIC_REPRESENTATION_CONTEXT(2) 
PARAMETRIC_REPRESENTATION_CONTEXT() REPRESENTATION_CONTEXT('2D SPACE',''
  ) );
#3351 = ADVANCED_FACE('',(#3352),#1155,.T.);
#3352 = FACE_BOUND('',#3353,.T.);
#3353 = EDGE_LOOP('',(#3354,#3355,#3356,#3357));
#3354 = ORIENTED_EDGE('',*,*,#1139,.F.);
#3355 = ORIENTED_EDGE('',*,*,#3331,.T.);
#3356 = ORIENTED_EDGE('',*,*,#2083,.T.);
#3357 = ORIENTED_EDGE('',*,*,#3302,.F.);
#3358 = ADVANCED_FACE('',(#3359),#1530,.T.);
#3359 = FACE_BOUND('',#3360,.T.);
#3360 = EDGE_LOOP('',(#3361,#3390,#3411,#3412));
#3361 = ORIENTED_EDGE('',*,*,#3362,.T.);
#3362 = EDGE_CURVE('',#1462,#3363,#3365,.T.);
#3363 = VERTEX_POINT('',#3364);
#3364 = CARTESIAN_POINT('',(237.32533987765,54.736196831542,
    12.390932844992));
#3365 = SURFACE_CURVE('',#3366,(#3370,#3384),.PCURVE_S1.);
#3366 = ( BOUNDED_CURVE() B_SPLINE_CURVE(2,(#3367,#3368,#3369),
.UNSPECIFIED.,.F.,.F.) B_SPLINE_CURVE_WITH_KNOTS((3,3),(0.,2.09465904264
),.PIECEWISE_BEZIER_KNOTS.) CURVE() GEOMETRIC_REPRESENTATION_ITEM() 
RATIONAL_B_SPLINE_CURVE((1.,0.696339051747,1.)) REPRESENTATION_ITEM('') 
  );
#3367 = CARTESIAN_POINT('',(237.47533988805,54.995846178893,12.7));
#3368 = CARTESIAN_POINT('',(237.32066500725,54.728104651781,12.7));
#3369 = CARTESIAN_POINT('',(237.32533987765,54.736196831542,
    12.390932844992));
#3370 = PCURVE('',#1530,#3371);
#3371 = DEFINITIONAL_REPRESENTATION('',(#3372),#3383);
#3372 = B_SPLINE_CURVE_WITH_KNOTS('',9,(#3373,#3374,#3375,#3376,#3377,
    #3378,#3379,#3380,#3381,#3382),.UNSPECIFIED.,.F.,.F.,(10,10),(0.,
    2.09465904264),.PIECEWISE_BEZIER_KNOTS.);
#3373 = CARTESIAN_POINT('',(-1.110223024625E-16,0.341064079413));
#3374 = CARTESIAN_POINT('',(0.159491773852,0.341064079413));
#3375 = CARTESIAN_POINT('',(0.331090311857,0.341064079413));
#3376 = CARTESIAN_POINT('',(0.513447523062,0.341064079413));
#3377 = CARTESIAN_POINT('',(0.703690953959,0.341064079413));
#3378 = CARTESIAN_POINT('',(0.897333826239,0.341064079413));
#3379 = CARTESIAN_POINT('',(1.087577257137,0.341064079413));
#3380 = CARTESIAN_POINT('',(1.269934468341,0.341064079413));
#3381 = CARTESIAN_POINT('',(1.441533006346,0.341064079413));
#3382 = CARTESIAN_POINT('',(1.601024780199,0.341064079413));
#3383 = ( GEOMETRIC_REPRESENTATION_CONTEXT(2) 
PARAMETRIC_REPRESENTATION_CONTEXT() REPRESENTATION_CONTEXT('2D SPACE',''
  ) );
#3384 = PCURVE('',#1485,#3385);
#3385 = DEFINITIONAL_REPRESENTATION('',(#3386),#3389);
#3386 = B_SPLINE_CURVE_WITH_KNOTS('',1,(#3387,#3388),.UNSPECIFIED.,.F.,
  .F.,(2,2),(0.,2.09465904264),.PIECEWISE_BEZIER_KNOTS.);
#3387 = CARTESIAN_POINT('',(0.,0.));
#3388 = CARTESIAN_POINT('',(2.09465904264,0.));
#3389 = ( GEOMETRIC_REPRESENTATION_CONTEXT(2) 
PARAMETRIC_REPRESENTATION_CONTEXT() REPRESENTATION_CONTEXT('2D SPACE',''
  ) );
#3390 = ORIENTED_EDGE('',*,*,#3391,.T.);
#3391 = EDGE_CURVE('',#3363,#2211,#3392,.T.);
#3392 = SURFACE_CURVE('',#3393,(#3397,#3404),.PCURVE_S1.);
#3393 = LINE('',#3394,#3395);
#3394 = CARTESIAN_POINT('',(237.03001474112,54.90680682538,
    12.390932844992));
#3395 = VECTOR('',#3396,1.);
#3396 = DIRECTION('',(0.865893403497,-0.50022856154,0.));
#3397 = PCURVE('',#1530,#3398);
#3398 = DEFINITIONAL_REPRESENTATION('',(#3399),#3403);
#3399 = LINE('',#3400,#3401);
#3400 = CARTESIAN_POINT('',(1.601024780199,0.));
#3401 = VECTOR('',#3402,1.);
#3402 = DIRECTION('',(0.,1.));
#3403 = ( GEOMETRIC_REPRESENTATION_CONTEXT(2) 
PARAMETRIC_REPRESENTATION_CONTEXT() REPRESENTATION_CONTEXT('2D SPACE',''
  ) );
#3404 = PCURVE('',#2267,#3405);
#3405 = DEFINITIONAL_REPRESENTATION('',(#3406),#3410);
#3406 = LINE('',#3407,#3408);
#3407 = CARTESIAN_POINT('',(7.222542065567,-6.04369387577));
#3408 = VECTOR('',#3409,1.);
#3409 = DIRECTION('',(-1.,-1.605268984088E-18));
#3410 = ( GEOMETRIC_REPRESENTATION_CONTEXT(2) 
PARAMETRIC_REPRESENTATION_CONTEXT() REPRESENTATION_CONTEXT('2D SPACE',''
  ) );
#3411 = ORIENTED_EDGE('',*,*,#2210,.T.);
#3412 = ORIENTED_EDGE('',*,*,#1514,.F.);
#3413 = ADVANCED_FACE('',(#3414),#1485,.F.);
#3414 = FACE_BOUND('',#3415,.F.);
#3415 = EDGE_LOOP('',(#3416,#3417,#3448,#3475));
#3416 = ORIENTED_EDGE('',*,*,#3362,.T.);
#3417 = ORIENTED_EDGE('',*,*,#3418,.T.);
#3418 = EDGE_CURVE('',#3363,#3419,#3421,.T.);
#3419 = VERTEX_POINT('',#3420);
#3420 = CARTESIAN_POINT('',(237.02533987072,54.562569546591,12.4));
#3421 = SURFACE_CURVE('',#3422,(#3430,#3437),.PCURVE_S1.);
#3422 = B_SPLINE_CURVE_WITH_KNOTS('',6,(#3423,#3424,#3425,#3426,#3427,
    #3428,#3429),.UNSPECIFIED.,.F.,.F.,(7,7),(0.,2.09465904264),
  .PIECEWISE_BEZIER_KNOTS.);
#3423 = CARTESIAN_POINT('',(237.32533987765,54.736196831542,
    12.390932844992));
#3424 = CARTESIAN_POINT('',(237.26475258189,54.77126219448,
    12.38910166344));
#3425 = CARTESIAN_POINT('',(237.18945730715,54.780934664436,
    12.388596555463));
#3426 = CARTESIAN_POINT('',(237.11243568023,54.756953300896,
    12.389848789175));
#3427 = CARTESIAN_POINT('',(237.05434207072,54.701936318067,
    12.392722005996));
#3428 = CARTESIAN_POINT('',(237.02533987072,54.632285083288,
    12.396359318883));
#3429 = CARTESIAN_POINT('',(237.02533987072,54.562569546591,12.4));
#3430 = PCURVE('',#1485,#3431);
#3431 = DEFINITIONAL_REPRESENTATION('',(#3432),#3436);
#3432 = LINE('',#3433,#3434);
#3433 = CARTESIAN_POINT('',(2.09465904264,0.));
#3434 = VECTOR('',#3435,1.);
#3435 = DIRECTION('',(0.,1.));
#3436 = ( GEOMETRIC_REPRESENTATION_CONTEXT(2) 
PARAMETRIC_REPRESENTATION_CONTEXT() REPRESENTATION_CONTEXT('2D SPACE',''
  ) );
#3437 = PCURVE('',#2388,#3438);
#3438 = DEFINITIONAL_REPRESENTATION('',(#3439),#3447);
#3439 = B_SPLINE_CURVE_WITH_KNOTS('',6,(#3440,#3441,#3442,#3443,#3444,
    #3445,#3446),.UNSPECIFIED.,.F.,.F.,(7,7),(0.,2.09465904264),
  .PIECEWISE_BEZIER_KNOTS.);
#3440 = CARTESIAN_POINT('',(-3.930189507173E-14,12.404534122864));
#3441 = CARTESIAN_POINT('',(0.349800923269,12.4014802933));
#3442 = CARTESIAN_POINT('',(0.700052274803,12.40063955311));
#3443 = CARTESIAN_POINT('',(1.050263533704,12.402723412734));
#3444 = CARTESIAN_POINT('',(1.398976476146,12.407519441491));
#3445 = CARTESIAN_POINT('',(1.746665092741,12.413583758809));
#3446 = CARTESIAN_POINT('',(2.094395142425,12.419655259264));
#3447 = ( GEOMETRIC_REPRESENTATION_CONTEXT(2) 
PARAMETRIC_REPRESENTATION_CONTEXT() REPRESENTATION_CONTEXT('2D SPACE',''
  ) );
#3448 = ORIENTED_EDGE('',*,*,#3449,.F.);
#3449 = EDGE_CURVE('',#1434,#3419,#3450,.T.);
#3450 = SURFACE_CURVE('',#3451,(#3455,#3461),.PCURVE_S1.);
#3451 = ( BOUNDED_CURVE() B_SPLINE_CURVE(2,(#3452,#3453,#3454),
.UNSPECIFIED.,.F.,.F.) B_SPLINE_CURVE_WITH_KNOTS((3,3),(0.,2.09465904264
),.PIECEWISE_BEZIER_KNOTS.) CURVE() GEOMETRIC_REPRESENTATION_ITEM() 
RATIONAL_B_SPLINE_CURVE((1.,0.707106781187,1.)) REPRESENTATION_ITEM('') 
  );
#3452 = CARTESIAN_POINT('',(236.72533987072,54.562569546591,12.7));
#3453 = CARTESIAN_POINT('',(237.02533987072,54.562569546591,12.7));
#3454 = CARTESIAN_POINT('',(237.02533987072,54.562569546591,12.4));
#3455 = PCURVE('',#1485,#3456);
#3456 = DEFINITIONAL_REPRESENTATION('',(#3457),#3460);
#3457 = B_SPLINE_CURVE_WITH_KNOTS('',1,(#3458,#3459),.UNSPECIFIED.,.F.,
  .F.,(2,2),(0.,2.09465904264),.PIECEWISE_BEZIER_KNOTS.);
#3458 = CARTESIAN_POINT('',(0.,2.09465904264));
#3459 = CARTESIAN_POINT('',(2.09465904264,2.09465904264));
#3460 = ( GEOMETRIC_REPRESENTATION_CONTEXT(2) 
PARAMETRIC_REPRESENTATION_CONTEXT() REPRESENTATION_CONTEXT('2D SPACE',''
  ) );
#3461 = PCURVE('',#1449,#3462);
#3462 = DEFINITIONAL_REPRESENTATION('',(#3463),#3474);
#3463 = B_SPLINE_CURVE_WITH_KNOTS('',9,(#3464,#3465,#3466,#3467,#3468,
    #3469,#3470,#3471,#3472,#3473),.UNSPECIFIED.,.F.,.F.,(10,10),(0.,
    2.09465904264),.PIECEWISE_BEZIER_KNOTS.);
#3464 = CARTESIAN_POINT('',(0.,52.31128419221));
#3465 = CARTESIAN_POINT('',(0.157134840264,52.31128419221));
#3466 = CARTESIAN_POINT('',(0.325774716821,52.311284192211));
#3467 = CARTESIAN_POINT('',(0.504566386871,52.311284192208));
#3468 = CARTESIAN_POINT('',(0.690744851611,52.311284192212));
#3469 = CARTESIAN_POINT('',(0.880051475184,52.311284192209));
#3470 = CARTESIAN_POINT('',(1.066229939925,52.31128419221));
#3471 = CARTESIAN_POINT('',(1.245021609974,52.31128419221));
#3472 = CARTESIAN_POINT('',(1.413661486531,52.31128419221));
#3473 = CARTESIAN_POINT('',(1.570796326795,52.31128419221));
#3474 = ( GEOMETRIC_REPRESENTATION_CONTEXT(2) 
PARAMETRIC_REPRESENTATION_CONTEXT() REPRESENTATION_CONTEXT('2D SPACE',''
  ) );
#3475 = ORIENTED_EDGE('',*,*,#1461,.F.);
#3476 = ADVANCED_FACE('',(#3477),#1449,.T.);
#3477 = FACE_BOUND('',#3478,.T.);
#3478 = EDGE_LOOP('',(#3479,#3508,#3529,#3530));
#3479 = ORIENTED_EDGE('',*,*,#3480,.T.);
#3480 = EDGE_CURVE('',#1381,#3481,#3483,.T.);
#3481 = VERTEX_POINT('',#3482);
#3482 = CARTESIAN_POINT('',(237.02533987072,2.587430453409,12.4));
#3483 = SURFACE_CURVE('',#3484,(#3488,#3502),.PCURVE_S1.);
#3484 = ( BOUNDED_CURVE() B_SPLINE_CURVE(2,(#3485,#3486,#3487),
.UNSPECIFIED.,.F.,.F.) B_SPLINE_CURVE_WITH_KNOTS((3,3),(0.,2.09465904264
),.PIECEWISE_BEZIER_KNOTS.) CURVE() GEOMETRIC_REPRESENTATION_ITEM() 
RATIONAL_B_SPLINE_CURVE((1.,0.707106781187,1.)) REPRESENTATION_ITEM('') 
  );
#3485 = CARTESIAN_POINT('',(236.72533987072,2.587430453409,12.7));
#3486 = CARTESIAN_POINT('',(237.02533987072,2.587430453409,12.7));
#3487 = CARTESIAN_POINT('',(237.02533987072,2.587430453409,12.4));
#3488 = PCURVE('',#1449,#3489);
#3489 = DEFINITIONAL_REPRESENTATION('',(#3490),#3501);
#3490 = B_SPLINE_CURVE_WITH_KNOTS('',9,(#3491,#3492,#3493,#3494,#3495,
    #3496,#3497,#3498,#3499,#3500),.UNSPECIFIED.,.F.,.F.,(10,10),(0.,
    2.09465904264),.PIECEWISE_BEZIER_KNOTS.);
#3491 = CARTESIAN_POINT('',(-2.22044604925E-16,0.336145099028));
#3492 = CARTESIAN_POINT('',(0.157134840264,0.336145099028));
#3493 = CARTESIAN_POINT('',(0.325774716821,0.336145099028));
#3494 = CARTESIAN_POINT('',(0.504566386871,0.336145099028));
#3495 = CARTESIAN_POINT('',(0.690744851609,0.336145099028));
#3496 = CARTESIAN_POINT('',(0.880051475186,0.336145099028));
#3497 = CARTESIAN_POINT('',(1.066229939923,0.336145099028));
#3498 = CARTESIAN_POINT('',(1.245021609974,0.336145099028));
#3499 = CARTESIAN_POINT('',(1.413661486531,0.336145099028));
#3500 = CARTESIAN_POINT('',(1.570796326795,0.336145099028));
#3501 = ( GEOMETRIC_REPRESENTATION_CONTEXT(2) 
PARAMETRIC_REPRESENTATION_CONTEXT() REPRESENTATION_CONTEXT('2D SPACE',''
  ) );
#3502 = PCURVE('',#1404,#3503);
#3503 = DEFINITIONAL_REPRESENTATION('',(#3504),#3507);
#3504 = B_SPLINE_CURVE_WITH_KNOTS('',1,(#3505,#3506),.UNSPECIFIED.,.F.,
  .F.,(2,2),(0.,2.09465904264),.PIECEWISE_BEZIER_KNOTS.);
#3505 = CARTESIAN_POINT('',(0.,0.));
#3506 = CARTESIAN_POINT('',(2.09465904264,0.));
#3507 = ( GEOMETRIC_REPRESENTATION_CONTEXT(2) 
PARAMETRIC_REPRESENTATION_CONTEXT() REPRESENTATION_CONTEXT('2D SPACE',''
  ) );
#3508 = ORIENTED_EDGE('',*,*,#3509,.T.);
#3509 = EDGE_CURVE('',#3481,#3419,#3510,.T.);
#3510 = SURFACE_CURVE('',#3511,(#3515,#3522),.PCURVE_S1.);
#3511 = LINE('',#3512,#3513);
#3512 = CARTESIAN_POINT('',(237.02533987072,2.251285354381,12.4));
#3513 = VECTOR('',#3514,1.);
#3514 = DIRECTION('',(0.,1.,0.));
#3515 = PCURVE('',#1449,#3516);
#3516 = DEFINITIONAL_REPRESENTATION('',(#3517),#3521);
#3517 = LINE('',#3518,#3519);
#3518 = CARTESIAN_POINT('',(1.570796326795,0.));
#3519 = VECTOR('',#3520,1.);
#3520 = DIRECTION('',(0.,1.));
#3521 = ( GEOMETRIC_REPRESENTATION_CONTEXT(2) 
PARAMETRIC_REPRESENTATION_CONTEXT() REPRESENTATION_CONTEXT('2D SPACE',''
  ) );
#3522 = PCURVE('',#2453,#3523);
#3523 = DEFINITIONAL_REPRESENTATION('',(#3524),#3528);
#3524 = LINE('',#3525,#3526);
#3525 = CARTESIAN_POINT('',(6.105649277734,26.323714645619));
#3526 = VECTOR('',#3527,1.);
#3527 = DIRECTION('',(0.,-1.));
#3528 = ( GEOMETRIC_REPRESENTATION_CONTEXT(2) 
PARAMETRIC_REPRESENTATION_CONTEXT() REPRESENTATION_CONTEXT('2D SPACE',''
  ) );
#3529 = ORIENTED_EDGE('',*,*,#3449,.F.);
#3530 = ORIENTED_EDGE('',*,*,#1433,.F.);
#3531 = ADVANCED_FACE('',(#3532),#1404,.F.);
#3532 = FACE_BOUND('',#3533,.F.);
#3533 = EDGE_LOOP('',(#3534,#3535,#3566,#3593));
#3534 = ORIENTED_EDGE('',*,*,#3480,.T.);
#3535 = ORIENTED_EDGE('',*,*,#3536,.T.);
#3536 = EDGE_CURVE('',#3481,#3537,#3539,.T.);
#3537 = VERTEX_POINT('',#3538);
#3538 = CARTESIAN_POINT('',(237.32533987765,2.413803168458,
    12.390932844992));
#3539 = SURFACE_CURVE('',#3540,(#3548,#3555),.PCURVE_S1.);
#3540 = B_SPLINE_CURVE_WITH_KNOTS('',6,(#3541,#3542,#3543,#3544,#3545,
    #3546,#3547),.UNSPECIFIED.,.F.,.F.,(7,7),(0.,2.09465904264),
  .PIECEWISE_BEZIER_KNOTS.);
#3541 = CARTESIAN_POINT('',(237.02533987072,2.587430453409,12.4));
#3542 = CARTESIAN_POINT('',(237.02533987072,2.517714916712,
    12.396359318883));
#3543 = CARTESIAN_POINT('',(237.05434207072,2.448063681933,
    12.392722005996));
#3544 = CARTESIAN_POINT('',(237.11243568023,2.393046699104,
    12.389848789175));
#3545 = CARTESIAN_POINT('',(237.18945730715,2.369065335564,
    12.388596555463));
#3546 = CARTESIAN_POINT('',(237.26475258189,2.37873780552,12.38910166344
    ));
#3547 = CARTESIAN_POINT('',(237.32533987765,2.413803168458,
    12.390932844992));
#3548 = PCURVE('',#1404,#3549);
#3549 = DEFINITIONAL_REPRESENTATION('',(#3550),#3554);
#3550 = LINE('',#3551,#3552);
#3551 = CARTESIAN_POINT('',(2.09465904264,0.));
#3552 = VECTOR('',#3553,1.);
#3553 = DIRECTION('',(0.,1.));
#3554 = ( GEOMETRIC_REPRESENTATION_CONTEXT(2) 
PARAMETRIC_REPRESENTATION_CONTEXT() REPRESENTATION_CONTEXT('2D SPACE',''
  ) );
#3555 = PCURVE('',#2516,#3556);
#3556 = DEFINITIONAL_REPRESENTATION('',(#3557),#3565);
#3557 = B_SPLINE_CURVE_WITH_KNOTS('',6,(#3558,#3559,#3560,#3561,#3562,
    #3563,#3564),.UNSPECIFIED.,.F.,.F.,(7,7),(0.,2.09465904264),
  .PIECEWISE_BEZIER_KNOTS.);
#3558 = CARTESIAN_POINT('',(-2.22044604925E-16,12.419655259264));
#3559 = CARTESIAN_POINT('',(0.347730049684,12.413583758809));
#3560 = CARTESIAN_POINT('',(0.695418666279,12.407519441491));
#3561 = CARTESIAN_POINT('',(1.044131608721,12.402723412734));
#3562 = CARTESIAN_POINT('',(1.394342867622,12.400639553109));
#3563 = CARTESIAN_POINT('',(1.744594219155,12.4014802933));
#3564 = CARTESIAN_POINT('',(2.094395142425,12.404534122864));
#3565 = ( GEOMETRIC_REPRESENTATION_CONTEXT(2) 
PARAMETRIC_REPRESENTATION_CONTEXT() REPRESENTATION_CONTEXT('2D SPACE',''
  ) );
#3566 = ORIENTED_EDGE('',*,*,#3567,.F.);
#3567 = EDGE_CURVE('',#1353,#3537,#3568,.T.);
#3568 = SURFACE_CURVE('',#3569,(#3573,#3579),.PCURVE_S1.);
#3569 = ( BOUNDED_CURVE() B_SPLINE_CURVE(2,(#3570,#3571,#3572),
.UNSPECIFIED.,.F.,.F.) B_SPLINE_CURVE_WITH_KNOTS((3,3),(0.,2.09465904264
),.PIECEWISE_BEZIER_KNOTS.) CURVE() GEOMETRIC_REPRESENTATION_ITEM() 
RATIONAL_B_SPLINE_CURVE((1.,0.696339051747,1.)) REPRESENTATION_ITEM('') 
  );
#3570 = CARTESIAN_POINT('',(237.47533988805,2.154153821107,12.7));
#3571 = CARTESIAN_POINT('',(237.32066500725,2.421895348219,12.7));
#3572 = CARTESIAN_POINT('',(237.32533987765,2.413803168458,
    12.390932844992));
#3573 = PCURVE('',#1404,#3574);
#3574 = DEFINITIONAL_REPRESENTATION('',(#3575),#3578);
#3575 = B_SPLINE_CURVE_WITH_KNOTS('',1,(#3576,#3577),.UNSPECIFIED.,.F.,
  .F.,(2,2),(0.,2.09465904264),.PIECEWISE_BEZIER_KNOTS.);
#3576 = CARTESIAN_POINT('',(0.,2.09465904264));
#3577 = CARTESIAN_POINT('',(2.09465904264,2.09465904264));
#3578 = ( GEOMETRIC_REPRESENTATION_CONTEXT(2) 
PARAMETRIC_REPRESENTATION_CONTEXT() REPRESENTATION_CONTEXT('2D SPACE',''
  ) );
#3579 = PCURVE('',#1368,#3580);
#3580 = DEFINITIONAL_REPRESENTATION('',(#3581),#3592);
#3581 = B_SPLINE_CURVE_WITH_KNOTS('',9,(#3582,#3583,#3584,#3585,#3586,
    #3587,#3588,#3589,#3590,#3591),.UNSPECIFIED.,.F.,.F.,(10,10),(0.,
    2.09465904264),.PIECEWISE_BEZIER_KNOTS.);
#3582 = CARTESIAN_POINT('',(1.110223024625E-16,14.325868303613));
#3583 = CARTESIAN_POINT('',(0.159491773852,14.325868303613));
#3584 = CARTESIAN_POINT('',(0.331090311858,14.325868303612));
#3585 = CARTESIAN_POINT('',(0.513447523061,14.325868303614));
#3586 = CARTESIAN_POINT('',(0.70369095396,14.325868303612));
#3587 = CARTESIAN_POINT('',(0.897333826239,14.325868303614));
#3588 = CARTESIAN_POINT('',(1.087577257137,14.325868303612));
#3589 = CARTESIAN_POINT('',(1.269934468341,14.325868303613));
#3590 = CARTESIAN_POINT('',(1.441533006346,14.325868303613));
#3591 = CARTESIAN_POINT('',(1.601024780199,14.325868303613));
#3592 = ( GEOMETRIC_REPRESENTATION_CONTEXT(2) 
PARAMETRIC_REPRESENTATION_CONTEXT() REPRESENTATION_CONTEXT('2D SPACE',''
  ) );
#3593 = ORIENTED_EDGE('',*,*,#1380,.F.);
#3594 = ADVANCED_FACE('',(#3595),#1368,.T.);
#3595 = FACE_BOUND('',#3596,.T.);
#3596 = EDGE_LOOP('',(#3597,#3598,#3619,#3620));
#3597 = ORIENTED_EDGE('',*,*,#2650,.F.);
#3598 = ORIENTED_EDGE('',*,*,#3599,.T.);
#3599 = EDGE_CURVE('',#2628,#3537,#3600,.T.);
#3600 = SURFACE_CURVE('',#3601,(#3605,#3612),.PCURVE_S1.);
#3601 = LINE('',#3602,#3603);
#3602 = CARTESIAN_POINT('',(249.73001474112,9.580011662784,
    12.390932844992));
#3603 = VECTOR('',#3604,1.);
#3604 = DIRECTION('',(-0.865893403497,-0.50022856154,0.));
#3605 = PCURVE('',#1368,#3606);
#3606 = DEFINITIONAL_REPRESENTATION('',(#3607),#3611);
#3607 = LINE('',#3608,#3609);
#3608 = CARTESIAN_POINT('',(1.601024780199,0.));
#3609 = VECTOR('',#3610,1.);
#3610 = DIRECTION('',(0.,1.));
#3611 = ( GEOMETRIC_REPRESENTATION_CONTEXT(2) 
PARAMETRIC_REPRESENTATION_CONTEXT() REPRESENTATION_CONTEXT('2D SPACE',''
  ) );
#3612 = PCURVE('',#2581,#3613);
#3613 = DEFINITIONAL_REPRESENTATION('',(#3614),#3618);
#3614 = LINE('',#3615,#3616);
#3615 = CARTESIAN_POINT('',(7.444390317459,-6.043693875769));
#3616 = VECTOR('',#3617,1.);
#3617 = DIRECTION('',(-1.,1.605268984088E-18));
#3618 = ( GEOMETRIC_REPRESENTATION_CONTEXT(2) 
PARAMETRIC_REPRESENTATION_CONTEXT() REPRESENTATION_CONTEXT('2D SPACE',''
  ) );
#3619 = ORIENTED_EDGE('',*,*,#3567,.F.);
#3620 = ORIENTED_EDGE('',*,*,#1352,.F.);
#3621 = ADVANCED_FACE('',(#3622),#2267,.T.);
#3622 = FACE_BOUND('',#3623,.T.);
#3623 = EDGE_LOOP('',(#3624,#3625,#3626,#3627));
#3624 = ORIENTED_EDGE('',*,*,#2314,.T.);
#3625 = ORIENTED_EDGE('',*,*,#2251,.T.);
#3626 = ORIENTED_EDGE('',*,*,#3391,.F.);
#3627 = ORIENTED_EDGE('',*,*,#3628,.F.);
#3628 = EDGE_CURVE('',#2315,#3363,#3629,.T.);
#3629 = SURFACE_CURVE('',#3630,(#3634,#3641),.PCURVE_S1.);
#3630 = LINE('',#3631,#3632);
#3631 = CARTESIAN_POINT('',(237.32533987765,55.169108829259,
    -6.04477084327E-03));
#3632 = VECTOR('',#3633,1.);
#3633 = DIRECTION('',(0.,-3.48994967025E-02,0.999390827019));
#3634 = PCURVE('',#2267,#3635);
#3635 = DEFINITIONAL_REPRESENTATION('',(#3636),#3640);
#3636 = LINE('',#3637,#3638);
#3637 = CARTESIAN_POINT('',(7.098032932049,6.358949824696));
#3638 = VECTOR('',#3639,1.);
#3639 = DIRECTION('',(-1.745772503396E-02,-0.999847602306));
#3640 = ( GEOMETRIC_REPRESENTATION_CONTEXT(2) 
PARAMETRIC_REPRESENTATION_CONTEXT() REPRESENTATION_CONTEXT('2D SPACE',''
  ) );
#3641 = PCURVE('',#2388,#3642);
#3642 = DEFINITIONAL_REPRESENTATION('',(#3643),#3647);
#3643 = LINE('',#3644,#3645);
#3644 = CARTESIAN_POINT('',(0.,0.));
#3645 = VECTOR('',#3646,1.);
#3646 = DIRECTION('',(0.,1.));
#3647 = ( GEOMETRIC_REPRESENTATION_CONTEXT(2) 
PARAMETRIC_REPRESENTATION_CONTEXT() REPRESENTATION_CONTEXT('2D SPACE',''
  ) );
#3648 = ADVANCED_FACE('',(#3649),#2388,.F.);
#3649 = FACE_BOUND('',#3650,.F.);
#3650 = EDGE_LOOP('',(#3651,#3652,#3653,#3674));
#3651 = ORIENTED_EDGE('',*,*,#3628,.F.);
#3652 = ORIENTED_EDGE('',*,*,#2368,.T.);
#3653 = ORIENTED_EDGE('',*,*,#3654,.T.);
#3654 = EDGE_CURVE('',#2369,#3419,#3655,.T.);
#3655 = SURFACE_CURVE('',#3656,(#3660,#3667),.PCURVE_S1.);
#3656 = LINE('',#3657,#3658);
#3657 = CARTESIAN_POINT('',(237.02533987072,54.996009264358,
    -1.208954084829E-02));
#3658 = VECTOR('',#3659,1.);
#3659 = DIRECTION('',(0.,-3.48994967025E-02,0.999390827019));
#3660 = PCURVE('',#2388,#3661);
#3661 = DEFINITIONAL_REPRESENTATION('',(#3662),#3666);
#3662 = LINE('',#3663,#3664);
#3663 = CARTESIAN_POINT('',(2.094395142425,0.));
#3664 = VECTOR('',#3665,1.);
#3665 = DIRECTION('',(0.,1.));
#3666 = ( GEOMETRIC_REPRESENTATION_CONTEXT(2) 
PARAMETRIC_REPRESENTATION_CONTEXT() REPRESENTATION_CONTEXT('2D SPACE',''
  ) );
#3667 = PCURVE('',#2453,#3668);
#3668 = DEFINITIONAL_REPRESENTATION('',(#3669),#3673);
#3669 = LINE('',#3670,#3671);
#3670 = CARTESIAN_POINT('',(-6.306440263114,-26.42100926435));
#3671 = VECTOR('',#3672,1.);
#3672 = DIRECTION('',(0.999390827019,3.48994967025E-02));
#3673 = ( GEOMETRIC_REPRESENTATION_CONTEXT(2) 
PARAMETRIC_REPRESENTATION_CONTEXT() REPRESENTATION_CONTEXT('2D SPACE',''
  ) );
#3674 = ORIENTED_EDGE('',*,*,#3418,.F.);
#3675 = ADVANCED_FACE('',(#3676),#2453,.T.);
#3676 = FACE_BOUND('',#3677,.T.);
#3677 = EDGE_LOOP('',(#3678,#3679,#3680,#3681));
#3678 = ORIENTED_EDGE('',*,*,#2437,.T.);
#3679 = ORIENTED_EDGE('',*,*,#3654,.T.);
#3680 = ORIENTED_EDGE('',*,*,#3509,.F.);
#3681 = ORIENTED_EDGE('',*,*,#3682,.F.);
#3682 = EDGE_CURVE('',#2438,#3481,#3683,.T.);
#3683 = SURFACE_CURVE('',#3684,(#3688,#3695),.PCURVE_S1.);
#3684 = LINE('',#3685,#3686);
#3685 = CARTESIAN_POINT('',(237.02533987072,2.153990735642,
    -1.208954084829E-02));
#3686 = VECTOR('',#3687,1.);
#3687 = DIRECTION('',(0.,3.48994967025E-02,0.999390827019));
#3688 = PCURVE('',#2453,#3689);
#3689 = DEFINITIONAL_REPRESENTATION('',(#3690),#3694);
#3690 = LINE('',#3691,#3692);
#3691 = CARTESIAN_POINT('',(-6.306440263114,26.421009264358));
#3692 = VECTOR('',#3693,1.);
#3693 = DIRECTION('',(0.999390827019,-3.48994967025E-02));
#3694 = ( GEOMETRIC_REPRESENTATION_CONTEXT(2) 
PARAMETRIC_REPRESENTATION_CONTEXT() REPRESENTATION_CONTEXT('2D SPACE',''
  ) );
#3695 = PCURVE('',#2516,#3696);
#3696 = DEFINITIONAL_REPRESENTATION('',(#3697),#3701);
#3697 = LINE('',#3698,#3699);
#3698 = CARTESIAN_POINT('',(0.,0.));
#3699 = VECTOR('',#3700,1.);
#3700 = DIRECTION('',(0.,1.));
#3701 = ( GEOMETRIC_REPRESENTATION_CONTEXT(2) 
PARAMETRIC_REPRESENTATION_CONTEXT() REPRESENTATION_CONTEXT('2D SPACE',''
  ) );
#3702 = ADVANCED_FACE('',(#3703),#2516,.F.);
#3703 = FACE_BOUND('',#3704,.F.);
#3704 = EDGE_LOOP('',(#3705,#3706,#3707,#3728));
#3705 = ORIENTED_EDGE('',*,*,#3682,.F.);
#3706 = ORIENTED_EDGE('',*,*,#2496,.T.);
#3707 = ORIENTED_EDGE('',*,*,#3708,.T.);
#3708 = EDGE_CURVE('',#2497,#3537,#3709,.T.);
#3709 = SURFACE_CURVE('',#3710,(#3714,#3721),.PCURVE_S1.);
#3710 = LINE('',#3711,#3712);
#3711 = CARTESIAN_POINT('',(237.32533987765,1.980891170741,
    -6.04477084327E-03));
#3712 = VECTOR('',#3713,1.);
#3713 = DIRECTION('',(0.,3.48994967025E-02,0.999390827019));
#3714 = PCURVE('',#2516,#3715);
#3715 = DEFINITIONAL_REPRESENTATION('',(#3716),#3720);
#3716 = LINE('',#3717,#3718);
#3717 = CARTESIAN_POINT('',(2.094395142425,0.));
#3718 = VECTOR('',#3719,1.);
#3719 = DIRECTION('',(0.,1.));
#3720 = ( GEOMETRIC_REPRESENTATION_CONTEXT(2) 
PARAMETRIC_REPRESENTATION_CONTEXT() REPRESENTATION_CONTEXT('2D SPACE',''
  ) );
#3721 = PCURVE('',#2581,#3722);
#3722 = DEFINITIONAL_REPRESENTATION('',(#3723),#3727);
#3723 = LINE('',#3724,#3725);
#3724 = CARTESIAN_POINT('',(-7.098032932049,6.358949824696));
#3725 = VECTOR('',#3726,1.);
#3726 = DIRECTION('',(1.745772503396E-02,-0.999847602306));
#3727 = ( GEOMETRIC_REPRESENTATION_CONTEXT(2) 
PARAMETRIC_REPRESENTATION_CONTEXT() REPRESENTATION_CONTEXT('2D SPACE',''
  ) );
#3728 = ORIENTED_EDGE('',*,*,#3536,.F.);
#3729 = ADVANCED_FACE('',(#3730),#2581,.T.);
#3730 = FACE_BOUND('',#3731,.T.);
#3731 = EDGE_LOOP('',(#3732,#3733,#3734,#3735));
#3732 = ORIENTED_EDGE('',*,*,#2565,.T.);
#3733 = ORIENTED_EDGE('',*,*,#3708,.T.);
#3734 = ORIENTED_EDGE('',*,*,#3599,.F.);
#3735 = ORIENTED_EDGE('',*,*,#2627,.F.);
#3736 = ( GEOMETRIC_REPRESENTATION_CONTEXT(3) 
GLOBAL_UNCERTAINTY_ASSIGNED_CONTEXT((#3740)) 
GLOBAL_UNIT_ASSIGNED_CONTEXT((#3737,#3738,#3739)) REPRESENTATION_CONTEXT
('Context #1','3D Context with UNIT and UNCERTAINTY') );
#3737 = ( LENGTH_UNIT() NAMED_UNIT(*) SI_UNIT(.MILLI.,.METRE.) );
#3738 = ( NAMED_UNIT(*) PLANE_ANGLE_UNIT() SI_UNIT($,.RADIAN.) );
#3739 = ( NAMED_UNIT(*) SI_UNIT($,.STERADIAN.) SOLID_ANGLE_UNIT() );
#3740 = UNCERTAINTY_MEASURE_WITH_UNIT(LENGTH_MEASURE(5.E-07),#3737,
  'distance_accuracy_value','confusion accuracy');
#3741 = PRODUCT_RELATED_PRODUCT_CATEGORY('part',$,(#7));
ENDSEC;
END-ISO-10303-21;
