ISO-10303-21;
HEADER;
FILE_DESCRIPTION(('Open CASCADE Model'),'2;1');
FILE_NAME('Open CASCADE Shape Model','2026-09-23T15:09:38',('Author'),(
    'Open CASCADE'),'Open CASCADE STEP processor 7.9','Open CASCADE 7.9'
  ,'Unknown');
FILE_SCHEMA(('AUTOMOTIVE_DESIGN { 1 0 10303 214 1 1 1 1 }'));
ENDSEC;
DATA;
#1 = APPLICATION_PROTOCOL_DEFINITION('international standard',
  'automotive_design',2000,#2);
#2 = APPLICATION_CONTEXT(
  'core data for automotive mechanical design processes');
#3 = SHAPE_DEFINITION_REPRESENTATION(#4,#10);
#4 = PRODUCT_DEFINITION_SHAPE('','',#5);
#5 = PRODUCT_DEFINITION('design','',#6,#9);
#6 = PRODUCT_DEFINITION_FORMATION('','',#7);
#7 = PRODUCT('Open CASCADE STEP translator 7.9 3',
  'Open CASCADE STEP translator 7.9 3','',(#8));
#8 = PRODUCT_CONTEXT('',#2,'mechanical');
#9 = PRODUCT_DEFINITION_CONTEXT('part definition',#2,'design');
#10 = SHAPE_REPRESENTATION('',(#11,#15,#19),#23);
#11 = AXIS2_PLACEMENT_3D('',#12,#13,#14);
#12 = CARTESIAN_POINT('',(0.,0.,0.));
#13 = DIRECTION('',(0.,0.,1.));
#14 = DIRECTION('',(1.,0.,-0.));
#15 = AXIS2_PLACEMENT_3D('',#16,#17,#18);
#16 = CARTESIAN_POINT('',(0.,0.,0.));
#17 = DIRECTION('',(0.,0.,1.));
#18 = DIRECTION('',(1.,0.,-0.));
#19 = AXIS2_PLACEMENT_3D('',#20,#21,#22);
#20 = CARTESIAN_POINT('',(0.,0.,0.));
#21 = DIRECTION('',(0.,0.,1.));
#22 = DIRECTION('',(1.,0.,-0.));
#23 = ( GEOMETRIC_REPRESENTATION_CONTEXT(3) 
GLOBAL_UNCERTAINTY_ASSIGNED_CONTEXT((#27)) GLOBAL_UNIT_ASSIGNED_CONTEXT(
(#24,#25,#26)) REPRESENTATION_CONTEXT('Context #1',
  '3D Context with UNIT and UNCERTAINTY') );
#24 = ( LENGTH_UNIT() NAMED_UNIT(*) SI_UNIT(.MILLI.,.METRE.) );
#25 = ( NAMED_UNIT(*) PLANE_ANGLE_UNIT() SI_UNIT($,.RADIAN.) );
#26 = ( NAMED_UNIT(*) SI_UNIT($,.STERADIAN.) SOLID_ANGLE_UNIT() );
#27 = UNCERTAINTY_MEASURE_WITH_UNIT(LENGTH_MEASURE(5.E-07),#24,
  'distance_accuracy_value','confusion accuracy');
#28 = PRODUCT_RELATED_PRODUCT_CATEGORY('part',$,(#7));
#29 = SHAPE_DEFINITION_REPRESENTATION(#30,#36);
#30 = PRODUCT_DEFINITION_SHAPE('','',#31);
#31 = PRODUCT_DEFINITION('design','',#32,#35);
#32 = PRODUCT_DEFINITION_FORMATION('','',#33);
#33 = PRODUCT('Open CASCADE STEP translator 7.9 3.1',
  'Open CASCADE STEP translator 7.9 3.1','',(#34));
#34 = PRODUCT_CONTEXT('',#2,'mechanical');
#35 = PRODUCT_DEFINITION_CONTEXT('part definition',#2,'design');
#36 = ADVANCED_BREP_SHAPE_REPRESENTATION('',(#11,#37),#4489);
#37 = MANIFOLD_SOLID_BREP('',#38);
#38 = CLOSED_SHELL('',(#39,#1533,#1614,#1696,#1767,#1857,#1941,#1997,
    #2068,#2117,#2226,#2253,#2324,#2373,#2422,#2471,#2520,#2547,#2618,
    #2667,#2716,#2765,#2814,#2841,#2912,#2961,#3010,#3059,#3108,#3135,
    #3206,#3255,#3304,#3353,#3402,#3429,#3873,#3933,#3987,#4012,#4088,
    #4113,#4184,#4222,#4257,#4301,#4364,#4419,#4425,#4451,#4477,#4483));
#39 = ADVANCED_FACE('',(#40,#853,#1023,#1193,#1363),#54,.F.);
#40 = FACE_BOUND('',#41,.F.);
#41 = EDGE_LOOP('',(#42,#77,#105,#141,#169,#197,#484,#512,#540,#568));
#42 = ORIENTED_EDGE('',*,*,#43,.T.);
#43 = EDGE_CURVE('',#44,#46,#48,.T.);
#44 = VERTEX_POINT('',#45);
#45 = CARTESIAN_POINT('',(249.72533987072,8.897988740125,
    -2.654126918245E-16));
#46 = VERTEX_POINT('',#47);
#47 = CARTESIAN_POINT('',(249.72533987072,0.,0.));
#48 = SURFACE_CURVE('',#49,(#53,#65),.PCURVE_S1.);
#49 = LINE('',#50,#51);
#50 = CARTESIAN_POINT('',(249.72533987072,14.000529487974,0.));
#51 = VECTOR('',#52,1.);
#52 = DIRECTION('',(0.,-1.,0.));
#53 = PCURVE('',#54,#59);
#54 = PLANE('',#55);
#55 = AXIS2_PLACEMENT_3D('',#56,#57,#58);
#56 = CARTESIAN_POINT('',(238.15334829633,27.850133547595,0.));
#57 = DIRECTION('',(0.,0.,1.));
#58 = DIRECTION('',(1.110223024625E-16,-1.,0.));
#59 = DEFINITIONAL_REPRESENTATION('',(#60),#64);
#60 = LINE('',#61,#62);
#61 = CARTESIAN_POINT('',(13.849604059621,11.57199157439));
#62 = VECTOR('',#63,1.);
#63 = DIRECTION('',(1.,-1.110223024625E-16));
#64 = ( GEOMETRIC_REPRESENTATION_CONTEXT(2) 
PARAMETRIC_REPRESENTATION_CONTEXT() REPRESENTATION_CONTEXT('2D SPACE',''
  ) );
#65 = PCURVE('',#66,#71);
#66 = PLANE('',#67);
#67 = AXIS2_PLACEMENT_3D('',#68,#69,#70);
#68 = CARTESIAN_POINT('',(249.72533987072,-8.594611061566,6.387113397674
    ));
#69 = DIRECTION('',(-1.,-0.,-0.));
#70 = DIRECTION('',(0.,0.,-1.));
#71 = DEFINITIONAL_REPRESENTATION('',(#72),#76);
#72 = LINE('',#73,#74);
#73 = CARTESIAN_POINT('',(6.387113397674,-22.59514054954));
#74 = VECTOR('',#75,1.);
#75 = DIRECTION('',(0.,1.));
#76 = ( GEOMETRIC_REPRESENTATION_CONTEXT(2) 
PARAMETRIC_REPRESENTATION_CONTEXT() REPRESENTATION_CONTEXT('2D SPACE',''
  ) );
#77 = ORIENTED_EDGE('',*,*,#78,.T.);
#78 = EDGE_CURVE('',#46,#79,#81,.T.);
#79 = VERTEX_POINT('',#80);
#80 = CARTESIAN_POINT('',(486.75067974144,5.684341886081E-14,0.));
#81 = SURFACE_CURVE('',#82,(#86,#93),.PCURVE_S1.);
#82 = LINE('',#83,#84);
#83 = CARTESIAN_POINT('',(1.00892989728,0.,0.));
#84 = VECTOR('',#85,1.);
#85 = DIRECTION('',(1.,1.110223024625E-16,0.));
#86 = PCURVE('',#54,#87);
#87 = DEFINITIONAL_REPRESENTATION('',(#88),#92);
#88 = LINE('',#89,#90);
#89 = CARTESIAN_POINT('',(27.850133547595,-237.144418399));
#90 = VECTOR('',#91,1.);
#91 = DIRECTION('',(0.,1.));
#92 = ( GEOMETRIC_REPRESENTATION_CONTEXT(2) 
PARAMETRIC_REPRESENTATION_CONTEXT() REPRESENTATION_CONTEXT('2D SPACE',''
  ) );
#93 = PCURVE('',#94,#99);
#94 = PLANE('',#95);
#95 = AXIS2_PLACEMENT_3D('',#96,#97,#98);
#96 = CARTESIAN_POINT('',(1.00892989728,0.,0.));
#97 = DIRECTION('',(-1.110223024625E-16,1.,0.));
#98 = DIRECTION('',(1.,1.110223024625E-16,0.));
#99 = DEFINITIONAL_REPRESENTATION('',(#100),#104);
#100 = LINE('',#101,#102);
#101 = CARTESIAN_POINT('',(0.,0.));
#102 = VECTOR('',#103,1.);
#103 = DIRECTION('',(1.,0.));
#104 = ( GEOMETRIC_REPRESENTATION_CONTEXT(2) 
PARAMETRIC_REPRESENTATION_CONTEXT() REPRESENTATION_CONTEXT('2D SPACE',''
  ) );
#105 = ORIENTED_EDGE('',*,*,#106,.F.);
#106 = EDGE_CURVE('',#107,#79,#109,.T.);
#107 = VERTEX_POINT('',#108);
#108 = CARTESIAN_POINT('',(457.2,57.15,0.));
#109 = SURFACE_CURVE('',#110,(#115,#126),.PCURVE_S1.);
#110 = ELLIPSE('',#111,424.44736842105,110.79605803202);
#111 = AXIS2_PLACEMENT_3D('',#112,#113,#114);
#112 = CARTESIAN_POINT('',(422.60394196798,-346.075,0.));
#113 = DIRECTION('',(0.,0.,-1.));
#114 = DIRECTION('',(-1.110223024625E-16,1.,0.));
#115 = PCURVE('',#54,#116);
#116 = DEFINITIONAL_REPRESENTATION('',(#117),#125);
#117 = ( BOUNDED_CURVE() B_SPLINE_CURVE(2,(#118,#119,#120,#121,#122,#123
,#124),.UNSPECIFIED.,.T.,.F.) B_SPLINE_CURVE_WITH_KNOTS((1,2,2,2,2,1),(
    -2.094395102393,0.,2.094395102393,4.188790204786,6.28318530718,
8.377580409573),.UNSPECIFIED.) CURVE() GEOMETRIC_REPRESENTATION_ITEM() 
RATIONAL_B_SPLINE_CURVE((1.,0.5,1.,0.5,1.,0.5,1.)) REPRESENTATION_ITEM(
  '') );
#118 = CARTESIAN_POINT('',(-50.52223487345,184.45059367165));
#119 = CARTESIAN_POINT('',(-50.52223487345,376.35499546145));
#120 = CARTESIAN_POINT('',(586.14881775812,280.40279456655));
#121 = CARTESIAN_POINT('',(1.22281987039E+03,184.45059367165));
#122 = CARTESIAN_POINT('',(586.14881775812,88.498392776746));
#123 = CARTESIAN_POINT('',(-50.52223487345,-7.453808118158));
#124 = CARTESIAN_POINT('',(-50.52223487345,184.45059367165));
#125 = ( GEOMETRIC_REPRESENTATION_CONTEXT(2) 
PARAMETRIC_REPRESENTATION_CONTEXT() REPRESENTATION_CONTEXT('2D SPACE',''
  ) );
#126 = PCURVE('',#127,#135);
#127 = SURFACE_OF_LINEAR_EXTRUSION('',#128,#133);
#128 = ELLIPSE('',#129,424.44736842105,110.79605803202);
#129 = AXIS2_PLACEMENT_3D('',#130,#131,#132);
#130 = CARTESIAN_POINT('',(422.60394196798,-346.075,0.));
#131 = DIRECTION('',(0.,0.,-1.));
#132 = DIRECTION('',(-1.110223024625E-16,1.,0.));
#133 = VECTOR('',#134,1.);
#134 = DIRECTION('',(-0.,0.,-1.));
#135 = DEFINITIONAL_REPRESENTATION('',(#136),#140);
#136 = LINE('',#137,#138);
#137 = CARTESIAN_POINT('',(0.,0.));
#138 = VECTOR('',#139,1.);
#139 = DIRECTION('',(1.,0.));
#140 = ( GEOMETRIC_REPRESENTATION_CONTEXT(2) 
PARAMETRIC_REPRESENTATION_CONTEXT() REPRESENTATION_CONTEXT('2D SPACE',''
  ) );
#141 = ORIENTED_EDGE('',*,*,#142,.T.);
#142 = EDGE_CURVE('',#107,#143,#145,.T.);
#143 = VERTEX_POINT('',#144);
#144 = CARTESIAN_POINT('',(249.72533987072,57.15,0.));
#145 = SURFACE_CURVE('',#146,(#150,#157),.PCURVE_S1.);
#146 = LINE('',#147,#148);
#147 = CARTESIAN_POINT('',(457.2,57.15,0.));
#148 = VECTOR('',#149,1.);
#149 = DIRECTION('',(-1.,-1.110223024625E-16,0.));
#150 = PCURVE('',#54,#151);
#151 = DEFINITIONAL_REPRESENTATION('',(#152),#156);
#152 = LINE('',#153,#154);
#153 = CARTESIAN_POINT('',(-29.2998664524,219.04665170367));
#154 = VECTOR('',#155,1.);
#155 = DIRECTION('',(0.,-1.));
#156 = ( GEOMETRIC_REPRESENTATION_CONTEXT(2) 
PARAMETRIC_REPRESENTATION_CONTEXT() REPRESENTATION_CONTEXT('2D SPACE',''
  ) );
#157 = PCURVE('',#158,#163);
#158 = PLANE('',#159);
#159 = AXIS2_PLACEMENT_3D('',#160,#161,#162);
#160 = CARTESIAN_POINT('',(457.2,57.15,0.));
#161 = DIRECTION('',(1.110223024625E-16,-1.,0.));
#162 = DIRECTION('',(-1.,-1.110223024625E-16,0.));
#163 = DEFINITIONAL_REPRESENTATION('',(#164),#168);
#164 = LINE('',#165,#166);
#165 = CARTESIAN_POINT('',(0.,0.));
#166 = VECTOR('',#167,1.);
#167 = DIRECTION('',(1.,0.));
#168 = ( GEOMETRIC_REPRESENTATION_CONTEXT(2) 
PARAMETRIC_REPRESENTATION_CONTEXT() REPRESENTATION_CONTEXT('2D SPACE',''
  ) );
#169 = ORIENTED_EDGE('',*,*,#170,.T.);
#170 = EDGE_CURVE('',#143,#171,#173,.T.);
#171 = VERTEX_POINT('',#172);
#172 = CARTESIAN_POINT('',(249.72533987072,48.252011259875,
    -8.847089727482E-17));
#173 = SURFACE_CURVE('',#174,(#178,#185),.PCURVE_S1.);
#174 = LINE('',#175,#176);
#175 = CARTESIAN_POINT('',(249.72533987072,76.052610934539,0.));
#176 = VECTOR('',#177,1.);
#177 = DIRECTION('',(0.,-1.,0.));
#178 = PCURVE('',#54,#179);
#179 = DEFINITIONAL_REPRESENTATION('',(#180),#184);
#180 = LINE('',#181,#182);
#181 = CARTESIAN_POINT('',(-48.20247738694,11.57199157439));
#182 = VECTOR('',#183,1.);
#183 = DIRECTION('',(1.,-1.110223024625E-16));
#184 = ( GEOMETRIC_REPRESENTATION_CONTEXT(2) 
PARAMETRIC_REPRESENTATION_CONTEXT() REPRESENTATION_CONTEXT('2D SPACE',''
  ) );
#185 = PCURVE('',#186,#191);
#186 = PLANE('',#187);
#187 = AXIS2_PLACEMENT_3D('',#188,#189,#190);
#188 = CARTESIAN_POINT('',(249.72533987072,115.50955183156,
    6.362546538376));
#189 = DIRECTION('',(-1.,-0.,-0.));
#190 = DIRECTION('',(0.,0.,-1.));
#191 = DEFINITIONAL_REPRESENTATION('',(#192),#196);
#192 = LINE('',#193,#194);
#193 = CARTESIAN_POINT('',(6.362546538376,39.456940897021));
#194 = VECTOR('',#195,1.);
#195 = DIRECTION('',(0.,1.));
#196 = ( GEOMETRIC_REPRESENTATION_CONTEXT(2) 
PARAMETRIC_REPRESENTATION_CONTEXT() REPRESENTATION_CONTEXT('2D SPACE',''
  ) );
#197 = ORIENTED_EDGE('',*,*,#198,.F.);
#198 = EDGE_CURVE('',#199,#171,#201,.T.);
#199 = VERTEX_POINT('',#200);
#200 = CARTESIAN_POINT('',(249.27533985338,47.808258396726,
    5.551115123126E-17));
#201 = SURFACE_CURVE('',#202,(#233,#267),.PCURVE_S1.);
#202 = B_SPLINE_CURVE_WITH_KNOTS('',8,(#203,#204,#205,#206,#207,#208,
    #209,#210,#211,#212,#213,#214,#215,#216,#217,#218,#219,#220,#221,
    #222,#223,#224,#225,#226,#227,#228,#229,#230,#231,#232),
  .UNSPECIFIED.,.F.,.F.,(9,7,7,7,9),(0.,0.125,0.25,0.5,1.),
  .UNSPECIFIED.);
#203 = CARTESIAN_POINT('',(249.27533985338,47.808258396726,
    5.551115123126E-17));
#204 = CARTESIAN_POINT('',(249.28490153369,47.802734592566,
    5.551115123126E-17));
#205 = CARTESIAN_POINT('',(249.29509332271,47.798643867211,
    5.326143172335E-17));
#206 = CARTESIAN_POINT('',(249.3057847103,47.795915875111,
    5.21365719694E-17));
#207 = CARTESIAN_POINT('',(249.31691321036,47.794574751813,
    5.101171221544E-17));
#208 = CARTESIAN_POINT('',(249.32802302991,47.794426198374,
    4.988685246149E-17));
#209 = CARTESIAN_POINT('',(249.33886427473,47.795213970656,
    4.876199270754E-17));
#210 = CARTESIAN_POINT('',(249.34976357542,47.796826780066,
    4.763713295358E-17));
#211 = CARTESIAN_POINT('',(249.37119046039,47.801446444646,
    4.538741344567E-17));
#212 = CARTESIAN_POINT('',(249.38173925229,47.804442302429,
    4.426255369172E-17));
#213 = CARTESIAN_POINT('',(249.39211754429,47.808018812928,
    4.313769393777E-17));
#214 = CARTESIAN_POINT('',(249.40232124034,47.812086412261,
    4.201283418382E-17));
#215 = CARTESIAN_POINT('',(249.41234799754,47.816571345453,
    4.088797442986E-17));
#216 = CARTESIAN_POINT('',(249.42219722623,47.82141566642,
    3.976311467591E-17));
#217 = CARTESIAN_POINT('',(249.43187008996,47.826577237984,
    3.863825492195E-17));
#218 = CARTESIAN_POINT('',(249.46036833656,47.842934719619,
    3.526367566009E-17));
#219 = CARTESIAN_POINT('',(249.47870775057,47.855000314934,
    3.301395615218E-17));
#220 = CARTESIAN_POINT('',(249.49641861256,47.867973704994,
    3.076423664428E-17));
#221 = CARTESIAN_POINT('',(249.51353486414,47.881697212536,
    2.851451713637E-17));
#222 = CARTESIAN_POINT('',(249.53008634538,47.896080619369,
    2.626479762846E-17));
#223 = CARTESIAN_POINT('',(249.54609161651,47.911073489988,
    2.401507812055E-17));
#224 = CARTESIAN_POINT('',(249.56155077983,47.926637495078,
    2.176535861265E-17));
#225 = CARTESIAN_POINT('',(249.60621334462,47.974881215199,
    1.501620008892E-17));
#226 = CARTESIAN_POINT('',(249.63370445673,48.00913818229,
    1.051676107311E-17));
#227 = CARTESIAN_POINT('',(249.65880852722,48.045117977634,
    6.017322057294E-18));
#228 = CARTESIAN_POINT('',(249.68146415722,48.0833705389,
    1.51788304148E-18));
#229 = CARTESIAN_POINT('',(249.70048450397,48.122631254192,
    -2.981555974335E-18));
#230 = CARTESIAN_POINT('',(249.71604154906,48.164496825611,
    -7.48099499015E-18));
#231 = CARTESIAN_POINT('',(249.72533987072,48.208185452589,
    -1.647987302178E-17));
#232 = CARTESIAN_POINT('',(249.72533987072,48.252011259875,
    -1.647987302178E-17));
#233 = PCURVE('',#54,#234);
#234 = DEFINITIONAL_REPRESENTATION('',(#235),#266);
#235 = B_SPLINE_CURVE_WITH_KNOTS('',8,(#236,#237,#238,#239,#240,#241,
    #242,#243,#244,#245,#246,#247,#248,#249,#250,#251,#252,#253,#254,
    #255,#256,#257,#258,#259,#260,#261,#262,#263,#264,#265),
  .UNSPECIFIED.,.F.,.F.,(9,7,7,7,9),(0.,0.125,0.25,0.5,1.),
  .UNSPECIFIED.);
#236 = CARTESIAN_POINT('',(-19.95812484913,11.12199155705));
#237 = CARTESIAN_POINT('',(-19.95260104497,11.13155323736));
#238 = CARTESIAN_POINT('',(-19.94851031961,11.14174502638));
#239 = CARTESIAN_POINT('',(-19.94578232751,11.15243641397));
#240 = CARTESIAN_POINT('',(-19.94444120421,11.16356491403));
#241 = CARTESIAN_POINT('',(-19.94429265077,11.17467473358));
#242 = CARTESIAN_POINT('',(-19.94508042306,11.1855159784));
#243 = CARTESIAN_POINT('',(-19.94669323247,11.19641527909));
#244 = CARTESIAN_POINT('',(-19.95131289705,11.21784216406));
#245 = CARTESIAN_POINT('',(-19.95430875483,11.22839095596));
#246 = CARTESIAN_POINT('',(-19.95788526533,11.23876924796));
#247 = CARTESIAN_POINT('',(-19.96195286466,11.24897294401));
#248 = CARTESIAN_POINT('',(-19.96643779785,11.25899970121));
#249 = CARTESIAN_POINT('',(-19.97128211882,11.2688489299));
#250 = CARTESIAN_POINT('',(-19.97644369038,11.27852179363));
#251 = CARTESIAN_POINT('',(-19.99280117202,11.30702004023));
#252 = CARTESIAN_POINT('',(-20.00486676733,11.32535945424));
#253 = CARTESIAN_POINT('',(-20.01784015739,11.34307031623));
#254 = CARTESIAN_POINT('',(-20.03156366494,11.36018656781));
#255 = CARTESIAN_POINT('',(-20.04594707177,11.37673804905));
#256 = CARTESIAN_POINT('',(-20.06093994239,11.39274332018));
#257 = CARTESIAN_POINT('',(-20.07650394748,11.4082024835));
#258 = CARTESIAN_POINT('',(-20.1247476676,11.45286504829));
#259 = CARTESIAN_POINT('',(-20.15900463469,11.4803561604));
#260 = CARTESIAN_POINT('',(-20.19498443003,11.50546023089));
#261 = CARTESIAN_POINT('',(-20.2332369913,11.52811586089));
#262 = CARTESIAN_POINT('',(-20.27249770659,11.54713620764));
#263 = CARTESIAN_POINT('',(-20.31436327801,11.56269325273));
#264 = CARTESIAN_POINT('',(-20.35805190499,11.57199157439));
#265 = CARTESIAN_POINT('',(-20.40187771228,11.57199157439));
#266 = ( GEOMETRIC_REPRESENTATION_CONTEXT(2) 
PARAMETRIC_REPRESENTATION_CONTEXT() REPRESENTATION_CONTEXT('2D SPACE',''
  ) );
#267 = PCURVE('',#268,#479);
#268 = B_SPLINE_SURFACE_WITH_KNOTS('',6,8,(
    (#269,#270,#271,#272,#273,#274,#275,#276,#277,#278,#279,#280,#281
      ,#282,#283,#284,#285,#286,#287,#288,#289,#290,#291,#292,#293,#294
      ,#295,#296,#297,#298)
    ,(#299,#300,#301,#302,#303,#304,#305,#306,#307,#308,#309,#310,#311
      ,#312,#313,#314,#315,#316,#317,#318,#319,#320,#321,#322,#323,#324
      ,#325,#326,#327,#328)
    ,(#329,#330,#331,#332,#333,#334,#335,#336,#337,#338,#339,#340,#341
      ,#342,#343,#344,#345,#346,#347,#348,#349,#350,#351,#352,#353,#354
      ,#355,#356,#357,#358)
    ,(#359,#360,#361,#362,#363,#364,#365,#366,#367,#368,#369,#370,#371
      ,#372,#373,#374,#375,#376,#377,#378,#379,#380,#381,#382,#383,#384
      ,#385,#386,#387,#388)
    ,(#389,#390,#391,#392,#393,#394,#395,#396,#397,#398,#399,#400,#401
      ,#402,#403,#404,#405,#406,#407,#408,#409,#410,#411,#412,#413,#414
      ,#415,#416,#417,#418)
    ,(#419,#420,#421,#422,#423,#424,#425,#426,#427,#428,#429,#430,#431
      ,#432,#433,#434,#435,#436,#437,#438,#439,#440,#441,#442,#443,#444
      ,#445,#446,#447,#448)
    ,(#449,#450,#451,#452,#453,#454,#455,#456,#457,#458,#459,#460,#461
      ,#462,#463,#464,#465,#466,#467,#468,#469,#470,#471,#472,#473,#474
      ,#475,#476,#477,#478
  )),.UNSPECIFIED.,.F.,.F.,.F.,(7,7),(9,7,7,7,9),(0.,1.),(0.,0.125,0.25,
    0.5,1.),.UNSPECIFIED.);
#269 = CARTESIAN_POINT('',(249.27533985338,47.808258396726,
    5.551115123126E-17));
#270 = CARTESIAN_POINT('',(249.28490153369,47.802734592566,
    5.551115123126E-17));
#271 = CARTESIAN_POINT('',(249.29509332271,47.798643867211,
    5.326143172335E-17));
#272 = CARTESIAN_POINT('',(249.3057847103,47.795915875111,
    5.21365719694E-17));
#273 = CARTESIAN_POINT('',(249.31691321036,47.794574751813,
    5.101171221544E-17));
#274 = CARTESIAN_POINT('',(249.32802302991,47.794426198374,
    4.988685246149E-17));
#275 = CARTESIAN_POINT('',(249.33886427473,47.795213970656,
    4.876199270754E-17));
#276 = CARTESIAN_POINT('',(249.34976357542,47.796826780066,
    4.763713295358E-17));
#277 = CARTESIAN_POINT('',(249.37119046039,47.801446444646,
    4.538741344567E-17));
#278 = CARTESIAN_POINT('',(249.38173925229,47.804442302429,
    4.426255369172E-17));
#279 = CARTESIAN_POINT('',(249.39211754429,47.808018812928,
    4.313769393777E-17));
#280 = CARTESIAN_POINT('',(249.40232124034,47.812086412261,
    4.201283418382E-17));
#281 = CARTESIAN_POINT('',(249.41234799754,47.816571345453,
    4.088797442986E-17));
#282 = CARTESIAN_POINT('',(249.42219722623,47.82141566642,
    3.976311467591E-17));
#283 = CARTESIAN_POINT('',(249.43187008996,47.826577237984,
    3.863825492195E-17));
#284 = CARTESIAN_POINT('',(249.46036833656,47.842934719619,
    3.526367566009E-17));
#285 = CARTESIAN_POINT('',(249.47870775057,47.855000314934,
    3.301395615218E-17));
#286 = CARTESIAN_POINT('',(249.49641861256,47.867973704994,
    3.076423664428E-17));
#287 = CARTESIAN_POINT('',(249.51353486414,47.881697212536,
    2.851451713637E-17));
#288 = CARTESIAN_POINT('',(249.53008634538,47.896080619369,
    2.626479762846E-17));
#289 = CARTESIAN_POINT('',(249.54609161651,47.911073489988,
    2.401507812055E-17));
#290 = CARTESIAN_POINT('',(249.56155077983,47.926637495078,
    2.176535861265E-17));
#291 = CARTESIAN_POINT('',(249.60621334462,47.974881215199,
    1.501620008892E-17));
#292 = CARTESIAN_POINT('',(249.63370445673,48.00913818229,
    1.051676107311E-17));
#293 = CARTESIAN_POINT('',(249.65880852722,48.045117977634,
    6.017322057294E-18));
#294 = CARTESIAN_POINT('',(249.68146415722,48.0833705389,
    1.51788304148E-18));
#295 = CARTESIAN_POINT('',(249.70048450397,48.122631254192,
    -2.981555974335E-18));
#296 = CARTESIAN_POINT('',(249.71604154906,48.164496825611,
    -7.48099499015E-18));
#297 = CARTESIAN_POINT('',(249.72533987072,48.208185452589,
    -1.647987302178E-17));
#298 = CARTESIAN_POINT('',(249.72533987072,48.252011259875,
    -1.647987302178E-17));
#299 = CARTESIAN_POINT('',(249.31538376952,47.877574236526,
    5.551115123126E-17));
#300 = CARTESIAN_POINT('',(249.32406146244,47.872047749506,
    4.010099803724E-17));
#301 = CARTESIAN_POINT('',(249.33328464446,47.86775080452,
    2.219826863007E-17));
#302 = CARTESIAN_POINT('',(249.34294301549,47.864625669783,
    7.230813535417E-18));
#303 = CARTESIAN_POINT('',(249.35298291555,47.862693267094,
    -6.658987894961E-18));
#304 = CARTESIAN_POINT('',(249.36302288766,47.861792405788,
    -1.95064825978E-17));
#305 = CARTESIAN_POINT('',(249.37285302129,47.861710187901,
    -3.134704668357E-17));
#306 = CARTESIAN_POINT('',(249.3827438133,47.862354423358,
    -4.221692773914E-17));
#307 = CARTESIAN_POINT('',(249.40223675172,47.864883364768,
    -6.208647087134E-17));
#308 = CARTESIAN_POINT('',(249.41185657717,47.866758905317,
    -7.108614123564E-17));
#309 = CARTESIAN_POINT('',(249.42134315296,47.86915816748,
    -7.918657212614E-17));
#310 = CARTESIAN_POINT('',(249.43069132209,47.872006884862,
    -8.642364874823E-17));
#311 = CARTESIAN_POINT('',(249.43989737635,47.875243872916,
    -9.283327978475E-17));
#312 = CARTESIAN_POINT('',(249.44895905644,47.878821028929,
    -9.845139739591E-17));
#313 = CARTESIAN_POINT('',(249.45787555192,47.882703332033,
    -1.033139572194E-16));
#314 = CARTESIAN_POINT('',(249.48419139967,47.895199865533,
    -1.157429006718E-16));
#315 = CARTESIAN_POINT('',(249.50118578572,47.904661141821,
    -1.211505855894E-16));
#316 = CARTESIAN_POINT('',(249.51764213407,47.915042018822,
    -1.239677937338E-16));
#317 = CARTESIAN_POINT('',(249.53357449163,47.926209589561,
    -1.244824732561E-16));
#318 = CARTESIAN_POINT('',(249.54899368365,47.938085679901,
    -1.229826759797E-16));
#319 = CARTESIAN_POINT('',(249.56390151964,47.95062383521,
    -1.197565135324E-16));
#320 = CARTESIAN_POINT('',(249.57828499953,47.963786306911,
    -1.150921134781E-16));
#321 = CARTESIAN_POINT('',(249.61976155974,48.004990503599,
    -9.764849939119E-17));
#322 = CARTESIAN_POINT('',(249.6451829482,48.034770329103,
    -8.141888857554E-17));
#323 = CARTESIAN_POINT('',(249.66819009585,48.06649387091,
    -6.289392835334E-17));
#324 = CARTESIAN_POINT('',(249.68864510523,48.100541832266,
    -4.437867277101E-17));
#325 = CARTESIAN_POINT('',(249.7054895443,48.135765254858,
    -2.817802894238E-17));
#326 = CARTESIAN_POINT('',(249.71881900696,48.173387103796,
    -1.659497617479E-17));
#327 = CARTESIAN_POINT('',(249.72628011537,48.212642023406,
    -1.921597200644E-17));
#328 = CARTESIAN_POINT('',(249.72533987072,48.252011259875,
    -1.647987302178E-17));
#329 = CARTESIAN_POINT('',(249.35542391401,47.946883547619,
    2.562618700803E-02));
#330 = CARTESIAN_POINT('',(249.36334739702,47.941579021959,
    2.533845961667E-02));
#331 = CARTESIAN_POINT('',(249.37215376372,47.938123269792,
    2.640768081114E-02));
#332 = CARTESIAN_POINT('',(249.38091320883,47.93498153563,
    2.670811225715E-02));
#333 = CARTESIAN_POINT('',(249.38988573915,47.932661834105,
    2.695077596841E-02));
#334 = CARTESIAN_POINT('',(249.39883808384,47.931075881564,
    2.713814710601E-02));
#335 = CARTESIAN_POINT('',(249.40764317799,47.930101480864,
    2.727267385529E-02));
#336 = CARTESIAN_POINT('',(249.41647248852,47.929675542217,
    2.735617246848E-02));
#337 = CARTESIAN_POINT('',(249.43392360292,47.929803712538,
    2.742570135015E-02));
#338 = CARTESIAN_POINT('',(249.44255675845,47.930351782896,
    2.741172560383E-02));
#339 = CARTESIAN_POINT('',(249.45109346278,47.931331556227,
    2.735109684037E-02));
#340 = CARTESIAN_POINT('',(249.45952997088,47.932698403802,
    2.724587892963E-02));
#341 = CARTESIAN_POINT('',(249.46786284217,47.934415350384,
    2.70981124413E-02));
#342 = CARTESIAN_POINT('',(249.47608894053,47.936453074229,
    2.690981464488E-02));
#343 = CARTESIAN_POINT('',(249.48420543433,47.938789907086,
    2.668297950973E-02));
#344 = CARTESIAN_POINT('',(249.50821852047,47.946655688414,
    2.589277409555E-02));
#345 = CARTESIAN_POINT('',(249.5237981943,47.953037476301,
    2.521967630704E-02));
#346 = CARTESIAN_POINT('',(249.53893566098,47.9604232909,
    2.441607390219E-02));
#347 = CARTESIAN_POINT('',(249.55361730714,47.968722023728,
    2.349754341103E-02));
#348 = CARTESIAN_POINT('',(249.56782660201,47.977871666987,
    2.247948334373E-02));
#349 = CARTESIAN_POINT('',(249.58154163625,47.987825615846,
    2.137714920353E-02));
#350 = CARTESIAN_POINT('',(249.59473266101,47.998538970643,
    2.020568849959E-02));
#351 = CARTESIAN_POINT('',(249.63261355846,48.032786576178,
    1.652915028047E-02));
#352 = CARTESIAN_POINT('',(249.65561147105,48.058441735495,
    1.386190641716E-02));
#353 = CARTESIAN_POINT('',(249.67608983734,48.086489549065,
    1.10987746902E-02));
#354 = CARTESIAN_POINT('',(249.69383700682,48.116927389946,
    8.358737742551E-03));
#355 = CARTESIAN_POINT('',(249.708155999,48.148731774511,
    5.759658915271E-03));
#356 = CARTESIAN_POINT('',(249.71910304151,48.182404877367,
    3.419912440028E-03));
#357 = CARTESIAN_POINT('',(249.7264681643,48.219194003088,
    4.295634074625E-03));
#358 = CARTESIAN_POINT('',(249.72533987072,48.252011259875,
    -2.584737979205E-17));
#359 = CARTESIAN_POINT('',(249.39035471122,48.007348601408,
    7.692268342237E-02));
#360 = CARTESIAN_POINT('',(249.39755013604,48.002311305621,
    7.610596750528E-02));
#361 = CARTESIAN_POINT('',(249.40492492875,47.997869586186,
    7.542601285012E-02));
#362 = CARTESIAN_POINT('',(249.4125621669,47.994220898754,
    7.462154195096E-02));
#363 = CARTESIAN_POINT('',(249.42039924386,47.991289032204,
    7.378083284747E-02));
#364 = CARTESIAN_POINT('',(249.42823295405,47.989010291939,
    7.290622741193E-02));
#365 = CARTESIAN_POINT('',(249.43595504416,47.987288324447,
    7.200001134195E-02));
#366 = CARTESIAN_POINT('',(249.44372548916,47.986058590597,
    7.106305311605E-02));
#367 = CARTESIAN_POINT('',(249.4591344958,47.984499453618,
    6.913154843709E-02));
#368 = CARTESIAN_POINT('',(249.46678373345,47.984164164803,
    6.813698849862E-02));
#369 = CARTESIAN_POINT('',(249.47437562365,47.984229082892,
    6.71151036144E-02));
#370 = CARTESIAN_POINT('',(249.48190758254,47.984656593644,
    6.6067328844E-02));
#371 = CARTESIAN_POINT('',(249.48937652415,47.985415541348,
    6.499505165338E-02));
#372 = CARTESIAN_POINT('',(249.4967788604,47.986481228818,
    6.389961191485E-02));
#373 = CARTESIAN_POINT('',(249.50411050113,47.987835417401,
    6.278230190708E-02));
#374 = CARTESIAN_POINT('',(249.52587955994,47.9927281461,
    5.936849513122E-02));
#375 = CARTESIAN_POINT('',(249.54011078852,47.997093542527,
    5.701006026858E-02));
#376 = CARTESIAN_POINT('',(249.5540341135,48.00244873312,
    5.457907292141E-02));
#377 = CARTESIAN_POINT('',(249.56761990034,48.008714696514,
    5.20851452794E-02));
#378 = CARTESIAN_POINT('',(249.58083417359,48.015835560606,
    4.953756667156E-02));
#379 = CARTESIAN_POINT('',(249.5936374844,48.023766990126,
    4.694537970977E-02));
#380 = CARTESIAN_POINT('',(249.60598377785,48.032464574122,
    4.431745643262E-02));
#381 = CARTESIAN_POINT('',(249.64149022561,48.060687492331,
    3.635281048174E-02));
#382 = CARTESIAN_POINT('',(249.66311661922,48.082355088776,
    3.093518709649E-02));
#383 = CARTESIAN_POINT('',(249.68232543274,48.10643874669,
    2.547931750072E-02));
#384 = CARTESIAN_POINT('',(249.69879180674,48.132888551679,
    2.005286379799E-02));
#385 = CARTESIAN_POINT('',(249.71182949345,48.160685718359,
    1.472188826718E-02));
#386 = CARTESIAN_POINT('',(249.7214242676,48.190282538747,
    9.554257711906E-03));
#387 = CARTESIAN_POINT('',(249.7261860909,48.220689346445,
    4.969969515734E-03));
#388 = CARTESIAN_POINT('',(249.72533987072,48.252011259875,
    -2.844946500602E-17));
#389 = CARTESIAN_POINT('',(249.41494721803,48.049918120741,
    0.148270833363));
#390 = CARTESIAN_POINT('',(249.42138143202,48.04509066777,0.146176082284
    ));
#391 = CARTESIAN_POINT('',(249.42738946672,48.039749863975,
    0.142907170429));
#392 = CARTESIAN_POINT('',(249.43396522388,48.035656448446,0.14025601031
    ));
#393 = CARTESIAN_POINT('',(249.44075170757,48.032208765209,0.13762388503
    ));
#394 = CARTESIAN_POINT('',(249.44756892217,48.029360269448,
    0.135011672006));
#395 = CARTESIAN_POINT('',(249.45432232396,48.027033329211,
    0.132420173752));
#396 = CARTESIAN_POINT('',(249.46115972595,48.025163811328,
    0.129848303157));
#397 = CARTESIAN_POINT('',(249.4747950221,48.022278110424,0.124744521905
    ));
#398 = CARTESIAN_POINT('',(249.48160290459,48.021256280028,
    0.122212593266));
#399 = CARTESIAN_POINT('',(249.48839928377,48.020617512243,
    0.119700358405));
#400 = CARTESIAN_POINT('',(249.49518141151,48.020329373005,
    0.117207485652));
#401 = CARTESIAN_POINT('',(249.50194552932,48.020364951639,0.11473357988
    ));
#402 = CARTESIAN_POINT('',(249.5086868683,48.020702860852,0.112278182505
    ));
#403 = CARTESIAN_POINT('',(249.51539964918,48.021327236738,
    0.109840771482));
#404 = CARTESIAN_POINT('',(249.53543194851,48.024028742848,0.10258074097
    ));
#405 = CARTESIAN_POINT('',(249.54866475953,48.026930467175,
    9.7810242246E-02));
#406 = CARTESIAN_POINT('',(249.56173336762,48.030832557184,
    9.310465274538E-02));
#407 = CARTESIAN_POINT('',(249.57459072531,48.035663206896,
    8.845882806924E-02));
#408 = CARTESIAN_POINT('',(249.58718466062,48.041369170643,
    8.386719333738E-02));
#409 = CARTESIAN_POINT('',(249.59945765228,48.047905774851,
    7.932384471345E-02));
#410 = CARTESIAN_POINT('',(249.61134660498,48.05522692975,
    7.482265093002E-02));
#411 = CARTESIAN_POINT('',(249.64565466382,48.079371563937,
    6.142676258025E-02));
#412 = CARTESIAN_POINT('',(249.66671267988,48.098387207613,
    5.263972822492E-02));
#413 = CARTESIAN_POINT('',(249.68546178841,48.119866776191,
    4.394538413981E-02));
#414 = CARTESIAN_POINT('',(249.70145341595,48.143702295993,
    3.529026124543E-02));
#415 = CARTESIAN_POINT('',(249.71396835849,48.168870904808,
    2.661875736268E-02));
#416 = CARTESIAN_POINT('',(249.72289433921,48.195748918081,
    1.787767634547E-02));
#417 = CARTESIAN_POINT('',(249.72571596858,48.221292054411,
    6.626626020979E-03));
#418 = CARTESIAN_POINT('',(249.72533987072,48.252011259875,
    -3.243932900077E-17));
#419 = CARTESIAN_POINT('',(249.4265501451,48.070002735623,0.229052486999
    ));
#420 = CARTESIAN_POINT('',(249.43253529901,48.065925457,0.225304353507)
  );
#421 = CARTESIAN_POINT('',(249.4386161218,48.062197407584,0.221560074665
    ));
#422 = CARTESIAN_POINT('',(249.44478256487,48.058806234896,
    0.217819628536));
#423 = CARTESIAN_POINT('',(249.45103659874,48.05574556452,0.214082652047
    ));
#424 = CARTESIAN_POINT('',(249.4573267512,48.053021004179,0.21035047187)
  );
#425 = CARTESIAN_POINT('',(249.46362692121,48.050625819849,
    0.206624344221));
#426 = CARTESIAN_POINT('',(249.469984785,48.048532107906,0.202903942398)
  );
#427 = CARTESIAN_POINT('',(249.48274543696,48.044954465674,
    0.195476319271));
#428 = CARTESIAN_POINT('',(249.48915184997,48.04346827097,0.191769082898
    ));
#429 = CARTESIAN_POINT('',(249.49558120074,48.042277092183,
    0.188068769235));
#430 = CARTESIAN_POINT('',(249.50202907999,48.041374193315,
    0.184375664328));
#431 = CARTESIAN_POINT('',(249.50848981855,48.040753712876,
    0.180689992754));
#432 = CARTESIAN_POINT('',(249.51495648726,48.040410663867,
    0.177011917616));
#433 = CARTESIAN_POINT('',(249.52142089707,48.040340933797,
    0.173341540546));
#434 = CARTESIAN_POINT('',(249.54077900266,48.040941986423,
    0.162353624025));
#435 = CARTESIAN_POINT('',(249.55364610943,48.042420519327,
    0.155059230152));
#436 = CARTESIAN_POINT('',(249.56640800881,48.044945695965,
    0.147796102403));
#437 = CARTESIAN_POINT('',(249.57899304317,48.048485400334,
    0.140564036962));
#438 = CARTESIAN_POINT('',(249.59132665381,48.053004532005,
    0.133362333178));
#439 = CARTESIAN_POINT('',(249.60333322729,48.058462950303,
    0.126189882848));
#440 = CARTESIAN_POINT('',(249.61493794153,48.064813418452,0.11904525951
    ));
#441 = CARTESIAN_POINT('',(249.64832995335,48.086371806364,
    9.768990416537E-02));
#442 = CARTESIAN_POINT('',(249.66869260451,48.104090263907,
    8.3557662261E-02));
#443 = CARTESIAN_POINT('',(249.68660336059,48.124694899497,
    6.951618083349E-02));
#444 = CARTESIAN_POINT('',(249.70156618093,48.147762147226,
    5.55474679279E-02));
#445 = CARTESIAN_POINT('',(249.71315004718,48.172468347816,
    4.163012093136E-02));
#446 = CARTESIAN_POINT('',(249.72117832145,48.198490797715,
    2.774357777705E-02));
#447 = CARTESIAN_POINT('',(249.72533987072,48.225166127918,
    1.386922328801E-02));
#448 = CARTESIAN_POINT('',(249.72533987072,48.252011259875,
    -4.597017211339E-17));
#449 = CARTESIAN_POINT('',(249.42533986378,48.067907744077,
    0.309067155008));
#450 = CARTESIAN_POINT('',(249.43100798677,48.064809181687,
    0.304029322833));
#451 = CARTESIAN_POINT('',(249.4367985007,48.061922477467,0.298998888909
    ));
#452 = CARTESIAN_POINT('',(249.44270215588,48.059252968481,0.29397603961
    ));
#453 = CARTESIAN_POINT('',(249.44870942301,48.05680550776,0.288960944407
    ));
#454 = CARTESIAN_POINT('',(249.45481052483,48.054584446053,
    0.283953755232));
#455 = CARTESIAN_POINT('',(249.46099546953,48.052593616246,
    0.278954605932));
#456 = CARTESIAN_POINT('',(249.46725408512,48.050836320867,
    0.273963611833));
#457 = CARTESIAN_POINT('',(249.47989802474,48.047794324285,
    0.263998126989));
#458 = CARTESIAN_POINT('',(249.48628338492,48.046509617595,
    0.259023636052));
#459 = CARTESIAN_POINT('',(249.49272174662,48.045463977006,
    0.254057493486));
#460 = CARTESIAN_POINT('',(249.49920264808,48.04465962356,0.249099776854
    ));
#461 = CARTESIAN_POINT('',(249.50571555465,48.044098224854,
    0.244150544388));
#462 = CARTESIAN_POINT('',(249.51224985874,48.043780895024,
    0.239209834995));
#463 = CARTESIAN_POINT('',(249.51879487989,48.04370819476,0.234277668254
    ));
#464 = CARTESIAN_POINT('',(249.53842983435,48.044224004369,
    0.219506796749));
#465 = CARTESIAN_POINT('',(249.55151981459,48.045546363382,0.20969371856
    ));
#466 = CARTESIAN_POINT('',(249.56452432862,48.047847352948,
    0.199914814904));
#467 = CARTESIAN_POINT('',(249.57735795003,48.051117917524,
    0.190169769553));
#468 = CARTESIAN_POINT('',(249.58993642989,48.05534010326,0.180457955545
    ));
#469 = CARTESIAN_POINT('',(249.60217782419,48.060487359874,
    0.170778445724));
#470 = CARTESIAN_POINT('',(249.61400362088,48.066524842492,0.16113002328
    ));
#471 = CARTESIAN_POINT('',(249.64801236,48.087179455585,0.132273530315)
  );
#472 = CARTESIAN_POINT('',(249.66872659813,48.104338928873,
    0.113154240361));
#473 = CARTESIAN_POINT('',(249.68689059949,48.124546558711,
    9.414139437892E-02));
#474 = CARTESIAN_POINT('',(249.70198397365,48.147336876237,
    7.521873783873E-02));
#475 = CARTESIAN_POINT('',(249.7135903422,48.172139191037,
    5.63663417912E-02));
#476 = CARTESIAN_POINT('',(249.72142336068,48.198307783291,
    3.756165720402E-02));
#477 = CARTESIAN_POINT('',(249.72533987072,48.225159521775,
    1.878082860869E-02));
#478 = CARTESIAN_POINT('',(249.72533987072,48.252011259875,
    -5.290906601729E-17));
#479 = DEFINITIONAL_REPRESENTATION('',(#480),#483);
#480 = B_SPLINE_CURVE_WITH_KNOTS('',1,(#481,#482),.UNSPECIFIED.,.F.,.F.,
  (2,2),(0.,1.),.PIECEWISE_BEZIER_KNOTS.);
#481 = CARTESIAN_POINT('',(0.,0.));
#482 = CARTESIAN_POINT('',(0.,1.));
#483 = ( GEOMETRIC_REPRESENTATION_CONTEXT(2) 
PARAMETRIC_REPRESENTATION_CONTEXT() REPRESENTATION_CONTEXT('2D SPACE',''
  ) );
#484 = ORIENTED_EDGE('',*,*,#485,.T.);
#485 = EDGE_CURVE('',#199,#486,#488,.T.);
#486 = VERTEX_POINT('',#487);
#487 = CARTESIAN_POINT('',(237.42533987072,54.654029968188,
    -5.551115123126E-17));
#488 = SURFACE_CURVE('',#489,(#493,#500),.PCURVE_S1.);
#489 = LINE('',#490,#491);
#490 = CARTESIAN_POINT('',(249.57066498992,47.637648402888,
    1.665334536938E-16));
#491 = VECTOR('',#492,1.);
#492 = DIRECTION('',(-0.865893403497,0.50022856154,0.));
#493 = PCURVE('',#54,#494);
#494 = DEFINITIONAL_REPRESENTATION('',(#495),#499);
#495 = LINE('',#496,#497);
#496 = CARTESIAN_POINT('',(-19.78751485529,11.41731669359));
#497 = VECTOR('',#498,1.);
#498 = DIRECTION('',(-0.50022856154,-0.865893403497));
#499 = ( GEOMETRIC_REPRESENTATION_CONTEXT(2) 
PARAMETRIC_REPRESENTATION_CONTEXT() REPRESENTATION_CONTEXT('2D SPACE',''
  ) );
#500 = PCURVE('',#501,#506);
#501 = CYLINDRICAL_SURFACE('',#502,0.3);
#502 = AXIS2_PLACEMENT_3D('',#503,#504,#505);
#503 = CARTESIAN_POINT('',(249.57066498992,47.637648402888,0.3));
#504 = DIRECTION('',(-0.865893403497,0.50022856154,0.));
#505 = DIRECTION('',(0.,0.,-1.));
#506 = DEFINITIONAL_REPRESENTATION('',(#507),#511);
#507 = LINE('',#508,#509);
#508 = CARTESIAN_POINT('',(6.28318530718,0.));
#509 = VECTOR('',#510,1.);
#510 = DIRECTION('',(-0.,1.));
#511 = ( GEOMETRIC_REPRESENTATION_CONTEXT(2) 
PARAMETRIC_REPRESENTATION_CONTEXT() REPRESENTATION_CONTEXT('2D SPACE',''
  ) );
#512 = ORIENTED_EDGE('',*,*,#513,.T.);
#513 = EDGE_CURVE('',#486,#514,#516,.T.);
#514 = VERTEX_POINT('',#515);
#515 = CARTESIAN_POINT('',(237.42533987072,2.495970031813,
    -1.665334536938E-16));
#516 = SURFACE_CURVE('',#517,(#521,#528),.PCURVE_S1.);
#517 = LINE('',#518,#519);
#518 = CARTESIAN_POINT('',(237.42533987072,55.184438193848,
    -5.551115123126E-17));
#519 = VECTOR('',#520,1.);
#520 = DIRECTION('',(0.,-1.,0.));
#521 = PCURVE('',#54,#522);
#522 = DEFINITIONAL_REPRESENTATION('',(#523),#527);
#523 = LINE('',#524,#525);
#524 = CARTESIAN_POINT('',(-27.33430464625,-0.72800842561));
#525 = VECTOR('',#526,1.);
#526 = DIRECTION('',(1.,-1.110223024625E-16));
#527 = ( GEOMETRIC_REPRESENTATION_CONTEXT(2) 
PARAMETRIC_REPRESENTATION_CONTEXT() REPRESENTATION_CONTEXT('2D SPACE',''
  ) );
#528 = PCURVE('',#529,#534);
#529 = CYLINDRICAL_SURFACE('',#530,0.3);
#530 = AXIS2_PLACEMENT_3D('',#531,#532,#533);
#531 = CARTESIAN_POINT('',(237.42533987072,55.184438193848,0.3));
#532 = DIRECTION('',(0.,-1.,0.));
#533 = DIRECTION('',(-0.,-0.,-1.));
#534 = DEFINITIONAL_REPRESENTATION('',(#535),#539);
#535 = LINE('',#536,#537);
#536 = CARTESIAN_POINT('',(6.28318530718,0.));
#537 = VECTOR('',#538,1.);
#538 = DIRECTION('',(-0.,1.));
#539 = ( GEOMETRIC_REPRESENTATION_CONTEXT(2) 
PARAMETRIC_REPRESENTATION_CONTEXT() REPRESENTATION_CONTEXT('2D SPACE',''
  ) );
#540 = ORIENTED_EDGE('',*,*,#541,.T.);
#541 = EDGE_CURVE('',#514,#542,#544,.T.);
#542 = VERTEX_POINT('',#543);
#543 = CARTESIAN_POINT('',(249.27533985338,9.341741603274,
    -1.110223024625E-16));
#544 = SURFACE_CURVE('',#545,(#549,#556),.PCURVE_S1.);
#545 = LINE('',#546,#547);
#546 = CARTESIAN_POINT('',(236.97066498992,2.233303333264,
    -1.665334536938E-16));
#547 = VECTOR('',#548,1.);
#548 = DIRECTION('',(0.865893403497,0.50022856154,-0.));
#549 = PCURVE('',#54,#550);
#550 = DEFINITIONAL_REPRESENTATION('',(#551),#555);
#551 = LINE('',#552,#553);
#552 = CARTESIAN_POINT('',(25.616830214331,-1.18268330641));
#553 = VECTOR('',#554,1.);
#554 = DIRECTION('',(-0.50022856154,0.865893403497));
#555 = ( GEOMETRIC_REPRESENTATION_CONTEXT(2) 
PARAMETRIC_REPRESENTATION_CONTEXT() REPRESENTATION_CONTEXT('2D SPACE',''
  ) );
#556 = PCURVE('',#557,#562);
#557 = CYLINDRICAL_SURFACE('',#558,0.3);
#558 = AXIS2_PLACEMENT_3D('',#559,#560,#561);
#559 = CARTESIAN_POINT('',(236.97066498992,2.233303333264,0.3));
#560 = DIRECTION('',(0.865893403497,0.50022856154,-0.));
#561 = DIRECTION('',(0.,-0.,-1.));
#562 = DEFINITIONAL_REPRESENTATION('',(#563),#567);
#563 = LINE('',#564,#565);
#564 = CARTESIAN_POINT('',(6.28318530718,0.));
#565 = VECTOR('',#566,1.);
#566 = DIRECTION('',(-0.,1.));
#567 = ( GEOMETRIC_REPRESENTATION_CONTEXT(2) 
PARAMETRIC_REPRESENTATION_CONTEXT() REPRESENTATION_CONTEXT('2D SPACE',''
  ) );
#568 = ORIENTED_EDGE('',*,*,#569,.T.);
#569 = EDGE_CURVE('',#542,#44,#570,.T.);
#570 = SURFACE_CURVE('',#571,(#602,#636),.PCURVE_S1.);
#571 = B_SPLINE_CURVE_WITH_KNOTS('',8,(#572,#573,#574,#575,#576,#577,
    #578,#579,#580,#581,#582,#583,#584,#585,#586,#587,#588,#589,#590,
    #591,#592,#593,#594,#595,#596,#597,#598,#599,#600,#601),
  .UNSPECIFIED.,.F.,.F.,(9,7,7,7,9),(0.,0.125,0.25,0.5,1.),
  .UNSPECIFIED.);
#572 = CARTESIAN_POINT('',(249.27533985338,9.341741603274,
    -1.110223024625E-16));
#573 = CARTESIAN_POINT('',(249.28490153369,9.347265407434,
    -1.10805462028E-16));
#574 = CARTESIAN_POINT('',(249.29509332271,9.351356132789,
    -1.090320170459E-16));
#575 = CARTESIAN_POINT('',(249.3057847103,9.354084124889,
    -1.080596232224E-16));
#576 = CARTESIAN_POINT('',(249.31691321036,9.355425248187,
    -1.071017499638E-16));
#577 = CARTESIAN_POINT('',(249.32802302991,9.355573801625,
    -1.061579132511E-16));
#578 = CARTESIAN_POINT('',(249.33886427473,9.354786029344,
    -1.052276290656E-16));
#579 = CARTESIAN_POINT('',(249.34976357542,9.353173219933,
    -1.043104133885E-16));
#580 = CARTESIAN_POINT('',(249.37119046039,9.348553555354,
    -1.025011510131E-16));
#581 = CARTESIAN_POINT('',(249.38173925229,9.34555769757,
    -1.01609104315E-16));
#582 = CARTESIAN_POINT('',(249.3921175443,9.341981187073,
    -1.007291580875E-16));
#583 = CARTESIAN_POINT('',(249.40232124034,9.337913587738,
    -9.986082831184E-17));
#584 = CARTESIAN_POINT('',(249.41234799754,9.333428654548,
    -9.900363096922E-17));
#585 = CARTESIAN_POINT('',(249.42219722623,9.328584333579,
    -9.815708204079E-17));
#586 = CARTESIAN_POINT('',(249.43187008996,9.323422762016,
    -9.732069750773E-17));
#587 = CARTESIAN_POINT('',(249.46036833656,9.307065280381,
    -9.484058503817E-17));
#588 = CARTESIAN_POINT('',(249.47870775057,9.294999685067,
    -9.322589823129E-17));
#589 = CARTESIAN_POINT('',(249.49641861256,9.282026295004,
    -9.164606077995E-17));
#590 = CARTESIAN_POINT('',(249.51353486415,9.268302787467,
    -9.009720053354E-17));
#591 = CARTESIAN_POINT('',(249.53008634539,9.253919380628,
    -8.857544534145E-17));
#592 = CARTESIAN_POINT('',(249.54609161651,9.238926510013,
    -8.707692305305E-17));
#593 = CARTESIAN_POINT('',(249.56155077983,9.223362504922,
    -8.559776151773E-17));
#594 = CARTESIAN_POINT('',(249.60621334462,9.175118784801,
    -8.120674271916E-17));
#595 = CARTESIAN_POINT('',(249.63370445673,9.14086181771,
    -7.834135126331E-17));
#596 = CARTESIAN_POINT('',(249.65880852722,9.104882022365,
    -7.550693701238E-17));
#597 = CARTESIAN_POINT('',(249.68146415723,9.066629461101,
    -7.267252276146E-17));
#598 = CARTESIAN_POINT('',(249.70048450397,9.027368745807,
    -6.98071313056E-17));
#599 = CARTESIAN_POINT('',(249.71604154906,8.98550317439,
    -6.687978543989E-17));
#600 = CARTESIAN_POINT('',(249.72533987072,8.941814547411,
    -6.071532165919E-17));
#601 = CARTESIAN_POINT('',(249.72533987072,8.897988740125,
    -6.071532165919E-17));
#602 = PCURVE('',#54,#603);
#603 = DEFINITIONAL_REPRESENTATION('',(#604),#635);
#604 = B_SPLINE_CURVE_WITH_KNOTS('',8,(#605,#606,#607,#608,#609,#610,
    #611,#612,#613,#614,#615,#616,#617,#618,#619,#620,#621,#622,#623,
    #624,#625,#626,#627,#628,#629,#630,#631,#632,#633,#634),
  .UNSPECIFIED.,.F.,.F.,(9,7,7,7,9),(0.,0.125,0.25,0.5,1.),
  .UNSPECIFIED.);
#605 = CARTESIAN_POINT('',(18.508391944321,11.12199155705));
#606 = CARTESIAN_POINT('',(18.502868140161,11.13155323736));
#607 = CARTESIAN_POINT('',(18.498777414806,11.14174502638));
#608 = CARTESIAN_POINT('',(18.496049422706,11.15243641397));
#609 = CARTESIAN_POINT('',(18.494708299408,11.16356491403));
#610 = CARTESIAN_POINT('',(18.49455974597,11.17467473358));
#611 = CARTESIAN_POINT('',(18.495347518251,11.1855159784));
#612 = CARTESIAN_POINT('',(18.496960327662,11.19641527909));
#613 = CARTESIAN_POINT('',(18.501579992241,11.21784216406));
#614 = CARTESIAN_POINT('',(18.504575850025,11.22839095596));
#615 = CARTESIAN_POINT('',(18.508152360522,11.23876924797));
#616 = CARTESIAN_POINT('',(18.512219959857,11.24897294401));
#617 = CARTESIAN_POINT('',(18.516704893047,11.25899970121));
#618 = CARTESIAN_POINT('',(18.521549214016,11.2688489299));
#619 = CARTESIAN_POINT('',(18.526710785579,11.27852179363));
#620 = CARTESIAN_POINT('',(18.543068267214,11.30702004023));
#621 = CARTESIAN_POINT('',(18.555133862528,11.32535945424));
#622 = CARTESIAN_POINT('',(18.568107252591,11.34307031623));
#623 = CARTESIAN_POINT('',(18.581830760128,11.36018656782));
#624 = CARTESIAN_POINT('',(18.596214166967,11.37673804906));
#625 = CARTESIAN_POINT('',(18.611207037582,11.39274332018));
#626 = CARTESIAN_POINT('',(18.626771042673,11.4082024835));
#627 = CARTESIAN_POINT('',(18.675014762794,11.45286504829));
#628 = CARTESIAN_POINT('',(18.709271729885,11.4803561604));
#629 = CARTESIAN_POINT('',(18.74525152523,11.50546023089));
#630 = CARTESIAN_POINT('',(18.783504086494,11.5281158609));
#631 = CARTESIAN_POINT('',(18.822764801788,11.54713620764));
#632 = CARTESIAN_POINT('',(18.864630373205,11.56269325273));
#633 = CARTESIAN_POINT('',(18.908319000184,11.57199157439));
#634 = CARTESIAN_POINT('',(18.95214480747,11.57199157439));
#635 = ( GEOMETRIC_REPRESENTATION_CONTEXT(2) 
PARAMETRIC_REPRESENTATION_CONTEXT() REPRESENTATION_CONTEXT('2D SPACE',''
  ) );
#636 = PCURVE('',#637,#848);
#637 = B_SPLINE_SURFACE_WITH_KNOTS('',6,8,(
    (#638,#639,#640,#641,#642,#643,#644,#645,#646,#647,#648,#649,#650
      ,#651,#652,#653,#654,#655,#656,#657,#658,#659,#660,#661,#662,#663
      ,#664,#665,#666,#667)
    ,(#668,#669,#670,#671,#672,#673,#674,#675,#676,#677,#678,#679,#680
      ,#681,#682,#683,#684,#685,#686,#687,#688,#689,#690,#691,#692,#693
      ,#694,#695,#696,#697)
    ,(#698,#699,#700,#701,#702,#703,#704,#705,#706,#707,#708,#709,#710
      ,#711,#712,#713,#714,#715,#716,#717,#718,#719,#720,#721,#722,#723
      ,#724,#725,#726,#727)
    ,(#728,#729,#730,#731,#732,#733,#734,#735,#736,#737,#738,#739,#740
      ,#741,#742,#743,#744,#745,#746,#747,#748,#749,#750,#751,#752,#753
      ,#754,#755,#756,#757)
    ,(#758,#759,#760,#761,#762,#763,#764,#765,#766,#767,#768,#769,#770
      ,#771,#772,#773,#774,#775,#776,#777,#778,#779,#780,#781,#782,#783
      ,#784,#785,#786,#787)
    ,(#788,#789,#790,#791,#792,#793,#794,#795,#796,#797,#798,#799,#800
      ,#801,#802,#803,#804,#805,#806,#807,#808,#809,#810,#811,#812,#813
      ,#814,#815,#816,#817)
    ,(#818,#819,#820,#821,#822,#823,#824,#825,#826,#827,#828,#829,#830
      ,#831,#832,#833,#834,#835,#836,#837,#838,#839,#840,#841,#842,#843
      ,#844,#845,#846,#847
  )),.UNSPECIFIED.,.F.,.F.,.F.,(7,7),(9,7,7,7,9),(0.,1.),(0.,0.125,0.25,
    0.5,1.),.UNSPECIFIED.);
#638 = CARTESIAN_POINT('',(249.27533985338,9.341741603274,
    -1.110223024625E-16));
#639 = CARTESIAN_POINT('',(249.28490153369,9.347265407434,
    -1.10805462028E-16));
#640 = CARTESIAN_POINT('',(249.29509332271,9.351356132789,
    -1.090320170459E-16));
#641 = CARTESIAN_POINT('',(249.3057847103,9.354084124889,
    -1.080596232224E-16));
#642 = CARTESIAN_POINT('',(249.31691321036,9.355425248187,
    -1.071017499638E-16));
#643 = CARTESIAN_POINT('',(249.32802302991,9.355573801625,
    -1.061579132511E-16));
#644 = CARTESIAN_POINT('',(249.33886427473,9.354786029344,
    -1.052276290656E-16));
#645 = CARTESIAN_POINT('',(249.34976357542,9.353173219933,
    -1.043104133885E-16));
#646 = CARTESIAN_POINT('',(249.37119046039,9.348553555354,
    -1.025011510131E-16));
#647 = CARTESIAN_POINT('',(249.38173925229,9.34555769757,
    -1.01609104315E-16));
#648 = CARTESIAN_POINT('',(249.3921175443,9.341981187073,
    -1.007291580875E-16));
#649 = CARTESIAN_POINT('',(249.40232124034,9.337913587738,
    -9.986082831184E-17));
#650 = CARTESIAN_POINT('',(249.41234799754,9.333428654548,
    -9.900363096922E-17));
#651 = CARTESIAN_POINT('',(249.42219722623,9.328584333579,
    -9.815708204079E-17));
#652 = CARTESIAN_POINT('',(249.43187008996,9.323422762016,
    -9.732069750773E-17));
#653 = CARTESIAN_POINT('',(249.46036833656,9.307065280381,
    -9.484058503817E-17));
#654 = CARTESIAN_POINT('',(249.47870775057,9.294999685067,
    -9.322589823129E-17));
#655 = CARTESIAN_POINT('',(249.49641861256,9.282026295004,
    -9.164606077995E-17));
#656 = CARTESIAN_POINT('',(249.51353486415,9.268302787467,
    -9.009720053354E-17));
#657 = CARTESIAN_POINT('',(249.53008634539,9.253919380628,
    -8.857544534145E-17));
#658 = CARTESIAN_POINT('',(249.54609161651,9.238926510013,
    -8.707692305305E-17));
#659 = CARTESIAN_POINT('',(249.56155077983,9.223362504922,
    -8.559776151773E-17));
#660 = CARTESIAN_POINT('',(249.60621334462,9.175118784801,
    -8.120674271916E-17));
#661 = CARTESIAN_POINT('',(249.63370445673,9.14086181771,
    -7.834135126331E-17));
#662 = CARTESIAN_POINT('',(249.65880852722,9.104882022365,
    -7.550693701238E-17));
#663 = CARTESIAN_POINT('',(249.68146415723,9.066629461101,
    -7.267252276146E-17));
#664 = CARTESIAN_POINT('',(249.70048450397,9.027368745807,
    -6.98071313056E-17));
#665 = CARTESIAN_POINT('',(249.71604154906,8.98550317439,
    -6.687978543989E-17));
#666 = CARTESIAN_POINT('',(249.72533987072,8.941814547411,
    -6.071532165919E-17));
#667 = CARTESIAN_POINT('',(249.72533987072,8.897988740125,
    -6.071532165919E-17));
#668 = CARTESIAN_POINT('',(249.31538376952,9.272425763474,
    -1.110223024625E-16));
#669 = CARTESIAN_POINT('',(249.32406146244,9.277952250494,
    -1.076391207127E-16));
#670 = CARTESIAN_POINT('',(249.33328464446,9.28224919548,
    -1.042690835855E-16));
#671 = CARTESIAN_POINT('',(249.34294301549,9.285374330217,
    -1.011751101338E-16));
#672 = CARTESIAN_POINT('',(249.35298291556,9.287306732906,
    -9.826196526853E-17));
#673 = CARTESIAN_POINT('',(249.36302288766,9.288207594211,
    -9.552304651807E-17));
#674 = CARTESIAN_POINT('',(249.37285302129,9.288289812099,
    -9.295178058453E-17));
#675 = CARTESIAN_POINT('',(249.3827438133,9.287645576642,
    -9.054246564642E-17));
#676 = CARTESIAN_POINT('',(249.40223675172,9.285116635232,
    -8.603498602581E-17));
#677 = CARTESIAN_POINT('',(249.41185657717,9.283241094682,
    -8.393682963099E-17));
#678 = CARTESIAN_POINT('',(249.42134315297,9.280841832521,
    -8.198816897128E-17));
#679 = CARTESIAN_POINT('',(249.43069132209,9.277993115137,
    -8.018293984372E-17));
#680 = CARTESIAN_POINT('',(249.43989737635,9.274756127085,
    -7.851510152279E-17));
#681 = CARTESIAN_POINT('',(249.44895905644,9.271178971071,
    -7.697863676036E-17));
#682 = CARTESIAN_POINT('',(249.45787555192,9.267296667967,
    -7.556755178571E-17));
#683 = CARTESIAN_POINT('',(249.48419139967,9.254800134467,
    -7.169252534527E-17));
#684 = CARTESIAN_POINT('',(249.50118578573,9.24533885818,
    -6.958684966942E-17));
#685 = CARTESIAN_POINT('',(249.51764213407,9.234957981175,
    -6.791105462207E-17));
#686 = CARTESIAN_POINT('',(249.53357449163,9.223790410442,
    -6.66174930875E-17));
#687 = CARTESIAN_POINT('',(249.54899368365,9.211914320097,
    -6.565862162225E-17));
#688 = CARTESIAN_POINT('',(249.56390151965,9.199376164792,
    -6.498695658712E-17));
#689 = CARTESIAN_POINT('',(249.57828499953,9.186213693089,
    -6.455503027927E-17));
#690 = CARTESIAN_POINT('',(249.61976155974,9.145009496401,
    -6.383598063407E-17));
#691 = CARTESIAN_POINT('',(249.6451829482,9.115229670897,
    -6.412560371588E-17));
#692 = CARTESIAN_POINT('',(249.66819009585,9.083506129089,
    -6.480463952595E-17));
#693 = CARTESIAN_POINT('',(249.68864510523,9.049458167734,
    -6.54933799759E-17));
#694 = CARTESIAN_POINT('',(249.70548954429,9.014234745142,
    -6.581197004473E-17));
#695 = CARTESIAN_POINT('',(249.71881900697,8.976612896204,
    -6.537862690492E-17));
#696 = CARTESIAN_POINT('',(249.72628011537,8.937357976594,
    -6.345142064385E-17));
#697 = CARTESIAN_POINT('',(249.72533987072,8.897988740125,
    -6.071532165919E-17));
#698 = CARTESIAN_POINT('',(249.35542391401,9.20311645238,
    2.562618700803E-02));
#699 = CARTESIAN_POINT('',(249.36334739702,9.20842097804,
    2.533845961667E-02));
#700 = CARTESIAN_POINT('',(249.37215376372,9.211876730206,
    2.640768081114E-02));
#701 = CARTESIAN_POINT('',(249.38091320883,9.215018464369,
    2.670811225715E-02));
#702 = CARTESIAN_POINT('',(249.38988573915,9.217338165893,
    2.695077596841E-02));
#703 = CARTESIAN_POINT('',(249.39883808384,9.218924118435,
    2.713814710601E-02));
#704 = CARTESIAN_POINT('',(249.40764317799,9.219898519134,
    2.727267385528E-02));
#705 = CARTESIAN_POINT('',(249.41647248852,9.220324457782,
    2.735617246847E-02));
#706 = CARTESIAN_POINT('',(249.43392360292,9.22019628746,
    2.742570135015E-02));
#707 = CARTESIAN_POINT('',(249.44255675845,9.219648217102,
    2.741172560382E-02));
#708 = CARTESIAN_POINT('',(249.45109346278,9.218668443772,
    2.735109684037E-02));
#709 = CARTESIAN_POINT('',(249.45952997088,9.217301596196,
    2.724587892963E-02));
#710 = CARTESIAN_POINT('',(249.46786284217,9.215584649614,
    2.70981124413E-02));
#711 = CARTESIAN_POINT('',(249.47608894053,9.213546925769,
    2.690981464488E-02));
#712 = CARTESIAN_POINT('',(249.48420543433,9.211210092912,
    2.668297950972E-02));
#713 = CARTESIAN_POINT('',(249.50821852047,9.203344311583,
    2.589277409555E-02));
#714 = CARTESIAN_POINT('',(249.52379819431,9.196962523697,
    2.521967630703E-02));
#715 = CARTESIAN_POINT('',(249.53893566098,9.189576709096,
    2.441607390219E-02));
#716 = CARTESIAN_POINT('',(249.55361730715,9.181277976272,
    2.349754341102E-02));
#717 = CARTESIAN_POINT('',(249.56782660201,9.17212833301,
    2.247948334373E-02));
#718 = CARTESIAN_POINT('',(249.58154163625,9.162174384153,
    2.137714920353E-02));
#719 = CARTESIAN_POINT('',(249.59473266101,9.151461029356,
    2.020568849959E-02));
#720 = CARTESIAN_POINT('',(249.63261355846,9.117213423821,
    1.652915028047E-02));
#721 = CARTESIAN_POINT('',(249.65561147106,9.091558264504,
    1.386190641715E-02));
#722 = CARTESIAN_POINT('',(249.67608983734,9.063510450933,
    1.109877469021E-02));
#723 = CARTESIAN_POINT('',(249.69383700682,9.033072610055,
    8.358737742529E-03));
#724 = CARTESIAN_POINT('',(249.708155999,9.001268225488,
    5.759658915289E-03));
#725 = CARTESIAN_POINT('',(249.71910304151,8.967595122633,
    3.419912440016E-03));
#726 = CARTESIAN_POINT('',(249.7264681643,8.930805996911,
    4.295634074627E-03));
#727 = CARTESIAN_POINT('',(249.72533987072,8.897988740125,
    -9.147775129984E-17));
#728 = CARTESIAN_POINT('',(249.39035471122,9.142651398592,
    7.692268342237E-02));
#729 = CARTESIAN_POINT('',(249.39755013604,9.147688694379,
    7.610596750528E-02));
#730 = CARTESIAN_POINT('',(249.40492492875,9.152130413814,
    7.542601285013E-02));
#731 = CARTESIAN_POINT('',(249.4125621669,9.155779101247,
    7.462154195096E-02));
#732 = CARTESIAN_POINT('',(249.42039924386,9.158710967795,
    7.378083284748E-02));
#733 = CARTESIAN_POINT('',(249.42823295405,9.160989708062,
    7.290622741193E-02));
#734 = CARTESIAN_POINT('',(249.43595504416,9.162711675552,
    7.200001134196E-02));
#735 = CARTESIAN_POINT('',(249.44372548916,9.163941409403,
    7.106305311605E-02));
#736 = CARTESIAN_POINT('',(249.4591344958,9.165500546381,
    6.913154843709E-02));
#737 = CARTESIAN_POINT('',(249.46678373345,9.165835835196,
    6.813698849863E-02));
#738 = CARTESIAN_POINT('',(249.47437562366,9.165770917108,
    6.71151036144E-02));
#739 = CARTESIAN_POINT('',(249.48190758254,9.165343406355,
    6.606732884401E-02));
#740 = CARTESIAN_POINT('',(249.48937652415,9.164584458652,
    6.499505165338E-02));
#741 = CARTESIAN_POINT('',(249.4967788604,9.163518771181,
    6.389961191485E-02));
#742 = CARTESIAN_POINT('',(249.50411050113,9.162164582598,
    6.278230190709E-02));
#743 = CARTESIAN_POINT('',(249.52587955995,9.157271853899,
    5.936849513122E-02));
#744 = CARTESIAN_POINT('',(249.54011078852,9.152906457473,
    5.701006026859E-02));
#745 = CARTESIAN_POINT('',(249.5540341135,9.147551266878,
    5.457907292141E-02));
#746 = CARTESIAN_POINT('',(249.56761990034,9.141285303487,
    5.208514527941E-02));
#747 = CARTESIAN_POINT('',(249.5808341736,9.134164439392,
    4.953756667156E-02));
#748 = CARTESIAN_POINT('',(249.5936374844,9.126233009874,
    4.694537970978E-02));
#749 = CARTESIAN_POINT('',(249.60598377785,9.117535425877,
    4.431745643262E-02));
#750 = CARTESIAN_POINT('',(249.64149022561,9.089312507668,
    3.635281048175E-02));
#751 = CARTESIAN_POINT('',(249.66311661922,9.067644911224,
    3.093518709649E-02));
#752 = CARTESIAN_POINT('',(249.68232543274,9.043561253309,
    2.547931750074E-02));
#753 = CARTESIAN_POINT('',(249.69879180674,9.017111448322,
    2.005286379796E-02));
#754 = CARTESIAN_POINT('',(249.71182949345,8.989314281639,
    1.47218882672E-02));
#755 = CARTESIAN_POINT('',(249.7214242676,8.959717461253,
    9.554257711893E-03));
#756 = CARTESIAN_POINT('',(249.7261860909,8.929310653554,
    4.969969515737E-03));
#757 = CARTESIAN_POINT('',(249.72533987072,8.897988740125,
    -1.01307850997E-16));
#758 = CARTESIAN_POINT('',(249.41494721803,9.100081879258,0.148270833363
    ));
#759 = CARTESIAN_POINT('',(249.42138143202,9.104909332229,0.146176082284
    ));
#760 = CARTESIAN_POINT('',(249.42738946672,9.110250136023,0.142907170429
    ));
#761 = CARTESIAN_POINT('',(249.43396522388,9.114343551554,0.14025601031)
  );
#762 = CARTESIAN_POINT('',(249.44075170757,9.117791234788,0.13762388503)
  );
#763 = CARTESIAN_POINT('',(249.44756892217,9.120639730551,0.135011672006
    ));
#764 = CARTESIAN_POINT('',(249.45432232396,9.122966670787,0.132420173752
    ));
#765 = CARTESIAN_POINT('',(249.46115972595,9.12483618867,0.129848303157)
  );
#766 = CARTESIAN_POINT('',(249.4747950221,9.127721889574,0.124744521905)
  );
#767 = CARTESIAN_POINT('',(249.48160290459,9.128743719969,0.122212593266
    ));
#768 = CARTESIAN_POINT('',(249.48839928377,9.129382487755,0.119700358405
    ));
#769 = CARTESIAN_POINT('',(249.49518141151,9.129670626992,0.117207485652
    ));
#770 = CARTESIAN_POINT('',(249.50194552932,9.129635048359,0.11473357988)
  );
#771 = CARTESIAN_POINT('',(249.5086868683,9.129297139145,0.112278182505)
  );
#772 = CARTESIAN_POINT('',(249.51539964918,9.128672763259,0.109840771482
    ));
#773 = CARTESIAN_POINT('',(249.53543194851,9.125971257149,0.10258074097)
  );
#774 = CARTESIAN_POINT('',(249.54866475953,9.123069532823,
    9.7810242246E-02));
#775 = CARTESIAN_POINT('',(249.56173336762,9.119167442812,
    9.310465274538E-02));
#776 = CARTESIAN_POINT('',(249.57459072531,9.114336793103,
    8.845882806924E-02));
#777 = CARTESIAN_POINT('',(249.58718466062,9.108630829354,
    8.386719333738E-02));
#778 = CARTESIAN_POINT('',(249.59945765228,9.102094225147,
    7.932384471345E-02));
#779 = CARTESIAN_POINT('',(249.61134660498,9.094773070248,
    7.482265093002E-02));
#780 = CARTESIAN_POINT('',(249.64565466382,9.070628436061,
    6.142676258025E-02));
#781 = CARTESIAN_POINT('',(249.66671267988,9.051612792386,
    5.263972822492E-02));
#782 = CARTESIAN_POINT('',(249.6854617884,9.030133223807,
    4.394538413983E-02));
#783 = CARTESIAN_POINT('',(249.70145341595,9.006297704008,
    3.529026124539E-02));
#784 = CARTESIAN_POINT('',(249.71396835849,8.981129095191,
    2.661875736272E-02));
#785 = CARTESIAN_POINT('',(249.72289433922,8.954251081919,
    1.787767634545E-02));
#786 = CARTESIAN_POINT('',(249.72571596858,8.928707945589,
    6.626626020982E-03));
#787 = CARTESIAN_POINT('',(249.72533987072,8.897988740125,
    -1.148386941097E-16));
#788 = CARTESIAN_POINT('',(249.4265501451,9.079997264377,0.229052486999)
  );
#789 = CARTESIAN_POINT('',(249.43253529901,9.084074543,0.225304353507));
#790 = CARTESIAN_POINT('',(249.4386161218,9.087802592415,0.221560074665)
  );
#791 = CARTESIAN_POINT('',(249.44478256487,9.091193765106,0.217819628536
    ));
#792 = CARTESIAN_POINT('',(249.45103659874,9.094254435476,0.214082652047
    ));
#793 = CARTESIAN_POINT('',(249.4573267512,9.096978995823,0.21035047187)
  );
#794 = CARTESIAN_POINT('',(249.46362692121,9.099374180148,0.206624344221
    ));
#795 = CARTESIAN_POINT('',(249.469984785,9.101467892092,0.202903942398)
  );
#796 = CARTESIAN_POINT('',(249.48274543695,9.105045534324,0.195476319271
    ));
#797 = CARTESIAN_POINT('',(249.48915184997,9.106531729028,0.191769082898
    ));
#798 = CARTESIAN_POINT('',(249.49558120074,9.107722907815,0.188068769235
    ));
#799 = CARTESIAN_POINT('',(249.50202907998,9.108625806682,0.184375664328
    ));
#800 = CARTESIAN_POINT('',(249.50848981855,9.109246287122,0.180689992754
    ));
#801 = CARTESIAN_POINT('',(249.51495648726,9.10958933613,0.177011917616)
  );
#802 = CARTESIAN_POINT('',(249.52142089707,9.1096590662,0.173341540546)
  );
#803 = CARTESIAN_POINT('',(249.54077900266,9.109058013575,0.162353624025
    ));
#804 = CARTESIAN_POINT('',(249.55364610943,9.10757948067,0.155059230152)
  );
#805 = CARTESIAN_POINT('',(249.56640800881,9.105054304032,0.147796102403
    ));
#806 = CARTESIAN_POINT('',(249.57899304317,9.101514599664,0.140564036962
    ));
#807 = CARTESIAN_POINT('',(249.59132665381,9.096995467993,0.133362333178
    ));
#808 = CARTESIAN_POINT('',(249.60333322729,9.091537049695,0.126189882848
    ));
#809 = CARTESIAN_POINT('',(249.61493794153,9.085186581546,0.11904525951)
  );
#810 = CARTESIAN_POINT('',(249.64832995335,9.063628193634,
    9.768990416537E-02));
#811 = CARTESIAN_POINT('',(249.66869260451,9.045909736093,
    8.3557662261E-02));
#812 = CARTESIAN_POINT('',(249.68660336059,9.0253051005,
    6.951618083353E-02));
#813 = CARTESIAN_POINT('',(249.70156618093,9.002237852775,
    5.554746792783E-02));
#814 = CARTESIAN_POINT('',(249.71315004718,8.977531652182,
    4.163012093142E-02));
#815 = CARTESIAN_POINT('',(249.72117832145,8.951509202285,
    2.774357777701E-02));
#816 = CARTESIAN_POINT('',(249.72533987072,8.924833872082,
    1.386922328802E-02));
#817 = CARTESIAN_POINT('',(249.72533987072,8.897988740125,
    -1.567033539966E-16));
#818 = CARTESIAN_POINT('',(249.42533986378,9.082092255923,0.309067155008
    ));
#819 = CARTESIAN_POINT('',(249.43100798677,9.085190818313,0.304029322833
    ));
#820 = CARTESIAN_POINT('',(249.4367985007,9.088077522531,0.298998888909)
  );
#821 = CARTESIAN_POINT('',(249.44270215588,9.090747031521,0.29397603961)
  );
#822 = CARTESIAN_POINT('',(249.44870942301,9.093194492235,0.288960944407
    ));
#823 = CARTESIAN_POINT('',(249.45481052483,9.095415553948,0.283953755232
    ));
#824 = CARTESIAN_POINT('',(249.46099546952,9.097406383751,0.278954605932
    ));
#825 = CARTESIAN_POINT('',(249.46725408512,9.099163679131,0.273963611833
    ));
#826 = CARTESIAN_POINT('',(249.47989802474,9.102205675713,0.263998126989
    ));
#827 = CARTESIAN_POINT('',(249.48628338492,9.103490382403,0.259023636052
    ));
#828 = CARTESIAN_POINT('',(249.49272174662,9.104536022993,0.254057493486
    ));
#829 = CARTESIAN_POINT('',(249.49920264807,9.105340376437,0.249099776854
    ));
#830 = CARTESIAN_POINT('',(249.50571555465,9.105901775144,0.244150544388
    ));
#831 = CARTESIAN_POINT('',(249.51224985874,9.106219104973,0.239209834995
    ));
#832 = CARTESIAN_POINT('',(249.51879487989,9.106291805237,0.234277668254
    ));
#833 = CARTESIAN_POINT('',(249.53842983435,9.105775995628,0.219506796749
    ));
#834 = CARTESIAN_POINT('',(249.55151981459,9.104453636615,0.20969371856)
  );
#835 = CARTESIAN_POINT('',(249.56452432862,9.102152647049,0.199914814904
    ));
#836 = CARTESIAN_POINT('',(249.57735795003,9.098882082473,0.190169769553
    ));
#837 = CARTESIAN_POINT('',(249.58993642989,9.094659896737,0.180457955545
    ));
#838 = CARTESIAN_POINT('',(249.60217782419,9.089512640124,0.170778445724
    ));
#839 = CARTESIAN_POINT('',(249.61400362088,9.083475157506,0.16113002328)
  );
#840 = CARTESIAN_POINT('',(249.64801236,9.062820544413,0.132273530315));
#841 = CARTESIAN_POINT('',(249.66872659813,9.045661071127,0.113154240361
    ));
#842 = CARTESIAN_POINT('',(249.68689059949,9.025453441287,
    9.414139437897E-02));
#843 = CARTESIAN_POINT('',(249.70198397365,9.002663123764,
    7.521873783865E-02));
#844 = CARTESIAN_POINT('',(249.7135903422,8.977860808962,
    5.636634179127E-02));
#845 = CARTESIAN_POINT('',(249.72142336068,8.951692216709,
    3.756165720398E-02));
#846 = CARTESIAN_POINT('',(249.72533987072,8.924840478225,
    1.87808286087E-02));
#847 = CARTESIAN_POINT('',(249.72533987072,8.897988740125,
    -1.752070710737E-16));
#848 = DEFINITIONAL_REPRESENTATION('',(#849),#852);
#849 = B_SPLINE_CURVE_WITH_KNOTS('',1,(#850,#851),.UNSPECIFIED.,.F.,.F.,
  (2,2),(0.,1.),.PIECEWISE_BEZIER_KNOTS.);
#850 = CARTESIAN_POINT('',(0.,0.));
#851 = CARTESIAN_POINT('',(0.,1.));
#852 = ( GEOMETRIC_REPRESENTATION_CONTEXT(2) 
PARAMETRIC_REPRESENTATION_CONTEXT() REPRESENTATION_CONTEXT('2D SPACE',''
  ) );
#853 = FACE_BOUND('',#854,.F.);
#854 = EDGE_LOOP('',(#855,#885,#913,#941,#969,#997));
#855 = ORIENTED_EDGE('',*,*,#856,.F.);
#856 = EDGE_CURVE('',#857,#859,#861,.T.);
#857 = VERTEX_POINT('',#858);
#858 = CARTESIAN_POINT('',(378.,14.025773216421,0.));
#859 = VERTEX_POINT('',#860);
#860 = CARTESIAN_POINT('',(390.6,21.300386608211,0.));
#861 = SURFACE_CURVE('',#862,(#866,#873),.PCURVE_S1.);
#862 = LINE('',#863,#864);
#863 = CARTESIAN_POINT('',(378.,14.025773216421,0.));
#864 = VECTOR('',#865,1.);
#865 = DIRECTION('',(0.866025403784,0.5,0.));
#866 = PCURVE('',#54,#867);
#867 = DEFINITIONAL_REPRESENTATION('',(#868),#872);
#868 = LINE('',#869,#870);
#869 = CARTESIAN_POINT('',(13.824360331174,139.84665170367));
#870 = VECTOR('',#871,1.);
#871 = DIRECTION('',(-0.5,0.866025403784));
#872 = ( GEOMETRIC_REPRESENTATION_CONTEXT(2) 
PARAMETRIC_REPRESENTATION_CONTEXT() REPRESENTATION_CONTEXT('2D SPACE',''
  ) );
#873 = PCURVE('',#874,#879);
#874 = PLANE('',#875);
#875 = AXIS2_PLACEMENT_3D('',#876,#877,#878);
#876 = CARTESIAN_POINT('',(378.,14.025773216421,0.));
#877 = DIRECTION('',(-0.5,0.866025403784,0.));
#878 = DIRECTION('',(0.866025403784,0.5,0.));
#879 = DEFINITIONAL_REPRESENTATION('',(#880),#884);
#880 = LINE('',#881,#882);
#881 = CARTESIAN_POINT('',(0.,0.));
#882 = VECTOR('',#883,1.);
#883 = DIRECTION('',(1.,0.));
#884 = ( GEOMETRIC_REPRESENTATION_CONTEXT(2) 
PARAMETRIC_REPRESENTATION_CONTEXT() REPRESENTATION_CONTEXT('2D SPACE',''
  ) );
#885 = ORIENTED_EDGE('',*,*,#886,.F.);
#886 = EDGE_CURVE('',#887,#857,#889,.T.);
#887 = VERTEX_POINT('',#888);
#888 = CARTESIAN_POINT('',(365.4,21.300386608211,0.));
#889 = SURFACE_CURVE('',#890,(#894,#901),.PCURVE_S1.);
#890 = LINE('',#891,#892);
#891 = CARTESIAN_POINT('',(365.4,21.300386608211,0.));
#892 = VECTOR('',#893,1.);
#893 = DIRECTION('',(0.866025403784,-0.5,0.));
#894 = PCURVE('',#54,#895);
#895 = DEFINITIONAL_REPRESENTATION('',(#896),#900);
#896 = LINE('',#897,#898);
#897 = CARTESIAN_POINT('',(6.549746939384,127.24665170367));
#898 = VECTOR('',#899,1.);
#899 = DIRECTION('',(0.5,0.866025403784));
#900 = ( GEOMETRIC_REPRESENTATION_CONTEXT(2) 
PARAMETRIC_REPRESENTATION_CONTEXT() REPRESENTATION_CONTEXT('2D SPACE',''
  ) );
#901 = PCURVE('',#902,#907);
#902 = PLANE('',#903);
#903 = AXIS2_PLACEMENT_3D('',#904,#905,#906);
#904 = CARTESIAN_POINT('',(365.4,21.300386608211,0.));
#905 = DIRECTION('',(0.5,0.866025403784,0.));
#906 = DIRECTION('',(0.866025403784,-0.5,0.));
#907 = DEFINITIONAL_REPRESENTATION('',(#908),#912);
#908 = LINE('',#909,#910);
#909 = CARTESIAN_POINT('',(0.,0.));
#910 = VECTOR('',#911,1.);
#911 = DIRECTION('',(1.,0.));
#912 = ( GEOMETRIC_REPRESENTATION_CONTEXT(2) 
PARAMETRIC_REPRESENTATION_CONTEXT() REPRESENTATION_CONTEXT('2D SPACE',''
  ) );
#913 = ORIENTED_EDGE('',*,*,#914,.F.);
#914 = EDGE_CURVE('',#915,#887,#917,.T.);
#915 = VERTEX_POINT('',#916);
#916 = CARTESIAN_POINT('',(365.4,35.849613391789,0.));
#917 = SURFACE_CURVE('',#918,(#922,#929),.PCURVE_S1.);
#918 = LINE('',#919,#920);
#919 = CARTESIAN_POINT('',(365.4,35.849613391789,0.));
#920 = VECTOR('',#921,1.);
#921 = DIRECTION('',(1.110223024625E-16,-1.,0.));
#922 = PCURVE('',#54,#923);
#923 = DEFINITIONAL_REPRESENTATION('',(#924),#928);
#924 = LINE('',#925,#926);
#925 = CARTESIAN_POINT('',(-7.999479844194,127.24665170367));
#926 = VECTOR('',#927,1.);
#927 = DIRECTION('',(1.,0.));
#928 = ( GEOMETRIC_REPRESENTATION_CONTEXT(2) 
PARAMETRIC_REPRESENTATION_CONTEXT() REPRESENTATION_CONTEXT('2D SPACE',''
  ) );
#929 = PCURVE('',#930,#935);
#930 = PLANE('',#931);
#931 = AXIS2_PLACEMENT_3D('',#932,#933,#934);
#932 = CARTESIAN_POINT('',(365.4,35.849613391789,0.));
#933 = DIRECTION('',(1.,1.110223024625E-16,0.));
#934 = DIRECTION('',(1.110223024625E-16,-1.,0.));
#935 = DEFINITIONAL_REPRESENTATION('',(#936),#940);
#936 = LINE('',#937,#938);
#937 = CARTESIAN_POINT('',(0.,0.));
#938 = VECTOR('',#939,1.);
#939 = DIRECTION('',(1.,0.));
#940 = ( GEOMETRIC_REPRESENTATION_CONTEXT(2) 
PARAMETRIC_REPRESENTATION_CONTEXT() REPRESENTATION_CONTEXT('2D SPACE',''
  ) );
#941 = ORIENTED_EDGE('',*,*,#942,.F.);
#942 = EDGE_CURVE('',#943,#915,#945,.T.);
#943 = VERTEX_POINT('',#944);
#944 = CARTESIAN_POINT('',(378.,43.124226783579,0.));
#945 = SURFACE_CURVE('',#946,(#950,#957),.PCURVE_S1.);
#946 = LINE('',#947,#948);
#947 = CARTESIAN_POINT('',(378.,43.124226783579,0.));
#948 = VECTOR('',#949,1.);
#949 = DIRECTION('',(-0.866025403784,-0.5,0.));
#950 = PCURVE('',#54,#951);
#951 = DEFINITIONAL_REPRESENTATION('',(#952),#956);
#952 = LINE('',#953,#954);
#953 = CARTESIAN_POINT('',(-15.27409323598,139.84665170367));
#954 = VECTOR('',#955,1.);
#955 = DIRECTION('',(0.5,-0.866025403784));
#956 = ( GEOMETRIC_REPRESENTATION_CONTEXT(2) 
PARAMETRIC_REPRESENTATION_CONTEXT() REPRESENTATION_CONTEXT('2D SPACE',''
  ) );
#957 = PCURVE('',#958,#963);
#958 = PLANE('',#959);
#959 = AXIS2_PLACEMENT_3D('',#960,#961,#962);
#960 = CARTESIAN_POINT('',(378.,43.124226783579,0.));
#961 = DIRECTION('',(0.5,-0.866025403784,0.));
#962 = DIRECTION('',(-0.866025403784,-0.5,0.));
#963 = DEFINITIONAL_REPRESENTATION('',(#964),#968);
#964 = LINE('',#965,#966);
#965 = CARTESIAN_POINT('',(0.,0.));
#966 = VECTOR('',#967,1.);
#967 = DIRECTION('',(1.,0.));
#968 = ( GEOMETRIC_REPRESENTATION_CONTEXT(2) 
PARAMETRIC_REPRESENTATION_CONTEXT() REPRESENTATION_CONTEXT('2D SPACE',''
  ) );
#969 = ORIENTED_EDGE('',*,*,#970,.F.);
#970 = EDGE_CURVE('',#971,#943,#973,.T.);
#971 = VERTEX_POINT('',#972);
#972 = CARTESIAN_POINT('',(390.6,35.849613391789,0.));
#973 = SURFACE_CURVE('',#974,(#978,#985),.PCURVE_S1.);
#974 = LINE('',#975,#976);
#975 = CARTESIAN_POINT('',(390.6,35.849613391789,0.));
#976 = VECTOR('',#977,1.);
#977 = DIRECTION('',(-0.866025403784,0.5,0.));
#978 = PCURVE('',#54,#979);
#979 = DEFINITIONAL_REPRESENTATION('',(#980),#984);
#980 = LINE('',#981,#982);
#981 = CARTESIAN_POINT('',(-7.999479844194,152.44665170367));
#982 = VECTOR('',#983,1.);
#983 = DIRECTION('',(-0.5,-0.866025403784));
#984 = ( GEOMETRIC_REPRESENTATION_CONTEXT(2) 
PARAMETRIC_REPRESENTATION_CONTEXT() REPRESENTATION_CONTEXT('2D SPACE',''
  ) );
#985 = PCURVE('',#986,#991);
#986 = PLANE('',#987);
#987 = AXIS2_PLACEMENT_3D('',#988,#989,#990);
#988 = CARTESIAN_POINT('',(390.6,35.849613391789,0.));
#989 = DIRECTION('',(-0.5,-0.866025403784,0.));
#990 = DIRECTION('',(-0.866025403784,0.5,0.));
#991 = DEFINITIONAL_REPRESENTATION('',(#992),#996);
#992 = LINE('',#993,#994);
#993 = CARTESIAN_POINT('',(0.,0.));
#994 = VECTOR('',#995,1.);
#995 = DIRECTION('',(1.,-0.));
#996 = ( GEOMETRIC_REPRESENTATION_CONTEXT(2) 
PARAMETRIC_REPRESENTATION_CONTEXT() REPRESENTATION_CONTEXT('2D SPACE',''
  ) );
#997 = ORIENTED_EDGE('',*,*,#998,.F.);
#998 = EDGE_CURVE('',#859,#971,#999,.T.);
#999 = SURFACE_CURVE('',#1000,(#1004,#1011),.PCURVE_S1.);
#1000 = LINE('',#1001,#1002);
#1001 = CARTESIAN_POINT('',(390.6,21.300386608211,0.));
#1002 = VECTOR('',#1003,1.);
#1003 = DIRECTION('',(-1.110223024625E-16,1.,0.));
#1004 = PCURVE('',#54,#1005);
#1005 = DEFINITIONAL_REPRESENTATION('',(#1006),#1010);
#1006 = LINE('',#1007,#1008);
#1007 = CARTESIAN_POINT('',(6.549746939384,152.44665170367));
#1008 = VECTOR('',#1009,1.);
#1009 = DIRECTION('',(-1.,0.));
#1010 = ( GEOMETRIC_REPRESENTATION_CONTEXT(2) 
PARAMETRIC_REPRESENTATION_CONTEXT() REPRESENTATION_CONTEXT('2D SPACE',''
  ) );
#1011 = PCURVE('',#1012,#1017);
#1012 = PLANE('',#1013);
#1013 = AXIS2_PLACEMENT_3D('',#1014,#1015,#1016);
#1014 = CARTESIAN_POINT('',(390.6,21.300386608211,0.));
#1015 = DIRECTION('',(-1.,-1.110223024625E-16,0.));
#1016 = DIRECTION('',(-1.110223024625E-16,1.,0.));
#1017 = DEFINITIONAL_REPRESENTATION('',(#1018),#1022);
#1018 = LINE('',#1019,#1020);
#1019 = CARTESIAN_POINT('',(0.,0.));
#1020 = VECTOR('',#1021,1.);
#1021 = DIRECTION('',(1.,0.));
#1022 = ( GEOMETRIC_REPRESENTATION_CONTEXT(2) 
PARAMETRIC_REPRESENTATION_CONTEXT() REPRESENTATION_CONTEXT('2D SPACE',''
  ) );
#1023 = FACE_BOUND('',#1024,.F.);
#1024 = EDGE_LOOP('',(#1025,#1055,#1083,#1111,#1139,#1167));
#1025 = ORIENTED_EDGE('',*,*,#1026,.F.);
#1026 = EDGE_CURVE('',#1027,#1029,#1031,.T.);
#1027 = VERTEX_POINT('',#1028);
#1028 = CARTESIAN_POINT('',(413.2,14.025773216421,0.));
#1029 = VERTEX_POINT('',#1030);
#1030 = CARTESIAN_POINT('',(425.8,21.300386608211,0.));
#1031 = SURFACE_CURVE('',#1032,(#1036,#1043),.PCURVE_S1.);
#1032 = LINE('',#1033,#1034);
#1033 = CARTESIAN_POINT('',(413.2,14.025773216421,0.));
#1034 = VECTOR('',#1035,1.);
#1035 = DIRECTION('',(0.866025403784,0.5,0.));
#1036 = PCURVE('',#54,#1037);
#1037 = DEFINITIONAL_REPRESENTATION('',(#1038),#1042);
#1038 = LINE('',#1039,#1040);
#1039 = CARTESIAN_POINT('',(13.824360331174,175.04665170367));
#1040 = VECTOR('',#1041,1.);
#1041 = DIRECTION('',(-0.5,0.866025403784));
#1042 = ( GEOMETRIC_REPRESENTATION_CONTEXT(2) 
PARAMETRIC_REPRESENTATION_CONTEXT() REPRESENTATION_CONTEXT('2D SPACE',''
  ) );
#1043 = PCURVE('',#1044,#1049);
#1044 = PLANE('',#1045);
#1045 = AXIS2_PLACEMENT_3D('',#1046,#1047,#1048);
#1046 = CARTESIAN_POINT('',(413.2,14.025773216421,0.));
#1047 = DIRECTION('',(-0.5,0.866025403784,0.));
#1048 = DIRECTION('',(0.866025403784,0.5,0.));
#1049 = DEFINITIONAL_REPRESENTATION('',(#1050),#1054);
#1050 = LINE('',#1051,#1052);
#1051 = CARTESIAN_POINT('',(0.,0.));
#1052 = VECTOR('',#1053,1.);
#1053 = DIRECTION('',(1.,0.));
#1054 = ( GEOMETRIC_REPRESENTATION_CONTEXT(2) 
PARAMETRIC_REPRESENTATION_CONTEXT() REPRESENTATION_CONTEXT('2D SPACE',''
  ) );
#1055 = ORIENTED_EDGE('',*,*,#1056,.F.);
#1056 = EDGE_CURVE('',#1057,#1027,#1059,.T.);
#1057 = VERTEX_POINT('',#1058);
#1058 = CARTESIAN_POINT('',(400.6,21.300386608211,0.));
#1059 = SURFACE_CURVE('',#1060,(#1064,#1071),.PCURVE_S1.);
#1060 = LINE('',#1061,#1062);
#1061 = CARTESIAN_POINT('',(400.6,21.300386608211,0.));
#1062 = VECTOR('',#1063,1.);
#1063 = DIRECTION('',(0.866025403784,-0.5,0.));
#1064 = PCURVE('',#54,#1065);
#1065 = DEFINITIONAL_REPRESENTATION('',(#1066),#1070);
#1066 = LINE('',#1067,#1068);
#1067 = CARTESIAN_POINT('',(6.549746939384,162.44665170367));
#1068 = VECTOR('',#1069,1.);
#1069 = DIRECTION('',(0.5,0.866025403784));
#1070 = ( GEOMETRIC_REPRESENTATION_CONTEXT(2) 
PARAMETRIC_REPRESENTATION_CONTEXT() REPRESENTATION_CONTEXT('2D SPACE',''
  ) );
#1071 = PCURVE('',#1072,#1077);
#1072 = PLANE('',#1073);
#1073 = AXIS2_PLACEMENT_3D('',#1074,#1075,#1076);
#1074 = CARTESIAN_POINT('',(400.6,21.300386608211,0.));
#1075 = DIRECTION('',(0.5,0.866025403784,0.));
#1076 = DIRECTION('',(0.866025403784,-0.5,0.));
#1077 = DEFINITIONAL_REPRESENTATION('',(#1078),#1082);
#1078 = LINE('',#1079,#1080);
#1079 = CARTESIAN_POINT('',(0.,0.));
#1080 = VECTOR('',#1081,1.);
#1081 = DIRECTION('',(1.,0.));
#1082 = ( GEOMETRIC_REPRESENTATION_CONTEXT(2) 
PARAMETRIC_REPRESENTATION_CONTEXT() REPRESENTATION_CONTEXT('2D SPACE',''
  ) );
#1083 = ORIENTED_EDGE('',*,*,#1084,.F.);
#1084 = EDGE_CURVE('',#1085,#1057,#1087,.T.);
#1085 = VERTEX_POINT('',#1086);
#1086 = CARTESIAN_POINT('',(400.6,35.849613391789,0.));
#1087 = SURFACE_CURVE('',#1088,(#1092,#1099),.PCURVE_S1.);
#1088 = LINE('',#1089,#1090);
#1089 = CARTESIAN_POINT('',(400.6,35.849613391789,0.));
#1090 = VECTOR('',#1091,1.);
#1091 = DIRECTION('',(1.110223024625E-16,-1.,0.));
#1092 = PCURVE('',#54,#1093);
#1093 = DEFINITIONAL_REPRESENTATION('',(#1094),#1098);
#1094 = LINE('',#1095,#1096);
#1095 = CARTESIAN_POINT('',(-7.999479844194,162.44665170367));
#1096 = VECTOR('',#1097,1.);
#1097 = DIRECTION('',(1.,0.));
#1098 = ( GEOMETRIC_REPRESENTATION_CONTEXT(2) 
PARAMETRIC_REPRESENTATION_CONTEXT() REPRESENTATION_CONTEXT('2D SPACE',''
  ) );
#1099 = PCURVE('',#1100,#1105);
#1100 = PLANE('',#1101);
#1101 = AXIS2_PLACEMENT_3D('',#1102,#1103,#1104);
#1102 = CARTESIAN_POINT('',(400.6,35.849613391789,0.));
#1103 = DIRECTION('',(1.,1.110223024625E-16,0.));
#1104 = DIRECTION('',(1.110223024625E-16,-1.,0.));
#1105 = DEFINITIONAL_REPRESENTATION('',(#1106),#1110);
#1106 = LINE('',#1107,#1108);
#1107 = CARTESIAN_POINT('',(0.,0.));
#1108 = VECTOR('',#1109,1.);
#1109 = DIRECTION('',(1.,0.));
#1110 = ( GEOMETRIC_REPRESENTATION_CONTEXT(2) 
PARAMETRIC_REPRESENTATION_CONTEXT() REPRESENTATION_CONTEXT('2D SPACE',''
  ) );
#1111 = ORIENTED_EDGE('',*,*,#1112,.F.);
#1112 = EDGE_CURVE('',#1113,#1085,#1115,.T.);
#1113 = VERTEX_POINT('',#1114);
#1114 = CARTESIAN_POINT('',(413.2,43.124226783579,0.));
#1115 = SURFACE_CURVE('',#1116,(#1120,#1127),.PCURVE_S1.);
#1116 = LINE('',#1117,#1118);
#1117 = CARTESIAN_POINT('',(413.2,43.124226783579,0.));
#1118 = VECTOR('',#1119,1.);
#1119 = DIRECTION('',(-0.866025403784,-0.5,0.));
#1120 = PCURVE('',#54,#1121);
#1121 = DEFINITIONAL_REPRESENTATION('',(#1122),#1126);
#1122 = LINE('',#1123,#1124);
#1123 = CARTESIAN_POINT('',(-15.27409323598,175.04665170367));
#1124 = VECTOR('',#1125,1.);
#1125 = DIRECTION('',(0.5,-0.866025403784));
#1126 = ( GEOMETRIC_REPRESENTATION_CONTEXT(2) 
PARAMETRIC_REPRESENTATION_CONTEXT() REPRESENTATION_CONTEXT('2D SPACE',''
  ) );
#1127 = PCURVE('',#1128,#1133);
#1128 = PLANE('',#1129);
#1129 = AXIS2_PLACEMENT_3D('',#1130,#1131,#1132);
#1130 = CARTESIAN_POINT('',(413.2,43.124226783579,0.));
#1131 = DIRECTION('',(0.5,-0.866025403784,0.));
#1132 = DIRECTION('',(-0.866025403784,-0.5,0.));
#1133 = DEFINITIONAL_REPRESENTATION('',(#1134),#1138);
#1134 = LINE('',#1135,#1136);
#1135 = CARTESIAN_POINT('',(0.,0.));
#1136 = VECTOR('',#1137,1.);
#1137 = DIRECTION('',(1.,0.));
#1138 = ( GEOMETRIC_REPRESENTATION_CONTEXT(2) 
PARAMETRIC_REPRESENTATION_CONTEXT() REPRESENTATION_CONTEXT('2D SPACE',''
  ) );
#1139 = ORIENTED_EDGE('',*,*,#1140,.F.);
#1140 = EDGE_CURVE('',#1141,#1113,#1143,.T.);
#1141 = VERTEX_POINT('',#1142);
#1142 = CARTESIAN_POINT('',(425.8,35.849613391789,0.));
#1143 = SURFACE_CURVE('',#1144,(#1148,#1155),.PCURVE_S1.);
#1144 = LINE('',#1145,#1146);
#1145 = CARTESIAN_POINT('',(425.8,35.849613391789,0.));
#1146 = VECTOR('',#1147,1.);
#1147 = DIRECTION('',(-0.866025403784,0.5,0.));
#1148 = PCURVE('',#54,#1149);
#1149 = DEFINITIONAL_REPRESENTATION('',(#1150),#1154);
#1150 = LINE('',#1151,#1152);
#1151 = CARTESIAN_POINT('',(-7.999479844194,187.64665170367));
#1152 = VECTOR('',#1153,1.);
#1153 = DIRECTION('',(-0.5,-0.866025403784));
#1154 = ( GEOMETRIC_REPRESENTATION_CONTEXT(2) 
PARAMETRIC_REPRESENTATION_CONTEXT() REPRESENTATION_CONTEXT('2D SPACE',''
  ) );
#1155 = PCURVE('',#1156,#1161);
#1156 = PLANE('',#1157);
#1157 = AXIS2_PLACEMENT_3D('',#1158,#1159,#1160);
#1158 = CARTESIAN_POINT('',(425.8,35.849613391789,0.));
#1159 = DIRECTION('',(-0.5,-0.866025403784,0.));
#1160 = DIRECTION('',(-0.866025403784,0.5,0.));
#1161 = DEFINITIONAL_REPRESENTATION('',(#1162),#1166);
#1162 = LINE('',#1163,#1164);
#1163 = CARTESIAN_POINT('',(0.,0.));
#1164 = VECTOR('',#1165,1.);
#1165 = DIRECTION('',(1.,-0.));
#1166 = ( GEOMETRIC_REPRESENTATION_CONTEXT(2) 
PARAMETRIC_REPRESENTATION_CONTEXT() REPRESENTATION_CONTEXT('2D SPACE',''
  ) );
#1167 = ORIENTED_EDGE('',*,*,#1168,.F.);
#1168 = EDGE_CURVE('',#1029,#1141,#1169,.T.);
#1169 = SURFACE_CURVE('',#1170,(#1174,#1181),.PCURVE_S1.);
#1170 = LINE('',#1171,#1172);
#1171 = CARTESIAN_POINT('',(425.8,21.300386608211,0.));
#1172 = VECTOR('',#1173,1.);
#1173 = DIRECTION('',(-1.110223024625E-16,1.,0.));
#1174 = PCURVE('',#54,#1175);
#1175 = DEFINITIONAL_REPRESENTATION('',(#1176),#1180);
#1176 = LINE('',#1177,#1178);
#1177 = CARTESIAN_POINT('',(6.549746939384,187.64665170367));
#1178 = VECTOR('',#1179,1.);
#1179 = DIRECTION('',(-1.,0.));
#1180 = ( GEOMETRIC_REPRESENTATION_CONTEXT(2) 
PARAMETRIC_REPRESENTATION_CONTEXT() REPRESENTATION_CONTEXT('2D SPACE',''
  ) );
#1181 = PCURVE('',#1182,#1187);
#1182 = PLANE('',#1183);
#1183 = AXIS2_PLACEMENT_3D('',#1184,#1185,#1186);
#1184 = CARTESIAN_POINT('',(425.8,21.300386608211,0.));
#1185 = DIRECTION('',(-1.,-1.110223024625E-16,0.));
#1186 = DIRECTION('',(-1.110223024625E-16,1.,0.));
#1187 = DEFINITIONAL_REPRESENTATION('',(#1188),#1192);
#1188 = LINE('',#1189,#1190);
#1189 = CARTESIAN_POINT('',(0.,0.));
#1190 = VECTOR('',#1191,1.);
#1191 = DIRECTION('',(1.,0.));
#1192 = ( GEOMETRIC_REPRESENTATION_CONTEXT(2) 
PARAMETRIC_REPRESENTATION_CONTEXT() REPRESENTATION_CONTEXT('2D SPACE',''
  ) );
#1193 = FACE_BOUND('',#1194,.F.);
#1194 = EDGE_LOOP('',(#1195,#1225,#1253,#1281,#1309,#1337));
#1195 = ORIENTED_EDGE('',*,*,#1196,.F.);
#1196 = EDGE_CURVE('',#1197,#1199,#1201,.T.);
#1197 = VERTEX_POINT('',#1198);
#1198 = CARTESIAN_POINT('',(307.6,14.025773216421,0.));
#1199 = VERTEX_POINT('',#1200);
#1200 = CARTESIAN_POINT('',(320.2,21.300386608211,0.));
#1201 = SURFACE_CURVE('',#1202,(#1206,#1213),.PCURVE_S1.);
#1202 = LINE('',#1203,#1204);
#1203 = CARTESIAN_POINT('',(307.6,14.025773216421,0.));
#1204 = VECTOR('',#1205,1.);
#1205 = DIRECTION('',(0.866025403784,0.5,0.));
#1206 = PCURVE('',#54,#1207);
#1207 = DEFINITIONAL_REPRESENTATION('',(#1208),#1212);
#1208 = LINE('',#1209,#1210);
#1209 = CARTESIAN_POINT('',(13.824360331174,69.44665170367));
#1210 = VECTOR('',#1211,1.);
#1211 = DIRECTION('',(-0.5,0.866025403784));
#1212 = ( GEOMETRIC_REPRESENTATION_CONTEXT(2) 
PARAMETRIC_REPRESENTATION_CONTEXT() REPRESENTATION_CONTEXT('2D SPACE',''
  ) );
#1213 = PCURVE('',#1214,#1219);
#1214 = PLANE('',#1215);
#1215 = AXIS2_PLACEMENT_3D('',#1216,#1217,#1218);
#1216 = CARTESIAN_POINT('',(307.6,14.025773216421,0.));
#1217 = DIRECTION('',(-0.5,0.866025403784,0.));
#1218 = DIRECTION('',(0.866025403784,0.5,0.));
#1219 = DEFINITIONAL_REPRESENTATION('',(#1220),#1224);
#1220 = LINE('',#1221,#1222);
#1221 = CARTESIAN_POINT('',(0.,0.));
#1222 = VECTOR('',#1223,1.);
#1223 = DIRECTION('',(1.,0.));
#1224 = ( GEOMETRIC_REPRESENTATION_CONTEXT(2) 
PARAMETRIC_REPRESENTATION_CONTEXT() REPRESENTATION_CONTEXT('2D SPACE',''
  ) );
#1225 = ORIENTED_EDGE('',*,*,#1226,.F.);
#1226 = EDGE_CURVE('',#1227,#1197,#1229,.T.);
#1227 = VERTEX_POINT('',#1228);
#1228 = CARTESIAN_POINT('',(295.,21.300386608211,0.));
#1229 = SURFACE_CURVE('',#1230,(#1234,#1241),.PCURVE_S1.);
#1230 = LINE('',#1231,#1232);
#1231 = CARTESIAN_POINT('',(295.,21.300386608211,0.));
#1232 = VECTOR('',#1233,1.);
#1233 = DIRECTION('',(0.866025403784,-0.5,0.));
#1234 = PCURVE('',#54,#1235);
#1235 = DEFINITIONAL_REPRESENTATION('',(#1236),#1240);
#1236 = LINE('',#1237,#1238);
#1237 = CARTESIAN_POINT('',(6.549746939384,56.84665170367));
#1238 = VECTOR('',#1239,1.);
#1239 = DIRECTION('',(0.5,0.866025403784));
#1240 = ( GEOMETRIC_REPRESENTATION_CONTEXT(2) 
PARAMETRIC_REPRESENTATION_CONTEXT() REPRESENTATION_CONTEXT('2D SPACE',''
  ) );
#1241 = PCURVE('',#1242,#1247);
#1242 = PLANE('',#1243);
#1243 = AXIS2_PLACEMENT_3D('',#1244,#1245,#1246);
#1244 = CARTESIAN_POINT('',(295.,21.300386608211,0.));
#1245 = DIRECTION('',(0.5,0.866025403784,0.));
#1246 = DIRECTION('',(0.866025403784,-0.5,0.));
#1247 = DEFINITIONAL_REPRESENTATION('',(#1248),#1252);
#1248 = LINE('',#1249,#1250);
#1249 = CARTESIAN_POINT('',(0.,0.));
#1250 = VECTOR('',#1251,1.);
#1251 = DIRECTION('',(1.,0.));
#1252 = ( GEOMETRIC_REPRESENTATION_CONTEXT(2) 
PARAMETRIC_REPRESENTATION_CONTEXT() REPRESENTATION_CONTEXT('2D SPACE',''
  ) );
#1253 = ORIENTED_EDGE('',*,*,#1254,.F.);
#1254 = EDGE_CURVE('',#1255,#1227,#1257,.T.);
#1255 = VERTEX_POINT('',#1256);
#1256 = CARTESIAN_POINT('',(295.,35.849613391789,0.));
#1257 = SURFACE_CURVE('',#1258,(#1262,#1269),.PCURVE_S1.);
#1258 = LINE('',#1259,#1260);
#1259 = CARTESIAN_POINT('',(295.,35.849613391789,0.));
#1260 = VECTOR('',#1261,1.);
#1261 = DIRECTION('',(1.110223024625E-16,-1.,0.));
#1262 = PCURVE('',#54,#1263);
#1263 = DEFINITIONAL_REPRESENTATION('',(#1264),#1268);
#1264 = LINE('',#1265,#1266);
#1265 = CARTESIAN_POINT('',(-7.999479844194,56.84665170367));
#1266 = VECTOR('',#1267,1.);
#1267 = DIRECTION('',(1.,0.));
#1268 = ( GEOMETRIC_REPRESENTATION_CONTEXT(2) 
PARAMETRIC_REPRESENTATION_CONTEXT() REPRESENTATION_CONTEXT('2D SPACE',''
  ) );
#1269 = PCURVE('',#1270,#1275);
#1270 = PLANE('',#1271);
#1271 = AXIS2_PLACEMENT_3D('',#1272,#1273,#1274);
#1272 = CARTESIAN_POINT('',(295.,35.849613391789,0.));
#1273 = DIRECTION('',(1.,1.110223024625E-16,0.));
#1274 = DIRECTION('',(1.110223024625E-16,-1.,0.));
#1275 = DEFINITIONAL_REPRESENTATION('',(#1276),#1280);
#1276 = LINE('',#1277,#1278);
#1277 = CARTESIAN_POINT('',(0.,0.));
#1278 = VECTOR('',#1279,1.);
#1279 = DIRECTION('',(1.,0.));
#1280 = ( GEOMETRIC_REPRESENTATION_CONTEXT(2) 
PARAMETRIC_REPRESENTATION_CONTEXT() REPRESENTATION_CONTEXT('2D SPACE',''
  ) );
#1281 = ORIENTED_EDGE('',*,*,#1282,.F.);
#1282 = EDGE_CURVE('',#1283,#1255,#1285,.T.);
#1283 = VERTEX_POINT('',#1284);
#1284 = CARTESIAN_POINT('',(307.6,43.124226783579,0.));
#1285 = SURFACE_CURVE('',#1286,(#1290,#1297),.PCURVE_S1.);
#1286 = LINE('',#1287,#1288);
#1287 = CARTESIAN_POINT('',(307.6,43.124226783579,0.));
#1288 = VECTOR('',#1289,1.);
#1289 = DIRECTION('',(-0.866025403784,-0.5,0.));
#1290 = PCURVE('',#54,#1291);
#1291 = DEFINITIONAL_REPRESENTATION('',(#1292),#1296);
#1292 = LINE('',#1293,#1294);
#1293 = CARTESIAN_POINT('',(-15.27409323598,69.44665170367));
#1294 = VECTOR('',#1295,1.);
#1295 = DIRECTION('',(0.5,-0.866025403784));
#1296 = ( GEOMETRIC_REPRESENTATION_CONTEXT(2) 
PARAMETRIC_REPRESENTATION_CONTEXT() REPRESENTATION_CONTEXT('2D SPACE',''
  ) );
#1297 = PCURVE('',#1298,#1303);
#1298 = PLANE('',#1299);
#1299 = AXIS2_PLACEMENT_3D('',#1300,#1301,#1302);
#1300 = CARTESIAN_POINT('',(307.6,43.124226783579,0.));
#1301 = DIRECTION('',(0.5,-0.866025403784,0.));
#1302 = DIRECTION('',(-0.866025403784,-0.5,0.));
#1303 = DEFINITIONAL_REPRESENTATION('',(#1304),#1308);
#1304 = LINE('',#1305,#1306);
#1305 = CARTESIAN_POINT('',(0.,0.));
#1306 = VECTOR('',#1307,1.);
#1307 = DIRECTION('',(1.,0.));
#1308 = ( GEOMETRIC_REPRESENTATION_CONTEXT(2) 
PARAMETRIC_REPRESENTATION_CONTEXT() REPRESENTATION_CONTEXT('2D SPACE',''
  ) );
#1309 = ORIENTED_EDGE('',*,*,#1310,.F.);
#1310 = EDGE_CURVE('',#1311,#1283,#1313,.T.);
#1311 = VERTEX_POINT('',#1312);
#1312 = CARTESIAN_POINT('',(320.2,35.849613391789,0.));
#1313 = SURFACE_CURVE('',#1314,(#1318,#1325),.PCURVE_S1.);
#1314 = LINE('',#1315,#1316);
#1315 = CARTESIAN_POINT('',(320.2,35.849613391789,0.));
#1316 = VECTOR('',#1317,1.);
#1317 = DIRECTION('',(-0.866025403784,0.5,0.));
#1318 = PCURVE('',#54,#1319);
#1319 = DEFINITIONAL_REPRESENTATION('',(#1320),#1324);
#1320 = LINE('',#1321,#1322);
#1321 = CARTESIAN_POINT('',(-7.999479844194,82.04665170367));
#1322 = VECTOR('',#1323,1.);
#1323 = DIRECTION('',(-0.5,-0.866025403784));
#1324 = ( GEOMETRIC_REPRESENTATION_CONTEXT(2) 
PARAMETRIC_REPRESENTATION_CONTEXT() REPRESENTATION_CONTEXT('2D SPACE',''
  ) );
#1325 = PCURVE('',#1326,#1331);
#1326 = PLANE('',#1327);
#1327 = AXIS2_PLACEMENT_3D('',#1328,#1329,#1330);
#1328 = CARTESIAN_POINT('',(320.2,35.849613391789,0.));
#1329 = DIRECTION('',(-0.5,-0.866025403784,0.));
#1330 = DIRECTION('',(-0.866025403784,0.5,0.));
#1331 = DEFINITIONAL_REPRESENTATION('',(#1332),#1336);
#1332 = LINE('',#1333,#1334);
#1333 = CARTESIAN_POINT('',(0.,0.));
#1334 = VECTOR('',#1335,1.);
#1335 = DIRECTION('',(1.,-0.));
#1336 = ( GEOMETRIC_REPRESENTATION_CONTEXT(2) 
PARAMETRIC_REPRESENTATION_CONTEXT() REPRESENTATION_CONTEXT('2D SPACE',''
  ) );
#1337 = ORIENTED_EDGE('',*,*,#1338,.F.);
#1338 = EDGE_CURVE('',#1199,#1311,#1339,.T.);
#1339 = SURFACE_CURVE('',#1340,(#1344,#1351),.PCURVE_S1.);
#1340 = LINE('',#1341,#1342);
#1341 = CARTESIAN_POINT('',(320.2,21.300386608211,0.));
#1342 = VECTOR('',#1343,1.);
#1343 = DIRECTION('',(-1.110223024625E-16,1.,0.));
#1344 = PCURVE('',#54,#1345);
#1345 = DEFINITIONAL_REPRESENTATION('',(#1346),#1350);
#1346 = LINE('',#1347,#1348);
#1347 = CARTESIAN_POINT('',(6.549746939384,82.04665170367));
#1348 = VECTOR('',#1349,1.);
#1349 = DIRECTION('',(-1.,0.));
#1350 = ( GEOMETRIC_REPRESENTATION_CONTEXT(2) 
PARAMETRIC_REPRESENTATION_CONTEXT() REPRESENTATION_CONTEXT('2D SPACE',''
  ) );
#1351 = PCURVE('',#1352,#1357);
#1352 = PLANE('',#1353);
#1353 = AXIS2_PLACEMENT_3D('',#1354,#1355,#1356);
#1354 = CARTESIAN_POINT('',(320.2,21.300386608211,0.));
#1355 = DIRECTION('',(-1.,-1.110223024625E-16,0.));
#1356 = DIRECTION('',(-1.110223024625E-16,1.,0.));
#1357 = DEFINITIONAL_REPRESENTATION('',(#1358),#1362);
#1358 = LINE('',#1359,#1360);
#1359 = CARTESIAN_POINT('',(0.,0.));
#1360 = VECTOR('',#1361,1.);
#1361 = DIRECTION('',(1.,0.));
#1362 = ( GEOMETRIC_REPRESENTATION_CONTEXT(2) 
PARAMETRIC_REPRESENTATION_CONTEXT() REPRESENTATION_CONTEXT('2D SPACE',''
  ) );
#1363 = FACE_BOUND('',#1364,.F.);
#1364 = EDGE_LOOP('',(#1365,#1395,#1423,#1451,#1479,#1507));
#1365 = ORIENTED_EDGE('',*,*,#1366,.F.);
#1366 = EDGE_CURVE('',#1367,#1369,#1371,.T.);
#1367 = VERTEX_POINT('',#1368);
#1368 = CARTESIAN_POINT('',(342.8,14.025773216421,0.));
#1369 = VERTEX_POINT('',#1370);
#1370 = CARTESIAN_POINT('',(355.4,21.300386608211,0.));
#1371 = SURFACE_CURVE('',#1372,(#1376,#1383),.PCURVE_S1.);
#1372 = LINE('',#1373,#1374);
#1373 = CARTESIAN_POINT('',(342.8,14.025773216421,0.));
#1374 = VECTOR('',#1375,1.);
#1375 = DIRECTION('',(0.866025403784,0.5,0.));
#1376 = PCURVE('',#54,#1377);
#1377 = DEFINITIONAL_REPRESENTATION('',(#1378),#1382);
#1378 = LINE('',#1379,#1380);
#1379 = CARTESIAN_POINT('',(13.824360331174,104.64665170367));
#1380 = VECTOR('',#1381,1.);
#1381 = DIRECTION('',(-0.5,0.866025403784));
#1382 = ( GEOMETRIC_REPRESENTATION_CONTEXT(2) 
PARAMETRIC_REPRESENTATION_CONTEXT() REPRESENTATION_CONTEXT('2D SPACE',''
  ) );
#1383 = PCURVE('',#1384,#1389);
#1384 = PLANE('',#1385);
#1385 = AXIS2_PLACEMENT_3D('',#1386,#1387,#1388);
#1386 = CARTESIAN_POINT('',(342.8,14.025773216421,0.));
#1387 = DIRECTION('',(-0.5,0.866025403784,0.));
#1388 = DIRECTION('',(0.866025403784,0.5,0.));
#1389 = DEFINITIONAL_REPRESENTATION('',(#1390),#1394);
#1390 = LINE('',#1391,#1392);
#1391 = CARTESIAN_POINT('',(0.,0.));
#1392 = VECTOR('',#1393,1.);
#1393 = DIRECTION('',(1.,0.));
#1394 = ( GEOMETRIC_REPRESENTATION_CONTEXT(2) 
PARAMETRIC_REPRESENTATION_CONTEXT() REPRESENTATION_CONTEXT('2D SPACE',''
  ) );
#1395 = ORIENTED_EDGE('',*,*,#1396,.F.);
#1396 = EDGE_CURVE('',#1397,#1367,#1399,.T.);
#1397 = VERTEX_POINT('',#1398);
#1398 = CARTESIAN_POINT('',(330.2,21.300386608211,0.));
#1399 = SURFACE_CURVE('',#1400,(#1404,#1411),.PCURVE_S1.);
#1400 = LINE('',#1401,#1402);
#1401 = CARTESIAN_POINT('',(330.2,21.300386608211,0.));
#1402 = VECTOR('',#1403,1.);
#1403 = DIRECTION('',(0.866025403784,-0.5,0.));
#1404 = PCURVE('',#54,#1405);
#1405 = DEFINITIONAL_REPRESENTATION('',(#1406),#1410);
#1406 = LINE('',#1407,#1408);
#1407 = CARTESIAN_POINT('',(6.549746939384,92.04665170367));
#1408 = VECTOR('',#1409,1.);
#1409 = DIRECTION('',(0.5,0.866025403784));
#1410 = ( GEOMETRIC_REPRESENTATION_CONTEXT(2) 
PARAMETRIC_REPRESENTATION_CONTEXT() REPRESENTATION_CONTEXT('2D SPACE',''
  ) );
#1411 = PCURVE('',#1412,#1417);
#1412 = PLANE('',#1413);
#1413 = AXIS2_PLACEMENT_3D('',#1414,#1415,#1416);
#1414 = CARTESIAN_POINT('',(330.2,21.300386608211,0.));
#1415 = DIRECTION('',(0.5,0.866025403784,0.));
#1416 = DIRECTION('',(0.866025403784,-0.5,0.));
#1417 = DEFINITIONAL_REPRESENTATION('',(#1418),#1422);
#1418 = LINE('',#1419,#1420);
#1419 = CARTESIAN_POINT('',(0.,0.));
#1420 = VECTOR('',#1421,1.);
#1421 = DIRECTION('',(1.,0.));
#1422 = ( GEOMETRIC_REPRESENTATION_CONTEXT(2) 
PARAMETRIC_REPRESENTATION_CONTEXT() REPRESENTATION_CONTEXT('2D SPACE',''
  ) );
#1423 = ORIENTED_EDGE('',*,*,#1424,.F.);
#1424 = EDGE_CURVE('',#1425,#1397,#1427,.T.);
#1425 = VERTEX_POINT('',#1426);
#1426 = CARTESIAN_POINT('',(330.2,35.849613391789,0.));
#1427 = SURFACE_CURVE('',#1428,(#1432,#1439),.PCURVE_S1.);
#1428 = LINE('',#1429,#1430);
#1429 = CARTESIAN_POINT('',(330.2,35.849613391789,0.));
#1430 = VECTOR('',#1431,1.);
#1431 = DIRECTION('',(1.110223024625E-16,-1.,0.));
#1432 = PCURVE('',#54,#1433);
#1433 = DEFINITIONAL_REPRESENTATION('',(#1434),#1438);
#1434 = LINE('',#1435,#1436);
#1435 = CARTESIAN_POINT('',(-7.999479844194,92.04665170367));
#1436 = VECTOR('',#1437,1.);
#1437 = DIRECTION('',(1.,0.));
#1438 = ( GEOMETRIC_REPRESENTATION_CONTEXT(2) 
PARAMETRIC_REPRESENTATION_CONTEXT() REPRESENTATION_CONTEXT('2D SPACE',''
  ) );
#1439 = PCURVE('',#1440,#1445);
#1440 = PLANE('',#1441);
#1441 = AXIS2_PLACEMENT_3D('',#1442,#1443,#1444);
#1442 = CARTESIAN_POINT('',(330.2,35.849613391789,0.));
#1443 = DIRECTION('',(1.,1.110223024625E-16,0.));
#1444 = DIRECTION('',(1.110223024625E-16,-1.,0.));
#1445 = DEFINITIONAL_REPRESENTATION('',(#1446),#1450);
#1446 = LINE('',#1447,#1448);
#1447 = CARTESIAN_POINT('',(0.,0.));
#1448 = VECTOR('',#1449,1.);
#1449 = DIRECTION('',(1.,0.));
#1450 = ( GEOMETRIC_REPRESENTATION_CONTEXT(2) 
PARAMETRIC_REPRESENTATION_CONTEXT() REPRESENTATION_CONTEXT('2D SPACE',''
  ) );
#1451 = ORIENTED_EDGE('',*,*,#1452,.F.);
#1452 = EDGE_CURVE('',#1453,#1425,#1455,.T.);
#1453 = VERTEX_POINT('',#1454);
#1454 = CARTESIAN_POINT('',(342.8,43.124226783579,0.));
#1455 = SURFACE_CURVE('',#1456,(#1460,#1467),.PCURVE_S1.);
#1456 = LINE('',#1457,#1458);
#1457 = CARTESIAN_POINT('',(342.8,43.124226783579,0.));
#1458 = VECTOR('',#1459,1.);
#1459 = DIRECTION('',(-0.866025403784,-0.5,0.));
#1460 = PCURVE('',#54,#1461);
#1461 = DEFINITIONAL_REPRESENTATION('',(#1462),#1466);
#1462 = LINE('',#1463,#1464);
#1463 = CARTESIAN_POINT('',(-15.27409323598,104.64665170367));
#1464 = VECTOR('',#1465,1.);
#1465 = DIRECTION('',(0.5,-0.866025403784));
#1466 = ( GEOMETRIC_REPRESENTATION_CONTEXT(2) 
PARAMETRIC_REPRESENTATION_CONTEXT() REPRESENTATION_CONTEXT('2D SPACE',''
  ) );
#1467 = PCURVE('',#1468,#1473);
#1468 = PLANE('',#1469);
#1469 = AXIS2_PLACEMENT_3D('',#1470,#1471,#1472);
#1470 = CARTESIAN_POINT('',(342.8,43.124226783579,0.));
#1471 = DIRECTION('',(0.5,-0.866025403784,0.));
#1472 = DIRECTION('',(-0.866025403784,-0.5,0.));
#1473 = DEFINITIONAL_REPRESENTATION('',(#1474),#1478);
#1474 = LINE('',#1475,#1476);
#1475 = CARTESIAN_POINT('',(0.,0.));
#1476 = VECTOR('',#1477,1.);
#1477 = DIRECTION('',(1.,0.));
#1478 = ( GEOMETRIC_REPRESENTATION_CONTEXT(2) 
PARAMETRIC_REPRESENTATION_CONTEXT() REPRESENTATION_CONTEXT('2D SPACE',''
  ) );
#1479 = ORIENTED_EDGE('',*,*,#1480,.F.);
#1480 = EDGE_CURVE('',#1481,#1453,#1483,.T.);
#1481 = VERTEX_POINT('',#1482);
#1482 = CARTESIAN_POINT('',(355.4,35.849613391789,0.));
#1483 = SURFACE_CURVE('',#1484,(#1488,#1495),.PCURVE_S1.);
#1484 = LINE('',#1485,#1486);
#1485 = CARTESIAN_POINT('',(355.4,35.849613391789,0.));
#1486 = VECTOR('',#1487,1.);
#1487 = DIRECTION('',(-0.866025403784,0.5,0.));
#1488 = PCURVE('',#54,#1489);
#1489 = DEFINITIONAL_REPRESENTATION('',(#1490),#1494);
#1490 = LINE('',#1491,#1492);
#1491 = CARTESIAN_POINT('',(-7.999479844194,117.24665170367));
#1492 = VECTOR('',#1493,1.);
#1493 = DIRECTION('',(-0.5,-0.866025403784));
#1494 = ( GEOMETRIC_REPRESENTATION_CONTEXT(2) 
PARAMETRIC_REPRESENTATION_CONTEXT() REPRESENTATION_CONTEXT('2D SPACE',''
  ) );
#1495 = PCURVE('',#1496,#1501);
#1496 = PLANE('',#1497);
#1497 = AXIS2_PLACEMENT_3D('',#1498,#1499,#1500);
#1498 = CARTESIAN_POINT('',(355.4,35.849613391789,0.));
#1499 = DIRECTION('',(-0.5,-0.866025403784,0.));
#1500 = DIRECTION('',(-0.866025403784,0.5,0.));
#1501 = DEFINITIONAL_REPRESENTATION('',(#1502),#1506);
#1502 = LINE('',#1503,#1504);
#1503 = CARTESIAN_POINT('',(0.,0.));
#1504 = VECTOR('',#1505,1.);
#1505 = DIRECTION('',(1.,-0.));
#1506 = ( GEOMETRIC_REPRESENTATION_CONTEXT(2) 
PARAMETRIC_REPRESENTATION_CONTEXT() REPRESENTATION_CONTEXT('2D SPACE',''
  ) );
#1507 = ORIENTED_EDGE('',*,*,#1508,.F.);
#1508 = EDGE_CURVE('',#1369,#1481,#1509,.T.);
#1509 = SURFACE_CURVE('',#1510,(#1514,#1521),.PCURVE_S1.);
#1510 = LINE('',#1511,#1512);
#1511 = CARTESIAN_POINT('',(355.4,21.300386608211,0.));
#1512 = VECTOR('',#1513,1.);
#1513 = DIRECTION('',(-1.110223024625E-16,1.,0.));
#1514 = PCURVE('',#54,#1515);
#1515 = DEFINITIONAL_REPRESENTATION('',(#1516),#1520);
#1516 = LINE('',#1517,#1518);
#1517 = CARTESIAN_POINT('',(6.549746939384,117.24665170367));
#1518 = VECTOR('',#1519,1.);
#1519 = DIRECTION('',(-1.,0.));
#1520 = ( GEOMETRIC_REPRESENTATION_CONTEXT(2) 
PARAMETRIC_REPRESENTATION_CONTEXT() REPRESENTATION_CONTEXT('2D SPACE',''
  ) );
#1521 = PCURVE('',#1522,#1527);
#1522 = PLANE('',#1523);
#1523 = AXIS2_PLACEMENT_3D('',#1524,#1525,#1526);
#1524 = CARTESIAN_POINT('',(355.4,21.300386608211,0.));
#1525 = DIRECTION('',(-1.,-1.110223024625E-16,0.));
#1526 = DIRECTION('',(-1.110223024625E-16,1.,0.));
#1527 = DEFINITIONAL_REPRESENTATION('',(#1528),#1532);
#1528 = LINE('',#1529,#1530);
#1529 = CARTESIAN_POINT('',(0.,0.));
#1530 = VECTOR('',#1531,1.);
#1531 = DIRECTION('',(1.,0.));
#1532 = ( GEOMETRIC_REPRESENTATION_CONTEXT(2) 
PARAMETRIC_REPRESENTATION_CONTEXT() REPRESENTATION_CONTEXT('2D SPACE',''
  ) );
#1533 = ADVANCED_FACE('',(#1534),#66,.T.);
#1534 = FACE_BOUND('',#1535,.T.);
#1535 = EDGE_LOOP('',(#1536,#1566,#1592,#1593));
#1536 = ORIENTED_EDGE('',*,*,#1537,.F.);
#1537 = EDGE_CURVE('',#1538,#1540,#1542,.T.);
#1538 = VERTEX_POINT('',#1539);
#1539 = CARTESIAN_POINT('',(249.72533987072,9.34148251267,12.7));
#1540 = VERTEX_POINT('',#1541);
#1541 = CARTESIAN_POINT('',(249.72533987072,0.,12.7));
#1542 = SURFACE_CURVE('',#1543,(#1547,#1554),.PCURVE_S1.);
#1543 = LINE('',#1544,#1545);
#1544 = CARTESIAN_POINT('',(249.72533987072,-12.62733514578,12.7));
#1545 = VECTOR('',#1546,1.);
#1546 = DIRECTION('',(0.,-1.,0.));
#1547 = PCURVE('',#66,#1548);
#1548 = DEFINITIONAL_REPRESENTATION('',(#1549),#1553);
#1549 = LINE('',#1550,#1551);
#1550 = CARTESIAN_POINT('',(-6.312886602326,4.032724084217));
#1551 = VECTOR('',#1552,1.);
#1552 = DIRECTION('',(0.,1.));
#1553 = ( GEOMETRIC_REPRESENTATION_CONTEXT(2) 
PARAMETRIC_REPRESENTATION_CONTEXT() REPRESENTATION_CONTEXT('2D SPACE',''
  ) );
#1554 = PCURVE('',#1555,#1560);
#1555 = PLANE('',#1556);
#1556 = AXIS2_PLACEMENT_3D('',#1557,#1558,#1559);
#1557 = CARTESIAN_POINT('',(0.,57.15,12.7));
#1558 = DIRECTION('',(0.,0.,1.));
#1559 = DIRECTION('',(1.110223024625E-16,-1.,0.));
#1560 = DEFINITIONAL_REPRESENTATION('',(#1561),#1565);
#1561 = LINE('',#1562,#1563);
#1562 = CARTESIAN_POINT('',(69.777335145783,249.72533987072));
#1563 = VECTOR('',#1564,1.);
#1564 = DIRECTION('',(1.,-1.110223024625E-16));
#1565 = ( GEOMETRIC_REPRESENTATION_CONTEXT(2) 
PARAMETRIC_REPRESENTATION_CONTEXT() REPRESENTATION_CONTEXT('2D SPACE',''
  ) );
#1566 = ORIENTED_EDGE('',*,*,#1567,.F.);
#1567 = EDGE_CURVE('',#44,#1538,#1568,.T.);
#1568 = SURFACE_CURVE('',#1569,(#1573,#1580),.PCURVE_S1.);
#1569 = LINE('',#1570,#1571);
#1570 = CARTESIAN_POINT('',(249.72533987072,8.898410916194,
    1.20895408483E-02));
#1571 = VECTOR('',#1572,1.);
#1572 = DIRECTION('',(0.,3.48994967025E-02,0.999390827019));
#1573 = PCURVE('',#66,#1574);
#1574 = DEFINITIONAL_REPRESENTATION('',(#1575),#1579);
#1575 = LINE('',#1576,#1577);
#1576 = CARTESIAN_POINT('',(6.375023856826,-17.49302197776));
#1577 = VECTOR('',#1578,1.);
#1578 = DIRECTION('',(-0.999390827019,-3.48994967025E-02));
#1579 = ( GEOMETRIC_REPRESENTATION_CONTEXT(2) 
PARAMETRIC_REPRESENTATION_CONTEXT() REPRESENTATION_CONTEXT('2D SPACE',''
  ) );
#1580 = PCURVE('',#1581,#1586);
#1581 = CYLINDRICAL_SURFACE('',#1582,0.2);
#1582 = AXIS2_PLACEMENT_3D('',#1583,#1584,#1585);
#1583 = CARTESIAN_POINT('',(249.52533987072,8.898410916194,
    1.20895408483E-02));
#1584 = DIRECTION('',(0.,3.48994967025E-02,0.999390827019));
#1585 = DIRECTION('',(1.,0.,-0.));
#1586 = DEFINITIONAL_REPRESENTATION('',(#1587),#1591);
#1587 = LINE('',#1588,#1589);
#1588 = CARTESIAN_POINT('',(0.,0.));
#1589 = VECTOR('',#1590,1.);
#1590 = DIRECTION('',(0.,1.));
#1591 = ( GEOMETRIC_REPRESENTATION_CONTEXT(2) 
PARAMETRIC_REPRESENTATION_CONTEXT() REPRESENTATION_CONTEXT('2D SPACE',''
  ) );
#1592 = ORIENTED_EDGE('',*,*,#43,.T.);
#1593 = ORIENTED_EDGE('',*,*,#1594,.F.);
#1594 = EDGE_CURVE('',#1540,#46,#1595,.T.);
#1595 = SURFACE_CURVE('',#1596,(#1600,#1607),.PCURVE_S1.);
#1596 = LINE('',#1597,#1598);
#1597 = CARTESIAN_POINT('',(249.72533987072,0.,3.193556698837));
#1598 = VECTOR('',#1599,1.);
#1599 = DIRECTION('',(0.,0.,-1.));
#1600 = PCURVE('',#66,#1601);
#1601 = DEFINITIONAL_REPRESENTATION('',(#1602),#1606);
#1602 = LINE('',#1603,#1604);
#1603 = CARTESIAN_POINT('',(3.193556698837,-8.594611061566));
#1604 = VECTOR('',#1605,1.);
#1605 = DIRECTION('',(1.,0.));
#1606 = ( GEOMETRIC_REPRESENTATION_CONTEXT(2) 
PARAMETRIC_REPRESENTATION_CONTEXT() REPRESENTATION_CONTEXT('2D SPACE',''
  ) );
#1607 = PCURVE('',#94,#1608);
#1608 = DEFINITIONAL_REPRESENTATION('',(#1609),#1613);
#1609 = LINE('',#1610,#1611);
#1610 = CARTESIAN_POINT('',(248.71640997344,-3.193556698837));
#1611 = VECTOR('',#1612,1.);
#1612 = DIRECTION('',(0.,1.));
#1613 = ( GEOMETRIC_REPRESENTATION_CONTEXT(2) 
PARAMETRIC_REPRESENTATION_CONTEXT() REPRESENTATION_CONTEXT('2D SPACE',''
  ) );
#1614 = ADVANCED_FACE('',(#1615),#637,.F.);
#1615 = FACE_BOUND('',#1616,.F.);
#1616 = EDGE_LOOP('',(#1617,#1618,#1650));
#1617 = ORIENTED_EDGE('',*,*,#569,.F.);
#1618 = ORIENTED_EDGE('',*,*,#1619,.T.);
#1619 = EDGE_CURVE('',#542,#1620,#1622,.T.);
#1620 = VERTEX_POINT('',#1621);
#1621 = CARTESIAN_POINT('',(249.42533986378,9.082092255923,
    0.309067155008));
#1622 = SURFACE_CURVE('',#1623,(#1631,#1638),.PCURVE_S1.);
#1623 = B_SPLINE_CURVE_WITH_KNOTS('',6,(#1624,#1625,#1626,#1627,#1628,
    #1629,#1630),.UNSPECIFIED.,.F.,.F.,(7,7),(0.,1.),
  .PIECEWISE_BEZIER_KNOTS.);
#1624 = CARTESIAN_POINT('',(249.27533985338,9.341741603274,
    -1.110223024625E-16));
#1625 = CARTESIAN_POINT('',(249.31538376952,9.272425763474,
    -1.110223024625E-16));
#1626 = CARTESIAN_POINT('',(249.35542391401,9.20311645238,
    2.562618700803E-02));
#1627 = CARTESIAN_POINT('',(249.39035471122,9.142651398592,
    7.692268342237E-02));
#1628 = CARTESIAN_POINT('',(249.41494721803,9.100081879258,
    0.148270833363));
#1629 = CARTESIAN_POINT('',(249.4265501451,9.079997264377,0.229052486999
    ));
#1630 = CARTESIAN_POINT('',(249.42533986378,9.082092255923,
    0.309067155008));
#1631 = PCURVE('',#637,#1632);
#1632 = DEFINITIONAL_REPRESENTATION('',(#1633),#1637);
#1633 = LINE('',#1634,#1635);
#1634 = CARTESIAN_POINT('',(0.,0.));
#1635 = VECTOR('',#1636,1.);
#1636 = DIRECTION('',(1.,0.));
#1637 = ( GEOMETRIC_REPRESENTATION_CONTEXT(2) 
PARAMETRIC_REPRESENTATION_CONTEXT() REPRESENTATION_CONTEXT('2D SPACE',''
  ) );
#1638 = PCURVE('',#557,#1639);
#1639 = DEFINITIONAL_REPRESENTATION('',(#1640),#1649);
#1640 = B_SPLINE_CURVE_WITH_KNOTS('',7,(#1641,#1642,#1643,#1644,#1645,
    #1646,#1647,#1648),.UNSPECIFIED.,.F.,.F.,(8,8),(0.,1.),
  .PIECEWISE_BEZIER_KNOTS.);
#1641 = CARTESIAN_POINT('',(6.28318530718,14.210380647054));
#1642 = CARTESIAN_POINT('',(6.054467481437,14.210380647054));
#1643 = CARTESIAN_POINT('',(5.825770773477,14.210380647053));
#1644 = CARTESIAN_POINT('',(5.596978097399,14.210380647055));
#1645 = CARTESIAN_POINT('',(5.368367736762,14.210380647053));
#1646 = CARTESIAN_POINT('',(5.139575060687,14.210380647054));
#1647 = CARTESIAN_POINT('',(4.910878352724,14.210380647054));
#1648 = CARTESIAN_POINT('',(4.682160526981,14.210380647054));
#1649 = ( GEOMETRIC_REPRESENTATION_CONTEXT(2) 
PARAMETRIC_REPRESENTATION_CONTEXT() REPRESENTATION_CONTEXT('2D SPACE',''
  ) );
#1650 = ORIENTED_EDGE('',*,*,#1651,.T.);
#1651 = EDGE_CURVE('',#1620,#44,#1652,.T.);
#1652 = SURFACE_CURVE('',#1653,(#1684,#1690),.PCURVE_S1.);
#1653 = B_SPLINE_CURVE_WITH_KNOTS('',8,(#1654,#1655,#1656,#1657,#1658,
    #1659,#1660,#1661,#1662,#1663,#1664,#1665,#1666,#1667,#1668,#1669,
    #1670,#1671,#1672,#1673,#1674,#1675,#1676,#1677,#1678,#1679,#1680,
    #1681,#1682,#1683),.UNSPECIFIED.,.F.,.F.,(9,7,7,7,9),(0.,0.125,0.25,
    0.5,1.),.UNSPECIFIED.);
#1654 = CARTESIAN_POINT('',(249.42533986378,9.082092255923,
    0.309067155008));
#1655 = CARTESIAN_POINT('',(249.43100798677,9.085190818313,
    0.304029322833));
#1656 = CARTESIAN_POINT('',(249.4367985007,9.088077522531,0.298998888909
    ));
#1657 = CARTESIAN_POINT('',(249.44270215588,9.090747031521,0.29397603961
    ));
#1658 = CARTESIAN_POINT('',(249.44870942301,9.093194492235,
    0.288960944407));
#1659 = CARTESIAN_POINT('',(249.45481052483,9.095415553948,
    0.283953755232));
#1660 = CARTESIAN_POINT('',(249.46099546952,9.097406383751,
    0.278954605932));
#1661 = CARTESIAN_POINT('',(249.46725408512,9.099163679131,
    0.273963611833));
#1662 = CARTESIAN_POINT('',(249.47989802474,9.102205675713,
    0.263998126989));
#1663 = CARTESIAN_POINT('',(249.48628338492,9.103490382403,
    0.259023636052));
#1664 = CARTESIAN_POINT('',(249.49272174662,9.104536022993,
    0.254057493486));
#1665 = CARTESIAN_POINT('',(249.49920264807,9.105340376437,
    0.249099776854));
#1666 = CARTESIAN_POINT('',(249.50571555465,9.105901775144,
    0.244150544388));
#1667 = CARTESIAN_POINT('',(249.51224985874,9.106219104973,
    0.239209834995));
#1668 = CARTESIAN_POINT('',(249.51879487989,9.106291805237,
    0.234277668254));
#1669 = CARTESIAN_POINT('',(249.53842983435,9.105775995628,
    0.219506796749));
#1670 = CARTESIAN_POINT('',(249.55151981459,9.104453636615,0.20969371856
    ));
#1671 = CARTESIAN_POINT('',(249.56452432862,9.102152647049,
    0.199914814904));
#1672 = CARTESIAN_POINT('',(249.57735795003,9.098882082473,
    0.190169769553));
#1673 = CARTESIAN_POINT('',(249.58993642989,9.094659896737,
    0.180457955545));
#1674 = CARTESIAN_POINT('',(249.60217782419,9.089512640124,
    0.170778445724));
#1675 = CARTESIAN_POINT('',(249.61400362088,9.083475157506,0.16113002328
    ));
#1676 = CARTESIAN_POINT('',(249.64801236,9.062820544413,0.132273530315)
  );
#1677 = CARTESIAN_POINT('',(249.66872659813,9.045661071127,
    0.113154240361));
#1678 = CARTESIAN_POINT('',(249.68689059949,9.025453441287,
    9.414139437897E-02));
#1679 = CARTESIAN_POINT('',(249.70198397365,9.002663123764,
    7.521873783865E-02));
#1680 = CARTESIAN_POINT('',(249.7135903422,8.977860808962,
    5.636634179127E-02));
#1681 = CARTESIAN_POINT('',(249.72142336068,8.951692216709,
    3.756165720398E-02));
#1682 = CARTESIAN_POINT('',(249.72533987072,8.924840478225,
    1.87808286087E-02));
#1683 = CARTESIAN_POINT('',(249.72533987072,8.897988740125,
    -1.752070710737E-16));
#1684 = PCURVE('',#637,#1685);
#1685 = DEFINITIONAL_REPRESENTATION('',(#1686),#1689);
#1686 = B_SPLINE_CURVE_WITH_KNOTS('',1,(#1687,#1688),.UNSPECIFIED.,.F.,
  .F.,(2,2),(0.,1.),.PIECEWISE_BEZIER_KNOTS.);
#1687 = CARTESIAN_POINT('',(1.,0.));
#1688 = CARTESIAN_POINT('',(1.,1.));
#1689 = ( GEOMETRIC_REPRESENTATION_CONTEXT(2) 
PARAMETRIC_REPRESENTATION_CONTEXT() REPRESENTATION_CONTEXT('2D SPACE',''
  ) );
#1690 = PCURVE('',#1581,#1691);
#1691 = DEFINITIONAL_REPRESENTATION('',(#1692),#1695);
#1692 = B_SPLINE_CURVE_WITH_KNOTS('',1,(#1693,#1694),.UNSPECIFIED.,.F.,
  .F.,(2,2),(0.,1.),.PIECEWISE_BEZIER_KNOTS.);
#1693 = CARTESIAN_POINT('',(2.094395142425,0.303207089731));
#1694 = CARTESIAN_POINT('',(0.,-1.209690995899E-02));
#1695 = ( GEOMETRIC_REPRESENTATION_CONTEXT(2) 
PARAMETRIC_REPRESENTATION_CONTEXT() REPRESENTATION_CONTEXT('2D SPACE',''
  ) );
#1696 = ADVANCED_FACE('',(#1697),#557,.T.);
#1697 = FACE_BOUND('',#1698,.T.);
#1698 = EDGE_LOOP('',(#1699,#1700,#1728,#1766));
#1699 = ORIENTED_EDGE('',*,*,#1619,.T.);
#1700 = ORIENTED_EDGE('',*,*,#1701,.F.);
#1701 = EDGE_CURVE('',#1702,#1620,#1704,.T.);
#1702 = VERTEX_POINT('',#1703);
#1703 = CARTESIAN_POINT('',(237.57533988112,2.236320684461,
    0.309067155008));
#1704 = SURFACE_CURVE('',#1705,(#1709,#1716),.PCURVE_S1.);
#1705 = LINE('',#1706,#1707);
#1706 = CARTESIAN_POINT('',(237.12066500032,1.973653985913,
    0.309067155008));
#1707 = VECTOR('',#1708,1.);
#1708 = DIRECTION('',(0.865893403497,0.50022856154,-0.));
#1709 = PCURVE('',#557,#1710);
#1710 = DEFINITIONAL_REPRESENTATION('',(#1711),#1715);
#1711 = LINE('',#1712,#1713);
#1712 = CARTESIAN_POINT('',(4.682160526981,0.));
#1713 = VECTOR('',#1714,1.);
#1714 = DIRECTION('',(-0.,1.));
#1715 = ( GEOMETRIC_REPRESENTATION_CONTEXT(2) 
PARAMETRIC_REPRESENTATION_CONTEXT() REPRESENTATION_CONTEXT('2D SPACE',''
  ) );
#1716 = PCURVE('',#1717,#1722);
#1717 = PLANE('',#1718);
#1718 = AXIS2_PLACEMENT_3D('',#1719,#1720,#1721);
#1719 = CARTESIAN_POINT('',(243.42533987072,5.826832824349,6.35));
#1720 = DIRECTION('',(0.500000034668,-0.865497824504,3.022385002513E-02)
  );
#1721 = DIRECTION('',(-0.865893403497,-0.50022856154,-1.03601641079E-14)
  );
#1722 = DEFINITIONAL_REPRESENTATION('',(#1723),#1727);
#1723 = LINE('',#1724,#1725);
#1724 = CARTESIAN_POINT('',(7.38664648918,6.04369387577));
#1725 = VECTOR('',#1726,1.);
#1726 = DIRECTION('',(-1.,-1.605268984088E-18));
#1727 = ( GEOMETRIC_REPRESENTATION_CONTEXT(2) 
PARAMETRIC_REPRESENTATION_CONTEXT() REPRESENTATION_CONTEXT('2D SPACE',''
  ) );
#1728 = ORIENTED_EDGE('',*,*,#1729,.F.);
#1729 = EDGE_CURVE('',#514,#1702,#1730,.T.);
#1730 = SURFACE_CURVE('',#1731,(#1736,#1743),.PCURVE_S1.);
#1731 = CIRCLE('',#1732,0.3);
#1732 = AXIS2_PLACEMENT_3D('',#1733,#1734,#1735);
#1733 = CARTESIAN_POINT('',(237.42533987072,2.495970031813,0.3));
#1734 = DIRECTION('',(-0.865893403497,-0.50022856154,-8.795779855002E-14
    ));
#1735 = DIRECTION('',(9.473903143468E-14,1.184237892934E-14,-1.));
#1736 = PCURVE('',#557,#1737);
#1737 = DEFINITIONAL_REPRESENTATION('',(#1738),#1742);
#1738 = LINE('',#1739,#1740);
#1739 = CARTESIAN_POINT('',(6.28318530718,0.5250933648));
#1740 = VECTOR('',#1741,1.);
#1741 = DIRECTION('',(-1.,1.525579544042E-14));
#1742 = ( GEOMETRIC_REPRESENTATION_CONTEXT(2) 
PARAMETRIC_REPRESENTATION_CONTEXT() REPRESENTATION_CONTEXT('2D SPACE',''
  ) );
#1743 = PCURVE('',#1744,#1749);
#1744 = SPHERICAL_SURFACE('',#1745,0.3);
#1745 = AXIS2_PLACEMENT_3D('',#1746,#1747,#1748);
#1746 = CARTESIAN_POINT('',(237.42533987072,2.495970031813,0.3));
#1747 = DIRECTION('',(1.,-1.184237892934E-14,-7.401486830835E-16));
#1748 = DIRECTION('',(-7.401486830834E-16,1.184237892934E-14,-1.));
#1749 = DEFINITIONAL_REPRESENTATION('',(#1750),#1765);
#1750 = B_SPLINE_CURVE_WITH_KNOTS('',7,(#1751,#1752,#1753,#1754,#1755,
    #1756,#1757,#1758,#1759,#1760,#1761,#1762,#1763,#1764),
  .UNSPECIFIED.,.F.,.F.,(8,6,8),(0.,0.800512390099,1.601024780199),
  .UNSPECIFIED.);
#1751 = CARTESIAN_POINT('',(6.28318530718,9.473903143468E-14));
#1752 = CARTESIAN_POINT('',(6.184162678893,5.7205594485E-02));
#1753 = CARTESIAN_POINT('',(6.085141101845,0.114412119873));
#1754 = CARTESIAN_POINT('',(5.985055529467,0.170698098717));
#1755 = CARTESIAN_POINT('',(5.882864836546,0.225159618948));
#1756 = CARTESIAN_POINT('',(5.777539505094,0.276805628865));
#1757 = CARTESIAN_POINT('',(5.668219889264,0.324538270019));
#1758 = CARTESIAN_POINT('',(5.440870229373,0.409898226015));
#1759 = CARTESIAN_POINT('',(5.322839162096,0.447526965725));
#1760 = CARTESIAN_POINT('',(5.200106044864,0.478968240985));
#1761 = CARTESIAN_POINT('',(5.072773630431,0.503083445722));
#1762 = CARTESIAN_POINT('',(4.941895693997,0.518785572118));
#1763 = CARTESIAN_POINT('',(4.809512572497,0.525595262086));
#1764 = CARTESIAN_POINT('',(4.677482395345,0.52359881563));
#1765 = ( GEOMETRIC_REPRESENTATION_CONTEXT(2) 
PARAMETRIC_REPRESENTATION_CONTEXT() REPRESENTATION_CONTEXT('2D SPACE',''
  ) );
#1766 = ORIENTED_EDGE('',*,*,#541,.T.);
#1767 = ADVANCED_FACE('',(#1768),#529,.T.);
#1768 = FACE_BOUND('',#1769,.T.);
#1769 = EDGE_LOOP('',(#1770,#1792,#1820,#1856));
#1770 = ORIENTED_EDGE('',*,*,#1771,.F.);
#1771 = EDGE_CURVE('',#1772,#514,#1774,.T.);
#1772 = VERTEX_POINT('',#1773);
#1773 = CARTESIAN_POINT('',(237.12533987072,2.495970031813,0.3));
#1774 = SURFACE_CURVE('',#1775,(#1780,#1786),.PCURVE_S1.);
#1775 = CIRCLE('',#1776,0.3);
#1776 = AXIS2_PLACEMENT_3D('',#1777,#1778,#1779);
#1777 = CARTESIAN_POINT('',(237.42533987072,2.495970031813,0.3));
#1778 = DIRECTION('',(-1.184237892934E-14,-1.,-1.184237892934E-14));
#1779 = DIRECTION('',(-7.401486830833E-16,1.184237892934E-14,-1.));
#1780 = PCURVE('',#529,#1781);
#1781 = DEFINITIONAL_REPRESENTATION('',(#1782),#1785);
#1782 = B_SPLINE_CURVE_WITH_KNOTS('',1,(#1783,#1784),.UNSPECIFIED.,.F.,
  .F.,(2,2),(4.712388980385,6.28318530718),.PIECEWISE_BEZIER_KNOTS.);
#1783 = CARTESIAN_POINT('',(4.712388980385,52.688468162035));
#1784 = CARTESIAN_POINT('',(6.28318530718,52.688468162035));
#1785 = ( GEOMETRIC_REPRESENTATION_CONTEXT(2) 
PARAMETRIC_REPRESENTATION_CONTEXT() REPRESENTATION_CONTEXT('2D SPACE',''
  ) );
#1786 = PCURVE('',#1744,#1787);
#1787 = DEFINITIONAL_REPRESENTATION('',(#1788),#1791);
#1788 = B_SPLINE_CURVE_WITH_KNOTS('',1,(#1789,#1790),.UNSPECIFIED.,.F.,
  .F.,(2,2),(4.712388980385,6.28318530718),.PIECEWISE_BEZIER_KNOTS.);
#1789 = CARTESIAN_POINT('',(6.28318530718,-1.570796326795));
#1790 = CARTESIAN_POINT('',(6.28318530718,9.503509090791E-14));
#1791 = ( GEOMETRIC_REPRESENTATION_CONTEXT(2) 
PARAMETRIC_REPRESENTATION_CONTEXT() REPRESENTATION_CONTEXT('2D SPACE',''
  ) );
#1792 = ORIENTED_EDGE('',*,*,#1793,.F.);
#1793 = EDGE_CURVE('',#1794,#1772,#1796,.T.);
#1794 = VERTEX_POINT('',#1795);
#1795 = CARTESIAN_POINT('',(237.12533987072,54.654029968188,0.3));
#1796 = SURFACE_CURVE('',#1797,(#1801,#1808),.PCURVE_S1.);
#1797 = LINE('',#1798,#1799);
#1798 = CARTESIAN_POINT('',(237.12533987072,55.184438193848,0.3));
#1799 = VECTOR('',#1800,1.);
#1800 = DIRECTION('',(0.,-1.,0.));
#1801 = PCURVE('',#529,#1802);
#1802 = DEFINITIONAL_REPRESENTATION('',(#1803),#1807);
#1803 = LINE('',#1804,#1805);
#1804 = CARTESIAN_POINT('',(4.712388980385,0.));
#1805 = VECTOR('',#1806,1.);
#1806 = DIRECTION('',(-0.,1.));
#1807 = ( GEOMETRIC_REPRESENTATION_CONTEXT(2) 
PARAMETRIC_REPRESENTATION_CONTEXT() REPRESENTATION_CONTEXT('2D SPACE',''
  ) );
#1808 = PCURVE('',#1809,#1814);
#1809 = PLANE('',#1810);
#1810 = AXIS2_PLACEMENT_3D('',#1811,#1812,#1813);
#1811 = CARTESIAN_POINT('',(237.12533987072,28.575,6.294090519716));
#1812 = DIRECTION('',(-1.,-0.,-0.));
#1813 = DIRECTION('',(0.,0.,-1.));
#1814 = DEFINITIONAL_REPRESENTATION('',(#1815),#1819);
#1815 = LINE('',#1816,#1817);
#1816 = CARTESIAN_POINT('',(5.994090519716,-26.60943819384));
#1817 = VECTOR('',#1818,1.);
#1818 = DIRECTION('',(0.,1.));
#1819 = ( GEOMETRIC_REPRESENTATION_CONTEXT(2) 
PARAMETRIC_REPRESENTATION_CONTEXT() REPRESENTATION_CONTEXT('2D SPACE',''
  ) );
#1820 = ORIENTED_EDGE('',*,*,#1821,.F.);
#1821 = EDGE_CURVE('',#486,#1794,#1822,.T.);
#1822 = SURFACE_CURVE('',#1823,(#1828,#1835),.PCURVE_S1.);
#1823 = CIRCLE('',#1824,0.3);
#1824 = AXIS2_PLACEMENT_3D('',#1825,#1826,#1827);
#1825 = CARTESIAN_POINT('',(237.42533987072,54.654029968188,0.3));
#1826 = DIRECTION('',(0.,1.,0.));
#1827 = DIRECTION('',(9.473903143468E-14,0.,-1.));
#1828 = PCURVE('',#529,#1829);
#1829 = DEFINITIONAL_REPRESENTATION('',(#1830),#1834);
#1830 = LINE('',#1831,#1832);
#1831 = CARTESIAN_POINT('',(6.28318530718,0.53040822566));
#1832 = VECTOR('',#1833,1.);
#1833 = DIRECTION('',(-1.,2.120369787642E-16));
#1834 = ( GEOMETRIC_REPRESENTATION_CONTEXT(2) 
PARAMETRIC_REPRESENTATION_CONTEXT() REPRESENTATION_CONTEXT('2D SPACE',''
  ) );
#1835 = PCURVE('',#1836,#1841);
#1836 = SPHERICAL_SURFACE('',#1837,0.3);
#1837 = AXIS2_PLACEMENT_3D('',#1838,#1839,#1840);
#1838 = CARTESIAN_POINT('',(237.42533987072,54.654029968188,0.3));
#1839 = DIRECTION('',(-0.500000034668,-0.865497824504,
    -3.022385002511E-02));
#1840 = DIRECTION('',(1.511883302233E-02,2.617063236498E-02,
    -0.999543155091));
#1841 = DEFINITIONAL_REPRESENTATION('',(#1842),#1855);
#1842 = B_SPLINE_CURVE_WITH_KNOTS('',6,(#1843,#1844,#1845,#1846,#1847,
    #1848,#1849,#1850,#1851,#1852,#1853,#1854),.UNSPECIFIED.,.F.,.F.,(7,
    5,7),(0.,0.785398163397,1.570796326795),.UNSPECIFIED.);
#1843 = CARTESIAN_POINT('',(6.28318530718,3.022845340356E-02));
#1844 = CARTESIAN_POINT('',(6.169788320877,9.570821898898E-02));
#1845 = CARTESIAN_POINT('',(6.055853532968,0.160723030123));
#1846 = CARTESIAN_POINT('',(5.939622445107,0.223745830215));
#1847 = CARTESIAN_POINT('',(5.819405535566,0.283258467553));
#1848 = CARTESIAN_POINT('',(5.693583084411,0.337411893072));
#1849 = CARTESIAN_POINT('',(5.429935910569,0.431219644385));
#1850 = CARTESIAN_POINT('',(5.292106355701,0.470870165252));
#1851 = CARTESIAN_POINT('',(5.147909825039,0.501426538801));
#1852 = CARTESIAN_POINT('',(4.998000147197,0.520884680758));
#1853 = CARTESIAN_POINT('',(4.845988242505,0.528167149066));
#1854 = CARTESIAN_POINT('',(4.694930368458,0.52359881563));
#1855 = ( GEOMETRIC_REPRESENTATION_CONTEXT(2) 
PARAMETRIC_REPRESENTATION_CONTEXT() REPRESENTATION_CONTEXT('2D SPACE',''
  ) );
#1856 = ORIENTED_EDGE('',*,*,#513,.T.);
#1857 = ADVANCED_FACE('',(#1858),#501,.T.);
#1858 = FACE_BOUND('',#1859,.T.);
#1859 = EDGE_LOOP('',(#1860,#1882,#1910,#1940));
#1860 = ORIENTED_EDGE('',*,*,#1861,.F.);
#1861 = EDGE_CURVE('',#1862,#486,#1864,.T.);
#1862 = VERTEX_POINT('',#1863);
#1863 = CARTESIAN_POINT('',(237.57533988112,54.913679315539,
    0.309067155008));
#1864 = SURFACE_CURVE('',#1865,(#1870,#1876),.PCURVE_S1.);
#1865 = CIRCLE('',#1866,0.3);
#1866 = AXIS2_PLACEMENT_3D('',#1867,#1868,#1869);
#1867 = CARTESIAN_POINT('',(237.42533987072,54.654029968188,0.3));
#1868 = DIRECTION('',(-0.865893403497,0.50022856154,-8.203235044526E-14)
  );
#1869 = DIRECTION('',(1.511883302233E-02,2.617063236499E-02,
    -0.999543155091));
#1870 = PCURVE('',#501,#1871);
#1871 = DEFINITIONAL_REPRESENTATION('',(#1872),#1875);
#1872 = B_SPLINE_CURVE_WITH_KNOTS('',1,(#1873,#1874),.UNSPECIFIED.,.F.,
  .F.,(2,2),(4.712388980385,6.313413760583),.PIECEWISE_BEZIER_KNOTS.);
#1873 = CARTESIAN_POINT('',(4.682160526981,14.026351361667));
#1874 = CARTESIAN_POINT('',(6.283185307179,14.026351361667));
#1875 = ( GEOMETRIC_REPRESENTATION_CONTEXT(2) 
PARAMETRIC_REPRESENTATION_CONTEXT() REPRESENTATION_CONTEXT('2D SPACE',''
  ) );
#1876 = PCURVE('',#1836,#1877);
#1877 = DEFINITIONAL_REPRESENTATION('',(#1878),#1881);
#1878 = B_SPLINE_CURVE_WITH_KNOTS('',1,(#1879,#1880),.UNSPECIFIED.,.F.,
  .F.,(2,2),(4.712388980385,6.313413760583),.PIECEWISE_BEZIER_KNOTS.);
#1879 = CARTESIAN_POINT('',(6.28318530718,-1.570796326795));
#1880 = CARTESIAN_POINT('',(6.28318530718,3.022845340356E-02));
#1881 = ( GEOMETRIC_REPRESENTATION_CONTEXT(2) 
PARAMETRIC_REPRESENTATION_CONTEXT() REPRESENTATION_CONTEXT('2D SPACE',''
  ) );
#1882 = ORIENTED_EDGE('',*,*,#1883,.F.);
#1883 = EDGE_CURVE('',#1884,#1862,#1886,.T.);
#1884 = VERTEX_POINT('',#1885);
#1885 = CARTESIAN_POINT('',(249.42533986378,48.067907744077,
    0.309067155008));
#1886 = SURFACE_CURVE('',#1887,(#1891,#1898),.PCURVE_S1.);
#1887 = LINE('',#1888,#1889);
#1888 = CARTESIAN_POINT('',(249.72066500032,47.897297750239,
    0.309067155008));
#1889 = VECTOR('',#1890,1.);
#1890 = DIRECTION('',(-0.865893403497,0.50022856154,0.));
#1891 = PCURVE('',#501,#1892);
#1892 = DEFINITIONAL_REPRESENTATION('',(#1893),#1897);
#1893 = LINE('',#1894,#1895);
#1894 = CARTESIAN_POINT('',(4.682160526981,0.));
#1895 = VECTOR('',#1896,1.);
#1896 = DIRECTION('',(-0.,1.));
#1897 = ( GEOMETRIC_REPRESENTATION_CONTEXT(2) 
PARAMETRIC_REPRESENTATION_CONTEXT() REPRESENTATION_CONTEXT('2D SPACE',''
  ) );
#1898 = PCURVE('',#1899,#1904);
#1899 = PLANE('',#1900);
#1900 = AXIS2_PLACEMENT_3D('',#1901,#1902,#1903);
#1901 = CARTESIAN_POINT('',(243.42533987072,51.323167175651,6.35));
#1902 = DIRECTION('',(0.500000034668,0.865497824504,3.022385002513E-02)
  );
#1903 = DIRECTION('',(0.865893403497,-0.50022856154,1.03601641079E-14));
#1904 = DEFINITIONAL_REPRESENTATION('',(#1905),#1909);
#1905 = LINE('',#1906,#1907);
#1906 = CARTESIAN_POINT('',(7.164798237287,6.04369387577));
#1907 = VECTOR('',#1908,1.);
#1908 = DIRECTION('',(-1.,1.605268984088E-18));
#1909 = ( GEOMETRIC_REPRESENTATION_CONTEXT(2) 
PARAMETRIC_REPRESENTATION_CONTEXT() REPRESENTATION_CONTEXT('2D SPACE',''
  ) );
#1910 = ORIENTED_EDGE('',*,*,#1911,.F.);
#1911 = EDGE_CURVE('',#199,#1884,#1912,.T.);
#1912 = SURFACE_CURVE('',#1913,(#1921,#1933),.PCURVE_S1.);
#1913 = B_SPLINE_CURVE_WITH_KNOTS('',6,(#1914,#1915,#1916,#1917,#1918,
    #1919,#1920),.UNSPECIFIED.,.F.,.F.,(7,7),(0.,1.),
  .PIECEWISE_BEZIER_KNOTS.);
#1914 = CARTESIAN_POINT('',(249.27533985338,47.808258396726,
    5.551115123126E-17));
#1915 = CARTESIAN_POINT('',(249.31538376952,47.877574236526,
    5.551115123126E-17));
#1916 = CARTESIAN_POINT('',(249.35542391401,47.946883547619,
    2.562618700803E-02));
#1917 = CARTESIAN_POINT('',(249.39035471122,48.007348601408,
    7.692268342237E-02));
#1918 = CARTESIAN_POINT('',(249.41494721803,48.049918120741,
    0.148270833363));
#1919 = CARTESIAN_POINT('',(249.4265501451,48.070002735623,
    0.229052486999));
#1920 = CARTESIAN_POINT('',(249.42533986378,48.067907744077,
    0.309067155008));
#1921 = PCURVE('',#501,#1922);
#1922 = DEFINITIONAL_REPRESENTATION('',(#1923),#1932);
#1923 = B_SPLINE_CURVE_WITH_KNOTS('',7,(#1924,#1925,#1926,#1927,#1928,
    #1929,#1930,#1931),.UNSPECIFIED.,.F.,.F.,(8,8),(0.,1.),
  .PIECEWISE_BEZIER_KNOTS.);
#1924 = CARTESIAN_POINT('',(6.28318530718,0.341064079413));
#1925 = CARTESIAN_POINT('',(6.054467481437,0.341064079413));
#1926 = CARTESIAN_POINT('',(5.82577077348,0.341064079413));
#1927 = CARTESIAN_POINT('',(5.596978097397,0.341064079413));
#1928 = CARTESIAN_POINT('',(5.368367736765,0.341064079413));
#1929 = CARTESIAN_POINT('',(5.139575060686,0.341064079413));
#1930 = CARTESIAN_POINT('',(4.910878352724,0.341064079413));
#1931 = CARTESIAN_POINT('',(4.682160526981,0.341064079413));
#1932 = ( GEOMETRIC_REPRESENTATION_CONTEXT(2) 
PARAMETRIC_REPRESENTATION_CONTEXT() REPRESENTATION_CONTEXT('2D SPACE',''
  ) );
#1933 = PCURVE('',#268,#1934);
#1934 = DEFINITIONAL_REPRESENTATION('',(#1935),#1939);
#1935 = LINE('',#1936,#1937);
#1936 = CARTESIAN_POINT('',(0.,0.));
#1937 = VECTOR('',#1938,1.);
#1938 = DIRECTION('',(1.,0.));
#1939 = ( GEOMETRIC_REPRESENTATION_CONTEXT(2) 
PARAMETRIC_REPRESENTATION_CONTEXT() REPRESENTATION_CONTEXT('2D SPACE',''
  ) );
#1940 = ORIENTED_EDGE('',*,*,#485,.T.);
#1941 = ADVANCED_FACE('',(#1942),#268,.T.);
#1942 = FACE_BOUND('',#1943,.T.);
#1943 = EDGE_LOOP('',(#1944,#1945,#1946));
#1944 = ORIENTED_EDGE('',*,*,#198,.F.);
#1945 = ORIENTED_EDGE('',*,*,#1911,.T.);
#1946 = ORIENTED_EDGE('',*,*,#1947,.T.);
#1947 = EDGE_CURVE('',#1884,#171,#1948,.T.);
#1948 = SURFACE_CURVE('',#1949,(#1980,#1986),.PCURVE_S1.);
#1949 = B_SPLINE_CURVE_WITH_KNOTS('',8,(#1950,#1951,#1952,#1953,#1954,
    #1955,#1956,#1957,#1958,#1959,#1960,#1961,#1962,#1963,#1964,#1965,
    #1966,#1967,#1968,#1969,#1970,#1971,#1972,#1973,#1974,#1975,#1976,
    #1977,#1978,#1979),.UNSPECIFIED.,.F.,.F.,(9,7,7,7,9),(0.,0.125,0.25,
    0.5,1.),.UNSPECIFIED.);
#1950 = CARTESIAN_POINT('',(249.42533986378,48.067907744077,
    0.309067155008));
#1951 = CARTESIAN_POINT('',(249.43100798677,48.064809181687,
    0.304029322833));
#1952 = CARTESIAN_POINT('',(249.4367985007,48.061922477467,
    0.298998888909));
#1953 = CARTESIAN_POINT('',(249.44270215588,48.059252968481,
    0.29397603961));
#1954 = CARTESIAN_POINT('',(249.44870942301,48.05680550776,
    0.288960944407));
#1955 = CARTESIAN_POINT('',(249.45481052483,48.054584446053,
    0.283953755232));
#1956 = CARTESIAN_POINT('',(249.46099546953,48.052593616246,
    0.278954605932));
#1957 = CARTESIAN_POINT('',(249.46725408512,48.050836320867,
    0.273963611833));
#1958 = CARTESIAN_POINT('',(249.47989802474,48.047794324285,
    0.263998126989));
#1959 = CARTESIAN_POINT('',(249.48628338492,48.046509617595,
    0.259023636052));
#1960 = CARTESIAN_POINT('',(249.49272174662,48.045463977006,
    0.254057493486));
#1961 = CARTESIAN_POINT('',(249.49920264808,48.04465962356,
    0.249099776854));
#1962 = CARTESIAN_POINT('',(249.50571555465,48.044098224854,
    0.244150544388));
#1963 = CARTESIAN_POINT('',(249.51224985874,48.043780895024,
    0.239209834995));
#1964 = CARTESIAN_POINT('',(249.51879487989,48.04370819476,
    0.234277668254));
#1965 = CARTESIAN_POINT('',(249.53842983435,48.044224004369,
    0.219506796749));
#1966 = CARTESIAN_POINT('',(249.55151981459,48.045546363382,
    0.20969371856));
#1967 = CARTESIAN_POINT('',(249.56452432862,48.047847352948,
    0.199914814904));
#1968 = CARTESIAN_POINT('',(249.57735795003,48.051117917524,
    0.190169769553));
#1969 = CARTESIAN_POINT('',(249.58993642989,48.05534010326,
    0.180457955545));
#1970 = CARTESIAN_POINT('',(249.60217782419,48.060487359874,
    0.170778445724));
#1971 = CARTESIAN_POINT('',(249.61400362088,48.066524842492,
    0.16113002328));
#1972 = CARTESIAN_POINT('',(249.64801236,48.087179455585,0.132273530315)
  );
#1973 = CARTESIAN_POINT('',(249.66872659813,48.104338928873,
    0.113154240361));
#1974 = CARTESIAN_POINT('',(249.68689059949,48.124546558711,
    9.414139437892E-02));
#1975 = CARTESIAN_POINT('',(249.70198397365,48.147336876237,
    7.521873783873E-02));
#1976 = CARTESIAN_POINT('',(249.7135903422,48.172139191037,
    5.63663417912E-02));
#1977 = CARTESIAN_POINT('',(249.72142336068,48.198307783291,
    3.756165720402E-02));
#1978 = CARTESIAN_POINT('',(249.72533987072,48.225159521775,
    1.878082860869E-02));
#1979 = CARTESIAN_POINT('',(249.72533987072,48.252011259875,
    -5.290906601729E-17));
#1980 = PCURVE('',#268,#1981);
#1981 = DEFINITIONAL_REPRESENTATION('',(#1982),#1985);
#1982 = B_SPLINE_CURVE_WITH_KNOTS('',1,(#1983,#1984),.UNSPECIFIED.,.F.,
  .F.,(2,2),(0.,1.),.PIECEWISE_BEZIER_KNOTS.);
#1983 = CARTESIAN_POINT('',(1.,0.));
#1984 = CARTESIAN_POINT('',(1.,1.));
#1985 = ( GEOMETRIC_REPRESENTATION_CONTEXT(2) 
PARAMETRIC_REPRESENTATION_CONTEXT() REPRESENTATION_CONTEXT('2D SPACE',''
  ) );
#1986 = PCURVE('',#1987,#1992);
#1987 = CYLINDRICAL_SURFACE('',#1988,0.2);
#1988 = AXIS2_PLACEMENT_3D('',#1989,#1990,#1991);
#1989 = CARTESIAN_POINT('',(249.52533987072,48.251589083806,
    1.20895408483E-02));
#1990 = DIRECTION('',(0.,-3.48994967025E-02,0.999390827019));
#1991 = DIRECTION('',(-0.500000034668,-0.865497824504,
    -3.022385002512E-02));
#1992 = DEFINITIONAL_REPRESENTATION('',(#1993),#1996);
#1993 = B_SPLINE_CURVE_WITH_KNOTS('',1,(#1994,#1995),.UNSPECIFIED.,.F.,
  .F.,(2,2),(0.,1.),.PIECEWISE_BEZIER_KNOTS.);
#1994 = CARTESIAN_POINT('',(0.,0.303207089731));
#1995 = CARTESIAN_POINT('',(2.094395142425,-1.2096909959E-02));
#1996 = ( GEOMETRIC_REPRESENTATION_CONTEXT(2) 
PARAMETRIC_REPRESENTATION_CONTEXT() REPRESENTATION_CONTEXT('2D SPACE',''
  ) );
#1997 = ADVANCED_FACE('',(#1998),#186,.T.);
#1998 = FACE_BOUND('',#1999,.T.);
#1999 = EDGE_LOOP('',(#2000,#2023,#2024,#2047));
#2000 = ORIENTED_EDGE('',*,*,#2001,.T.);
#2001 = EDGE_CURVE('',#2002,#143,#2004,.T.);
#2002 = VERTEX_POINT('',#2003);
#2003 = CARTESIAN_POINT('',(249.72533987072,57.15,12.7));
#2004 = SURFACE_CURVE('',#2005,(#2009,#2016),.PCURVE_S1.);
#2005 = LINE('',#2006,#2007);
#2006 = CARTESIAN_POINT('',(249.72533987072,57.15,3.181273269188));
#2007 = VECTOR('',#2008,1.);
#2008 = DIRECTION('',(0.,0.,-1.));
#2009 = PCURVE('',#186,#2010);
#2010 = DEFINITIONAL_REPRESENTATION('',(#2011),#2015);
#2011 = LINE('',#2012,#2013);
#2012 = CARTESIAN_POINT('',(3.181273269188,58.35955183156));
#2013 = VECTOR('',#2014,1.);
#2014 = DIRECTION('',(1.,0.));
#2015 = ( GEOMETRIC_REPRESENTATION_CONTEXT(2) 
PARAMETRIC_REPRESENTATION_CONTEXT() REPRESENTATION_CONTEXT('2D SPACE',''
  ) );
#2016 = PCURVE('',#158,#2017);
#2017 = DEFINITIONAL_REPRESENTATION('',(#2018),#2022);
#2018 = LINE('',#2019,#2020);
#2019 = CARTESIAN_POINT('',(207.47466012928,-3.181273269188));
#2020 = VECTOR('',#2021,1.);
#2021 = DIRECTION('',(-0.,1.));
#2022 = ( GEOMETRIC_REPRESENTATION_CONTEXT(2) 
PARAMETRIC_REPRESENTATION_CONTEXT() REPRESENTATION_CONTEXT('2D SPACE',''
  ) );
#2023 = ORIENTED_EDGE('',*,*,#170,.T.);
#2024 = ORIENTED_EDGE('',*,*,#2025,.T.);
#2025 = EDGE_CURVE('',#171,#2026,#2028,.T.);
#2026 = VERTEX_POINT('',#2027);
#2027 = CARTESIAN_POINT('',(249.72533987072,47.80851748733,12.7));
#2028 = SURFACE_CURVE('',#2029,(#2033,#2040),.PCURVE_S1.);
#2029 = LINE('',#2030,#2031);
#2030 = CARTESIAN_POINT('',(249.72533987072,48.251589083806,
    1.20895408483E-02));
#2031 = VECTOR('',#2032,1.);
#2032 = DIRECTION('',(0.,-3.48994967025E-02,0.999390827019));
#2033 = PCURVE('',#186,#2034);
#2034 = DEFINITIONAL_REPRESENTATION('',(#2035),#2039);
#2035 = LINE('',#2036,#2037);
#2036 = CARTESIAN_POINT('',(6.350456997528,67.257962747754));
#2037 = VECTOR('',#2038,1.);
#2038 = DIRECTION('',(-0.999390827019,3.48994967025E-02));
#2039 = ( GEOMETRIC_REPRESENTATION_CONTEXT(2) 
PARAMETRIC_REPRESENTATION_CONTEXT() REPRESENTATION_CONTEXT('2D SPACE',''
  ) );
#2040 = PCURVE('',#1987,#2041);
#2041 = DEFINITIONAL_REPRESENTATION('',(#2042),#2046);
#2042 = LINE('',#2043,#2044);
#2043 = CARTESIAN_POINT('',(2.094395142425,0.));
#2044 = VECTOR('',#2045,1.);
#2045 = DIRECTION('',(0.,1.));
#2046 = ( GEOMETRIC_REPRESENTATION_CONTEXT(2) 
PARAMETRIC_REPRESENTATION_CONTEXT() REPRESENTATION_CONTEXT('2D SPACE',''
  ) );
#2047 = ORIENTED_EDGE('',*,*,#2048,.F.);
#2048 = EDGE_CURVE('',#2002,#2026,#2049,.T.);
#2049 = SURFACE_CURVE('',#2050,(#2054,#2061),.PCURVE_S1.);
#2050 = LINE('',#2051,#2052);
#2051 = CARTESIAN_POINT('',(249.72533987072,49.424746300783,12.7));
#2052 = VECTOR('',#2053,1.);
#2053 = DIRECTION('',(0.,-1.,0.));
#2054 = PCURVE('',#186,#2055);
#2055 = DEFINITIONAL_REPRESENTATION('',(#2056),#2060);
#2056 = LINE('',#2057,#2058);
#2057 = CARTESIAN_POINT('',(-6.337453461624,66.084805530777));
#2058 = VECTOR('',#2059,1.);
#2059 = DIRECTION('',(0.,1.));
#2060 = ( GEOMETRIC_REPRESENTATION_CONTEXT(2) 
PARAMETRIC_REPRESENTATION_CONTEXT() REPRESENTATION_CONTEXT('2D SPACE',''
  ) );
#2061 = PCURVE('',#1555,#2062);
#2062 = DEFINITIONAL_REPRESENTATION('',(#2063),#2067);
#2063 = LINE('',#2064,#2065);
#2064 = CARTESIAN_POINT('',(7.725253699217,249.72533987072));
#2065 = VECTOR('',#2066,1.);
#2066 = DIRECTION('',(1.,-1.110223024625E-16));
#2067 = ( GEOMETRIC_REPRESENTATION_CONTEXT(2) 
PARAMETRIC_REPRESENTATION_CONTEXT() REPRESENTATION_CONTEXT('2D SPACE',''
  ) );
#2068 = ADVANCED_FACE('',(#2069),#158,.F.);
#2069 = FACE_BOUND('',#2070,.F.);
#2070 = EDGE_LOOP('',(#2071,#2072,#2095,#2116));
#2071 = ORIENTED_EDGE('',*,*,#142,.F.);
#2072 = ORIENTED_EDGE('',*,*,#2073,.T.);
#2073 = EDGE_CURVE('',#107,#2074,#2076,.T.);
#2074 = VERTEX_POINT('',#2075);
#2075 = CARTESIAN_POINT('',(457.2,57.15,12.7));
#2076 = SURFACE_CURVE('',#2077,(#2081,#2088),.PCURVE_S1.);
#2077 = LINE('',#2078,#2079);
#2078 = CARTESIAN_POINT('',(457.2,57.15,0.));
#2079 = VECTOR('',#2080,1.);
#2080 = DIRECTION('',(0.,0.,1.));
#2081 = PCURVE('',#158,#2082);
#2082 = DEFINITIONAL_REPRESENTATION('',(#2083),#2087);
#2083 = LINE('',#2084,#2085);
#2084 = CARTESIAN_POINT('',(0.,0.));
#2085 = VECTOR('',#2086,1.);
#2086 = DIRECTION('',(0.,-1.));
#2087 = ( GEOMETRIC_REPRESENTATION_CONTEXT(2) 
PARAMETRIC_REPRESENTATION_CONTEXT() REPRESENTATION_CONTEXT('2D SPACE',''
  ) );
#2088 = PCURVE('',#127,#2089);
#2089 = DEFINITIONAL_REPRESENTATION('',(#2090),#2094);
#2090 = LINE('',#2091,#2092);
#2091 = CARTESIAN_POINT('',(0.317560429292,0.));
#2092 = VECTOR('',#2093,1.);
#2093 = DIRECTION('',(0.,-1.));
#2094 = ( GEOMETRIC_REPRESENTATION_CONTEXT(2) 
PARAMETRIC_REPRESENTATION_CONTEXT() REPRESENTATION_CONTEXT('2D SPACE',''
  ) );
#2095 = ORIENTED_EDGE('',*,*,#2096,.F.);
#2096 = EDGE_CURVE('',#2002,#2074,#2097,.T.);
#2097 = SURFACE_CURVE('',#2098,(#2102,#2109),.PCURVE_S1.);
#2098 = LINE('',#2099,#2100);
#2099 = CARTESIAN_POINT('',(0.,57.15,12.7));
#2100 = VECTOR('',#2101,1.);
#2101 = DIRECTION('',(1.,1.110223024625E-16,0.));
#2102 = PCURVE('',#158,#2103);
#2103 = DEFINITIONAL_REPRESENTATION('',(#2104),#2108);
#2104 = LINE('',#2105,#2106);
#2105 = CARTESIAN_POINT('',(457.2,-12.7));
#2106 = VECTOR('',#2107,1.);
#2107 = DIRECTION('',(-1.,0.));
#2108 = ( GEOMETRIC_REPRESENTATION_CONTEXT(2) 
PARAMETRIC_REPRESENTATION_CONTEXT() REPRESENTATION_CONTEXT('2D SPACE',''
  ) );
#2109 = PCURVE('',#1555,#2110);
#2110 = DEFINITIONAL_REPRESENTATION('',(#2111),#2115);
#2111 = LINE('',#2112,#2113);
#2112 = CARTESIAN_POINT('',(0.,0.));
#2113 = VECTOR('',#2114,1.);
#2114 = DIRECTION('',(0.,1.));
#2115 = ( GEOMETRIC_REPRESENTATION_CONTEXT(2) 
PARAMETRIC_REPRESENTATION_CONTEXT() REPRESENTATION_CONTEXT('2D SPACE',''
  ) );
#2116 = ORIENTED_EDGE('',*,*,#2001,.T.);
#2117 = ADVANCED_FACE('',(#2118),#127,.T.);
#2118 = FACE_BOUND('',#2119,.T.);
#2119 = EDGE_LOOP('',(#2120,#2121,#2122,#2205));
#2120 = ORIENTED_EDGE('',*,*,#106,.F.);
#2121 = ORIENTED_EDGE('',*,*,#2073,.T.);
#2122 = ORIENTED_EDGE('',*,*,#2123,.F.);
#2123 = EDGE_CURVE('',#2124,#2074,#2126,.T.);
#2124 = VERTEX_POINT('',#2125);
#2125 = CARTESIAN_POINT('',(486.75067974144,5.684341886081E-14,12.7));
#2126 = SURFACE_CURVE('',#2127,(#2151,#2178),.PCURVE_S1.);
#2127 = B_SPLINE_CURVE_WITH_KNOTS('',8,(#2128,#2129,#2130,#2131,#2132,
    #2133,#2134,#2135,#2136,#2137,#2138,#2139,#2140,#2141,#2142,#2143,
    #2144,#2145,#2146,#2147,#2148,#2149,#2150),.UNSPECIFIED.,.F.,.F.,(9,
    7,7,9),(0.,0.48618282129,0.889301432317,1.),.UNSPECIFIED.);
#2128 = CARTESIAN_POINT('',(486.75067974144,5.684341886081E-14,12.7));
#2129 = CARTESIAN_POINT('',(485.39613831613,3.684645504086,12.7));
#2130 = CARTESIAN_POINT('',(483.99834961942,7.353178289896,12.7));
#2131 = CARTESIAN_POINT('',(482.55444885927,11.004133811314,12.7));
#2132 = CARTESIAN_POINT('',(481.06124281659,14.635564588547,12.7));
#2133 = CARTESIAN_POINT('',(479.51509682725,18.244990353135,12.7));
#2134 = CARTESIAN_POINT('',(477.91182336427,21.829350157482,12.7));
#2135 = CARTESIAN_POINT('',(476.2464505249,25.384902836226,12.7));
#2136 = CARTESIAN_POINT('',(473.07524943703,31.827388386669,12.7));
#2137 = CARTESIAN_POINT('',(471.59103449055,34.724240590624,12.7));
#2138 = CARTESIAN_POINT('',(470.05641104485,37.595303057058,12.7));
#2139 = CARTESIAN_POINT('',(468.4673200466,40.437330128098,12.7));
#2140 = CARTESIAN_POINT('',(466.81922907641,43.246042982572,12.7));
#2141 = CARTESIAN_POINT('',(465.10690594964,46.015992903409,12.7));
#2142 = CARTESIAN_POINT('',(463.32416350121,48.740410358536,12.7));
#2143 = CARTESIAN_POINT('',(460.95190234694,52.143961158114,12.7));
#2144 = CARTESIAN_POINT('',(460.43492001749,52.873122587004,12.7));
#2145 = CARTESIAN_POINT('',(459.9118855951,53.597984329961,12.7));
#2146 = CARTESIAN_POINT('',(459.38263620306,54.318341517861,12.7));
#2147 = CARTESIAN_POINT('',(458.84700300088,55.033971844109,12.7));
#2148 = CARTESIAN_POINT('',(458.30481010468,55.74463475393,12.7));
#2149 = CARTESIAN_POINT('',(457.75587350756,56.450070633652,12.7));
#2150 = CARTESIAN_POINT('',(457.19999999999,57.149999999999,12.7));
#2151 = PCURVE('',#127,#2152);
#2152 = DEFINITIONAL_REPRESENTATION('',(#2153),#2177);
#2153 = B_SPLINE_CURVE_WITH_KNOTS('',8,(#2154,#2155,#2156,#2157,#2158,
    #2159,#2160,#2161,#2162,#2163,#2164,#2165,#2166,#2167,#2168,#2169,
    #2170,#2171,#2172,#2173,#2174,#2175,#2176),.UNSPECIFIED.,.F.,.F.,(9,
    7,7,9),(0.,0.48618282129,0.889301432317,1.),.UNSPECIFIED.);
#2154 = CARTESIAN_POINT('',(0.617455385322,-12.7));
#2155 = CARTESIAN_POINT('',(0.602461243993,-12.7));
#2156 = CARTESIAN_POINT('',(0.587170822755,-12.7));
#2157 = CARTESIAN_POINT('',(0.571559895516,-12.7));
#2158 = CARTESIAN_POINT('',(0.555601642553,-12.7));
#2159 = CARTESIAN_POINT('',(0.539265596001,-12.7));
#2160 = CARTESIAN_POINT('',(0.522516600669,-12.7));
#2161 = CARTESIAN_POINT('',(0.505312701552,-12.7));
#2162 = CARTESIAN_POINT('',(0.472915099155,-12.7));
#2163 = CARTESIAN_POINT('',(0.457882784941,-12.7));
#2164 = CARTESIAN_POINT('',(0.442472168083,-12.7));
#2165 = CARTESIAN_POINT('',(0.426648676578,-12.7));
#2166 = CARTESIAN_POINT('',(0.410373852788,-12.7));
#2167 = CARTESIAN_POINT('',(0.393603199661,-12.7));
#2168 = CARTESIAN_POINT('',(0.376283761109,-12.7));
#2169 = CARTESIAN_POINT('',(0.3534203757,-12.7));
#2170 = CARTESIAN_POINT('',(0.348448186972,-12.7));
#2171 = CARTESIAN_POINT('',(0.343428214929,-12.7));
#2172 = CARTESIAN_POINT('',(0.338359055809,-12.7));
#2173 = CARTESIAN_POINT('',(0.333239253765,-12.7));
#2174 = CARTESIAN_POINT('',(0.328067290337,-12.7));
#2175 = CARTESIAN_POINT('',(0.322841573931,-12.7));
#2176 = CARTESIAN_POINT('',(0.317560429292,-12.7));
#2177 = ( GEOMETRIC_REPRESENTATION_CONTEXT(2) 
PARAMETRIC_REPRESENTATION_CONTEXT() REPRESENTATION_CONTEXT('2D SPACE',''
  ) );
#2178 = PCURVE('',#1555,#2179);
#2179 = DEFINITIONAL_REPRESENTATION('',(#2180),#2204);
#2180 = B_SPLINE_CURVE_WITH_KNOTS('',8,(#2181,#2182,#2183,#2184,#2185,
    #2186,#2187,#2188,#2189,#2190,#2191,#2192,#2193,#2194,#2195,#2196,
    #2197,#2198,#2199,#2200,#2201,#2202,#2203),.UNSPECIFIED.,.F.,.F.,(9,
    7,7,9),(0.,0.48618282129,0.889301432317,1.),.UNSPECIFIED.);
#2181 = CARTESIAN_POINT('',(57.15,486.75067974144));
#2182 = CARTESIAN_POINT('',(53.465354495914,485.39613831613));
#2183 = CARTESIAN_POINT('',(49.796821710104,483.99834961942));
#2184 = CARTESIAN_POINT('',(46.145866188686,482.55444885927));
#2185 = CARTESIAN_POINT('',(42.514435411453,481.06124281659));
#2186 = CARTESIAN_POINT('',(38.905009646865,479.51509682725));
#2187 = CARTESIAN_POINT('',(35.320649842518,477.91182336427));
#2188 = CARTESIAN_POINT('',(31.765097163774,476.2464505249));
#2189 = CARTESIAN_POINT('',(25.322611613331,473.07524943703));
#2190 = CARTESIAN_POINT('',(22.425759409376,471.59103449055));
#2191 = CARTESIAN_POINT('',(19.554696942942,470.05641104485));
#2192 = CARTESIAN_POINT('',(16.712669871902,468.4673200466));
#2193 = CARTESIAN_POINT('',(13.903957017428,466.81922907641));
#2194 = CARTESIAN_POINT('',(11.134007096591,465.10690594964));
#2195 = CARTESIAN_POINT('',(8.409589641464,463.32416350121));
#2196 = CARTESIAN_POINT('',(5.006038841886,460.95190234694));
#2197 = CARTESIAN_POINT('',(4.276877412996,460.43492001749));
#2198 = CARTESIAN_POINT('',(3.552015670039,459.9118855951));
#2199 = CARTESIAN_POINT('',(2.831658482139,459.38263620306));
#2200 = CARTESIAN_POINT('',(2.116028155891,458.84700300088));
#2201 = CARTESIAN_POINT('',(1.40536524607,458.30481010468));
#2202 = CARTESIAN_POINT('',(0.699929366348,457.75587350756));
#2203 = CARTESIAN_POINT('',(1.030286966852E-12,457.19999999999));
#2204 = ( GEOMETRIC_REPRESENTATION_CONTEXT(2) 
PARAMETRIC_REPRESENTATION_CONTEXT() REPRESENTATION_CONTEXT('2D SPACE',''
  ) );
#2205 = ORIENTED_EDGE('',*,*,#2206,.F.);
#2206 = EDGE_CURVE('',#79,#2124,#2207,.T.);
#2207 = SURFACE_CURVE('',#2208,(#2212,#2219),.PCURVE_S1.);
#2208 = LINE('',#2209,#2210);
#2209 = CARTESIAN_POINT('',(486.75067974144,5.684341886081E-14,0.));
#2210 = VECTOR('',#2211,1.);
#2211 = DIRECTION('',(0.,0.,1.));
#2212 = PCURVE('',#127,#2213);
#2213 = DEFINITIONAL_REPRESENTATION('',(#2214),#2218);
#2214 = LINE('',#2215,#2216);
#2215 = CARTESIAN_POINT('',(0.617455385322,0.));
#2216 = VECTOR('',#2217,1.);
#2217 = DIRECTION('',(0.,-1.));
#2218 = ( GEOMETRIC_REPRESENTATION_CONTEXT(2) 
PARAMETRIC_REPRESENTATION_CONTEXT() REPRESENTATION_CONTEXT('2D SPACE',''
  ) );
#2219 = PCURVE('',#94,#2220);
#2220 = DEFINITIONAL_REPRESENTATION('',(#2221),#2225);
#2221 = LINE('',#2222,#2223);
#2222 = CARTESIAN_POINT('',(485.74174984416,0.));
#2223 = VECTOR('',#2224,1.);
#2224 = DIRECTION('',(0.,-1.));
#2225 = ( GEOMETRIC_REPRESENTATION_CONTEXT(2) 
PARAMETRIC_REPRESENTATION_CONTEXT() REPRESENTATION_CONTEXT('2D SPACE',''
  ) );
#2226 = ADVANCED_FACE('',(#2227),#94,.F.);
#2227 = FACE_BOUND('',#2228,.F.);
#2228 = EDGE_LOOP('',(#2229,#2230,#2231,#2252));
#2229 = ORIENTED_EDGE('',*,*,#78,.F.);
#2230 = ORIENTED_EDGE('',*,*,#1594,.F.);
#2231 = ORIENTED_EDGE('',*,*,#2232,.T.);
#2232 = EDGE_CURVE('',#1540,#2124,#2233,.T.);
#2233 = SURFACE_CURVE('',#2234,(#2238,#2245),.PCURVE_S1.);
#2234 = LINE('',#2235,#2236);
#2235 = CARTESIAN_POINT('',(0.50446494864,0.,12.7));
#2236 = VECTOR('',#2237,1.);
#2237 = DIRECTION('',(1.,1.110223024625E-16,0.));
#2238 = PCURVE('',#94,#2239);
#2239 = DEFINITIONAL_REPRESENTATION('',(#2240),#2244);
#2240 = LINE('',#2241,#2242);
#2241 = CARTESIAN_POINT('',(-0.50446494864,-12.7));
#2242 = VECTOR('',#2243,1.);
#2243 = DIRECTION('',(1.,0.));
#2244 = ( GEOMETRIC_REPRESENTATION_CONTEXT(2) 
PARAMETRIC_REPRESENTATION_CONTEXT() REPRESENTATION_CONTEXT('2D SPACE',''
  ) );
#2245 = PCURVE('',#1555,#2246);
#2246 = DEFINITIONAL_REPRESENTATION('',(#2247),#2251);
#2247 = LINE('',#2248,#2249);
#2248 = CARTESIAN_POINT('',(57.15,0.50446494864));
#2249 = VECTOR('',#2250,1.);
#2250 = DIRECTION('',(0.,1.));
#2251 = ( GEOMETRIC_REPRESENTATION_CONTEXT(2) 
PARAMETRIC_REPRESENTATION_CONTEXT() REPRESENTATION_CONTEXT('2D SPACE',''
  ) );
#2252 = ORIENTED_EDGE('',*,*,#2206,.F.);
#2253 = ADVANCED_FACE('',(#2254),#874,.T.);
#2254 = FACE_BOUND('',#2255,.T.);
#2255 = EDGE_LOOP('',(#2256,#2257,#2280,#2303));
#2256 = ORIENTED_EDGE('',*,*,#856,.F.);
#2257 = ORIENTED_EDGE('',*,*,#2258,.T.);
#2258 = EDGE_CURVE('',#857,#2259,#2261,.T.);
#2259 = VERTEX_POINT('',#2260);
#2260 = CARTESIAN_POINT('',(378.,14.025773216421,12.7));
#2261 = SURFACE_CURVE('',#2262,(#2266,#2273),.PCURVE_S1.);
#2262 = LINE('',#2263,#2264);
#2263 = CARTESIAN_POINT('',(378.,14.025773216421,0.));
#2264 = VECTOR('',#2265,1.);
#2265 = DIRECTION('',(0.,0.,1.));
#2266 = PCURVE('',#874,#2267);
#2267 = DEFINITIONAL_REPRESENTATION('',(#2268),#2272);
#2268 = LINE('',#2269,#2270);
#2269 = CARTESIAN_POINT('',(0.,0.));
#2270 = VECTOR('',#2271,1.);
#2271 = DIRECTION('',(0.,-1.));
#2272 = ( GEOMETRIC_REPRESENTATION_CONTEXT(2) 
PARAMETRIC_REPRESENTATION_CONTEXT() REPRESENTATION_CONTEXT('2D SPACE',''
  ) );
#2273 = PCURVE('',#902,#2274);
#2274 = DEFINITIONAL_REPRESENTATION('',(#2275),#2279);
#2275 = LINE('',#2276,#2277);
#2276 = CARTESIAN_POINT('',(14.549226783579,0.));
#2277 = VECTOR('',#2278,1.);
#2278 = DIRECTION('',(0.,-1.));
#2279 = ( GEOMETRIC_REPRESENTATION_CONTEXT(2) 
PARAMETRIC_REPRESENTATION_CONTEXT() REPRESENTATION_CONTEXT('2D SPACE',''
  ) );
#2280 = ORIENTED_EDGE('',*,*,#2281,.T.);
#2281 = EDGE_CURVE('',#2259,#2282,#2284,.T.);
#2282 = VERTEX_POINT('',#2283);
#2283 = CARTESIAN_POINT('',(390.6,21.300386608211,12.7));
#2284 = SURFACE_CURVE('',#2285,(#2289,#2296),.PCURVE_S1.);
#2285 = LINE('',#2286,#2287);
#2286 = CARTESIAN_POINT('',(245.58666897832,-62.42309909327,12.7));
#2287 = VECTOR('',#2288,1.);
#2288 = DIRECTION('',(0.866025403784,0.5,0.));
#2289 = PCURVE('',#874,#2290);
#2290 = DEFINITIONAL_REPRESENTATION('',(#2291),#2295);
#2291 = LINE('',#2292,#2293);
#2292 = CARTESIAN_POINT('',(-152.8977446193,-12.7));
#2293 = VECTOR('',#2294,1.);
#2294 = DIRECTION('',(1.,0.));
#2295 = ( GEOMETRIC_REPRESENTATION_CONTEXT(2) 
PARAMETRIC_REPRESENTATION_CONTEXT() REPRESENTATION_CONTEXT('2D SPACE',''
  ) );
#2296 = PCURVE('',#1555,#2297);
#2297 = DEFINITIONAL_REPRESENTATION('',(#2298),#2302);
#2298 = LINE('',#2299,#2300);
#2299 = CARTESIAN_POINT('',(119.57309909327,245.58666897832));
#2300 = VECTOR('',#2301,1.);
#2301 = DIRECTION('',(-0.5,0.866025403784));
#2302 = ( GEOMETRIC_REPRESENTATION_CONTEXT(2) 
PARAMETRIC_REPRESENTATION_CONTEXT() REPRESENTATION_CONTEXT('2D SPACE',''
  ) );
#2303 = ORIENTED_EDGE('',*,*,#2304,.F.);
#2304 = EDGE_CURVE('',#859,#2282,#2305,.T.);
#2305 = SURFACE_CURVE('',#2306,(#2310,#2317),.PCURVE_S1.);
#2306 = LINE('',#2307,#2308);
#2307 = CARTESIAN_POINT('',(390.6,21.300386608211,0.));
#2308 = VECTOR('',#2309,1.);
#2309 = DIRECTION('',(0.,0.,1.));
#2310 = PCURVE('',#874,#2311);
#2311 = DEFINITIONAL_REPRESENTATION('',(#2312),#2316);
#2312 = LINE('',#2313,#2314);
#2313 = CARTESIAN_POINT('',(14.549226783579,0.));
#2314 = VECTOR('',#2315,1.);
#2315 = DIRECTION('',(0.,-1.));
#2316 = ( GEOMETRIC_REPRESENTATION_CONTEXT(2) 
PARAMETRIC_REPRESENTATION_CONTEXT() REPRESENTATION_CONTEXT('2D SPACE',''
  ) );
#2317 = PCURVE('',#1012,#2318);
#2318 = DEFINITIONAL_REPRESENTATION('',(#2319),#2323);
#2319 = LINE('',#2320,#2321);
#2320 = CARTESIAN_POINT('',(0.,0.));
#2321 = VECTOR('',#2322,1.);
#2322 = DIRECTION('',(0.,-1.));
#2323 = ( GEOMETRIC_REPRESENTATION_CONTEXT(2) 
PARAMETRIC_REPRESENTATION_CONTEXT() REPRESENTATION_CONTEXT('2D SPACE',''
  ) );
#2324 = ADVANCED_FACE('',(#2325),#902,.T.);
#2325 = FACE_BOUND('',#2326,.T.);
#2326 = EDGE_LOOP('',(#2327,#2328,#2351,#2372));
#2327 = ORIENTED_EDGE('',*,*,#886,.F.);
#2328 = ORIENTED_EDGE('',*,*,#2329,.T.);
#2329 = EDGE_CURVE('',#887,#2330,#2332,.T.);
#2330 = VERTEX_POINT('',#2331);
#2331 = CARTESIAN_POINT('',(365.4,21.300386608211,12.7));
#2332 = SURFACE_CURVE('',#2333,(#2337,#2344),.PCURVE_S1.);
#2333 = LINE('',#2334,#2335);
#2334 = CARTESIAN_POINT('',(365.4,21.300386608211,0.));
#2335 = VECTOR('',#2336,1.);
#2336 = DIRECTION('',(0.,0.,1.));
#2337 = PCURVE('',#902,#2338);
#2338 = DEFINITIONAL_REPRESENTATION('',(#2339),#2343);
#2339 = LINE('',#2340,#2341);
#2340 = CARTESIAN_POINT('',(0.,0.));
#2341 = VECTOR('',#2342,1.);
#2342 = DIRECTION('',(0.,-1.));
#2343 = ( GEOMETRIC_REPRESENTATION_CONTEXT(2) 
PARAMETRIC_REPRESENTATION_CONTEXT() REPRESENTATION_CONTEXT('2D SPACE',''
  ) );
#2344 = PCURVE('',#930,#2345);
#2345 = DEFINITIONAL_REPRESENTATION('',(#2346),#2350);
#2346 = LINE('',#2347,#2348);
#2347 = CARTESIAN_POINT('',(14.549226783578,0.));
#2348 = VECTOR('',#2349,1.);
#2349 = DIRECTION('',(0.,-1.));
#2350 = ( GEOMETRIC_REPRESENTATION_CONTEXT(2) 
PARAMETRIC_REPRESENTATION_CONTEXT() REPRESENTATION_CONTEXT('2D SPACE',''
  ) );
#2351 = ORIENTED_EDGE('',*,*,#2352,.T.);
#2352 = EDGE_CURVE('',#2330,#2259,#2353,.T.);
#2353 = SURFACE_CURVE('',#2354,(#2358,#2365),.PCURVE_S1.);
#2354 = LINE('',#2355,#2356);
#2355 = CARTESIAN_POINT('',(220.61333102174,104.89300891791,12.7));
#2356 = VECTOR('',#2357,1.);
#2357 = DIRECTION('',(0.866025403784,-0.5,0.));
#2358 = PCURVE('',#902,#2359);
#2359 = DEFINITIONAL_REPRESENTATION('',(#2360),#2364);
#2360 = LINE('',#2361,#2362);
#2361 = CARTESIAN_POINT('',(-167.1852446193,-12.7));
#2362 = VECTOR('',#2363,1.);
#2363 = DIRECTION('',(1.,0.));
#2364 = ( GEOMETRIC_REPRESENTATION_CONTEXT(2) 
PARAMETRIC_REPRESENTATION_CONTEXT() REPRESENTATION_CONTEXT('2D SPACE',''
  ) );
#2365 = PCURVE('',#1555,#2366);
#2366 = DEFINITIONAL_REPRESENTATION('',(#2367),#2371);
#2367 = LINE('',#2368,#2369);
#2368 = CARTESIAN_POINT('',(-47.74300891791,220.61333102174));
#2369 = VECTOR('',#2370,1.);
#2370 = DIRECTION('',(0.5,0.866025403784));
#2371 = ( GEOMETRIC_REPRESENTATION_CONTEXT(2) 
PARAMETRIC_REPRESENTATION_CONTEXT() REPRESENTATION_CONTEXT('2D SPACE',''
  ) );
#2372 = ORIENTED_EDGE('',*,*,#2258,.F.);
#2373 = ADVANCED_FACE('',(#2374),#1012,.T.);
#2374 = FACE_BOUND('',#2375,.T.);
#2375 = EDGE_LOOP('',(#2376,#2377,#2378,#2401));
#2376 = ORIENTED_EDGE('',*,*,#998,.F.);
#2377 = ORIENTED_EDGE('',*,*,#2304,.T.);
#2378 = ORIENTED_EDGE('',*,*,#2379,.T.);
#2379 = EDGE_CURVE('',#2282,#2380,#2382,.T.);
#2380 = VERTEX_POINT('',#2381);
#2381 = CARTESIAN_POINT('',(390.6,35.849613391789,12.7));
#2382 = SURFACE_CURVE('',#2383,(#2387,#2394),.PCURVE_S1.);
#2383 = LINE('',#2384,#2385);
#2384 = CARTESIAN_POINT('',(390.6,39.225193304105,12.7));
#2385 = VECTOR('',#2386,1.);
#2386 = DIRECTION('',(-1.110223024625E-16,1.,0.));
#2387 = PCURVE('',#1012,#2388);
#2388 = DEFINITIONAL_REPRESENTATION('',(#2389),#2393);
#2389 = LINE('',#2390,#2391);
#2390 = CARTESIAN_POINT('',(17.924806695894,-12.7));
#2391 = VECTOR('',#2392,1.);
#2392 = DIRECTION('',(1.,0.));
#2393 = ( GEOMETRIC_REPRESENTATION_CONTEXT(2) 
PARAMETRIC_REPRESENTATION_CONTEXT() REPRESENTATION_CONTEXT('2D SPACE',''
  ) );
#2394 = PCURVE('',#1555,#2395);
#2395 = DEFINITIONAL_REPRESENTATION('',(#2396),#2400);
#2396 = LINE('',#2397,#2398);
#2397 = CARTESIAN_POINT('',(17.924806695895,390.6));
#2398 = VECTOR('',#2399,1.);
#2399 = DIRECTION('',(-1.,0.));
#2400 = ( GEOMETRIC_REPRESENTATION_CONTEXT(2) 
PARAMETRIC_REPRESENTATION_CONTEXT() REPRESENTATION_CONTEXT('2D SPACE',''
  ) );
#2401 = ORIENTED_EDGE('',*,*,#2402,.F.);
#2402 = EDGE_CURVE('',#971,#2380,#2403,.T.);
#2403 = SURFACE_CURVE('',#2404,(#2408,#2415),.PCURVE_S1.);
#2404 = LINE('',#2405,#2406);
#2405 = CARTESIAN_POINT('',(390.6,35.849613391789,0.));
#2406 = VECTOR('',#2407,1.);
#2407 = DIRECTION('',(0.,0.,1.));
#2408 = PCURVE('',#1012,#2409);
#2409 = DEFINITIONAL_REPRESENTATION('',(#2410),#2414);
#2410 = LINE('',#2411,#2412);
#2411 = CARTESIAN_POINT('',(14.549226783578,0.));
#2412 = VECTOR('',#2413,1.);
#2413 = DIRECTION('',(0.,-1.));
#2414 = ( GEOMETRIC_REPRESENTATION_CONTEXT(2) 
PARAMETRIC_REPRESENTATION_CONTEXT() REPRESENTATION_CONTEXT('2D SPACE',''
  ) );
#2415 = PCURVE('',#986,#2416);
#2416 = DEFINITIONAL_REPRESENTATION('',(#2417),#2421);
#2417 = LINE('',#2418,#2419);
#2418 = CARTESIAN_POINT('',(0.,0.));
#2419 = VECTOR('',#2420,1.);
#2420 = DIRECTION('',(0.,-1.));
#2421 = ( GEOMETRIC_REPRESENTATION_CONTEXT(2) 
PARAMETRIC_REPRESENTATION_CONTEXT() REPRESENTATION_CONTEXT('2D SPACE',''
  ) );
#2422 = ADVANCED_FACE('',(#2423),#930,.T.);
#2423 = FACE_BOUND('',#2424,.T.);
#2424 = EDGE_LOOP('',(#2425,#2426,#2449,#2470));
#2425 = ORIENTED_EDGE('',*,*,#914,.F.);
#2426 = ORIENTED_EDGE('',*,*,#2427,.T.);
#2427 = EDGE_CURVE('',#915,#2428,#2430,.T.);
#2428 = VERTEX_POINT('',#2429);
#2429 = CARTESIAN_POINT('',(365.4,35.849613391789,12.7));
#2430 = SURFACE_CURVE('',#2431,(#2435,#2442),.PCURVE_S1.);
#2431 = LINE('',#2432,#2433);
#2432 = CARTESIAN_POINT('',(365.4,35.849613391789,0.));
#2433 = VECTOR('',#2434,1.);
#2434 = DIRECTION('',(0.,0.,1.));
#2435 = PCURVE('',#930,#2436);
#2436 = DEFINITIONAL_REPRESENTATION('',(#2437),#2441);
#2437 = LINE('',#2438,#2439);
#2438 = CARTESIAN_POINT('',(0.,0.));
#2439 = VECTOR('',#2440,1.);
#2440 = DIRECTION('',(0.,-1.));
#2441 = ( GEOMETRIC_REPRESENTATION_CONTEXT(2) 
PARAMETRIC_REPRESENTATION_CONTEXT() REPRESENTATION_CONTEXT('2D SPACE',''
  ) );
#2442 = PCURVE('',#958,#2443);
#2443 = DEFINITIONAL_REPRESENTATION('',(#2444),#2448);
#2444 = LINE('',#2445,#2446);
#2445 = CARTESIAN_POINT('',(14.549226783579,0.));
#2446 = VECTOR('',#2447,1.);
#2447 = DIRECTION('',(0.,-1.));
#2448 = ( GEOMETRIC_REPRESENTATION_CONTEXT(2) 
PARAMETRIC_REPRESENTATION_CONTEXT() REPRESENTATION_CONTEXT('2D SPACE',''
  ) );
#2449 = ORIENTED_EDGE('',*,*,#2450,.T.);
#2450 = EDGE_CURVE('',#2428,#2330,#2451,.T.);
#2451 = SURFACE_CURVE('',#2452,(#2456,#2463),.PCURVE_S1.);
#2452 = LINE('',#2453,#2454);
#2453 = CARTESIAN_POINT('',(365.4,46.499806695894,12.7));
#2454 = VECTOR('',#2455,1.);
#2455 = DIRECTION('',(1.110223024625E-16,-1.,0.));
#2456 = PCURVE('',#930,#2457);
#2457 = DEFINITIONAL_REPRESENTATION('',(#2458),#2462);
#2458 = LINE('',#2459,#2460);
#2459 = CARTESIAN_POINT('',(-10.6501933041,-12.7));
#2460 = VECTOR('',#2461,1.);
#2461 = DIRECTION('',(1.,0.));
#2462 = ( GEOMETRIC_REPRESENTATION_CONTEXT(2) 
PARAMETRIC_REPRESENTATION_CONTEXT() REPRESENTATION_CONTEXT('2D SPACE',''
  ) );
#2463 = PCURVE('',#1555,#2464);
#2464 = DEFINITIONAL_REPRESENTATION('',(#2465),#2469);
#2465 = LINE('',#2466,#2467);
#2466 = CARTESIAN_POINT('',(10.650193304106,365.4));
#2467 = VECTOR('',#2468,1.);
#2468 = DIRECTION('',(1.,0.));
#2469 = ( GEOMETRIC_REPRESENTATION_CONTEXT(2) 
PARAMETRIC_REPRESENTATION_CONTEXT() REPRESENTATION_CONTEXT('2D SPACE',''
  ) );
#2470 = ORIENTED_EDGE('',*,*,#2329,.F.);
#2471 = ADVANCED_FACE('',(#2472),#986,.T.);
#2472 = FACE_BOUND('',#2473,.T.);
#2473 = EDGE_LOOP('',(#2474,#2475,#2476,#2499));
#2474 = ORIENTED_EDGE('',*,*,#970,.F.);
#2475 = ORIENTED_EDGE('',*,*,#2402,.T.);
#2476 = ORIENTED_EDGE('',*,*,#2477,.T.);
#2477 = EDGE_CURVE('',#2380,#2478,#2480,.T.);
#2478 = VERTEX_POINT('',#2479);
#2479 = CARTESIAN_POINT('',(378.,43.124226783579,12.7));
#2480 = SURFACE_CURVE('',#2481,(#2485,#2492),.PCURVE_S1.);
#2481 = LINE('',#2482,#2483);
#2482 = CARTESIAN_POINT('',(239.51333102175,123.07954239738,12.7));
#2483 = VECTOR('',#2484,1.);
#2484 = DIRECTION('',(-0.866025403784,0.5,0.));
#2485 = PCURVE('',#986,#2486);
#2486 = DEFINITIONAL_REPRESENTATION('',(#2487),#2491);
#2487 = LINE('',#2488,#2489);
#2488 = CARTESIAN_POINT('',(174.45985801113,-12.7));
#2489 = VECTOR('',#2490,1.);
#2490 = DIRECTION('',(1.,-0.));
#2491 = ( GEOMETRIC_REPRESENTATION_CONTEXT(2) 
PARAMETRIC_REPRESENTATION_CONTEXT() REPRESENTATION_CONTEXT('2D SPACE',''
  ) );
#2492 = PCURVE('',#1555,#2493);
#2493 = DEFINITIONAL_REPRESENTATION('',(#2494),#2498);
#2494 = LINE('',#2495,#2496);
#2495 = CARTESIAN_POINT('',(-65.92954239738,239.51333102175));
#2496 = VECTOR('',#2497,1.);
#2497 = DIRECTION('',(-0.5,-0.866025403784));
#2498 = ( GEOMETRIC_REPRESENTATION_CONTEXT(2) 
PARAMETRIC_REPRESENTATION_CONTEXT() REPRESENTATION_CONTEXT('2D SPACE',''
  ) );
#2499 = ORIENTED_EDGE('',*,*,#2500,.F.);
#2500 = EDGE_CURVE('',#943,#2478,#2501,.T.);
#2501 = SURFACE_CURVE('',#2502,(#2506,#2513),.PCURVE_S1.);
#2502 = LINE('',#2503,#2504);
#2503 = CARTESIAN_POINT('',(378.,43.124226783579,0.));
#2504 = VECTOR('',#2505,1.);
#2505 = DIRECTION('',(0.,0.,1.));
#2506 = PCURVE('',#986,#2507);
#2507 = DEFINITIONAL_REPRESENTATION('',(#2508),#2512);
#2508 = LINE('',#2509,#2510);
#2509 = CARTESIAN_POINT('',(14.549226783579,-0.));
#2510 = VECTOR('',#2511,1.);
#2511 = DIRECTION('',(0.,-1.));
#2512 = ( GEOMETRIC_REPRESENTATION_CONTEXT(2) 
PARAMETRIC_REPRESENTATION_CONTEXT() REPRESENTATION_CONTEXT('2D SPACE',''
  ) );
#2513 = PCURVE('',#958,#2514);
#2514 = DEFINITIONAL_REPRESENTATION('',(#2515),#2519);
#2515 = LINE('',#2516,#2517);
#2516 = CARTESIAN_POINT('',(0.,0.));
#2517 = VECTOR('',#2518,1.);
#2518 = DIRECTION('',(0.,-1.));
#2519 = ( GEOMETRIC_REPRESENTATION_CONTEXT(2) 
PARAMETRIC_REPRESENTATION_CONTEXT() REPRESENTATION_CONTEXT('2D SPACE',''
  ) );
#2520 = ADVANCED_FACE('',(#2521),#958,.T.);
#2521 = FACE_BOUND('',#2522,.T.);
#2522 = EDGE_LOOP('',(#2523,#2524,#2525,#2546));
#2523 = ORIENTED_EDGE('',*,*,#942,.F.);
#2524 = ORIENTED_EDGE('',*,*,#2500,.T.);
#2525 = ORIENTED_EDGE('',*,*,#2526,.T.);
#2526 = EDGE_CURVE('',#2478,#2428,#2527,.T.);
#2527 = SURFACE_CURVE('',#2528,(#2532,#2539),.PCURVE_S1.);
#2528 = LINE('',#2529,#2530);
#2529 = CARTESIAN_POINT('',(239.28666897832,-36.96195222201,12.7));
#2530 = VECTOR('',#2531,1.);
#2531 = DIRECTION('',(-0.866025403784,-0.5,0.));
#2532 = PCURVE('',#958,#2533);
#2533 = DEFINITIONAL_REPRESENTATION('',(#2534),#2538);
#2534 = LINE('',#2535,#2536);
#2535 = CARTESIAN_POINT('',(160.17235801113,-12.7));
#2536 = VECTOR('',#2537,1.);
#2537 = DIRECTION('',(1.,0.));
#2538 = ( GEOMETRIC_REPRESENTATION_CONTEXT(2) 
PARAMETRIC_REPRESENTATION_CONTEXT() REPRESENTATION_CONTEXT('2D SPACE',''
  ) );
#2539 = PCURVE('',#1555,#2540);
#2540 = DEFINITIONAL_REPRESENTATION('',(#2541),#2545);
#2541 = LINE('',#2542,#2543);
#2542 = CARTESIAN_POINT('',(94.111952222017,239.28666897832));
#2543 = VECTOR('',#2544,1.);
#2544 = DIRECTION('',(0.5,-0.866025403784));
#2545 = ( GEOMETRIC_REPRESENTATION_CONTEXT(2) 
PARAMETRIC_REPRESENTATION_CONTEXT() REPRESENTATION_CONTEXT('2D SPACE',''
  ) );
#2546 = ORIENTED_EDGE('',*,*,#2427,.F.);
#2547 = ADVANCED_FACE('',(#2548),#1044,.T.);
#2548 = FACE_BOUND('',#2549,.T.);
#2549 = EDGE_LOOP('',(#2550,#2551,#2574,#2597));
#2550 = ORIENTED_EDGE('',*,*,#1026,.F.);
#2551 = ORIENTED_EDGE('',*,*,#2552,.T.);
#2552 = EDGE_CURVE('',#1027,#2553,#2555,.T.);
#2553 = VERTEX_POINT('',#2554);
#2554 = CARTESIAN_POINT('',(413.2,14.025773216421,12.7));
#2555 = SURFACE_CURVE('',#2556,(#2560,#2567),.PCURVE_S1.);
#2556 = LINE('',#2557,#2558);
#2557 = CARTESIAN_POINT('',(413.2,14.025773216421,0.));
#2558 = VECTOR('',#2559,1.);
#2559 = DIRECTION('',(0.,0.,1.));
#2560 = PCURVE('',#1044,#2561);
#2561 = DEFINITIONAL_REPRESENTATION('',(#2562),#2566);
#2562 = LINE('',#2563,#2564);
#2563 = CARTESIAN_POINT('',(0.,0.));
#2564 = VECTOR('',#2565,1.);
#2565 = DIRECTION('',(0.,-1.));
#2566 = ( GEOMETRIC_REPRESENTATION_CONTEXT(2) 
PARAMETRIC_REPRESENTATION_CONTEXT() REPRESENTATION_CONTEXT('2D SPACE',''
  ) );
#2567 = PCURVE('',#1072,#2568);
#2568 = DEFINITIONAL_REPRESENTATION('',(#2569),#2573);
#2569 = LINE('',#2570,#2571);
#2570 = CARTESIAN_POINT('',(14.549226783579,0.));
#2571 = VECTOR('',#2572,1.);
#2572 = DIRECTION('',(0.,-1.));
#2573 = ( GEOMETRIC_REPRESENTATION_CONTEXT(2) 
PARAMETRIC_REPRESENTATION_CONTEXT() REPRESENTATION_CONTEXT('2D SPACE',''
  ) );
#2574 = ORIENTED_EDGE('',*,*,#2575,.T.);
#2575 = EDGE_CURVE('',#2553,#2576,#2578,.T.);
#2576 = VERTEX_POINT('',#2577);
#2577 = CARTESIAN_POINT('',(425.8,21.300386608211,12.7));
#2578 = SURFACE_CURVE('',#2579,(#2583,#2590),.PCURVE_S1.);
#2579 = LINE('',#2580,#2581);
#2580 = CARTESIAN_POINT('',(267.58666897832,-70.04412264658,12.7));
#2581 = VECTOR('',#2582,1.);
#2582 = DIRECTION('',(0.866025403784,0.5,0.));
#2583 = PCURVE('',#1044,#2584);
#2584 = DEFINITIONAL_REPRESENTATION('',(#2585),#2589);
#2585 = LINE('',#2586,#2587);
#2586 = CARTESIAN_POINT('',(-168.1397917259,-12.7));
#2587 = VECTOR('',#2588,1.);
#2588 = DIRECTION('',(1.,0.));
#2589 = ( GEOMETRIC_REPRESENTATION_CONTEXT(2) 
PARAMETRIC_REPRESENTATION_CONTEXT() REPRESENTATION_CONTEXT('2D SPACE',''
  ) );
#2590 = PCURVE('',#1555,#2591);
#2591 = DEFINITIONAL_REPRESENTATION('',(#2592),#2596);
#2592 = LINE('',#2593,#2594);
#2593 = CARTESIAN_POINT('',(127.19412264658,267.58666897832));
#2594 = VECTOR('',#2595,1.);
#2595 = DIRECTION('',(-0.5,0.866025403784));
#2596 = ( GEOMETRIC_REPRESENTATION_CONTEXT(2) 
PARAMETRIC_REPRESENTATION_CONTEXT() REPRESENTATION_CONTEXT('2D SPACE',''
  ) );
#2597 = ORIENTED_EDGE('',*,*,#2598,.F.);
#2598 = EDGE_CURVE('',#1029,#2576,#2599,.T.);
#2599 = SURFACE_CURVE('',#2600,(#2604,#2611),.PCURVE_S1.);
#2600 = LINE('',#2601,#2602);
#2601 = CARTESIAN_POINT('',(425.8,21.300386608211,0.));
#2602 = VECTOR('',#2603,1.);
#2603 = DIRECTION('',(0.,0.,1.));
#2604 = PCURVE('',#1044,#2605);
#2605 = DEFINITIONAL_REPRESENTATION('',(#2606),#2610);
#2606 = LINE('',#2607,#2608);
#2607 = CARTESIAN_POINT('',(14.549226783579,0.));
#2608 = VECTOR('',#2609,1.);
#2609 = DIRECTION('',(0.,-1.));
#2610 = ( GEOMETRIC_REPRESENTATION_CONTEXT(2) 
PARAMETRIC_REPRESENTATION_CONTEXT() REPRESENTATION_CONTEXT('2D SPACE',''
  ) );
#2611 = PCURVE('',#1182,#2612);
#2612 = DEFINITIONAL_REPRESENTATION('',(#2613),#2617);
#2613 = LINE('',#2614,#2615);
#2614 = CARTESIAN_POINT('',(0.,0.));
#2615 = VECTOR('',#2616,1.);
#2616 = DIRECTION('',(0.,-1.));
#2617 = ( GEOMETRIC_REPRESENTATION_CONTEXT(2) 
PARAMETRIC_REPRESENTATION_CONTEXT() REPRESENTATION_CONTEXT('2D SPACE',''
  ) );
#2618 = ADVANCED_FACE('',(#2619),#1072,.T.);
#2619 = FACE_BOUND('',#2620,.T.);
#2620 = EDGE_LOOP('',(#2621,#2622,#2645,#2666));
#2621 = ORIENTED_EDGE('',*,*,#1056,.F.);
#2622 = ORIENTED_EDGE('',*,*,#2623,.T.);
#2623 = EDGE_CURVE('',#1057,#2624,#2626,.T.);
#2624 = VERTEX_POINT('',#2625);
#2625 = CARTESIAN_POINT('',(400.6,21.300386608211,12.7));
#2626 = SURFACE_CURVE('',#2627,(#2631,#2638),.PCURVE_S1.);
#2627 = LINE('',#2628,#2629);
#2628 = CARTESIAN_POINT('',(400.6,21.300386608211,0.));
#2629 = VECTOR('',#2630,1.);
#2630 = DIRECTION('',(0.,0.,1.));
#2631 = PCURVE('',#1072,#2632);
#2632 = DEFINITIONAL_REPRESENTATION('',(#2633),#2637);
#2633 = LINE('',#2634,#2635);
#2634 = CARTESIAN_POINT('',(0.,0.));
#2635 = VECTOR('',#2636,1.);
#2636 = DIRECTION('',(0.,-1.));
#2637 = ( GEOMETRIC_REPRESENTATION_CONTEXT(2) 
PARAMETRIC_REPRESENTATION_CONTEXT() REPRESENTATION_CONTEXT('2D SPACE',''
  ) );
#2638 = PCURVE('',#1100,#2639);
#2639 = DEFINITIONAL_REPRESENTATION('',(#2640),#2644);
#2640 = LINE('',#2641,#2642);
#2641 = CARTESIAN_POINT('',(14.549226783578,0.));
#2642 = VECTOR('',#2643,1.);
#2643 = DIRECTION('',(0.,-1.));
#2644 = ( GEOMETRIC_REPRESENTATION_CONTEXT(2) 
PARAMETRIC_REPRESENTATION_CONTEXT() REPRESENTATION_CONTEXT('2D SPACE',''
  ) );
#2645 = ORIENTED_EDGE('',*,*,#2646,.T.);
#2646 = EDGE_CURVE('',#2624,#2553,#2647,.T.);
#2647 = SURFACE_CURVE('',#2648,(#2652,#2659),.PCURVE_S1.);
#2648 = LINE('',#2649,#2650);
#2649 = CARTESIAN_POINT('',(242.61333102175,112.51403247122,12.7));
#2650 = VECTOR('',#2651,1.);
#2651 = DIRECTION('',(0.866025403784,-0.5,0.));
#2652 = PCURVE('',#1072,#2653);
#2653 = DEFINITIONAL_REPRESENTATION('',(#2654),#2658);
#2654 = LINE('',#2655,#2656);
#2655 = CARTESIAN_POINT('',(-182.4272917259,-12.7));
#2656 = VECTOR('',#2657,1.);
#2657 = DIRECTION('',(1.,0.));
#2658 = ( GEOMETRIC_REPRESENTATION_CONTEXT(2) 
PARAMETRIC_REPRESENTATION_CONTEXT() REPRESENTATION_CONTEXT('2D SPACE',''
  ) );
#2659 = PCURVE('',#1555,#2660);
#2660 = DEFINITIONAL_REPRESENTATION('',(#2661),#2665);
#2661 = LINE('',#2662,#2663);
#2662 = CARTESIAN_POINT('',(-55.36403247122,242.61333102175));
#2663 = VECTOR('',#2664,1.);
#2664 = DIRECTION('',(0.5,0.866025403784));
#2665 = ( GEOMETRIC_REPRESENTATION_CONTEXT(2) 
PARAMETRIC_REPRESENTATION_CONTEXT() REPRESENTATION_CONTEXT('2D SPACE',''
  ) );
#2666 = ORIENTED_EDGE('',*,*,#2552,.F.);
#2667 = ADVANCED_FACE('',(#2668),#1182,.T.);
#2668 = FACE_BOUND('',#2669,.T.);
#2669 = EDGE_LOOP('',(#2670,#2671,#2672,#2695));
#2670 = ORIENTED_EDGE('',*,*,#1168,.F.);
#2671 = ORIENTED_EDGE('',*,*,#2598,.T.);
#2672 = ORIENTED_EDGE('',*,*,#2673,.T.);
#2673 = EDGE_CURVE('',#2576,#2674,#2676,.T.);
#2674 = VERTEX_POINT('',#2675);
#2675 = CARTESIAN_POINT('',(425.8,35.849613391789,12.7));
#2676 = SURFACE_CURVE('',#2677,(#2681,#2688),.PCURVE_S1.);
#2677 = LINE('',#2678,#2679);
#2678 = CARTESIAN_POINT('',(425.8,39.225193304105,12.7));
#2679 = VECTOR('',#2680,1.);
#2680 = DIRECTION('',(-1.110223024625E-16,1.,0.));
#2681 = PCURVE('',#1182,#2682);
#2682 = DEFINITIONAL_REPRESENTATION('',(#2683),#2687);
#2683 = LINE('',#2684,#2685);
#2684 = CARTESIAN_POINT('',(17.924806695894,-12.7));
#2685 = VECTOR('',#2686,1.);
#2686 = DIRECTION('',(1.,0.));
#2687 = ( GEOMETRIC_REPRESENTATION_CONTEXT(2) 
PARAMETRIC_REPRESENTATION_CONTEXT() REPRESENTATION_CONTEXT('2D SPACE',''
  ) );
#2688 = PCURVE('',#1555,#2689);
#2689 = DEFINITIONAL_REPRESENTATION('',(#2690),#2694);
#2690 = LINE('',#2691,#2692);
#2691 = CARTESIAN_POINT('',(17.924806695895,425.8));
#2692 = VECTOR('',#2693,1.);
#2693 = DIRECTION('',(-1.,0.));
#2694 = ( GEOMETRIC_REPRESENTATION_CONTEXT(2) 
PARAMETRIC_REPRESENTATION_CONTEXT() REPRESENTATION_CONTEXT('2D SPACE',''
  ) );
#2695 = ORIENTED_EDGE('',*,*,#2696,.F.);
#2696 = EDGE_CURVE('',#1141,#2674,#2697,.T.);
#2697 = SURFACE_CURVE('',#2698,(#2702,#2709),.PCURVE_S1.);
#2698 = LINE('',#2699,#2700);
#2699 = CARTESIAN_POINT('',(425.8,35.849613391789,0.));
#2700 = VECTOR('',#2701,1.);
#2701 = DIRECTION('',(0.,0.,1.));
#2702 = PCURVE('',#1182,#2703);
#2703 = DEFINITIONAL_REPRESENTATION('',(#2704),#2708);
#2704 = LINE('',#2705,#2706);
#2705 = CARTESIAN_POINT('',(14.549226783578,0.));
#2706 = VECTOR('',#2707,1.);
#2707 = DIRECTION('',(0.,-1.));
#2708 = ( GEOMETRIC_REPRESENTATION_CONTEXT(2) 
PARAMETRIC_REPRESENTATION_CONTEXT() REPRESENTATION_CONTEXT('2D SPACE',''
  ) );
#2709 = PCURVE('',#1156,#2710);
#2710 = DEFINITIONAL_REPRESENTATION('',(#2711),#2715);
#2711 = LINE('',#2712,#2713);
#2712 = CARTESIAN_POINT('',(0.,0.));
#2713 = VECTOR('',#2714,1.);
#2714 = DIRECTION('',(0.,-1.));
#2715 = ( GEOMETRIC_REPRESENTATION_CONTEXT(2) 
PARAMETRIC_REPRESENTATION_CONTEXT() REPRESENTATION_CONTEXT('2D SPACE',''
  ) );
#2716 = ADVANCED_FACE('',(#2717),#1100,.T.);
#2717 = FACE_BOUND('',#2718,.T.);
#2718 = EDGE_LOOP('',(#2719,#2720,#2743,#2764));
#2719 = ORIENTED_EDGE('',*,*,#1084,.F.);
#2720 = ORIENTED_EDGE('',*,*,#2721,.T.);
#2721 = EDGE_CURVE('',#1085,#2722,#2724,.T.);
#2722 = VERTEX_POINT('',#2723);
#2723 = CARTESIAN_POINT('',(400.6,35.849613391789,12.7));
#2724 = SURFACE_CURVE('',#2725,(#2729,#2736),.PCURVE_S1.);
#2725 = LINE('',#2726,#2727);
#2726 = CARTESIAN_POINT('',(400.6,35.849613391789,0.));
#2727 = VECTOR('',#2728,1.);
#2728 = DIRECTION('',(0.,0.,1.));
#2729 = PCURVE('',#1100,#2730);
#2730 = DEFINITIONAL_REPRESENTATION('',(#2731),#2735);
#2731 = LINE('',#2732,#2733);
#2732 = CARTESIAN_POINT('',(0.,0.));
#2733 = VECTOR('',#2734,1.);
#2734 = DIRECTION('',(0.,-1.));
#2735 = ( GEOMETRIC_REPRESENTATION_CONTEXT(2) 
PARAMETRIC_REPRESENTATION_CONTEXT() REPRESENTATION_CONTEXT('2D SPACE',''
  ) );
#2736 = PCURVE('',#1128,#2737);
#2737 = DEFINITIONAL_REPRESENTATION('',(#2738),#2742);
#2738 = LINE('',#2739,#2740);
#2739 = CARTESIAN_POINT('',(14.549226783579,0.));
#2740 = VECTOR('',#2741,1.);
#2741 = DIRECTION('',(0.,-1.));
#2742 = ( GEOMETRIC_REPRESENTATION_CONTEXT(2) 
PARAMETRIC_REPRESENTATION_CONTEXT() REPRESENTATION_CONTEXT('2D SPACE',''
  ) );
#2743 = ORIENTED_EDGE('',*,*,#2744,.T.);
#2744 = EDGE_CURVE('',#2722,#2624,#2745,.T.);
#2745 = SURFACE_CURVE('',#2746,(#2750,#2757),.PCURVE_S1.);
#2746 = LINE('',#2747,#2748);
#2747 = CARTESIAN_POINT('',(400.6,46.499806695894,12.7));
#2748 = VECTOR('',#2749,1.);
#2749 = DIRECTION('',(1.110223024625E-16,-1.,0.));
#2750 = PCURVE('',#1100,#2751);
#2751 = DEFINITIONAL_REPRESENTATION('',(#2752),#2756);
#2752 = LINE('',#2753,#2754);
#2753 = CARTESIAN_POINT('',(-10.6501933041,-12.7));
#2754 = VECTOR('',#2755,1.);
#2755 = DIRECTION('',(1.,0.));
#2756 = ( GEOMETRIC_REPRESENTATION_CONTEXT(2) 
PARAMETRIC_REPRESENTATION_CONTEXT() REPRESENTATION_CONTEXT('2D SPACE',''
  ) );
#2757 = PCURVE('',#1555,#2758);
#2758 = DEFINITIONAL_REPRESENTATION('',(#2759),#2763);
#2759 = LINE('',#2760,#2761);
#2760 = CARTESIAN_POINT('',(10.650193304106,400.6));
#2761 = VECTOR('',#2762,1.);
#2762 = DIRECTION('',(1.,0.));
#2763 = ( GEOMETRIC_REPRESENTATION_CONTEXT(2) 
PARAMETRIC_REPRESENTATION_CONTEXT() REPRESENTATION_CONTEXT('2D SPACE',''
  ) );
#2764 = ORIENTED_EDGE('',*,*,#2623,.F.);
#2765 = ADVANCED_FACE('',(#2766),#1156,.T.);
#2766 = FACE_BOUND('',#2767,.T.);
#2767 = EDGE_LOOP('',(#2768,#2769,#2770,#2793));
#2768 = ORIENTED_EDGE('',*,*,#1140,.F.);
#2769 = ORIENTED_EDGE('',*,*,#2696,.T.);
#2770 = ORIENTED_EDGE('',*,*,#2771,.T.);
#2771 = EDGE_CURVE('',#2674,#2772,#2774,.T.);
#2772 = VERTEX_POINT('',#2773);
#2773 = CARTESIAN_POINT('',(413.2,43.124226783579,12.7));
#2774 = SURFACE_CURVE('',#2775,(#2779,#2786),.PCURVE_S1.);
#2775 = LINE('',#2776,#2777);
#2776 = CARTESIAN_POINT('',(261.51333102175,130.70056595069,12.7));
#2777 = VECTOR('',#2778,1.);
#2778 = DIRECTION('',(-0.866025403784,0.5,0.));
#2779 = PCURVE('',#1156,#2780);
#2780 = DEFINITIONAL_REPRESENTATION('',(#2781),#2785);
#2781 = LINE('',#2782,#2783);
#2782 = CARTESIAN_POINT('',(189.70190511774,-12.7));
#2783 = VECTOR('',#2784,1.);
#2784 = DIRECTION('',(1.,-0.));
#2785 = ( GEOMETRIC_REPRESENTATION_CONTEXT(2) 
PARAMETRIC_REPRESENTATION_CONTEXT() REPRESENTATION_CONTEXT('2D SPACE',''
  ) );
#2786 = PCURVE('',#1555,#2787);
#2787 = DEFINITIONAL_REPRESENTATION('',(#2788),#2792);
#2788 = LINE('',#2789,#2790);
#2789 = CARTESIAN_POINT('',(-73.55056595069,261.51333102175));
#2790 = VECTOR('',#2791,1.);
#2791 = DIRECTION('',(-0.5,-0.866025403784));
#2792 = ( GEOMETRIC_REPRESENTATION_CONTEXT(2) 
PARAMETRIC_REPRESENTATION_CONTEXT() REPRESENTATION_CONTEXT('2D SPACE',''
  ) );
#2793 = ORIENTED_EDGE('',*,*,#2794,.F.);
#2794 = EDGE_CURVE('',#1113,#2772,#2795,.T.);
#2795 = SURFACE_CURVE('',#2796,(#2800,#2807),.PCURVE_S1.);
#2796 = LINE('',#2797,#2798);
#2797 = CARTESIAN_POINT('',(413.2,43.124226783579,0.));
#2798 = VECTOR('',#2799,1.);
#2799 = DIRECTION('',(0.,0.,1.));
#2800 = PCURVE('',#1156,#2801);
#2801 = DEFINITIONAL_REPRESENTATION('',(#2802),#2806);
#2802 = LINE('',#2803,#2804);
#2803 = CARTESIAN_POINT('',(14.549226783579,-0.));
#2804 = VECTOR('',#2805,1.);
#2805 = DIRECTION('',(0.,-1.));
#2806 = ( GEOMETRIC_REPRESENTATION_CONTEXT(2) 
PARAMETRIC_REPRESENTATION_CONTEXT() REPRESENTATION_CONTEXT('2D SPACE',''
  ) );
#2807 = PCURVE('',#1128,#2808);
#2808 = DEFINITIONAL_REPRESENTATION('',(#2809),#2813);
#2809 = LINE('',#2810,#2811);
#2810 = CARTESIAN_POINT('',(0.,0.));
#2811 = VECTOR('',#2812,1.);
#2812 = DIRECTION('',(0.,-1.));
#2813 = ( GEOMETRIC_REPRESENTATION_CONTEXT(2) 
PARAMETRIC_REPRESENTATION_CONTEXT() REPRESENTATION_CONTEXT('2D SPACE',''
  ) );
#2814 = ADVANCED_FACE('',(#2815),#1128,.T.);
#2815 = FACE_BOUND('',#2816,.T.);
#2816 = EDGE_LOOP('',(#2817,#2818,#2819,#2840));
#2817 = ORIENTED_EDGE('',*,*,#1112,.F.);
#2818 = ORIENTED_EDGE('',*,*,#2794,.T.);
#2819 = ORIENTED_EDGE('',*,*,#2820,.T.);
#2820 = EDGE_CURVE('',#2772,#2722,#2821,.T.);
#2821 = SURFACE_CURVE('',#2822,(#2826,#2833),.PCURVE_S1.);
#2822 = LINE('',#2823,#2824);
#2823 = CARTESIAN_POINT('',(261.28666897832,-44.58297577532,12.7));
#2824 = VECTOR('',#2825,1.);
#2825 = DIRECTION('',(-0.866025403784,-0.5,0.));
#2826 = PCURVE('',#1128,#2827);
#2827 = DEFINITIONAL_REPRESENTATION('',(#2828),#2832);
#2828 = LINE('',#2829,#2830);
#2829 = CARTESIAN_POINT('',(175.41440511773,-12.7));
#2830 = VECTOR('',#2831,1.);
#2831 = DIRECTION('',(1.,0.));
#2832 = ( GEOMETRIC_REPRESENTATION_CONTEXT(2) 
PARAMETRIC_REPRESENTATION_CONTEXT() REPRESENTATION_CONTEXT('2D SPACE',''
  ) );
#2833 = PCURVE('',#1555,#2834);
#2834 = DEFINITIONAL_REPRESENTATION('',(#2835),#2839);
#2835 = LINE('',#2836,#2837);
#2836 = CARTESIAN_POINT('',(101.73297577532,261.28666897832));
#2837 = VECTOR('',#2838,1.);
#2838 = DIRECTION('',(0.5,-0.866025403784));
#2839 = ( GEOMETRIC_REPRESENTATION_CONTEXT(2) 
PARAMETRIC_REPRESENTATION_CONTEXT() REPRESENTATION_CONTEXT('2D SPACE',''
  ) );
#2840 = ORIENTED_EDGE('',*,*,#2721,.F.);
#2841 = ADVANCED_FACE('',(#2842),#1214,.T.);
#2842 = FACE_BOUND('',#2843,.T.);
#2843 = EDGE_LOOP('',(#2844,#2845,#2868,#2891));
#2844 = ORIENTED_EDGE('',*,*,#1196,.F.);
#2845 = ORIENTED_EDGE('',*,*,#2846,.T.);
#2846 = EDGE_CURVE('',#1197,#2847,#2849,.T.);
#2847 = VERTEX_POINT('',#2848);
#2848 = CARTESIAN_POINT('',(307.6,14.025773216421,12.7));
#2849 = SURFACE_CURVE('',#2850,(#2854,#2861),.PCURVE_S1.);
#2850 = LINE('',#2851,#2852);
#2851 = CARTESIAN_POINT('',(307.6,14.025773216421,0.));
#2852 = VECTOR('',#2853,1.);
#2853 = DIRECTION('',(0.,0.,1.));
#2854 = PCURVE('',#1214,#2855);
#2855 = DEFINITIONAL_REPRESENTATION('',(#2856),#2860);
#2856 = LINE('',#2857,#2858);
#2857 = CARTESIAN_POINT('',(0.,0.));
#2858 = VECTOR('',#2859,1.);
#2859 = DIRECTION('',(0.,-1.));
#2860 = ( GEOMETRIC_REPRESENTATION_CONTEXT(2) 
PARAMETRIC_REPRESENTATION_CONTEXT() REPRESENTATION_CONTEXT('2D SPACE',''
  ) );
#2861 = PCURVE('',#1242,#2862);
#2862 = DEFINITIONAL_REPRESENTATION('',(#2863),#2867);
#2863 = LINE('',#2864,#2865);
#2864 = CARTESIAN_POINT('',(14.549226783579,0.));
#2865 = VECTOR('',#2866,1.);
#2866 = DIRECTION('',(0.,-1.));
#2867 = ( GEOMETRIC_REPRESENTATION_CONTEXT(2) 
PARAMETRIC_REPRESENTATION_CONTEXT() REPRESENTATION_CONTEXT('2D SPACE',''
  ) );
#2868 = ORIENTED_EDGE('',*,*,#2869,.T.);
#2869 = EDGE_CURVE('',#2847,#2870,#2872,.T.);
#2870 = VERTEX_POINT('',#2871);
#2871 = CARTESIAN_POINT('',(320.2,21.300386608211,12.7));
#2872 = SURFACE_CURVE('',#2873,(#2877,#2884),.PCURVE_S1.);
#2873 = LINE('',#2874,#2875);
#2874 = CARTESIAN_POINT('',(201.58666897831,-47.18105198666,12.7));
#2875 = VECTOR('',#2876,1.);
#2876 = DIRECTION('',(0.866025403784,0.5,0.));
#2877 = PCURVE('',#1214,#2878);
#2878 = DEFINITIONAL_REPRESENTATION('',(#2879),#2883);
#2879 = LINE('',#2880,#2881);
#2880 = CARTESIAN_POINT('',(-122.4136504061,-12.7));
#2881 = VECTOR('',#2882,1.);
#2882 = DIRECTION('',(1.,0.));
#2883 = ( GEOMETRIC_REPRESENTATION_CONTEXT(2) 
PARAMETRIC_REPRESENTATION_CONTEXT() REPRESENTATION_CONTEXT('2D SPACE',''
  ) );
#2884 = PCURVE('',#1555,#2885);
#2885 = DEFINITIONAL_REPRESENTATION('',(#2886),#2890);
#2886 = LINE('',#2887,#2888);
#2887 = CARTESIAN_POINT('',(104.33105198666,201.58666897831));
#2888 = VECTOR('',#2889,1.);
#2889 = DIRECTION('',(-0.5,0.866025403784));
#2890 = ( GEOMETRIC_REPRESENTATION_CONTEXT(2) 
PARAMETRIC_REPRESENTATION_CONTEXT() REPRESENTATION_CONTEXT('2D SPACE',''
  ) );
#2891 = ORIENTED_EDGE('',*,*,#2892,.F.);
#2892 = EDGE_CURVE('',#1199,#2870,#2893,.T.);
#2893 = SURFACE_CURVE('',#2894,(#2898,#2905),.PCURVE_S1.);
#2894 = LINE('',#2895,#2896);
#2895 = CARTESIAN_POINT('',(320.2,21.300386608211,0.));
#2896 = VECTOR('',#2897,1.);
#2897 = DIRECTION('',(0.,0.,1.));
#2898 = PCURVE('',#1214,#2899);
#2899 = DEFINITIONAL_REPRESENTATION('',(#2900),#2904);
#2900 = LINE('',#2901,#2902);
#2901 = CARTESIAN_POINT('',(14.549226783579,0.));
#2902 = VECTOR('',#2903,1.);
#2903 = DIRECTION('',(0.,-1.));
#2904 = ( GEOMETRIC_REPRESENTATION_CONTEXT(2) 
PARAMETRIC_REPRESENTATION_CONTEXT() REPRESENTATION_CONTEXT('2D SPACE',''
  ) );
#2905 = PCURVE('',#1352,#2906);
#2906 = DEFINITIONAL_REPRESENTATION('',(#2907),#2911);
#2907 = LINE('',#2908,#2909);
#2908 = CARTESIAN_POINT('',(0.,0.));
#2909 = VECTOR('',#2910,1.);
#2910 = DIRECTION('',(0.,-1.));
#2911 = ( GEOMETRIC_REPRESENTATION_CONTEXT(2) 
PARAMETRIC_REPRESENTATION_CONTEXT() REPRESENTATION_CONTEXT('2D SPACE',''
  ) );
#2912 = ADVANCED_FACE('',(#2913),#1242,.T.);
#2913 = FACE_BOUND('',#2914,.T.);
#2914 = EDGE_LOOP('',(#2915,#2916,#2939,#2960));
#2915 = ORIENTED_EDGE('',*,*,#1226,.F.);
#2916 = ORIENTED_EDGE('',*,*,#2917,.T.);
#2917 = EDGE_CURVE('',#1227,#2918,#2920,.T.);
#2918 = VERTEX_POINT('',#2919);
#2919 = CARTESIAN_POINT('',(295.,21.300386608211,12.7));
#2920 = SURFACE_CURVE('',#2921,(#2925,#2932),.PCURVE_S1.);
#2921 = LINE('',#2922,#2923);
#2922 = CARTESIAN_POINT('',(295.,21.300386608211,0.));
#2923 = VECTOR('',#2924,1.);
#2924 = DIRECTION('',(0.,0.,1.));
#2925 = PCURVE('',#1242,#2926);
#2926 = DEFINITIONAL_REPRESENTATION('',(#2927),#2931);
#2927 = LINE('',#2928,#2929);
#2928 = CARTESIAN_POINT('',(0.,0.));
#2929 = VECTOR('',#2930,1.);
#2930 = DIRECTION('',(0.,-1.));
#2931 = ( GEOMETRIC_REPRESENTATION_CONTEXT(2) 
PARAMETRIC_REPRESENTATION_CONTEXT() REPRESENTATION_CONTEXT('2D SPACE',''
  ) );
#2932 = PCURVE('',#1270,#2933);
#2933 = DEFINITIONAL_REPRESENTATION('',(#2934),#2938);
#2934 = LINE('',#2935,#2936);
#2935 = CARTESIAN_POINT('',(14.549226783578,0.));
#2936 = VECTOR('',#2937,1.);
#2937 = DIRECTION('',(0.,-1.));
#2938 = ( GEOMETRIC_REPRESENTATION_CONTEXT(2) 
PARAMETRIC_REPRESENTATION_CONTEXT() REPRESENTATION_CONTEXT('2D SPACE',''
  ) );
#2939 = ORIENTED_EDGE('',*,*,#2940,.T.);
#2940 = EDGE_CURVE('',#2918,#2847,#2941,.T.);
#2941 = SURFACE_CURVE('',#2942,(#2946,#2953),.PCURVE_S1.);
#2942 = LINE('',#2943,#2944);
#2943 = CARTESIAN_POINT('',(176.61333102174,89.6509618113,12.7));
#2944 = VECTOR('',#2945,1.);
#2945 = DIRECTION('',(0.866025403784,-0.5,0.));
#2946 = PCURVE('',#1242,#2947);
#2947 = DEFINITIONAL_REPRESENTATION('',(#2948),#2952);
#2948 = LINE('',#2949,#2950);
#2949 = CARTESIAN_POINT('',(-136.7011504061,-12.7));
#2950 = VECTOR('',#2951,1.);
#2951 = DIRECTION('',(1.,0.));
#2952 = ( GEOMETRIC_REPRESENTATION_CONTEXT(2) 
PARAMETRIC_REPRESENTATION_CONTEXT() REPRESENTATION_CONTEXT('2D SPACE',''
  ) );
#2953 = PCURVE('',#1555,#2954);
#2954 = DEFINITIONAL_REPRESENTATION('',(#2955),#2959);
#2955 = LINE('',#2956,#2957);
#2956 = CARTESIAN_POINT('',(-32.5009618113,176.61333102174));
#2957 = VECTOR('',#2958,1.);
#2958 = DIRECTION('',(0.5,0.866025403784));
#2959 = ( GEOMETRIC_REPRESENTATION_CONTEXT(2) 
PARAMETRIC_REPRESENTATION_CONTEXT() REPRESENTATION_CONTEXT('2D SPACE',''
  ) );
#2960 = ORIENTED_EDGE('',*,*,#2846,.F.);
#2961 = ADVANCED_FACE('',(#2962),#1352,.T.);
#2962 = FACE_BOUND('',#2963,.T.);
#2963 = EDGE_LOOP('',(#2964,#2965,#2966,#2989));
#2964 = ORIENTED_EDGE('',*,*,#1338,.F.);
#2965 = ORIENTED_EDGE('',*,*,#2892,.T.);
#2966 = ORIENTED_EDGE('',*,*,#2967,.T.);
#2967 = EDGE_CURVE('',#2870,#2968,#2970,.T.);
#2968 = VERTEX_POINT('',#2969);
#2969 = CARTESIAN_POINT('',(320.2,35.849613391789,12.7));
#2970 = SURFACE_CURVE('',#2971,(#2975,#2982),.PCURVE_S1.);
#2971 = LINE('',#2972,#2973);
#2972 = CARTESIAN_POINT('',(320.2,39.225193304105,12.7));
#2973 = VECTOR('',#2974,1.);
#2974 = DIRECTION('',(-1.110223024625E-16,1.,0.));
#2975 = PCURVE('',#1352,#2976);
#2976 = DEFINITIONAL_REPRESENTATION('',(#2977),#2981);
#2977 = LINE('',#2978,#2979);
#2978 = CARTESIAN_POINT('',(17.924806695894,-12.7));
#2979 = VECTOR('',#2980,1.);
#2980 = DIRECTION('',(1.,0.));
#2981 = ( GEOMETRIC_REPRESENTATION_CONTEXT(2) 
PARAMETRIC_REPRESENTATION_CONTEXT() REPRESENTATION_CONTEXT('2D SPACE',''
  ) );
#2982 = PCURVE('',#1555,#2983);
#2983 = DEFINITIONAL_REPRESENTATION('',(#2984),#2988);
#2984 = LINE('',#2985,#2986);
#2985 = CARTESIAN_POINT('',(17.924806695895,320.2));
#2986 = VECTOR('',#2987,1.);
#2987 = DIRECTION('',(-1.,0.));
#2988 = ( GEOMETRIC_REPRESENTATION_CONTEXT(2) 
PARAMETRIC_REPRESENTATION_CONTEXT() REPRESENTATION_CONTEXT('2D SPACE',''
  ) );
#2989 = ORIENTED_EDGE('',*,*,#2990,.F.);
#2990 = EDGE_CURVE('',#1311,#2968,#2991,.T.);
#2991 = SURFACE_CURVE('',#2992,(#2996,#3003),.PCURVE_S1.);
#2992 = LINE('',#2993,#2994);
#2993 = CARTESIAN_POINT('',(320.2,35.849613391789,0.));
#2994 = VECTOR('',#2995,1.);
#2995 = DIRECTION('',(0.,0.,1.));
#2996 = PCURVE('',#1352,#2997);
#2997 = DEFINITIONAL_REPRESENTATION('',(#2998),#3002);
#2998 = LINE('',#2999,#3000);
#2999 = CARTESIAN_POINT('',(14.549226783578,0.));
#3000 = VECTOR('',#3001,1.);
#3001 = DIRECTION('',(0.,-1.));
#3002 = ( GEOMETRIC_REPRESENTATION_CONTEXT(2) 
PARAMETRIC_REPRESENTATION_CONTEXT() REPRESENTATION_CONTEXT('2D SPACE',''
  ) );
#3003 = PCURVE('',#1326,#3004);
#3004 = DEFINITIONAL_REPRESENTATION('',(#3005),#3009);
#3005 = LINE('',#3006,#3007);
#3006 = CARTESIAN_POINT('',(0.,0.));
#3007 = VECTOR('',#3008,1.);
#3008 = DIRECTION('',(0.,-1.));
#3009 = ( GEOMETRIC_REPRESENTATION_CONTEXT(2) 
PARAMETRIC_REPRESENTATION_CONTEXT() REPRESENTATION_CONTEXT('2D SPACE',''
  ) );
#3010 = ADVANCED_FACE('',(#3011),#1270,.T.);
#3011 = FACE_BOUND('',#3012,.T.);
#3012 = EDGE_LOOP('',(#3013,#3014,#3037,#3058));
#3013 = ORIENTED_EDGE('',*,*,#1254,.F.);
#3014 = ORIENTED_EDGE('',*,*,#3015,.T.);
#3015 = EDGE_CURVE('',#1255,#3016,#3018,.T.);
#3016 = VERTEX_POINT('',#3017);
#3017 = CARTESIAN_POINT('',(295.,35.849613391789,12.7));
#3018 = SURFACE_CURVE('',#3019,(#3023,#3030),.PCURVE_S1.);
#3019 = LINE('',#3020,#3021);
#3020 = CARTESIAN_POINT('',(295.,35.849613391789,0.));
#3021 = VECTOR('',#3022,1.);
#3022 = DIRECTION('',(0.,0.,1.));
#3023 = PCURVE('',#1270,#3024);
#3024 = DEFINITIONAL_REPRESENTATION('',(#3025),#3029);
#3025 = LINE('',#3026,#3027);
#3026 = CARTESIAN_POINT('',(0.,0.));
#3027 = VECTOR('',#3028,1.);
#3028 = DIRECTION('',(0.,-1.));
#3029 = ( GEOMETRIC_REPRESENTATION_CONTEXT(2) 
PARAMETRIC_REPRESENTATION_CONTEXT() REPRESENTATION_CONTEXT('2D SPACE',''
  ) );
#3030 = PCURVE('',#1298,#3031);
#3031 = DEFINITIONAL_REPRESENTATION('',(#3032),#3036);
#3032 = LINE('',#3033,#3034);
#3033 = CARTESIAN_POINT('',(14.549226783579,0.));
#3034 = VECTOR('',#3035,1.);
#3035 = DIRECTION('',(0.,-1.));
#3036 = ( GEOMETRIC_REPRESENTATION_CONTEXT(2) 
PARAMETRIC_REPRESENTATION_CONTEXT() REPRESENTATION_CONTEXT('2D SPACE',''
  ) );
#3037 = ORIENTED_EDGE('',*,*,#3038,.T.);
#3038 = EDGE_CURVE('',#3016,#2918,#3039,.T.);
#3039 = SURFACE_CURVE('',#3040,(#3044,#3051),.PCURVE_S1.);
#3040 = LINE('',#3041,#3042);
#3041 = CARTESIAN_POINT('',(295.,46.499806695894,12.7));
#3042 = VECTOR('',#3043,1.);
#3043 = DIRECTION('',(1.110223024625E-16,-1.,0.));
#3044 = PCURVE('',#1270,#3045);
#3045 = DEFINITIONAL_REPRESENTATION('',(#3046),#3050);
#3046 = LINE('',#3047,#3048);
#3047 = CARTESIAN_POINT('',(-10.6501933041,-12.7));
#3048 = VECTOR('',#3049,1.);
#3049 = DIRECTION('',(1.,0.));
#3050 = ( GEOMETRIC_REPRESENTATION_CONTEXT(2) 
PARAMETRIC_REPRESENTATION_CONTEXT() REPRESENTATION_CONTEXT('2D SPACE',''
  ) );
#3051 = PCURVE('',#1555,#3052);
#3052 = DEFINITIONAL_REPRESENTATION('',(#3053),#3057);
#3053 = LINE('',#3054,#3055);
#3054 = CARTESIAN_POINT('',(10.650193304106,295.));
#3055 = VECTOR('',#3056,1.);
#3056 = DIRECTION('',(1.,0.));
#3057 = ( GEOMETRIC_REPRESENTATION_CONTEXT(2) 
PARAMETRIC_REPRESENTATION_CONTEXT() REPRESENTATION_CONTEXT('2D SPACE',''
  ) );
#3058 = ORIENTED_EDGE('',*,*,#2917,.F.);
#3059 = ADVANCED_FACE('',(#3060),#1326,.T.);
#3060 = FACE_BOUND('',#3061,.T.);
#3061 = EDGE_LOOP('',(#3062,#3063,#3064,#3087));
#3062 = ORIENTED_EDGE('',*,*,#1310,.F.);
#3063 = ORIENTED_EDGE('',*,*,#2990,.T.);
#3064 = ORIENTED_EDGE('',*,*,#3065,.T.);
#3065 = EDGE_CURVE('',#2968,#3066,#3068,.T.);
#3066 = VERTEX_POINT('',#3067);
#3067 = CARTESIAN_POINT('',(307.6,43.124226783579,12.7));
#3068 = SURFACE_CURVE('',#3069,(#3073,#3080),.PCURVE_S1.);
#3069 = LINE('',#3070,#3071);
#3070 = CARTESIAN_POINT('',(195.51333102174,107.83749529077,12.7));
#3071 = VECTOR('',#3072,1.);
#3072 = DIRECTION('',(-0.866025403784,0.5,0.));
#3073 = PCURVE('',#1326,#3074);
#3074 = DEFINITIONAL_REPRESENTATION('',(#3075),#3079);
#3075 = LINE('',#3076,#3077);
#3076 = CARTESIAN_POINT('',(143.97576379792,-12.7));
#3077 = VECTOR('',#3078,1.);
#3078 = DIRECTION('',(1.,-0.));
#3079 = ( GEOMETRIC_REPRESENTATION_CONTEXT(2) 
PARAMETRIC_REPRESENTATION_CONTEXT() REPRESENTATION_CONTEXT('2D SPACE',''
  ) );
#3080 = PCURVE('',#1555,#3081);
#3081 = DEFINITIONAL_REPRESENTATION('',(#3082),#3086);
#3082 = LINE('',#3083,#3084);
#3083 = CARTESIAN_POINT('',(-50.68749529077,195.51333102174));
#3084 = VECTOR('',#3085,1.);
#3085 = DIRECTION('',(-0.5,-0.866025403784));
#3086 = ( GEOMETRIC_REPRESENTATION_CONTEXT(2) 
PARAMETRIC_REPRESENTATION_CONTEXT() REPRESENTATION_CONTEXT('2D SPACE',''
  ) );
#3087 = ORIENTED_EDGE('',*,*,#3088,.F.);
#3088 = EDGE_CURVE('',#1283,#3066,#3089,.T.);
#3089 = SURFACE_CURVE('',#3090,(#3094,#3101),.PCURVE_S1.);
#3090 = LINE('',#3091,#3092);
#3091 = CARTESIAN_POINT('',(307.6,43.124226783579,0.));
#3092 = VECTOR('',#3093,1.);
#3093 = DIRECTION('',(0.,0.,1.));
#3094 = PCURVE('',#1326,#3095);
#3095 = DEFINITIONAL_REPRESENTATION('',(#3096),#3100);
#3096 = LINE('',#3097,#3098);
#3097 = CARTESIAN_POINT('',(14.549226783579,-0.));
#3098 = VECTOR('',#3099,1.);
#3099 = DIRECTION('',(0.,-1.));
#3100 = ( GEOMETRIC_REPRESENTATION_CONTEXT(2) 
PARAMETRIC_REPRESENTATION_CONTEXT() REPRESENTATION_CONTEXT('2D SPACE',''
  ) );
#3101 = PCURVE('',#1298,#3102);
#3102 = DEFINITIONAL_REPRESENTATION('',(#3103),#3107);
#3103 = LINE('',#3104,#3105);
#3104 = CARTESIAN_POINT('',(0.,0.));
#3105 = VECTOR('',#3106,1.);
#3106 = DIRECTION('',(0.,-1.));
#3107 = ( GEOMETRIC_REPRESENTATION_CONTEXT(2) 
PARAMETRIC_REPRESENTATION_CONTEXT() REPRESENTATION_CONTEXT('2D SPACE',''
  ) );
#3108 = ADVANCED_FACE('',(#3109),#1298,.T.);
#3109 = FACE_BOUND('',#3110,.T.);
#3110 = EDGE_LOOP('',(#3111,#3112,#3113,#3134));
#3111 = ORIENTED_EDGE('',*,*,#1282,.F.);
#3112 = ORIENTED_EDGE('',*,*,#3088,.T.);
#3113 = ORIENTED_EDGE('',*,*,#3114,.T.);
#3114 = EDGE_CURVE('',#3066,#3016,#3115,.T.);
#3115 = SURFACE_CURVE('',#3116,(#3120,#3127),.PCURVE_S1.);
#3116 = LINE('',#3117,#3118);
#3117 = CARTESIAN_POINT('',(195.28666897831,-21.7199051154,12.7));
#3118 = VECTOR('',#3119,1.);
#3119 = DIRECTION('',(-0.866025403784,-0.5,0.));
#3120 = PCURVE('',#1298,#3121);
#3121 = DEFINITIONAL_REPRESENTATION('',(#3122),#3126);
#3122 = LINE('',#3123,#3124);
#3123 = CARTESIAN_POINT('',(129.68826379792,-12.7));
#3124 = VECTOR('',#3125,1.);
#3125 = DIRECTION('',(1.,0.));
#3126 = ( GEOMETRIC_REPRESENTATION_CONTEXT(2) 
PARAMETRIC_REPRESENTATION_CONTEXT() REPRESENTATION_CONTEXT('2D SPACE',''
  ) );
#3127 = PCURVE('',#1555,#3128);
#3128 = DEFINITIONAL_REPRESENTATION('',(#3129),#3133);
#3129 = LINE('',#3130,#3131);
#3130 = CARTESIAN_POINT('',(78.869905115407,195.28666897831));
#3131 = VECTOR('',#3132,1.);
#3132 = DIRECTION('',(0.5,-0.866025403784));
#3133 = ( GEOMETRIC_REPRESENTATION_CONTEXT(2) 
PARAMETRIC_REPRESENTATION_CONTEXT() REPRESENTATION_CONTEXT('2D SPACE',''
  ) );
#3134 = ORIENTED_EDGE('',*,*,#3015,.F.);
#3135 = ADVANCED_FACE('',(#3136),#1384,.T.);
#3136 = FACE_BOUND('',#3137,.T.);
#3137 = EDGE_LOOP('',(#3138,#3139,#3162,#3185));
#3138 = ORIENTED_EDGE('',*,*,#1366,.F.);
#3139 = ORIENTED_EDGE('',*,*,#3140,.T.);
#3140 = EDGE_CURVE('',#1367,#3141,#3143,.T.);
#3141 = VERTEX_POINT('',#3142);
#3142 = CARTESIAN_POINT('',(342.8,14.025773216421,12.7));
#3143 = SURFACE_CURVE('',#3144,(#3148,#3155),.PCURVE_S1.);
#3144 = LINE('',#3145,#3146);
#3145 = CARTESIAN_POINT('',(342.8,14.025773216421,0.));
#3146 = VECTOR('',#3147,1.);
#3147 = DIRECTION('',(0.,0.,1.));
#3148 = PCURVE('',#1384,#3149);
#3149 = DEFINITIONAL_REPRESENTATION('',(#3150),#3154);
#3150 = LINE('',#3151,#3152);
#3151 = CARTESIAN_POINT('',(0.,0.));
#3152 = VECTOR('',#3153,1.);
#3153 = DIRECTION('',(0.,-1.));
#3154 = ( GEOMETRIC_REPRESENTATION_CONTEXT(2) 
PARAMETRIC_REPRESENTATION_CONTEXT() REPRESENTATION_CONTEXT('2D SPACE',''
  ) );
#3155 = PCURVE('',#1412,#3156);
#3156 = DEFINITIONAL_REPRESENTATION('',(#3157),#3161);
#3157 = LINE('',#3158,#3159);
#3158 = CARTESIAN_POINT('',(14.549226783579,0.));
#3159 = VECTOR('',#3160,1.);
#3160 = DIRECTION('',(0.,-1.));
#3161 = ( GEOMETRIC_REPRESENTATION_CONTEXT(2) 
PARAMETRIC_REPRESENTATION_CONTEXT() REPRESENTATION_CONTEXT('2D SPACE',''
  ) );
#3162 = ORIENTED_EDGE('',*,*,#3163,.T.);
#3163 = EDGE_CURVE('',#3141,#3164,#3166,.T.);
#3164 = VERTEX_POINT('',#3165);
#3165 = CARTESIAN_POINT('',(355.4,21.300386608211,12.7));
#3166 = SURFACE_CURVE('',#3167,(#3171,#3178),.PCURVE_S1.);
#3167 = LINE('',#3168,#3169);
#3168 = CARTESIAN_POINT('',(223.58666897832,-54.80207553997,12.7));
#3169 = VECTOR('',#3170,1.);
#3170 = DIRECTION('',(0.866025403784,0.5,0.));
#3171 = PCURVE('',#1384,#3172);
#3172 = DEFINITIONAL_REPRESENTATION('',(#3173),#3177);
#3173 = LINE('',#3174,#3175);
#3174 = CARTESIAN_POINT('',(-137.6556975127,-12.7));
#3175 = VECTOR('',#3176,1.);
#3176 = DIRECTION('',(1.,0.));
#3177 = ( GEOMETRIC_REPRESENTATION_CONTEXT(2) 
PARAMETRIC_REPRESENTATION_CONTEXT() REPRESENTATION_CONTEXT('2D SPACE',''
  ) );
#3178 = PCURVE('',#1555,#3179);
#3179 = DEFINITIONAL_REPRESENTATION('',(#3180),#3184);
#3180 = LINE('',#3181,#3182);
#3181 = CARTESIAN_POINT('',(111.95207553997,223.58666897832));
#3182 = VECTOR('',#3183,1.);
#3183 = DIRECTION('',(-0.5,0.866025403784));
#3184 = ( GEOMETRIC_REPRESENTATION_CONTEXT(2) 
PARAMETRIC_REPRESENTATION_CONTEXT() REPRESENTATION_CONTEXT('2D SPACE',''
  ) );
#3185 = ORIENTED_EDGE('',*,*,#3186,.F.);
#3186 = EDGE_CURVE('',#1369,#3164,#3187,.T.);
#3187 = SURFACE_CURVE('',#3188,(#3192,#3199),.PCURVE_S1.);
#3188 = LINE('',#3189,#3190);
#3189 = CARTESIAN_POINT('',(355.4,21.300386608211,0.));
#3190 = VECTOR('',#3191,1.);
#3191 = DIRECTION('',(0.,0.,1.));
#3192 = PCURVE('',#1384,#3193);
#3193 = DEFINITIONAL_REPRESENTATION('',(#3194),#3198);
#3194 = LINE('',#3195,#3196);
#3195 = CARTESIAN_POINT('',(14.549226783579,0.));
#3196 = VECTOR('',#3197,1.);
#3197 = DIRECTION('',(0.,-1.));
#3198 = ( GEOMETRIC_REPRESENTATION_CONTEXT(2) 
PARAMETRIC_REPRESENTATION_CONTEXT() REPRESENTATION_CONTEXT('2D SPACE',''
  ) );
#3199 = PCURVE('',#1522,#3200);
#3200 = DEFINITIONAL_REPRESENTATION('',(#3201),#3205);
#3201 = LINE('',#3202,#3203);
#3202 = CARTESIAN_POINT('',(0.,0.));
#3203 = VECTOR('',#3204,1.);
#3204 = DIRECTION('',(0.,-1.));
#3205 = ( GEOMETRIC_REPRESENTATION_CONTEXT(2) 
PARAMETRIC_REPRESENTATION_CONTEXT() REPRESENTATION_CONTEXT('2D SPACE',''
  ) );
#3206 = ADVANCED_FACE('',(#3207),#1412,.T.);
#3207 = FACE_BOUND('',#3208,.T.);
#3208 = EDGE_LOOP('',(#3209,#3210,#3233,#3254));
#3209 = ORIENTED_EDGE('',*,*,#1396,.F.);
#3210 = ORIENTED_EDGE('',*,*,#3211,.T.);
#3211 = EDGE_CURVE('',#1397,#3212,#3214,.T.);
#3212 = VERTEX_POINT('',#3213);
#3213 = CARTESIAN_POINT('',(330.2,21.300386608211,12.7));
#3214 = SURFACE_CURVE('',#3215,(#3219,#3226),.PCURVE_S1.);
#3215 = LINE('',#3216,#3217);
#3216 = CARTESIAN_POINT('',(330.2,21.300386608211,0.));
#3217 = VECTOR('',#3218,1.);
#3218 = DIRECTION('',(0.,0.,1.));
#3219 = PCURVE('',#1412,#3220);
#3220 = DEFINITIONAL_REPRESENTATION('',(#3221),#3225);
#3221 = LINE('',#3222,#3223);
#3222 = CARTESIAN_POINT('',(0.,0.));
#3223 = VECTOR('',#3224,1.);
#3224 = DIRECTION('',(0.,-1.));
#3225 = ( GEOMETRIC_REPRESENTATION_CONTEXT(2) 
PARAMETRIC_REPRESENTATION_CONTEXT() REPRESENTATION_CONTEXT('2D SPACE',''
  ) );
#3226 = PCURVE('',#1440,#3227);
#3227 = DEFINITIONAL_REPRESENTATION('',(#3228),#3232);
#3228 = LINE('',#3229,#3230);
#3229 = CARTESIAN_POINT('',(14.549226783578,0.));
#3230 = VECTOR('',#3231,1.);
#3231 = DIRECTION('',(0.,-1.));
#3232 = ( GEOMETRIC_REPRESENTATION_CONTEXT(2) 
PARAMETRIC_REPRESENTATION_CONTEXT() REPRESENTATION_CONTEXT('2D SPACE',''
  ) );
#3233 = ORIENTED_EDGE('',*,*,#3234,.T.);
#3234 = EDGE_CURVE('',#3212,#3141,#3235,.T.);
#3235 = SURFACE_CURVE('',#3236,(#3240,#3247),.PCURVE_S1.);
#3236 = LINE('',#3237,#3238);
#3237 = CARTESIAN_POINT('',(198.61333102174,97.27198536461,12.7));
#3238 = VECTOR('',#3239,1.);
#3239 = DIRECTION('',(0.866025403784,-0.5,0.));
#3240 = PCURVE('',#1412,#3241);
#3241 = DEFINITIONAL_REPRESENTATION('',(#3242),#3246);
#3242 = LINE('',#3243,#3244);
#3243 = CARTESIAN_POINT('',(-151.9431975127,-12.7));
#3244 = VECTOR('',#3245,1.);
#3245 = DIRECTION('',(1.,0.));
#3246 = ( GEOMETRIC_REPRESENTATION_CONTEXT(2) 
PARAMETRIC_REPRESENTATION_CONTEXT() REPRESENTATION_CONTEXT('2D SPACE',''
  ) );
#3247 = PCURVE('',#1555,#3248);
#3248 = DEFINITIONAL_REPRESENTATION('',(#3249),#3253);
#3249 = LINE('',#3250,#3251);
#3250 = CARTESIAN_POINT('',(-40.12198536461,198.61333102174));
#3251 = VECTOR('',#3252,1.);
#3252 = DIRECTION('',(0.5,0.866025403784));
#3253 = ( GEOMETRIC_REPRESENTATION_CONTEXT(2) 
PARAMETRIC_REPRESENTATION_CONTEXT() REPRESENTATION_CONTEXT('2D SPACE',''
  ) );
#3254 = ORIENTED_EDGE('',*,*,#3140,.F.);
#3255 = ADVANCED_FACE('',(#3256),#1522,.T.);
#3256 = FACE_BOUND('',#3257,.T.);
#3257 = EDGE_LOOP('',(#3258,#3259,#3260,#3283));
#3258 = ORIENTED_EDGE('',*,*,#1508,.F.);
#3259 = ORIENTED_EDGE('',*,*,#3186,.T.);
#3260 = ORIENTED_EDGE('',*,*,#3261,.T.);
#3261 = EDGE_CURVE('',#3164,#3262,#3264,.T.);
#3262 = VERTEX_POINT('',#3263);
#3263 = CARTESIAN_POINT('',(355.4,35.849613391789,12.7));
#3264 = SURFACE_CURVE('',#3265,(#3269,#3276),.PCURVE_S1.);
#3265 = LINE('',#3266,#3267);
#3266 = CARTESIAN_POINT('',(355.4,39.225193304105,12.7));
#3267 = VECTOR('',#3268,1.);
#3268 = DIRECTION('',(-1.110223024625E-16,1.,0.));
#3269 = PCURVE('',#1522,#3270);
#3270 = DEFINITIONAL_REPRESENTATION('',(#3271),#3275);
#3271 = LINE('',#3272,#3273);
#3272 = CARTESIAN_POINT('',(17.924806695894,-12.7));
#3273 = VECTOR('',#3274,1.);
#3274 = DIRECTION('',(1.,0.));
#3275 = ( GEOMETRIC_REPRESENTATION_CONTEXT(2) 
PARAMETRIC_REPRESENTATION_CONTEXT() REPRESENTATION_CONTEXT('2D SPACE',''
  ) );
#3276 = PCURVE('',#1555,#3277);
#3277 = DEFINITIONAL_REPRESENTATION('',(#3278),#3282);
#3278 = LINE('',#3279,#3280);
#3279 = CARTESIAN_POINT('',(17.924806695895,355.4));
#3280 = VECTOR('',#3281,1.);
#3281 = DIRECTION('',(-1.,0.));
#3282 = ( GEOMETRIC_REPRESENTATION_CONTEXT(2) 
PARAMETRIC_REPRESENTATION_CONTEXT() REPRESENTATION_CONTEXT('2D SPACE',''
  ) );
#3283 = ORIENTED_EDGE('',*,*,#3284,.F.);
#3284 = EDGE_CURVE('',#1481,#3262,#3285,.T.);
#3285 = SURFACE_CURVE('',#3286,(#3290,#3297),.PCURVE_S1.);
#3286 = LINE('',#3287,#3288);
#3287 = CARTESIAN_POINT('',(355.4,35.849613391789,0.));
#3288 = VECTOR('',#3289,1.);
#3289 = DIRECTION('',(0.,0.,1.));
#3290 = PCURVE('',#1522,#3291);
#3291 = DEFINITIONAL_REPRESENTATION('',(#3292),#3296);
#3292 = LINE('',#3293,#3294);
#3293 = CARTESIAN_POINT('',(14.549226783578,0.));
#3294 = VECTOR('',#3295,1.);
#3295 = DIRECTION('',(0.,-1.));
#3296 = ( GEOMETRIC_REPRESENTATION_CONTEXT(2) 
PARAMETRIC_REPRESENTATION_CONTEXT() REPRESENTATION_CONTEXT('2D SPACE',''
  ) );
#3297 = PCURVE('',#1496,#3298);
#3298 = DEFINITIONAL_REPRESENTATION('',(#3299),#3303);
#3299 = LINE('',#3300,#3301);
#3300 = CARTESIAN_POINT('',(0.,0.));
#3301 = VECTOR('',#3302,1.);
#3302 = DIRECTION('',(0.,-1.));
#3303 = ( GEOMETRIC_REPRESENTATION_CONTEXT(2) 
PARAMETRIC_REPRESENTATION_CONTEXT() REPRESENTATION_CONTEXT('2D SPACE',''
  ) );
#3304 = ADVANCED_FACE('',(#3305),#1440,.T.);
#3305 = FACE_BOUND('',#3306,.T.);
#3306 = EDGE_LOOP('',(#3307,#3308,#3331,#3352));
#3307 = ORIENTED_EDGE('',*,*,#1424,.F.);
#3308 = ORIENTED_EDGE('',*,*,#3309,.T.);
#3309 = EDGE_CURVE('',#1425,#3310,#3312,.T.);
#3310 = VERTEX_POINT('',#3311);
#3311 = CARTESIAN_POINT('',(330.2,35.849613391789,12.7));
#3312 = SURFACE_CURVE('',#3313,(#3317,#3324),.PCURVE_S1.);
#3313 = LINE('',#3314,#3315);
#3314 = CARTESIAN_POINT('',(330.2,35.849613391789,0.));
#3315 = VECTOR('',#3316,1.);
#3316 = DIRECTION('',(0.,0.,1.));
#3317 = PCURVE('',#1440,#3318);
#3318 = DEFINITIONAL_REPRESENTATION('',(#3319),#3323);
#3319 = LINE('',#3320,#3321);
#3320 = CARTESIAN_POINT('',(0.,0.));
#3321 = VECTOR('',#3322,1.);
#3322 = DIRECTION('',(0.,-1.));
#3323 = ( GEOMETRIC_REPRESENTATION_CONTEXT(2) 
PARAMETRIC_REPRESENTATION_CONTEXT() REPRESENTATION_CONTEXT('2D SPACE',''
  ) );
#3324 = PCURVE('',#1468,#3325);
#3325 = DEFINITIONAL_REPRESENTATION('',(#3326),#3330);
#3326 = LINE('',#3327,#3328);
#3327 = CARTESIAN_POINT('',(14.549226783579,0.));
#3328 = VECTOR('',#3329,1.);
#3329 = DIRECTION('',(0.,-1.));
#3330 = ( GEOMETRIC_REPRESENTATION_CONTEXT(2) 
PARAMETRIC_REPRESENTATION_CONTEXT() REPRESENTATION_CONTEXT('2D SPACE',''
  ) );
#3331 = ORIENTED_EDGE('',*,*,#3332,.T.);
#3332 = EDGE_CURVE('',#3310,#3212,#3333,.T.);
#3333 = SURFACE_CURVE('',#3334,(#3338,#3345),.PCURVE_S1.);
#3334 = LINE('',#3335,#3336);
#3335 = CARTESIAN_POINT('',(330.2,46.499806695894,12.7));
#3336 = VECTOR('',#3337,1.);
#3337 = DIRECTION('',(1.110223024625E-16,-1.,0.));
#3338 = PCURVE('',#1440,#3339);
#3339 = DEFINITIONAL_REPRESENTATION('',(#3340),#3344);
#3340 = LINE('',#3341,#3342);
#3341 = CARTESIAN_POINT('',(-10.6501933041,-12.7));
#3342 = VECTOR('',#3343,1.);
#3343 = DIRECTION('',(1.,0.));
#3344 = ( GEOMETRIC_REPRESENTATION_CONTEXT(2) 
PARAMETRIC_REPRESENTATION_CONTEXT() REPRESENTATION_CONTEXT('2D SPACE',''
  ) );
#3345 = PCURVE('',#1555,#3346);
#3346 = DEFINITIONAL_REPRESENTATION('',(#3347),#3351);
#3347 = LINE('',#3348,#3349);
#3348 = CARTESIAN_POINT('',(10.650193304106,330.2));
#3349 = VECTOR('',#3350,1.);
#3350 = DIRECTION('',(1.,0.));
#3351 = ( GEOMETRIC_REPRESENTATION_CONTEXT(2) 
PARAMETRIC_REPRESENTATION_CONTEXT() REPRESENTATION_CONTEXT('2D SPACE',''
  ) );
#3352 = ORIENTED_EDGE('',*,*,#3211,.F.);
#3353 = ADVANCED_FACE('',(#3354),#1496,.T.);
#3354 = FACE_BOUND('',#3355,.T.);
#3355 = EDGE_LOOP('',(#3356,#3357,#3358,#3381));
#3356 = ORIENTED_EDGE('',*,*,#1480,.F.);
#3357 = ORIENTED_EDGE('',*,*,#3284,.T.);
#3358 = ORIENTED_EDGE('',*,*,#3359,.T.);
#3359 = EDGE_CURVE('',#3262,#3360,#3362,.T.);
#3360 = VERTEX_POINT('',#3361);
#3361 = CARTESIAN_POINT('',(342.8,43.124226783579,12.7));
#3362 = SURFACE_CURVE('',#3363,(#3367,#3374),.PCURVE_S1.);
#3363 = LINE('',#3364,#3365);
#3364 = CARTESIAN_POINT('',(217.51333102174,115.45851884408,12.7));
#3365 = VECTOR('',#3366,1.);
#3366 = DIRECTION('',(-0.866025403784,0.5,0.));
#3367 = PCURVE('',#1496,#3368);
#3368 = DEFINITIONAL_REPRESENTATION('',(#3369),#3373);
#3369 = LINE('',#3370,#3371);
#3370 = CARTESIAN_POINT('',(159.21781090453,-12.7));
#3371 = VECTOR('',#3372,1.);
#3372 = DIRECTION('',(1.,-0.));
#3373 = ( GEOMETRIC_REPRESENTATION_CONTEXT(2) 
PARAMETRIC_REPRESENTATION_CONTEXT() REPRESENTATION_CONTEXT('2D SPACE',''
  ) );
#3374 = PCURVE('',#1555,#3375);
#3375 = DEFINITIONAL_REPRESENTATION('',(#3376),#3380);
#3376 = LINE('',#3377,#3378);
#3377 = CARTESIAN_POINT('',(-58.30851884408,217.51333102174));
#3378 = VECTOR('',#3379,1.);
#3379 = DIRECTION('',(-0.5,-0.866025403784));
#3380 = ( GEOMETRIC_REPRESENTATION_CONTEXT(2) 
PARAMETRIC_REPRESENTATION_CONTEXT() REPRESENTATION_CONTEXT('2D SPACE',''
  ) );
#3381 = ORIENTED_EDGE('',*,*,#3382,.F.);
#3382 = EDGE_CURVE('',#1453,#3360,#3383,.T.);
#3383 = SURFACE_CURVE('',#3384,(#3388,#3395),.PCURVE_S1.);
#3384 = LINE('',#3385,#3386);
#3385 = CARTESIAN_POINT('',(342.8,43.124226783579,0.));
#3386 = VECTOR('',#3387,1.);
#3387 = DIRECTION('',(0.,0.,1.));
#3388 = PCURVE('',#1496,#3389);
#3389 = DEFINITIONAL_REPRESENTATION('',(#3390),#3394);
#3390 = LINE('',#3391,#3392);
#3391 = CARTESIAN_POINT('',(14.549226783579,-0.));
#3392 = VECTOR('',#3393,1.);
#3393 = DIRECTION('',(0.,-1.));
#3394 = ( GEOMETRIC_REPRESENTATION_CONTEXT(2) 
PARAMETRIC_REPRESENTATION_CONTEXT() REPRESENTATION_CONTEXT('2D SPACE',''
  ) );
#3395 = PCURVE('',#1468,#3396);
#3396 = DEFINITIONAL_REPRESENTATION('',(#3397),#3401);
#3397 = LINE('',#3398,#3399);
#3398 = CARTESIAN_POINT('',(0.,0.));
#3399 = VECTOR('',#3400,1.);
#3400 = DIRECTION('',(0.,-1.));
#3401 = ( GEOMETRIC_REPRESENTATION_CONTEXT(2) 
PARAMETRIC_REPRESENTATION_CONTEXT() REPRESENTATION_CONTEXT('2D SPACE',''
  ) );
#3402 = ADVANCED_FACE('',(#3403),#1468,.T.);
#3403 = FACE_BOUND('',#3404,.T.);
#3404 = EDGE_LOOP('',(#3405,#3406,#3407,#3428));
#3405 = ORIENTED_EDGE('',*,*,#1452,.F.);
#3406 = ORIENTED_EDGE('',*,*,#3382,.T.);
#3407 = ORIENTED_EDGE('',*,*,#3408,.T.);
#3408 = EDGE_CURVE('',#3360,#3310,#3409,.T.);
#3409 = SURFACE_CURVE('',#3410,(#3414,#3421),.PCURVE_S1.);
#3410 = LINE('',#3411,#3412);
#3411 = CARTESIAN_POINT('',(217.28666897831,-29.34092866871,12.7));
#3412 = VECTOR('',#3413,1.);
#3413 = DIRECTION('',(-0.866025403784,-0.5,0.));
#3414 = PCURVE('',#1468,#3415);
#3415 = DEFINITIONAL_REPRESENTATION('',(#3416),#3420);
#3416 = LINE('',#3417,#3418);
#3417 = CARTESIAN_POINT('',(144.93031090453,-12.7));
#3418 = VECTOR('',#3419,1.);
#3419 = DIRECTION('',(1.,0.));
#3420 = ( GEOMETRIC_REPRESENTATION_CONTEXT(2) 
PARAMETRIC_REPRESENTATION_CONTEXT() REPRESENTATION_CONTEXT('2D SPACE',''
  ) );
#3421 = PCURVE('',#1555,#3422);
#3422 = DEFINITIONAL_REPRESENTATION('',(#3423),#3427);
#3423 = LINE('',#3424,#3425);
#3424 = CARTESIAN_POINT('',(86.490928668712,217.28666897831));
#3425 = VECTOR('',#3426,1.);
#3426 = DIRECTION('',(0.5,-0.866025403784));
#3427 = ( GEOMETRIC_REPRESENTATION_CONTEXT(2) 
PARAMETRIC_REPRESENTATION_CONTEXT() REPRESENTATION_CONTEXT('2D SPACE',''
  ) );
#3428 = ORIENTED_EDGE('',*,*,#3309,.F.);
#3429 = ADVANCED_FACE('',(#3430,#3841,#3849,#3857,#3865),#1555,.T.);
#3430 = FACE_BOUND('',#3431,.T.);
#3431 = EDGE_LOOP('',(#3432,#3433,#3434,#3595,#3623,#3651,#3679,#3838,
    #3839,#3840));
#3432 = ORIENTED_EDGE('',*,*,#2096,.F.);
#3433 = ORIENTED_EDGE('',*,*,#2048,.T.);
#3434 = ORIENTED_EDGE('',*,*,#3435,.F.);
#3435 = EDGE_CURVE('',#3436,#2026,#3438,.T.);
#3436 = VERTEX_POINT('',#3437);
#3437 = CARTESIAN_POINT('',(249.27533985338,47.385717085876,12.7));
#3438 = SURFACE_CURVE('',#3439,(#3456,#3476),.PCURVE_S1.);
#3439 = B_SPLINE_CURVE_WITH_KNOTS('',8,(#3440,#3441,#3442,#3443,#3444,
    #3445,#3446,#3447,#3448,#3449,#3450,#3451,#3452,#3453,#3454,#3455),
  .UNSPECIFIED.,.F.,.F.,(9,7,9),(0.,0.5,1.),.UNSPECIFIED.);
#3440 = CARTESIAN_POINT('',(249.27533985338,47.385717085876,12.7));
#3441 = CARTESIAN_POINT('',(249.31268172519,47.36414460277,12.7));
#3442 = CARTESIAN_POINT('',(249.36128595888,47.364827073282,12.7));
#3443 = CARTESIAN_POINT('',(249.40321163744,47.38700048321,12.7));
#3444 = CARTESIAN_POINT('',(249.43868221301,47.399372136935,12.7));
#3445 = CARTESIAN_POINT('',(249.47784212793,47.42727141216,12.7));
#3446 = CARTESIAN_POINT('',(249.51054265296,47.451477188669,12.7));
#3447 = CARTESIAN_POINT('',(249.5430030658,47.480246269351,12.7));
#3448 = CARTESIAN_POINT('',(249.60295596656,47.541223745354,12.7));
#3449 = CARTESIAN_POINT('',(249.63087455154,47.573962629285,12.7));
#3450 = CARTESIAN_POINT('',(249.65638449097,47.608337167729,12.7));
#3451 = CARTESIAN_POINT('',(249.67934505371,47.64446017863,12.7));
#3452 = CARTESIAN_POINT('',(249.69938107978,47.682714081316,12.7));
#3453 = CARTESIAN_POINT('',(249.71543850253,47.723293188571,12.7));
#3454 = CARTESIAN_POINT('',(249.72533987071,47.765745998646,12.7));
#3455 = CARTESIAN_POINT('',(249.72533987072,47.80851748733,12.7));
#3456 = PCURVE('',#1555,#3457);
#3457 = DEFINITIONAL_REPRESENTATION('',(#3458),#3475);
#3458 = B_SPLINE_CURVE_WITH_KNOTS('',8,(#3459,#3460,#3461,#3462,#3463,
    #3464,#3465,#3466,#3467,#3468,#3469,#3470,#3471,#3472,#3473,#3474),
  .UNSPECIFIED.,.F.,.F.,(9,7,9),(0.,0.5,1.),.UNSPECIFIED.);
#3459 = CARTESIAN_POINT('',(9.764282914124,249.27533985338));
#3460 = CARTESIAN_POINT('',(9.78585539723,249.31268172519));
#3461 = CARTESIAN_POINT('',(9.785172926718,249.36128595888));
#3462 = CARTESIAN_POINT('',(9.76299951679,249.40321163744));
#3463 = CARTESIAN_POINT('',(9.750627863065,249.43868221301));
#3464 = CARTESIAN_POINT('',(9.72272858784,249.47784212793));
#3465 = CARTESIAN_POINT('',(9.698522811331,249.51054265296));
#3466 = CARTESIAN_POINT('',(9.669753730649,249.5430030658));
#3467 = CARTESIAN_POINT('',(9.608776254646,249.60295596656));
#3468 = CARTESIAN_POINT('',(9.576037370715,249.63087455154));
#3469 = CARTESIAN_POINT('',(9.541662832271,249.65638449097));
#3470 = CARTESIAN_POINT('',(9.50553982137,249.67934505371));
#3471 = CARTESIAN_POINT('',(9.467285918684,249.69938107978));
#3472 = CARTESIAN_POINT('',(9.426706811429,249.71543850253));
#3473 = CARTESIAN_POINT('',(9.384254001354,249.72533987071));
#3474 = CARTESIAN_POINT('',(9.34148251267,249.72533987072));
#3475 = ( GEOMETRIC_REPRESENTATION_CONTEXT(2) 
PARAMETRIC_REPRESENTATION_CONTEXT() REPRESENTATION_CONTEXT('2D SPACE',''
  ) );
#3476 = PCURVE('',#3477,#3590);
#3477 = B_SPLINE_SURFACE_WITH_KNOTS('',6,8,(
    (#3478,#3479,#3480,#3481,#3482,#3483,#3484,#3485,#3486,#3487,#3488
      ,#3489,#3490,#3491,#3492,#3493)
    ,(#3494,#3495,#3496,#3497,#3498,#3499,#3500,#3501,#3502,#3503,#3504
      ,#3505,#3506,#3507,#3508,#3509)
    ,(#3510,#3511,#3512,#3513,#3514,#3515,#3516,#3517,#3518,#3519,#3520
      ,#3521,#3522,#3523,#3524,#3525)
    ,(#3526,#3527,#3528,#3529,#3530,#3531,#3532,#3533,#3534,#3535,#3536
      ,#3537,#3538,#3539,#3540,#3541)
    ,(#3542,#3543,#3544,#3545,#3546,#3547,#3548,#3549,#3550,#3551,#3552
      ,#3553,#3554,#3555,#3556,#3557)
    ,(#3558,#3559,#3560,#3561,#3562,#3563,#3564,#3565,#3566,#3567,#3568
      ,#3569,#3570,#3571,#3572,#3573)
    ,(#3574,#3575,#3576,#3577,#3578,#3579,#3580,#3581,#3582,#3583,#3584
      ,#3585,#3586,#3587,#3588,#3589
    )),.UNSPECIFIED.,.F.,.F.,.F.,(7,7),(9,7,9),(0.,1.),(0.,0.5,1.),
  .UNSPECIFIED.);
#3478 = CARTESIAN_POINT('',(249.27533985338,47.385717085876,12.7));
#3479 = CARTESIAN_POINT('',(249.31268172519,47.36414460277,12.7));
#3480 = CARTESIAN_POINT('',(249.36128595888,47.364827073282,12.7));
#3481 = CARTESIAN_POINT('',(249.40321163744,47.38700048321,12.7));
#3482 = CARTESIAN_POINT('',(249.43868221301,47.399372136935,12.7));
#3483 = CARTESIAN_POINT('',(249.47784212793,47.42727141216,12.7));
#3484 = CARTESIAN_POINT('',(249.51054265296,47.451477188669,12.7));
#3485 = CARTESIAN_POINT('',(249.5430030658,47.480246269351,12.7));
#3486 = CARTESIAN_POINT('',(249.60295596656,47.541223745354,12.7));
#3487 = CARTESIAN_POINT('',(249.63087455154,47.573962629285,12.7));
#3488 = CARTESIAN_POINT('',(249.65638449097,47.608337167729,12.7));
#3489 = CARTESIAN_POINT('',(249.67934505371,47.64446017863,12.7));
#3490 = CARTESIAN_POINT('',(249.69938107978,47.682714081316,12.7));
#3491 = CARTESIAN_POINT('',(249.71543850253,47.723293188571,12.7));
#3492 = CARTESIAN_POINT('',(249.72533987071,47.765745998646,12.7));
#3493 = CARTESIAN_POINT('',(249.72533987072,47.80851748733,12.7));
#3494 = CARTESIAN_POINT('',(249.31387165594,47.452415463836,12.7));
#3495 = CARTESIAN_POINT('',(249.34792289356,47.430690463591,12.7));
#3496 = CARTESIAN_POINT('',(249.39168580866,47.428076213148,12.7));
#3497 = CARTESIAN_POINT('',(249.43011097311,47.443992962664,12.7));
#3498 = CARTESIAN_POINT('',(249.46327400556,47.452399742853,12.7));
#3499 = CARTESIAN_POINT('',(249.49951148749,47.474416873372,12.7));
#3500 = CARTESIAN_POINT('',(249.53024902406,47.494014249143,12.7));
#3501 = CARTESIAN_POINT('',(249.56055875522,47.518036262185,12.7));
#3502 = CARTESIAN_POINT('',(249.61638552833,47.57007629408,12.7));
#3503 = CARTESIAN_POINT('',(249.64225805851,47.598536116033,12.7));
#3504 = CARTESIAN_POINT('',(249.66569747468,47.628867640473,12.7));
#3505 = CARTESIAN_POINT('',(249.68650067587,47.661086501483,12.7));
#3506 = CARTESIAN_POINT('',(249.70428639767,47.695415975704,12.7));
#3507 = CARTESIAN_POINT('',(249.71812789227,47.731910887348,12.7));
#3508 = CARTESIAN_POINT('',(249.72618560827,47.77008151314,12.7));
#3509 = CARTESIAN_POINT('',(249.72533987072,47.80851748733,12.7));
#3510 = CARTESIAN_POINT('',(249.35240050453,47.519108728476,
    12.676271410733));
#3511 = CARTESIAN_POINT('',(249.38363369615,47.498049259155,
    12.677427626736));
#3512 = CARTESIAN_POINT('',(249.42278503918,47.494145887145,
    12.67408108781));
#3513 = CARTESIAN_POINT('',(249.45732810795,47.501007955121,
    12.67409423102));
#3514 = CARTESIAN_POINT('',(249.48877625424,47.505480326558,
    12.674767011098));
#3515 = CARTESIAN_POINT('',(249.52160019083,47.519726272713,
    12.675953890901));
#3516 = CARTESIAN_POINT('',(249.55063170447,47.534464171137,
    12.677591235884));
#3517 = CARTESIAN_POINT('',(249.57862592775,47.553444719141,
    12.679559746193));
#3518 = CARTESIAN_POINT('',(249.62986501231,47.596700270503,
    12.683962326028));
#3519 = CARTESIAN_POINT('',(249.65332851214,47.621231649575,
    12.686395479699));
#3520 = CARTESIAN_POINT('',(249.67421345075,47.648123552879,
    12.68895730555));
#3521 = CARTESIAN_POINT('',(249.69228073165,47.67712318739,
    12.691542140037));
#3522 = CARTESIAN_POINT('',(249.70724840809,47.70807544434,
    12.694043423102));
#3523 = CARTESIAN_POINT('',(249.71856541081,47.740730297391,
    12.696355273625));
#3524 = CARTESIAN_POINT('',(249.72635475578,47.776574565793,
    12.695720830866));
#3525 = CARTESIAN_POINT('',(249.72533987072,47.80851748733,12.7));
#3526 = CARTESIAN_POINT('',(249.38637472977,47.577917960459,
    12.628781539809));
#3527 = CARTESIAN_POINT('',(249.41499973639,47.5578872905,12.63189491884
    ));
#3528 = CARTESIAN_POINT('',(249.44822034574,47.548790796659,
    12.634782353521));
#3529 = CARTESIAN_POINT('',(249.47891818613,47.551115567853,
    12.638324086205));
#3530 = CARTESIAN_POINT('',(249.50776227278,47.552307068089,
    12.642276442151));
#3531 = CARTESIAN_POINT('',(249.53793413952,47.562035119164,
    12.646484488507));
#3532 = CARTESIAN_POINT('',(249.56513295667,47.572986412938,
    12.650978883317));
#3533 = CARTESIAN_POINT('',(249.59140627211,47.588014262672,
    12.655666282885));
#3534 = CARTESIAN_POINT('',(249.63955029833,47.62354909431,
    12.665336681275));
#3535 = CARTESIAN_POINT('',(249.66161333369,47.644262472995,
    12.670317633606));
#3536 = CARTESIAN_POINT('',(249.68112911709,47.667389212694,
    12.675388273554));
#3537 = CARTESIAN_POINT('',(249.69777845785,47.692614505464,
    12.680488144569));
#3538 = CARTESIAN_POINT('',(249.71125311246,47.719710795335,
    12.685555664749));
#3539 = CARTESIAN_POINT('',(249.72104764838,47.74840723641,
    12.690531392505));
#3540 = CARTESIAN_POINT('',(249.72610103451,47.777999028776,
    12.695051662296));
#3541 = CARTESIAN_POINT('',(249.72533987072,47.80851748733,12.7));
#3542 = CARTESIAN_POINT('',(249.41114649876,47.620797781837,
    12.562330490409));
#3543 = CARTESIAN_POINT('',(249.43700475529,47.60152143577,
    12.569500001474));
#3544 = CARTESIAN_POINT('',(249.46486617817,47.587865769976,
    12.580844816161));
#3545 = CARTESIAN_POINT('',(249.49230245857,47.586623892386,
    12.589637970763));
#3546 = CARTESIAN_POINT('',(249.51899874205,47.58527944389,
    12.598331836114));
#3547 = CARTESIAN_POINT('',(249.54717282319,47.591653868343,
    12.6068276329));
#3548 = CARTESIAN_POINT('',(249.57312464622,47.599854543773,
    12.615274036336));
#3549 = CARTESIAN_POINT('',(249.5983398342,47.612067776515,
    12.623654385981));
#3550 = CARTESIAN_POINT('',(249.64477209069,47.642191050058,
    12.640378026324));
#3551 = CARTESIAN_POINT('',(249.66616004669,47.660270405437,
    12.648718588365));
#3552 = CARTESIAN_POINT('',(249.68506318177,47.680829291363,
    12.657070936073));
#3553 = CARTESIAN_POINT('',(249.7010636562,47.703492332608,
    12.665462258537));
#3554 = CARTESIAN_POINT('',(249.71379135707,47.72796018984,
    12.673918244377));
#3555 = CARTESIAN_POINT('',(249.72273281639,47.753922782715,
    12.682467435962));
#3556 = CARTESIAN_POINT('',(249.72567816574,47.778614960558,
    12.693402216395));
#3557 = CARTESIAN_POINT('',(249.72533987072,47.80851748733,12.7));
#3558 = CARTESIAN_POINT('',(249.42417528436,47.643350551454,
    12.486060358648));
#3559 = CARTESIAN_POINT('',(249.44816010191,47.62637484683,
    12.498757648436));
#3560 = CARTESIAN_POINT('',(249.47387568273,47.614632039809,
    12.511508148352));
#3561 = CARTESIAN_POINT('',(249.49970859216,47.608160904696,
    12.524317659083));
#3562 = CARTESIAN_POINT('',(249.5262821278,47.605503465541,
    12.537317394491));
#3563 = CARTESIAN_POINT('',(249.55297525988,47.607547137232,
    12.550390923557));
#3564 = CARTESIAN_POINT('',(249.57874501032,47.613592700901,
    12.563625698408));
#3565 = CARTESIAN_POINT('',(249.60324769958,47.62351170444,
    12.576969177743));
#3566 = CARTESIAN_POINT('',(249.64826856898,47.650092746771,
    12.603871591142));
#3567 = CARTESIAN_POINT('',(249.66883541756,47.666777362953,
    12.617428226113));
#3568 = CARTESIAN_POINT('',(249.68681463838,47.68638252479,
    12.631077329067));
#3569 = CARTESIAN_POINT('',(249.7017474565,47.708356577731,
    12.644798979186));
#3570 = CARTESIAN_POINT('',(249.71330708393,47.732111593449,
    12.658570419834));
#3571 = CARTESIAN_POINT('',(249.72124543983,47.757065201274,
    12.67237018325));
#3572 = CARTESIAN_POINT('',(249.72533987072,47.782682419603,
    12.686182215266));
#3573 = CARTESIAN_POINT('',(249.72533987072,47.80851748733,12.7));
#3574 = CARTESIAN_POINT('',(249.42533986378,47.645366433227,
    12.409067155008));
#3575 = CARTESIAN_POINT('',(249.44801235574,47.631662654811,
    12.42641582631));
#3576 = CARTESIAN_POINT('',(249.47264310319,47.621348607116,
    12.443882869618));
#3577 = CARTESIAN_POINT('',(249.4986401224,47.614765862102,
    12.461480212887));
#3578 = CARTESIAN_POINT('',(249.52533986459,47.612132082132,
    12.479215457054));
#3579 = CARTESIAN_POINT('',(249.5520396069,47.61352229665,
    12.497091222204));
#3580 = CARTESIAN_POINT('',(249.57803662647,47.618861476255,
    12.515104888255));
#3581 = CARTESIAN_POINT('',(249.6026673745,47.627931958621,
    12.533248854269));
#3582 = CARTESIAN_POINT('',(249.64801236,47.652852385032,12.569773530315
    ));
#3583 = CARTESIAN_POINT('',(249.66872904146,47.66870070462,
    12.58815418362));
#3584 = CARTESIAN_POINT('',(249.68689026665,47.687600966566,
    12.606641413101));
#3585 = CARTESIAN_POINT('',(249.70198108538,47.709082885644,
    12.625218796035));
#3586 = CARTESIAN_POINT('',(249.71358971121,47.73257402507,
    12.64386634249));
#3587 = CARTESIAN_POINT('',(249.72142599036,47.757431766182,
    12.662561611727));
#3588 = CARTESIAN_POINT('',(249.72533987072,47.782975278086,
    12.681280828609));
#3589 = CARTESIAN_POINT('',(249.72533987072,47.80851748733,12.7));
#3590 = DEFINITIONAL_REPRESENTATION('',(#3591),#3594);
#3591 = B_SPLINE_CURVE_WITH_KNOTS('',1,(#3592,#3593),.UNSPECIFIED.,.F.,
  .F.,(2,2),(0.,1.),.PIECEWISE_BEZIER_KNOTS.);
#3592 = CARTESIAN_POINT('',(0.,0.));
#3593 = CARTESIAN_POINT('',(0.,1.));
#3594 = ( GEOMETRIC_REPRESENTATION_CONTEXT(2) 
PARAMETRIC_REPRESENTATION_CONTEXT() REPRESENTATION_CONTEXT('2D SPACE',''
  ) );
#3595 = ORIENTED_EDGE('',*,*,#3596,.T.);
#3596 = EDGE_CURVE('',#3436,#3597,#3599,.T.);
#3597 = VERTEX_POINT('',#3598);
#3598 = CARTESIAN_POINT('',(237.42533987072,54.231488657337,12.7));
#3599 = SURFACE_CURVE('',#3600,(#3604,#3611),.PCURVE_S1.);
#3600 = LINE('',#3601,#3602);
#3601 = CARTESIAN_POINT('',(249.5797404358,47.209864186592,12.7));
#3602 = VECTOR('',#3603,1.);
#3603 = DIRECTION('',(-0.865893403497,0.50022856154,0.));
#3604 = PCURVE('',#1555,#3605);
#3605 = DEFINITIONAL_REPRESENTATION('',(#3606),#3610);
#3606 = LINE('',#3607,#3608);
#3607 = CARTESIAN_POINT('',(9.940135813408,249.5797404358));
#3608 = VECTOR('',#3609,1.);
#3609 = DIRECTION('',(-0.50022856154,-0.865893403497));
#3610 = ( GEOMETRIC_REPRESENTATION_CONTEXT(2) 
PARAMETRIC_REPRESENTATION_CONTEXT() REPRESENTATION_CONTEXT('2D SPACE',''
  ) );
#3611 = PCURVE('',#3612,#3617);
#3612 = CYLINDRICAL_SURFACE('',#3613,0.3);
#3613 = AXIS2_PLACEMENT_3D('',#3614,#3615,#3616);
#3614 = CARTESIAN_POINT('',(249.5797404358,47.209864186592,12.4));
#3615 = DIRECTION('',(-0.865893403497,0.50022856154,0.));
#3616 = DIRECTION('',(0.,0.,1.));
#3617 = DEFINITIONAL_REPRESENTATION('',(#3618),#3622);
#3618 = LINE('',#3619,#3620);
#3619 = CARTESIAN_POINT('',(0.,0.));
#3620 = VECTOR('',#3621,1.);
#3621 = DIRECTION('',(0.,1.));
#3622 = ( GEOMETRIC_REPRESENTATION_CONTEXT(2) 
PARAMETRIC_REPRESENTATION_CONTEXT() REPRESENTATION_CONTEXT('2D SPACE',''
  ) );
#3623 = ORIENTED_EDGE('',*,*,#3624,.T.);
#3624 = EDGE_CURVE('',#3597,#3625,#3627,.T.);
#3625 = VERTEX_POINT('',#3626);
#3626 = CARTESIAN_POINT('',(237.42533987072,2.918511342663,12.7));
#3627 = SURFACE_CURVE('',#3628,(#3632,#3639),.PCURVE_S1.);
#3628 = LINE('',#3629,#3630);
#3629 = CARTESIAN_POINT('',(237.42533987072,54.740944421303,12.7));
#3630 = VECTOR('',#3631,1.);
#3631 = DIRECTION('',(0.,-1.,0.));
#3632 = PCURVE('',#1555,#3633);
#3633 = DEFINITIONAL_REPRESENTATION('',(#3634),#3638);
#3634 = LINE('',#3635,#3636);
#3635 = CARTESIAN_POINT('',(2.409055578697,237.42533987072));
#3636 = VECTOR('',#3637,1.);
#3637 = DIRECTION('',(1.,-1.110223024625E-16));
#3638 = ( GEOMETRIC_REPRESENTATION_CONTEXT(2) 
PARAMETRIC_REPRESENTATION_CONTEXT() REPRESENTATION_CONTEXT('2D SPACE',''
  ) );
#3639 = PCURVE('',#3640,#3645);
#3640 = CYLINDRICAL_SURFACE('',#3641,0.3);
#3641 = AXIS2_PLACEMENT_3D('',#3642,#3643,#3644);
#3642 = CARTESIAN_POINT('',(237.42533987072,54.740944421303,12.4));
#3643 = DIRECTION('',(0.,-1.,0.));
#3644 = DIRECTION('',(0.,0.,1.));
#3645 = DEFINITIONAL_REPRESENTATION('',(#3646),#3650);
#3646 = LINE('',#3647,#3648);
#3647 = CARTESIAN_POINT('',(0.,0.));
#3648 = VECTOR('',#3649,1.);
#3649 = DIRECTION('',(0.,1.));
#3650 = ( GEOMETRIC_REPRESENTATION_CONTEXT(2) 
PARAMETRIC_REPRESENTATION_CONTEXT() REPRESENTATION_CONTEXT('2D SPACE',''
  ) );
#3651 = ORIENTED_EDGE('',*,*,#3652,.T.);
#3652 = EDGE_CURVE('',#3625,#3653,#3655,.T.);
#3653 = VERTEX_POINT('',#3654);
#3654 = CARTESIAN_POINT('',(249.27533985338,9.764282914125,12.7));
#3655 = SURFACE_CURVE('',#3656,(#3660,#3667),.PCURVE_S1.);
#3656 = LINE('',#3657,#3658);
#3657 = CARTESIAN_POINT('',(236.9797404358,2.66108754956,12.7));
#3658 = VECTOR('',#3659,1.);
#3659 = DIRECTION('',(0.865893403497,0.50022856154,-0.));
#3660 = PCURVE('',#1555,#3661);
#3661 = DEFINITIONAL_REPRESENTATION('',(#3662),#3666);
#3662 = LINE('',#3663,#3664);
#3663 = CARTESIAN_POINT('',(54.48891245044,236.9797404358));
#3664 = VECTOR('',#3665,1.);
#3665 = DIRECTION('',(-0.50022856154,0.865893403497));
#3666 = ( GEOMETRIC_REPRESENTATION_CONTEXT(2) 
PARAMETRIC_REPRESENTATION_CONTEXT() REPRESENTATION_CONTEXT('2D SPACE',''
  ) );
#3667 = PCURVE('',#3668,#3673);
#3668 = CYLINDRICAL_SURFACE('',#3669,0.3);
#3669 = AXIS2_PLACEMENT_3D('',#3670,#3671,#3672);
#3670 = CARTESIAN_POINT('',(236.9797404358,2.66108754956,12.4));
#3671 = DIRECTION('',(0.865893403497,0.50022856154,-0.));
#3672 = DIRECTION('',(0.,0.,1.));
#3673 = DEFINITIONAL_REPRESENTATION('',(#3674),#3678);
#3674 = LINE('',#3675,#3676);
#3675 = CARTESIAN_POINT('',(0.,0.));
#3676 = VECTOR('',#3677,1.);
#3677 = DIRECTION('',(0.,1.));
#3678 = ( GEOMETRIC_REPRESENTATION_CONTEXT(2) 
PARAMETRIC_REPRESENTATION_CONTEXT() REPRESENTATION_CONTEXT('2D SPACE',''
  ) );
#3679 = ORIENTED_EDGE('',*,*,#3680,.T.);
#3680 = EDGE_CURVE('',#3653,#1538,#3681,.T.);
#3681 = SURFACE_CURVE('',#3682,(#3699,#3719),.PCURVE_S1.);
#3682 = B_SPLINE_CURVE_WITH_KNOTS('',8,(#3683,#3684,#3685,#3686,#3687,
    #3688,#3689,#3690,#3691,#3692,#3693,#3694,#3695,#3696,#3697,#3698),
  .UNSPECIFIED.,.F.,.F.,(9,7,9),(0.,0.5,1.),.UNSPECIFIED.);
#3683 = CARTESIAN_POINT('',(249.27533985338,9.764282914125,12.7));
#3684 = CARTESIAN_POINT('',(249.31268172519,9.78585539723,12.7));
#3685 = CARTESIAN_POINT('',(249.36128595888,9.785172926717,12.7));
#3686 = CARTESIAN_POINT('',(249.40321163745,9.76299951679,12.7));
#3687 = CARTESIAN_POINT('',(249.438682213,9.750627863064,12.7));
#3688 = CARTESIAN_POINT('',(249.47784212793,9.72272858784,12.7));
#3689 = CARTESIAN_POINT('',(249.51054265295,9.698522811331,12.7));
#3690 = CARTESIAN_POINT('',(249.5430030658,9.669753730648,12.7));
#3691 = CARTESIAN_POINT('',(249.60295596655,9.608776254646,12.7));
#3692 = CARTESIAN_POINT('',(249.63087455154,9.576037370715,12.7));
#3693 = CARTESIAN_POINT('',(249.65638449097,9.54166283227,12.7));
#3694 = CARTESIAN_POINT('',(249.67934505371,9.505539821371,12.7));
#3695 = CARTESIAN_POINT('',(249.69938107978,9.467285918683,12.7));
#3696 = CARTESIAN_POINT('',(249.71543850252,9.42670681143,12.7));
#3697 = CARTESIAN_POINT('',(249.72533987072,9.384254001354,12.7));
#3698 = CARTESIAN_POINT('',(249.72533987072,9.34148251267,12.7));
#3699 = PCURVE('',#1555,#3700);
#3700 = DEFINITIONAL_REPRESENTATION('',(#3701),#3718);
#3701 = B_SPLINE_CURVE_WITH_KNOTS('',8,(#3702,#3703,#3704,#3705,#3706,
    #3707,#3708,#3709,#3710,#3711,#3712,#3713,#3714,#3715,#3716,#3717),
  .UNSPECIFIED.,.F.,.F.,(9,7,9),(0.,0.5,1.),.UNSPECIFIED.);
#3702 = CARTESIAN_POINT('',(47.385717085875,249.27533985338));
#3703 = CARTESIAN_POINT('',(47.36414460277,249.31268172519));
#3704 = CARTESIAN_POINT('',(47.364827073283,249.36128595888));
#3705 = CARTESIAN_POINT('',(47.38700048321,249.40321163745));
#3706 = CARTESIAN_POINT('',(47.399372136936,249.438682213));
#3707 = CARTESIAN_POINT('',(47.42727141216,249.47784212793));
#3708 = CARTESIAN_POINT('',(47.451477188669,249.51054265295));
#3709 = CARTESIAN_POINT('',(47.480246269352,249.5430030658));
#3710 = CARTESIAN_POINT('',(47.541223745354,249.60295596655));
#3711 = CARTESIAN_POINT('',(47.573962629285,249.63087455154));
#3712 = CARTESIAN_POINT('',(47.60833716773,249.65638449097));
#3713 = CARTESIAN_POINT('',(47.644460178629,249.67934505371));
#3714 = CARTESIAN_POINT('',(47.682714081317,249.69938107978));
#3715 = CARTESIAN_POINT('',(47.72329318857,249.71543850252));
#3716 = CARTESIAN_POINT('',(47.765745998646,249.72533987072));
#3717 = CARTESIAN_POINT('',(47.80851748733,249.72533987072));
#3718 = ( GEOMETRIC_REPRESENTATION_CONTEXT(2) 
PARAMETRIC_REPRESENTATION_CONTEXT() REPRESENTATION_CONTEXT('2D SPACE',''
  ) );
#3719 = PCURVE('',#3720,#3833);
#3720 = B_SPLINE_SURFACE_WITH_KNOTS('',6,8,(
    (#3721,#3722,#3723,#3724,#3725,#3726,#3727,#3728,#3729,#3730,#3731
      ,#3732,#3733,#3734,#3735,#3736)
    ,(#3737,#3738,#3739,#3740,#3741,#3742,#3743,#3744,#3745,#3746,#3747
      ,#3748,#3749,#3750,#3751,#3752)
    ,(#3753,#3754,#3755,#3756,#3757,#3758,#3759,#3760,#3761,#3762,#3763
      ,#3764,#3765,#3766,#3767,#3768)
    ,(#3769,#3770,#3771,#3772,#3773,#3774,#3775,#3776,#3777,#3778,#3779
      ,#3780,#3781,#3782,#3783,#3784)
    ,(#3785,#3786,#3787,#3788,#3789,#3790,#3791,#3792,#3793,#3794,#3795
      ,#3796,#3797,#3798,#3799,#3800)
    ,(#3801,#3802,#3803,#3804,#3805,#3806,#3807,#3808,#3809,#3810,#3811
      ,#3812,#3813,#3814,#3815,#3816)
    ,(#3817,#3818,#3819,#3820,#3821,#3822,#3823,#3824,#3825,#3826,#3827
      ,#3828,#3829,#3830,#3831,#3832
    )),.UNSPECIFIED.,.F.,.F.,.F.,(7,7),(9,7,9),(0.,1.),(0.,0.5,1.),
  .UNSPECIFIED.);
#3721 = CARTESIAN_POINT('',(249.27533985338,9.764282914125,12.7));
#3722 = CARTESIAN_POINT('',(249.31268172519,9.78585539723,12.7));
#3723 = CARTESIAN_POINT('',(249.36128595888,9.785172926717,12.7));
#3724 = CARTESIAN_POINT('',(249.40321163745,9.76299951679,12.7));
#3725 = CARTESIAN_POINT('',(249.438682213,9.750627863064,12.7));
#3726 = CARTESIAN_POINT('',(249.47784212793,9.72272858784,12.7));
#3727 = CARTESIAN_POINT('',(249.51054265295,9.698522811331,12.7));
#3728 = CARTESIAN_POINT('',(249.5430030658,9.669753730648,12.7));
#3729 = CARTESIAN_POINT('',(249.60295596655,9.608776254646,12.7));
#3730 = CARTESIAN_POINT('',(249.63087455154,9.576037370715,12.7));
#3731 = CARTESIAN_POINT('',(249.65638449097,9.54166283227,12.7));
#3732 = CARTESIAN_POINT('',(249.67934505371,9.505539821371,12.7));
#3733 = CARTESIAN_POINT('',(249.69938107978,9.467285918683,12.7));
#3734 = CARTESIAN_POINT('',(249.71543850252,9.42670681143,12.7));
#3735 = CARTESIAN_POINT('',(249.72533987072,9.384254001354,12.7));
#3736 = CARTESIAN_POINT('',(249.72533987072,9.34148251267,12.7));
#3737 = CARTESIAN_POINT('',(249.31387165594,9.697584536164,12.7));
#3738 = CARTESIAN_POINT('',(249.34792289356,9.719309536409,12.7));
#3739 = CARTESIAN_POINT('',(249.39168580866,9.721923786851,12.7));
#3740 = CARTESIAN_POINT('',(249.43011097311,9.706007037336,12.7));
#3741 = CARTESIAN_POINT('',(249.46327400555,9.697600257146,12.7));
#3742 = CARTESIAN_POINT('',(249.49951148749,9.675583126628,12.7));
#3743 = CARTESIAN_POINT('',(249.53024902406,9.655985750857,12.7));
#3744 = CARTESIAN_POINT('',(249.56055875522,9.631963737815,12.7));
#3745 = CARTESIAN_POINT('',(249.61638552832,9.579923705919,12.7));
#3746 = CARTESIAN_POINT('',(249.64225805851,9.551463883967,12.7));
#3747 = CARTESIAN_POINT('',(249.66569747468,9.521132359526,12.7));
#3748 = CARTESIAN_POINT('',(249.68650067586,9.488913498518,12.7));
#3749 = CARTESIAN_POINT('',(249.70428639768,9.454584024295,12.7));
#3750 = CARTESIAN_POINT('',(249.71812789227,9.418089112653,12.7));
#3751 = CARTESIAN_POINT('',(249.72618560827,9.37991848686,12.7));
#3752 = CARTESIAN_POINT('',(249.72533987072,9.34148251267,12.7));
#3753 = CARTESIAN_POINT('',(249.35240050453,9.630891271523,
    12.676271410733));
#3754 = CARTESIAN_POINT('',(249.38363369615,9.651950740844,
    12.677427626736));
#3755 = CARTESIAN_POINT('',(249.42278503918,9.655854112853,
    12.67408108781));
#3756 = CARTESIAN_POINT('',(249.45732810796,9.648992044878,
    12.67409423102));
#3757 = CARTESIAN_POINT('',(249.48877625423,9.644519673439,
    12.674767011098));
#3758 = CARTESIAN_POINT('',(249.52160019083,9.630273727286,
    12.675953890901));
#3759 = CARTESIAN_POINT('',(249.55063170446,9.615535828862,
    12.677591235884));
#3760 = CARTESIAN_POINT('',(249.57862592775,9.596555280858,
    12.679559746193));
#3761 = CARTESIAN_POINT('',(249.62986501231,9.553299729496,
    12.683962326028));
#3762 = CARTESIAN_POINT('',(249.65332851213,9.528768350425,
    12.686395479699));
#3763 = CARTESIAN_POINT('',(249.67421345075,9.501876447119,
    12.68895730555));
#3764 = CARTESIAN_POINT('',(249.69228073165,9.47287681261,
    12.691542140037));
#3765 = CARTESIAN_POINT('',(249.7072484081,9.441924555659,
    12.694043423102));
#3766 = CARTESIAN_POINT('',(249.71856541081,9.409269702609,
    12.696355273625));
#3767 = CARTESIAN_POINT('',(249.72635475578,9.373425434207,
    12.695720830866));
#3768 = CARTESIAN_POINT('',(249.72533987072,9.34148251267,12.7));
#3769 = CARTESIAN_POINT('',(249.38637472977,9.572082039542,
    12.628781539809));
#3770 = CARTESIAN_POINT('',(249.41499973639,9.592112709501,
    12.63189491884));
#3771 = CARTESIAN_POINT('',(249.44822034574,9.601209203341,
    12.634782353521));
#3772 = CARTESIAN_POINT('',(249.47891818613,9.598884432148,
    12.638324086205));
#3773 = CARTESIAN_POINT('',(249.50776227277,9.59769293191,
    12.642276442151));
#3774 = CARTESIAN_POINT('',(249.53793413953,9.587964880837,
    12.646484488507));
#3775 = CARTESIAN_POINT('',(249.56513295667,9.577013587061,
    12.650978883317));
#3776 = CARTESIAN_POINT('',(249.59140627211,9.561985737328,
    12.655666282885));
#3777 = CARTESIAN_POINT('',(249.63955029833,9.52645090569,
    12.665336681275));
#3778 = CARTESIAN_POINT('',(249.66161333369,9.505737527005,
    12.670317633606));
#3779 = CARTESIAN_POINT('',(249.68112911709,9.482610787306,
    12.675388273554));
#3780 = CARTESIAN_POINT('',(249.69777845785,9.457385494537,
    12.680488144569));
#3781 = CARTESIAN_POINT('',(249.71125311247,9.430289204665,
    12.68555566475));
#3782 = CARTESIAN_POINT('',(249.72104764838,9.40159276359,
    12.690531392505));
#3783 = CARTESIAN_POINT('',(249.72610103451,9.372000971223,
    12.695051662296));
#3784 = CARTESIAN_POINT('',(249.72533987072,9.34148251267,12.7));
#3785 = CARTESIAN_POINT('',(249.41114649876,9.529202218163,
    12.562330490409));
#3786 = CARTESIAN_POINT('',(249.43700475529,9.548478564229,
    12.569500001474));
#3787 = CARTESIAN_POINT('',(249.46486617816,9.562134230023,
    12.580844816161));
#3788 = CARTESIAN_POINT('',(249.49230245858,9.563376107614,
    12.589637970763));
#3789 = CARTESIAN_POINT('',(249.51899874204,9.564720556108,
    12.598331836114));
#3790 = CARTESIAN_POINT('',(249.5471728232,9.558346131657,12.6068276329)
  );
#3791 = CARTESIAN_POINT('',(249.57312464622,9.550145456226,
    12.615274036336));
#3792 = CARTESIAN_POINT('',(249.5983398342,9.537932223484,
    12.623654385981));
#3793 = CARTESIAN_POINT('',(249.64477209069,9.507808949942,
    12.640378026324));
#3794 = CARTESIAN_POINT('',(249.66616004669,9.489729594563,
    12.648718588365));
#3795 = CARTESIAN_POINT('',(249.68506318178,9.469170708636,
    12.657070936073));
#3796 = CARTESIAN_POINT('',(249.7010636562,9.446507667392,
    12.665462258537));
#3797 = CARTESIAN_POINT('',(249.71379135707,9.42203981016,
    12.673918244377));
#3798 = CARTESIAN_POINT('',(249.72273281639,9.396077217286,
    12.682467435961));
#3799 = CARTESIAN_POINT('',(249.72567816574,9.371385039442,
    12.693402216395));
#3800 = CARTESIAN_POINT('',(249.72533987072,9.34148251267,12.7));
#3801 = CARTESIAN_POINT('',(249.42417528436,9.506649448546,
    12.486060358648));
#3802 = CARTESIAN_POINT('',(249.44816010191,9.52362515317,
    12.498757648436));
#3803 = CARTESIAN_POINT('',(249.47387568273,9.53536796019,
    12.511508148352));
#3804 = CARTESIAN_POINT('',(249.49970859216,9.541839095304,
    12.524317659083));
#3805 = CARTESIAN_POINT('',(249.52628212779,9.544496534457,
    12.537317394491));
#3806 = CARTESIAN_POINT('',(249.55297525988,9.542452862769,
    12.550390923557));
#3807 = CARTESIAN_POINT('',(249.57874501032,9.536407299098,
    12.563625698408));
#3808 = CARTESIAN_POINT('',(249.60324769958,9.52648829556,
    12.576969177743));
#3809 = CARTESIAN_POINT('',(249.64826856898,9.499907253229,
    12.603871591142));
#3810 = CARTESIAN_POINT('',(249.66883541756,9.483222637047,
    12.617428226112));
#3811 = CARTESIAN_POINT('',(249.68681463838,9.46361747521,
    12.631077329067));
#3812 = CARTESIAN_POINT('',(249.7017474565,9.44164342227,12.644798979186
    ));
#3813 = CARTESIAN_POINT('',(249.71330708393,9.417888406551,
    12.658570419834));
#3814 = CARTESIAN_POINT('',(249.72124543983,9.392934798726,
    12.67237018325));
#3815 = CARTESIAN_POINT('',(249.72533987072,9.367317580396,
    12.686182215266));
#3816 = CARTESIAN_POINT('',(249.72533987072,9.34148251267,12.7));
#3817 = CARTESIAN_POINT('',(249.42533986378,9.504633566773,
    12.409067155008));
#3818 = CARTESIAN_POINT('',(249.44801235574,9.51833734519,12.42641582631
    ));
#3819 = CARTESIAN_POINT('',(249.47264310319,9.528651392883,
    12.443882869618));
#3820 = CARTESIAN_POINT('',(249.49864012241,9.535234137899,
    12.461480212887));
#3821 = CARTESIAN_POINT('',(249.52533986458,9.537867917866,
    12.479215457054));
#3822 = CARTESIAN_POINT('',(249.5520396069,9.536477703351,
    12.497091222204));
#3823 = CARTESIAN_POINT('',(249.57803662646,9.531138523745,
    12.515104888255));
#3824 = CARTESIAN_POINT('',(249.6026673745,9.522068041379,
    12.533248854269));
#3825 = CARTESIAN_POINT('',(249.64801235999,9.497147614967,
    12.569773530315));
#3826 = CARTESIAN_POINT('',(249.66872904146,9.481299295381,
    12.58815418362));
#3827 = CARTESIAN_POINT('',(249.68689026665,9.462399033433,
    12.606641413101));
#3828 = CARTESIAN_POINT('',(249.70198108538,9.440917114356,
    12.625218796034));
#3829 = CARTESIAN_POINT('',(249.71358971121,9.417425974929,
    12.643866342491));
#3830 = CARTESIAN_POINT('',(249.72142599036,9.392568233818,
    12.662561611727));
#3831 = CARTESIAN_POINT('',(249.72533987072,9.367024721914,
    12.681280828609));
#3832 = CARTESIAN_POINT('',(249.72533987072,9.34148251267,12.7));
#3833 = DEFINITIONAL_REPRESENTATION('',(#3834),#3837);
#3834 = B_SPLINE_CURVE_WITH_KNOTS('',1,(#3835,#3836),.UNSPECIFIED.,.F.,
  .F.,(2,2),(0.,1.),.PIECEWISE_BEZIER_KNOTS.);
#3835 = CARTESIAN_POINT('',(0.,0.));
#3836 = CARTESIAN_POINT('',(0.,1.));
#3837 = ( GEOMETRIC_REPRESENTATION_CONTEXT(2) 
PARAMETRIC_REPRESENTATION_CONTEXT() REPRESENTATION_CONTEXT('2D SPACE',''
  ) );
#3838 = ORIENTED_EDGE('',*,*,#1537,.T.);
#3839 = ORIENTED_EDGE('',*,*,#2232,.T.);
#3840 = ORIENTED_EDGE('',*,*,#2123,.T.);
#3841 = FACE_BOUND('',#3842,.T.);
#3842 = EDGE_LOOP('',(#3843,#3844,#3845,#3846,#3847,#3848));
#3843 = ORIENTED_EDGE('',*,*,#2869,.F.);
#3844 = ORIENTED_EDGE('',*,*,#2940,.F.);
#3845 = ORIENTED_EDGE('',*,*,#3038,.F.);
#3846 = ORIENTED_EDGE('',*,*,#3114,.F.);
#3847 = ORIENTED_EDGE('',*,*,#3065,.F.);
#3848 = ORIENTED_EDGE('',*,*,#2967,.F.);
#3849 = FACE_BOUND('',#3850,.T.);
#3850 = EDGE_LOOP('',(#3851,#3852,#3853,#3854,#3855,#3856));
#3851 = ORIENTED_EDGE('',*,*,#3163,.F.);
#3852 = ORIENTED_EDGE('',*,*,#3234,.F.);
#3853 = ORIENTED_EDGE('',*,*,#3332,.F.);
#3854 = ORIENTED_EDGE('',*,*,#3408,.F.);
#3855 = ORIENTED_EDGE('',*,*,#3359,.F.);
#3856 = ORIENTED_EDGE('',*,*,#3261,.F.);
#3857 = FACE_BOUND('',#3858,.T.);
#3858 = EDGE_LOOP('',(#3859,#3860,#3861,#3862,#3863,#3864));
#3859 = ORIENTED_EDGE('',*,*,#2575,.F.);
#3860 = ORIENTED_EDGE('',*,*,#2646,.F.);
#3861 = ORIENTED_EDGE('',*,*,#2744,.F.);
#3862 = ORIENTED_EDGE('',*,*,#2820,.F.);
#3863 = ORIENTED_EDGE('',*,*,#2771,.F.);
#3864 = ORIENTED_EDGE('',*,*,#2673,.F.);
#3865 = FACE_BOUND('',#3866,.T.);
#3866 = EDGE_LOOP('',(#3867,#3868,#3869,#3870,#3871,#3872));
#3867 = ORIENTED_EDGE('',*,*,#2281,.F.);
#3868 = ORIENTED_EDGE('',*,*,#2352,.F.);
#3869 = ORIENTED_EDGE('',*,*,#2450,.F.);
#3870 = ORIENTED_EDGE('',*,*,#2526,.F.);
#3871 = ORIENTED_EDGE('',*,*,#2477,.F.);
#3872 = ORIENTED_EDGE('',*,*,#2379,.F.);
#3873 = ADVANCED_FACE('',(#3874),#1581,.F.);
#3874 = FACE_BOUND('',#3875,.F.);
#3875 = EDGE_LOOP('',(#3876,#3877,#3900,#3932));
#3876 = ORIENTED_EDGE('',*,*,#1651,.F.);
#3877 = ORIENTED_EDGE('',*,*,#3878,.T.);
#3878 = EDGE_CURVE('',#1620,#3879,#3881,.T.);
#3879 = VERTEX_POINT('',#3880);
#3880 = CARTESIAN_POINT('',(249.42533986378,9.504633566773,
    12.409067155008));
#3881 = SURFACE_CURVE('',#3882,(#3886,#3893),.PCURVE_S1.);
#3882 = LINE('',#3883,#3884);
#3883 = CARTESIAN_POINT('',(249.42533986378,9.071510481095,
    6.044770843272E-03));
#3884 = VECTOR('',#3885,1.);
#3885 = DIRECTION('',(0.,3.48994967025E-02,0.999390827019));
#3886 = PCURVE('',#1581,#3887);
#3887 = DEFINITIONAL_REPRESENTATION('',(#3888),#3892);
#3888 = LINE('',#3889,#3890);
#3889 = CARTESIAN_POINT('',(2.094395142425,0.));
#3890 = VECTOR('',#3891,1.);
#3891 = DIRECTION('',(0.,1.));
#3892 = ( GEOMETRIC_REPRESENTATION_CONTEXT(2) 
PARAMETRIC_REPRESENTATION_CONTEXT() REPRESENTATION_CONTEXT('2D SPACE',''
  ) );
#3893 = PCURVE('',#1717,#3894);
#3894 = DEFINITIONAL_REPRESENTATION('',(#3895),#3899);
#3895 = LINE('',#3896,#3897);
#3896 = CARTESIAN_POINT('',(-6.818440851868,6.34685475744));
#3897 = VECTOR('',#3898,1.);
#3898 = DIRECTION('',(-1.745772503396E-02,-0.999847602306));
#3899 = ( GEOMETRIC_REPRESENTATION_CONTEXT(2) 
PARAMETRIC_REPRESENTATION_CONTEXT() REPRESENTATION_CONTEXT('2D SPACE',''
  ) );
#3900 = ORIENTED_EDGE('',*,*,#3901,.T.);
#3901 = EDGE_CURVE('',#3879,#1538,#3902,.T.);
#3902 = SURFACE_CURVE('',#3903,(#3920,#3926),.PCURVE_S1.);
#3903 = B_SPLINE_CURVE_WITH_KNOTS('',8,(#3904,#3905,#3906,#3907,#3908,
    #3909,#3910,#3911,#3912,#3913,#3914,#3915,#3916,#3917,#3918,#3919),
  .UNSPECIFIED.,.F.,.F.,(9,7,9),(0.,0.5,1.),.UNSPECIFIED.);
#3904 = CARTESIAN_POINT('',(249.42533986378,9.504633566773,
    12.409067155008));
#3905 = CARTESIAN_POINT('',(249.44801235574,9.51833734519,12.42641582631
    ));
#3906 = CARTESIAN_POINT('',(249.47264310319,9.528651392883,
    12.443882869618));
#3907 = CARTESIAN_POINT('',(249.49864012241,9.535234137899,
    12.461480212887));
#3908 = CARTESIAN_POINT('',(249.52533986458,9.537867917866,
    12.479215457054));
#3909 = CARTESIAN_POINT('',(249.5520396069,9.536477703351,
    12.497091222204));
#3910 = CARTESIAN_POINT('',(249.57803662646,9.531138523745,
    12.515104888255));
#3911 = CARTESIAN_POINT('',(249.6026673745,9.522068041379,
    12.533248854269));
#3912 = CARTESIAN_POINT('',(249.64801235999,9.497147614967,
    12.569773530315));
#3913 = CARTESIAN_POINT('',(249.66872904146,9.481299295381,
    12.58815418362));
#3914 = CARTESIAN_POINT('',(249.68689026665,9.462399033433,
    12.606641413101));
#3915 = CARTESIAN_POINT('',(249.70198108538,9.440917114356,
    12.625218796034));
#3916 = CARTESIAN_POINT('',(249.71358971121,9.417425974929,
    12.643866342491));
#3917 = CARTESIAN_POINT('',(249.72142599036,9.392568233818,
    12.662561611727));
#3918 = CARTESIAN_POINT('',(249.72533987072,9.367024721914,
    12.681280828609));
#3919 = CARTESIAN_POINT('',(249.72533987072,9.34148251267,12.7));
#3920 = PCURVE('',#1581,#3921);
#3921 = DEFINITIONAL_REPRESENTATION('',(#3922),#3925);
#3922 = B_SPLINE_CURVE_WITH_KNOTS('',1,(#3923,#3924),.UNSPECIFIED.,.F.,
  .F.,(2,2),(0.,1.),.PIECEWISE_BEZIER_KNOTS.);
#3923 = CARTESIAN_POINT('',(2.094395142425,12.410582575747));
#3924 = CARTESIAN_POINT('',(-2.142730437527E-12,12.695644302636));
#3925 = ( GEOMETRIC_REPRESENTATION_CONTEXT(2) 
PARAMETRIC_REPRESENTATION_CONTEXT() REPRESENTATION_CONTEXT('2D SPACE',''
  ) );
#3926 = PCURVE('',#3720,#3927);
#3927 = DEFINITIONAL_REPRESENTATION('',(#3928),#3931);
#3928 = B_SPLINE_CURVE_WITH_KNOTS('',1,(#3929,#3930),.UNSPECIFIED.,.F.,
  .F.,(2,2),(0.,1.),.PIECEWISE_BEZIER_KNOTS.);
#3929 = CARTESIAN_POINT('',(1.,0.));
#3930 = CARTESIAN_POINT('',(1.,1.));
#3931 = ( GEOMETRIC_REPRESENTATION_CONTEXT(2) 
PARAMETRIC_REPRESENTATION_CONTEXT() REPRESENTATION_CONTEXT('2D SPACE',''
  ) );
#3932 = ORIENTED_EDGE('',*,*,#1567,.F.);
#3933 = ADVANCED_FACE('',(#3934),#1717,.T.);
#3934 = FACE_BOUND('',#3935,.T.);
#3935 = EDGE_LOOP('',(#3936,#3937,#3938,#3961));
#3936 = ORIENTED_EDGE('',*,*,#1701,.T.);
#3937 = ORIENTED_EDGE('',*,*,#3878,.T.);
#3938 = ORIENTED_EDGE('',*,*,#3939,.F.);
#3939 = EDGE_CURVE('',#3940,#3879,#3942,.T.);
#3940 = VERTEX_POINT('',#3941);
#3941 = CARTESIAN_POINT('',(237.57533988112,2.658861995311,
    12.409067155008));
#3942 = SURFACE_CURVE('',#3943,(#3947,#3954),.PCURVE_S1.);
#3943 = LINE('',#3944,#3945);
#3944 = CARTESIAN_POINT('',(237.1297404462,2.401438202209,
    12.409067155008));
#3945 = VECTOR('',#3946,1.);
#3946 = DIRECTION('',(0.865893403497,0.50022856154,-0.));
#3947 = PCURVE('',#1717,#3948);
#3948 = DEFINITIONAL_REPRESENTATION('',(#3949),#3953);
#3949 = LINE('',#3950,#3951);
#3950 = CARTESIAN_POINT('',(7.164798237291,-6.061836474139));
#3951 = VECTOR('',#3952,1.);
#3952 = DIRECTION('',(-1.,-1.605268984088E-18));
#3953 = ( GEOMETRIC_REPRESENTATION_CONTEXT(2) 
PARAMETRIC_REPRESENTATION_CONTEXT() REPRESENTATION_CONTEXT('2D SPACE',''
  ) );
#3954 = PCURVE('',#3668,#3955);
#3955 = DEFINITIONAL_REPRESENTATION('',(#3956),#3960);
#3956 = LINE('',#3957,#3958);
#3957 = CARTESIAN_POINT('',(1.540567873391,0.));
#3958 = VECTOR('',#3959,1.);
#3959 = DIRECTION('',(0.,1.));
#3960 = ( GEOMETRIC_REPRESENTATION_CONTEXT(2) 
PARAMETRIC_REPRESENTATION_CONTEXT() REPRESENTATION_CONTEXT('2D SPACE',''
  ) );
#3961 = ORIENTED_EDGE('',*,*,#3962,.F.);
#3962 = EDGE_CURVE('',#1702,#3940,#3963,.T.);
#3963 = SURFACE_CURVE('',#3964,(#3968,#3975),.PCURVE_S1.);
#3964 = LINE('',#3965,#3966);
#3965 = CARTESIAN_POINT('',(237.57533988112,2.22521118951,
    -9.067156264905E-03));
#3966 = VECTOR('',#3967,1.);
#3967 = DIRECTION('',(0.,3.48994967025E-02,0.999390827019));
#3968 = PCURVE('',#1717,#3969);
#3969 = DEFINITIONAL_REPRESENTATION('',(#3970),#3974);
#3970 = LINE('',#3971,#3972);
#3971 = CARTESIAN_POINT('',(6.867110411059,6.36197359151));
#3972 = VECTOR('',#3973,1.);
#3973 = DIRECTION('',(-1.745772503396E-02,-0.999847602306));
#3974 = ( GEOMETRIC_REPRESENTATION_CONTEXT(2) 
PARAMETRIC_REPRESENTATION_CONTEXT() REPRESENTATION_CONTEXT('2D SPACE',''
  ) );
#3975 = PCURVE('',#3976,#3981);
#3976 = CYLINDRICAL_SURFACE('',#3977,0.3);
#3977 = AXIS2_PLACEMENT_3D('',#3978,#3979,#3980);
#3978 = CARTESIAN_POINT('',(237.42533987072,2.484860536861,
    -1.813431127244E-02));
#3979 = DIRECTION('',(0.,3.48994967025E-02,0.999390827019));
#3980 = DIRECTION('',(0.500000034668,-0.865497824504,3.022385002512E-02)
  );
#3981 = DEFINITIONAL_REPRESENTATION('',(#3982),#3986);
#3982 = LINE('',#3983,#3984);
#3983 = CARTESIAN_POINT('',(6.28318530718,0.));
#3984 = VECTOR('',#3985,1.);
#3985 = DIRECTION('',(-0.,1.));
#3986 = ( GEOMETRIC_REPRESENTATION_CONTEXT(2) 
PARAMETRIC_REPRESENTATION_CONTEXT() REPRESENTATION_CONTEXT('2D SPACE',''
  ) );
#3987 = ADVANCED_FACE('',(#3988),#1744,.T.);
#3988 = FACE_BOUND('',#3989,.T.);
#3989 = EDGE_LOOP('',(#3990,#3991,#4011));
#3990 = ORIENTED_EDGE('',*,*,#1729,.T.);
#3991 = ORIENTED_EDGE('',*,*,#3992,.F.);
#3992 = EDGE_CURVE('',#1772,#1702,#3993,.T.);
#3993 = SURFACE_CURVE('',#3994,(#3999,#4005),.PCURVE_S1.);
#3994 = CIRCLE('',#3995,0.3);
#3995 = AXIS2_PLACEMENT_3D('',#3996,#3997,#3998);
#3996 = CARTESIAN_POINT('',(237.42533987072,2.495970031813,0.3));
#3997 = DIRECTION('',(1.152990868898E-15,3.489949670251E-02,
    0.999390827019));
#3998 = DIRECTION('',(-1.180933405554E-14,-0.999390827019,
    3.489949670251E-02));
#3999 = PCURVE('',#1744,#4000);
#4000 = DEFINITIONAL_REPRESENTATION('',(#4001),#4004);
#4001 = B_SPLINE_CURVE_WITH_KNOTS('',1,(#4002,#4003),.UNSPECIFIED.,.F.,
  .F.,(2,2),(4.712388980385,6.80678412281),.PIECEWISE_BEZIER_KNOTS.);
#4002 = CARTESIAN_POINT('',(4.677482395345,-1.570796326795));
#4003 = CARTESIAN_POINT('',(4.677482395345,0.52359881563));
#4004 = ( GEOMETRIC_REPRESENTATION_CONTEXT(2) 
PARAMETRIC_REPRESENTATION_CONTEXT() REPRESENTATION_CONTEXT('2D SPACE',''
  ) );
#4005 = PCURVE('',#3976,#4006);
#4006 = DEFINITIONAL_REPRESENTATION('',(#4007),#4010);
#4007 = B_SPLINE_CURVE_WITH_KNOTS('',1,(#4008,#4009),.UNSPECIFIED.,.F.,
  .F.,(2,2),(4.712388980385,6.80678412281),.PIECEWISE_BEZIER_KNOTS.);
#4008 = CARTESIAN_POINT('',(4.188790164755,0.318328228228));
#4009 = CARTESIAN_POINT('',(6.28318530718,0.318328228228));
#4010 = ( GEOMETRIC_REPRESENTATION_CONTEXT(2) 
PARAMETRIC_REPRESENTATION_CONTEXT() REPRESENTATION_CONTEXT('2D SPACE',''
  ) );
#4011 = ORIENTED_EDGE('',*,*,#1771,.T.);
#4012 = ADVANCED_FACE('',(#4013),#1809,.T.);
#4013 = FACE_BOUND('',#4014,.T.);
#4014 = EDGE_LOOP('',(#4015,#4016,#4039,#4062));
#4015 = ORIENTED_EDGE('',*,*,#1793,.T.);
#4016 = ORIENTED_EDGE('',*,*,#4017,.T.);
#4017 = EDGE_CURVE('',#1772,#4018,#4020,.T.);
#4018 = VERTEX_POINT('',#4019);
#4019 = CARTESIAN_POINT('',(237.12533987072,2.918511342663,12.4));
#4020 = SURFACE_CURVE('',#4021,(#4025,#4032),.PCURVE_S1.);
#4021 = LINE('',#4022,#4023);
#4022 = CARTESIAN_POINT('',(237.12533987072,2.484860536861,
    -1.813431127244E-02));
#4023 = VECTOR('',#4024,1.);
#4024 = DIRECTION('',(0.,3.48994967025E-02,0.999390827019));
#4025 = PCURVE('',#1809,#4026);
#4026 = DEFINITIONAL_REPRESENTATION('',(#4027),#4031);
#4027 = LINE('',#4028,#4029);
#4028 = CARTESIAN_POINT('',(6.312224830988,26.090139463139));
#4029 = VECTOR('',#4030,1.);
#4030 = DIRECTION('',(-0.999390827019,-3.48994967025E-02));
#4031 = ( GEOMETRIC_REPRESENTATION_CONTEXT(2) 
PARAMETRIC_REPRESENTATION_CONTEXT() REPRESENTATION_CONTEXT('2D SPACE',''
  ) );
#4032 = PCURVE('',#3976,#4033);
#4033 = DEFINITIONAL_REPRESENTATION('',(#4034),#4038);
#4034 = LINE('',#4035,#4036);
#4035 = CARTESIAN_POINT('',(4.188790164755,0.));
#4036 = VECTOR('',#4037,1.);
#4037 = DIRECTION('',(-0.,1.));
#4038 = ( GEOMETRIC_REPRESENTATION_CONTEXT(2) 
PARAMETRIC_REPRESENTATION_CONTEXT() REPRESENTATION_CONTEXT('2D SPACE',''
  ) );
#4039 = ORIENTED_EDGE('',*,*,#4040,.F.);
#4040 = EDGE_CURVE('',#4041,#4018,#4043,.T.);
#4041 = VERTEX_POINT('',#4042);
#4042 = CARTESIAN_POINT('',(237.12533987072,54.231488657337,12.4));
#4043 = SURFACE_CURVE('',#4044,(#4048,#4055),.PCURVE_S1.);
#4044 = LINE('',#4045,#4046);
#4045 = CARTESIAN_POINT('',(237.12533987072,54.740944421303,12.4));
#4046 = VECTOR('',#4047,1.);
#4047 = DIRECTION('',(0.,-1.,0.));
#4048 = PCURVE('',#1809,#4049);
#4049 = DEFINITIONAL_REPRESENTATION('',(#4050),#4054);
#4050 = LINE('',#4051,#4052);
#4051 = CARTESIAN_POINT('',(-6.105909480284,-26.1659444213));
#4052 = VECTOR('',#4053,1.);
#4053 = DIRECTION('',(0.,1.));
#4054 = ( GEOMETRIC_REPRESENTATION_CONTEXT(2) 
PARAMETRIC_REPRESENTATION_CONTEXT() REPRESENTATION_CONTEXT('2D SPACE',''
  ) );
#4055 = PCURVE('',#3640,#4056);
#4056 = DEFINITIONAL_REPRESENTATION('',(#4057),#4061);
#4057 = LINE('',#4058,#4059);
#4058 = CARTESIAN_POINT('',(1.570796326795,0.));
#4059 = VECTOR('',#4060,1.);
#4060 = DIRECTION('',(0.,1.));
#4061 = ( GEOMETRIC_REPRESENTATION_CONTEXT(2) 
PARAMETRIC_REPRESENTATION_CONTEXT() REPRESENTATION_CONTEXT('2D SPACE',''
  ) );
#4062 = ORIENTED_EDGE('',*,*,#4063,.F.);
#4063 = EDGE_CURVE('',#1794,#4041,#4064,.T.);
#4064 = SURFACE_CURVE('',#4065,(#4069,#4076),.PCURVE_S1.);
#4065 = LINE('',#4066,#4067);
#4066 = CARTESIAN_POINT('',(237.12533987072,54.665139463139,
    -1.813431127244E-02));
#4067 = VECTOR('',#4068,1.);
#4068 = DIRECTION('',(0.,-3.48994967025E-02,0.999390827019));
#4069 = PCURVE('',#1809,#4070);
#4070 = DEFINITIONAL_REPRESENTATION('',(#4071),#4075);
#4071 = LINE('',#4072,#4073);
#4072 = CARTESIAN_POINT('',(6.312224830988,-26.09013946313));
#4073 = VECTOR('',#4074,1.);
#4074 = DIRECTION('',(-0.999390827019,3.48994967025E-02));
#4075 = ( GEOMETRIC_REPRESENTATION_CONTEXT(2) 
PARAMETRIC_REPRESENTATION_CONTEXT() REPRESENTATION_CONTEXT('2D SPACE',''
  ) );
#4076 = PCURVE('',#4077,#4082);
#4077 = CYLINDRICAL_SURFACE('',#4078,0.3);
#4078 = AXIS2_PLACEMENT_3D('',#4079,#4080,#4081);
#4079 = CARTESIAN_POINT('',(237.42533987072,54.665139463139,
    -1.813431127244E-02));
#4080 = DIRECTION('',(0.,-3.48994967025E-02,0.999390827019));
#4081 = DIRECTION('',(-1.,0.,0.));
#4082 = DEFINITIONAL_REPRESENTATION('',(#4083),#4087);
#4083 = LINE('',#4084,#4085);
#4084 = CARTESIAN_POINT('',(6.28318530718,0.));
#4085 = VECTOR('',#4086,1.);
#4086 = DIRECTION('',(-0.,1.));
#4087 = ( GEOMETRIC_REPRESENTATION_CONTEXT(2) 
PARAMETRIC_REPRESENTATION_CONTEXT() REPRESENTATION_CONTEXT('2D SPACE',''
  ) );
#4088 = ADVANCED_FACE('',(#4089),#1836,.T.);
#4089 = FACE_BOUND('',#4090,.T.);
#4090 = EDGE_LOOP('',(#4091,#4092,#4112));
#4091 = ORIENTED_EDGE('',*,*,#1821,.T.);
#4092 = ORIENTED_EDGE('',*,*,#4093,.F.);
#4093 = EDGE_CURVE('',#1862,#1794,#4094,.T.);
#4094 = SURFACE_CURVE('',#4095,(#4100,#4106),.PCURVE_S1.);
#4095 = CIRCLE('',#4096,0.3);
#4096 = AXIS2_PLACEMENT_3D('',#4097,#4098,#4099);
#4097 = CARTESIAN_POINT('',(237.42533987072,54.654029968188,0.3));
#4098 = DIRECTION('',(-3.843734278943E-15,-3.489949670249E-02,
    0.999390827019));
#4099 = DIRECTION('',(-0.866025383769,0.499695448157,1.744974956115E-02)
  );
#4100 = PCURVE('',#1836,#4101);
#4101 = DEFINITIONAL_REPRESENTATION('',(#4102),#4105);
#4102 = B_SPLINE_CURVE_WITH_KNOTS('',1,(#4103,#4104),.UNSPECIFIED.,.F.,
  .F.,(2,2),(4.712388980385,6.80678412281),.PIECEWISE_BEZIER_KNOTS.);
#4103 = CARTESIAN_POINT('',(4.694930368458,-1.570796326795));
#4104 = CARTESIAN_POINT('',(4.694930368458,0.52359881563));
#4105 = ( GEOMETRIC_REPRESENTATION_CONTEXT(2) 
PARAMETRIC_REPRESENTATION_CONTEXT() REPRESENTATION_CONTEXT('2D SPACE',''
  ) );
#4106 = PCURVE('',#4077,#4107);
#4107 = DEFINITIONAL_REPRESENTATION('',(#4108),#4111);
#4108 = B_SPLINE_CURVE_WITH_KNOTS('',1,(#4109,#4110),.UNSPECIFIED.,.F.,
  .F.,(2,2),(4.712388980385,6.80678412281),.PIECEWISE_BEZIER_KNOTS.);
#4109 = CARTESIAN_POINT('',(4.188790164755,0.318328228228));
#4110 = CARTESIAN_POINT('',(6.28318530718,0.318328228228));
#4111 = ( GEOMETRIC_REPRESENTATION_CONTEXT(2) 
PARAMETRIC_REPRESENTATION_CONTEXT() REPRESENTATION_CONTEXT('2D SPACE',''
  ) );
#4112 = ORIENTED_EDGE('',*,*,#1861,.T.);
#4113 = ADVANCED_FACE('',(#4114),#1899,.T.);
#4114 = FACE_BOUND('',#4115,.T.);
#4115 = EDGE_LOOP('',(#4116,#4117,#4140,#4163));
#4116 = ORIENTED_EDGE('',*,*,#1883,.T.);
#4117 = ORIENTED_EDGE('',*,*,#4118,.T.);
#4118 = EDGE_CURVE('',#1862,#4119,#4121,.T.);
#4119 = VERTEX_POINT('',#4120);
#4120 = CARTESIAN_POINT('',(237.57533988112,54.491138004689,
    12.409067155008));
#4121 = SURFACE_CURVE('',#4122,(#4126,#4133),.PCURVE_S1.);
#4122 = LINE('',#4123,#4124);
#4123 = CARTESIAN_POINT('',(237.57533988112,54.92478881049,
    -9.067156264905E-03));
#4124 = VECTOR('',#4125,1.);
#4125 = DIRECTION('',(0.,-3.48994967025E-02,0.999390827019));
#4126 = PCURVE('',#1899,#4127);
#4127 = DEFINITIONAL_REPRESENTATION('',(#4128),#4132);
#4128 = LINE('',#4129,#4130);
#4129 = CARTESIAN_POINT('',(-6.867110411059,6.36197359151));
#4130 = VECTOR('',#4131,1.);
#4131 = DIRECTION('',(1.745772503396E-02,-0.999847602306));
#4132 = ( GEOMETRIC_REPRESENTATION_CONTEXT(2) 
PARAMETRIC_REPRESENTATION_CONTEXT() REPRESENTATION_CONTEXT('2D SPACE',''
  ) );
#4133 = PCURVE('',#4077,#4134);
#4134 = DEFINITIONAL_REPRESENTATION('',(#4135),#4139);
#4135 = LINE('',#4136,#4137);
#4136 = CARTESIAN_POINT('',(4.188790164755,0.));
#4137 = VECTOR('',#4138,1.);
#4138 = DIRECTION('',(-0.,1.));
#4139 = ( GEOMETRIC_REPRESENTATION_CONTEXT(2) 
PARAMETRIC_REPRESENTATION_CONTEXT() REPRESENTATION_CONTEXT('2D SPACE',''
  ) );
#4140 = ORIENTED_EDGE('',*,*,#4141,.F.);
#4141 = EDGE_CURVE('',#4142,#4119,#4144,.T.);
#4142 = VERTEX_POINT('',#4143);
#4143 = CARTESIAN_POINT('',(249.42533986378,47.645366433227,
    12.409067155008));
#4144 = SURFACE_CURVE('',#4145,(#4149,#4156),.PCURVE_S1.);
#4145 = LINE('',#4146,#4147);
#4146 = CARTESIAN_POINT('',(249.7297404462,47.469513533944,
    12.409067155008));
#4147 = VECTOR('',#4148,1.);
#4148 = DIRECTION('',(-0.865893403497,0.50022856154,0.));
#4149 = PCURVE('',#1899,#4150);
#4150 = DEFINITIONAL_REPRESENTATION('',(#4151),#4155);
#4151 = LINE('',#4152,#4153);
#4152 = CARTESIAN_POINT('',(7.386646489175,-6.061836474139));
#4153 = VECTOR('',#4154,1.);
#4154 = DIRECTION('',(-1.,1.605268984088E-18));
#4155 = ( GEOMETRIC_REPRESENTATION_CONTEXT(2) 
PARAMETRIC_REPRESENTATION_CONTEXT() REPRESENTATION_CONTEXT('2D SPACE',''
  ) );
#4156 = PCURVE('',#3612,#4157);
#4157 = DEFINITIONAL_REPRESENTATION('',(#4158),#4162);
#4158 = LINE('',#4159,#4160);
#4159 = CARTESIAN_POINT('',(1.540567873391,0.));
#4160 = VECTOR('',#4161,1.);
#4161 = DIRECTION('',(0.,1.));
#4162 = ( GEOMETRIC_REPRESENTATION_CONTEXT(2) 
PARAMETRIC_REPRESENTATION_CONTEXT() REPRESENTATION_CONTEXT('2D SPACE',''
  ) );
#4163 = ORIENTED_EDGE('',*,*,#4164,.F.);
#4164 = EDGE_CURVE('',#1884,#4142,#4165,.T.);
#4165 = SURFACE_CURVE('',#4166,(#4170,#4177),.PCURVE_S1.);
#4166 = LINE('',#4167,#4168);
#4167 = CARTESIAN_POINT('',(249.42533986378,48.078489518905,
    6.044770843273E-03));
#4168 = VECTOR('',#4169,1.);
#4169 = DIRECTION('',(0.,-3.48994967025E-02,0.999390827019));
#4170 = PCURVE('',#1899,#4171);
#4171 = DEFINITIONAL_REPRESENTATION('',(#4172),#4176);
#4172 = LINE('',#4173,#4174);
#4173 = CARTESIAN_POINT('',(6.818440851868,6.34685475744));
#4174 = VECTOR('',#4175,1.);
#4175 = DIRECTION('',(1.745772503396E-02,-0.999847602306));
#4176 = ( GEOMETRIC_REPRESENTATION_CONTEXT(2) 
PARAMETRIC_REPRESENTATION_CONTEXT() REPRESENTATION_CONTEXT('2D SPACE',''
  ) );
#4177 = PCURVE('',#1987,#4178);
#4178 = DEFINITIONAL_REPRESENTATION('',(#4179),#4183);
#4179 = LINE('',#4180,#4181);
#4180 = CARTESIAN_POINT('',(0.,0.));
#4181 = VECTOR('',#4182,1.);
#4182 = DIRECTION('',(0.,1.));
#4183 = ( GEOMETRIC_REPRESENTATION_CONTEXT(2) 
PARAMETRIC_REPRESENTATION_CONTEXT() REPRESENTATION_CONTEXT('2D SPACE',''
  ) );
#4184 = ADVANCED_FACE('',(#4185),#1987,.F.);
#4185 = FACE_BOUND('',#4186,.F.);
#4186 = EDGE_LOOP('',(#4187,#4188,#4189,#4221));
#4187 = ORIENTED_EDGE('',*,*,#1947,.T.);
#4188 = ORIENTED_EDGE('',*,*,#2025,.T.);
#4189 = ORIENTED_EDGE('',*,*,#4190,.F.);
#4190 = EDGE_CURVE('',#4142,#2026,#4191,.T.);
#4191 = SURFACE_CURVE('',#4192,(#4209,#4215),.PCURVE_S1.);
#4192 = B_SPLINE_CURVE_WITH_KNOTS('',8,(#4193,#4194,#4195,#4196,#4197,
    #4198,#4199,#4200,#4201,#4202,#4203,#4204,#4205,#4206,#4207,#4208),
  .UNSPECIFIED.,.F.,.F.,(9,7,9),(0.,0.5,1.),.UNSPECIFIED.);
#4193 = CARTESIAN_POINT('',(249.42533986378,47.645366433227,
    12.409067155008));
#4194 = CARTESIAN_POINT('',(249.44801235574,47.631662654811,
    12.42641582631));
#4195 = CARTESIAN_POINT('',(249.47264310319,47.621348607116,
    12.443882869618));
#4196 = CARTESIAN_POINT('',(249.4986401224,47.614765862102,
    12.461480212887));
#4197 = CARTESIAN_POINT('',(249.52533986459,47.612132082132,
    12.479215457054));
#4198 = CARTESIAN_POINT('',(249.5520396069,47.61352229665,
    12.497091222204));
#4199 = CARTESIAN_POINT('',(249.57803662647,47.618861476255,
    12.515104888255));
#4200 = CARTESIAN_POINT('',(249.6026673745,47.627931958621,
    12.533248854269));
#4201 = CARTESIAN_POINT('',(249.64801236,47.652852385032,12.569773530315
    ));
#4202 = CARTESIAN_POINT('',(249.66872904146,47.66870070462,
    12.58815418362));
#4203 = CARTESIAN_POINT('',(249.68689026665,47.687600966566,
    12.606641413101));
#4204 = CARTESIAN_POINT('',(249.70198108538,47.709082885644,
    12.625218796035));
#4205 = CARTESIAN_POINT('',(249.71358971121,47.73257402507,
    12.64386634249));
#4206 = CARTESIAN_POINT('',(249.72142599036,47.757431766182,
    12.662561611727));
#4207 = CARTESIAN_POINT('',(249.72533987072,47.782975278086,
    12.681280828609));
#4208 = CARTESIAN_POINT('',(249.72533987072,47.80851748733,12.7));
#4209 = PCURVE('',#1987,#4210);
#4210 = DEFINITIONAL_REPRESENTATION('',(#4211),#4214);
#4211 = B_SPLINE_CURVE_WITH_KNOTS('',1,(#4212,#4213),.UNSPECIFIED.,.F.,
  .F.,(2,2),(0.,1.),.PIECEWISE_BEZIER_KNOTS.);
#4212 = CARTESIAN_POINT('',(8.746336987997E-13,12.410582575747));
#4213 = CARTESIAN_POINT('',(2.094395142421,12.695644302636));
#4214 = ( GEOMETRIC_REPRESENTATION_CONTEXT(2) 
PARAMETRIC_REPRESENTATION_CONTEXT() REPRESENTATION_CONTEXT('2D SPACE',''
  ) );
#4215 = PCURVE('',#3477,#4216);
#4216 = DEFINITIONAL_REPRESENTATION('',(#4217),#4220);
#4217 = B_SPLINE_CURVE_WITH_KNOTS('',1,(#4218,#4219),.UNSPECIFIED.,.F.,
  .F.,(2,2),(0.,1.),.PIECEWISE_BEZIER_KNOTS.);
#4218 = CARTESIAN_POINT('',(1.,0.));
#4219 = CARTESIAN_POINT('',(1.,1.));
#4220 = ( GEOMETRIC_REPRESENTATION_CONTEXT(2) 
PARAMETRIC_REPRESENTATION_CONTEXT() REPRESENTATION_CONTEXT('2D SPACE',''
  ) );
#4221 = ORIENTED_EDGE('',*,*,#4164,.F.);
#4222 = ADVANCED_FACE('',(#4223),#3720,.T.);
#4223 = FACE_BOUND('',#4224,.T.);
#4224 = EDGE_LOOP('',(#4225,#4226,#4256));
#4225 = ORIENTED_EDGE('',*,*,#3680,.F.);
#4226 = ORIENTED_EDGE('',*,*,#4227,.T.);
#4227 = EDGE_CURVE('',#3653,#3879,#4228,.T.);
#4228 = SURFACE_CURVE('',#4229,(#4237,#4244),.PCURVE_S1.);
#4229 = B_SPLINE_CURVE_WITH_KNOTS('',6,(#4230,#4231,#4232,#4233,#4234,
    #4235,#4236),.UNSPECIFIED.,.F.,.F.,(7,7),(0.,1.),
  .PIECEWISE_BEZIER_KNOTS.);
#4230 = CARTESIAN_POINT('',(249.27533985338,9.764282914125,12.7));
#4231 = CARTESIAN_POINT('',(249.31387165594,9.697584536164,12.7));
#4232 = CARTESIAN_POINT('',(249.35240050453,9.630891271523,
    12.676271410733));
#4233 = CARTESIAN_POINT('',(249.38637472977,9.572082039542,
    12.628781539809));
#4234 = CARTESIAN_POINT('',(249.41114649876,9.529202218163,
    12.562330490409));
#4235 = CARTESIAN_POINT('',(249.42417528436,9.506649448546,
    12.486060358648));
#4236 = CARTESIAN_POINT('',(249.42533986378,9.504633566773,
    12.409067155008));
#4237 = PCURVE('',#3720,#4238);
#4238 = DEFINITIONAL_REPRESENTATION('',(#4239),#4243);
#4239 = LINE('',#4240,#4241);
#4240 = CARTESIAN_POINT('',(0.,0.));
#4241 = VECTOR('',#4242,1.);
#4242 = DIRECTION('',(1.,0.));
#4243 = ( GEOMETRIC_REPRESENTATION_CONTEXT(2) 
PARAMETRIC_REPRESENTATION_CONTEXT() REPRESENTATION_CONTEXT('2D SPACE',''
  ) );
#4244 = PCURVE('',#3668,#4245);
#4245 = DEFINITIONAL_REPRESENTATION('',(#4246),#4255);
#4246 = B_SPLINE_CURVE_WITH_KNOTS('',7,(#4247,#4248,#4249,#4250,#4251,
    #4252,#4253,#4254),.UNSPECIFIED.,.F.,.F.,(8,8),(0.,1.),
  .PIECEWISE_BEZIER_KNOTS.);
#4247 = CARTESIAN_POINT('',(-1.110223024625E-16,14.199899627279));
#4248 = CARTESIAN_POINT('',(0.22008112477,14.199899627279));
#4249 = CARTESIAN_POINT('',(0.440145939228,14.199899627279));
#4250 = CARTESIAN_POINT('',(0.660284848693,14.19989962728));
#4251 = CARTESIAN_POINT('',(0.880283024698,14.199899627279));
#4252 = CARTESIAN_POINT('',(1.100421934164,14.19989962728));
#4253 = CARTESIAN_POINT('',(1.320486748621,14.199899627279));
#4254 = CARTESIAN_POINT('',(1.540567873391,14.199899627279));
#4255 = ( GEOMETRIC_REPRESENTATION_CONTEXT(2) 
PARAMETRIC_REPRESENTATION_CONTEXT() REPRESENTATION_CONTEXT('2D SPACE',''
  ) );
#4256 = ORIENTED_EDGE('',*,*,#3901,.T.);
#4257 = ADVANCED_FACE('',(#4258),#3668,.T.);
#4258 = FACE_BOUND('',#4259,.T.);
#4259 = EDGE_LOOP('',(#4260,#4261,#4299,#4300));
#4260 = ORIENTED_EDGE('',*,*,#3652,.F.);
#4261 = ORIENTED_EDGE('',*,*,#4262,.T.);
#4262 = EDGE_CURVE('',#3625,#3940,#4263,.T.);
#4263 = SURFACE_CURVE('',#4264,(#4269,#4276),.PCURVE_S1.);
#4264 = CIRCLE('',#4265,0.3);
#4265 = AXIS2_PLACEMENT_3D('',#4266,#4267,#4268);
#4266 = CARTESIAN_POINT('',(237.42533987072,2.918511342663,12.4));
#4267 = DIRECTION('',(0.865893403497,0.50022856154,-9.388169472705E-14)
  );
#4268 = DIRECTION('',(9.473903143468E-14,2.368475785867E-14,1.));
#4269 = PCURVE('',#3668,#4270);
#4270 = DEFINITIONAL_REPRESENTATION('',(#4271),#4275);
#4271 = LINE('',#4272,#4273);
#4272 = CARTESIAN_POINT('',(0.,0.514612345026));
#4273 = VECTOR('',#4274,1.);
#4274 = DIRECTION('',(1.,5.332871419771E-15));
#4275 = ( GEOMETRIC_REPRESENTATION_CONTEXT(2) 
PARAMETRIC_REPRESENTATION_CONTEXT() REPRESENTATION_CONTEXT('2D SPACE',''
  ) );
#4276 = PCURVE('',#4277,#4282);
#4277 = SPHERICAL_SURFACE('',#4278,0.3);
#4278 = AXIS2_PLACEMENT_3D('',#4279,#4280,#4281);
#4279 = CARTESIAN_POINT('',(237.42533987072,2.918511342663,12.4));
#4280 = DIRECTION('',(1.,-3.552713678801E-14,0.));
#4281 = DIRECTION('',(8.414516322359E-28,2.368475785867E-14,1.));
#4282 = DEFINITIONAL_REPRESENTATION('',(#4283),#4298);
#4283 = B_SPLINE_CURVE_WITH_KNOTS('',7,(#4284,#4285,#4286,#4287,#4288,
    #4289,#4290,#4291,#4292,#4293,#4294,#4295,#4296,#4297),
  .UNSPECIFIED.,.F.,.F.,(8,6,8),(0.,0.770283936696,1.540567873391),
  .UNSPECIFIED.);
#4284 = CARTESIAN_POINT('',(0.,9.473903143468E-14));
#4285 = CARTESIAN_POINT('',(9.528339708634E-02,5.504543223304E-02));
#4286 = CARTESIAN_POINT('',(0.190565929943,0.110091557373));
#4287 = CARTESIAN_POINT('',(0.286795988995,0.164318169803));
#4288 = CARTESIAN_POINT('',(0.38490273665,0.216918149429));
#4289 = CARTESIAN_POINT('',(0.485804042585,0.267014511661));
#4290 = CARTESIAN_POINT('',(0.590281468682,0.313641186983));
#4291 = CARTESIAN_POINT('',(0.807163138486,0.397933873207));
#4292 = CARTESIAN_POINT('',(0.919567688378,0.435601022653));
#4293 = CARTESIAN_POINT('',(1.036313933174,0.467780090771));
#4294 = CARTESIAN_POINT('',(1.157406745939,0.493449175808));
#4295 = CARTESIAN_POINT('',(1.28213077066,0.511603160043));
#4296 = CARTESIAN_POINT('',(1.408845206434,0.521677757749));
#4297 = CARTESIAN_POINT('',(1.535889741755,0.52359881563));
#4298 = ( GEOMETRIC_REPRESENTATION_CONTEXT(2) 
PARAMETRIC_REPRESENTATION_CONTEXT() REPRESENTATION_CONTEXT('2D SPACE',''
  ) );
#4299 = ORIENTED_EDGE('',*,*,#3939,.T.);
#4300 = ORIENTED_EDGE('',*,*,#4227,.F.);
#4301 = ADVANCED_FACE('',(#4302),#3640,.T.);
#4302 = FACE_BOUND('',#4303,.T.);
#4303 = EDGE_LOOP('',(#4304,#4305,#4343,#4344));
#4304 = ORIENTED_EDGE('',*,*,#3624,.F.);
#4305 = ORIENTED_EDGE('',*,*,#4306,.T.);
#4306 = EDGE_CURVE('',#3597,#4041,#4307,.T.);
#4307 = SURFACE_CURVE('',#4308,(#4313,#4320),.PCURVE_S1.);
#4308 = CIRCLE('',#4309,0.3);
#4309 = AXIS2_PLACEMENT_3D('',#4310,#4311,#4312);
#4310 = CARTESIAN_POINT('',(237.42533987072,54.231488657337,12.4));
#4311 = DIRECTION('',(-4.736951571734E-14,-1.,4.736951571734E-14));
#4312 = DIRECTION('',(9.473903143468E-14,4.736951571734E-14,1.));
#4313 = PCURVE('',#3640,#4314);
#4314 = DEFINITIONAL_REPRESENTATION('',(#4315),#4319);
#4315 = LINE('',#4316,#4317);
#4316 = CARTESIAN_POINT('',(0.,0.509455763965));
#4317 = VECTOR('',#4318,1.);
#4318 = DIRECTION('',(1.,-9.895059008998E-16));
#4319 = ( GEOMETRIC_REPRESENTATION_CONTEXT(2) 
PARAMETRIC_REPRESENTATION_CONTEXT() REPRESENTATION_CONTEXT('2D SPACE',''
  ) );
#4320 = PCURVE('',#4321,#4326);
#4321 = SPHERICAL_SURFACE('',#4322,0.3);
#4322 = AXIS2_PLACEMENT_3D('',#4323,#4324,#4325);
#4323 = CARTESIAN_POINT('',(237.42533987072,54.231488657337,12.4));
#4324 = DIRECTION('',(-0.500000034668,-0.865497824504,
    -3.022385002513E-02));
#4325 = DIRECTION('',(-1.511883302222E-02,-2.617063236507E-02,
    0.999543155091));
#4326 = DEFINITIONAL_REPRESENTATION('',(#4327),#4342);
#4327 = B_SPLINE_CURVE_WITH_KNOTS('',7,(#4328,#4329,#4330,#4331,#4332,
    #4333,#4334,#4335,#4336,#4337,#4338,#4339,#4340,#4341),
  .UNSPECIFIED.,.F.,.F.,(8,6,8),(0.,0.785398163397,1.570796326795),
  .UNSPECIFIED.);
#4328 = CARTESIAN_POINT('',(0.,-3.022845340375E-02));
#4329 = CARTESIAN_POINT('',(9.71974168314E-02,2.589705995517E-02));
#4330 = CARTESIAN_POINT('',(0.194008775979,8.235625945305E-02));
#4331 = CARTESIAN_POINT('',(0.291441243411,0.138277452074));
#4332 = CARTESIAN_POINT('',(0.390489024849,0.192815268663));
#4333 = CARTESIAN_POINT('',(0.492148821958,0.245061884138));
#4334 = CARTESIAN_POINT('',(0.597300607248,0.294016904487));
#4335 = CARTESIAN_POINT('',(0.815606828133,0.383214936675));
#4336 = CARTESIAN_POINT('',(0.928761025215,0.423459231945));
#4337 = CARTESIAN_POINT('',(1.046415774766,0.458285602761));
#4338 = CARTESIAN_POINT('',(1.16870488118,0.486603282581));
#4339 = CARTESIAN_POINT('',(1.295065591935,0.507298595675));
#4340 = CARTESIAN_POINT('',(1.423859537113,0.519683101256));
#4341 = CARTESIAN_POINT('',(1.553337714868,0.52359881563));
#4342 = ( GEOMETRIC_REPRESENTATION_CONTEXT(2) 
PARAMETRIC_REPRESENTATION_CONTEXT() REPRESENTATION_CONTEXT('2D SPACE',''
  ) );
#4343 = ORIENTED_EDGE('',*,*,#4040,.T.);
#4344 = ORIENTED_EDGE('',*,*,#4345,.T.);
#4345 = EDGE_CURVE('',#4018,#3625,#4346,.T.);
#4346 = SURFACE_CURVE('',#4347,(#4352,#4358),.PCURVE_S1.);
#4347 = CIRCLE('',#4348,0.3);
#4348 = AXIS2_PLACEMENT_3D('',#4349,#4350,#4351);
#4349 = CARTESIAN_POINT('',(237.42533987072,2.918511342663,12.4));
#4350 = DIRECTION('',(3.552713678801E-14,1.,-2.368475785867E-14));
#4351 = DIRECTION('',(8.414516322359E-28,2.368475785867E-14,1.));
#4352 = PCURVE('',#3640,#4353);
#4353 = DEFINITIONAL_REPRESENTATION('',(#4354),#4357);
#4354 = B_SPLINE_CURVE_WITH_KNOTS('',1,(#4355,#4356),.UNSPECIFIED.,.F.,
  .F.,(2,2),(4.712388980385,6.28318530718),.PIECEWISE_BEZIER_KNOTS.);
#4355 = CARTESIAN_POINT('',(1.570796326795,51.82243307864));
#4356 = CARTESIAN_POINT('',(-9.503509090791E-14,51.82243307864));
#4357 = ( GEOMETRIC_REPRESENTATION_CONTEXT(2) 
PARAMETRIC_REPRESENTATION_CONTEXT() REPRESENTATION_CONTEXT('2D SPACE',''
  ) );
#4358 = PCURVE('',#4277,#4359);
#4359 = DEFINITIONAL_REPRESENTATION('',(#4360),#4363);
#4360 = B_SPLINE_CURVE_WITH_KNOTS('',1,(#4361,#4362),.UNSPECIFIED.,.F.,
  .F.,(2,2),(4.712388980385,6.28318530718),.PIECEWISE_BEZIER_KNOTS.);
#4361 = CARTESIAN_POINT('',(0.,-1.570796326795));
#4362 = CARTESIAN_POINT('',(0.,9.503509090791E-14));
#4363 = ( GEOMETRIC_REPRESENTATION_CONTEXT(2) 
PARAMETRIC_REPRESENTATION_CONTEXT() REPRESENTATION_CONTEXT('2D SPACE',''
  ) );
#4364 = ADVANCED_FACE('',(#4365),#3612,.T.);
#4365 = FACE_BOUND('',#4366,.T.);
#4366 = EDGE_LOOP('',(#4367,#4368,#4398,#4399));
#4367 = ORIENTED_EDGE('',*,*,#3596,.F.);
#4368 = ORIENTED_EDGE('',*,*,#4369,.T.);
#4369 = EDGE_CURVE('',#3436,#4142,#4370,.T.);
#4370 = SURFACE_CURVE('',#4371,(#4379,#4391),.PCURVE_S1.);
#4371 = B_SPLINE_CURVE_WITH_KNOTS('',6,(#4372,#4373,#4374,#4375,#4376,
    #4377,#4378),.UNSPECIFIED.,.F.,.F.,(7,7),(0.,1.),
  .PIECEWISE_BEZIER_KNOTS.);
#4372 = CARTESIAN_POINT('',(249.27533985338,47.385717085876,12.7));
#4373 = CARTESIAN_POINT('',(249.31387165594,47.452415463836,12.7));
#4374 = CARTESIAN_POINT('',(249.35240050453,47.519108728476,
    12.676271410733));
#4375 = CARTESIAN_POINT('',(249.38637472977,47.577917960459,
    12.628781539809));
#4376 = CARTESIAN_POINT('',(249.41114649876,47.620797781837,
    12.562330490409));
#4377 = CARTESIAN_POINT('',(249.42417528436,47.643350551454,
    12.486060358648));
#4378 = CARTESIAN_POINT('',(249.42533986378,47.645366433227,
    12.409067155008));
#4379 = PCURVE('',#3612,#4380);
#4380 = DEFINITIONAL_REPRESENTATION('',(#4381),#4390);
#4381 = B_SPLINE_CURVE_WITH_KNOTS('',7,(#4382,#4383,#4384,#4385,#4386,
    #4387,#4388,#4389),.UNSPECIFIED.,.F.,.F.,(8,8),(0.,1.),
  .PIECEWISE_BEZIER_KNOTS.);
#4382 = CARTESIAN_POINT('',(1.110223024625E-16,0.351545099188));
#4383 = CARTESIAN_POINT('',(0.22008112477,0.351545099188));
#4384 = CARTESIAN_POINT('',(0.440145939227,0.351545099188));
#4385 = CARTESIAN_POINT('',(0.660284848693,0.351545099188));
#4386 = CARTESIAN_POINT('',(0.880283024698,0.351545099188));
#4387 = CARTESIAN_POINT('',(1.100421934164,0.351545099188));
#4388 = CARTESIAN_POINT('',(1.320486748621,0.351545099188));
#4389 = CARTESIAN_POINT('',(1.540567873391,0.351545099188));
#4390 = ( GEOMETRIC_REPRESENTATION_CONTEXT(2) 
PARAMETRIC_REPRESENTATION_CONTEXT() REPRESENTATION_CONTEXT('2D SPACE',''
  ) );
#4391 = PCURVE('',#3477,#4392);
#4392 = DEFINITIONAL_REPRESENTATION('',(#4393),#4397);
#4393 = LINE('',#4394,#4395);
#4394 = CARTESIAN_POINT('',(0.,0.));
#4395 = VECTOR('',#4396,1.);
#4396 = DIRECTION('',(1.,0.));
#4397 = ( GEOMETRIC_REPRESENTATION_CONTEXT(2) 
PARAMETRIC_REPRESENTATION_CONTEXT() REPRESENTATION_CONTEXT('2D SPACE',''
  ) );
#4398 = ORIENTED_EDGE('',*,*,#4141,.T.);
#4399 = ORIENTED_EDGE('',*,*,#4400,.T.);
#4400 = EDGE_CURVE('',#4119,#3597,#4401,.T.);
#4401 = SURFACE_CURVE('',#4402,(#4407,#4413),.PCURVE_S1.);
#4402 = CIRCLE('',#4403,0.3);
#4403 = AXIS2_PLACEMENT_3D('',#4404,#4405,#4406);
#4404 = CARTESIAN_POINT('',(237.42533987072,54.231488657337,12.4));
#4405 = DIRECTION('',(0.865893403497,-0.50022856154,-5.833905632623E-14)
  );
#4406 = DIRECTION('',(-1.511883302222E-02,-2.617063236506E-02,
    0.999543155091));
#4407 = PCURVE('',#3612,#4408);
#4408 = DEFINITIONAL_REPRESENTATION('',(#4409),#4412);
#4409 = B_SPLINE_CURVE_WITH_KNOTS('',1,(#4410,#4411),.UNSPECIFIED.,.F.,
  .F.,(2,2),(4.712388980385,6.252956853776),.PIECEWISE_BEZIER_KNOTS.);
#4410 = CARTESIAN_POINT('',(1.540567873391,14.036832381441));
#4411 = CARTESIAN_POINT('',(7.283063041541E-14,14.036832381441));
#4412 = ( GEOMETRIC_REPRESENTATION_CONTEXT(2) 
PARAMETRIC_REPRESENTATION_CONTEXT() REPRESENTATION_CONTEXT('2D SPACE',''
  ) );
#4413 = PCURVE('',#4321,#4414);
#4414 = DEFINITIONAL_REPRESENTATION('',(#4415),#4418);
#4415 = B_SPLINE_CURVE_WITH_KNOTS('',1,(#4416,#4417),.UNSPECIFIED.,.F.,
  .F.,(2,2),(4.712388980385,6.252956853776),.PIECEWISE_BEZIER_KNOTS.);
#4416 = CARTESIAN_POINT('',(0.,-1.570796326795));
#4417 = CARTESIAN_POINT('',(0.,-3.022845340375E-02));
#4418 = ( GEOMETRIC_REPRESENTATION_CONTEXT(2) 
PARAMETRIC_REPRESENTATION_CONTEXT() REPRESENTATION_CONTEXT('2D SPACE',''
  ) );
#4419 = ADVANCED_FACE('',(#4420),#3477,.F.);
#4420 = FACE_BOUND('',#4421,.F.);
#4421 = EDGE_LOOP('',(#4422,#4423,#4424));
#4422 = ORIENTED_EDGE('',*,*,#3435,.F.);
#4423 = ORIENTED_EDGE('',*,*,#4369,.T.);
#4424 = ORIENTED_EDGE('',*,*,#4190,.T.);
#4425 = ADVANCED_FACE('',(#4426),#3976,.T.);
#4426 = FACE_BOUND('',#4427,.T.);
#4427 = EDGE_LOOP('',(#4428,#4429,#4449,#4450));
#4428 = ORIENTED_EDGE('',*,*,#3962,.T.);
#4429 = ORIENTED_EDGE('',*,*,#4430,.F.);
#4430 = EDGE_CURVE('',#4018,#3940,#4431,.T.);
#4431 = SURFACE_CURVE('',#4432,(#4437,#4443),.PCURVE_S1.);
#4432 = CIRCLE('',#4433,0.3);
#4433 = AXIS2_PLACEMENT_3D('',#4434,#4435,#4436);
#4434 = CARTESIAN_POINT('',(237.42533987072,2.918511342663,12.4));
#4435 = DIRECTION('',(1.239879193183E-15,3.489949670251E-02,
    0.999390827019));
#4436 = DIRECTION('',(-3.550549461619E-14,-0.999390827019,
    3.489949670251E-02));
#4437 = PCURVE('',#3976,#4438);
#4438 = DEFINITIONAL_REPRESENTATION('',(#4439),#4442);
#4439 = B_SPLINE_CURVE_WITH_KNOTS('',1,(#4440,#4441),.UNSPECIFIED.,.F.,
  .F.,(2,2),(4.712388980385,6.80678412281),.PIECEWISE_BEZIER_KNOTS.);
#4440 = CARTESIAN_POINT('',(4.188790164755,12.425703714244));
#4441 = CARTESIAN_POINT('',(6.28318530718,12.425703714244));
#4442 = ( GEOMETRIC_REPRESENTATION_CONTEXT(2) 
PARAMETRIC_REPRESENTATION_CONTEXT() REPRESENTATION_CONTEXT('2D SPACE',''
  ) );
#4443 = PCURVE('',#4277,#4444);
#4444 = DEFINITIONAL_REPRESENTATION('',(#4445),#4448);
#4445 = B_SPLINE_CURVE_WITH_KNOTS('',1,(#4446,#4447),.UNSPECIFIED.,.F.,
  .F.,(2,2),(4.712388980385,6.80678412281),.PIECEWISE_BEZIER_KNOTS.);
#4446 = CARTESIAN_POINT('',(1.535889741755,-1.570796326795));
#4447 = CARTESIAN_POINT('',(1.535889741755,0.52359881563));
#4448 = ( GEOMETRIC_REPRESENTATION_CONTEXT(2) 
PARAMETRIC_REPRESENTATION_CONTEXT() REPRESENTATION_CONTEXT('2D SPACE',''
  ) );
#4449 = ORIENTED_EDGE('',*,*,#4017,.F.);
#4450 = ORIENTED_EDGE('',*,*,#3992,.T.);
#4451 = ADVANCED_FACE('',(#4452),#4077,.T.);
#4452 = FACE_BOUND('',#4453,.T.);
#4453 = EDGE_LOOP('',(#4454,#4455,#4475,#4476));
#4454 = ORIENTED_EDGE('',*,*,#4063,.T.);
#4455 = ORIENTED_EDGE('',*,*,#4456,.F.);
#4456 = EDGE_CURVE('',#4119,#4041,#4457,.T.);
#4457 = SURFACE_CURVE('',#4458,(#4463,#4469),.PCURVE_S1.);
#4458 = CIRCLE('',#4459,0.3);
#4459 = AXIS2_PLACEMENT_3D('',#4460,#4461,#4462);
#4460 = CARTESIAN_POINT('',(237.42533987072,54.231488657337,12.4));
#4461 = DIRECTION('',(-3.088232423972E-15,-3.48994967025E-02,
    0.999390827019));
#4462 = DIRECTION('',(-0.866025383769,0.499695448157,1.744974956116E-02)
  );
#4463 = PCURVE('',#4077,#4464);
#4464 = DEFINITIONAL_REPRESENTATION('',(#4465),#4468);
#4465 = B_SPLINE_CURVE_WITH_KNOTS('',1,(#4466,#4467),.UNSPECIFIED.,.F.,
  .F.,(2,2),(4.712388980385,6.806784122809),.PIECEWISE_BEZIER_KNOTS.);
#4466 = CARTESIAN_POINT('',(4.188790164755,12.425703714244));
#4467 = CARTESIAN_POINT('',(6.28318530718,12.425703714244));
#4468 = ( GEOMETRIC_REPRESENTATION_CONTEXT(2) 
PARAMETRIC_REPRESENTATION_CONTEXT() REPRESENTATION_CONTEXT('2D SPACE',''
  ) );
#4469 = PCURVE('',#4321,#4470);
#4470 = DEFINITIONAL_REPRESENTATION('',(#4471),#4474);
#4471 = B_SPLINE_CURVE_WITH_KNOTS('',1,(#4472,#4473),.UNSPECIFIED.,.F.,
  .F.,(2,2),(4.712388980385,6.806784122809),.PIECEWISE_BEZIER_KNOTS.);
#4472 = CARTESIAN_POINT('',(1.553337714868,-1.570796326795));
#4473 = CARTESIAN_POINT('',(1.553337714868,0.52359881563));
#4474 = ( GEOMETRIC_REPRESENTATION_CONTEXT(2) 
PARAMETRIC_REPRESENTATION_CONTEXT() REPRESENTATION_CONTEXT('2D SPACE',''
  ) );
#4475 = ORIENTED_EDGE('',*,*,#4118,.F.);
#4476 = ORIENTED_EDGE('',*,*,#4093,.T.);
#4477 = ADVANCED_FACE('',(#4478),#4277,.T.);
#4478 = FACE_BOUND('',#4479,.T.);
#4479 = EDGE_LOOP('',(#4480,#4481,#4482));
#4480 = ORIENTED_EDGE('',*,*,#4345,.F.);
#4481 = ORIENTED_EDGE('',*,*,#4430,.T.);
#4482 = ORIENTED_EDGE('',*,*,#4262,.F.);
#4483 = ADVANCED_FACE('',(#4484),#4321,.T.);
#4484 = FACE_BOUND('',#4485,.T.);
#4485 = EDGE_LOOP('',(#4486,#4487,#4488));
#4486 = ORIENTED_EDGE('',*,*,#4400,.F.);
#4487 = ORIENTED_EDGE('',*,*,#4456,.T.);
#4488 = ORIENTED_EDGE('',*,*,#4306,.F.);
#4489 = ( GEOMETRIC_REPRESENTATION_CONTEXT(3) 
GLOBAL_UNCERTAINTY_ASSIGNED_CONTEXT((#4493)) 
GLOBAL_UNIT_ASSIGNED_CONTEXT((#4490,#4491,#4492)) REPRESENTATION_CONTEXT
('Context #1','3D Context with UNIT and UNCERTAINTY') );
#4490 = ( LENGTH_UNIT() NAMED_UNIT(*) SI_UNIT(.MILLI.,.METRE.) );
#4491 = ( NAMED_UNIT(*) PLANE_ANGLE_UNIT() SI_UNIT($,.RADIAN.) );
#4492 = ( NAMED_UNIT(*) SI_UNIT($,.STERADIAN.) SOLID_ANGLE_UNIT() );
#4493 = UNCERTAINTY_MEASURE_WITH_UNIT(LENGTH_MEASURE(2.E-07),#4490,
  'distance_accuracy_value','confusion accuracy');
#4494 = CONTEXT_DEPENDENT_SHAPE_REPRESENTATION(#4495,#4497);
#4495 = ( REPRESENTATION_RELATIONSHIP('','',#36,#10) 
REPRESENTATION_RELATIONSHIP_WITH_TRANSFORMATION(#4496) 
SHAPE_REPRESENTATION_RELATIONSHIP() );
#4496 = ITEM_DEFINED_TRANSFORMATION('','',#11,#15);
#4497 = PRODUCT_DEFINITION_SHAPE('Placement','Placement of an item',
  #4498);
#4498 = NEXT_ASSEMBLY_USAGE_OCCURRENCE('1','','',#5,#31,$);
#4499 = PRODUCT_RELATED_PRODUCT_CATEGORY('part',$,(#33));
#4500 = SHAPE_DEFINITION_REPRESENTATION(#4501,#4507);
#4501 = PRODUCT_DEFINITION_SHAPE('','',#4502);
#4502 = PRODUCT_DEFINITION('design','',#4503,#4506);
#4503 = PRODUCT_DEFINITION_FORMATION('','',#4504);
#4504 = PRODUCT('Open CASCADE STEP translator 7.9 3.2',
  'Open CASCADE STEP translator 7.9 3.2','',(#4505));
#4505 = PRODUCT_CONTEXT('',#2,'mechanical');
#4506 = PRODUCT_DEFINITION_CONTEXT('part definition',#2,'design');
#4507 = ADVANCED_BREP_SHAPE_REPRESENTATION('',(#11,#4508),#8229);
#4508 = MANIFOLD_SOLID_BREP('',#4509);
#4509 = CLOSED_SHELL('',(#4510,#4671,#5713,#5762,#6642,#6669,#6696,#6801
    ,#6856,#6924,#6984,#7052,#7115,#7196,#7203,#7250,#7277,#7304,#7331,
    #7358,#7365,#7412,#7439,#7466,#7493,#7520,#7527,#7574,#7601,#7628,
    #7655,#7682,#7689,#7736,#7763,#7790,#7817,#7844,#7851,#7906,#7969,
    #8024,#8087,#8114,#8141,#8168,#8195,#8222));
#4510 = ADVANCED_FACE('',(#4511),#4526,.T.);
#4511 = FACE_BOUND('',#4512,.T.);
#4512 = EDGE_LOOP('',(#4513,#4556,#4584,#4645));
#4513 = ORIENTED_EDGE('',*,*,#4514,.F.);
#4514 = EDGE_CURVE('',#4515,#4517,#4519,.T.);
#4515 = VERTEX_POINT('',#4516);
#4516 = CARTESIAN_POINT('',(1.00892989728,0.,0.));
#4517 = VERTEX_POINT('',#4518);
#4518 = CARTESIAN_POINT('',(7.105427357601E-15,57.15,0.));
#4519 = SURFACE_CURVE('',#4520,(#4525,#4540),.PCURVE_S1.);
#4520 = ELLIPSE('',#4521,424.44736842105,110.79605803202);
#4521 = AXIS2_PLACEMENT_3D('',#4522,#4523,#4524);
#4522 = CARTESIAN_POINT('',(110.79605803202,57.15,0.));
#4523 = DIRECTION('',(0.,-0.,-1.));
#4524 = DIRECTION('',(1.110223024625E-16,-1.,0.));
#4525 = PCURVE('',#4526,#4534);
#4526 = SURFACE_OF_LINEAR_EXTRUSION('',#4527,#4532);
#4527 = ELLIPSE('',#4528,424.44736842105,110.79605803202);
#4528 = AXIS2_PLACEMENT_3D('',#4529,#4530,#4531);
#4529 = CARTESIAN_POINT('',(110.79605803202,57.15,0.));
#4530 = DIRECTION('',(0.,-0.,-1.));
#4531 = DIRECTION('',(1.110223024625E-16,-1.,0.));
#4532 = VECTOR('',#4533,1.);
#4533 = DIRECTION('',(-0.,0.,-1.));
#4534 = DEFINITIONAL_REPRESENTATION('',(#4535),#4539);
#4535 = LINE('',#4536,#4537);
#4536 = CARTESIAN_POINT('',(0.,0.));
#4537 = VECTOR('',#4538,1.);
#4538 = DIRECTION('',(1.,0.));
#4539 = ( GEOMETRIC_REPRESENTATION_CONTEXT(2) 
PARAMETRIC_REPRESENTATION_CONTEXT() REPRESENTATION_CONTEXT('2D SPACE',''
  ) );
#4540 = PCURVE('',#4541,#4546);
#4541 = PLANE('',#4542);
#4542 = AXIS2_PLACEMENT_3D('',#4543,#4544,#4545);
#4543 = CARTESIAN_POINT('',(238.15334829633,27.850133547595,0.));
#4544 = DIRECTION('',(0.,0.,1.));
#4545 = DIRECTION('',(1.110223024625E-16,-1.,0.));
#4546 = DEFINITIONAL_REPRESENTATION('',(#4547),#4555);
#4547 = ( BOUNDED_CURVE() B_SPLINE_CURVE(2,(#4548,#4549,#4550,#4551,
#4552,#4553,#4554),.UNSPECIFIED.,.T.,.F.) B_SPLINE_CURVE_WITH_KNOTS((1,2
    ,2,2,2,1),(-2.094395102393,0.,2.094395102393,4.188790204786,
6.28318530718,8.377580409573),.UNSPECIFIED.) CURVE() 
GEOMETRIC_REPRESENTATION_ITEM() RATIONAL_B_SPLINE_CURVE((1.,0.5,1.,0.5,
1.,0.5,1.)) REPRESENTATION_ITEM('') );
#4548 = CARTESIAN_POINT('',(395.14750196864,-127.3572902643));
#4549 = CARTESIAN_POINT('',(395.14750196864,-319.2616920541));
#4550 = CARTESIAN_POINT('',(-241.5235506629,-223.3094911592));
#4551 = CARTESIAN_POINT('',(-878.1946032945,-127.3572902643));
#4552 = CARTESIAN_POINT('',(-241.5235506629,-31.4050893694));
#4553 = CARTESIAN_POINT('',(395.14750196864,64.547111525498));
#4554 = CARTESIAN_POINT('',(395.14750196864,-127.3572902643));
#4555 = ( GEOMETRIC_REPRESENTATION_CONTEXT(2) 
PARAMETRIC_REPRESENTATION_CONTEXT() REPRESENTATION_CONTEXT('2D SPACE',''
  ) );
#4556 = ORIENTED_EDGE('',*,*,#4557,.T.);
#4557 = EDGE_CURVE('',#4515,#4558,#4560,.T.);
#4558 = VERTEX_POINT('',#4559);
#4559 = CARTESIAN_POINT('',(1.00892989728,0.,12.7));
#4560 = SURFACE_CURVE('',#4561,(#4565,#4572),.PCURVE_S1.);
#4561 = LINE('',#4562,#4563);
#4562 = CARTESIAN_POINT('',(1.00892989728,0.,0.));
#4563 = VECTOR('',#4564,1.);
#4564 = DIRECTION('',(0.,0.,1.));
#4565 = PCURVE('',#4526,#4566);
#4566 = DEFINITIONAL_REPRESENTATION('',(#4567),#4571);
#4567 = LINE('',#4568,#4569);
#4568 = CARTESIAN_POINT('',(1.435740459987,0.));
#4569 = VECTOR('',#4570,1.);
#4570 = DIRECTION('',(0.,-1.));
#4571 = ( GEOMETRIC_REPRESENTATION_CONTEXT(2) 
PARAMETRIC_REPRESENTATION_CONTEXT() REPRESENTATION_CONTEXT('2D SPACE',''
  ) );
#4572 = PCURVE('',#4573,#4578);
#4573 = PLANE('',#4574);
#4574 = AXIS2_PLACEMENT_3D('',#4575,#4576,#4577);
#4575 = CARTESIAN_POINT('',(1.00892989728,0.,0.));
#4576 = DIRECTION('',(-1.110223024625E-16,1.,0.));
#4577 = DIRECTION('',(1.,1.110223024625E-16,0.));
#4578 = DEFINITIONAL_REPRESENTATION('',(#4579),#4583);
#4579 = LINE('',#4580,#4581);
#4580 = CARTESIAN_POINT('',(0.,0.));
#4581 = VECTOR('',#4582,1.);
#4582 = DIRECTION('',(0.,-1.));
#4583 = ( GEOMETRIC_REPRESENTATION_CONTEXT(2) 
PARAMETRIC_REPRESENTATION_CONTEXT() REPRESENTATION_CONTEXT('2D SPACE',''
  ) );
#4584 = ORIENTED_EDGE('',*,*,#4585,.F.);
#4585 = EDGE_CURVE('',#4586,#4558,#4588,.T.);
#4586 = VERTEX_POINT('',#4587);
#4587 = CARTESIAN_POINT('',(0.,57.15,12.7));
#4588 = SURFACE_CURVE('',#4589,(#4604,#4622),.PCURVE_S1.);
#4589 = B_SPLINE_CURVE_WITH_KNOTS('',4,(#4590,#4591,#4592,#4593,#4594,
    #4595,#4596,#4597,#4598,#4599,#4600,#4601,#4602,#4603),
  .UNSPECIFIED.,.F.,.F.,(5,3,3,3,5),(0.,0.250665056655,0.501063871145,
    0.750930567093,1.),.UNSPECIFIED.);
#4590 = CARTESIAN_POINT('',(0.,57.150000000044,12.7));
#4591 = CARTESIAN_POINT('',(-9.947598300641E-14,53.567877589386,12.7));
#4592 = CARTESIAN_POINT('',(1.0521950964E-02,49.985755193514,12.7));
#4593 = CARTESIAN_POINT('',(3.156584337839E-02,46.403679111993,12.7));
#4594 = CARTESIAN_POINT('',(9.469672263281E-02,39.243517344434,12.7));
#4595 = CARTESIAN_POINT('',(0.136761343199,35.665431491024,12.7));
#4596 = CARTESIAN_POINT('',(0.189358223953,32.08748482234,12.7));
#4597 = CARTESIAN_POINT('',(0.315548030239,24.939567560035,12.7));
#4598 = CARTESIAN_POINT('',(0.389096116501,21.369596205429,12.7));
#4599 = CARTESIAN_POINT('',(0.473197143715,17.799857633898,12.7));
#4600 = CARTESIAN_POINT('',(0.662302054832,10.672332365572,12.7));
#4601 = CARTESIAN_POINT('',(0.767238411912,7.114543909115,12.7));
#4602 = CARTESIAN_POINT('',(0.882758839647,3.55708305726,12.7));
#4603 = CARTESIAN_POINT('',(1.008929897284,-1.09999120923E-10,12.7));
#4604 = PCURVE('',#4526,#4605);
#4605 = DEFINITIONAL_REPRESENTATION('',(#4606),#4621);
#4606 = B_SPLINE_CURVE_WITH_KNOTS('',4,(#4607,#4608,#4609,#4610,#4611,
    #4612,#4613,#4614,#4615,#4616,#4617,#4618,#4619,#4620),
  .UNSPECIFIED.,.F.,.F.,(5,3,3,3,5),(0.,0.250665056655,0.501063871145,
    0.750930567093,1.),.UNSPECIFIED.);
#4607 = CARTESIAN_POINT('',(1.570796326795,-12.7));
#4608 = CARTESIAN_POINT('',(1.562356829516,-12.7));
#4609 = CARTESIAN_POINT('',(1.553917332019,-12.7));
#4610 = CARTESIAN_POINT('',(1.545476341963,-12.7));
#4611 = CARTESIAN_POINT('',(1.52859734694,-12.7));
#4612 = CARTESIAN_POINT('',(1.520159347884,-12.7));
#4613 = CARTESIAN_POINT('',(1.511716868463,-12.7));
#4614 = CARTESIAN_POINT('',(1.494837872039,-12.7));
#4615 = CARTESIAN_POINT('',(1.486401380035,-12.7));
#4616 = CARTESIAN_POINT('',(1.477957411778,-12.7));
#4617 = CARTESIAN_POINT('',(1.461078412992,-12.7));
#4618 = CARTESIAN_POINT('',(1.452643439437,-12.7));
#4619 = CARTESIAN_POINT('',(1.444197980213,-12.7));
#4620 = CARTESIAN_POINT('',(1.435740459987,-12.7));
#4621 = ( GEOMETRIC_REPRESENTATION_CONTEXT(2) 
PARAMETRIC_REPRESENTATION_CONTEXT() REPRESENTATION_CONTEXT('2D SPACE',''
  ) );
#4622 = PCURVE('',#4623,#4628);
#4623 = PLANE('',#4624);
#4624 = AXIS2_PLACEMENT_3D('',#4625,#4626,#4627);
#4625 = CARTESIAN_POINT('',(0.,57.15,12.7));
#4626 = DIRECTION('',(0.,0.,1.));
#4627 = DIRECTION('',(1.110223024625E-16,-1.,0.));
#4628 = DEFINITIONAL_REPRESENTATION('',(#4629),#4644);
#4629 = B_SPLINE_CURVE_WITH_KNOTS('',4,(#4630,#4631,#4632,#4633,#4634,
    #4635,#4636,#4637,#4638,#4639,#4640,#4641,#4642,#4643),
  .UNSPECIFIED.,.F.,.F.,(5,3,3,3,5),(0.,0.250665056655,0.501063871145,
    0.750930567093,1.),.UNSPECIFIED.);
#4630 = CARTESIAN_POINT('',(-4.385469765111E-11,4.868849507024E-27));
#4631 = CARTESIAN_POINT('',(3.582122410614,-9.987367848414E-14));
#4632 = CARTESIAN_POINT('',(7.164244806486,1.0521950964E-02));
#4633 = CARTESIAN_POINT('',(10.746320888007,3.156584337839E-02));
#4634 = CARTESIAN_POINT('',(17.906482655566,9.469672263281E-02));
#4635 = CARTESIAN_POINT('',(21.484568508976,0.136761343199));
#4636 = CARTESIAN_POINT('',(25.06251517766,0.189358223953));
#4637 = CARTESIAN_POINT('',(32.210432439965,0.315548030239));
#4638 = CARTESIAN_POINT('',(35.780403794571,0.389096116501));
#4639 = CARTESIAN_POINT('',(39.350142366102,0.473197143715));
#4640 = CARTESIAN_POINT('',(46.477667634428,0.662302054832));
#4641 = CARTESIAN_POINT('',(50.035456090885,0.767238411912));
#4642 = CARTESIAN_POINT('',(53.59291694274,0.882758839647));
#4643 = CARTESIAN_POINT('',(57.15000000011,1.008929897284));
#4644 = ( GEOMETRIC_REPRESENTATION_CONTEXT(2) 
PARAMETRIC_REPRESENTATION_CONTEXT() REPRESENTATION_CONTEXT('2D SPACE',''
  ) );
#4645 = ORIENTED_EDGE('',*,*,#4646,.F.);
#4646 = EDGE_CURVE('',#4517,#4586,#4647,.T.);
#4647 = SURFACE_CURVE('',#4648,(#4652,#4659),.PCURVE_S1.);
#4648 = LINE('',#4649,#4650);
#4649 = CARTESIAN_POINT('',(1.42108547152E-14,57.15,0.));
#4650 = VECTOR('',#4651,1.);
#4651 = DIRECTION('',(0.,0.,1.));
#4652 = PCURVE('',#4526,#4653);
#4653 = DEFINITIONAL_REPRESENTATION('',(#4654),#4658);
#4654 = LINE('',#4655,#4656);
#4655 = CARTESIAN_POINT('',(1.570796326795,0.));
#4656 = VECTOR('',#4657,1.);
#4657 = DIRECTION('',(0.,-1.));
#4658 = ( GEOMETRIC_REPRESENTATION_CONTEXT(2) 
PARAMETRIC_REPRESENTATION_CONTEXT() REPRESENTATION_CONTEXT('2D SPACE',''
  ) );
#4659 = PCURVE('',#4660,#4665);
#4660 = PLANE('',#4661);
#4661 = AXIS2_PLACEMENT_3D('',#4662,#4663,#4664);
#4662 = CARTESIAN_POINT('',(457.2,57.15,0.));
#4663 = DIRECTION('',(1.110223024625E-16,-1.,0.));
#4664 = DIRECTION('',(-1.,-1.110223024625E-16,0.));
#4665 = DEFINITIONAL_REPRESENTATION('',(#4666),#4670);
#4666 = LINE('',#4667,#4668);
#4667 = CARTESIAN_POINT('',(457.2,0.));
#4668 = VECTOR('',#4669,1.);
#4669 = DIRECTION('',(0.,-1.));
#4670 = ( GEOMETRIC_REPRESENTATION_CONTEXT(2) 
PARAMETRIC_REPRESENTATION_CONTEXT() REPRESENTATION_CONTEXT('2D SPACE',''
  ) );
#4671 = ADVANCED_FACE('',(#4672,#5033,#5203,#5373,#5543),#4541,.F.);
#4672 = FACE_BOUND('',#4673,.F.);
#4673 = EDGE_LOOP('',(#4674,#4675,#4698,#4726,#4762,#4790,#4843,#4871,
    #4924,#4952,#4984,#5012));
#4674 = ORIENTED_EDGE('',*,*,#4514,.F.);
#4675 = ORIENTED_EDGE('',*,*,#4676,.T.);
#4676 = EDGE_CURVE('',#4515,#4677,#4679,.T.);
#4677 = VERTEX_POINT('',#4678);
#4678 = CARTESIAN_POINT('',(249.72533987072,0.,0.));
#4679 = SURFACE_CURVE('',#4680,(#4684,#4691),.PCURVE_S1.);
#4680 = LINE('',#4681,#4682);
#4681 = CARTESIAN_POINT('',(1.00892989728,0.,0.));
#4682 = VECTOR('',#4683,1.);
#4683 = DIRECTION('',(1.,1.110223024625E-16,0.));
#4684 = PCURVE('',#4541,#4685);
#4685 = DEFINITIONAL_REPRESENTATION('',(#4686),#4690);
#4686 = LINE('',#4687,#4688);
#4687 = CARTESIAN_POINT('',(27.850133547595,-237.144418399));
#4688 = VECTOR('',#4689,1.);
#4689 = DIRECTION('',(0.,1.));
#4690 = ( GEOMETRIC_REPRESENTATION_CONTEXT(2) 
PARAMETRIC_REPRESENTATION_CONTEXT() REPRESENTATION_CONTEXT('2D SPACE',''
  ) );
#4691 = PCURVE('',#4573,#4692);
#4692 = DEFINITIONAL_REPRESENTATION('',(#4693),#4697);
#4693 = LINE('',#4694,#4695);
#4694 = CARTESIAN_POINT('',(0.,0.));
#4695 = VECTOR('',#4696,1.);
#4696 = DIRECTION('',(1.,0.));
#4697 = ( GEOMETRIC_REPRESENTATION_CONTEXT(2) 
PARAMETRIC_REPRESENTATION_CONTEXT() REPRESENTATION_CONTEXT('2D SPACE',''
  ) );
#4698 = ORIENTED_EDGE('',*,*,#4699,.T.);
#4699 = EDGE_CURVE('',#4677,#4700,#4702,.T.);
#4700 = VERTEX_POINT('',#4701);
#4701 = CARTESIAN_POINT('',(249.72533987072,8.624678075187,
    -2.636779683485E-16));
#4702 = SURFACE_CURVE('',#4703,(#4707,#4714),.PCURVE_S1.);
#4703 = LINE('',#4704,#4705);
#4704 = CARTESIAN_POINT('',(249.72533987072,13.975529487974,0.));
#4705 = VECTOR('',#4706,1.);
#4706 = DIRECTION('',(0.,1.,0.));
#4707 = PCURVE('',#4541,#4708);
#4708 = DEFINITIONAL_REPRESENTATION('',(#4709),#4713);
#4709 = LINE('',#4710,#4711);
#4710 = CARTESIAN_POINT('',(13.874604059621,11.57199157439));
#4711 = VECTOR('',#4712,1.);
#4712 = DIRECTION('',(-1.,1.110223024625E-16));
#4713 = ( GEOMETRIC_REPRESENTATION_CONTEXT(2) 
PARAMETRIC_REPRESENTATION_CONTEXT() REPRESENTATION_CONTEXT('2D SPACE',''
  ) );
#4714 = PCURVE('',#4715,#4720);
#4715 = PLANE('',#4716);
#4716 = AXIS2_PLACEMENT_3D('',#4717,#4718,#4719);
#4717 = CARTESIAN_POINT('',(249.72533987072,-8.644611061566,
    6.38718655506));
#4718 = DIRECTION('',(1.,0.,0.));
#4719 = DIRECTION('',(-0.,0.,1.));
#4720 = DEFINITIONAL_REPRESENTATION('',(#4721),#4725);
#4721 = LINE('',#4722,#4723);
#4722 = CARTESIAN_POINT('',(-6.38718655506,-22.62014054954));
#4723 = VECTOR('',#4724,1.);
#4724 = DIRECTION('',(0.,-1.));
#4725 = ( GEOMETRIC_REPRESENTATION_CONTEXT(2) 
PARAMETRIC_REPRESENTATION_CONTEXT() REPRESENTATION_CONTEXT('2D SPACE',''
  ) );
#4726 = ORIENTED_EDGE('',*,*,#4727,.F.);
#4727 = EDGE_CURVE('',#4728,#4700,#4730,.T.);
#4728 = VERTEX_POINT('',#4729);
#4729 = CARTESIAN_POINT('',(249.68049521623,8.782558121491,
    -6.106226635438E-16));
#4730 = SURFACE_CURVE('',#4731,(#4736,#4747),.PCURVE_S1.);
#4731 = ELLIPSE('',#4732,0.30018286329,0.3);
#4732 = AXIS2_PLACEMENT_3D('',#4733,#4734,#4735);
#4733 = CARTESIAN_POINT('',(249.42533987072,8.624678075187,
    1.37227662929E-18));
#4734 = DIRECTION('',(0.,0.,-1.));
#4735 = DIRECTION('',(0.,1.,0.));
#4736 = PCURVE('',#4541,#4737);
#4737 = DEFINITIONAL_REPRESENTATION('',(#4738),#4746);
#4738 = ( BOUNDED_CURVE() B_SPLINE_CURVE(2,(#4739,#4740,#4741,#4742,
#4743,#4744,#4745),.UNSPECIFIED.,.T.,.F.) B_SPLINE_CURVE_WITH_KNOTS((1,2
    ,2,2,2,1),(-2.094395102393,0.,2.094395102393,4.188790204786,
6.28318530718,8.377580409573),.UNSPECIFIED.) CURVE() 
GEOMETRIC_REPRESENTATION_ITEM() RATIONAL_B_SPLINE_CURVE((1.,0.5,1.,0.5,
1.,0.5,1.)) REPRESENTATION_ITEM('') );
#4739 = CARTESIAN_POINT('',(18.925272609118,11.27199157439));
#4740 = CARTESIAN_POINT('',(18.925272609118,11.791606816661));
#4741 = CARTESIAN_POINT('',(19.375546904053,11.531799195526));
#4742 = CARTESIAN_POINT('',(19.825821198988,11.27199157439));
#4743 = CARTESIAN_POINT('',(19.375546904053,11.012183953255));
#4744 = CARTESIAN_POINT('',(18.925272609118,10.75237633212));
#4745 = CARTESIAN_POINT('',(18.925272609118,11.27199157439));
#4746 = ( GEOMETRIC_REPRESENTATION_CONTEXT(2) 
PARAMETRIC_REPRESENTATION_CONTEXT() REPRESENTATION_CONTEXT('2D SPACE',''
  ) );
#4747 = PCURVE('',#4748,#4753);
#4748 = CYLINDRICAL_SURFACE('',#4749,0.3);
#4749 = AXIS2_PLACEMENT_3D('',#4750,#4751,#4752);
#4750 = CARTESIAN_POINT('',(249.42533987072,8.625311339291,
    1.813431127244E-02));
#4751 = DIRECTION('',(0.,3.48994967025E-02,0.999390827019));
#4752 = DIRECTION('',(1.,0.,-0.));
#4753 = DEFINITIONAL_REPRESENTATION('',(#4754),#4761);
#4754 = B_SPLINE_CURVE_WITH_KNOTS('',5,(#4755,#4756,#4757,#4758,#4759,
    #4760),.UNSPECIFIED.,.F.,.F.,(6,6),(1.01696905776,1.570796326795),
  .PIECEWISE_BEZIER_KNOTS.);
#4755 = CARTESIAN_POINT('',(0.553827269035,-1.263543078279E-02));
#4756 = CARTESIAN_POINT('',(0.443061815228,-1.3622375456E-02));
#4757 = CARTESIAN_POINT('',(0.332296361421,-1.469381898232E-02));
#4758 = CARTESIAN_POINT('',(0.221530907614,-1.582455378258E-02));
#4759 = CARTESIAN_POINT('',(0.110765453807,-1.698496047448E-02));
#4760 = CARTESIAN_POINT('',(0.,-1.814536493849E-02));
#4761 = ( GEOMETRIC_REPRESENTATION_CONTEXT(2) 
PARAMETRIC_REPRESENTATION_CONTEXT() REPRESENTATION_CONTEXT('2D SPACE',''
  ) );
#4762 = ORIENTED_EDGE('',*,*,#4763,.T.);
#4763 = EDGE_CURVE('',#4728,#4764,#4766,.T.);
#4764 = VERTEX_POINT('',#4765);
#4765 = CARTESIAN_POINT('',(237.47533988805,1.731612510257,0.));
#4766 = SURFACE_CURVE('',#4767,(#4771,#4778),.PCURVE_S1.);
#4767 = LINE('',#4768,#4769);
#4768 = CARTESIAN_POINT('',(249.87093930563,8.892578099138,
    -6.106226635438E-16));
#4769 = VECTOR('',#4770,1.);
#4770 = DIRECTION('',(-0.865893403497,-0.50022856154,0.));
#4771 = PCURVE('',#4541,#4772);
#4772 = DEFINITIONAL_REPRESENTATION('',(#4773),#4777);
#4773 = LINE('',#4774,#4775);
#4774 = CARTESIAN_POINT('',(18.957555448457,11.7175910093));
#4775 = VECTOR('',#4776,1.);
#4776 = DIRECTION('',(0.50022856154,-0.865893403497));
#4777 = ( GEOMETRIC_REPRESENTATION_CONTEXT(2) 
PARAMETRIC_REPRESENTATION_CONTEXT() REPRESENTATION_CONTEXT('2D SPACE',''
  ) );
#4778 = PCURVE('',#4779,#4784);
#4779 = CYLINDRICAL_SURFACE('',#4780,0.3);
#4780 = AXIS2_PLACEMENT_3D('',#4781,#4782,#4783);
#4781 = CARTESIAN_POINT('',(249.87093930563,8.892578099138,0.3));
#4782 = DIRECTION('',(-0.865893403497,-0.50022856154,0.));
#4783 = DIRECTION('',(-0.,0.,-1.));
#4784 = DEFINITIONAL_REPRESENTATION('',(#4785),#4789);
#4785 = LINE('',#4786,#4787);
#4786 = CARTESIAN_POINT('',(6.28318530718,0.));
#4787 = VECTOR('',#4788,1.);
#4788 = DIRECTION('',(-0.,1.));
#4789 = ( GEOMETRIC_REPRESENTATION_CONTEXT(2) 
PARAMETRIC_REPRESENTATION_CONTEXT() REPRESENTATION_CONTEXT('2D SPACE',''
  ) );
#4790 = ORIENTED_EDGE('',*,*,#4791,.F.);
#4791 = EDGE_CURVE('',#4792,#4764,#4794,.T.);
#4792 = VERTEX_POINT('',#4793);
#4793 = CARTESIAN_POINT('',(236.72533987072,2.164889142559,0.));
#4794 = SURFACE_CURVE('',#4795,(#4803,#4814),.PCURVE_S1.);
#4795 = B_SPLINE_CURVE_WITH_KNOTS('',6,(#4796,#4797,#4798,#4799,#4800,
    #4801,#4802),.UNSPECIFIED.,.F.,.F.,(7,7),(0.,2.09465904264),
  .PIECEWISE_BEZIER_KNOTS.);
#4796 = CARTESIAN_POINT('',(236.72533987072,2.164889142559,0.));
#4797 = CARTESIAN_POINT('',(236.72533987072,1.99044065373,0.));
#4798 = CARTESIAN_POINT('',(236.79821355403,1.816080292753,
    2.775557561563E-17));
#4799 = CARTESIAN_POINT('',(236.94444567397,1.679253886188,
    -2.775557561563E-17));
#4800 = CARTESIAN_POINT('',(237.13627968861,1.620200527776,
    8.326672684689E-17));
#4801 = CARTESIAN_POINT('',(237.32407875208,1.644228612704,
    -5.551115123126E-17));
#4802 = CARTESIAN_POINT('',(237.47533988805,1.731612510257,0.));
#4803 = PCURVE('',#4541,#4804);
#4804 = DEFINITIONAL_REPRESENTATION('',(#4805),#4813);
#4805 = B_SPLINE_CURVE_WITH_KNOTS('',6,(#4806,#4807,#4808,#4809,#4810,
    #4811,#4812),.UNSPECIFIED.,.F.,.F.,(7,7),(0.,2.09465904264),
  .PIECEWISE_BEZIER_KNOTS.);
#4806 = CARTESIAN_POINT('',(25.685244405036,-1.42800842561));
#4807 = CARTESIAN_POINT('',(25.859692893865,-1.42800842561));
#4808 = CARTESIAN_POINT('',(26.034053254842,-1.3551347423));
#4809 = CARTESIAN_POINT('',(26.170879661407,-1.20890262236));
#4810 = CARTESIAN_POINT('',(26.229933019819,-1.01706860772));
#4811 = CARTESIAN_POINT('',(26.205904934891,-0.82926954425));
#4812 = CARTESIAN_POINT('',(26.118521037338,-0.67800840828));
#4813 = ( GEOMETRIC_REPRESENTATION_CONTEXT(2) 
PARAMETRIC_REPRESENTATION_CONTEXT() REPRESENTATION_CONTEXT('2D SPACE',''
  ) );
#4814 = PCURVE('',#4815,#4837);
#4815 = ( BOUNDED_SURFACE() B_SPLINE_SURFACE(2,6,(
    (#4816,#4817,#4818,#4819,#4820,#4821,#4822)
    ,(#4823,#4824,#4825,#4826,#4827,#4828,#4829)
    ,(#4830,#4831,#4832,#4833,#4834,#4835,#4836
)),.UNSPECIFIED.,.F.,.F.,.F.) B_SPLINE_SURFACE_WITH_KNOTS((3,3),(7,7),(
    0.,2.09465904264),(0.,2.09465904264),.PIECEWISE_BEZIER_KNOTS.) 
GEOMETRIC_REPRESENTATION_ITEM() RATIONAL_B_SPLINE_SURFACE((
    (1.,1.,1.,1.,1.,1.,1.)
    ,(0.707106781187,0.711397365029,0.715653893219,0.718972705005
      ,0.720417185422,0.719839159044,0.717712982335)
,(1.,1.,1.,1.,1.,1.,1.))) REPRESENTATION_ITEM('') SURFACE() );
#4816 = CARTESIAN_POINT('',(236.72533987072,2.164889142559,0.));
#4817 = CARTESIAN_POINT('',(236.72533987072,1.99044065373,0.));
#4818 = CARTESIAN_POINT('',(236.79821355403,1.816080292753,
    2.775557561563E-17));
#4819 = CARTESIAN_POINT('',(236.94444567397,1.679253886188,
    -2.775557561563E-17));
#4820 = CARTESIAN_POINT('',(237.13627968861,1.620200527776,
    8.326672684689E-17));
#4821 = CARTESIAN_POINT('',(237.32407875208,1.644228612704,
    -5.551115123126E-17));
#4822 = CARTESIAN_POINT('',(237.47533988805,1.731612510257,0.));
#4823 = CARTESIAN_POINT('',(237.02533987072,2.164889142559,
    -1.110223024625E-16));
#4824 = CARTESIAN_POINT('',(237.0217211473,2.095594074604,
    -1.942890293094E-16));
#4825 = CARTESIAN_POINT('',(237.0468055423,2.023316619607,
    8.326672684689E-16));
#4826 = CARTESIAN_POINT('',(237.10443217416,1.961234364046,
    -8.326672684689E-16));
#4827 = CARTESIAN_POINT('',(237.18792433358,1.934148406138,
    5.551115123126E-16));
#4828 = CARTESIAN_POINT('',(237.26753996566,1.945663500946,0.));
#4829 = CARTESIAN_POINT('',(237.32974045313,1.983644481119,0.));
#4830 = CARTESIAN_POINT('',(237.02533987072,2.164889142559,0.3));
#4831 = CARTESIAN_POINT('',(237.02533987072,2.095173605862,
    0.296359318883));
#4832 = CARTESIAN_POINT('',(237.05434207072,2.025522371083,
    0.292722005996));
#4833 = CARTESIAN_POINT('',(237.11243568023,1.970505388254,
    0.289848789175));
#4834 = CARTESIAN_POINT('',(237.18945730715,1.946524024714,
    0.288596555463));
#4835 = CARTESIAN_POINT('',(237.26475258189,1.956196494669,0.28910166344
    ));
#4836 = CARTESIAN_POINT('',(237.32533987765,1.991261857608,
    0.290932844992));
#4837 = DEFINITIONAL_REPRESENTATION('',(#4838),#4842);
#4838 = LINE('',#4839,#4840);
#4839 = CARTESIAN_POINT('',(0.,0.));
#4840 = VECTOR('',#4841,1.);
#4841 = DIRECTION('',(0.,1.));
#4842 = ( GEOMETRIC_REPRESENTATION_CONTEXT(2) 
PARAMETRIC_REPRESENTATION_CONTEXT() REPRESENTATION_CONTEXT('2D SPACE',''
  ) );
#4843 = ORIENTED_EDGE('',*,*,#4844,.T.);
#4844 = EDGE_CURVE('',#4792,#4845,#4847,.T.);
#4845 = VERTEX_POINT('',#4846);
#4846 = CARTESIAN_POINT('',(236.72533987072,54.985110857441,0.));
#4847 = SURFACE_CURVE('',#4848,(#4852,#4859),.PCURVE_S1.);
#4848 = LINE('',#4849,#4850);
#4849 = CARTESIAN_POINT('',(236.72533987072,1.807791581836,
    -5.551115123126E-17));
#4850 = VECTOR('',#4851,1.);
#4851 = DIRECTION('',(0.,1.,0.));
#4852 = PCURVE('',#4541,#4853);
#4853 = DEFINITIONAL_REPRESENTATION('',(#4854),#4858);
#4854 = LINE('',#4855,#4856);
#4855 = CARTESIAN_POINT('',(26.042341965759,-1.42800842561));
#4856 = VECTOR('',#4857,1.);
#4857 = DIRECTION('',(-1.,1.110223024625E-16));
#4858 = ( GEOMETRIC_REPRESENTATION_CONTEXT(2) 
PARAMETRIC_REPRESENTATION_CONTEXT() REPRESENTATION_CONTEXT('2D SPACE',''
  ) );
#4859 = PCURVE('',#4860,#4865);
#4860 = CYLINDRICAL_SURFACE('',#4861,0.3);
#4861 = AXIS2_PLACEMENT_3D('',#4862,#4863,#4864);
#4862 = CARTESIAN_POINT('',(236.72533987072,1.807791581836,0.3));
#4863 = DIRECTION('',(0.,1.,0.));
#4864 = DIRECTION('',(0.,0.,-1.));
#4865 = DEFINITIONAL_REPRESENTATION('',(#4866),#4870);
#4866 = LINE('',#4867,#4868);
#4867 = CARTESIAN_POINT('',(6.28318530718,0.));
#4868 = VECTOR('',#4869,1.);
#4869 = DIRECTION('',(-0.,1.));
#4870 = ( GEOMETRIC_REPRESENTATION_CONTEXT(2) 
PARAMETRIC_REPRESENTATION_CONTEXT() REPRESENTATION_CONTEXT('2D SPACE',''
  ) );
#4871 = ORIENTED_EDGE('',*,*,#4872,.F.);
#4872 = EDGE_CURVE('',#4873,#4845,#4875,.T.);
#4873 = VERTEX_POINT('',#4874);
#4874 = CARTESIAN_POINT('',(237.47533988805,55.418387489743,0.));
#4875 = SURFACE_CURVE('',#4876,(#4884,#4895),.PCURVE_S1.);
#4876 = B_SPLINE_CURVE_WITH_KNOTS('',6,(#4877,#4878,#4879,#4880,#4881,
    #4882,#4883),.UNSPECIFIED.,.F.,.F.,(7,7),(4.575796127198E-14,
    2.09465904264),.PIECEWISE_BEZIER_KNOTS.);
#4877 = CARTESIAN_POINT('',(237.47533988805,55.418387489743,0.));
#4878 = CARTESIAN_POINT('',(237.32407875208,55.505771387296,
    -5.551115123126E-17));
#4879 = CARTESIAN_POINT('',(237.13627968861,55.529799472224,
    1.665334536938E-16));
#4880 = CARTESIAN_POINT('',(236.94444567397,55.470746113812,
    -2.498001805407E-16));
#4881 = CARTESIAN_POINT('',(236.79821355403,55.333919707247,
    1.110223024625E-16));
#4882 = CARTESIAN_POINT('',(236.72533987072,55.15955934627,
    -2.775557561563E-17));
#4883 = CARTESIAN_POINT('',(236.72533987072,54.985110857441,0.));
#4884 = PCURVE('',#4541,#4885);
#4885 = DEFINITIONAL_REPRESENTATION('',(#4886),#4894);
#4886 = B_SPLINE_CURVE_WITH_KNOTS('',6,(#4887,#4888,#4889,#4890,#4891,
    #4892,#4893),.UNSPECIFIED.,.F.,.F.,(7,7),(4.575796127198E-14,
    2.09465904264),.PIECEWISE_BEZIER_KNOTS.);
#4887 = CARTESIAN_POINT('',(-27.56825394214,-0.67800840828));
#4888 = CARTESIAN_POINT('',(-27.6556378397,-0.82926954425));
#4889 = CARTESIAN_POINT('',(-27.67966592462,-1.01706860772));
#4890 = CARTESIAN_POINT('',(-27.62061256621,-1.20890262236));
#4891 = CARTESIAN_POINT('',(-27.48378615965,-1.3551347423));
#4892 = CARTESIAN_POINT('',(-27.30942579867,-1.42800842561));
#4893 = CARTESIAN_POINT('',(-27.13497730984,-1.42800842561));
#4894 = ( GEOMETRIC_REPRESENTATION_CONTEXT(2) 
PARAMETRIC_REPRESENTATION_CONTEXT() REPRESENTATION_CONTEXT('2D SPACE',''
  ) );
#4895 = PCURVE('',#4896,#4918);
#4896 = ( BOUNDED_SURFACE() B_SPLINE_SURFACE(2,6,(
    (#4897,#4898,#4899,#4900,#4901,#4902,#4903)
    ,(#4904,#4905,#4906,#4907,#4908,#4909,#4910)
    ,(#4911,#4912,#4913,#4914,#4915,#4916,#4917
)),.UNSPECIFIED.,.F.,.F.,.F.) B_SPLINE_SURFACE_WITH_KNOTS((3,3),(7,7),(
    0.,2.09465904264),(4.575796127198E-14,2.09465904264),
.PIECEWISE_BEZIER_KNOTS.) GEOMETRIC_REPRESENTATION_ITEM() 
RATIONAL_B_SPLINE_SURFACE((
    (1.,1.,1.,1.,1.,1.,1.)
    ,(0.717712982335,0.719839159044,0.720417185422,0.718972705005
      ,0.715653893219,0.711397365029,0.707106781187)
,(1.,1.,1.,1.,1.,1.,1.))) REPRESENTATION_ITEM('') SURFACE() );
#4897 = CARTESIAN_POINT('',(237.47533988805,55.418387489743,0.));
#4898 = CARTESIAN_POINT('',(237.32407875208,55.505771387296,
    -5.551115123126E-17));
#4899 = CARTESIAN_POINT('',(237.13627968861,55.529799472224,
    1.665334536938E-16));
#4900 = CARTESIAN_POINT('',(236.94444567397,55.470746113812,
    -2.498001805407E-16));
#4901 = CARTESIAN_POINT('',(236.79821355403,55.333919707247,
    1.110223024625E-16));
#4902 = CARTESIAN_POINT('',(236.72533987072,55.15955934627,
    -2.775557561563E-17));
#4903 = CARTESIAN_POINT('',(236.72533987072,54.985110857441,0.));
#4904 = CARTESIAN_POINT('',(237.32974045313,55.166355518881,
    -8.326672684689E-17));
#4905 = CARTESIAN_POINT('',(237.26753996566,55.204336499054,
    1.942890293094E-16));
#4906 = CARTESIAN_POINT('',(237.18792433358,55.215851593862,
    -6.383782391595E-16));
#4907 = CARTESIAN_POINT('',(237.10443217416,55.188765635954,
    3.608224830032E-16));
#4908 = CARTESIAN_POINT('',(237.0468055423,55.126683380393,
    -3.330669073875E-16));
#4909 = CARTESIAN_POINT('',(237.0217211473,55.054405925396,
    2.498001805407E-16));
#4910 = CARTESIAN_POINT('',(237.02533987072,54.985110857441,
    2.775557561563E-17));
#4911 = CARTESIAN_POINT('',(237.32533987765,55.158738142392,
    0.290932844992));
#4912 = CARTESIAN_POINT('',(237.26475258189,55.193803505331,
    0.28910166344));
#4913 = CARTESIAN_POINT('',(237.18945730715,55.203475975286,
    0.288596555463));
#4914 = CARTESIAN_POINT('',(237.11243568023,55.179494611746,
    0.289848789175));
#4915 = CARTESIAN_POINT('',(237.05434207072,55.124477628917,
    0.292722005996));
#4916 = CARTESIAN_POINT('',(237.02533987072,55.054826394138,
    0.296359318883));
#4917 = CARTESIAN_POINT('',(237.02533987072,54.985110857441,0.3));
#4918 = DEFINITIONAL_REPRESENTATION('',(#4919),#4923);
#4919 = LINE('',#4920,#4921);
#4920 = CARTESIAN_POINT('',(0.,0.));
#4921 = VECTOR('',#4922,1.);
#4922 = DIRECTION('',(0.,1.));
#4923 = ( GEOMETRIC_REPRESENTATION_CONTEXT(2) 
PARAMETRIC_REPRESENTATION_CONTEXT() REPRESENTATION_CONTEXT('2D SPACE',''
  ) );
#4924 = ORIENTED_EDGE('',*,*,#4925,.T.);
#4925 = EDGE_CURVE('',#4873,#4926,#4928,.T.);
#4926 = VERTEX_POINT('',#4927);
#4927 = CARTESIAN_POINT('',(249.68049521624,48.3674418785,
    -2.22044604925E-16));
#4928 = SURFACE_CURVE('',#4929,(#4933,#4940),.PCURVE_S1.);
#4929 = LINE('',#4930,#4931);
#4930 = CARTESIAN_POINT('',(237.17093930563,55.594240389026,
    -2.22044604925E-16));
#4931 = VECTOR('',#4932,1.);
#4932 = DIRECTION('',(0.865893403497,-0.50022856154,0.));
#4933 = PCURVE('',#4541,#4934);
#4934 = DEFINITIONAL_REPRESENTATION('',(#4935),#4939);
#4935 = LINE('',#4936,#4937);
#4936 = CARTESIAN_POINT('',(-27.74410684143,-0.9824089907));
#4937 = VECTOR('',#4938,1.);
#4938 = DIRECTION('',(0.50022856154,0.865893403497));
#4939 = ( GEOMETRIC_REPRESENTATION_CONTEXT(2) 
PARAMETRIC_REPRESENTATION_CONTEXT() REPRESENTATION_CONTEXT('2D SPACE',''
  ) );
#4940 = PCURVE('',#4941,#4946);
#4941 = CYLINDRICAL_SURFACE('',#4942,0.3);
#4942 = AXIS2_PLACEMENT_3D('',#4943,#4944,#4945);
#4943 = CARTESIAN_POINT('',(237.17093930563,55.594240389026,0.3));
#4944 = DIRECTION('',(0.865893403497,-0.50022856154,0.));
#4945 = DIRECTION('',(0.,-0.,-1.));
#4946 = DEFINITIONAL_REPRESENTATION('',(#4947),#4951);
#4947 = LINE('',#4948,#4949);
#4948 = CARTESIAN_POINT('',(6.28318530718,0.));
#4949 = VECTOR('',#4950,1.);
#4950 = DIRECTION('',(-0.,1.));
#4951 = ( GEOMETRIC_REPRESENTATION_CONTEXT(2) 
PARAMETRIC_REPRESENTATION_CONTEXT() REPRESENTATION_CONTEXT('2D SPACE',''
  ) );
#4952 = ORIENTED_EDGE('',*,*,#4953,.T.);
#4953 = EDGE_CURVE('',#4926,#4954,#4956,.T.);
#4954 = VERTEX_POINT('',#4955);
#4955 = CARTESIAN_POINT('',(249.72533987072,48.525321924813,
    -9.367506770275E-17));
#4956 = SURFACE_CURVE('',#4957,(#4962,#4969),.PCURVE_S1.);
#4957 = ELLIPSE('',#4958,0.30018286329,0.3);
#4958 = AXIS2_PLACEMENT_3D('',#4959,#4960,#4961);
#4959 = CARTESIAN_POINT('',(249.42533987072,48.525321924813,
    9.34783507535E-19));
#4960 = DIRECTION('',(0.,0.,1.));
#4961 = DIRECTION('',(0.,-1.,0.));
#4962 = PCURVE('',#4541,#4963);
#4963 = DEFINITIONAL_REPRESENTATION('',(#4964),#4968);
#4964 = ELLIPSE('',#4965,0.30018286329,0.3);
#4965 = AXIS2_PLACEMENT_2D('',#4966,#4967);
#4966 = CARTESIAN_POINT('',(-20.67518837721,11.27199157439));
#4967 = DIRECTION('',(1.,-1.110223024625E-16));
#4968 = ( GEOMETRIC_REPRESENTATION_CONTEXT(2) 
PARAMETRIC_REPRESENTATION_CONTEXT() REPRESENTATION_CONTEXT('2D SPACE',''
  ) );
#4969 = PCURVE('',#4970,#4975);
#4970 = CYLINDRICAL_SURFACE('',#4971,0.3);
#4971 = AXIS2_PLACEMENT_3D('',#4972,#4973,#4974);
#4972 = CARTESIAN_POINT('',(249.42533987072,48.524688660709,
    1.813431127244E-02));
#4973 = DIRECTION('',(0.,-3.48994967025E-02,0.999390827019));
#4974 = DIRECTION('',(1.,0.,0.));
#4975 = DEFINITIONAL_REPRESENTATION('',(#4976),#4983);
#4976 = B_SPLINE_CURVE_WITH_KNOTS('',5,(#4977,#4978,#4979,#4980,#4981,
    #4982),.UNSPECIFIED.,.F.,.F.,(6,6),(1.016969057761,1.570796326795),
  .PIECEWISE_BEZIER_KNOTS.);
#4977 = CARTESIAN_POINT('',(5.729358038146,-1.26354307828E-02));
#4978 = CARTESIAN_POINT('',(5.840123491953,-1.362237545602E-02));
#4979 = CARTESIAN_POINT('',(5.95088894576,-1.469381898233E-02));
#4980 = CARTESIAN_POINT('',(6.061654399566,-1.582455378259E-02));
#4981 = CARTESIAN_POINT('',(6.172419853373,-1.698496047448E-02));
#4982 = CARTESIAN_POINT('',(6.28318530718,-1.814536493849E-02));
#4983 = ( GEOMETRIC_REPRESENTATION_CONTEXT(2) 
PARAMETRIC_REPRESENTATION_CONTEXT() REPRESENTATION_CONTEXT('2D SPACE',''
  ) );
#4984 = ORIENTED_EDGE('',*,*,#4985,.T.);
#4985 = EDGE_CURVE('',#4954,#4986,#4988,.T.);
#4986 = VERTEX_POINT('',#4987);
#4987 = CARTESIAN_POINT('',(249.72533987072,57.15,0.));
#4988 = SURFACE_CURVE('',#4989,(#4993,#5000),.PCURVE_S1.);
#4989 = LINE('',#4990,#4991);
#4990 = CARTESIAN_POINT('',(249.72533987072,76.077610934539,0.));
#4991 = VECTOR('',#4992,1.);
#4992 = DIRECTION('',(0.,1.,0.));
#4993 = PCURVE('',#4541,#4994);
#4994 = DEFINITIONAL_REPRESENTATION('',(#4995),#4999);
#4995 = LINE('',#4996,#4997);
#4996 = CARTESIAN_POINT('',(-48.22747738694,11.57199157439));
#4997 = VECTOR('',#4998,1.);
#4998 = DIRECTION('',(-1.,1.110223024625E-16));
#4999 = ( GEOMETRIC_REPRESENTATION_CONTEXT(2) 
PARAMETRIC_REPRESENTATION_CONTEXT() REPRESENTATION_CONTEXT('2D SPACE',''
  ) );
#5000 = PCURVE('',#5001,#5006);
#5001 = PLANE('',#5002);
#5002 = AXIS2_PLACEMENT_3D('',#5003,#5004,#5005);
#5003 = CARTESIAN_POINT('',(249.72533987072,115.55955183156,
    6.362554888218));
#5004 = DIRECTION('',(1.,0.,0.));
#5005 = DIRECTION('',(-0.,0.,1.));
#5006 = DEFINITIONAL_REPRESENTATION('',(#5007),#5011);
#5007 = LINE('',#5008,#5009);
#5008 = CARTESIAN_POINT('',(-6.362554888218,39.481940897021));
#5009 = VECTOR('',#5010,1.);
#5010 = DIRECTION('',(0.,-1.));
#5011 = ( GEOMETRIC_REPRESENTATION_CONTEXT(2) 
PARAMETRIC_REPRESENTATION_CONTEXT() REPRESENTATION_CONTEXT('2D SPACE',''
  ) );
#5012 = ORIENTED_EDGE('',*,*,#5013,.T.);
#5013 = EDGE_CURVE('',#4986,#4517,#5014,.T.);
#5014 = SURFACE_CURVE('',#5015,(#5019,#5026),.PCURVE_S1.);
#5015 = LINE('',#5016,#5017);
#5016 = CARTESIAN_POINT('',(457.2,57.15,0.));
#5017 = VECTOR('',#5018,1.);
#5018 = DIRECTION('',(-1.,-1.110223024625E-16,0.));
#5019 = PCURVE('',#4541,#5020);
#5020 = DEFINITIONAL_REPRESENTATION('',(#5021),#5025);
#5021 = LINE('',#5022,#5023);
#5022 = CARTESIAN_POINT('',(-29.2998664524,219.04665170367));
#5023 = VECTOR('',#5024,1.);
#5024 = DIRECTION('',(0.,-1.));
#5025 = ( GEOMETRIC_REPRESENTATION_CONTEXT(2) 
PARAMETRIC_REPRESENTATION_CONTEXT() REPRESENTATION_CONTEXT('2D SPACE',''
  ) );
#5026 = PCURVE('',#4660,#5027);
#5027 = DEFINITIONAL_REPRESENTATION('',(#5028),#5032);
#5028 = LINE('',#5029,#5030);
#5029 = CARTESIAN_POINT('',(0.,0.));
#5030 = VECTOR('',#5031,1.);
#5031 = DIRECTION('',(1.,0.));
#5032 = ( GEOMETRIC_REPRESENTATION_CONTEXT(2) 
PARAMETRIC_REPRESENTATION_CONTEXT() REPRESENTATION_CONTEXT('2D SPACE',''
  ) );
#5033 = FACE_BOUND('',#5034,.F.);
#5034 = EDGE_LOOP('',(#5035,#5065,#5093,#5121,#5149,#5177));
#5035 = ORIENTED_EDGE('',*,*,#5036,.F.);
#5036 = EDGE_CURVE('',#5037,#5039,#5041,.T.);
#5037 = VERTEX_POINT('',#5038);
#5038 = CARTESIAN_POINT('',(61.2,14.025773216421,0.));
#5039 = VERTEX_POINT('',#5040);
#5040 = CARTESIAN_POINT('',(73.8,21.300386608211,0.));
#5041 = SURFACE_CURVE('',#5042,(#5046,#5053),.PCURVE_S1.);
#5042 = LINE('',#5043,#5044);
#5043 = CARTESIAN_POINT('',(61.2,14.025773216421,0.));
#5044 = VECTOR('',#5045,1.);
#5045 = DIRECTION('',(0.866025403784,0.5,0.));
#5046 = PCURVE('',#4541,#5047);
#5047 = DEFINITIONAL_REPRESENTATION('',(#5048),#5052);
#5048 = LINE('',#5049,#5050);
#5049 = CARTESIAN_POINT('',(13.824360331174,-176.9533482963));
#5050 = VECTOR('',#5051,1.);
#5051 = DIRECTION('',(-0.5,0.866025403784));
#5052 = ( GEOMETRIC_REPRESENTATION_CONTEXT(2) 
PARAMETRIC_REPRESENTATION_CONTEXT() REPRESENTATION_CONTEXT('2D SPACE',''
  ) );
#5053 = PCURVE('',#5054,#5059);
#5054 = PLANE('',#5055);
#5055 = AXIS2_PLACEMENT_3D('',#5056,#5057,#5058);
#5056 = CARTESIAN_POINT('',(61.2,14.025773216421,0.));
#5057 = DIRECTION('',(-0.5,0.866025403784,0.));
#5058 = DIRECTION('',(0.866025403784,0.5,0.));
#5059 = DEFINITIONAL_REPRESENTATION('',(#5060),#5064);
#5060 = LINE('',#5061,#5062);
#5061 = CARTESIAN_POINT('',(0.,0.));
#5062 = VECTOR('',#5063,1.);
#5063 = DIRECTION('',(1.,0.));
#5064 = ( GEOMETRIC_REPRESENTATION_CONTEXT(2) 
PARAMETRIC_REPRESENTATION_CONTEXT() REPRESENTATION_CONTEXT('2D SPACE',''
  ) );
#5065 = ORIENTED_EDGE('',*,*,#5066,.F.);
#5066 = EDGE_CURVE('',#5067,#5037,#5069,.T.);
#5067 = VERTEX_POINT('',#5068);
#5068 = CARTESIAN_POINT('',(48.6,21.300386608211,0.));
#5069 = SURFACE_CURVE('',#5070,(#5074,#5081),.PCURVE_S1.);
#5070 = LINE('',#5071,#5072);
#5071 = CARTESIAN_POINT('',(48.6,21.300386608211,0.));
#5072 = VECTOR('',#5073,1.);
#5073 = DIRECTION('',(0.866025403784,-0.5,0.));
#5074 = PCURVE('',#4541,#5075);
#5075 = DEFINITIONAL_REPRESENTATION('',(#5076),#5080);
#5076 = LINE('',#5077,#5078);
#5077 = CARTESIAN_POINT('',(6.549746939384,-189.5533482963));
#5078 = VECTOR('',#5079,1.);
#5079 = DIRECTION('',(0.5,0.866025403784));
#5080 = ( GEOMETRIC_REPRESENTATION_CONTEXT(2) 
PARAMETRIC_REPRESENTATION_CONTEXT() REPRESENTATION_CONTEXT('2D SPACE',''
  ) );
#5081 = PCURVE('',#5082,#5087);
#5082 = PLANE('',#5083);
#5083 = AXIS2_PLACEMENT_3D('',#5084,#5085,#5086);
#5084 = CARTESIAN_POINT('',(48.6,21.300386608211,0.));
#5085 = DIRECTION('',(0.5,0.866025403784,0.));
#5086 = DIRECTION('',(0.866025403784,-0.5,0.));
#5087 = DEFINITIONAL_REPRESENTATION('',(#5088),#5092);
#5088 = LINE('',#5089,#5090);
#5089 = CARTESIAN_POINT('',(0.,0.));
#5090 = VECTOR('',#5091,1.);
#5091 = DIRECTION('',(1.,0.));
#5092 = ( GEOMETRIC_REPRESENTATION_CONTEXT(2) 
PARAMETRIC_REPRESENTATION_CONTEXT() REPRESENTATION_CONTEXT('2D SPACE',''
  ) );
#5093 = ORIENTED_EDGE('',*,*,#5094,.F.);
#5094 = EDGE_CURVE('',#5095,#5067,#5097,.T.);
#5095 = VERTEX_POINT('',#5096);
#5096 = CARTESIAN_POINT('',(48.6,35.849613391789,0.));
#5097 = SURFACE_CURVE('',#5098,(#5102,#5109),.PCURVE_S1.);
#5098 = LINE('',#5099,#5100);
#5099 = CARTESIAN_POINT('',(48.6,35.849613391789,0.));
#5100 = VECTOR('',#5101,1.);
#5101 = DIRECTION('',(1.110223024625E-16,-1.,0.));
#5102 = PCURVE('',#4541,#5103);
#5103 = DEFINITIONAL_REPRESENTATION('',(#5104),#5108);
#5104 = LINE('',#5105,#5106);
#5105 = CARTESIAN_POINT('',(-7.999479844194,-189.5533482963));
#5106 = VECTOR('',#5107,1.);
#5107 = DIRECTION('',(1.,0.));
#5108 = ( GEOMETRIC_REPRESENTATION_CONTEXT(2) 
PARAMETRIC_REPRESENTATION_CONTEXT() REPRESENTATION_CONTEXT('2D SPACE',''
  ) );
#5109 = PCURVE('',#5110,#5115);
#5110 = PLANE('',#5111);
#5111 = AXIS2_PLACEMENT_3D('',#5112,#5113,#5114);
#5112 = CARTESIAN_POINT('',(48.6,35.849613391789,0.));
#5113 = DIRECTION('',(1.,1.110223024625E-16,0.));
#5114 = DIRECTION('',(1.110223024625E-16,-1.,0.));
#5115 = DEFINITIONAL_REPRESENTATION('',(#5116),#5120);
#5116 = LINE('',#5117,#5118);
#5117 = CARTESIAN_POINT('',(0.,0.));
#5118 = VECTOR('',#5119,1.);
#5119 = DIRECTION('',(1.,0.));
#5120 = ( GEOMETRIC_REPRESENTATION_CONTEXT(2) 
PARAMETRIC_REPRESENTATION_CONTEXT() REPRESENTATION_CONTEXT('2D SPACE',''
  ) );
#5121 = ORIENTED_EDGE('',*,*,#5122,.F.);
#5122 = EDGE_CURVE('',#5123,#5095,#5125,.T.);
#5123 = VERTEX_POINT('',#5124);
#5124 = CARTESIAN_POINT('',(61.2,43.124226783579,0.));
#5125 = SURFACE_CURVE('',#5126,(#5130,#5137),.PCURVE_S1.);
#5126 = LINE('',#5127,#5128);
#5127 = CARTESIAN_POINT('',(61.2,43.124226783579,0.));
#5128 = VECTOR('',#5129,1.);
#5129 = DIRECTION('',(-0.866025403784,-0.5,0.));
#5130 = PCURVE('',#4541,#5131);
#5131 = DEFINITIONAL_REPRESENTATION('',(#5132),#5136);
#5132 = LINE('',#5133,#5134);
#5133 = CARTESIAN_POINT('',(-15.27409323598,-176.9533482963));
#5134 = VECTOR('',#5135,1.);
#5135 = DIRECTION('',(0.5,-0.866025403784));
#5136 = ( GEOMETRIC_REPRESENTATION_CONTEXT(2) 
PARAMETRIC_REPRESENTATION_CONTEXT() REPRESENTATION_CONTEXT('2D SPACE',''
  ) );
#5137 = PCURVE('',#5138,#5143);
#5138 = PLANE('',#5139);
#5139 = AXIS2_PLACEMENT_3D('',#5140,#5141,#5142);
#5140 = CARTESIAN_POINT('',(61.2,43.124226783579,0.));
#5141 = DIRECTION('',(0.5,-0.866025403784,0.));
#5142 = DIRECTION('',(-0.866025403784,-0.5,0.));
#5143 = DEFINITIONAL_REPRESENTATION('',(#5144),#5148);
#5144 = LINE('',#5145,#5146);
#5145 = CARTESIAN_POINT('',(0.,0.));
#5146 = VECTOR('',#5147,1.);
#5147 = DIRECTION('',(1.,0.));
#5148 = ( GEOMETRIC_REPRESENTATION_CONTEXT(2) 
PARAMETRIC_REPRESENTATION_CONTEXT() REPRESENTATION_CONTEXT('2D SPACE',''
  ) );
#5149 = ORIENTED_EDGE('',*,*,#5150,.F.);
#5150 = EDGE_CURVE('',#5151,#5123,#5153,.T.);
#5151 = VERTEX_POINT('',#5152);
#5152 = CARTESIAN_POINT('',(73.8,35.849613391789,0.));
#5153 = SURFACE_CURVE('',#5154,(#5158,#5165),.PCURVE_S1.);
#5154 = LINE('',#5155,#5156);
#5155 = CARTESIAN_POINT('',(73.8,35.849613391789,0.));
#5156 = VECTOR('',#5157,1.);
#5157 = DIRECTION('',(-0.866025403784,0.5,0.));
#5158 = PCURVE('',#4541,#5159);
#5159 = DEFINITIONAL_REPRESENTATION('',(#5160),#5164);
#5160 = LINE('',#5161,#5162);
#5161 = CARTESIAN_POINT('',(-7.999479844194,-164.3533482963));
#5162 = VECTOR('',#5163,1.);
#5163 = DIRECTION('',(-0.5,-0.866025403784));
#5164 = ( GEOMETRIC_REPRESENTATION_CONTEXT(2) 
PARAMETRIC_REPRESENTATION_CONTEXT() REPRESENTATION_CONTEXT('2D SPACE',''
  ) );
#5165 = PCURVE('',#5166,#5171);
#5166 = PLANE('',#5167);
#5167 = AXIS2_PLACEMENT_3D('',#5168,#5169,#5170);
#5168 = CARTESIAN_POINT('',(73.8,35.849613391789,0.));
#5169 = DIRECTION('',(-0.5,-0.866025403784,0.));
#5170 = DIRECTION('',(-0.866025403784,0.5,0.));
#5171 = DEFINITIONAL_REPRESENTATION('',(#5172),#5176);
#5172 = LINE('',#5173,#5174);
#5173 = CARTESIAN_POINT('',(0.,0.));
#5174 = VECTOR('',#5175,1.);
#5175 = DIRECTION('',(1.,-0.));
#5176 = ( GEOMETRIC_REPRESENTATION_CONTEXT(2) 
PARAMETRIC_REPRESENTATION_CONTEXT() REPRESENTATION_CONTEXT('2D SPACE',''
  ) );
#5177 = ORIENTED_EDGE('',*,*,#5178,.F.);
#5178 = EDGE_CURVE('',#5039,#5151,#5179,.T.);
#5179 = SURFACE_CURVE('',#5180,(#5184,#5191),.PCURVE_S1.);
#5180 = LINE('',#5181,#5182);
#5181 = CARTESIAN_POINT('',(73.8,21.300386608211,0.));
#5182 = VECTOR('',#5183,1.);
#5183 = DIRECTION('',(-1.110223024625E-16,1.,0.));
#5184 = PCURVE('',#4541,#5185);
#5185 = DEFINITIONAL_REPRESENTATION('',(#5186),#5190);
#5186 = LINE('',#5187,#5188);
#5187 = CARTESIAN_POINT('',(6.549746939384,-164.3533482963));
#5188 = VECTOR('',#5189,1.);
#5189 = DIRECTION('',(-1.,0.));
#5190 = ( GEOMETRIC_REPRESENTATION_CONTEXT(2) 
PARAMETRIC_REPRESENTATION_CONTEXT() REPRESENTATION_CONTEXT('2D SPACE',''
  ) );
#5191 = PCURVE('',#5192,#5197);
#5192 = PLANE('',#5193);
#5193 = AXIS2_PLACEMENT_3D('',#5194,#5195,#5196);
#5194 = CARTESIAN_POINT('',(73.8,21.300386608211,0.));
#5195 = DIRECTION('',(-1.,-1.110223024625E-16,0.));
#5196 = DIRECTION('',(-1.110223024625E-16,1.,0.));
#5197 = DEFINITIONAL_REPRESENTATION('',(#5198),#5202);
#5198 = LINE('',#5199,#5200);
#5199 = CARTESIAN_POINT('',(0.,0.));
#5200 = VECTOR('',#5201,1.);
#5201 = DIRECTION('',(1.,0.));
#5202 = ( GEOMETRIC_REPRESENTATION_CONTEXT(2) 
PARAMETRIC_REPRESENTATION_CONTEXT() REPRESENTATION_CONTEXT('2D SPACE',''
  ) );
#5203 = FACE_BOUND('',#5204,.F.);
#5204 = EDGE_LOOP('',(#5205,#5235,#5263,#5291,#5319,#5347));
#5205 = ORIENTED_EDGE('',*,*,#5206,.F.);
#5206 = EDGE_CURVE('',#5207,#5209,#5211,.T.);
#5207 = VERTEX_POINT('',#5208);
#5208 = CARTESIAN_POINT('',(131.6,14.025773216421,0.));
#5209 = VERTEX_POINT('',#5210);
#5210 = CARTESIAN_POINT('',(144.2,21.300386608211,0.));
#5211 = SURFACE_CURVE('',#5212,(#5216,#5223),.PCURVE_S1.);
#5212 = LINE('',#5213,#5214);
#5213 = CARTESIAN_POINT('',(131.6,14.025773216421,0.));
#5214 = VECTOR('',#5215,1.);
#5215 = DIRECTION('',(0.866025403784,0.5,0.));
#5216 = PCURVE('',#4541,#5217);
#5217 = DEFINITIONAL_REPRESENTATION('',(#5218),#5222);
#5218 = LINE('',#5219,#5220);
#5219 = CARTESIAN_POINT('',(13.824360331174,-106.5533482963));
#5220 = VECTOR('',#5221,1.);
#5221 = DIRECTION('',(-0.5,0.866025403784));
#5222 = ( GEOMETRIC_REPRESENTATION_CONTEXT(2) 
PARAMETRIC_REPRESENTATION_CONTEXT() REPRESENTATION_CONTEXT('2D SPACE',''
  ) );
#5223 = PCURVE('',#5224,#5229);
#5224 = PLANE('',#5225);
#5225 = AXIS2_PLACEMENT_3D('',#5226,#5227,#5228);
#5226 = CARTESIAN_POINT('',(131.6,14.025773216421,0.));
#5227 = DIRECTION('',(-0.5,0.866025403784,0.));
#5228 = DIRECTION('',(0.866025403784,0.5,0.));
#5229 = DEFINITIONAL_REPRESENTATION('',(#5230),#5234);
#5230 = LINE('',#5231,#5232);
#5231 = CARTESIAN_POINT('',(0.,0.));
#5232 = VECTOR('',#5233,1.);
#5233 = DIRECTION('',(1.,0.));
#5234 = ( GEOMETRIC_REPRESENTATION_CONTEXT(2) 
PARAMETRIC_REPRESENTATION_CONTEXT() REPRESENTATION_CONTEXT('2D SPACE',''
  ) );
#5235 = ORIENTED_EDGE('',*,*,#5236,.F.);
#5236 = EDGE_CURVE('',#5237,#5207,#5239,.T.);
#5237 = VERTEX_POINT('',#5238);
#5238 = CARTESIAN_POINT('',(119.,21.300386608211,0.));
#5239 = SURFACE_CURVE('',#5240,(#5244,#5251),.PCURVE_S1.);
#5240 = LINE('',#5241,#5242);
#5241 = CARTESIAN_POINT('',(119.,21.300386608211,0.));
#5242 = VECTOR('',#5243,1.);
#5243 = DIRECTION('',(0.866025403784,-0.5,0.));
#5244 = PCURVE('',#4541,#5245);
#5245 = DEFINITIONAL_REPRESENTATION('',(#5246),#5250);
#5246 = LINE('',#5247,#5248);
#5247 = CARTESIAN_POINT('',(6.549746939384,-119.1533482963));
#5248 = VECTOR('',#5249,1.);
#5249 = DIRECTION('',(0.5,0.866025403784));
#5250 = ( GEOMETRIC_REPRESENTATION_CONTEXT(2) 
PARAMETRIC_REPRESENTATION_CONTEXT() REPRESENTATION_CONTEXT('2D SPACE',''
  ) );
#5251 = PCURVE('',#5252,#5257);
#5252 = PLANE('',#5253);
#5253 = AXIS2_PLACEMENT_3D('',#5254,#5255,#5256);
#5254 = CARTESIAN_POINT('',(119.,21.300386608211,0.));
#5255 = DIRECTION('',(0.5,0.866025403784,0.));
#5256 = DIRECTION('',(0.866025403784,-0.5,0.));
#5257 = DEFINITIONAL_REPRESENTATION('',(#5258),#5262);
#5258 = LINE('',#5259,#5260);
#5259 = CARTESIAN_POINT('',(0.,0.));
#5260 = VECTOR('',#5261,1.);
#5261 = DIRECTION('',(1.,0.));
#5262 = ( GEOMETRIC_REPRESENTATION_CONTEXT(2) 
PARAMETRIC_REPRESENTATION_CONTEXT() REPRESENTATION_CONTEXT('2D SPACE',''
  ) );
#5263 = ORIENTED_EDGE('',*,*,#5264,.F.);
#5264 = EDGE_CURVE('',#5265,#5237,#5267,.T.);
#5265 = VERTEX_POINT('',#5266);
#5266 = CARTESIAN_POINT('',(119.,35.849613391789,0.));
#5267 = SURFACE_CURVE('',#5268,(#5272,#5279),.PCURVE_S1.);
#5268 = LINE('',#5269,#5270);
#5269 = CARTESIAN_POINT('',(119.,35.849613391789,0.));
#5270 = VECTOR('',#5271,1.);
#5271 = DIRECTION('',(1.110223024625E-16,-1.,0.));
#5272 = PCURVE('',#4541,#5273);
#5273 = DEFINITIONAL_REPRESENTATION('',(#5274),#5278);
#5274 = LINE('',#5275,#5276);
#5275 = CARTESIAN_POINT('',(-7.999479844194,-119.1533482963));
#5276 = VECTOR('',#5277,1.);
#5277 = DIRECTION('',(1.,0.));
#5278 = ( GEOMETRIC_REPRESENTATION_CONTEXT(2) 
PARAMETRIC_REPRESENTATION_CONTEXT() REPRESENTATION_CONTEXT('2D SPACE',''
  ) );
#5279 = PCURVE('',#5280,#5285);
#5280 = PLANE('',#5281);
#5281 = AXIS2_PLACEMENT_3D('',#5282,#5283,#5284);
#5282 = CARTESIAN_POINT('',(119.,35.849613391789,0.));
#5283 = DIRECTION('',(1.,1.110223024625E-16,0.));
#5284 = DIRECTION('',(1.110223024625E-16,-1.,0.));
#5285 = DEFINITIONAL_REPRESENTATION('',(#5286),#5290);
#5286 = LINE('',#5287,#5288);
#5287 = CARTESIAN_POINT('',(0.,0.));
#5288 = VECTOR('',#5289,1.);
#5289 = DIRECTION('',(1.,0.));
#5290 = ( GEOMETRIC_REPRESENTATION_CONTEXT(2) 
PARAMETRIC_REPRESENTATION_CONTEXT() REPRESENTATION_CONTEXT('2D SPACE',''
  ) );
#5291 = ORIENTED_EDGE('',*,*,#5292,.F.);
#5292 = EDGE_CURVE('',#5293,#5265,#5295,.T.);
#5293 = VERTEX_POINT('',#5294);
#5294 = CARTESIAN_POINT('',(131.6,43.124226783579,0.));
#5295 = SURFACE_CURVE('',#5296,(#5300,#5307),.PCURVE_S1.);
#5296 = LINE('',#5297,#5298);
#5297 = CARTESIAN_POINT('',(131.6,43.124226783579,0.));
#5298 = VECTOR('',#5299,1.);
#5299 = DIRECTION('',(-0.866025403784,-0.5,0.));
#5300 = PCURVE('',#4541,#5301);
#5301 = DEFINITIONAL_REPRESENTATION('',(#5302),#5306);
#5302 = LINE('',#5303,#5304);
#5303 = CARTESIAN_POINT('',(-15.27409323598,-106.5533482963));
#5304 = VECTOR('',#5305,1.);
#5305 = DIRECTION('',(0.5,-0.866025403784));
#5306 = ( GEOMETRIC_REPRESENTATION_CONTEXT(2) 
PARAMETRIC_REPRESENTATION_CONTEXT() REPRESENTATION_CONTEXT('2D SPACE',''
  ) );
#5307 = PCURVE('',#5308,#5313);
#5308 = PLANE('',#5309);
#5309 = AXIS2_PLACEMENT_3D('',#5310,#5311,#5312);
#5310 = CARTESIAN_POINT('',(131.6,43.124226783579,0.));
#5311 = DIRECTION('',(0.5,-0.866025403784,0.));
#5312 = DIRECTION('',(-0.866025403784,-0.5,0.));
#5313 = DEFINITIONAL_REPRESENTATION('',(#5314),#5318);
#5314 = LINE('',#5315,#5316);
#5315 = CARTESIAN_POINT('',(0.,0.));
#5316 = VECTOR('',#5317,1.);
#5317 = DIRECTION('',(1.,0.));
#5318 = ( GEOMETRIC_REPRESENTATION_CONTEXT(2) 
PARAMETRIC_REPRESENTATION_CONTEXT() REPRESENTATION_CONTEXT('2D SPACE',''
  ) );
#5319 = ORIENTED_EDGE('',*,*,#5320,.F.);
#5320 = EDGE_CURVE('',#5321,#5293,#5323,.T.);
#5321 = VERTEX_POINT('',#5322);
#5322 = CARTESIAN_POINT('',(144.2,35.849613391789,0.));
#5323 = SURFACE_CURVE('',#5324,(#5328,#5335),.PCURVE_S1.);
#5324 = LINE('',#5325,#5326);
#5325 = CARTESIAN_POINT('',(144.2,35.849613391789,0.));
#5326 = VECTOR('',#5327,1.);
#5327 = DIRECTION('',(-0.866025403784,0.5,0.));
#5328 = PCURVE('',#4541,#5329);
#5329 = DEFINITIONAL_REPRESENTATION('',(#5330),#5334);
#5330 = LINE('',#5331,#5332);
#5331 = CARTESIAN_POINT('',(-7.999479844194,-93.95334829633));
#5332 = VECTOR('',#5333,1.);
#5333 = DIRECTION('',(-0.5,-0.866025403784));
#5334 = ( GEOMETRIC_REPRESENTATION_CONTEXT(2) 
PARAMETRIC_REPRESENTATION_CONTEXT() REPRESENTATION_CONTEXT('2D SPACE',''
  ) );
#5335 = PCURVE('',#5336,#5341);
#5336 = PLANE('',#5337);
#5337 = AXIS2_PLACEMENT_3D('',#5338,#5339,#5340);
#5338 = CARTESIAN_POINT('',(144.2,35.849613391789,0.));
#5339 = DIRECTION('',(-0.5,-0.866025403784,0.));
#5340 = DIRECTION('',(-0.866025403784,0.5,0.));
#5341 = DEFINITIONAL_REPRESENTATION('',(#5342),#5346);
#5342 = LINE('',#5343,#5344);
#5343 = CARTESIAN_POINT('',(0.,0.));
#5344 = VECTOR('',#5345,1.);
#5345 = DIRECTION('',(1.,-0.));
#5346 = ( GEOMETRIC_REPRESENTATION_CONTEXT(2) 
PARAMETRIC_REPRESENTATION_CONTEXT() REPRESENTATION_CONTEXT('2D SPACE',''
  ) );
#5347 = ORIENTED_EDGE('',*,*,#5348,.F.);
#5348 = EDGE_CURVE('',#5209,#5321,#5349,.T.);
#5349 = SURFACE_CURVE('',#5350,(#5354,#5361),.PCURVE_S1.);
#5350 = LINE('',#5351,#5352);
#5351 = CARTESIAN_POINT('',(144.2,21.300386608211,0.));
#5352 = VECTOR('',#5353,1.);
#5353 = DIRECTION('',(-1.110223024625E-16,1.,0.));
#5354 = PCURVE('',#4541,#5355);
#5355 = DEFINITIONAL_REPRESENTATION('',(#5356),#5360);
#5356 = LINE('',#5357,#5358);
#5357 = CARTESIAN_POINT('',(6.549746939384,-93.95334829633));
#5358 = VECTOR('',#5359,1.);
#5359 = DIRECTION('',(-1.,0.));
#5360 = ( GEOMETRIC_REPRESENTATION_CONTEXT(2) 
PARAMETRIC_REPRESENTATION_CONTEXT() REPRESENTATION_CONTEXT('2D SPACE',''
  ) );
#5361 = PCURVE('',#5362,#5367);
#5362 = PLANE('',#5363);
#5363 = AXIS2_PLACEMENT_3D('',#5364,#5365,#5366);
#5364 = CARTESIAN_POINT('',(144.2,21.300386608211,0.));
#5365 = DIRECTION('',(-1.,-1.110223024625E-16,0.));
#5366 = DIRECTION('',(-1.110223024625E-16,1.,0.));
#5367 = DEFINITIONAL_REPRESENTATION('',(#5368),#5372);
#5368 = LINE('',#5369,#5370);
#5369 = CARTESIAN_POINT('',(0.,0.));
#5370 = VECTOR('',#5371,1.);
#5371 = DIRECTION('',(1.,0.));
#5372 = ( GEOMETRIC_REPRESENTATION_CONTEXT(2) 
PARAMETRIC_REPRESENTATION_CONTEXT() REPRESENTATION_CONTEXT('2D SPACE',''
  ) );
#5373 = FACE_BOUND('',#5374,.F.);
#5374 = EDGE_LOOP('',(#5375,#5405,#5433,#5461,#5489,#5517));
#5375 = ORIENTED_EDGE('',*,*,#5376,.F.);
#5376 = EDGE_CURVE('',#5377,#5379,#5381,.T.);
#5377 = VERTEX_POINT('',#5378);
#5378 = CARTESIAN_POINT('',(96.4,14.025773216421,0.));
#5379 = VERTEX_POINT('',#5380);
#5380 = CARTESIAN_POINT('',(109.,21.300386608211,0.));
#5381 = SURFACE_CURVE('',#5382,(#5386,#5393),.PCURVE_S1.);
#5382 = LINE('',#5383,#5384);
#5383 = CARTESIAN_POINT('',(96.4,14.025773216421,0.));
#5384 = VECTOR('',#5385,1.);
#5385 = DIRECTION('',(0.866025403784,0.5,0.));
#5386 = PCURVE('',#4541,#5387);
#5387 = DEFINITIONAL_REPRESENTATION('',(#5388),#5392);
#5388 = LINE('',#5389,#5390);
#5389 = CARTESIAN_POINT('',(13.824360331174,-141.7533482963));
#5390 = VECTOR('',#5391,1.);
#5391 = DIRECTION('',(-0.5,0.866025403784));
#5392 = ( GEOMETRIC_REPRESENTATION_CONTEXT(2) 
PARAMETRIC_REPRESENTATION_CONTEXT() REPRESENTATION_CONTEXT('2D SPACE',''
  ) );
#5393 = PCURVE('',#5394,#5399);
#5394 = PLANE('',#5395);
#5395 = AXIS2_PLACEMENT_3D('',#5396,#5397,#5398);
#5396 = CARTESIAN_POINT('',(96.4,14.025773216421,0.));
#5397 = DIRECTION('',(-0.5,0.866025403784,0.));
#5398 = DIRECTION('',(0.866025403784,0.5,0.));
#5399 = DEFINITIONAL_REPRESENTATION('',(#5400),#5404);
#5400 = LINE('',#5401,#5402);
#5401 = CARTESIAN_POINT('',(0.,0.));
#5402 = VECTOR('',#5403,1.);
#5403 = DIRECTION('',(1.,0.));
#5404 = ( GEOMETRIC_REPRESENTATION_CONTEXT(2) 
PARAMETRIC_REPRESENTATION_CONTEXT() REPRESENTATION_CONTEXT('2D SPACE',''
  ) );
#5405 = ORIENTED_EDGE('',*,*,#5406,.F.);
#5406 = EDGE_CURVE('',#5407,#5377,#5409,.T.);
#5407 = VERTEX_POINT('',#5408);
#5408 = CARTESIAN_POINT('',(83.8,21.300386608211,0.));
#5409 = SURFACE_CURVE('',#5410,(#5414,#5421),.PCURVE_S1.);
#5410 = LINE('',#5411,#5412);
#5411 = CARTESIAN_POINT('',(83.8,21.300386608211,0.));
#5412 = VECTOR('',#5413,1.);
#5413 = DIRECTION('',(0.866025403784,-0.5,0.));
#5414 = PCURVE('',#4541,#5415);
#5415 = DEFINITIONAL_REPRESENTATION('',(#5416),#5420);
#5416 = LINE('',#5417,#5418);
#5417 = CARTESIAN_POINT('',(6.549746939384,-154.3533482963));
#5418 = VECTOR('',#5419,1.);
#5419 = DIRECTION('',(0.5,0.866025403784));
#5420 = ( GEOMETRIC_REPRESENTATION_CONTEXT(2) 
PARAMETRIC_REPRESENTATION_CONTEXT() REPRESENTATION_CONTEXT('2D SPACE',''
  ) );
#5421 = PCURVE('',#5422,#5427);
#5422 = PLANE('',#5423);
#5423 = AXIS2_PLACEMENT_3D('',#5424,#5425,#5426);
#5424 = CARTESIAN_POINT('',(83.8,21.300386608211,0.));
#5425 = DIRECTION('',(0.5,0.866025403784,0.));
#5426 = DIRECTION('',(0.866025403784,-0.5,0.));
#5427 = DEFINITIONAL_REPRESENTATION('',(#5428),#5432);
#5428 = LINE('',#5429,#5430);
#5429 = CARTESIAN_POINT('',(0.,0.));
#5430 = VECTOR('',#5431,1.);
#5431 = DIRECTION('',(1.,0.));
#5432 = ( GEOMETRIC_REPRESENTATION_CONTEXT(2) 
PARAMETRIC_REPRESENTATION_CONTEXT() REPRESENTATION_CONTEXT('2D SPACE',''
  ) );
#5433 = ORIENTED_EDGE('',*,*,#5434,.F.);
#5434 = EDGE_CURVE('',#5435,#5407,#5437,.T.);
#5435 = VERTEX_POINT('',#5436);
#5436 = CARTESIAN_POINT('',(83.8,35.849613391789,0.));
#5437 = SURFACE_CURVE('',#5438,(#5442,#5449),.PCURVE_S1.);
#5438 = LINE('',#5439,#5440);
#5439 = CARTESIAN_POINT('',(83.8,35.849613391789,0.));
#5440 = VECTOR('',#5441,1.);
#5441 = DIRECTION('',(1.110223024625E-16,-1.,0.));
#5442 = PCURVE('',#4541,#5443);
#5443 = DEFINITIONAL_REPRESENTATION('',(#5444),#5448);
#5444 = LINE('',#5445,#5446);
#5445 = CARTESIAN_POINT('',(-7.999479844194,-154.3533482963));
#5446 = VECTOR('',#5447,1.);
#5447 = DIRECTION('',(1.,0.));
#5448 = ( GEOMETRIC_REPRESENTATION_CONTEXT(2) 
PARAMETRIC_REPRESENTATION_CONTEXT() REPRESENTATION_CONTEXT('2D SPACE',''
  ) );
#5449 = PCURVE('',#5450,#5455);
#5450 = PLANE('',#5451);
#5451 = AXIS2_PLACEMENT_3D('',#5452,#5453,#5454);
#5452 = CARTESIAN_POINT('',(83.8,35.849613391789,0.));
#5453 = DIRECTION('',(1.,1.110223024625E-16,0.));
#5454 = DIRECTION('',(1.110223024625E-16,-1.,0.));
#5455 = DEFINITIONAL_REPRESENTATION('',(#5456),#5460);
#5456 = LINE('',#5457,#5458);
#5457 = CARTESIAN_POINT('',(0.,0.));
#5458 = VECTOR('',#5459,1.);
#5459 = DIRECTION('',(1.,0.));
#5460 = ( GEOMETRIC_REPRESENTATION_CONTEXT(2) 
PARAMETRIC_REPRESENTATION_CONTEXT() REPRESENTATION_CONTEXT('2D SPACE',''
  ) );
#5461 = ORIENTED_EDGE('',*,*,#5462,.F.);
#5462 = EDGE_CURVE('',#5463,#5435,#5465,.T.);
#5463 = VERTEX_POINT('',#5464);
#5464 = CARTESIAN_POINT('',(96.4,43.124226783579,0.));
#5465 = SURFACE_CURVE('',#5466,(#5470,#5477),.PCURVE_S1.);
#5466 = LINE('',#5467,#5468);
#5467 = CARTESIAN_POINT('',(96.4,43.124226783579,0.));
#5468 = VECTOR('',#5469,1.);
#5469 = DIRECTION('',(-0.866025403784,-0.5,0.));
#5470 = PCURVE('',#4541,#5471);
#5471 = DEFINITIONAL_REPRESENTATION('',(#5472),#5476);
#5472 = LINE('',#5473,#5474);
#5473 = CARTESIAN_POINT('',(-15.27409323598,-141.7533482963));
#5474 = VECTOR('',#5475,1.);
#5475 = DIRECTION('',(0.5,-0.866025403784));
#5476 = ( GEOMETRIC_REPRESENTATION_CONTEXT(2) 
PARAMETRIC_REPRESENTATION_CONTEXT() REPRESENTATION_CONTEXT('2D SPACE',''
  ) );
#5477 = PCURVE('',#5478,#5483);
#5478 = PLANE('',#5479);
#5479 = AXIS2_PLACEMENT_3D('',#5480,#5481,#5482);
#5480 = CARTESIAN_POINT('',(96.4,43.124226783579,0.));
#5481 = DIRECTION('',(0.5,-0.866025403784,0.));
#5482 = DIRECTION('',(-0.866025403784,-0.5,0.));
#5483 = DEFINITIONAL_REPRESENTATION('',(#5484),#5488);
#5484 = LINE('',#5485,#5486);
#5485 = CARTESIAN_POINT('',(0.,0.));
#5486 = VECTOR('',#5487,1.);
#5487 = DIRECTION('',(1.,0.));
#5488 = ( GEOMETRIC_REPRESENTATION_CONTEXT(2) 
PARAMETRIC_REPRESENTATION_CONTEXT() REPRESENTATION_CONTEXT('2D SPACE',''
  ) );
#5489 = ORIENTED_EDGE('',*,*,#5490,.F.);
#5490 = EDGE_CURVE('',#5491,#5463,#5493,.T.);
#5491 = VERTEX_POINT('',#5492);
#5492 = CARTESIAN_POINT('',(109.,35.849613391789,0.));
#5493 = SURFACE_CURVE('',#5494,(#5498,#5505),.PCURVE_S1.);
#5494 = LINE('',#5495,#5496);
#5495 = CARTESIAN_POINT('',(109.,35.849613391789,0.));
#5496 = VECTOR('',#5497,1.);
#5497 = DIRECTION('',(-0.866025403784,0.5,0.));
#5498 = PCURVE('',#4541,#5499);
#5499 = DEFINITIONAL_REPRESENTATION('',(#5500),#5504);
#5500 = LINE('',#5501,#5502);
#5501 = CARTESIAN_POINT('',(-7.999479844194,-129.1533482963));
#5502 = VECTOR('',#5503,1.);
#5503 = DIRECTION('',(-0.5,-0.866025403784));
#5504 = ( GEOMETRIC_REPRESENTATION_CONTEXT(2) 
PARAMETRIC_REPRESENTATION_CONTEXT() REPRESENTATION_CONTEXT('2D SPACE',''
  ) );
#5505 = PCURVE('',#5506,#5511);
#5506 = PLANE('',#5507);
#5507 = AXIS2_PLACEMENT_3D('',#5508,#5509,#5510);
#5508 = CARTESIAN_POINT('',(109.,35.849613391789,0.));
#5509 = DIRECTION('',(-0.5,-0.866025403784,0.));
#5510 = DIRECTION('',(-0.866025403784,0.5,0.));
#5511 = DEFINITIONAL_REPRESENTATION('',(#5512),#5516);
#5512 = LINE('',#5513,#5514);
#5513 = CARTESIAN_POINT('',(0.,0.));
#5514 = VECTOR('',#5515,1.);
#5515 = DIRECTION('',(1.,-0.));
#5516 = ( GEOMETRIC_REPRESENTATION_CONTEXT(2) 
PARAMETRIC_REPRESENTATION_CONTEXT() REPRESENTATION_CONTEXT('2D SPACE',''
  ) );
#5517 = ORIENTED_EDGE('',*,*,#5518,.F.);
#5518 = EDGE_CURVE('',#5379,#5491,#5519,.T.);
#5519 = SURFACE_CURVE('',#5520,(#5524,#5531),.PCURVE_S1.);
#5520 = LINE('',#5521,#5522);
#5521 = CARTESIAN_POINT('',(109.,21.300386608211,0.));
#5522 = VECTOR('',#5523,1.);
#5523 = DIRECTION('',(-1.110223024625E-16,1.,0.));
#5524 = PCURVE('',#4541,#5525);
#5525 = DEFINITIONAL_REPRESENTATION('',(#5526),#5530);
#5526 = LINE('',#5527,#5528);
#5527 = CARTESIAN_POINT('',(6.549746939384,-129.1533482963));
#5528 = VECTOR('',#5529,1.);
#5529 = DIRECTION('',(-1.,0.));
#5530 = ( GEOMETRIC_REPRESENTATION_CONTEXT(2) 
PARAMETRIC_REPRESENTATION_CONTEXT() REPRESENTATION_CONTEXT('2D SPACE',''
  ) );
#5531 = PCURVE('',#5532,#5537);
#5532 = PLANE('',#5533);
#5533 = AXIS2_PLACEMENT_3D('',#5534,#5535,#5536);
#5534 = CARTESIAN_POINT('',(109.,21.300386608211,0.));
#5535 = DIRECTION('',(-1.,-1.110223024625E-16,0.));
#5536 = DIRECTION('',(-1.110223024625E-16,1.,0.));
#5537 = DEFINITIONAL_REPRESENTATION('',(#5538),#5542);
#5538 = LINE('',#5539,#5540);
#5539 = CARTESIAN_POINT('',(0.,0.));
#5540 = VECTOR('',#5541,1.);
#5541 = DIRECTION('',(1.,0.));
#5542 = ( GEOMETRIC_REPRESENTATION_CONTEXT(2) 
PARAMETRIC_REPRESENTATION_CONTEXT() REPRESENTATION_CONTEXT('2D SPACE',''
  ) );
#5543 = FACE_BOUND('',#5544,.F.);
#5544 = EDGE_LOOP('',(#5545,#5575,#5603,#5631,#5659,#5687));
#5545 = ORIENTED_EDGE('',*,*,#5546,.F.);
#5546 = EDGE_CURVE('',#5547,#5549,#5551,.T.);
#5547 = VERTEX_POINT('',#5548);
#5548 = CARTESIAN_POINT('',(166.8,14.025773216421,0.));
#5549 = VERTEX_POINT('',#5550);
#5550 = CARTESIAN_POINT('',(179.4,21.300386608211,0.));
#5551 = SURFACE_CURVE('',#5552,(#5556,#5563),.PCURVE_S1.);
#5552 = LINE('',#5553,#5554);
#5553 = CARTESIAN_POINT('',(166.8,14.025773216421,0.));
#5554 = VECTOR('',#5555,1.);
#5555 = DIRECTION('',(0.866025403784,0.5,0.));
#5556 = PCURVE('',#4541,#5557);
#5557 = DEFINITIONAL_REPRESENTATION('',(#5558),#5562);
#5558 = LINE('',#5559,#5560);
#5559 = CARTESIAN_POINT('',(13.824360331174,-71.35334829633));
#5560 = VECTOR('',#5561,1.);
#5561 = DIRECTION('',(-0.5,0.866025403784));
#5562 = ( GEOMETRIC_REPRESENTATION_CONTEXT(2) 
PARAMETRIC_REPRESENTATION_CONTEXT() REPRESENTATION_CONTEXT('2D SPACE',''
  ) );
#5563 = PCURVE('',#5564,#5569);
#5564 = PLANE('',#5565);
#5565 = AXIS2_PLACEMENT_3D('',#5566,#5567,#5568);
#5566 = CARTESIAN_POINT('',(166.8,14.025773216421,0.));
#5567 = DIRECTION('',(-0.5,0.866025403784,0.));
#5568 = DIRECTION('',(0.866025403784,0.5,0.));
#5569 = DEFINITIONAL_REPRESENTATION('',(#5570),#5574);
#5570 = LINE('',#5571,#5572);
#5571 = CARTESIAN_POINT('',(0.,0.));
#5572 = VECTOR('',#5573,1.);
#5573 = DIRECTION('',(1.,0.));
#5574 = ( GEOMETRIC_REPRESENTATION_CONTEXT(2) 
PARAMETRIC_REPRESENTATION_CONTEXT() REPRESENTATION_CONTEXT('2D SPACE',''
  ) );
#5575 = ORIENTED_EDGE('',*,*,#5576,.F.);
#5576 = EDGE_CURVE('',#5577,#5547,#5579,.T.);
#5577 = VERTEX_POINT('',#5578);
#5578 = CARTESIAN_POINT('',(154.2,21.300386608211,0.));
#5579 = SURFACE_CURVE('',#5580,(#5584,#5591),.PCURVE_S1.);
#5580 = LINE('',#5581,#5582);
#5581 = CARTESIAN_POINT('',(154.2,21.300386608211,0.));
#5582 = VECTOR('',#5583,1.);
#5583 = DIRECTION('',(0.866025403784,-0.5,0.));
#5584 = PCURVE('',#4541,#5585);
#5585 = DEFINITIONAL_REPRESENTATION('',(#5586),#5590);
#5586 = LINE('',#5587,#5588);
#5587 = CARTESIAN_POINT('',(6.549746939384,-83.95334829633));
#5588 = VECTOR('',#5589,1.);
#5589 = DIRECTION('',(0.5,0.866025403784));
#5590 = ( GEOMETRIC_REPRESENTATION_CONTEXT(2) 
PARAMETRIC_REPRESENTATION_CONTEXT() REPRESENTATION_CONTEXT('2D SPACE',''
  ) );
#5591 = PCURVE('',#5592,#5597);
#5592 = PLANE('',#5593);
#5593 = AXIS2_PLACEMENT_3D('',#5594,#5595,#5596);
#5594 = CARTESIAN_POINT('',(154.2,21.300386608211,0.));
#5595 = DIRECTION('',(0.5,0.866025403784,0.));
#5596 = DIRECTION('',(0.866025403784,-0.5,0.));
#5597 = DEFINITIONAL_REPRESENTATION('',(#5598),#5602);
#5598 = LINE('',#5599,#5600);
#5599 = CARTESIAN_POINT('',(0.,0.));
#5600 = VECTOR('',#5601,1.);
#5601 = DIRECTION('',(1.,0.));
#5602 = ( GEOMETRIC_REPRESENTATION_CONTEXT(2) 
PARAMETRIC_REPRESENTATION_CONTEXT() REPRESENTATION_CONTEXT('2D SPACE',''
  ) );
#5603 = ORIENTED_EDGE('',*,*,#5604,.F.);
#5604 = EDGE_CURVE('',#5605,#5577,#5607,.T.);
#5605 = VERTEX_POINT('',#5606);
#5606 = CARTESIAN_POINT('',(154.2,35.849613391789,0.));
#5607 = SURFACE_CURVE('',#5608,(#5612,#5619),.PCURVE_S1.);
#5608 = LINE('',#5609,#5610);
#5609 = CARTESIAN_POINT('',(154.2,35.849613391789,0.));
#5610 = VECTOR('',#5611,1.);
#5611 = DIRECTION('',(1.110223024625E-16,-1.,0.));
#5612 = PCURVE('',#4541,#5613);
#5613 = DEFINITIONAL_REPRESENTATION('',(#5614),#5618);
#5614 = LINE('',#5615,#5616);
#5615 = CARTESIAN_POINT('',(-7.999479844194,-83.95334829633));
#5616 = VECTOR('',#5617,1.);
#5617 = DIRECTION('',(1.,0.));
#5618 = ( GEOMETRIC_REPRESENTATION_CONTEXT(2) 
PARAMETRIC_REPRESENTATION_CONTEXT() REPRESENTATION_CONTEXT('2D SPACE',''
  ) );
#5619 = PCURVE('',#5620,#5625);
#5620 = PLANE('',#5621);
#5621 = AXIS2_PLACEMENT_3D('',#5622,#5623,#5624);
#5622 = CARTESIAN_POINT('',(154.2,35.849613391789,0.));
#5623 = DIRECTION('',(1.,1.110223024625E-16,0.));
#5624 = DIRECTION('',(1.110223024625E-16,-1.,0.));
#5625 = DEFINITIONAL_REPRESENTATION('',(#5626),#5630);
#5626 = LINE('',#5627,#5628);
#5627 = CARTESIAN_POINT('',(0.,0.));
#5628 = VECTOR('',#5629,1.);
#5629 = DIRECTION('',(1.,0.));
#5630 = ( GEOMETRIC_REPRESENTATION_CONTEXT(2) 
PARAMETRIC_REPRESENTATION_CONTEXT() REPRESENTATION_CONTEXT('2D SPACE',''
  ) );
#5631 = ORIENTED_EDGE('',*,*,#5632,.F.);
#5632 = EDGE_CURVE('',#5633,#5605,#5635,.T.);
#5633 = VERTEX_POINT('',#5634);
#5634 = CARTESIAN_POINT('',(166.8,43.124226783579,0.));
#5635 = SURFACE_CURVE('',#5636,(#5640,#5647),.PCURVE_S1.);
#5636 = LINE('',#5637,#5638);
#5637 = CARTESIAN_POINT('',(166.8,43.124226783579,0.));
#5638 = VECTOR('',#5639,1.);
#5639 = DIRECTION('',(-0.866025403784,-0.5,0.));
#5640 = PCURVE('',#4541,#5641);
#5641 = DEFINITIONAL_REPRESENTATION('',(#5642),#5646);
#5642 = LINE('',#5643,#5644);
#5643 = CARTESIAN_POINT('',(-15.27409323598,-71.35334829633));
#5644 = VECTOR('',#5645,1.);
#5645 = DIRECTION('',(0.5,-0.866025403784));
#5646 = ( GEOMETRIC_REPRESENTATION_CONTEXT(2) 
PARAMETRIC_REPRESENTATION_CONTEXT() REPRESENTATION_CONTEXT('2D SPACE',''
  ) );
#5647 = PCURVE('',#5648,#5653);
#5648 = PLANE('',#5649);
#5649 = AXIS2_PLACEMENT_3D('',#5650,#5651,#5652);
#5650 = CARTESIAN_POINT('',(166.8,43.124226783579,0.));
#5651 = DIRECTION('',(0.5,-0.866025403784,0.));
#5652 = DIRECTION('',(-0.866025403784,-0.5,0.));
#5653 = DEFINITIONAL_REPRESENTATION('',(#5654),#5658);
#5654 = LINE('',#5655,#5656);
#5655 = CARTESIAN_POINT('',(0.,0.));
#5656 = VECTOR('',#5657,1.);
#5657 = DIRECTION('',(1.,0.));
#5658 = ( GEOMETRIC_REPRESENTATION_CONTEXT(2) 
PARAMETRIC_REPRESENTATION_CONTEXT() REPRESENTATION_CONTEXT('2D SPACE',''
  ) );
#5659 = ORIENTED_EDGE('',*,*,#5660,.F.);
#5660 = EDGE_CURVE('',#5661,#5633,#5663,.T.);
#5661 = VERTEX_POINT('',#5662);
#5662 = CARTESIAN_POINT('',(179.4,35.849613391789,0.));
#5663 = SURFACE_CURVE('',#5664,(#5668,#5675),.PCURVE_S1.);
#5664 = LINE('',#5665,#5666);
#5665 = CARTESIAN_POINT('',(179.4,35.849613391789,0.));
#5666 = VECTOR('',#5667,1.);
#5667 = DIRECTION('',(-0.866025403784,0.5,0.));
#5668 = PCURVE('',#4541,#5669);
#5669 = DEFINITIONAL_REPRESENTATION('',(#5670),#5674);
#5670 = LINE('',#5671,#5672);
#5671 = CARTESIAN_POINT('',(-7.999479844194,-58.75334829633));
#5672 = VECTOR('',#5673,1.);
#5673 = DIRECTION('',(-0.5,-0.866025403784));
#5674 = ( GEOMETRIC_REPRESENTATION_CONTEXT(2) 
PARAMETRIC_REPRESENTATION_CONTEXT() REPRESENTATION_CONTEXT('2D SPACE',''
  ) );
#5675 = PCURVE('',#5676,#5681);
#5676 = PLANE('',#5677);
#5677 = AXIS2_PLACEMENT_3D('',#5678,#5679,#5680);
#5678 = CARTESIAN_POINT('',(179.4,35.849613391789,0.));
#5679 = DIRECTION('',(-0.5,-0.866025403784,0.));
#5680 = DIRECTION('',(-0.866025403784,0.5,0.));
#5681 = DEFINITIONAL_REPRESENTATION('',(#5682),#5686);
#5682 = LINE('',#5683,#5684);
#5683 = CARTESIAN_POINT('',(0.,0.));
#5684 = VECTOR('',#5685,1.);
#5685 = DIRECTION('',(1.,-0.));
#5686 = ( GEOMETRIC_REPRESENTATION_CONTEXT(2) 
PARAMETRIC_REPRESENTATION_CONTEXT() REPRESENTATION_CONTEXT('2D SPACE',''
  ) );
#5687 = ORIENTED_EDGE('',*,*,#5688,.F.);
#5688 = EDGE_CURVE('',#5549,#5661,#5689,.T.);
#5689 = SURFACE_CURVE('',#5690,(#5694,#5701),.PCURVE_S1.);
#5690 = LINE('',#5691,#5692);
#5691 = CARTESIAN_POINT('',(179.4,21.300386608211,0.));
#5692 = VECTOR('',#5693,1.);
#5693 = DIRECTION('',(-1.110223024625E-16,1.,0.));
#5694 = PCURVE('',#4541,#5695);
#5695 = DEFINITIONAL_REPRESENTATION('',(#5696),#5700);
#5696 = LINE('',#5697,#5698);
#5697 = CARTESIAN_POINT('',(6.549746939384,-58.75334829633));
#5698 = VECTOR('',#5699,1.);
#5699 = DIRECTION('',(-1.,0.));
#5700 = ( GEOMETRIC_REPRESENTATION_CONTEXT(2) 
PARAMETRIC_REPRESENTATION_CONTEXT() REPRESENTATION_CONTEXT('2D SPACE',''
  ) );
#5701 = PCURVE('',#5702,#5707);
#5702 = PLANE('',#5703);
#5703 = AXIS2_PLACEMENT_3D('',#5704,#5705,#5706);
#5704 = CARTESIAN_POINT('',(179.4,21.300386608211,0.));
#5705 = DIRECTION('',(-1.,-1.110223024625E-16,0.));
#5706 = DIRECTION('',(-1.110223024625E-16,1.,0.));
#5707 = DEFINITIONAL_REPRESENTATION('',(#5708),#5712);
#5708 = LINE('',#5709,#5710);
#5709 = CARTESIAN_POINT('',(0.,0.));
#5710 = VECTOR('',#5711,1.);
#5711 = DIRECTION('',(1.,0.));
#5712 = ( GEOMETRIC_REPRESENTATION_CONTEXT(2) 
PARAMETRIC_REPRESENTATION_CONTEXT() REPRESENTATION_CONTEXT('2D SPACE',''
  ) );
#5713 = ADVANCED_FACE('',(#5714),#4573,.F.);
#5714 = FACE_BOUND('',#5715,.F.);
#5715 = EDGE_LOOP('',(#5716,#5717,#5718,#5741));
#5716 = ORIENTED_EDGE('',*,*,#4676,.F.);
#5717 = ORIENTED_EDGE('',*,*,#4557,.T.);
#5718 = ORIENTED_EDGE('',*,*,#5719,.T.);
#5719 = EDGE_CURVE('',#4558,#5720,#5722,.T.);
#5720 = VERTEX_POINT('',#5721);
#5721 = CARTESIAN_POINT('',(249.72533987072,0.,12.7));
#5722 = SURFACE_CURVE('',#5723,(#5727,#5734),.PCURVE_S1.);
#5723 = LINE('',#5724,#5725);
#5724 = CARTESIAN_POINT('',(0.50446494864,0.,12.7));
#5725 = VECTOR('',#5726,1.);
#5726 = DIRECTION('',(1.,1.110223024625E-16,0.));
#5727 = PCURVE('',#4573,#5728);
#5728 = DEFINITIONAL_REPRESENTATION('',(#5729),#5733);
#5729 = LINE('',#5730,#5731);
#5730 = CARTESIAN_POINT('',(-0.50446494864,-12.7));
#5731 = VECTOR('',#5732,1.);
#5732 = DIRECTION('',(1.,0.));
#5733 = ( GEOMETRIC_REPRESENTATION_CONTEXT(2) 
PARAMETRIC_REPRESENTATION_CONTEXT() REPRESENTATION_CONTEXT('2D SPACE',''
  ) );
#5734 = PCURVE('',#4623,#5735);
#5735 = DEFINITIONAL_REPRESENTATION('',(#5736),#5740);
#5736 = LINE('',#5737,#5738);
#5737 = CARTESIAN_POINT('',(57.15,0.50446494864));
#5738 = VECTOR('',#5739,1.);
#5739 = DIRECTION('',(0.,1.));
#5740 = ( GEOMETRIC_REPRESENTATION_CONTEXT(2) 
PARAMETRIC_REPRESENTATION_CONTEXT() REPRESENTATION_CONTEXT('2D SPACE',''
  ) );
#5741 = ORIENTED_EDGE('',*,*,#5742,.F.);
#5742 = EDGE_CURVE('',#4677,#5720,#5743,.T.);
#5743 = SURFACE_CURVE('',#5744,(#5748,#5755),.PCURVE_S1.);
#5744 = LINE('',#5745,#5746);
#5745 = CARTESIAN_POINT('',(249.72533987072,0.,3.19359327753));
#5746 = VECTOR('',#5747,1.);
#5747 = DIRECTION('',(0.,0.,1.));
#5748 = PCURVE('',#4573,#5749);
#5749 = DEFINITIONAL_REPRESENTATION('',(#5750),#5754);
#5750 = LINE('',#5751,#5752);
#5751 = CARTESIAN_POINT('',(248.71640997344,-3.19359327753));
#5752 = VECTOR('',#5753,1.);
#5753 = DIRECTION('',(0.,-1.));
#5754 = ( GEOMETRIC_REPRESENTATION_CONTEXT(2) 
PARAMETRIC_REPRESENTATION_CONTEXT() REPRESENTATION_CONTEXT('2D SPACE',''
  ) );
#5755 = PCURVE('',#4715,#5756);
#5756 = DEFINITIONAL_REPRESENTATION('',(#5757),#5761);
#5757 = LINE('',#5758,#5759);
#5758 = CARTESIAN_POINT('',(-3.19359327753,-8.644611061566));
#5759 = VECTOR('',#5760,1.);
#5760 = DIRECTION('',(1.,0.));
#5761 = ( GEOMETRIC_REPRESENTATION_CONTEXT(2) 
PARAMETRIC_REPRESENTATION_CONTEXT() REPRESENTATION_CONTEXT('2D SPACE',''
  ) );
#5762 = ADVANCED_FACE('',(#5763,#6082,#6222,#6362,#6502),#4623,.T.);
#5763 = FACE_BOUND('',#5764,.T.);
#5764 = EDGE_LOOP('',(#5765,#5788,#5789,#5790,#5813,#5844,#5872,#5925,
    #5953,#6006,#6034,#6061));
#5765 = ORIENTED_EDGE('',*,*,#5766,.F.);
#5766 = EDGE_CURVE('',#4586,#5767,#5769,.T.);
#5767 = VERTEX_POINT('',#5768);
#5768 = CARTESIAN_POINT('',(249.72533987072,57.15,12.7));
#5769 = SURFACE_CURVE('',#5770,(#5774,#5781),.PCURVE_S1.);
#5770 = LINE('',#5771,#5772);
#5771 = CARTESIAN_POINT('',(0.,57.15,12.7));
#5772 = VECTOR('',#5773,1.);
#5773 = DIRECTION('',(1.,1.110223024625E-16,0.));
#5774 = PCURVE('',#4623,#5775);
#5775 = DEFINITIONAL_REPRESENTATION('',(#5776),#5780);
#5776 = LINE('',#5777,#5778);
#5777 = CARTESIAN_POINT('',(0.,0.));
#5778 = VECTOR('',#5779,1.);
#5779 = DIRECTION('',(0.,1.));
#5780 = ( GEOMETRIC_REPRESENTATION_CONTEXT(2) 
PARAMETRIC_REPRESENTATION_CONTEXT() REPRESENTATION_CONTEXT('2D SPACE',''
  ) );
#5781 = PCURVE('',#4660,#5782);
#5782 = DEFINITIONAL_REPRESENTATION('',(#5783),#5787);
#5783 = LINE('',#5784,#5785);
#5784 = CARTESIAN_POINT('',(457.2,-12.7));
#5785 = VECTOR('',#5786,1.);
#5786 = DIRECTION('',(-1.,0.));
#5787 = ( GEOMETRIC_REPRESENTATION_CONTEXT(2) 
PARAMETRIC_REPRESENTATION_CONTEXT() REPRESENTATION_CONTEXT('2D SPACE',''
  ) );
#5788 = ORIENTED_EDGE('',*,*,#4585,.T.);
#5789 = ORIENTED_EDGE('',*,*,#5719,.T.);
#5790 = ORIENTED_EDGE('',*,*,#5791,.T.);
#5791 = EDGE_CURVE('',#5720,#5792,#5794,.T.);
#5792 = VERTEX_POINT('',#5793);
#5793 = CARTESIAN_POINT('',(249.72533987072,9.068171847733,12.7));
#5794 = SURFACE_CURVE('',#5795,(#5799,#5806),.PCURVE_S1.);
#5795 = LINE('',#5796,#5797);
#5796 = CARTESIAN_POINT('',(249.72533987072,-12.65233514578,12.7));
#5797 = VECTOR('',#5798,1.);
#5798 = DIRECTION('',(0.,1.,0.));
#5799 = PCURVE('',#4623,#5800);
#5800 = DEFINITIONAL_REPRESENTATION('',(#5801),#5805);
#5801 = LINE('',#5802,#5803);
#5802 = CARTESIAN_POINT('',(69.802335145783,249.72533987072));
#5803 = VECTOR('',#5804,1.);
#5804 = DIRECTION('',(-1.,1.110223024625E-16));
#5805 = ( GEOMETRIC_REPRESENTATION_CONTEXT(2) 
PARAMETRIC_REPRESENTATION_CONTEXT() REPRESENTATION_CONTEXT('2D SPACE',''
  ) );
#5806 = PCURVE('',#4715,#5807);
#5807 = DEFINITIONAL_REPRESENTATION('',(#5808),#5812);
#5808 = LINE('',#5809,#5810);
#5809 = CARTESIAN_POINT('',(6.31281344494,4.007724084217));
#5810 = VECTOR('',#5811,1.);
#5811 = DIRECTION('',(0.,-1.));
#5812 = ( GEOMETRIC_REPRESENTATION_CONTEXT(2) 
PARAMETRIC_REPRESENTATION_CONTEXT() REPRESENTATION_CONTEXT('2D SPACE',''
  ) );
#5813 = ORIENTED_EDGE('',*,*,#5814,.F.);
#5814 = EDGE_CURVE('',#5815,#5792,#5817,.T.);
#5815 = VERTEX_POINT('',#5816);
#5816 = CARTESIAN_POINT('',(249.68956237189,9.210337548506,12.7));
#5817 = SURFACE_CURVE('',#5818,(#5823,#5834),.PCURVE_S1.);
#5818 = ELLIPSE('',#5819,0.30018286329,0.3);
#5819 = AXIS2_PLACEMENT_3D('',#5820,#5821,#5822);
#5820 = CARTESIAN_POINT('',(249.42533987072,9.068171847733,12.7));
#5821 = DIRECTION('',(0.,0.,-1.));
#5822 = DIRECTION('',(0.,1.,0.));
#5823 = PCURVE('',#4623,#5824);
#5824 = DEFINITIONAL_REPRESENTATION('',(#5825),#5833);
#5825 = ( BOUNDED_CURVE() B_SPLINE_CURVE(2,(#5826,#5827,#5828,#5829,
#5830,#5831,#5832),.UNSPECIFIED.,.T.,.F.) B_SPLINE_CURVE_WITH_KNOTS((1,2
    ,2,2,2,1),(-2.094395102393,0.,2.094395102393,4.188790204786,
6.28318530718,8.377580409573),.UNSPECIFIED.) CURVE() 
GEOMETRIC_REPRESENTATION_ITEM() RATIONAL_B_SPLINE_CURVE((1.,0.5,1.,0.5,
1.,0.5,1.)) REPRESENTATION_ITEM('') );
#5826 = CARTESIAN_POINT('',(47.781645288977,249.42533987072));
#5827 = CARTESIAN_POINT('',(47.781645288977,249.94495511299));
#5828 = CARTESIAN_POINT('',(48.231919583912,249.68514749185));
#5829 = CARTESIAN_POINT('',(48.682193878847,249.42533987072));
#5830 = CARTESIAN_POINT('',(48.231919583912,249.16553224958));
#5831 = CARTESIAN_POINT('',(47.781645288977,248.90572462845));
#5832 = CARTESIAN_POINT('',(47.781645288977,249.42533987072));
#5833 = ( GEOMETRIC_REPRESENTATION_CONTEXT(2) 
PARAMETRIC_REPRESENTATION_CONTEXT() REPRESENTATION_CONTEXT('2D SPACE',''
  ) );
#5834 = PCURVE('',#4748,#5835);
#5835 = DEFINITIONAL_REPRESENTATION('',(#5836),#5843);
#5836 = B_SPLINE_CURVE_WITH_KNOTS('',5,(#5837,#5838,#5839,#5840,#5841,
    #5842),.UNSPECIFIED.,.F.,.F.,(6,6),(1.077425964568,1.570796326795),
  .PIECEWISE_BEZIER_KNOTS.);
#5837 = CARTESIAN_POINT('',(0.493370362227,12.694557359062));
#5838 = CARTESIAN_POINT('',(0.394696289782,12.693646907895));
#5839 = CARTESIAN_POINT('',(0.296022217336,12.692676072824));
#5840 = CARTESIAN_POINT('',(0.197348144891,12.691663313375));
#5841 = CARTESIAN_POINT('',(9.867407244546E-02,12.690629580018));
#5842 = CARTESIAN_POINT('',(0.,12.689595847657));
#5843 = ( GEOMETRIC_REPRESENTATION_CONTEXT(2) 
PARAMETRIC_REPRESENTATION_CONTEXT() REPRESENTATION_CONTEXT('2D SPACE',''
  ) );
#5844 = ORIENTED_EDGE('',*,*,#5845,.T.);
#5845 = EDGE_CURVE('',#5815,#5846,#5848,.T.);
#5846 = VERTEX_POINT('',#5847);
#5847 = CARTESIAN_POINT('',(237.47533988805,2.154153821107,12.7));
#5848 = SURFACE_CURVE('',#5849,(#5853,#5860),.PCURVE_S1.);
#5849 = LINE('',#5850,#5851);
#5850 = CARTESIAN_POINT('',(249.88001475152,9.320362315433,12.7));
#5851 = VECTOR('',#5852,1.);
#5852 = DIRECTION('',(-0.865893403497,-0.50022856154,0.));
#5853 = PCURVE('',#4623,#5854);
#5854 = DEFINITIONAL_REPRESENTATION('',(#5855),#5859);
#5855 = LINE('',#5856,#5857);
#5856 = CARTESIAN_POINT('',(47.829637684567,249.88001475152));
#5857 = VECTOR('',#5858,1.);
#5858 = DIRECTION('',(0.50022856154,-0.865893403497));
#5859 = ( GEOMETRIC_REPRESENTATION_CONTEXT(2) 
PARAMETRIC_REPRESENTATION_CONTEXT() REPRESENTATION_CONTEXT('2D SPACE',''
  ) );
#5860 = PCURVE('',#5861,#5866);
#5861 = CYLINDRICAL_SURFACE('',#5862,0.3);
#5862 = AXIS2_PLACEMENT_3D('',#5863,#5864,#5865);
#5863 = CARTESIAN_POINT('',(249.88001475152,9.320362315433,12.4));
#5864 = DIRECTION('',(-0.865893403497,-0.50022856154,0.));
#5865 = DIRECTION('',(0.,0.,1.));
#5866 = DEFINITIONAL_REPRESENTATION('',(#5867),#5871);
#5867 = LINE('',#5868,#5869);
#5868 = CARTESIAN_POINT('',(0.,0.));
#5869 = VECTOR('',#5870,1.);
#5870 = DIRECTION('',(0.,1.));
#5871 = ( GEOMETRIC_REPRESENTATION_CONTEXT(2) 
PARAMETRIC_REPRESENTATION_CONTEXT() REPRESENTATION_CONTEXT('2D SPACE',''
  ) );
#5872 = ORIENTED_EDGE('',*,*,#5873,.F.);
#5873 = EDGE_CURVE('',#5874,#5846,#5876,.T.);
#5874 = VERTEX_POINT('',#5875);
#5875 = CARTESIAN_POINT('',(236.72533987072,2.587430453409,12.7));
#5876 = SURFACE_CURVE('',#5877,(#5885,#5896),.PCURVE_S1.);
#5877 = B_SPLINE_CURVE_WITH_KNOTS('',6,(#5878,#5879,#5880,#5881,#5882,
    #5883,#5884),.UNSPECIFIED.,.F.,.F.,(7,7),(0.,2.09465904264),
  .PIECEWISE_BEZIER_KNOTS.);
#5878 = CARTESIAN_POINT('',(236.72533987072,2.587430453409,12.7));
#5879 = CARTESIAN_POINT('',(236.72533987072,2.41298196458,12.7));
#5880 = CARTESIAN_POINT('',(236.79821355403,2.238621603603,12.7));
#5881 = CARTESIAN_POINT('',(236.94444567397,2.101795197039,12.7));
#5882 = CARTESIAN_POINT('',(237.13627968861,2.042741838626,12.7));
#5883 = CARTESIAN_POINT('',(237.32407875208,2.066769923554,12.7));
#5884 = CARTESIAN_POINT('',(237.47533988805,2.154153821107,12.7));
#5885 = PCURVE('',#4623,#5886);
#5886 = DEFINITIONAL_REPRESENTATION('',(#5887),#5895);
#5887 = B_SPLINE_CURVE_WITH_KNOTS('',6,(#5888,#5889,#5890,#5891,#5892,
    #5893,#5894),.UNSPECIFIED.,.F.,.F.,(7,7),(0.,2.09465904264),
  .PIECEWISE_BEZIER_KNOTS.);
#5888 = CARTESIAN_POINT('',(54.562569546591,236.72533987072));
#5889 = CARTESIAN_POINT('',(54.73701803542,236.72533987072));
#5890 = CARTESIAN_POINT('',(54.911378396397,236.79821355403));
#5891 = CARTESIAN_POINT('',(55.048204802961,236.94444567397));
#5892 = CARTESIAN_POINT('',(55.107258161374,237.13627968861));
#5893 = CARTESIAN_POINT('',(55.083230076446,237.32407875208));
#5894 = CARTESIAN_POINT('',(54.995846178893,237.47533988805));
#5895 = ( GEOMETRIC_REPRESENTATION_CONTEXT(2) 
PARAMETRIC_REPRESENTATION_CONTEXT() REPRESENTATION_CONTEXT('2D SPACE',''
  ) );
#5896 = PCURVE('',#5897,#5919);
#5897 = ( BOUNDED_SURFACE() B_SPLINE_SURFACE(2,6,(
    (#5898,#5899,#5900,#5901,#5902,#5903,#5904)
    ,(#5905,#5906,#5907,#5908,#5909,#5910,#5911)
    ,(#5912,#5913,#5914,#5915,#5916,#5917,#5918
)),.UNSPECIFIED.,.F.,.F.,.F.) B_SPLINE_SURFACE_WITH_KNOTS((3,3),(7,7),(
    0.,2.09465904264),(0.,2.09465904264),.PIECEWISE_BEZIER_KNOTS.) 
GEOMETRIC_REPRESENTATION_ITEM() RATIONAL_B_SPLINE_SURFACE((
    (1.,1.,1.,1.,1.,1.,1.)
    ,(0.707106781187,0.702816197344,0.698499787525,0.695043379923
      ,0.69353366164,0.694147612644,0.696339051747)
,(1.,1.,1.,1.,1.,1.,1.))) REPRESENTATION_ITEM('') SURFACE() );
#5898 = CARTESIAN_POINT('',(236.72533987072,2.587430453409,12.7));
#5899 = CARTESIAN_POINT('',(236.72533987072,2.41298196458,12.7));
#5900 = CARTESIAN_POINT('',(236.79821355403,2.238621603603,12.7));
#5901 = CARTESIAN_POINT('',(236.94444567397,2.101795197039,12.7));
#5902 = CARTESIAN_POINT('',(237.13627968861,2.042741838626,12.7));
#5903 = CARTESIAN_POINT('',(237.32407875208,2.066769923554,12.7));
#5904 = CARTESIAN_POINT('',(237.47533988805,2.154153821107,12.7));
#5905 = CARTESIAN_POINT('',(237.02533987072,2.587430453409,12.7));
#5906 = CARTESIAN_POINT('',(237.02900277763,2.517289314177,12.7));
#5907 = CARTESIAN_POINT('',(237.06216189092,2.450278155226,12.7));
#5908 = CARTESIAN_POINT('',(237.12113113375,2.402894049925,12.7));
#5909 = CARTESIAN_POINT('',(237.19107886565,2.382455972988,12.7));
#5910 = CARTESIAN_POINT('',(237.26174465647,2.390045511501,12.7));
#5911 = CARTESIAN_POINT('',(237.32066500725,2.421895348219,12.7));
#5912 = CARTESIAN_POINT('',(237.02533987072,2.587430453409,12.4));
#5913 = CARTESIAN_POINT('',(237.02533987072,2.517714916712,
    12.396359318883));
#5914 = CARTESIAN_POINT('',(237.05434207072,2.448063681933,
    12.392722005996));
#5915 = CARTESIAN_POINT('',(237.11243568023,2.393046699104,
    12.389848789175));
#5916 = CARTESIAN_POINT('',(237.18945730715,2.369065335564,
    12.388596555463));
#5917 = CARTESIAN_POINT('',(237.26475258189,2.37873780552,12.38910166344
    ));
#5918 = CARTESIAN_POINT('',(237.32533987765,2.413803168458,
    12.390932844992));
#5919 = DEFINITIONAL_REPRESENTATION('',(#5920),#5924);
#5920 = LINE('',#5921,#5922);
#5921 = CARTESIAN_POINT('',(0.,0.));
#5922 = VECTOR('',#5923,1.);
#5923 = DIRECTION('',(0.,1.));
#5924 = ( GEOMETRIC_REPRESENTATION_CONTEXT(2) 
PARAMETRIC_REPRESENTATION_CONTEXT() REPRESENTATION_CONTEXT('2D SPACE',''
  ) );
#5925 = ORIENTED_EDGE('',*,*,#5926,.T.);
#5926 = EDGE_CURVE('',#5874,#5927,#5929,.T.);
#5927 = VERTEX_POINT('',#5928);
#5928 = CARTESIAN_POINT('',(236.72533987072,54.562569546591,12.7));
#5929 = SURFACE_CURVE('',#5930,(#5934,#5941),.PCURVE_S1.);
#5930 = LINE('',#5931,#5932);
#5931 = CARTESIAN_POINT('',(236.72533987072,2.251285354381,12.7));
#5932 = VECTOR('',#5933,1.);
#5933 = DIRECTION('',(0.,1.,0.));
#5934 = PCURVE('',#4623,#5935);
#5935 = DEFINITIONAL_REPRESENTATION('',(#5936),#5940);
#5936 = LINE('',#5937,#5938);
#5937 = CARTESIAN_POINT('',(54.898714645619,236.72533987072));
#5938 = VECTOR('',#5939,1.);
#5939 = DIRECTION('',(-1.,1.110223024625E-16));
#5940 = ( GEOMETRIC_REPRESENTATION_CONTEXT(2) 
PARAMETRIC_REPRESENTATION_CONTEXT() REPRESENTATION_CONTEXT('2D SPACE',''
  ) );
#5941 = PCURVE('',#5942,#5947);
#5942 = CYLINDRICAL_SURFACE('',#5943,0.3);
#5943 = AXIS2_PLACEMENT_3D('',#5944,#5945,#5946);
#5944 = CARTESIAN_POINT('',(236.72533987072,2.251285354381,12.4));
#5945 = DIRECTION('',(0.,1.,0.));
#5946 = DIRECTION('',(0.,-0.,1.));
#5947 = DEFINITIONAL_REPRESENTATION('',(#5948),#5952);
#5948 = LINE('',#5949,#5950);
#5949 = CARTESIAN_POINT('',(0.,0.));
#5950 = VECTOR('',#5951,1.);
#5951 = DIRECTION('',(0.,1.));
#5952 = ( GEOMETRIC_REPRESENTATION_CONTEXT(2) 
PARAMETRIC_REPRESENTATION_CONTEXT() REPRESENTATION_CONTEXT('2D SPACE',''
  ) );
#5953 = ORIENTED_EDGE('',*,*,#5954,.F.);
#5954 = EDGE_CURVE('',#5955,#5927,#5957,.T.);
#5955 = VERTEX_POINT('',#5956);
#5956 = CARTESIAN_POINT('',(237.47533988805,54.995846178893,12.7));
#5957 = SURFACE_CURVE('',#5958,(#5966,#5977),.PCURVE_S1.);
#5958 = B_SPLINE_CURVE_WITH_KNOTS('',6,(#5959,#5960,#5961,#5962,#5963,
    #5964,#5965),.UNSPECIFIED.,.F.,.F.,(7,7),(0.,2.09465904264),
  .PIECEWISE_BEZIER_KNOTS.);
#5959 = CARTESIAN_POINT('',(237.47533988805,54.995846178893,12.7));
#5960 = CARTESIAN_POINT('',(237.32407875208,55.083230076446,12.7));
#5961 = CARTESIAN_POINT('',(237.13627968861,55.107258161374,12.7));
#5962 = CARTESIAN_POINT('',(236.94444567397,55.048204802961,12.7));
#5963 = CARTESIAN_POINT('',(236.79821355403,54.911378396397,12.7));
#5964 = CARTESIAN_POINT('',(236.72533987072,54.73701803542,12.7));
#5965 = CARTESIAN_POINT('',(236.72533987072,54.562569546591,12.7));
#5966 = PCURVE('',#4623,#5967);
#5967 = DEFINITIONAL_REPRESENTATION('',(#5968),#5976);
#5968 = B_SPLINE_CURVE_WITH_KNOTS('',6,(#5969,#5970,#5971,#5972,#5973,
    #5974,#5975),.UNSPECIFIED.,.F.,.F.,(7,7),(0.,2.09465904264),
  .PIECEWISE_BEZIER_KNOTS.);
#5969 = CARTESIAN_POINT('',(2.154153821107,237.47533988805));
#5970 = CARTESIAN_POINT('',(2.066769923554,237.32407875208));
#5971 = CARTESIAN_POINT('',(2.042741838626,237.13627968861));
#5972 = CARTESIAN_POINT('',(2.101795197039,236.94444567397));
#5973 = CARTESIAN_POINT('',(2.238621603603,236.79821355403));
#5974 = CARTESIAN_POINT('',(2.41298196458,236.72533987072));
#5975 = CARTESIAN_POINT('',(2.587430453409,236.72533987072));
#5976 = ( GEOMETRIC_REPRESENTATION_CONTEXT(2) 
PARAMETRIC_REPRESENTATION_CONTEXT() REPRESENTATION_CONTEXT('2D SPACE',''
  ) );
#5977 = PCURVE('',#5978,#6000);
#5978 = ( BOUNDED_SURFACE() B_SPLINE_SURFACE(2,6,(
    (#5979,#5980,#5981,#5982,#5983,#5984,#5985)
    ,(#5986,#5987,#5988,#5989,#5990,#5991,#5992)
    ,(#5993,#5994,#5995,#5996,#5997,#5998,#5999
)),.UNSPECIFIED.,.F.,.F.,.F.) B_SPLINE_SURFACE_WITH_KNOTS((3,3),(7,7),(
    0.,2.09465904264),(0.,2.09465904264),.PIECEWISE_BEZIER_KNOTS.) 
GEOMETRIC_REPRESENTATION_ITEM() RATIONAL_B_SPLINE_SURFACE((
    (1.,1.,1.,1.,1.,1.,1.)
    ,(0.696339051747,0.694147612644,0.69353366164,0.695043379923
      ,0.698499787525,0.702816197344,0.707106781187)
,(1.,1.,1.,1.,1.,1.,1.))) REPRESENTATION_ITEM('') SURFACE() );
#5979 = CARTESIAN_POINT('',(237.47533988805,54.995846178893,12.7));
#5980 = CARTESIAN_POINT('',(237.32407875208,55.083230076446,12.7));
#5981 = CARTESIAN_POINT('',(237.13627968861,55.107258161374,12.7));
#5982 = CARTESIAN_POINT('',(236.94444567397,55.048204802961,12.7));
#5983 = CARTESIAN_POINT('',(236.79821355403,54.911378396397,12.7));
#5984 = CARTESIAN_POINT('',(236.72533987072,54.73701803542,12.7));
#5985 = CARTESIAN_POINT('',(236.72533987072,54.562569546591,12.7));
#5986 = CARTESIAN_POINT('',(237.32066500725,54.728104651781,12.7));
#5987 = CARTESIAN_POINT('',(237.26174465647,54.759954488499,12.7));
#5988 = CARTESIAN_POINT('',(237.19107886565,54.767544027012,12.7));
#5989 = CARTESIAN_POINT('',(237.12113113375,54.747105950075,12.7));
#5990 = CARTESIAN_POINT('',(237.06216189092,54.699721844774,12.7));
#5991 = CARTESIAN_POINT('',(237.02900277763,54.632710685823,12.7));
#5992 = CARTESIAN_POINT('',(237.02533987072,54.562569546591,12.7));
#5993 = CARTESIAN_POINT('',(237.32533987765,54.736196831542,
    12.390932844992));
#5994 = CARTESIAN_POINT('',(237.26475258189,54.77126219448,
    12.38910166344));
#5995 = CARTESIAN_POINT('',(237.18945730715,54.780934664436,
    12.388596555463));
#5996 = CARTESIAN_POINT('',(237.11243568023,54.756953300896,
    12.389848789175));
#5997 = CARTESIAN_POINT('',(237.05434207072,54.701936318067,
    12.392722005996));
#5998 = CARTESIAN_POINT('',(237.02533987072,54.632285083288,
    12.396359318883));
#5999 = CARTESIAN_POINT('',(237.02533987072,54.562569546591,12.4));
#6000 = DEFINITIONAL_REPRESENTATION('',(#6001),#6005);
#6001 = LINE('',#6002,#6003);
#6002 = CARTESIAN_POINT('',(0.,0.));
#6003 = VECTOR('',#6004,1.);
#6004 = DIRECTION('',(0.,1.));
#6005 = ( GEOMETRIC_REPRESENTATION_CONTEXT(2) 
PARAMETRIC_REPRESENTATION_CONTEXT() REPRESENTATION_CONTEXT('2D SPACE',''
  ) );
#6006 = ORIENTED_EDGE('',*,*,#6007,.T.);
#6007 = EDGE_CURVE('',#5955,#6008,#6010,.T.);
#6008 = VERTEX_POINT('',#6009);
#6009 = CARTESIAN_POINT('',(249.68956237187,47.939662451506,12.7));
#6010 = SURFACE_CURVE('',#6011,(#6015,#6022),.PCURVE_S1.);
#6011 = LINE('',#6012,#6013);
#6012 = CARTESIAN_POINT('',(237.18001475152,55.166456172731,12.7));
#6013 = VECTOR('',#6014,1.);
#6014 = DIRECTION('',(0.865893403497,-0.50022856154,0.));
#6015 = PCURVE('',#4623,#6016);
#6016 = DEFINITIONAL_REPRESENTATION('',(#6017),#6021);
#6017 = LINE('',#6018,#6019);
#6018 = CARTESIAN_POINT('',(1.983543827269,237.18001475152));
#6019 = VECTOR('',#6020,1.);
#6020 = DIRECTION('',(0.50022856154,0.865893403497));
#6021 = ( GEOMETRIC_REPRESENTATION_CONTEXT(2) 
PARAMETRIC_REPRESENTATION_CONTEXT() REPRESENTATION_CONTEXT('2D SPACE',''
  ) );
#6022 = PCURVE('',#6023,#6028);
#6023 = CYLINDRICAL_SURFACE('',#6024,0.3);
#6024 = AXIS2_PLACEMENT_3D('',#6025,#6026,#6027);
#6025 = CARTESIAN_POINT('',(237.18001475152,55.166456172731,12.4));
#6026 = DIRECTION('',(0.865893403497,-0.50022856154,0.));
#6027 = DIRECTION('',(0.,0.,1.));
#6028 = DEFINITIONAL_REPRESENTATION('',(#6029),#6033);
#6029 = LINE('',#6030,#6031);
#6030 = CARTESIAN_POINT('',(0.,0.));
#6031 = VECTOR('',#6032,1.);
#6032 = DIRECTION('',(0.,1.));
#6033 = ( GEOMETRIC_REPRESENTATION_CONTEXT(2) 
PARAMETRIC_REPRESENTATION_CONTEXT() REPRESENTATION_CONTEXT('2D SPACE',''
  ) );
#6034 = ORIENTED_EDGE('',*,*,#6035,.T.);
#6035 = EDGE_CURVE('',#6008,#6036,#6038,.T.);
#6036 = VERTEX_POINT('',#6037);
#6037 = CARTESIAN_POINT('',(249.72533987072,48.081828152267,12.7));
#6038 = SURFACE_CURVE('',#6039,(#6044,#6051),.PCURVE_S1.);
#6039 = ELLIPSE('',#6040,0.30018286329,0.3);
#6040 = AXIS2_PLACEMENT_3D('',#6041,#6042,#6043);
#6041 = CARTESIAN_POINT('',(249.42533987072,48.081828152267,12.7));
#6042 = DIRECTION('',(0.,0.,1.));
#6043 = DIRECTION('',(0.,-1.,0.));
#6044 = PCURVE('',#4623,#6045);
#6045 = DEFINITIONAL_REPRESENTATION('',(#6046),#6050);
#6046 = ELLIPSE('',#6047,0.30018286329,0.3);
#6047 = AXIS2_PLACEMENT_2D('',#6048,#6049);
#6048 = CARTESIAN_POINT('',(9.068171847733,249.42533987072));
#6049 = DIRECTION('',(1.,-1.110223024625E-16));
#6050 = ( GEOMETRIC_REPRESENTATION_CONTEXT(2) 
PARAMETRIC_REPRESENTATION_CONTEXT() REPRESENTATION_CONTEXT('2D SPACE',''
  ) );
#6051 = PCURVE('',#4970,#6052);
#6052 = DEFINITIONAL_REPRESENTATION('',(#6053),#6060);
#6053 = B_SPLINE_CURVE_WITH_KNOTS('',5,(#6054,#6055,#6056,#6057,#6058,
    #6059),.UNSPECIFIED.,.F.,.F.,(6,6),(1.07742596457,1.570796326795),
  .PIECEWISE_BEZIER_KNOTS.);
#6054 = CARTESIAN_POINT('',(5.789814944955,12.694557359062));
#6055 = CARTESIAN_POINT('',(5.8884890174,12.693646907895));
#6056 = CARTESIAN_POINT('',(5.987163089845,12.692676072824));
#6057 = CARTESIAN_POINT('',(6.08583716229,12.691663313375));
#6058 = CARTESIAN_POINT('',(6.184511234735,12.690629580018));
#6059 = CARTESIAN_POINT('',(6.28318530718,12.689595847657));
#6060 = ( GEOMETRIC_REPRESENTATION_CONTEXT(2) 
PARAMETRIC_REPRESENTATION_CONTEXT() REPRESENTATION_CONTEXT('2D SPACE',''
  ) );
#6061 = ORIENTED_EDGE('',*,*,#6062,.T.);
#6062 = EDGE_CURVE('',#6036,#5767,#6063,.T.);
#6063 = SURFACE_CURVE('',#6064,(#6068,#6075),.PCURVE_S1.);
#6064 = LINE('',#6065,#6066);
#6065 = CARTESIAN_POINT('',(249.72533987072,49.449746300783,12.7));
#6066 = VECTOR('',#6067,1.);
#6067 = DIRECTION('',(0.,1.,0.));
#6068 = PCURVE('',#4623,#6069);
#6069 = DEFINITIONAL_REPRESENTATION('',(#6070),#6074);
#6070 = LINE('',#6071,#6072);
#6071 = CARTESIAN_POINT('',(7.700253699217,249.72533987072));
#6072 = VECTOR('',#6073,1.);
#6073 = DIRECTION('',(-1.,1.110223024625E-16));
#6074 = ( GEOMETRIC_REPRESENTATION_CONTEXT(2) 
PARAMETRIC_REPRESENTATION_CONTEXT() REPRESENTATION_CONTEXT('2D SPACE',''
  ) );
#6075 = PCURVE('',#5001,#6076);
#6076 = DEFINITIONAL_REPRESENTATION('',(#6077),#6081);
#6077 = LINE('',#6078,#6079);
#6078 = CARTESIAN_POINT('',(6.337445111782,66.109805530777));
#6079 = VECTOR('',#6080,1.);
#6080 = DIRECTION('',(0.,-1.));
#6081 = ( GEOMETRIC_REPRESENTATION_CONTEXT(2) 
PARAMETRIC_REPRESENTATION_CONTEXT() REPRESENTATION_CONTEXT('2D SPACE',''
  ) );
#6082 = FACE_BOUND('',#6083,.T.);
#6083 = EDGE_LOOP('',(#6084,#6109,#6132,#6155,#6178,#6201));
#6084 = ORIENTED_EDGE('',*,*,#6085,.F.);
#6085 = EDGE_CURVE('',#6086,#6088,#6090,.T.);
#6086 = VERTEX_POINT('',#6087);
#6087 = CARTESIAN_POINT('',(61.2,14.025773216421,12.7));
#6088 = VERTEX_POINT('',#6089);
#6089 = CARTESIAN_POINT('',(73.8,21.300386608211,12.7));
#6090 = SURFACE_CURVE('',#6091,(#6095,#6102),.PCURVE_S1.);
#6091 = LINE('',#6092,#6093);
#6092 = CARTESIAN_POINT('',(47.586668978293,6.166112886467,12.7));
#6093 = VECTOR('',#6094,1.);
#6094 = DIRECTION('',(0.866025403784,0.5,0.));
#6095 = PCURVE('',#4623,#6096);
#6096 = DEFINITIONAL_REPRESENTATION('',(#6097),#6101);
#6097 = LINE('',#6098,#6099);
#6098 = CARTESIAN_POINT('',(50.983887113533,47.586668978293));
#6099 = VECTOR('',#6100,1.);
#6100 = DIRECTION('',(-0.5,0.866025403784));
#6101 = ( GEOMETRIC_REPRESENTATION_CONTEXT(2) 
PARAMETRIC_REPRESENTATION_CONTEXT() REPRESENTATION_CONTEXT('2D SPACE',''
  ) );
#6102 = PCURVE('',#5054,#6103);
#6103 = DEFINITIONAL_REPRESENTATION('',(#6104),#6108);
#6104 = LINE('',#6105,#6106);
#6105 = CARTESIAN_POINT('',(-15.7193206599,-12.7));
#6106 = VECTOR('',#6107,1.);
#6107 = DIRECTION('',(1.,0.));
#6108 = ( GEOMETRIC_REPRESENTATION_CONTEXT(2) 
PARAMETRIC_REPRESENTATION_CONTEXT() REPRESENTATION_CONTEXT('2D SPACE',''
  ) );
#6109 = ORIENTED_EDGE('',*,*,#6110,.F.);
#6110 = EDGE_CURVE('',#6111,#6086,#6113,.T.);
#6111 = VERTEX_POINT('',#6112);
#6112 = CARTESIAN_POINT('',(48.6,21.300386608211,12.7));
#6113 = SURFACE_CURVE('',#6114,(#6118,#6125),.PCURVE_S1.);
#6114 = LINE('',#6115,#6116);
#6115 = CARTESIAN_POINT('',(22.613331021718,36.303796938172,12.7));
#6116 = VECTOR('',#6117,1.);
#6117 = DIRECTION('',(0.866025403784,-0.5,0.));
#6118 = PCURVE('',#4623,#6119);
#6119 = DEFINITIONAL_REPRESENTATION('',(#6120),#6124);
#6120 = LINE('',#6121,#6122);
#6121 = CARTESIAN_POINT('',(20.846203061828,22.613331021718));
#6122 = VECTOR('',#6123,1.);
#6123 = DIRECTION('',(0.5,0.866025403784));
#6124 = ( GEOMETRIC_REPRESENTATION_CONTEXT(2) 
PARAMETRIC_REPRESENTATION_CONTEXT() REPRESENTATION_CONTEXT('2D SPACE',''
  ) );
#6125 = PCURVE('',#5082,#6126);
#6126 = DEFINITIONAL_REPRESENTATION('',(#6127),#6131);
#6127 = LINE('',#6128,#6129);
#6128 = CARTESIAN_POINT('',(-30.00682065991,-12.7));
#6129 = VECTOR('',#6130,1.);
#6130 = DIRECTION('',(1.,0.));
#6131 = ( GEOMETRIC_REPRESENTATION_CONTEXT(2) 
PARAMETRIC_REPRESENTATION_CONTEXT() REPRESENTATION_CONTEXT('2D SPACE',''
  ) );
#6132 = ORIENTED_EDGE('',*,*,#6133,.F.);
#6133 = EDGE_CURVE('',#6134,#6111,#6136,.T.);
#6134 = VERTEX_POINT('',#6135);
#6135 = CARTESIAN_POINT('',(48.6,35.849613391789,12.7));
#6136 = SURFACE_CURVE('',#6137,(#6141,#6148),.PCURVE_S1.);
#6137 = LINE('',#6138,#6139);
#6138 = CARTESIAN_POINT('',(48.6,46.499806695894,12.7));
#6139 = VECTOR('',#6140,1.);
#6140 = DIRECTION('',(1.110223024625E-16,-1.,0.));
#6141 = PCURVE('',#4623,#6142);
#6142 = DEFINITIONAL_REPRESENTATION('',(#6143),#6147);
#6143 = LINE('',#6144,#6145);
#6144 = CARTESIAN_POINT('',(10.650193304106,48.6));
#6145 = VECTOR('',#6146,1.);
#6146 = DIRECTION('',(1.,0.));
#6147 = ( GEOMETRIC_REPRESENTATION_CONTEXT(2) 
PARAMETRIC_REPRESENTATION_CONTEXT() REPRESENTATION_CONTEXT('2D SPACE',''
  ) );
#6148 = PCURVE('',#5110,#6149);
#6149 = DEFINITIONAL_REPRESENTATION('',(#6150),#6154);
#6150 = LINE('',#6151,#6152);
#6151 = CARTESIAN_POINT('',(-10.6501933041,-12.7));
#6152 = VECTOR('',#6153,1.);
#6153 = DIRECTION('',(1.,0.));
#6154 = ( GEOMETRIC_REPRESENTATION_CONTEXT(2) 
PARAMETRIC_REPRESENTATION_CONTEXT() REPRESENTATION_CONTEXT('2D SPACE',''
  ) );
#6155 = ORIENTED_EDGE('',*,*,#6156,.F.);
#6156 = EDGE_CURVE('',#6157,#6134,#6159,.T.);
#6157 = VERTEX_POINT('',#6158);
#6158 = CARTESIAN_POINT('',(61.2,43.124226783579,12.7));
#6159 = SURFACE_CURVE('',#6160,(#6164,#6171),.PCURVE_S1.);
#6160 = LINE('',#6161,#6162);
#6161 = CARTESIAN_POINT('',(41.286668978292,31.627259757728,12.7));
#6162 = VECTOR('',#6163,1.);
#6163 = DIRECTION('',(-0.866025403784,-0.5,0.));
#6164 = PCURVE('',#4623,#6165);
#6165 = DEFINITIONAL_REPRESENTATION('',(#6166),#6170);
#6166 = LINE('',#6167,#6168);
#6167 = CARTESIAN_POINT('',(25.522740242272,41.286668978292));
#6168 = VECTOR('',#6169,1.);
#6169 = DIRECTION('',(0.5,-0.866025403784));
#6170 = ( GEOMETRIC_REPRESENTATION_CONTEXT(2) 
PARAMETRIC_REPRESENTATION_CONTEXT() REPRESENTATION_CONTEXT('2D SPACE',''
  ) );
#6171 = PCURVE('',#5138,#6172);
#6172 = DEFINITIONAL_REPRESENTATION('',(#6173),#6177);
#6173 = LINE('',#6174,#6175);
#6174 = CARTESIAN_POINT('',(22.993934051693,-12.7));
#6175 = VECTOR('',#6176,1.);
#6176 = DIRECTION('',(1.,0.));
#6177 = ( GEOMETRIC_REPRESENTATION_CONTEXT(2) 
PARAMETRIC_REPRESENTATION_CONTEXT() REPRESENTATION_CONTEXT('2D SPACE',''
  ) );
#6178 = ORIENTED_EDGE('',*,*,#6179,.F.);
#6179 = EDGE_CURVE('',#6180,#6157,#6182,.T.);
#6180 = VERTEX_POINT('',#6181);
#6181 = CARTESIAN_POINT('',(73.8,35.849613391789,12.7));
#6182 = SURFACE_CURVE('',#6183,(#6187,#6194),.PCURVE_S1.);
#6183 = LINE('',#6184,#6185);
#6184 = CARTESIAN_POINT('',(41.513331021721,54.490330417644,12.7));
#6185 = VECTOR('',#6186,1.);
#6186 = DIRECTION('',(-0.866025403784,0.5,0.));
#6187 = PCURVE('',#4623,#6188);
#6188 = DEFINITIONAL_REPRESENTATION('',(#6189),#6193);
#6189 = LINE('',#6190,#6191);
#6190 = CARTESIAN_POINT('',(2.659669582356,41.513331021721));
#6191 = VECTOR('',#6192,1.);
#6192 = DIRECTION('',(-0.5,-0.866025403784));
#6193 = ( GEOMETRIC_REPRESENTATION_CONTEXT(2) 
PARAMETRIC_REPRESENTATION_CONTEXT() REPRESENTATION_CONTEXT('2D SPACE',''
  ) );
#6194 = PCURVE('',#5166,#6195);
#6195 = DEFINITIONAL_REPRESENTATION('',(#6196),#6200);
#6196 = LINE('',#6197,#6198);
#6197 = CARTESIAN_POINT('',(37.281434051696,-12.7));
#6198 = VECTOR('',#6199,1.);
#6199 = DIRECTION('',(1.,-0.));
#6200 = ( GEOMETRIC_REPRESENTATION_CONTEXT(2) 
PARAMETRIC_REPRESENTATION_CONTEXT() REPRESENTATION_CONTEXT('2D SPACE',''
  ) );
#6201 = ORIENTED_EDGE('',*,*,#6202,.F.);
#6202 = EDGE_CURVE('',#6088,#6180,#6203,.T.);
#6203 = SURFACE_CURVE('',#6204,(#6208,#6215),.PCURVE_S1.);
#6204 = LINE('',#6205,#6206);
#6205 = CARTESIAN_POINT('',(73.8,39.225193304105,12.7));
#6206 = VECTOR('',#6207,1.);
#6207 = DIRECTION('',(-1.110223024625E-16,1.,0.));
#6208 = PCURVE('',#4623,#6209);
#6209 = DEFINITIONAL_REPRESENTATION('',(#6210),#6214);
#6210 = LINE('',#6211,#6212);
#6211 = CARTESIAN_POINT('',(17.924806695895,73.8));
#6212 = VECTOR('',#6213,1.);
#6213 = DIRECTION('',(-1.,0.));
#6214 = ( GEOMETRIC_REPRESENTATION_CONTEXT(2) 
PARAMETRIC_REPRESENTATION_CONTEXT() REPRESENTATION_CONTEXT('2D SPACE',''
  ) );
#6215 = PCURVE('',#5192,#6216);
#6216 = DEFINITIONAL_REPRESENTATION('',(#6217),#6221);
#6217 = LINE('',#6218,#6219);
#6218 = CARTESIAN_POINT('',(17.924806695894,-12.7));
#6219 = VECTOR('',#6220,1.);
#6220 = DIRECTION('',(1.,0.));
#6221 = ( GEOMETRIC_REPRESENTATION_CONTEXT(2) 
PARAMETRIC_REPRESENTATION_CONTEXT() REPRESENTATION_CONTEXT('2D SPACE',''
  ) );
#6222 = FACE_BOUND('',#6223,.T.);
#6223 = EDGE_LOOP('',(#6224,#6249,#6272,#6295,#6318,#6341));
#6224 = ORIENTED_EDGE('',*,*,#6225,.F.);
#6225 = EDGE_CURVE('',#6226,#6228,#6230,.T.);
#6226 = VERTEX_POINT('',#6227);
#6227 = CARTESIAN_POINT('',(96.4,14.025773216421,12.7));
#6228 = VERTEX_POINT('',#6229);
#6229 = CARTESIAN_POINT('',(109.,21.300386608211,12.7));
#6230 = SURFACE_CURVE('',#6231,(#6235,#6242),.PCURVE_S1.);
#6231 = LINE('',#6232,#6233);
#6232 = CARTESIAN_POINT('',(69.586668978297,-1.454910666838,12.7));
#6233 = VECTOR('',#6234,1.);
#6234 = DIRECTION('',(0.866025403784,0.5,0.));
#6235 = PCURVE('',#4623,#6236);
#6236 = DEFINITIONAL_REPRESENTATION('',(#6237),#6241);
#6237 = LINE('',#6238,#6239);
#6238 = CARTESIAN_POINT('',(58.604910666838,69.586668978297));
#6239 = VECTOR('',#6240,1.);
#6240 = DIRECTION('',(-0.5,0.866025403784));
#6241 = ( GEOMETRIC_REPRESENTATION_CONTEXT(2) 
PARAMETRIC_REPRESENTATION_CONTEXT() REPRESENTATION_CONTEXT('2D SPACE',''
  ) );
#6242 = PCURVE('',#5394,#6243);
#6243 = DEFINITIONAL_REPRESENTATION('',(#6244),#6248);
#6244 = LINE('',#6245,#6246);
#6245 = CARTESIAN_POINT('',(-30.9613677665,-12.7));
#6246 = VECTOR('',#6247,1.);
#6247 = DIRECTION('',(1.,0.));
#6248 = ( GEOMETRIC_REPRESENTATION_CONTEXT(2) 
PARAMETRIC_REPRESENTATION_CONTEXT() REPRESENTATION_CONTEXT('2D SPACE',''
  ) );
#6249 = ORIENTED_EDGE('',*,*,#6250,.F.);
#6250 = EDGE_CURVE('',#6251,#6226,#6253,.T.);
#6251 = VERTEX_POINT('',#6252);
#6252 = CARTESIAN_POINT('',(83.8,21.300386608211,12.7));
#6253 = SURFACE_CURVE('',#6254,(#6258,#6265),.PCURVE_S1.);
#6254 = LINE('',#6255,#6256);
#6255 = CARTESIAN_POINT('',(44.613331021721,43.924820491477,12.7));
#6256 = VECTOR('',#6257,1.);
#6257 = DIRECTION('',(0.866025403784,-0.5,0.));
#6258 = PCURVE('',#4623,#6259);
#6259 = DEFINITIONAL_REPRESENTATION('',(#6260),#6264);
#6260 = LINE('',#6261,#6262);
#6261 = CARTESIAN_POINT('',(13.225179508523,44.613331021721));
#6262 = VECTOR('',#6263,1.);
#6263 = DIRECTION('',(0.5,0.866025403784));
#6264 = ( GEOMETRIC_REPRESENTATION_CONTEXT(2) 
PARAMETRIC_REPRESENTATION_CONTEXT() REPRESENTATION_CONTEXT('2D SPACE',''
  ) );
#6265 = PCURVE('',#5422,#6266);
#6266 = DEFINITIONAL_REPRESENTATION('',(#6267),#6271);
#6267 = LINE('',#6268,#6269);
#6268 = CARTESIAN_POINT('',(-45.24886776651,-12.7));
#6269 = VECTOR('',#6270,1.);
#6270 = DIRECTION('',(1.,0.));
#6271 = ( GEOMETRIC_REPRESENTATION_CONTEXT(2) 
PARAMETRIC_REPRESENTATION_CONTEXT() REPRESENTATION_CONTEXT('2D SPACE',''
  ) );
#6272 = ORIENTED_EDGE('',*,*,#6273,.F.);
#6273 = EDGE_CURVE('',#6274,#6251,#6276,.T.);
#6274 = VERTEX_POINT('',#6275);
#6275 = CARTESIAN_POINT('',(83.8,35.849613391789,12.7));
#6276 = SURFACE_CURVE('',#6277,(#6281,#6288),.PCURVE_S1.);
#6277 = LINE('',#6278,#6279);
#6278 = CARTESIAN_POINT('',(83.8,46.499806695894,12.7));
#6279 = VECTOR('',#6280,1.);
#6280 = DIRECTION('',(1.110223024625E-16,-1.,0.));
#6281 = PCURVE('',#4623,#6282);
#6282 = DEFINITIONAL_REPRESENTATION('',(#6283),#6287);
#6283 = LINE('',#6284,#6285);
#6284 = CARTESIAN_POINT('',(10.650193304106,83.8));
#6285 = VECTOR('',#6286,1.);
#6286 = DIRECTION('',(1.,0.));
#6287 = ( GEOMETRIC_REPRESENTATION_CONTEXT(2) 
PARAMETRIC_REPRESENTATION_CONTEXT() REPRESENTATION_CONTEXT('2D SPACE',''
  ) );
#6288 = PCURVE('',#5450,#6289);
#6289 = DEFINITIONAL_REPRESENTATION('',(#6290),#6294);
#6290 = LINE('',#6291,#6292);
#6291 = CARTESIAN_POINT('',(-10.6501933041,-12.7));
#6292 = VECTOR('',#6293,1.);
#6293 = DIRECTION('',(1.,0.));
#6294 = ( GEOMETRIC_REPRESENTATION_CONTEXT(2) 
PARAMETRIC_REPRESENTATION_CONTEXT() REPRESENTATION_CONTEXT('2D SPACE',''
  ) );
#6295 = ORIENTED_EDGE('',*,*,#6296,.F.);
#6296 = EDGE_CURVE('',#6297,#6274,#6299,.T.);
#6297 = VERTEX_POINT('',#6298);
#6298 = CARTESIAN_POINT('',(96.4,43.124226783579,12.7));
#6299 = SURFACE_CURVE('',#6300,(#6304,#6311),.PCURVE_S1.);
#6300 = LINE('',#6301,#6302);
#6301 = CARTESIAN_POINT('',(63.286668978295,24.006236204423,12.7));
#6302 = VECTOR('',#6303,1.);
#6303 = DIRECTION('',(-0.866025403784,-0.5,0.));
#6304 = PCURVE('',#4623,#6305);
#6305 = DEFINITIONAL_REPRESENTATION('',(#6306),#6310);
#6306 = LINE('',#6307,#6308);
#6307 = CARTESIAN_POINT('',(33.143763795577,63.286668978295));
#6308 = VECTOR('',#6309,1.);
#6309 = DIRECTION('',(0.5,-0.866025403784));
#6310 = ( GEOMETRIC_REPRESENTATION_CONTEXT(2) 
PARAMETRIC_REPRESENTATION_CONTEXT() REPRESENTATION_CONTEXT('2D SPACE',''
  ) );
#6311 = PCURVE('',#5478,#6312);
#6312 = DEFINITIONAL_REPRESENTATION('',(#6313),#6317);
#6313 = LINE('',#6314,#6315);
#6314 = CARTESIAN_POINT('',(38.235981158298,-12.7));
#6315 = VECTOR('',#6316,1.);
#6316 = DIRECTION('',(1.,0.));
#6317 = ( GEOMETRIC_REPRESENTATION_CONTEXT(2) 
PARAMETRIC_REPRESENTATION_CONTEXT() REPRESENTATION_CONTEXT('2D SPACE',''
  ) );
#6318 = ORIENTED_EDGE('',*,*,#6319,.F.);
#6319 = EDGE_CURVE('',#6320,#6297,#6322,.T.);
#6320 = VERTEX_POINT('',#6321);
#6321 = CARTESIAN_POINT('',(109.,35.849613391789,12.7));
#6322 = SURFACE_CURVE('',#6323,(#6327,#6334),.PCURVE_S1.);
#6323 = LINE('',#6324,#6325);
#6324 = CARTESIAN_POINT('',(63.513331021724,62.111353970949,12.7));
#6325 = VECTOR('',#6326,1.);
#6326 = DIRECTION('',(-0.866025403784,0.5,0.));
#6327 = PCURVE('',#4623,#6328);
#6328 = DEFINITIONAL_REPRESENTATION('',(#6329),#6333);
#6329 = LINE('',#6330,#6331);
#6330 = CARTESIAN_POINT('',(-4.961353970949,63.513331021724));
#6331 = VECTOR('',#6332,1.);
#6332 = DIRECTION('',(-0.5,-0.866025403784));
#6333 = ( GEOMETRIC_REPRESENTATION_CONTEXT(2) 
PARAMETRIC_REPRESENTATION_CONTEXT() REPRESENTATION_CONTEXT('2D SPACE',''
  ) );
#6334 = PCURVE('',#5506,#6335);
#6335 = DEFINITIONAL_REPRESENTATION('',(#6336),#6340);
#6336 = LINE('',#6337,#6338);
#6337 = CARTESIAN_POINT('',(52.523481158301,-12.7));
#6338 = VECTOR('',#6339,1.);
#6339 = DIRECTION('',(1.,-0.));
#6340 = ( GEOMETRIC_REPRESENTATION_CONTEXT(2) 
PARAMETRIC_REPRESENTATION_CONTEXT() REPRESENTATION_CONTEXT('2D SPACE',''
  ) );
#6341 = ORIENTED_EDGE('',*,*,#6342,.F.);
#6342 = EDGE_CURVE('',#6228,#6320,#6343,.T.);
#6343 = SURFACE_CURVE('',#6344,(#6348,#6355),.PCURVE_S1.);
#6344 = LINE('',#6345,#6346);
#6345 = CARTESIAN_POINT('',(109.,39.225193304105,12.7));
#6346 = VECTOR('',#6347,1.);
#6347 = DIRECTION('',(-1.110223024625E-16,1.,0.));
#6348 = PCURVE('',#4623,#6349);
#6349 = DEFINITIONAL_REPRESENTATION('',(#6350),#6354);
#6350 = LINE('',#6351,#6352);
#6351 = CARTESIAN_POINT('',(17.924806695895,109.));
#6352 = VECTOR('',#6353,1.);
#6353 = DIRECTION('',(-1.,0.));
#6354 = ( GEOMETRIC_REPRESENTATION_CONTEXT(2) 
PARAMETRIC_REPRESENTATION_CONTEXT() REPRESENTATION_CONTEXT('2D SPACE',''
  ) );
#6355 = PCURVE('',#5532,#6356);
#6356 = DEFINITIONAL_REPRESENTATION('',(#6357),#6361);
#6357 = LINE('',#6358,#6359);
#6358 = CARTESIAN_POINT('',(17.924806695894,-12.7));
#6359 = VECTOR('',#6360,1.);
#6360 = DIRECTION('',(1.,0.));
#6361 = ( GEOMETRIC_REPRESENTATION_CONTEXT(2) 
PARAMETRIC_REPRESENTATION_CONTEXT() REPRESENTATION_CONTEXT('2D SPACE',''
  ) );
#6362 = FACE_BOUND('',#6363,.T.);
#6363 = EDGE_LOOP('',(#6364,#6389,#6412,#6435,#6458,#6481));
#6364 = ORIENTED_EDGE('',*,*,#6365,.F.);
#6365 = EDGE_CURVE('',#6366,#6368,#6370,.T.);
#6366 = VERTEX_POINT('',#6367);
#6367 = CARTESIAN_POINT('',(131.6,14.025773216421,12.7));
#6368 = VERTEX_POINT('',#6369);
#6369 = CARTESIAN_POINT('',(144.2,21.300386608211,12.7));
#6370 = SURFACE_CURVE('',#6371,(#6375,#6382),.PCURVE_S1.);
#6371 = LINE('',#6372,#6373);
#6372 = CARTESIAN_POINT('',(91.5866689783,-9.075934220143,12.7));
#6373 = VECTOR('',#6374,1.);
#6374 = DIRECTION('',(0.866025403784,0.5,0.));
#6375 = PCURVE('',#4623,#6376);
#6376 = DEFINITIONAL_REPRESENTATION('',(#6377),#6381);
#6377 = LINE('',#6378,#6379);
#6378 = CARTESIAN_POINT('',(66.225934220143,91.5866689783));
#6379 = VECTOR('',#6380,1.);
#6380 = DIRECTION('',(-0.5,0.866025403784));
#6381 = ( GEOMETRIC_REPRESENTATION_CONTEXT(2) 
PARAMETRIC_REPRESENTATION_CONTEXT() REPRESENTATION_CONTEXT('2D SPACE',''
  ) );
#6382 = PCURVE('',#5224,#6383);
#6383 = DEFINITIONAL_REPRESENTATION('',(#6384),#6388);
#6384 = LINE('',#6385,#6386);
#6385 = CARTESIAN_POINT('',(-46.20341487311,-12.7));
#6386 = VECTOR('',#6387,1.);
#6387 = DIRECTION('',(1.,0.));
#6388 = ( GEOMETRIC_REPRESENTATION_CONTEXT(2) 
PARAMETRIC_REPRESENTATION_CONTEXT() REPRESENTATION_CONTEXT('2D SPACE',''
  ) );
#6389 = ORIENTED_EDGE('',*,*,#6390,.F.);
#6390 = EDGE_CURVE('',#6391,#6366,#6393,.T.);
#6391 = VERTEX_POINT('',#6392);
#6392 = CARTESIAN_POINT('',(119.,21.300386608211,12.7));
#6393 = SURFACE_CURVE('',#6394,(#6398,#6405),.PCURVE_S1.);
#6394 = LINE('',#6395,#6396);
#6395 = CARTESIAN_POINT('',(66.613331021724,51.545844044782,12.7));
#6396 = VECTOR('',#6397,1.);
#6397 = DIRECTION('',(0.866025403784,-0.5,0.));
#6398 = PCURVE('',#4623,#6399);
#6399 = DEFINITIONAL_REPRESENTATION('',(#6400),#6404);
#6400 = LINE('',#6401,#6402);
#6401 = CARTESIAN_POINT('',(5.604155955218,66.613331021724));
#6402 = VECTOR('',#6403,1.);
#6403 = DIRECTION('',(0.5,0.866025403784));
#6404 = ( GEOMETRIC_REPRESENTATION_CONTEXT(2) 
PARAMETRIC_REPRESENTATION_CONTEXT() REPRESENTATION_CONTEXT('2D SPACE',''
  ) );
#6405 = PCURVE('',#5252,#6406);
#6406 = DEFINITIONAL_REPRESENTATION('',(#6407),#6411);
#6407 = LINE('',#6408,#6409);
#6408 = CARTESIAN_POINT('',(-60.49091487311,-12.7));
#6409 = VECTOR('',#6410,1.);
#6410 = DIRECTION('',(1.,0.));
#6411 = ( GEOMETRIC_REPRESENTATION_CONTEXT(2) 
PARAMETRIC_REPRESENTATION_CONTEXT() REPRESENTATION_CONTEXT('2D SPACE',''
  ) );
#6412 = ORIENTED_EDGE('',*,*,#6413,.F.);
#6413 = EDGE_CURVE('',#6414,#6391,#6416,.T.);
#6414 = VERTEX_POINT('',#6415);
#6415 = CARTESIAN_POINT('',(119.,35.849613391789,12.7));
#6416 = SURFACE_CURVE('',#6417,(#6421,#6428),.PCURVE_S1.);
#6417 = LINE('',#6418,#6419);
#6418 = CARTESIAN_POINT('',(119.,46.499806695894,12.7));
#6419 = VECTOR('',#6420,1.);
#6420 = DIRECTION('',(1.110223024625E-16,-1.,0.));
#6421 = PCURVE('',#4623,#6422);
#6422 = DEFINITIONAL_REPRESENTATION('',(#6423),#6427);
#6423 = LINE('',#6424,#6425);
#6424 = CARTESIAN_POINT('',(10.650193304106,119.));
#6425 = VECTOR('',#6426,1.);
#6426 = DIRECTION('',(1.,0.));
#6427 = ( GEOMETRIC_REPRESENTATION_CONTEXT(2) 
PARAMETRIC_REPRESENTATION_CONTEXT() REPRESENTATION_CONTEXT('2D SPACE',''
  ) );
#6428 = PCURVE('',#5280,#6429);
#6429 = DEFINITIONAL_REPRESENTATION('',(#6430),#6434);
#6430 = LINE('',#6431,#6432);
#6431 = CARTESIAN_POINT('',(-10.6501933041,-12.7));
#6432 = VECTOR('',#6433,1.);
#6433 = DIRECTION('',(1.,0.));
#6434 = ( GEOMETRIC_REPRESENTATION_CONTEXT(2) 
PARAMETRIC_REPRESENTATION_CONTEXT() REPRESENTATION_CONTEXT('2D SPACE',''
  ) );
#6435 = ORIENTED_EDGE('',*,*,#6436,.F.);
#6436 = EDGE_CURVE('',#6437,#6414,#6439,.T.);
#6437 = VERTEX_POINT('',#6438);
#6438 = CARTESIAN_POINT('',(131.6,43.124226783579,12.7));
#6439 = SURFACE_CURVE('',#6440,(#6444,#6451),.PCURVE_S1.);
#6440 = LINE('',#6441,#6442);
#6441 = CARTESIAN_POINT('',(85.286668978298,16.385212651118,12.7));
#6442 = VECTOR('',#6443,1.);
#6443 = DIRECTION('',(-0.866025403784,-0.5,0.));
#6444 = PCURVE('',#4623,#6445);
#6445 = DEFINITIONAL_REPRESENTATION('',(#6446),#6450);
#6446 = LINE('',#6447,#6448);
#6447 = CARTESIAN_POINT('',(40.764787348882,85.286668978298));
#6448 = VECTOR('',#6449,1.);
#6449 = DIRECTION('',(0.5,-0.866025403784));
#6450 = ( GEOMETRIC_REPRESENTATION_CONTEXT(2) 
PARAMETRIC_REPRESENTATION_CONTEXT() REPRESENTATION_CONTEXT('2D SPACE',''
  ) );
#6451 = PCURVE('',#5308,#6452);
#6452 = DEFINITIONAL_REPRESENTATION('',(#6453),#6457);
#6453 = LINE('',#6454,#6455);
#6454 = CARTESIAN_POINT('',(53.478028264902,-12.7));
#6455 = VECTOR('',#6456,1.);
#6456 = DIRECTION('',(1.,0.));
#6457 = ( GEOMETRIC_REPRESENTATION_CONTEXT(2) 
PARAMETRIC_REPRESENTATION_CONTEXT() REPRESENTATION_CONTEXT('2D SPACE',''
  ) );
#6458 = ORIENTED_EDGE('',*,*,#6459,.F.);
#6459 = EDGE_CURVE('',#6460,#6437,#6462,.T.);
#6460 = VERTEX_POINT('',#6461);
#6461 = CARTESIAN_POINT('',(144.2,35.849613391789,12.7));
#6462 = SURFACE_CURVE('',#6463,(#6467,#6474),.PCURVE_S1.);
#6463 = LINE('',#6464,#6465);
#6464 = CARTESIAN_POINT('',(85.513331021727,69.73237752425,12.7));
#6465 = VECTOR('',#6466,1.);
#6466 = DIRECTION('',(-0.866025403784,0.5,0.));
#6467 = PCURVE('',#4623,#6468);
#6468 = DEFINITIONAL_REPRESENTATION('',(#6469),#6473);
#6469 = LINE('',#6470,#6471);
#6470 = CARTESIAN_POINT('',(-12.58237752425,85.513331021727));
#6471 = VECTOR('',#6472,1.);
#6472 = DIRECTION('',(-0.5,-0.866025403784));
#6473 = ( GEOMETRIC_REPRESENTATION_CONTEXT(2) 
PARAMETRIC_REPRESENTATION_CONTEXT() REPRESENTATION_CONTEXT('2D SPACE',''
  ) );
#6474 = PCURVE('',#5336,#6475);
#6475 = DEFINITIONAL_REPRESENTATION('',(#6476),#6480);
#6476 = LINE('',#6477,#6478);
#6477 = CARTESIAN_POINT('',(67.765528264903,-12.7));
#6478 = VECTOR('',#6479,1.);
#6479 = DIRECTION('',(1.,-0.));
#6480 = ( GEOMETRIC_REPRESENTATION_CONTEXT(2) 
PARAMETRIC_REPRESENTATION_CONTEXT() REPRESENTATION_CONTEXT('2D SPACE',''
  ) );
#6481 = ORIENTED_EDGE('',*,*,#6482,.F.);
#6482 = EDGE_CURVE('',#6368,#6460,#6483,.T.);
#6483 = SURFACE_CURVE('',#6484,(#6488,#6495),.PCURVE_S1.);
#6484 = LINE('',#6485,#6486);
#6485 = CARTESIAN_POINT('',(144.2,39.225193304105,12.7));
#6486 = VECTOR('',#6487,1.);
#6487 = DIRECTION('',(-1.110223024625E-16,1.,0.));
#6488 = PCURVE('',#4623,#6489);
#6489 = DEFINITIONAL_REPRESENTATION('',(#6490),#6494);
#6490 = LINE('',#6491,#6492);
#6491 = CARTESIAN_POINT('',(17.924806695895,144.2));
#6492 = VECTOR('',#6493,1.);
#6493 = DIRECTION('',(-1.,0.));
#6494 = ( GEOMETRIC_REPRESENTATION_CONTEXT(2) 
PARAMETRIC_REPRESENTATION_CONTEXT() REPRESENTATION_CONTEXT('2D SPACE',''
  ) );
#6495 = PCURVE('',#5362,#6496);
#6496 = DEFINITIONAL_REPRESENTATION('',(#6497),#6501);
#6497 = LINE('',#6498,#6499);
#6498 = CARTESIAN_POINT('',(17.924806695894,-12.7));
#6499 = VECTOR('',#6500,1.);
#6500 = DIRECTION('',(1.,0.));
#6501 = ( GEOMETRIC_REPRESENTATION_CONTEXT(2) 
PARAMETRIC_REPRESENTATION_CONTEXT() REPRESENTATION_CONTEXT('2D SPACE',''
  ) );
#6502 = FACE_BOUND('',#6503,.T.);
#6503 = EDGE_LOOP('',(#6504,#6529,#6552,#6575,#6598,#6621));
#6504 = ORIENTED_EDGE('',*,*,#6505,.F.);
#6505 = EDGE_CURVE('',#6506,#6508,#6510,.T.);
#6506 = VERTEX_POINT('',#6507);
#6507 = CARTESIAN_POINT('',(166.8,14.025773216421,12.7));
#6508 = VERTEX_POINT('',#6509);
#6509 = CARTESIAN_POINT('',(179.4,21.300386608211,12.7));
#6510 = SURFACE_CURVE('',#6511,(#6515,#6522),.PCURVE_S1.);
#6511 = LINE('',#6512,#6513);
#6512 = CARTESIAN_POINT('',(113.5866689783,-16.69695777344,12.7));
#6513 = VECTOR('',#6514,1.);
#6514 = DIRECTION('',(0.866025403784,0.5,0.));
#6515 = PCURVE('',#4623,#6516);
#6516 = DEFINITIONAL_REPRESENTATION('',(#6517),#6521);
#6517 = LINE('',#6518,#6519);
#6518 = CARTESIAN_POINT('',(73.846957773448,113.5866689783));
#6519 = VECTOR('',#6520,1.);
#6520 = DIRECTION('',(-0.5,0.866025403784));
#6521 = ( GEOMETRIC_REPRESENTATION_CONTEXT(2) 
PARAMETRIC_REPRESENTATION_CONTEXT() REPRESENTATION_CONTEXT('2D SPACE',''
  ) );
#6522 = PCURVE('',#5564,#6523);
#6523 = DEFINITIONAL_REPRESENTATION('',(#6524),#6528);
#6524 = LINE('',#6525,#6526);
#6525 = CARTESIAN_POINT('',(-61.44546197971,-12.7));
#6526 = VECTOR('',#6527,1.);
#6527 = DIRECTION('',(1.,0.));
#6528 = ( GEOMETRIC_REPRESENTATION_CONTEXT(2) 
PARAMETRIC_REPRESENTATION_CONTEXT() REPRESENTATION_CONTEXT('2D SPACE',''
  ) );
#6529 = ORIENTED_EDGE('',*,*,#6530,.F.);
#6530 = EDGE_CURVE('',#6531,#6506,#6533,.T.);
#6531 = VERTEX_POINT('',#6532);
#6532 = CARTESIAN_POINT('',(154.2,21.300386608211,12.7));
#6533 = SURFACE_CURVE('',#6534,(#6538,#6545),.PCURVE_S1.);
#6534 = LINE('',#6535,#6536);
#6535 = CARTESIAN_POINT('',(88.613331021728,59.166867598087,12.7));
#6536 = VECTOR('',#6537,1.);
#6537 = DIRECTION('',(0.866025403784,-0.5,0.));
#6538 = PCURVE('',#4623,#6539);
#6539 = DEFINITIONAL_REPRESENTATION('',(#6540),#6544);
#6540 = LINE('',#6541,#6542);
#6541 = CARTESIAN_POINT('',(-2.016867598087,88.613331021728));
#6542 = VECTOR('',#6543,1.);
#6543 = DIRECTION('',(0.5,0.866025403784));
#6544 = ( GEOMETRIC_REPRESENTATION_CONTEXT(2) 
PARAMETRIC_REPRESENTATION_CONTEXT() REPRESENTATION_CONTEXT('2D SPACE',''
  ) );
#6545 = PCURVE('',#5592,#6546);
#6546 = DEFINITIONAL_REPRESENTATION('',(#6547),#6551);
#6547 = LINE('',#6548,#6549);
#6548 = CARTESIAN_POINT('',(-75.73296197972,-12.7));
#6549 = VECTOR('',#6550,1.);
#6550 = DIRECTION('',(1.,0.));
#6551 = ( GEOMETRIC_REPRESENTATION_CONTEXT(2) 
PARAMETRIC_REPRESENTATION_CONTEXT() REPRESENTATION_CONTEXT('2D SPACE',''
  ) );
#6552 = ORIENTED_EDGE('',*,*,#6553,.F.);
#6553 = EDGE_CURVE('',#6554,#6531,#6556,.T.);
#6554 = VERTEX_POINT('',#6555);
#6555 = CARTESIAN_POINT('',(154.2,35.849613391789,12.7));
#6556 = SURFACE_CURVE('',#6557,(#6561,#6568),.PCURVE_S1.);
#6557 = LINE('',#6558,#6559);
#6558 = CARTESIAN_POINT('',(154.2,46.499806695894,12.7));
#6559 = VECTOR('',#6560,1.);
#6560 = DIRECTION('',(1.110223024625E-16,-1.,0.));
#6561 = PCURVE('',#4623,#6562);
#6562 = DEFINITIONAL_REPRESENTATION('',(#6563),#6567);
#6563 = LINE('',#6564,#6565);
#6564 = CARTESIAN_POINT('',(10.650193304106,154.2));
#6565 = VECTOR('',#6566,1.);
#6566 = DIRECTION('',(1.,0.));
#6567 = ( GEOMETRIC_REPRESENTATION_CONTEXT(2) 
PARAMETRIC_REPRESENTATION_CONTEXT() REPRESENTATION_CONTEXT('2D SPACE',''
  ) );
#6568 = PCURVE('',#5620,#6569);
#6569 = DEFINITIONAL_REPRESENTATION('',(#6570),#6574);
#6570 = LINE('',#6571,#6572);
#6571 = CARTESIAN_POINT('',(-10.6501933041,-12.7));
#6572 = VECTOR('',#6573,1.);
#6573 = DIRECTION('',(1.,0.));
#6574 = ( GEOMETRIC_REPRESENTATION_CONTEXT(2) 
PARAMETRIC_REPRESENTATION_CONTEXT() REPRESENTATION_CONTEXT('2D SPACE',''
  ) );
#6575 = ORIENTED_EDGE('',*,*,#6576,.F.);
#6576 = EDGE_CURVE('',#6577,#6554,#6579,.T.);
#6577 = VERTEX_POINT('',#6578);
#6578 = CARTESIAN_POINT('',(166.8,43.124226783579,12.7));
#6579 = SURFACE_CURVE('',#6580,(#6584,#6591),.PCURVE_S1.);
#6580 = LINE('',#6581,#6582);
#6581 = CARTESIAN_POINT('',(107.2866689783,8.764189097813,12.7));
#6582 = VECTOR('',#6583,1.);
#6583 = DIRECTION('',(-0.866025403784,-0.5,0.));
#6584 = PCURVE('',#4623,#6585);
#6585 = DEFINITIONAL_REPRESENTATION('',(#6586),#6590);
#6586 = LINE('',#6587,#6588);
#6587 = CARTESIAN_POINT('',(48.385810902187,107.2866689783));
#6588 = VECTOR('',#6589,1.);
#6589 = DIRECTION('',(0.5,-0.866025403784));
#6590 = ( GEOMETRIC_REPRESENTATION_CONTEXT(2) 
PARAMETRIC_REPRESENTATION_CONTEXT() REPRESENTATION_CONTEXT('2D SPACE',''
  ) );
#6591 = PCURVE('',#5648,#6592);
#6592 = DEFINITIONAL_REPRESENTATION('',(#6593),#6597);
#6593 = LINE('',#6594,#6595);
#6594 = CARTESIAN_POINT('',(68.720075371508,-12.7));
#6595 = VECTOR('',#6596,1.);
#6596 = DIRECTION('',(1.,0.));
#6597 = ( GEOMETRIC_REPRESENTATION_CONTEXT(2) 
PARAMETRIC_REPRESENTATION_CONTEXT() REPRESENTATION_CONTEXT('2D SPACE',''
  ) );
#6598 = ORIENTED_EDGE('',*,*,#6599,.F.);
#6599 = EDGE_CURVE('',#6600,#6577,#6602,.T.);
#6600 = VERTEX_POINT('',#6601);
#6601 = CARTESIAN_POINT('',(179.4,35.849613391789,12.7));
#6602 = SURFACE_CURVE('',#6603,(#6607,#6614),.PCURVE_S1.);
#6603 = LINE('',#6604,#6605);
#6604 = CARTESIAN_POINT('',(107.51333102173,77.35340107755,12.7));
#6605 = VECTOR('',#6606,1.);
#6606 = DIRECTION('',(-0.866025403784,0.5,0.));
#6607 = PCURVE('',#4623,#6608);
#6608 = DEFINITIONAL_REPRESENTATION('',(#6609),#6613);
#6609 = LINE('',#6610,#6611);
#6610 = CARTESIAN_POINT('',(-20.20340107755,107.51333102173));
#6611 = VECTOR('',#6612,1.);
#6612 = DIRECTION('',(-0.5,-0.866025403784));
#6613 = ( GEOMETRIC_REPRESENTATION_CONTEXT(2) 
PARAMETRIC_REPRESENTATION_CONTEXT() REPRESENTATION_CONTEXT('2D SPACE',''
  ) );
#6614 = PCURVE('',#5676,#6615);
#6615 = DEFINITIONAL_REPRESENTATION('',(#6616),#6620);
#6616 = LINE('',#6617,#6618);
#6617 = CARTESIAN_POINT('',(83.007575371505,-12.7));
#6618 = VECTOR('',#6619,1.);
#6619 = DIRECTION('',(1.,-0.));
#6620 = ( GEOMETRIC_REPRESENTATION_CONTEXT(2) 
PARAMETRIC_REPRESENTATION_CONTEXT() REPRESENTATION_CONTEXT('2D SPACE',''
  ) );
#6621 = ORIENTED_EDGE('',*,*,#6622,.F.);
#6622 = EDGE_CURVE('',#6508,#6600,#6623,.T.);
#6623 = SURFACE_CURVE('',#6624,(#6628,#6635),.PCURVE_S1.);
#6624 = LINE('',#6625,#6626);
#6625 = CARTESIAN_POINT('',(179.4,39.225193304105,12.7));
#6626 = VECTOR('',#6627,1.);
#6627 = DIRECTION('',(-1.110223024625E-16,1.,0.));
#6628 = PCURVE('',#4623,#6629);
#6629 = DEFINITIONAL_REPRESENTATION('',(#6630),#6634);
#6630 = LINE('',#6631,#6632);
#6631 = CARTESIAN_POINT('',(17.924806695895,179.4));
#6632 = VECTOR('',#6633,1.);
#6633 = DIRECTION('',(-1.,0.));
#6634 = ( GEOMETRIC_REPRESENTATION_CONTEXT(2) 
PARAMETRIC_REPRESENTATION_CONTEXT() REPRESENTATION_CONTEXT('2D SPACE',''
  ) );
#6635 = PCURVE('',#5702,#6636);
#6636 = DEFINITIONAL_REPRESENTATION('',(#6637),#6641);
#6637 = LINE('',#6638,#6639);
#6638 = CARTESIAN_POINT('',(17.924806695894,-12.7));
#6639 = VECTOR('',#6640,1.);
#6640 = DIRECTION('',(1.,0.));
#6641 = ( GEOMETRIC_REPRESENTATION_CONTEXT(2) 
PARAMETRIC_REPRESENTATION_CONTEXT() REPRESENTATION_CONTEXT('2D SPACE',''
  ) );
#6642 = ADVANCED_FACE('',(#6643),#4660,.F.);
#6643 = FACE_BOUND('',#6644,.F.);
#6644 = EDGE_LOOP('',(#6645,#6646,#6667,#6668));
#6645 = ORIENTED_EDGE('',*,*,#5013,.F.);
#6646 = ORIENTED_EDGE('',*,*,#6647,.T.);
#6647 = EDGE_CURVE('',#4986,#5767,#6648,.T.);
#6648 = SURFACE_CURVE('',#6649,(#6653,#6660),.PCURVE_S1.);
#6649 = LINE('',#6650,#6651);
#6650 = CARTESIAN_POINT('',(249.72533987072,57.15,3.181277444109));
#6651 = VECTOR('',#6652,1.);
#6652 = DIRECTION('',(0.,0.,1.));
#6653 = PCURVE('',#4660,#6654);
#6654 = DEFINITIONAL_REPRESENTATION('',(#6655),#6659);
#6655 = LINE('',#6656,#6657);
#6656 = CARTESIAN_POINT('',(207.47466012928,-3.181277444109));
#6657 = VECTOR('',#6658,1.);
#6658 = DIRECTION('',(0.,-1.));
#6659 = ( GEOMETRIC_REPRESENTATION_CONTEXT(2) 
PARAMETRIC_REPRESENTATION_CONTEXT() REPRESENTATION_CONTEXT('2D SPACE',''
  ) );
#6660 = PCURVE('',#5001,#6661);
#6661 = DEFINITIONAL_REPRESENTATION('',(#6662),#6666);
#6662 = LINE('',#6663,#6664);
#6663 = CARTESIAN_POINT('',(-3.181277444109,58.40955183156));
#6664 = VECTOR('',#6665,1.);
#6665 = DIRECTION('',(1.,0.));
#6666 = ( GEOMETRIC_REPRESENTATION_CONTEXT(2) 
PARAMETRIC_REPRESENTATION_CONTEXT() REPRESENTATION_CONTEXT('2D SPACE',''
  ) );
#6667 = ORIENTED_EDGE('',*,*,#5766,.F.);
#6668 = ORIENTED_EDGE('',*,*,#4646,.F.);
#6669 = ADVANCED_FACE('',(#6670),#5001,.T.);
#6670 = FACE_BOUND('',#6671,.T.);
#6671 = EDGE_LOOP('',(#6672,#6673,#6694,#6695));
#6672 = ORIENTED_EDGE('',*,*,#6062,.F.);
#6673 = ORIENTED_EDGE('',*,*,#6674,.F.);
#6674 = EDGE_CURVE('',#4954,#6036,#6675,.T.);
#6675 = SURFACE_CURVE('',#6676,(#6680,#6687),.PCURVE_S1.);
#6676 = LINE('',#6677,#6678);
#6677 = CARTESIAN_POINT('',(249.72533987072,48.524688660709,
    1.813431127244E-02));
#6678 = VECTOR('',#6679,1.);
#6679 = DIRECTION('',(0.,-3.48994967025E-02,0.999390827019));
#6680 = PCURVE('',#5001,#6681);
#6681 = DEFINITIONAL_REPRESENTATION('',(#6682),#6686);
#6682 = LINE('',#6683,#6684);
#6683 = CARTESIAN_POINT('',(-6.344420576946,67.034863170851));
#6684 = VECTOR('',#6685,1.);
#6685 = DIRECTION('',(0.999390827019,3.48994967025E-02));
#6686 = ( GEOMETRIC_REPRESENTATION_CONTEXT(2) 
PARAMETRIC_REPRESENTATION_CONTEXT() REPRESENTATION_CONTEXT('2D SPACE',''
  ) );
#6687 = PCURVE('',#4970,#6688);
#6688 = DEFINITIONAL_REPRESENTATION('',(#6689),#6693);
#6689 = LINE('',#6690,#6691);
#6690 = CARTESIAN_POINT('',(6.28318530718,0.));
#6691 = VECTOR('',#6692,1.);
#6692 = DIRECTION('',(-0.,1.));
#6693 = ( GEOMETRIC_REPRESENTATION_CONTEXT(2) 
PARAMETRIC_REPRESENTATION_CONTEXT() REPRESENTATION_CONTEXT('2D SPACE',''
  ) );
#6694 = ORIENTED_EDGE('',*,*,#4985,.T.);
#6695 = ORIENTED_EDGE('',*,*,#6647,.T.);
#6696 = ADVANCED_FACE('',(#6697),#4970,.T.);
#6697 = FACE_BOUND('',#6698,.T.);
#6698 = EDGE_LOOP('',(#6699,#6700,#6701,#6702,#6743,#6771));
#6699 = ORIENTED_EDGE('',*,*,#4953,.T.);
#6700 = ORIENTED_EDGE('',*,*,#6674,.T.);
#6701 = ORIENTED_EDGE('',*,*,#6035,.F.);
#6702 = ORIENTED_EDGE('',*,*,#6703,.F.);
#6703 = EDGE_CURVE('',#6704,#6008,#6706,.T.);
#6704 = VERTEX_POINT('',#6705);
#6705 = CARTESIAN_POINT('',(249.27533986032,47.832655035764,
    12.390932844992));
#6706 = SURFACE_CURVE('',#6707,(#6717,#6730),.PCURVE_S1.);
#6707 = B_SPLINE_CURVE_WITH_KNOTS('',8,(#6708,#6709,#6710,#6711,#6712,
    #6713,#6714,#6715,#6716),.UNSPECIFIED.,.F.,.F.,(9,9),(0.,1.),
  .PIECEWISE_BEZIER_KNOTS.);
#6708 = CARTESIAN_POINT('',(249.27533986032,47.832655035764,
    12.390932844992));
#6709 = CARTESIAN_POINT('',(249.32570929468,47.801526350824,
    12.449067902107));
#6710 = CARTESIAN_POINT('',(249.38253170436,47.781545292848,
    12.507603477097));
#6711 = CARTESIAN_POINT('',(249.44334115439,47.774246997875,
    12.563688252974));
#6712 = CARTESIAN_POINT('',(249.5052481197,47.780896952175,
    12.614229456975));
#6713 = CARTESIAN_POINT('',(249.56485692044,47.802139249019,
    12.655985102842));
#6714 = CARTESIAN_POINT('',(249.61792275847,47.837753275645,
    12.685380126737));
#6715 = CARTESIAN_POINT('',(249.66022211152,47.885065522534,12.7));
#6716 = CARTESIAN_POINT('',(249.68956237187,47.939662451503,12.7));
#6717 = PCURVE('',#4970,#6718);
#6718 = DEFINITIONAL_REPRESENTATION('',(#6719),#6729);
#6719 = B_SPLINE_CURVE_WITH_KNOTS('',8,(#6720,#6721,#6722,#6723,#6724,
    #6725,#6726,#6727,#6728),.UNSPECIFIED.,.F.,.F.,(9,9),(0.,1.),
  .PIECEWISE_BEZIER_KNOTS.);
#6720 = CARTESIAN_POINT('',(4.188790164755,12.389412984367));
#6721 = CARTESIAN_POINT('',(4.382660383235,12.448599002613));
#6722 = CARTESIAN_POINT('',(4.576581972719,12.507796248179));
#6723 = CARTESIAN_POINT('',(4.772078707236,12.564101565547));
#6724 = CARTESIAN_POINT('',(4.970202102313,12.614379901155));
#6725 = CARTESIAN_POINT('',(5.171532702719,12.655368765142));
#6726 = CARTESIAN_POINT('',(5.37621805751,12.683502970777));
#6727 = CARTESIAN_POINT('',(5.583308422024,12.696462764404));
#6728 = CARTESIAN_POINT('',(5.789814944955,12.694557359061));
#6729 = ( GEOMETRIC_REPRESENTATION_CONTEXT(2) 
PARAMETRIC_REPRESENTATION_CONTEXT() REPRESENTATION_CONTEXT('2D SPACE',''
  ) );
#6730 = PCURVE('',#6023,#6731);
#6731 = DEFINITIONAL_REPRESENTATION('',(#6732),#6742);
#6732 = B_SPLINE_CURVE_WITH_KNOTS('',8,(#6733,#6734,#6735,#6736,#6737,
    #6738,#6739,#6740,#6741),.UNSPECIFIED.,.F.,.F.,(9,9),(0.,1.),
  .PIECEWISE_BEZIER_KNOTS.);
#6733 = CARTESIAN_POINT('',(1.601024780199,14.141839018226));
#6734 = CARTESIAN_POINT('',(1.407154561728,14.201025036459));
#6735 = CARTESIAN_POINT('',(1.213232972211,14.260222282112));
#6736 = CARTESIAN_POINT('',(1.01773623776,14.316527599223));
#6737 = CARTESIAN_POINT('',(0.819612842594,14.366805935275));
#6738 = CARTESIAN_POINT('',(0.618282242267,14.407794798777));
#6739 = CARTESIAN_POINT('',(0.413596887431,14.435929004742));
#6740 = CARTESIAN_POINT('',(0.206506522931,14.448888798251));
#6741 = CARTESIAN_POINT('',(0.,14.446983392908));
#6742 = ( GEOMETRIC_REPRESENTATION_CONTEXT(2) 
PARAMETRIC_REPRESENTATION_CONTEXT() REPRESENTATION_CONTEXT('2D SPACE',''
  ) );
#6743 = ORIENTED_EDGE('',*,*,#6744,.F.);
#6744 = EDGE_CURVE('',#6745,#6704,#6747,.T.);
#6745 = VERTEX_POINT('',#6746);
#6746 = CARTESIAN_POINT('',(249.27533986032,48.255196346614,
    0.290932844992));
#6747 = SURFACE_CURVE('',#6748,(#6752,#6759),.PCURVE_S1.);
#6748 = LINE('',#6749,#6750);
#6749 = CARTESIAN_POINT('',(249.27533986032,48.265039313358,
    9.067156264906E-03));
#6750 = VECTOR('',#6751,1.);
#6751 = DIRECTION('',(0.,-3.48994967025E-02,0.999390827019));
#6752 = PCURVE('',#4970,#6753);
#6753 = DEFINITIONAL_REPRESENTATION('',(#6754),#6758);
#6754 = LINE('',#6755,#6756);
#6755 = CARTESIAN_POINT('',(4.188790164755,0.));
#6756 = VECTOR('',#6757,1.);
#6757 = DIRECTION('',(-0.,1.));
#6758 = ( GEOMETRIC_REPRESENTATION_CONTEXT(2) 
PARAMETRIC_REPRESENTATION_CONTEXT() REPRESENTATION_CONTEXT('2D SPACE',''
  ) );
#6759 = PCURVE('',#6760,#6765);
#6760 = PLANE('',#6761);
#6761 = AXIS2_PLACEMENT_3D('',#6762,#6763,#6764);
#6762 = CARTESIAN_POINT('',(243.37533987072,51.452052287809,6.35));
#6763 = DIRECTION('',(-0.500000034668,-0.865497824504,
    -3.022385002513E-02));
#6764 = DIRECTION('',(-0.865893403497,0.50022856154,-1.03601641079E-14)
  );
#6765 = DEFINITIONAL_REPRESENTATION('',(#6766),#6770);
#6766 = LINE('',#6767,#6768);
#6767 = CARTESIAN_POINT('',(-6.703005987446,6.343830990626));
#6768 = VECTOR('',#6769,1.);
#6769 = DIRECTION('',(-1.745772503396E-02,-0.999847602306));
#6770 = ( GEOMETRIC_REPRESENTATION_CONTEXT(2) 
PARAMETRIC_REPRESENTATION_CONTEXT() REPRESENTATION_CONTEXT('2D SPACE',''
  ) );
#6771 = ORIENTED_EDGE('',*,*,#6772,.T.);
#6772 = EDGE_CURVE('',#6745,#4926,#6773,.T.);
#6773 = SURFACE_CURVE('',#6774,(#6779,#6790),.PCURVE_S1.);
#6774 = ELLIPSE('',#6775,0.420608520126,0.3);
#6775 = AXIS2_PLACEMENT_3D('',#6776,#6777,#6778);
#6776 = CARTESIAN_POINT('',(249.42533987072,48.514845693965,0.3));
#6777 = DIRECTION('',(0.60700357172,-0.375132367759,0.7005871613));
#6778 = DIRECTION('',(0.617694608404,-0.331947620022,-0.712926467675));
#6779 = PCURVE('',#4970,#6780);
#6780 = DEFINITIONAL_REPRESENTATION('',(#6781),#6789);
#6781 = B_SPLINE_CURVE_WITH_KNOTS('',6,(#6782,#6783,#6784,#6785,#6786,
    #6787,#6788),.UNSPECIFIED.,.F.,.F.,(7,7),(4.712388980385,
    6.252956853776),.PIECEWISE_BEZIER_KNOTS.);
#6782 = CARTESIAN_POINT('',(4.188790164755,0.282037498351));
#6783 = CARTESIAN_POINT('',(4.445551476987,0.206342309426));
#6784 = CARTESIAN_POINT('',(4.702311916368,0.1306522543));
#6785 = CARTESIAN_POINT('',(4.959073913834,6.39117451964E-02));
#6786 = CARTESIAN_POINT('',(5.215836488063,1.524716971426E-02));
#6787 = CARTESIAN_POINT('',(5.472596725915,-1.03476307451E-02));
#6788 = CARTESIAN_POINT('',(5.729358038147,-1.26354307828E-02));
#6789 = ( GEOMETRIC_REPRESENTATION_CONTEXT(2) 
PARAMETRIC_REPRESENTATION_CONTEXT() REPRESENTATION_CONTEXT('2D SPACE',''
  ) );
#6790 = PCURVE('',#4941,#6791);
#6791 = DEFINITIONAL_REPRESENTATION('',(#6792),#6800);
#6792 = B_SPLINE_CURVE_WITH_KNOTS('',6,(#6793,#6794,#6795,#6796,#6797,
    #6798,#6799),.UNSPECIFIED.,.F.,.F.,(7,7),(4.712388980385,
    6.252956853776),.PIECEWISE_BEZIER_KNOTS.);
#6793 = CARTESIAN_POINT('',(4.742617433789,14.152320038001));
#6794 = CARTESIAN_POINT('',(4.999378746021,14.228015226926));
#6795 = CARTESIAN_POINT('',(5.256139185402,14.303705282052));
#6796 = CARTESIAN_POINT('',(5.512901182868,14.370445791155));
#6797 = CARTESIAN_POINT('',(5.769663757096,14.419110366637));
#6798 = CARTESIAN_POINT('',(6.026423994948,14.444705167097));
#6799 = CARTESIAN_POINT('',(6.283185307179,14.446992967135));
#6800 = ( GEOMETRIC_REPRESENTATION_CONTEXT(2) 
PARAMETRIC_REPRESENTATION_CONTEXT() REPRESENTATION_CONTEXT('2D SPACE',''
  ) );
#6801 = ADVANCED_FACE('',(#6802),#4941,.T.);
#6802 = FACE_BOUND('',#6803,.T.);
#6803 = EDGE_LOOP('',(#6804,#6805,#6806,#6829));
#6804 = ORIENTED_EDGE('',*,*,#4925,.T.);
#6805 = ORIENTED_EDGE('',*,*,#6772,.F.);
#6806 = ORIENTED_EDGE('',*,*,#6807,.F.);
#6807 = EDGE_CURVE('',#6808,#6745,#6810,.T.);
#6808 = VERTEX_POINT('',#6809);
#6809 = CARTESIAN_POINT('',(237.32533987765,55.158738142392,
    0.290932844992));
#6810 = SURFACE_CURVE('',#6811,(#6815,#6822),.PCURVE_S1.);
#6811 = LINE('',#6812,#6813);
#6812 = CARTESIAN_POINT('',(237.02093929523,55.334591041675,
    0.290932844992));
#6813 = VECTOR('',#6814,1.);
#6814 = DIRECTION('',(0.865893403497,-0.50022856154,0.));
#6815 = PCURVE('',#4941,#6816);
#6816 = DEFINITIONAL_REPRESENTATION('',(#6817),#6821);
#6817 = LINE('',#6818,#6819);
#6818 = CARTESIAN_POINT('',(4.742617433789,0.));
#6819 = VECTOR('',#6820,1.);
#6820 = DIRECTION('',(-0.,1.));
#6821 = ( GEOMETRIC_REPRESENTATION_CONTEXT(2) 
PARAMETRIC_REPRESENTATION_CONTEXT() REPRESENTATION_CONTEXT('2D SPACE',''
  ) );
#6822 = PCURVE('',#6760,#6823);
#6823 = DEFINITIONAL_REPRESENTATION('',(#6824),#6828);
#6824 = LINE('',#6825,#6826);
#6825 = CARTESIAN_POINT('',(7.444390317464,6.061836474139));
#6826 = VECTOR('',#6827,1.);
#6827 = DIRECTION('',(-1.,-1.605268984088E-18));
#6828 = ( GEOMETRIC_REPRESENTATION_CONTEXT(2) 
PARAMETRIC_REPRESENTATION_CONTEXT() REPRESENTATION_CONTEXT('2D SPACE',''
  ) );
#6829 = ORIENTED_EDGE('',*,*,#6830,.F.);
#6830 = EDGE_CURVE('',#4873,#6808,#6831,.T.);
#6831 = SURFACE_CURVE('',#6832,(#6836,#6850),.PCURVE_S1.);
#6832 = ( BOUNDED_CURVE() B_SPLINE_CURVE(2,(#6833,#6834,#6835),
.UNSPECIFIED.,.F.,.F.) B_SPLINE_CURVE_WITH_KNOTS((3,3),(0.,2.09465904264
),.PIECEWISE_BEZIER_KNOTS.) CURVE() GEOMETRIC_REPRESENTATION_ITEM() 
RATIONAL_B_SPLINE_CURVE((1.,0.717712982335,1.)) REPRESENTATION_ITEM('') 
  );
#6833 = CARTESIAN_POINT('',(237.47533988805,55.418387489743,0.));
#6834 = CARTESIAN_POINT('',(237.32974045313,55.166355518881,
    -8.326672684689E-17));
#6835 = CARTESIAN_POINT('',(237.32533987765,55.158738142392,
    0.290932844992));
#6836 = PCURVE('',#4941,#6837);
#6837 = DEFINITIONAL_REPRESENTATION('',(#6838),#6849);
#6838 = B_SPLINE_CURVE_WITH_KNOTS('',9,(#6839,#6840,#6841,#6842,#6843,
    #6844,#6845,#6846,#6847,#6848),.UNSPECIFIED.,.F.,.F.,(10,10),(0.,
    2.09465904264),.PIECEWISE_BEZIER_KNOTS.);
#6839 = CARTESIAN_POINT('',(6.28318530718,0.351545099188));
#6840 = CARTESIAN_POINT('',(6.128443295681,0.351545099188));
#6841 = CARTESIAN_POINT('',(5.962781602287,0.351545099188));
#6842 = CARTESIAN_POINT('',(5.787551926192,0.351545099188));
#6843 = CARTESIAN_POINT('',(5.60541093965,0.351545099188));
#6844 = CARTESIAN_POINT('',(5.420391801318,0.351545099188));
#6845 = CARTESIAN_POINT('',(5.238250814777,0.351545099188));
#6846 = CARTESIAN_POINT('',(5.063021138682,0.351545099188));
#6847 = CARTESIAN_POINT('',(4.897359445288,0.351545099188));
#6848 = CARTESIAN_POINT('',(4.742617433789,0.351545099188));
#6849 = ( GEOMETRIC_REPRESENTATION_CONTEXT(2) 
PARAMETRIC_REPRESENTATION_CONTEXT() REPRESENTATION_CONTEXT('2D SPACE',''
  ) );
#6850 = PCURVE('',#4896,#6851);
#6851 = DEFINITIONAL_REPRESENTATION('',(#6852),#6855);
#6852 = B_SPLINE_CURVE_WITH_KNOTS('',1,(#6853,#6854),.UNSPECIFIED.,.F.,
  .F.,(2,2),(0.,2.09465904264),.PIECEWISE_BEZIER_KNOTS.);
#6853 = CARTESIAN_POINT('',(0.,4.575796127198E-14));
#6854 = CARTESIAN_POINT('',(2.09465904264,4.575796127198E-14));
#6855 = ( GEOMETRIC_REPRESENTATION_CONTEXT(2) 
PARAMETRIC_REPRESENTATION_CONTEXT() REPRESENTATION_CONTEXT('2D SPACE',''
  ) );
#6856 = ADVANCED_FACE('',(#6857),#4896,.T.);
#6857 = FACE_BOUND('',#6858,.T.);
#6858 = EDGE_LOOP('',(#6859,#6860,#6896,#6923));
#6859 = ORIENTED_EDGE('',*,*,#6830,.T.);
#6860 = ORIENTED_EDGE('',*,*,#6861,.T.);
#6861 = EDGE_CURVE('',#6808,#6862,#6864,.T.);
#6862 = VERTEX_POINT('',#6863);
#6863 = CARTESIAN_POINT('',(237.02533987072,54.985110857441,0.3));
#6864 = SURFACE_CURVE('',#6865,(#6873,#6880),.PCURVE_S1.);
#6865 = B_SPLINE_CURVE_WITH_KNOTS('',6,(#6866,#6867,#6868,#6869,#6870,
    #6871,#6872),.UNSPECIFIED.,.F.,.F.,(7,7),(4.575796127198E-14,
    2.09465904264),.PIECEWISE_BEZIER_KNOTS.);
#6866 = CARTESIAN_POINT('',(237.32533987765,55.158738142392,
    0.290932844992));
#6867 = CARTESIAN_POINT('',(237.26475258189,55.193803505331,
    0.28910166344));
#6868 = CARTESIAN_POINT('',(237.18945730715,55.203475975286,
    0.288596555463));
#6869 = CARTESIAN_POINT('',(237.11243568023,55.179494611746,
    0.289848789175));
#6870 = CARTESIAN_POINT('',(237.05434207072,55.124477628917,
    0.292722005996));
#6871 = CARTESIAN_POINT('',(237.02533987072,55.054826394138,
    0.296359318883));
#6872 = CARTESIAN_POINT('',(237.02533987072,54.985110857441,0.3));
#6873 = PCURVE('',#4896,#6874);
#6874 = DEFINITIONAL_REPRESENTATION('',(#6875),#6879);
#6875 = LINE('',#6876,#6877);
#6876 = CARTESIAN_POINT('',(2.09465904264,0.));
#6877 = VECTOR('',#6878,1.);
#6878 = DIRECTION('',(0.,1.));
#6879 = ( GEOMETRIC_REPRESENTATION_CONTEXT(2) 
PARAMETRIC_REPRESENTATION_CONTEXT() REPRESENTATION_CONTEXT('2D SPACE',''
  ) );
#6880 = PCURVE('',#6881,#6886);
#6881 = CYLINDRICAL_SURFACE('',#6882,0.2);
#6882 = AXIS2_PLACEMENT_3D('',#6883,#6884,#6885);
#6883 = CARTESIAN_POINT('',(237.22533987072,54.996009264358,
    -1.208954084829E-02));
#6884 = DIRECTION('',(0.,-3.48994967025E-02,0.999390827019));
#6885 = DIRECTION('',(0.500000034668,0.865497824504,3.022385002512E-02)
  );
#6886 = DEFINITIONAL_REPRESENTATION('',(#6887),#6895);
#6887 = B_SPLINE_CURVE_WITH_KNOTS('',6,(#6888,#6889,#6890,#6891,#6892,
    #6893,#6894),.UNSPECIFIED.,.F.,.F.,(7,7),(4.575796127198E-14,
    2.09465904264),.PIECEWISE_BEZIER_KNOTS.);
#6888 = CARTESIAN_POINT('',(-1.820765760385E-14,0.297158636848));
#6889 = CARTESIAN_POINT('',(0.349800923269,0.294104807284));
#6890 = CARTESIAN_POINT('',(0.700052274803,0.293264067094));
#6891 = CARTESIAN_POINT('',(1.050263533704,0.295347926718));
#6892 = CARTESIAN_POINT('',(1.398976476145,0.300143955475));
#6893 = CARTESIAN_POINT('',(1.746665092741,0.306208272793));
#6894 = CARTESIAN_POINT('',(2.094395142425,0.312279773249));
#6895 = ( GEOMETRIC_REPRESENTATION_CONTEXT(2) 
PARAMETRIC_REPRESENTATION_CONTEXT() REPRESENTATION_CONTEXT('2D SPACE',''
  ) );
#6896 = ORIENTED_EDGE('',*,*,#6897,.F.);
#6897 = EDGE_CURVE('',#4845,#6862,#6898,.T.);
#6898 = SURFACE_CURVE('',#6899,(#6903,#6909),.PCURVE_S1.);
#6899 = ( BOUNDED_CURVE() B_SPLINE_CURVE(2,(#6900,#6901,#6902),
.UNSPECIFIED.,.F.,.F.) B_SPLINE_CURVE_WITH_KNOTS((3,3),(0.,2.09465904264
),.PIECEWISE_BEZIER_KNOTS.) CURVE() GEOMETRIC_REPRESENTATION_ITEM() 
RATIONAL_B_SPLINE_CURVE((1.,0.707106781187,1.)) REPRESENTATION_ITEM('') 
  );
#6900 = CARTESIAN_POINT('',(236.72533987072,54.985110857441,0.));
#6901 = CARTESIAN_POINT('',(237.02533987072,54.985110857441,
    2.775557561563E-17));
#6902 = CARTESIAN_POINT('',(237.02533987072,54.985110857441,0.3));
#6903 = PCURVE('',#4896,#6904);
#6904 = DEFINITIONAL_REPRESENTATION('',(#6905),#6908);
#6905 = B_SPLINE_CURVE_WITH_KNOTS('',1,(#6906,#6907),.UNSPECIFIED.,.F.,
  .F.,(2,2),(0.,2.09465904264),.PIECEWISE_BEZIER_KNOTS.);
#6906 = CARTESIAN_POINT('',(0.,2.09465904264));
#6907 = CARTESIAN_POINT('',(2.09465904264,2.09465904264));
#6908 = ( GEOMETRIC_REPRESENTATION_CONTEXT(2) 
PARAMETRIC_REPRESENTATION_CONTEXT() REPRESENTATION_CONTEXT('2D SPACE',''
  ) );
#6909 = PCURVE('',#4860,#6910);
#6910 = DEFINITIONAL_REPRESENTATION('',(#6911),#6922);
#6911 = B_SPLINE_CURVE_WITH_KNOTS('',9,(#6912,#6913,#6914,#6915,#6916,
    #6917,#6918,#6919,#6920,#6921),.UNSPECIFIED.,.F.,.F.,(10,10),(0.,
    2.09465904264),.PIECEWISE_BEZIER_KNOTS.);
#6912 = CARTESIAN_POINT('',(6.28318530718,53.177319275605));
#6913 = CARTESIAN_POINT('',(6.126050466916,53.177319275605));
#6914 = CARTESIAN_POINT('',(5.957410590359,53.177319275607));
#6915 = CARTESIAN_POINT('',(5.77861892031,53.177319275601));
#6916 = CARTESIAN_POINT('',(5.592440455568,53.177319275611));
#6917 = CARTESIAN_POINT('',(5.403133831998,53.1773192756));
#6918 = CARTESIAN_POINT('',(5.216955367255,53.177319275608));
#6919 = CARTESIAN_POINT('',(5.038163697206,53.177319275604));
#6920 = CARTESIAN_POINT('',(4.869523820649,53.177319275606));
#6921 = CARTESIAN_POINT('',(4.712388980385,53.177319275605));
#6922 = ( GEOMETRIC_REPRESENTATION_CONTEXT(2) 
PARAMETRIC_REPRESENTATION_CONTEXT() REPRESENTATION_CONTEXT('2D SPACE',''
  ) );
#6923 = ORIENTED_EDGE('',*,*,#4872,.F.);
#6924 = ADVANCED_FACE('',(#6925),#4860,.T.);
#6925 = FACE_BOUND('',#6926,.T.);
#6926 = EDGE_LOOP('',(#6927,#6928,#6929,#6957));
#6927 = ORIENTED_EDGE('',*,*,#4844,.T.);
#6928 = ORIENTED_EDGE('',*,*,#6897,.T.);
#6929 = ORIENTED_EDGE('',*,*,#6930,.F.);
#6930 = EDGE_CURVE('',#6931,#6862,#6933,.T.);
#6931 = VERTEX_POINT('',#6932);
#6932 = CARTESIAN_POINT('',(237.02533987072,2.164889142559,0.3));
#6933 = SURFACE_CURVE('',#6934,(#6938,#6945),.PCURVE_S1.);
#6934 = LINE('',#6935,#6936);
#6935 = CARTESIAN_POINT('',(237.02533987072,1.807791581836,0.3));
#6936 = VECTOR('',#6937,1.);
#6937 = DIRECTION('',(0.,1.,0.));
#6938 = PCURVE('',#4860,#6939);
#6939 = DEFINITIONAL_REPRESENTATION('',(#6940),#6944);
#6940 = LINE('',#6941,#6942);
#6941 = CARTESIAN_POINT('',(4.712388980385,0.));
#6942 = VECTOR('',#6943,1.);
#6943 = DIRECTION('',(-0.,1.));
#6944 = ( GEOMETRIC_REPRESENTATION_CONTEXT(2) 
PARAMETRIC_REPRESENTATION_CONTEXT() REPRESENTATION_CONTEXT('2D SPACE',''
  ) );
#6945 = PCURVE('',#6946,#6951);
#6946 = PLANE('',#6947);
#6947 = AXIS2_PLACEMENT_3D('',#6948,#6949,#6950);
#6948 = CARTESIAN_POINT('',(237.02533987072,28.575,6.294350722266));
#6949 = DIRECTION('',(1.,0.,0.));
#6950 = DIRECTION('',(-0.,0.,1.));
#6951 = DEFINITIONAL_REPRESENTATION('',(#6952),#6956);
#6952 = LINE('',#6953,#6954);
#6953 = CARTESIAN_POINT('',(-5.994350722266,26.767208418164));
#6954 = VECTOR('',#6955,1.);
#6955 = DIRECTION('',(0.,-1.));
#6956 = ( GEOMETRIC_REPRESENTATION_CONTEXT(2) 
PARAMETRIC_REPRESENTATION_CONTEXT() REPRESENTATION_CONTEXT('2D SPACE',''
  ) );
#6957 = ORIENTED_EDGE('',*,*,#6958,.F.);
#6958 = EDGE_CURVE('',#4792,#6931,#6959,.T.);
#6959 = SURFACE_CURVE('',#6960,(#6964,#6978),.PCURVE_S1.);
#6960 = ( BOUNDED_CURVE() B_SPLINE_CURVE(2,(#6961,#6962,#6963),
.UNSPECIFIED.,.F.,.F.) B_SPLINE_CURVE_WITH_KNOTS((3,3),(0.,2.09465904264
),.PIECEWISE_BEZIER_KNOTS.) CURVE() GEOMETRIC_REPRESENTATION_ITEM() 
RATIONAL_B_SPLINE_CURVE((1.,0.707106781187,1.)) REPRESENTATION_ITEM('') 
  );
#6961 = CARTESIAN_POINT('',(236.72533987072,2.164889142559,0.));
#6962 = CARTESIAN_POINT('',(237.02533987072,2.164889142559,
    -1.110223024625E-16));
#6963 = CARTESIAN_POINT('',(237.02533987072,2.164889142559,0.3));
#6964 = PCURVE('',#4860,#6965);
#6965 = DEFINITIONAL_REPRESENTATION('',(#6966),#6977);
#6966 = B_SPLINE_CURVE_WITH_KNOTS('',9,(#6967,#6968,#6969,#6970,#6971,
    #6972,#6973,#6974,#6975,#6976),.UNSPECIFIED.,.F.,.F.,(10,10),(0.,
    2.09465904264),.PIECEWISE_BEZIER_KNOTS.);
#6967 = CARTESIAN_POINT('',(6.28318530718,0.357097560723));
#6968 = CARTESIAN_POINT('',(6.126050466916,0.357097560723));
#6969 = CARTESIAN_POINT('',(5.957410590359,0.357097560723));
#6970 = CARTESIAN_POINT('',(5.77861892031,0.357097560723));
#6971 = CARTESIAN_POINT('',(5.592440455566,0.357097560723));
#6972 = CARTESIAN_POINT('',(5.403133832,0.357097560723));
#6973 = CARTESIAN_POINT('',(5.216955367254,0.357097560723));
#6974 = CARTESIAN_POINT('',(5.038163697206,0.357097560723));
#6975 = CARTESIAN_POINT('',(4.869523820649,0.357097560723));
#6976 = CARTESIAN_POINT('',(4.712388980385,0.357097560723));
#6977 = ( GEOMETRIC_REPRESENTATION_CONTEXT(2) 
PARAMETRIC_REPRESENTATION_CONTEXT() REPRESENTATION_CONTEXT('2D SPACE',''
  ) );
#6978 = PCURVE('',#4815,#6979);
#6979 = DEFINITIONAL_REPRESENTATION('',(#6980),#6983);
#6980 = B_SPLINE_CURVE_WITH_KNOTS('',1,(#6981,#6982),.UNSPECIFIED.,.F.,
  .F.,(2,2),(0.,2.09465904264),.PIECEWISE_BEZIER_KNOTS.);
#6981 = CARTESIAN_POINT('',(0.,0.));
#6982 = CARTESIAN_POINT('',(2.09465904264,0.));
#6983 = ( GEOMETRIC_REPRESENTATION_CONTEXT(2) 
PARAMETRIC_REPRESENTATION_CONTEXT() REPRESENTATION_CONTEXT('2D SPACE',''
  ) );
#6984 = ADVANCED_FACE('',(#6985),#4815,.T.);
#6985 = FACE_BOUND('',#6986,.T.);
#6986 = EDGE_LOOP('',(#6987,#6988,#7024,#7051));
#6987 = ORIENTED_EDGE('',*,*,#6958,.T.);
#6988 = ORIENTED_EDGE('',*,*,#6989,.T.);
#6989 = EDGE_CURVE('',#6931,#6990,#6992,.T.);
#6990 = VERTEX_POINT('',#6991);
#6991 = CARTESIAN_POINT('',(237.32533987765,1.991261857608,
    0.290932844992));
#6992 = SURFACE_CURVE('',#6993,(#7001,#7008),.PCURVE_S1.);
#6993 = B_SPLINE_CURVE_WITH_KNOTS('',6,(#6994,#6995,#6996,#6997,#6998,
    #6999,#7000),.UNSPECIFIED.,.F.,.F.,(7,7),(0.,2.09465904264),
  .PIECEWISE_BEZIER_KNOTS.);
#6994 = CARTESIAN_POINT('',(237.02533987072,2.164889142559,0.3));
#6995 = CARTESIAN_POINT('',(237.02533987072,2.095173605862,
    0.296359318883));
#6996 = CARTESIAN_POINT('',(237.05434207072,2.025522371083,
    0.292722005996));
#6997 = CARTESIAN_POINT('',(237.11243568023,1.970505388254,
    0.289848789175));
#6998 = CARTESIAN_POINT('',(237.18945730715,1.946524024714,
    0.288596555463));
#6999 = CARTESIAN_POINT('',(237.26475258189,1.956196494669,0.28910166344
    ));
#7000 = CARTESIAN_POINT('',(237.32533987765,1.991261857608,
    0.290932844992));
#7001 = PCURVE('',#4815,#7002);
#7002 = DEFINITIONAL_REPRESENTATION('',(#7003),#7007);
#7003 = LINE('',#7004,#7005);
#7004 = CARTESIAN_POINT('',(2.09465904264,0.));
#7005 = VECTOR('',#7006,1.);
#7006 = DIRECTION('',(0.,1.));
#7007 = ( GEOMETRIC_REPRESENTATION_CONTEXT(2) 
PARAMETRIC_REPRESENTATION_CONTEXT() REPRESENTATION_CONTEXT('2D SPACE',''
  ) );
#7008 = PCURVE('',#7009,#7014);
#7009 = CYLINDRICAL_SURFACE('',#7010,0.2);
#7010 = AXIS2_PLACEMENT_3D('',#7011,#7012,#7013);
#7011 = CARTESIAN_POINT('',(237.22533987072,2.153990735642,
    -1.208954084829E-02));
#7012 = DIRECTION('',(0.,3.48994967025E-02,0.999390827019));
#7013 = DIRECTION('',(-1.,0.,0.));
#7014 = DEFINITIONAL_REPRESENTATION('',(#7015),#7023);
#7015 = B_SPLINE_CURVE_WITH_KNOTS('',6,(#7016,#7017,#7018,#7019,#7020,
    #7021,#7022),.UNSPECIFIED.,.F.,.F.,(7,7),(0.,2.09465904264),
  .PIECEWISE_BEZIER_KNOTS.);
#7016 = CARTESIAN_POINT('',(4.440892098501E-16,0.312279773249));
#7017 = CARTESIAN_POINT('',(0.347730049684,0.306208272793));
#7018 = CARTESIAN_POINT('',(0.69541866628,0.300143955475));
#7019 = CARTESIAN_POINT('',(1.04413160872,0.295347926718));
#7020 = CARTESIAN_POINT('',(1.394342867622,0.293264067094));
#7021 = CARTESIAN_POINT('',(1.744594219156,0.294104807284));
#7022 = CARTESIAN_POINT('',(2.094395142425,0.297158636848));
#7023 = ( GEOMETRIC_REPRESENTATION_CONTEXT(2) 
PARAMETRIC_REPRESENTATION_CONTEXT() REPRESENTATION_CONTEXT('2D SPACE',''
  ) );
#7024 = ORIENTED_EDGE('',*,*,#7025,.F.);
#7025 = EDGE_CURVE('',#4764,#6990,#7026,.T.);
#7026 = SURFACE_CURVE('',#7027,(#7031,#7037),.PCURVE_S1.);
#7027 = ( BOUNDED_CURVE() B_SPLINE_CURVE(2,(#7028,#7029,#7030),
.UNSPECIFIED.,.F.,.F.) B_SPLINE_CURVE_WITH_KNOTS((3,3),(0.,2.09465904264
),.PIECEWISE_BEZIER_KNOTS.) CURVE() GEOMETRIC_REPRESENTATION_ITEM() 
RATIONAL_B_SPLINE_CURVE((1.,0.717712982335,1.)) REPRESENTATION_ITEM('') 
  );
#7028 = CARTESIAN_POINT('',(237.47533988805,1.731612510257,0.));
#7029 = CARTESIAN_POINT('',(237.32974045313,1.983644481119,0.));
#7030 = CARTESIAN_POINT('',(237.32533987765,1.991261857608,
    0.290932844992));
#7031 = PCURVE('',#4815,#7032);
#7032 = DEFINITIONAL_REPRESENTATION('',(#7033),#7036);
#7033 = B_SPLINE_CURVE_WITH_KNOTS('',1,(#7034,#7035),.UNSPECIFIED.,.F.,
  .F.,(2,2),(0.,2.09465904264),.PIECEWISE_BEZIER_KNOTS.);
#7034 = CARTESIAN_POINT('',(0.,2.09465904264));
#7035 = CARTESIAN_POINT('',(2.09465904264,2.09465904264));
#7036 = ( GEOMETRIC_REPRESENTATION_CONTEXT(2) 
PARAMETRIC_REPRESENTATION_CONTEXT() REPRESENTATION_CONTEXT('2D SPACE',''
  ) );
#7037 = PCURVE('',#4779,#7038);
#7038 = DEFINITIONAL_REPRESENTATION('',(#7039),#7050);
#7039 = B_SPLINE_CURVE_WITH_KNOTS('',9,(#7040,#7041,#7042,#7043,#7044,
    #7045,#7046,#7047,#7048,#7049),.UNSPECIFIED.,.F.,.F.,(10,10),(0.,
    2.09465904264),.PIECEWISE_BEZIER_KNOTS.);
#7040 = CARTESIAN_POINT('',(6.28318530718,14.315387283839));
#7041 = CARTESIAN_POINT('',(6.128443295681,14.315387283838));
#7042 = CARTESIAN_POINT('',(5.962781602288,14.315387283839));
#7043 = CARTESIAN_POINT('',(5.78755192619,14.315387283837));
#7044 = CARTESIAN_POINT('',(5.605410939652,14.31538728384));
#7045 = CARTESIAN_POINT('',(5.420391801317,14.315387283837));
#7046 = CARTESIAN_POINT('',(5.238250814778,14.315387283839));
#7047 = CARTESIAN_POINT('',(5.063021138682,14.315387283838));
#7048 = CARTESIAN_POINT('',(4.897359445288,14.315387283839));
#7049 = CARTESIAN_POINT('',(4.742617433789,14.315387283839));
#7050 = ( GEOMETRIC_REPRESENTATION_CONTEXT(2) 
PARAMETRIC_REPRESENTATION_CONTEXT() REPRESENTATION_CONTEXT('2D SPACE',''
  ) );
#7051 = ORIENTED_EDGE('',*,*,#4791,.F.);
#7052 = ADVANCED_FACE('',(#7053),#4779,.T.);
#7053 = FACE_BOUND('',#7054,.T.);
#7054 = EDGE_LOOP('',(#7055,#7056,#7057,#7085));
#7055 = ORIENTED_EDGE('',*,*,#4763,.T.);
#7056 = ORIENTED_EDGE('',*,*,#7025,.T.);
#7057 = ORIENTED_EDGE('',*,*,#7058,.F.);
#7058 = EDGE_CURVE('',#7059,#6990,#7061,.T.);
#7059 = VERTEX_POINT('',#7060);
#7060 = CARTESIAN_POINT('',(249.27533986032,8.894803653386,
    0.290932844992));
#7061 = SURFACE_CURVE('',#7062,(#7066,#7073),.PCURVE_S1.);
#7062 = LINE('',#7063,#7064);
#7063 = CARTESIAN_POINT('',(249.72093929523,9.152227446489,
    0.290932844992));
#7064 = VECTOR('',#7065,1.);
#7065 = DIRECTION('',(-0.865893403497,-0.50022856154,0.));
#7066 = PCURVE('',#4779,#7067);
#7067 = DEFINITIONAL_REPRESENTATION('',(#7068),#7072);
#7068 = LINE('',#7069,#7070);
#7069 = CARTESIAN_POINT('',(4.742617433789,0.));
#7070 = VECTOR('',#7071,1.);
#7071 = DIRECTION('',(-0.,1.));
#7072 = ( GEOMETRIC_REPRESENTATION_CONTEXT(2) 
PARAMETRIC_REPRESENTATION_CONTEXT() REPRESENTATION_CONTEXT('2D SPACE',''
  ) );
#7073 = PCURVE('',#7074,#7079);
#7074 = PLANE('',#7075);
#7075 = AXIS2_PLACEMENT_3D('',#7076,#7077,#7078);
#7076 = CARTESIAN_POINT('',(243.37533987072,5.697947712191,6.35));
#7077 = DIRECTION('',(-0.500000034668,0.865497824504,-3.022385002513E-02
    ));
#7078 = DIRECTION('',(0.865893403497,0.50022856154,1.03601641079E-14));
#7079 = DEFINITIONAL_REPRESENTATION('',(#7080),#7084);
#7080 = LINE('',#7081,#7082);
#7081 = CARTESIAN_POINT('',(7.222542065562,6.061836474139));
#7082 = VECTOR('',#7083,1.);
#7083 = DIRECTION('',(-1.,1.605268984088E-18));
#7084 = ( GEOMETRIC_REPRESENTATION_CONTEXT(2) 
PARAMETRIC_REPRESENTATION_CONTEXT() REPRESENTATION_CONTEXT('2D SPACE',''
  ) );
#7085 = ORIENTED_EDGE('',*,*,#7086,.T.);
#7086 = EDGE_CURVE('',#7059,#4728,#7087,.T.);
#7087 = SURFACE_CURVE('',#7088,(#7093,#7104),.PCURVE_S1.);
#7088 = ELLIPSE('',#7089,0.420608520126,0.3);
#7089 = AXIS2_PLACEMENT_3D('',#7090,#7091,#7092);
#7090 = CARTESIAN_POINT('',(249.42533987072,8.635154306035,0.3));
#7091 = DIRECTION('',(-0.60700357172,-0.375132367759,-0.7005871613));
#7092 = DIRECTION('',(-0.617694608404,-0.331947620022,0.712926467675));
#7093 = PCURVE('',#4779,#7094);
#7094 = DEFINITIONAL_REPRESENTATION('',(#7095),#7103);
#7095 = B_SPLINE_CURVE_WITH_KNOTS('',6,(#7096,#7097,#7098,#7099,#7100,
    #7101,#7102),.UNSPECIFIED.,.F.,.F.,(7,7),(1.570796326795,
    3.111364200184),.PIECEWISE_BEZIER_KNOTS.);
#7096 = CARTESIAN_POINT('',(4.74262437892,0.514610297548));
#7097 = CARTESIAN_POINT('',(4.99938453363,0.438915449871));
#7098 = CARTESIAN_POINT('',(5.256143815521,0.363225897793));
#7099 = CARTESIAN_POINT('',(5.512904655436,0.296485933369));
#7100 = CARTESIAN_POINT('',(5.769666072102,0.24782178575));
#7101 = CARTESIAN_POINT('',(6.026425152469,0.222227205616));
#7102 = CARTESIAN_POINT('',(6.283185307179,0.219939415892));
#7103 = ( GEOMETRIC_REPRESENTATION_CONTEXT(2) 
PARAMETRIC_REPRESENTATION_CONTEXT() REPRESENTATION_CONTEXT('2D SPACE',''
  ) );
#7104 = PCURVE('',#4748,#7105);
#7105 = DEFINITIONAL_REPRESENTATION('',(#7106),#7114);
#7106 = B_SPLINE_CURVE_WITH_KNOTS('',6,(#7107,#7108,#7109,#7110,#7111,
    #7112,#7113),.UNSPECIFIED.,.F.,.F.,(7,7),(1.570796326795,
    3.111364200184),.PIECEWISE_BEZIER_KNOTS.);
#7107 = CARTESIAN_POINT('',(2.094388197294,0.282035450874));
#7108 = CARTESIAN_POINT('',(1.837628042584,0.206340603196));
#7109 = CARTESIAN_POINT('',(1.580868760693,0.130651051119));
#7110 = CARTESIAN_POINT('',(1.324107920777,6.391108669414E-02));
#7111 = CARTESIAN_POINT('',(1.067346504112,1.524693907572E-02));
#7112 = CARTESIAN_POINT('',(0.810587423744,-1.03476410588E-02));
#7113 = CARTESIAN_POINT('',(0.553827269034,-1.263543078279E-02));
#7114 = ( GEOMETRIC_REPRESENTATION_CONTEXT(2) 
PARAMETRIC_REPRESENTATION_CONTEXT() REPRESENTATION_CONTEXT('2D SPACE',''
  ) );
#7115 = ADVANCED_FACE('',(#7116),#4748,.T.);
#7116 = FACE_BOUND('',#7117,.T.);
#7117 = EDGE_LOOP('',(#7118,#7119,#7142,#7173,#7174,#7195));
#7118 = ORIENTED_EDGE('',*,*,#7086,.F.);
#7119 = ORIENTED_EDGE('',*,*,#7120,.T.);
#7120 = EDGE_CURVE('',#7059,#7121,#7123,.T.);
#7121 = VERTEX_POINT('',#7122);
#7122 = CARTESIAN_POINT('',(249.27533986032,9.317344964236,
    12.390932844992));
#7123 = SURFACE_CURVE('',#7124,(#7128,#7135),.PCURVE_S1.);
#7124 = LINE('',#7125,#7126);
#7125 = CARTESIAN_POINT('',(249.27533986032,8.884960686642,
    9.067156264907E-03));
#7126 = VECTOR('',#7127,1.);
#7127 = DIRECTION('',(0.,3.48994967025E-02,0.999390827019));
#7128 = PCURVE('',#4748,#7129);
#7129 = DEFINITIONAL_REPRESENTATION('',(#7130),#7134);
#7130 = LINE('',#7131,#7132);
#7131 = CARTESIAN_POINT('',(2.094395142425,0.));
#7132 = VECTOR('',#7133,1.);
#7133 = DIRECTION('',(0.,1.));
#7134 = ( GEOMETRIC_REPRESENTATION_CONTEXT(2) 
PARAMETRIC_REPRESENTATION_CONTEXT() REPRESENTATION_CONTEXT('2D SPACE',''
  ) );
#7135 = PCURVE('',#7074,#7136);
#7136 = DEFINITIONAL_REPRESENTATION('',(#7137),#7141);
#7137 = LINE('',#7138,#7139);
#7138 = CARTESIAN_POINT('',(6.703005987446,6.343830990626));
#7139 = VECTOR('',#7140,1.);
#7140 = DIRECTION('',(1.745772503396E-02,-0.999847602306));
#7141 = ( GEOMETRIC_REPRESENTATION_CONTEXT(2) 
PARAMETRIC_REPRESENTATION_CONTEXT() REPRESENTATION_CONTEXT('2D SPACE',''
  ) );
#7142 = ORIENTED_EDGE('',*,*,#7143,.T.);
#7143 = EDGE_CURVE('',#7121,#5815,#7144,.T.);
#7144 = SURFACE_CURVE('',#7145,(#7150,#7162),.PCURVE_S1.);
#7145 = ELLIPSE('',#7146,0.428016616763,0.3);
#7146 = AXIS2_PLACEMENT_3D('',#7147,#7148,#7149);
#7147 = CARTESIAN_POINT('',(249.42533987072,9.057695616885,12.4));
#7148 = DIRECTION('',(0.617694608404,0.331947620022,-0.712926467674));
#7149 = DIRECTION('',(-0.60700357172,-0.375132367759,-0.700587161301));
#7150 = PCURVE('',#4748,#7151);
#7151 = DEFINITIONAL_REPRESENTATION('',(#7152),#7161);
#7152 = B_SPLINE_CURVE_WITH_KNOTS('',7,(#7153,#7154,#7155,#7156,#7157,
    #7158,#7159,#7160),.UNSPECIFIED.,.F.,.F.,(8,8),(1.570796326795,
    3.171821106993),.PIECEWISE_BEZIER_KNOTS.);
#7153 = CARTESIAN_POINT('',(2.094395142425,12.389412984367));
#7154 = CARTESIAN_POINT('',(1.865677316682,12.459236840958));
#7155 = CARTESIAN_POINT('',(1.636959490939,12.529060368765));
#7156 = CARTESIAN_POINT('',(1.408241665198,12.592920247164));
#7157 = CARTESIAN_POINT('',(1.179523839454,12.644840715297));
#7158 = CARTESIAN_POINT('',(0.950806013712,12.680154571375));
#7159 = CARTESIAN_POINT('',(0.722088187969,12.696667704831));
#7160 = CARTESIAN_POINT('',(0.493370362227,12.694557359062));
#7161 = ( GEOMETRIC_REPRESENTATION_CONTEXT(2) 
PARAMETRIC_REPRESENTATION_CONTEXT() REPRESENTATION_CONTEXT('2D SPACE',''
  ) );
#7162 = PCURVE('',#5861,#7163);
#7163 = DEFINITIONAL_REPRESENTATION('',(#7164),#7172);
#7164 = B_SPLINE_CURVE_WITH_KNOTS('',6,(#7165,#7166,#7167,#7168,#7169,
    #7170,#7171),.UNSPECIFIED.,.F.,.F.,(7,7),(1.570796326795,
    3.171821106993),.PIECEWISE_BEZIER_KNOTS.);
#7165 = CARTESIAN_POINT('',(1.601024780199,0.5250933648));
#7166 = CARTESIAN_POINT('',(1.334187316832,0.443632198777));
#7167 = CARTESIAN_POINT('',(1.06735112301,0.362177806418));
#7168 = CARTESIAN_POINT('',(0.800512303,0.291120108023));
#7169 = CARTESIAN_POINT('',(0.533673828675,0.241090611925));
#7170 = CARTESIAN_POINT('',(0.266837463367,0.21748692004));
#7171 = CARTESIAN_POINT('',(6.160627563645E-13,0.219948990105));
#7172 = ( GEOMETRIC_REPRESENTATION_CONTEXT(2) 
PARAMETRIC_REPRESENTATION_CONTEXT() REPRESENTATION_CONTEXT('2D SPACE',''
  ) );
#7173 = ORIENTED_EDGE('',*,*,#5814,.T.);
#7174 = ORIENTED_EDGE('',*,*,#7175,.F.);
#7175 = EDGE_CURVE('',#4700,#5792,#7176,.T.);
#7176 = SURFACE_CURVE('',#7177,(#7181,#7188),.PCURVE_S1.);
#7177 = LINE('',#7178,#7179);
#7178 = CARTESIAN_POINT('',(249.72533987072,8.625311339291,
    1.813431127244E-02));
#7179 = VECTOR('',#7180,1.);
#7180 = DIRECTION('',(0.,3.48994967025E-02,0.999390827019));
#7181 = PCURVE('',#4748,#7182);
#7182 = DEFINITIONAL_REPRESENTATION('',(#7183),#7187);
#7183 = LINE('',#7184,#7185);
#7184 = CARTESIAN_POINT('',(0.,0.));
#7185 = VECTOR('',#7186,1.);
#7186 = DIRECTION('',(0.,1.));
#7187 = ( GEOMETRIC_REPRESENTATION_CONTEXT(2) 
PARAMETRIC_REPRESENTATION_CONTEXT() REPRESENTATION_CONTEXT('2D SPACE',''
  ) );
#7188 = PCURVE('',#4715,#7189);
#7189 = DEFINITIONAL_REPRESENTATION('',(#7190),#7194);
#7190 = LINE('',#7191,#7192);
#7191 = CARTESIAN_POINT('',(-6.369052243788,-17.26992240085));
#7192 = VECTOR('',#7193,1.);
#7193 = DIRECTION('',(0.999390827019,-3.48994967025E-02));
#7194 = ( GEOMETRIC_REPRESENTATION_CONTEXT(2) 
PARAMETRIC_REPRESENTATION_CONTEXT() REPRESENTATION_CONTEXT('2D SPACE',''
  ) );
#7195 = ORIENTED_EDGE('',*,*,#4727,.F.);
#7196 = ADVANCED_FACE('',(#7197),#4715,.T.);
#7197 = FACE_BOUND('',#7198,.T.);
#7198 = EDGE_LOOP('',(#7199,#7200,#7201,#7202));
#7199 = ORIENTED_EDGE('',*,*,#5742,.F.);
#7200 = ORIENTED_EDGE('',*,*,#4699,.T.);
#7201 = ORIENTED_EDGE('',*,*,#7175,.T.);
#7202 = ORIENTED_EDGE('',*,*,#5791,.F.);
#7203 = ADVANCED_FACE('',(#7204),#5054,.T.);
#7204 = FACE_BOUND('',#7205,.T.);
#7205 = EDGE_LOOP('',(#7206,#7207,#7228,#7229));
#7206 = ORIENTED_EDGE('',*,*,#5036,.F.);
#7207 = ORIENTED_EDGE('',*,*,#7208,.T.);
#7208 = EDGE_CURVE('',#5037,#6086,#7209,.T.);
#7209 = SURFACE_CURVE('',#7210,(#7214,#7221),.PCURVE_S1.);
#7210 = LINE('',#7211,#7212);
#7211 = CARTESIAN_POINT('',(61.2,14.025773216421,0.));
#7212 = VECTOR('',#7213,1.);
#7213 = DIRECTION('',(0.,0.,1.));
#7214 = PCURVE('',#5054,#7215);
#7215 = DEFINITIONAL_REPRESENTATION('',(#7216),#7220);
#7216 = LINE('',#7217,#7218);
#7217 = CARTESIAN_POINT('',(0.,0.));
#7218 = VECTOR('',#7219,1.);
#7219 = DIRECTION('',(0.,-1.));
#7220 = ( GEOMETRIC_REPRESENTATION_CONTEXT(2) 
PARAMETRIC_REPRESENTATION_CONTEXT() REPRESENTATION_CONTEXT('2D SPACE',''
  ) );
#7221 = PCURVE('',#5082,#7222);
#7222 = DEFINITIONAL_REPRESENTATION('',(#7223),#7227);
#7223 = LINE('',#7224,#7225);
#7224 = CARTESIAN_POINT('',(14.549226783579,0.));
#7225 = VECTOR('',#7226,1.);
#7226 = DIRECTION('',(0.,-1.));
#7227 = ( GEOMETRIC_REPRESENTATION_CONTEXT(2) 
PARAMETRIC_REPRESENTATION_CONTEXT() REPRESENTATION_CONTEXT('2D SPACE',''
  ) );
#7228 = ORIENTED_EDGE('',*,*,#6085,.T.);
#7229 = ORIENTED_EDGE('',*,*,#7230,.F.);
#7230 = EDGE_CURVE('',#5039,#6088,#7231,.T.);
#7231 = SURFACE_CURVE('',#7232,(#7236,#7243),.PCURVE_S1.);
#7232 = LINE('',#7233,#7234);
#7233 = CARTESIAN_POINT('',(73.8,21.300386608211,0.));
#7234 = VECTOR('',#7235,1.);
#7235 = DIRECTION('',(0.,0.,1.));
#7236 = PCURVE('',#5054,#7237);
#7237 = DEFINITIONAL_REPRESENTATION('',(#7238),#7242);
#7238 = LINE('',#7239,#7240);
#7239 = CARTESIAN_POINT('',(14.549226783579,0.));
#7240 = VECTOR('',#7241,1.);
#7241 = DIRECTION('',(0.,-1.));
#7242 = ( GEOMETRIC_REPRESENTATION_CONTEXT(2) 
PARAMETRIC_REPRESENTATION_CONTEXT() REPRESENTATION_CONTEXT('2D SPACE',''
  ) );
#7243 = PCURVE('',#5192,#7244);
#7244 = DEFINITIONAL_REPRESENTATION('',(#7245),#7249);
#7245 = LINE('',#7246,#7247);
#7246 = CARTESIAN_POINT('',(0.,0.));
#7247 = VECTOR('',#7248,1.);
#7248 = DIRECTION('',(0.,-1.));
#7249 = ( GEOMETRIC_REPRESENTATION_CONTEXT(2) 
PARAMETRIC_REPRESENTATION_CONTEXT() REPRESENTATION_CONTEXT('2D SPACE',''
  ) );
#7250 = ADVANCED_FACE('',(#7251),#5082,.T.);
#7251 = FACE_BOUND('',#7252,.T.);
#7252 = EDGE_LOOP('',(#7253,#7254,#7275,#7276));
#7253 = ORIENTED_EDGE('',*,*,#5066,.F.);
#7254 = ORIENTED_EDGE('',*,*,#7255,.T.);
#7255 = EDGE_CURVE('',#5067,#6111,#7256,.T.);
#7256 = SURFACE_CURVE('',#7257,(#7261,#7268),.PCURVE_S1.);
#7257 = LINE('',#7258,#7259);
#7258 = CARTESIAN_POINT('',(48.6,21.300386608211,0.));
#7259 = VECTOR('',#7260,1.);
#7260 = DIRECTION('',(0.,0.,1.));
#7261 = PCURVE('',#5082,#7262);
#7262 = DEFINITIONAL_REPRESENTATION('',(#7263),#7267);
#7263 = LINE('',#7264,#7265);
#7264 = CARTESIAN_POINT('',(0.,0.));
#7265 = VECTOR('',#7266,1.);
#7266 = DIRECTION('',(0.,-1.));
#7267 = ( GEOMETRIC_REPRESENTATION_CONTEXT(2) 
PARAMETRIC_REPRESENTATION_CONTEXT() REPRESENTATION_CONTEXT('2D SPACE',''
  ) );
#7268 = PCURVE('',#5110,#7269);
#7269 = DEFINITIONAL_REPRESENTATION('',(#7270),#7274);
#7270 = LINE('',#7271,#7272);
#7271 = CARTESIAN_POINT('',(14.549226783578,0.));
#7272 = VECTOR('',#7273,1.);
#7273 = DIRECTION('',(0.,-1.));
#7274 = ( GEOMETRIC_REPRESENTATION_CONTEXT(2) 
PARAMETRIC_REPRESENTATION_CONTEXT() REPRESENTATION_CONTEXT('2D SPACE',''
  ) );
#7275 = ORIENTED_EDGE('',*,*,#6110,.T.);
#7276 = ORIENTED_EDGE('',*,*,#7208,.F.);
#7277 = ADVANCED_FACE('',(#7278),#5192,.T.);
#7278 = FACE_BOUND('',#7279,.T.);
#7279 = EDGE_LOOP('',(#7280,#7281,#7282,#7283));
#7280 = ORIENTED_EDGE('',*,*,#5178,.F.);
#7281 = ORIENTED_EDGE('',*,*,#7230,.T.);
#7282 = ORIENTED_EDGE('',*,*,#6202,.T.);
#7283 = ORIENTED_EDGE('',*,*,#7284,.F.);
#7284 = EDGE_CURVE('',#5151,#6180,#7285,.T.);
#7285 = SURFACE_CURVE('',#7286,(#7290,#7297),.PCURVE_S1.);
#7286 = LINE('',#7287,#7288);
#7287 = CARTESIAN_POINT('',(73.8,35.849613391789,0.));
#7288 = VECTOR('',#7289,1.);
#7289 = DIRECTION('',(0.,0.,1.));
#7290 = PCURVE('',#5192,#7291);
#7291 = DEFINITIONAL_REPRESENTATION('',(#7292),#7296);
#7292 = LINE('',#7293,#7294);
#7293 = CARTESIAN_POINT('',(14.549226783578,0.));
#7294 = VECTOR('',#7295,1.);
#7295 = DIRECTION('',(0.,-1.));
#7296 = ( GEOMETRIC_REPRESENTATION_CONTEXT(2) 
PARAMETRIC_REPRESENTATION_CONTEXT() REPRESENTATION_CONTEXT('2D SPACE',''
  ) );
#7297 = PCURVE('',#5166,#7298);
#7298 = DEFINITIONAL_REPRESENTATION('',(#7299),#7303);
#7299 = LINE('',#7300,#7301);
#7300 = CARTESIAN_POINT('',(0.,0.));
#7301 = VECTOR('',#7302,1.);
#7302 = DIRECTION('',(0.,-1.));
#7303 = ( GEOMETRIC_REPRESENTATION_CONTEXT(2) 
PARAMETRIC_REPRESENTATION_CONTEXT() REPRESENTATION_CONTEXT('2D SPACE',''
  ) );
#7304 = ADVANCED_FACE('',(#7305),#5110,.T.);
#7305 = FACE_BOUND('',#7306,.T.);
#7306 = EDGE_LOOP('',(#7307,#7308,#7329,#7330));
#7307 = ORIENTED_EDGE('',*,*,#5094,.F.);
#7308 = ORIENTED_EDGE('',*,*,#7309,.T.);
#7309 = EDGE_CURVE('',#5095,#6134,#7310,.T.);
#7310 = SURFACE_CURVE('',#7311,(#7315,#7322),.PCURVE_S1.);
#7311 = LINE('',#7312,#7313);
#7312 = CARTESIAN_POINT('',(48.6,35.849613391789,0.));
#7313 = VECTOR('',#7314,1.);
#7314 = DIRECTION('',(0.,0.,1.));
#7315 = PCURVE('',#5110,#7316);
#7316 = DEFINITIONAL_REPRESENTATION('',(#7317),#7321);
#7317 = LINE('',#7318,#7319);
#7318 = CARTESIAN_POINT('',(0.,0.));
#7319 = VECTOR('',#7320,1.);
#7320 = DIRECTION('',(0.,-1.));
#7321 = ( GEOMETRIC_REPRESENTATION_CONTEXT(2) 
PARAMETRIC_REPRESENTATION_CONTEXT() REPRESENTATION_CONTEXT('2D SPACE',''
  ) );
#7322 = PCURVE('',#5138,#7323);
#7323 = DEFINITIONAL_REPRESENTATION('',(#7324),#7328);
#7324 = LINE('',#7325,#7326);
#7325 = CARTESIAN_POINT('',(14.549226783579,0.));
#7326 = VECTOR('',#7327,1.);
#7327 = DIRECTION('',(0.,-1.));
#7328 = ( GEOMETRIC_REPRESENTATION_CONTEXT(2) 
PARAMETRIC_REPRESENTATION_CONTEXT() REPRESENTATION_CONTEXT('2D SPACE',''
  ) );
#7329 = ORIENTED_EDGE('',*,*,#6133,.T.);
#7330 = ORIENTED_EDGE('',*,*,#7255,.F.);
#7331 = ADVANCED_FACE('',(#7332),#5166,.T.);
#7332 = FACE_BOUND('',#7333,.T.);
#7333 = EDGE_LOOP('',(#7334,#7335,#7336,#7337));
#7334 = ORIENTED_EDGE('',*,*,#5150,.F.);
#7335 = ORIENTED_EDGE('',*,*,#7284,.T.);
#7336 = ORIENTED_EDGE('',*,*,#6179,.T.);
#7337 = ORIENTED_EDGE('',*,*,#7338,.F.);
#7338 = EDGE_CURVE('',#5123,#6157,#7339,.T.);
#7339 = SURFACE_CURVE('',#7340,(#7344,#7351),.PCURVE_S1.);
#7340 = LINE('',#7341,#7342);
#7341 = CARTESIAN_POINT('',(61.2,43.124226783579,0.));
#7342 = VECTOR('',#7343,1.);
#7343 = DIRECTION('',(0.,0.,1.));
#7344 = PCURVE('',#5166,#7345);
#7345 = DEFINITIONAL_REPRESENTATION('',(#7346),#7350);
#7346 = LINE('',#7347,#7348);
#7347 = CARTESIAN_POINT('',(14.549226783579,-0.));
#7348 = VECTOR('',#7349,1.);
#7349 = DIRECTION('',(0.,-1.));
#7350 = ( GEOMETRIC_REPRESENTATION_CONTEXT(2) 
PARAMETRIC_REPRESENTATION_CONTEXT() REPRESENTATION_CONTEXT('2D SPACE',''
  ) );
#7351 = PCURVE('',#5138,#7352);
#7352 = DEFINITIONAL_REPRESENTATION('',(#7353),#7357);
#7353 = LINE('',#7354,#7355);
#7354 = CARTESIAN_POINT('',(0.,0.));
#7355 = VECTOR('',#7356,1.);
#7356 = DIRECTION('',(0.,-1.));
#7357 = ( GEOMETRIC_REPRESENTATION_CONTEXT(2) 
PARAMETRIC_REPRESENTATION_CONTEXT() REPRESENTATION_CONTEXT('2D SPACE',''
  ) );
#7358 = ADVANCED_FACE('',(#7359),#5138,.T.);
#7359 = FACE_BOUND('',#7360,.T.);
#7360 = EDGE_LOOP('',(#7361,#7362,#7363,#7364));
#7361 = ORIENTED_EDGE('',*,*,#5122,.F.);
#7362 = ORIENTED_EDGE('',*,*,#7338,.T.);
#7363 = ORIENTED_EDGE('',*,*,#6156,.T.);
#7364 = ORIENTED_EDGE('',*,*,#7309,.F.);
#7365 = ADVANCED_FACE('',(#7366),#5224,.T.);
#7366 = FACE_BOUND('',#7367,.T.);
#7367 = EDGE_LOOP('',(#7368,#7369,#7390,#7391));
#7368 = ORIENTED_EDGE('',*,*,#5206,.F.);
#7369 = ORIENTED_EDGE('',*,*,#7370,.T.);
#7370 = EDGE_CURVE('',#5207,#6366,#7371,.T.);
#7371 = SURFACE_CURVE('',#7372,(#7376,#7383),.PCURVE_S1.);
#7372 = LINE('',#7373,#7374);
#7373 = CARTESIAN_POINT('',(131.6,14.025773216421,0.));
#7374 = VECTOR('',#7375,1.);
#7375 = DIRECTION('',(0.,0.,1.));
#7376 = PCURVE('',#5224,#7377);
#7377 = DEFINITIONAL_REPRESENTATION('',(#7378),#7382);
#7378 = LINE('',#7379,#7380);
#7379 = CARTESIAN_POINT('',(0.,0.));
#7380 = VECTOR('',#7381,1.);
#7381 = DIRECTION('',(0.,-1.));
#7382 = ( GEOMETRIC_REPRESENTATION_CONTEXT(2) 
PARAMETRIC_REPRESENTATION_CONTEXT() REPRESENTATION_CONTEXT('2D SPACE',''
  ) );
#7383 = PCURVE('',#5252,#7384);
#7384 = DEFINITIONAL_REPRESENTATION('',(#7385),#7389);
#7385 = LINE('',#7386,#7387);
#7386 = CARTESIAN_POINT('',(14.549226783579,0.));
#7387 = VECTOR('',#7388,1.);
#7388 = DIRECTION('',(0.,-1.));
#7389 = ( GEOMETRIC_REPRESENTATION_CONTEXT(2) 
PARAMETRIC_REPRESENTATION_CONTEXT() REPRESENTATION_CONTEXT('2D SPACE',''
  ) );
#7390 = ORIENTED_EDGE('',*,*,#6365,.T.);
#7391 = ORIENTED_EDGE('',*,*,#7392,.F.);
#7392 = EDGE_CURVE('',#5209,#6368,#7393,.T.);
#7393 = SURFACE_CURVE('',#7394,(#7398,#7405),.PCURVE_S1.);
#7394 = LINE('',#7395,#7396);
#7395 = CARTESIAN_POINT('',(144.2,21.300386608211,0.));
#7396 = VECTOR('',#7397,1.);
#7397 = DIRECTION('',(0.,0.,1.));
#7398 = PCURVE('',#5224,#7399);
#7399 = DEFINITIONAL_REPRESENTATION('',(#7400),#7404);
#7400 = LINE('',#7401,#7402);
#7401 = CARTESIAN_POINT('',(14.549226783579,0.));
#7402 = VECTOR('',#7403,1.);
#7403 = DIRECTION('',(0.,-1.));
#7404 = ( GEOMETRIC_REPRESENTATION_CONTEXT(2) 
PARAMETRIC_REPRESENTATION_CONTEXT() REPRESENTATION_CONTEXT('2D SPACE',''
  ) );
#7405 = PCURVE('',#5362,#7406);
#7406 = DEFINITIONAL_REPRESENTATION('',(#7407),#7411);
#7407 = LINE('',#7408,#7409);
#7408 = CARTESIAN_POINT('',(0.,0.));
#7409 = VECTOR('',#7410,1.);
#7410 = DIRECTION('',(0.,-1.));
#7411 = ( GEOMETRIC_REPRESENTATION_CONTEXT(2) 
PARAMETRIC_REPRESENTATION_CONTEXT() REPRESENTATION_CONTEXT('2D SPACE',''
  ) );
#7412 = ADVANCED_FACE('',(#7413),#5252,.T.);
#7413 = FACE_BOUND('',#7414,.T.);
#7414 = EDGE_LOOP('',(#7415,#7416,#7437,#7438));
#7415 = ORIENTED_EDGE('',*,*,#5236,.F.);
#7416 = ORIENTED_EDGE('',*,*,#7417,.T.);
#7417 = EDGE_CURVE('',#5237,#6391,#7418,.T.);
#7418 = SURFACE_CURVE('',#7419,(#7423,#7430),.PCURVE_S1.);
#7419 = LINE('',#7420,#7421);
#7420 = CARTESIAN_POINT('',(119.,21.300386608211,0.));
#7421 = VECTOR('',#7422,1.);
#7422 = DIRECTION('',(0.,0.,1.));
#7423 = PCURVE('',#5252,#7424);
#7424 = DEFINITIONAL_REPRESENTATION('',(#7425),#7429);
#7425 = LINE('',#7426,#7427);
#7426 = CARTESIAN_POINT('',(0.,0.));
#7427 = VECTOR('',#7428,1.);
#7428 = DIRECTION('',(0.,-1.));
#7429 = ( GEOMETRIC_REPRESENTATION_CONTEXT(2) 
PARAMETRIC_REPRESENTATION_CONTEXT() REPRESENTATION_CONTEXT('2D SPACE',''
  ) );
#7430 = PCURVE('',#5280,#7431);
#7431 = DEFINITIONAL_REPRESENTATION('',(#7432),#7436);
#7432 = LINE('',#7433,#7434);
#7433 = CARTESIAN_POINT('',(14.549226783578,0.));
#7434 = VECTOR('',#7435,1.);
#7435 = DIRECTION('',(0.,-1.));
#7436 = ( GEOMETRIC_REPRESENTATION_CONTEXT(2) 
PARAMETRIC_REPRESENTATION_CONTEXT() REPRESENTATION_CONTEXT('2D SPACE',''
  ) );
#7437 = ORIENTED_EDGE('',*,*,#6390,.T.);
#7438 = ORIENTED_EDGE('',*,*,#7370,.F.);
#7439 = ADVANCED_FACE('',(#7440),#5362,.T.);
#7440 = FACE_BOUND('',#7441,.T.);
#7441 = EDGE_LOOP('',(#7442,#7443,#7444,#7445));
#7442 = ORIENTED_EDGE('',*,*,#5348,.F.);
#7443 = ORIENTED_EDGE('',*,*,#7392,.T.);
#7444 = ORIENTED_EDGE('',*,*,#6482,.T.);
#7445 = ORIENTED_EDGE('',*,*,#7446,.F.);
#7446 = EDGE_CURVE('',#5321,#6460,#7447,.T.);
#7447 = SURFACE_CURVE('',#7448,(#7452,#7459),.PCURVE_S1.);
#7448 = LINE('',#7449,#7450);
#7449 = CARTESIAN_POINT('',(144.2,35.849613391789,0.));
#7450 = VECTOR('',#7451,1.);
#7451 = DIRECTION('',(0.,0.,1.));
#7452 = PCURVE('',#5362,#7453);
#7453 = DEFINITIONAL_REPRESENTATION('',(#7454),#7458);
#7454 = LINE('',#7455,#7456);
#7455 = CARTESIAN_POINT('',(14.549226783578,0.));
#7456 = VECTOR('',#7457,1.);
#7457 = DIRECTION('',(0.,-1.));
#7458 = ( GEOMETRIC_REPRESENTATION_CONTEXT(2) 
PARAMETRIC_REPRESENTATION_CONTEXT() REPRESENTATION_CONTEXT('2D SPACE',''
  ) );
#7459 = PCURVE('',#5336,#7460);
#7460 = DEFINITIONAL_REPRESENTATION('',(#7461),#7465);
#7461 = LINE('',#7462,#7463);
#7462 = CARTESIAN_POINT('',(0.,0.));
#7463 = VECTOR('',#7464,1.);
#7464 = DIRECTION('',(0.,-1.));
#7465 = ( GEOMETRIC_REPRESENTATION_CONTEXT(2) 
PARAMETRIC_REPRESENTATION_CONTEXT() REPRESENTATION_CONTEXT('2D SPACE',''
  ) );
#7466 = ADVANCED_FACE('',(#7467),#5280,.T.);
#7467 = FACE_BOUND('',#7468,.T.);
#7468 = EDGE_LOOP('',(#7469,#7470,#7491,#7492));
#7469 = ORIENTED_EDGE('',*,*,#5264,.F.);
#7470 = ORIENTED_EDGE('',*,*,#7471,.T.);
#7471 = EDGE_CURVE('',#5265,#6414,#7472,.T.);
#7472 = SURFACE_CURVE('',#7473,(#7477,#7484),.PCURVE_S1.);
#7473 = LINE('',#7474,#7475);
#7474 = CARTESIAN_POINT('',(119.,35.849613391789,0.));
#7475 = VECTOR('',#7476,1.);
#7476 = DIRECTION('',(0.,0.,1.));
#7477 = PCURVE('',#5280,#7478);
#7478 = DEFINITIONAL_REPRESENTATION('',(#7479),#7483);
#7479 = LINE('',#7480,#7481);
#7480 = CARTESIAN_POINT('',(0.,0.));
#7481 = VECTOR('',#7482,1.);
#7482 = DIRECTION('',(0.,-1.));
#7483 = ( GEOMETRIC_REPRESENTATION_CONTEXT(2) 
PARAMETRIC_REPRESENTATION_CONTEXT() REPRESENTATION_CONTEXT('2D SPACE',''
  ) );
#7484 = PCURVE('',#5308,#7485);
#7485 = DEFINITIONAL_REPRESENTATION('',(#7486),#7490);
#7486 = LINE('',#7487,#7488);
#7487 = CARTESIAN_POINT('',(14.549226783579,0.));
#7488 = VECTOR('',#7489,1.);
#7489 = DIRECTION('',(0.,-1.));
#7490 = ( GEOMETRIC_REPRESENTATION_CONTEXT(2) 
PARAMETRIC_REPRESENTATION_CONTEXT() REPRESENTATION_CONTEXT('2D SPACE',''
  ) );
#7491 = ORIENTED_EDGE('',*,*,#6413,.T.);
#7492 = ORIENTED_EDGE('',*,*,#7417,.F.);
#7493 = ADVANCED_FACE('',(#7494),#5336,.T.);
#7494 = FACE_BOUND('',#7495,.T.);
#7495 = EDGE_LOOP('',(#7496,#7497,#7498,#7499));
#7496 = ORIENTED_EDGE('',*,*,#5320,.F.);
#7497 = ORIENTED_EDGE('',*,*,#7446,.T.);
#7498 = ORIENTED_EDGE('',*,*,#6459,.T.);
#7499 = ORIENTED_EDGE('',*,*,#7500,.F.);
#7500 = EDGE_CURVE('',#5293,#6437,#7501,.T.);
#7501 = SURFACE_CURVE('',#7502,(#7506,#7513),.PCURVE_S1.);
#7502 = LINE('',#7503,#7504);
#7503 = CARTESIAN_POINT('',(131.6,43.124226783579,0.));
#7504 = VECTOR('',#7505,1.);
#7505 = DIRECTION('',(0.,0.,1.));
#7506 = PCURVE('',#5336,#7507);
#7507 = DEFINITIONAL_REPRESENTATION('',(#7508),#7512);
#7508 = LINE('',#7509,#7510);
#7509 = CARTESIAN_POINT('',(14.549226783579,-0.));
#7510 = VECTOR('',#7511,1.);
#7511 = DIRECTION('',(0.,-1.));
#7512 = ( GEOMETRIC_REPRESENTATION_CONTEXT(2) 
PARAMETRIC_REPRESENTATION_CONTEXT() REPRESENTATION_CONTEXT('2D SPACE',''
  ) );
#7513 = PCURVE('',#5308,#7514);
#7514 = DEFINITIONAL_REPRESENTATION('',(#7515),#7519);
#7515 = LINE('',#7516,#7517);
#7516 = CARTESIAN_POINT('',(0.,0.));
#7517 = VECTOR('',#7518,1.);
#7518 = DIRECTION('',(0.,-1.));
#7519 = ( GEOMETRIC_REPRESENTATION_CONTEXT(2) 
PARAMETRIC_REPRESENTATION_CONTEXT() REPRESENTATION_CONTEXT('2D SPACE',''
  ) );
#7520 = ADVANCED_FACE('',(#7521),#5308,.T.);
#7521 = FACE_BOUND('',#7522,.T.);
#7522 = EDGE_LOOP('',(#7523,#7524,#7525,#7526));
#7523 = ORIENTED_EDGE('',*,*,#5292,.F.);
#7524 = ORIENTED_EDGE('',*,*,#7500,.T.);
#7525 = ORIENTED_EDGE('',*,*,#6436,.T.);
#7526 = ORIENTED_EDGE('',*,*,#7471,.F.);
#7527 = ADVANCED_FACE('',(#7528),#5394,.T.);
#7528 = FACE_BOUND('',#7529,.T.);
#7529 = EDGE_LOOP('',(#7530,#7531,#7552,#7553));
#7530 = ORIENTED_EDGE('',*,*,#5376,.F.);
#7531 = ORIENTED_EDGE('',*,*,#7532,.T.);
#7532 = EDGE_CURVE('',#5377,#6226,#7533,.T.);
#7533 = SURFACE_CURVE('',#7534,(#7538,#7545),.PCURVE_S1.);
#7534 = LINE('',#7535,#7536);
#7535 = CARTESIAN_POINT('',(96.4,14.025773216421,0.));
#7536 = VECTOR('',#7537,1.);
#7537 = DIRECTION('',(0.,0.,1.));
#7538 = PCURVE('',#5394,#7539);
#7539 = DEFINITIONAL_REPRESENTATION('',(#7540),#7544);
#7540 = LINE('',#7541,#7542);
#7541 = CARTESIAN_POINT('',(0.,0.));
#7542 = VECTOR('',#7543,1.);
#7543 = DIRECTION('',(0.,-1.));
#7544 = ( GEOMETRIC_REPRESENTATION_CONTEXT(2) 
PARAMETRIC_REPRESENTATION_CONTEXT() REPRESENTATION_CONTEXT('2D SPACE',''
  ) );
#7545 = PCURVE('',#5422,#7546);
#7546 = DEFINITIONAL_REPRESENTATION('',(#7547),#7551);
#7547 = LINE('',#7548,#7549);
#7548 = CARTESIAN_POINT('',(14.549226783579,0.));
#7549 = VECTOR('',#7550,1.);
#7550 = DIRECTION('',(0.,-1.));
#7551 = ( GEOMETRIC_REPRESENTATION_CONTEXT(2) 
PARAMETRIC_REPRESENTATION_CONTEXT() REPRESENTATION_CONTEXT('2D SPACE',''
  ) );
#7552 = ORIENTED_EDGE('',*,*,#6225,.T.);
#7553 = ORIENTED_EDGE('',*,*,#7554,.F.);
#7554 = EDGE_CURVE('',#5379,#6228,#7555,.T.);
#7555 = SURFACE_CURVE('',#7556,(#7560,#7567),.PCURVE_S1.);
#7556 = LINE('',#7557,#7558);
#7557 = CARTESIAN_POINT('',(109.,21.300386608211,0.));
#7558 = VECTOR('',#7559,1.);
#7559 = DIRECTION('',(0.,0.,1.));
#7560 = PCURVE('',#5394,#7561);
#7561 = DEFINITIONAL_REPRESENTATION('',(#7562),#7566);
#7562 = LINE('',#7563,#7564);
#7563 = CARTESIAN_POINT('',(14.549226783579,0.));
#7564 = VECTOR('',#7565,1.);
#7565 = DIRECTION('',(0.,-1.));
#7566 = ( GEOMETRIC_REPRESENTATION_CONTEXT(2) 
PARAMETRIC_REPRESENTATION_CONTEXT() REPRESENTATION_CONTEXT('2D SPACE',''
  ) );
#7567 = PCURVE('',#5532,#7568);
#7568 = DEFINITIONAL_REPRESENTATION('',(#7569),#7573);
#7569 = LINE('',#7570,#7571);
#7570 = CARTESIAN_POINT('',(0.,0.));
#7571 = VECTOR('',#7572,1.);
#7572 = DIRECTION('',(0.,-1.));
#7573 = ( GEOMETRIC_REPRESENTATION_CONTEXT(2) 
PARAMETRIC_REPRESENTATION_CONTEXT() REPRESENTATION_CONTEXT('2D SPACE',''
  ) );
#7574 = ADVANCED_FACE('',(#7575),#5422,.T.);
#7575 = FACE_BOUND('',#7576,.T.);
#7576 = EDGE_LOOP('',(#7577,#7578,#7599,#7600));
#7577 = ORIENTED_EDGE('',*,*,#5406,.F.);
#7578 = ORIENTED_EDGE('',*,*,#7579,.T.);
#7579 = EDGE_CURVE('',#5407,#6251,#7580,.T.);
#7580 = SURFACE_CURVE('',#7581,(#7585,#7592),.PCURVE_S1.);
#7581 = LINE('',#7582,#7583);
#7582 = CARTESIAN_POINT('',(83.8,21.300386608211,0.));
#7583 = VECTOR('',#7584,1.);
#7584 = DIRECTION('',(0.,0.,1.));
#7585 = PCURVE('',#5422,#7586);
#7586 = DEFINITIONAL_REPRESENTATION('',(#7587),#7591);
#7587 = LINE('',#7588,#7589);
#7588 = CARTESIAN_POINT('',(0.,0.));
#7589 = VECTOR('',#7590,1.);
#7590 = DIRECTION('',(0.,-1.));
#7591 = ( GEOMETRIC_REPRESENTATION_CONTEXT(2) 
PARAMETRIC_REPRESENTATION_CONTEXT() REPRESENTATION_CONTEXT('2D SPACE',''
  ) );
#7592 = PCURVE('',#5450,#7593);
#7593 = DEFINITIONAL_REPRESENTATION('',(#7594),#7598);
#7594 = LINE('',#7595,#7596);
#7595 = CARTESIAN_POINT('',(14.549226783578,0.));
#7596 = VECTOR('',#7597,1.);
#7597 = DIRECTION('',(0.,-1.));
#7598 = ( GEOMETRIC_REPRESENTATION_CONTEXT(2) 
PARAMETRIC_REPRESENTATION_CONTEXT() REPRESENTATION_CONTEXT('2D SPACE',''
  ) );
#7599 = ORIENTED_EDGE('',*,*,#6250,.T.);
#7600 = ORIENTED_EDGE('',*,*,#7532,.F.);
#7601 = ADVANCED_FACE('',(#7602),#5532,.T.);
#7602 = FACE_BOUND('',#7603,.T.);
#7603 = EDGE_LOOP('',(#7604,#7605,#7606,#7607));
#7604 = ORIENTED_EDGE('',*,*,#5518,.F.);
#7605 = ORIENTED_EDGE('',*,*,#7554,.T.);
#7606 = ORIENTED_EDGE('',*,*,#6342,.T.);
#7607 = ORIENTED_EDGE('',*,*,#7608,.F.);
#7608 = EDGE_CURVE('',#5491,#6320,#7609,.T.);
#7609 = SURFACE_CURVE('',#7610,(#7614,#7621),.PCURVE_S1.);
#7610 = LINE('',#7611,#7612);
#7611 = CARTESIAN_POINT('',(109.,35.849613391789,0.));
#7612 = VECTOR('',#7613,1.);
#7613 = DIRECTION('',(0.,0.,1.));
#7614 = PCURVE('',#5532,#7615);
#7615 = DEFINITIONAL_REPRESENTATION('',(#7616),#7620);
#7616 = LINE('',#7617,#7618);
#7617 = CARTESIAN_POINT('',(14.549226783578,0.));
#7618 = VECTOR('',#7619,1.);
#7619 = DIRECTION('',(0.,-1.));
#7620 = ( GEOMETRIC_REPRESENTATION_CONTEXT(2) 
PARAMETRIC_REPRESENTATION_CONTEXT() REPRESENTATION_CONTEXT('2D SPACE',''
  ) );
#7621 = PCURVE('',#5506,#7622);
#7622 = DEFINITIONAL_REPRESENTATION('',(#7623),#7627);
#7623 = LINE('',#7624,#7625);
#7624 = CARTESIAN_POINT('',(0.,0.));
#7625 = VECTOR('',#7626,1.);
#7626 = DIRECTION('',(0.,-1.));
#7627 = ( GEOMETRIC_REPRESENTATION_CONTEXT(2) 
PARAMETRIC_REPRESENTATION_CONTEXT() REPRESENTATION_CONTEXT('2D SPACE',''
  ) );
#7628 = ADVANCED_FACE('',(#7629),#5450,.T.);
#7629 = FACE_BOUND('',#7630,.T.);
#7630 = EDGE_LOOP('',(#7631,#7632,#7653,#7654));
#7631 = ORIENTED_EDGE('',*,*,#5434,.F.);
#7632 = ORIENTED_EDGE('',*,*,#7633,.T.);
#7633 = EDGE_CURVE('',#5435,#6274,#7634,.T.);
#7634 = SURFACE_CURVE('',#7635,(#7639,#7646),.PCURVE_S1.);
#7635 = LINE('',#7636,#7637);
#7636 = CARTESIAN_POINT('',(83.8,35.849613391789,0.));
#7637 = VECTOR('',#7638,1.);
#7638 = DIRECTION('',(0.,0.,1.));
#7639 = PCURVE('',#5450,#7640);
#7640 = DEFINITIONAL_REPRESENTATION('',(#7641),#7645);
#7641 = LINE('',#7642,#7643);
#7642 = CARTESIAN_POINT('',(0.,0.));
#7643 = VECTOR('',#7644,1.);
#7644 = DIRECTION('',(0.,-1.));
#7645 = ( GEOMETRIC_REPRESENTATION_CONTEXT(2) 
PARAMETRIC_REPRESENTATION_CONTEXT() REPRESENTATION_CONTEXT('2D SPACE',''
  ) );
#7646 = PCURVE('',#5478,#7647);
#7647 = DEFINITIONAL_REPRESENTATION('',(#7648),#7652);
#7648 = LINE('',#7649,#7650);
#7649 = CARTESIAN_POINT('',(14.549226783579,0.));
#7650 = VECTOR('',#7651,1.);
#7651 = DIRECTION('',(0.,-1.));
#7652 = ( GEOMETRIC_REPRESENTATION_CONTEXT(2) 
PARAMETRIC_REPRESENTATION_CONTEXT() REPRESENTATION_CONTEXT('2D SPACE',''
  ) );
#7653 = ORIENTED_EDGE('',*,*,#6273,.T.);
#7654 = ORIENTED_EDGE('',*,*,#7579,.F.);
#7655 = ADVANCED_FACE('',(#7656),#5506,.T.);
#7656 = FACE_BOUND('',#7657,.T.);
#7657 = EDGE_LOOP('',(#7658,#7659,#7660,#7661));
#7658 = ORIENTED_EDGE('',*,*,#5490,.F.);
#7659 = ORIENTED_EDGE('',*,*,#7608,.T.);
#7660 = ORIENTED_EDGE('',*,*,#6319,.T.);
#7661 = ORIENTED_EDGE('',*,*,#7662,.F.);
#7662 = EDGE_CURVE('',#5463,#6297,#7663,.T.);
#7663 = SURFACE_CURVE('',#7664,(#7668,#7675),.PCURVE_S1.);
#7664 = LINE('',#7665,#7666);
#7665 = CARTESIAN_POINT('',(96.4,43.124226783579,0.));
#7666 = VECTOR('',#7667,1.);
#7667 = DIRECTION('',(0.,0.,1.));
#7668 = PCURVE('',#5506,#7669);
#7669 = DEFINITIONAL_REPRESENTATION('',(#7670),#7674);
#7670 = LINE('',#7671,#7672);
#7671 = CARTESIAN_POINT('',(14.549226783579,-0.));
#7672 = VECTOR('',#7673,1.);
#7673 = DIRECTION('',(0.,-1.));
#7674 = ( GEOMETRIC_REPRESENTATION_CONTEXT(2) 
PARAMETRIC_REPRESENTATION_CONTEXT() REPRESENTATION_CONTEXT('2D SPACE',''
  ) );
#7675 = PCURVE('',#5478,#7676);
#7676 = DEFINITIONAL_REPRESENTATION('',(#7677),#7681);
#7677 = LINE('',#7678,#7679);
#7678 = CARTESIAN_POINT('',(0.,0.));
#7679 = VECTOR('',#7680,1.);
#7680 = DIRECTION('',(0.,-1.));
#7681 = ( GEOMETRIC_REPRESENTATION_CONTEXT(2) 
PARAMETRIC_REPRESENTATION_CONTEXT() REPRESENTATION_CONTEXT('2D SPACE',''
  ) );
#7682 = ADVANCED_FACE('',(#7683),#5478,.T.);
#7683 = FACE_BOUND('',#7684,.T.);
#7684 = EDGE_LOOP('',(#7685,#7686,#7687,#7688));
#7685 = ORIENTED_EDGE('',*,*,#5462,.F.);
#7686 = ORIENTED_EDGE('',*,*,#7662,.T.);
#7687 = ORIENTED_EDGE('',*,*,#6296,.T.);
#7688 = ORIENTED_EDGE('',*,*,#7633,.F.);
#7689 = ADVANCED_FACE('',(#7690),#5564,.T.);
#7690 = FACE_BOUND('',#7691,.T.);
#7691 = EDGE_LOOP('',(#7692,#7693,#7714,#7715));
#7692 = ORIENTED_EDGE('',*,*,#5546,.F.);
#7693 = ORIENTED_EDGE('',*,*,#7694,.T.);
#7694 = EDGE_CURVE('',#5547,#6506,#7695,.T.);
#7695 = SURFACE_CURVE('',#7696,(#7700,#7707),.PCURVE_S1.);
#7696 = LINE('',#7697,#7698);
#7697 = CARTESIAN_POINT('',(166.8,14.025773216421,0.));
#7698 = VECTOR('',#7699,1.);
#7699 = DIRECTION('',(0.,0.,1.));
#7700 = PCURVE('',#5564,#7701);
#7701 = DEFINITIONAL_REPRESENTATION('',(#7702),#7706);
#7702 = LINE('',#7703,#7704);
#7703 = CARTESIAN_POINT('',(0.,0.));
#7704 = VECTOR('',#7705,1.);
#7705 = DIRECTION('',(0.,-1.));
#7706 = ( GEOMETRIC_REPRESENTATION_CONTEXT(2) 
PARAMETRIC_REPRESENTATION_CONTEXT() REPRESENTATION_CONTEXT('2D SPACE',''
  ) );
#7707 = PCURVE('',#5592,#7708);
#7708 = DEFINITIONAL_REPRESENTATION('',(#7709),#7713);
#7709 = LINE('',#7710,#7711);
#7710 = CARTESIAN_POINT('',(14.549226783579,0.));
#7711 = VECTOR('',#7712,1.);
#7712 = DIRECTION('',(0.,-1.));
#7713 = ( GEOMETRIC_REPRESENTATION_CONTEXT(2) 
PARAMETRIC_REPRESENTATION_CONTEXT() REPRESENTATION_CONTEXT('2D SPACE',''
  ) );
#7714 = ORIENTED_EDGE('',*,*,#6505,.T.);
#7715 = ORIENTED_EDGE('',*,*,#7716,.F.);
#7716 = EDGE_CURVE('',#5549,#6508,#7717,.T.);
#7717 = SURFACE_CURVE('',#7718,(#7722,#7729),.PCURVE_S1.);
#7718 = LINE('',#7719,#7720);
#7719 = CARTESIAN_POINT('',(179.4,21.300386608211,0.));
#7720 = VECTOR('',#7721,1.);
#7721 = DIRECTION('',(0.,0.,1.));
#7722 = PCURVE('',#5564,#7723);
#7723 = DEFINITIONAL_REPRESENTATION('',(#7724),#7728);
#7724 = LINE('',#7725,#7726);
#7725 = CARTESIAN_POINT('',(14.549226783579,0.));
#7726 = VECTOR('',#7727,1.);
#7727 = DIRECTION('',(0.,-1.));
#7728 = ( GEOMETRIC_REPRESENTATION_CONTEXT(2) 
PARAMETRIC_REPRESENTATION_CONTEXT() REPRESENTATION_CONTEXT('2D SPACE',''
  ) );
#7729 = PCURVE('',#5702,#7730);
#7730 = DEFINITIONAL_REPRESENTATION('',(#7731),#7735);
#7731 = LINE('',#7732,#7733);
#7732 = CARTESIAN_POINT('',(0.,0.));
#7733 = VECTOR('',#7734,1.);
#7734 = DIRECTION('',(0.,-1.));
#7735 = ( GEOMETRIC_REPRESENTATION_CONTEXT(2) 
PARAMETRIC_REPRESENTATION_CONTEXT() REPRESENTATION_CONTEXT('2D SPACE',''
  ) );
#7736 = ADVANCED_FACE('',(#7737),#5592,.T.);
#7737 = FACE_BOUND('',#7738,.T.);
#7738 = EDGE_LOOP('',(#7739,#7740,#7761,#7762));
#7739 = ORIENTED_EDGE('',*,*,#5576,.F.);
#7740 = ORIENTED_EDGE('',*,*,#7741,.T.);
#7741 = EDGE_CURVE('',#5577,#6531,#7742,.T.);
#7742 = SURFACE_CURVE('',#7743,(#7747,#7754),.PCURVE_S1.);
#7743 = LINE('',#7744,#7745);
#7744 = CARTESIAN_POINT('',(154.2,21.300386608211,0.));
#7745 = VECTOR('',#7746,1.);
#7746 = DIRECTION('',(0.,0.,1.));
#7747 = PCURVE('',#5592,#7748);
#7748 = DEFINITIONAL_REPRESENTATION('',(#7749),#7753);
#7749 = LINE('',#7750,#7751);
#7750 = CARTESIAN_POINT('',(0.,0.));
#7751 = VECTOR('',#7752,1.);
#7752 = DIRECTION('',(0.,-1.));
#7753 = ( GEOMETRIC_REPRESENTATION_CONTEXT(2) 
PARAMETRIC_REPRESENTATION_CONTEXT() REPRESENTATION_CONTEXT('2D SPACE',''
  ) );
#7754 = PCURVE('',#5620,#7755);
#7755 = DEFINITIONAL_REPRESENTATION('',(#7756),#7760);
#7756 = LINE('',#7757,#7758);
#7757 = CARTESIAN_POINT('',(14.549226783578,0.));
#7758 = VECTOR('',#7759,1.);
#7759 = DIRECTION('',(0.,-1.));
#7760 = ( GEOMETRIC_REPRESENTATION_CONTEXT(2) 
PARAMETRIC_REPRESENTATION_CONTEXT() REPRESENTATION_CONTEXT('2D SPACE',''
  ) );
#7761 = ORIENTED_EDGE('',*,*,#6530,.T.);
#7762 = ORIENTED_EDGE('',*,*,#7694,.F.);
#7763 = ADVANCED_FACE('',(#7764),#5702,.T.);
#7764 = FACE_BOUND('',#7765,.T.);
#7765 = EDGE_LOOP('',(#7766,#7767,#7768,#7769));
#7766 = ORIENTED_EDGE('',*,*,#5688,.F.);
#7767 = ORIENTED_EDGE('',*,*,#7716,.T.);
#7768 = ORIENTED_EDGE('',*,*,#6622,.T.);
#7769 = ORIENTED_EDGE('',*,*,#7770,.F.);
#7770 = EDGE_CURVE('',#5661,#6600,#7771,.T.);
#7771 = SURFACE_CURVE('',#7772,(#7776,#7783),.PCURVE_S1.);
#7772 = LINE('',#7773,#7774);
#7773 = CARTESIAN_POINT('',(179.4,35.849613391789,0.));
#7774 = VECTOR('',#7775,1.);
#7775 = DIRECTION('',(0.,0.,1.));
#7776 = PCURVE('',#5702,#7777);
#7777 = DEFINITIONAL_REPRESENTATION('',(#7778),#7782);
#7778 = LINE('',#7779,#7780);
#7779 = CARTESIAN_POINT('',(14.549226783578,0.));
#7780 = VECTOR('',#7781,1.);
#7781 = DIRECTION('',(0.,-1.));
#7782 = ( GEOMETRIC_REPRESENTATION_CONTEXT(2) 
PARAMETRIC_REPRESENTATION_CONTEXT() REPRESENTATION_CONTEXT('2D SPACE',''
  ) );
#7783 = PCURVE('',#5676,#7784);
#7784 = DEFINITIONAL_REPRESENTATION('',(#7785),#7789);
#7785 = LINE('',#7786,#7787);
#7786 = CARTESIAN_POINT('',(0.,0.));
#7787 = VECTOR('',#7788,1.);
#7788 = DIRECTION('',(0.,-1.));
#7789 = ( GEOMETRIC_REPRESENTATION_CONTEXT(2) 
PARAMETRIC_REPRESENTATION_CONTEXT() REPRESENTATION_CONTEXT('2D SPACE',''
  ) );
#7790 = ADVANCED_FACE('',(#7791),#5620,.T.);
#7791 = FACE_BOUND('',#7792,.T.);
#7792 = EDGE_LOOP('',(#7793,#7794,#7815,#7816));
#7793 = ORIENTED_EDGE('',*,*,#5604,.F.);
#7794 = ORIENTED_EDGE('',*,*,#7795,.T.);
#7795 = EDGE_CURVE('',#5605,#6554,#7796,.T.);
#7796 = SURFACE_CURVE('',#7797,(#7801,#7808),.PCURVE_S1.);
#7797 = LINE('',#7798,#7799);
#7798 = CARTESIAN_POINT('',(154.2,35.849613391789,0.));
#7799 = VECTOR('',#7800,1.);
#7800 = DIRECTION('',(0.,0.,1.));
#7801 = PCURVE('',#5620,#7802);
#7802 = DEFINITIONAL_REPRESENTATION('',(#7803),#7807);
#7803 = LINE('',#7804,#7805);
#7804 = CARTESIAN_POINT('',(0.,0.));
#7805 = VECTOR('',#7806,1.);
#7806 = DIRECTION('',(0.,-1.));
#7807 = ( GEOMETRIC_REPRESENTATION_CONTEXT(2) 
PARAMETRIC_REPRESENTATION_CONTEXT() REPRESENTATION_CONTEXT('2D SPACE',''
  ) );
#7808 = PCURVE('',#5648,#7809);
#7809 = DEFINITIONAL_REPRESENTATION('',(#7810),#7814);
#7810 = LINE('',#7811,#7812);
#7811 = CARTESIAN_POINT('',(14.549226783579,0.));
#7812 = VECTOR('',#7813,1.);
#7813 = DIRECTION('',(0.,-1.));
#7814 = ( GEOMETRIC_REPRESENTATION_CONTEXT(2) 
PARAMETRIC_REPRESENTATION_CONTEXT() REPRESENTATION_CONTEXT('2D SPACE',''
  ) );
#7815 = ORIENTED_EDGE('',*,*,#6553,.T.);
#7816 = ORIENTED_EDGE('',*,*,#7741,.F.);
#7817 = ADVANCED_FACE('',(#7818),#5676,.T.);
#7818 = FACE_BOUND('',#7819,.T.);
#7819 = EDGE_LOOP('',(#7820,#7821,#7822,#7823));
#7820 = ORIENTED_EDGE('',*,*,#5660,.F.);
#7821 = ORIENTED_EDGE('',*,*,#7770,.T.);
#7822 = ORIENTED_EDGE('',*,*,#6599,.T.);
#7823 = ORIENTED_EDGE('',*,*,#7824,.F.);
#7824 = EDGE_CURVE('',#5633,#6577,#7825,.T.);
#7825 = SURFACE_CURVE('',#7826,(#7830,#7837),.PCURVE_S1.);
#7826 = LINE('',#7827,#7828);
#7827 = CARTESIAN_POINT('',(166.8,43.124226783579,0.));
#7828 = VECTOR('',#7829,1.);
#7829 = DIRECTION('',(0.,0.,1.));
#7830 = PCURVE('',#5676,#7831);
#7831 = DEFINITIONAL_REPRESENTATION('',(#7832),#7836);
#7832 = LINE('',#7833,#7834);
#7833 = CARTESIAN_POINT('',(14.549226783579,-0.));
#7834 = VECTOR('',#7835,1.);
#7835 = DIRECTION('',(0.,-1.));
#7836 = ( GEOMETRIC_REPRESENTATION_CONTEXT(2) 
PARAMETRIC_REPRESENTATION_CONTEXT() REPRESENTATION_CONTEXT('2D SPACE',''
  ) );
#7837 = PCURVE('',#5648,#7838);
#7838 = DEFINITIONAL_REPRESENTATION('',(#7839),#7843);
#7839 = LINE('',#7840,#7841);
#7840 = CARTESIAN_POINT('',(0.,0.));
#7841 = VECTOR('',#7842,1.);
#7842 = DIRECTION('',(0.,-1.));
#7843 = ( GEOMETRIC_REPRESENTATION_CONTEXT(2) 
PARAMETRIC_REPRESENTATION_CONTEXT() REPRESENTATION_CONTEXT('2D SPACE',''
  ) );
#7844 = ADVANCED_FACE('',(#7845),#5648,.T.);
#7845 = FACE_BOUND('',#7846,.T.);
#7846 = EDGE_LOOP('',(#7847,#7848,#7849,#7850));
#7847 = ORIENTED_EDGE('',*,*,#5632,.F.);
#7848 = ORIENTED_EDGE('',*,*,#7824,.T.);
#7849 = ORIENTED_EDGE('',*,*,#6576,.T.);
#7850 = ORIENTED_EDGE('',*,*,#7795,.F.);
#7851 = ADVANCED_FACE('',(#7852),#6023,.T.);
#7852 = FACE_BOUND('',#7853,.T.);
#7853 = EDGE_LOOP('',(#7854,#7883,#7904,#7905));
#7854 = ORIENTED_EDGE('',*,*,#7855,.T.);
#7855 = EDGE_CURVE('',#5955,#7856,#7858,.T.);
#7856 = VERTEX_POINT('',#7857);
#7857 = CARTESIAN_POINT('',(237.32533987765,54.736196831542,
    12.390932844992));
#7858 = SURFACE_CURVE('',#7859,(#7863,#7877),.PCURVE_S1.);
#7859 = ( BOUNDED_CURVE() B_SPLINE_CURVE(2,(#7860,#7861,#7862),
.UNSPECIFIED.,.F.,.F.) B_SPLINE_CURVE_WITH_KNOTS((3,3),(0.,2.09465904264
),.PIECEWISE_BEZIER_KNOTS.) CURVE() GEOMETRIC_REPRESENTATION_ITEM() 
RATIONAL_B_SPLINE_CURVE((1.,0.696339051747,1.)) REPRESENTATION_ITEM('') 
  );
#7860 = CARTESIAN_POINT('',(237.47533988805,54.995846178893,12.7));
#7861 = CARTESIAN_POINT('',(237.32066500725,54.728104651781,12.7));
#7862 = CARTESIAN_POINT('',(237.32533987765,54.736196831542,
    12.390932844992));
#7863 = PCURVE('',#6023,#7864);
#7864 = DEFINITIONAL_REPRESENTATION('',(#7865),#7876);
#7865 = B_SPLINE_CURVE_WITH_KNOTS('',9,(#7866,#7867,#7868,#7869,#7870,
    #7871,#7872,#7873,#7874,#7875),.UNSPECIFIED.,.F.,.F.,(10,10),(0.,
    2.09465904264),.PIECEWISE_BEZIER_KNOTS.);
#7866 = CARTESIAN_POINT('',(-1.110223024625E-16,0.341064079413));
#7867 = CARTESIAN_POINT('',(0.159491773852,0.341064079413));
#7868 = CARTESIAN_POINT('',(0.331090311857,0.341064079413));
#7869 = CARTESIAN_POINT('',(0.513447523062,0.341064079413));
#7870 = CARTESIAN_POINT('',(0.703690953959,0.341064079413));
#7871 = CARTESIAN_POINT('',(0.897333826239,0.341064079413));
#7872 = CARTESIAN_POINT('',(1.087577257137,0.341064079413));
#7873 = CARTESIAN_POINT('',(1.269934468341,0.341064079413));
#7874 = CARTESIAN_POINT('',(1.441533006346,0.341064079413));
#7875 = CARTESIAN_POINT('',(1.601024780199,0.341064079413));
#7876 = ( GEOMETRIC_REPRESENTATION_CONTEXT(2) 
PARAMETRIC_REPRESENTATION_CONTEXT() REPRESENTATION_CONTEXT('2D SPACE',''
  ) );
#7877 = PCURVE('',#5978,#7878);
#7878 = DEFINITIONAL_REPRESENTATION('',(#7879),#7882);
#7879 = B_SPLINE_CURVE_WITH_KNOTS('',1,(#7880,#7881),.UNSPECIFIED.,.F.,
  .F.,(2,2),(0.,2.09465904264),.PIECEWISE_BEZIER_KNOTS.);
#7880 = CARTESIAN_POINT('',(0.,0.));
#7881 = CARTESIAN_POINT('',(2.09465904264,0.));
#7882 = ( GEOMETRIC_REPRESENTATION_CONTEXT(2) 
PARAMETRIC_REPRESENTATION_CONTEXT() REPRESENTATION_CONTEXT('2D SPACE',''
  ) );
#7883 = ORIENTED_EDGE('',*,*,#7884,.T.);
#7884 = EDGE_CURVE('',#7856,#6704,#7885,.T.);
#7885 = SURFACE_CURVE('',#7886,(#7890,#7897),.PCURVE_S1.);
#7886 = LINE('',#7887,#7888);
#7887 = CARTESIAN_POINT('',(237.03001474112,54.90680682538,
    12.390932844992));
#7888 = VECTOR('',#7889,1.);
#7889 = DIRECTION('',(0.865893403497,-0.50022856154,0.));
#7890 = PCURVE('',#6023,#7891);
#7891 = DEFINITIONAL_REPRESENTATION('',(#7892),#7896);
#7892 = LINE('',#7893,#7894);
#7893 = CARTESIAN_POINT('',(1.601024780199,0.));
#7894 = VECTOR('',#7895,1.);
#7895 = DIRECTION('',(0.,1.));
#7896 = ( GEOMETRIC_REPRESENTATION_CONTEXT(2) 
PARAMETRIC_REPRESENTATION_CONTEXT() REPRESENTATION_CONTEXT('2D SPACE',''
  ) );
#7897 = PCURVE('',#6760,#7898);
#7898 = DEFINITIONAL_REPRESENTATION('',(#7899),#7903);
#7899 = LINE('',#7900,#7901);
#7900 = CARTESIAN_POINT('',(7.222542065567,-6.04369387577));
#7901 = VECTOR('',#7902,1.);
#7902 = DIRECTION('',(-1.,-1.605268984088E-18));
#7903 = ( GEOMETRIC_REPRESENTATION_CONTEXT(2) 
PARAMETRIC_REPRESENTATION_CONTEXT() REPRESENTATION_CONTEXT('2D SPACE',''
  ) );
#7904 = ORIENTED_EDGE('',*,*,#6703,.T.);
#7905 = ORIENTED_EDGE('',*,*,#6007,.F.);
#7906 = ADVANCED_FACE('',(#7907),#5978,.F.);
#7907 = FACE_BOUND('',#7908,.F.);
#7908 = EDGE_LOOP('',(#7909,#7910,#7941,#7968));
#7909 = ORIENTED_EDGE('',*,*,#7855,.T.);
#7910 = ORIENTED_EDGE('',*,*,#7911,.T.);
#7911 = EDGE_CURVE('',#7856,#7912,#7914,.T.);
#7912 = VERTEX_POINT('',#7913);
#7913 = CARTESIAN_POINT('',(237.02533987072,54.562569546591,12.4));
#7914 = SURFACE_CURVE('',#7915,(#7923,#7930),.PCURVE_S1.);
#7915 = B_SPLINE_CURVE_WITH_KNOTS('',6,(#7916,#7917,#7918,#7919,#7920,
    #7921,#7922),.UNSPECIFIED.,.F.,.F.,(7,7),(0.,2.09465904264),
  .PIECEWISE_BEZIER_KNOTS.);
#7916 = CARTESIAN_POINT('',(237.32533987765,54.736196831542,
    12.390932844992));
#7917 = CARTESIAN_POINT('',(237.26475258189,54.77126219448,
    12.38910166344));
#7918 = CARTESIAN_POINT('',(237.18945730715,54.780934664436,
    12.388596555463));
#7919 = CARTESIAN_POINT('',(237.11243568023,54.756953300896,
    12.389848789175));
#7920 = CARTESIAN_POINT('',(237.05434207072,54.701936318067,
    12.392722005996));
#7921 = CARTESIAN_POINT('',(237.02533987072,54.632285083288,
    12.396359318883));
#7922 = CARTESIAN_POINT('',(237.02533987072,54.562569546591,12.4));
#7923 = PCURVE('',#5978,#7924);
#7924 = DEFINITIONAL_REPRESENTATION('',(#7925),#7929);
#7925 = LINE('',#7926,#7927);
#7926 = CARTESIAN_POINT('',(2.09465904264,0.));
#7927 = VECTOR('',#7928,1.);
#7928 = DIRECTION('',(0.,1.));
#7929 = ( GEOMETRIC_REPRESENTATION_CONTEXT(2) 
PARAMETRIC_REPRESENTATION_CONTEXT() REPRESENTATION_CONTEXT('2D SPACE',''
  ) );
#7930 = PCURVE('',#6881,#7931);
#7931 = DEFINITIONAL_REPRESENTATION('',(#7932),#7940);
#7932 = B_SPLINE_CURVE_WITH_KNOTS('',6,(#7933,#7934,#7935,#7936,#7937,
    #7938,#7939),.UNSPECIFIED.,.F.,.F.,(7,7),(0.,2.09465904264),
  .PIECEWISE_BEZIER_KNOTS.);
#7933 = CARTESIAN_POINT('',(-3.930189507173E-14,12.404534122864));
#7934 = CARTESIAN_POINT('',(0.349800923269,12.4014802933));
#7935 = CARTESIAN_POINT('',(0.700052274803,12.40063955311));
#7936 = CARTESIAN_POINT('',(1.050263533704,12.402723412734));
#7937 = CARTESIAN_POINT('',(1.398976476146,12.407519441491));
#7938 = CARTESIAN_POINT('',(1.746665092741,12.413583758809));
#7939 = CARTESIAN_POINT('',(2.094395142425,12.419655259264));
#7940 = ( GEOMETRIC_REPRESENTATION_CONTEXT(2) 
PARAMETRIC_REPRESENTATION_CONTEXT() REPRESENTATION_CONTEXT('2D SPACE',''
  ) );
#7941 = ORIENTED_EDGE('',*,*,#7942,.F.);
#7942 = EDGE_CURVE('',#5927,#7912,#7943,.T.);
#7943 = SURFACE_CURVE('',#7944,(#7948,#7954),.PCURVE_S1.);
#7944 = ( BOUNDED_CURVE() B_SPLINE_CURVE(2,(#7945,#7946,#7947),
.UNSPECIFIED.,.F.,.F.) B_SPLINE_CURVE_WITH_KNOTS((3,3),(0.,2.09465904264
),.PIECEWISE_BEZIER_KNOTS.) CURVE() GEOMETRIC_REPRESENTATION_ITEM() 
RATIONAL_B_SPLINE_CURVE((1.,0.707106781187,1.)) REPRESENTATION_ITEM('') 
  );
#7945 = CARTESIAN_POINT('',(236.72533987072,54.562569546591,12.7));
#7946 = CARTESIAN_POINT('',(237.02533987072,54.562569546591,12.7));
#7947 = CARTESIAN_POINT('',(237.02533987072,54.562569546591,12.4));
#7948 = PCURVE('',#5978,#7949);
#7949 = DEFINITIONAL_REPRESENTATION('',(#7950),#7953);
#7950 = B_SPLINE_CURVE_WITH_KNOTS('',1,(#7951,#7952),.UNSPECIFIED.,.F.,
  .F.,(2,2),(0.,2.09465904264),.PIECEWISE_BEZIER_KNOTS.);
#7951 = CARTESIAN_POINT('',(0.,2.09465904264));
#7952 = CARTESIAN_POINT('',(2.09465904264,2.09465904264));
#7953 = ( GEOMETRIC_REPRESENTATION_CONTEXT(2) 
PARAMETRIC_REPRESENTATION_CONTEXT() REPRESENTATION_CONTEXT('2D SPACE',''
  ) );
#7954 = PCURVE('',#5942,#7955);
#7955 = DEFINITIONAL_REPRESENTATION('',(#7956),#7967);
#7956 = B_SPLINE_CURVE_WITH_KNOTS('',9,(#7957,#7958,#7959,#7960,#7961,
    #7962,#7963,#7964,#7965,#7966),.UNSPECIFIED.,.F.,.F.,(10,10),(0.,
    2.09465904264),.PIECEWISE_BEZIER_KNOTS.);
#7957 = CARTESIAN_POINT('',(0.,52.31128419221));
#7958 = CARTESIAN_POINT('',(0.157134840264,52.31128419221));
#7959 = CARTESIAN_POINT('',(0.325774716821,52.311284192211));
#7960 = CARTESIAN_POINT('',(0.504566386871,52.311284192208));
#7961 = CARTESIAN_POINT('',(0.690744851611,52.311284192212));
#7962 = CARTESIAN_POINT('',(0.880051475184,52.311284192209));
#7963 = CARTESIAN_POINT('',(1.066229939925,52.31128419221));
#7964 = CARTESIAN_POINT('',(1.245021609974,52.31128419221));
#7965 = CARTESIAN_POINT('',(1.413661486531,52.31128419221));
#7966 = CARTESIAN_POINT('',(1.570796326795,52.31128419221));
#7967 = ( GEOMETRIC_REPRESENTATION_CONTEXT(2) 
PARAMETRIC_REPRESENTATION_CONTEXT() REPRESENTATION_CONTEXT('2D SPACE',''
  ) );
#7968 = ORIENTED_EDGE('',*,*,#5954,.F.);
#7969 = ADVANCED_FACE('',(#7970),#5942,.T.);
#7970 = FACE_BOUND('',#7971,.T.);
#7971 = EDGE_LOOP('',(#7972,#8001,#8022,#8023));
#7972 = ORIENTED_EDGE('',*,*,#7973,.T.);
#7973 = EDGE_CURVE('',#5874,#7974,#7976,.T.);
#7974 = VERTEX_POINT('',#7975);
#7975 = CARTESIAN_POINT('',(237.02533987072,2.587430453409,12.4));
#7976 = SURFACE_CURVE('',#7977,(#7981,#7995),.PCURVE_S1.);
#7977 = ( BOUNDED_CURVE() B_SPLINE_CURVE(2,(#7978,#7979,#7980),
.UNSPECIFIED.,.F.,.F.) B_SPLINE_CURVE_WITH_KNOTS((3,3),(0.,2.09465904264
),.PIECEWISE_BEZIER_KNOTS.) CURVE() GEOMETRIC_REPRESENTATION_ITEM() 
RATIONAL_B_SPLINE_CURVE((1.,0.707106781187,1.)) REPRESENTATION_ITEM('') 
  );
#7978 = CARTESIAN_POINT('',(236.72533987072,2.587430453409,12.7));
#7979 = CARTESIAN_POINT('',(237.02533987072,2.587430453409,12.7));
#7980 = CARTESIAN_POINT('',(237.02533987072,2.587430453409,12.4));
#7981 = PCURVE('',#5942,#7982);
#7982 = DEFINITIONAL_REPRESENTATION('',(#7983),#7994);
#7983 = B_SPLINE_CURVE_WITH_KNOTS('',9,(#7984,#7985,#7986,#7987,#7988,
    #7989,#7990,#7991,#7992,#7993),.UNSPECIFIED.,.F.,.F.,(10,10),(0.,
    2.09465904264),.PIECEWISE_BEZIER_KNOTS.);
#7984 = CARTESIAN_POINT('',(-2.22044604925E-16,0.336145099028));
#7985 = CARTESIAN_POINT('',(0.157134840264,0.336145099028));
#7986 = CARTESIAN_POINT('',(0.325774716821,0.336145099028));
#7987 = CARTESIAN_POINT('',(0.504566386871,0.336145099028));
#7988 = CARTESIAN_POINT('',(0.690744851609,0.336145099028));
#7989 = CARTESIAN_POINT('',(0.880051475186,0.336145099028));
#7990 = CARTESIAN_POINT('',(1.066229939923,0.336145099028));
#7991 = CARTESIAN_POINT('',(1.245021609974,0.336145099028));
#7992 = CARTESIAN_POINT('',(1.413661486531,0.336145099028));
#7993 = CARTESIAN_POINT('',(1.570796326795,0.336145099028));
#7994 = ( GEOMETRIC_REPRESENTATION_CONTEXT(2) 
PARAMETRIC_REPRESENTATION_CONTEXT() REPRESENTATION_CONTEXT('2D SPACE',''
  ) );
#7995 = PCURVE('',#5897,#7996);
#7996 = DEFINITIONAL_REPRESENTATION('',(#7997),#8000);
#7997 = B_SPLINE_CURVE_WITH_KNOTS('',1,(#7998,#7999),.UNSPECIFIED.,.F.,
  .F.,(2,2),(0.,2.09465904264),.PIECEWISE_BEZIER_KNOTS.);
#7998 = CARTESIAN_POINT('',(0.,0.));
#7999 = CARTESIAN_POINT('',(2.09465904264,0.));
#8000 = ( GEOMETRIC_REPRESENTATION_CONTEXT(2) 
PARAMETRIC_REPRESENTATION_CONTEXT() REPRESENTATION_CONTEXT('2D SPACE',''
  ) );
#8001 = ORIENTED_EDGE('',*,*,#8002,.T.);
#8002 = EDGE_CURVE('',#7974,#7912,#8003,.T.);
#8003 = SURFACE_CURVE('',#8004,(#8008,#8015),.PCURVE_S1.);
#8004 = LINE('',#8005,#8006);
#8005 = CARTESIAN_POINT('',(237.02533987072,2.251285354381,12.4));
#8006 = VECTOR('',#8007,1.);
#8007 = DIRECTION('',(0.,1.,0.));
#8008 = PCURVE('',#5942,#8009);
#8009 = DEFINITIONAL_REPRESENTATION('',(#8010),#8014);
#8010 = LINE('',#8011,#8012);
#8011 = CARTESIAN_POINT('',(1.570796326795,0.));
#8012 = VECTOR('',#8013,1.);
#8013 = DIRECTION('',(0.,1.));
#8014 = ( GEOMETRIC_REPRESENTATION_CONTEXT(2) 
PARAMETRIC_REPRESENTATION_CONTEXT() REPRESENTATION_CONTEXT('2D SPACE',''
  ) );
#8015 = PCURVE('',#6946,#8016);
#8016 = DEFINITIONAL_REPRESENTATION('',(#8017),#8021);
#8017 = LINE('',#8018,#8019);
#8018 = CARTESIAN_POINT('',(6.105649277734,26.323714645619));
#8019 = VECTOR('',#8020,1.);
#8020 = DIRECTION('',(0.,-1.));
#8021 = ( GEOMETRIC_REPRESENTATION_CONTEXT(2) 
PARAMETRIC_REPRESENTATION_CONTEXT() REPRESENTATION_CONTEXT('2D SPACE',''
  ) );
#8022 = ORIENTED_EDGE('',*,*,#7942,.F.);
#8023 = ORIENTED_EDGE('',*,*,#5926,.F.);
#8024 = ADVANCED_FACE('',(#8025),#5897,.F.);
#8025 = FACE_BOUND('',#8026,.F.);
#8026 = EDGE_LOOP('',(#8027,#8028,#8059,#8086));
#8027 = ORIENTED_EDGE('',*,*,#7973,.T.);
#8028 = ORIENTED_EDGE('',*,*,#8029,.T.);
#8029 = EDGE_CURVE('',#7974,#8030,#8032,.T.);
#8030 = VERTEX_POINT('',#8031);
#8031 = CARTESIAN_POINT('',(237.32533987765,2.413803168458,
    12.390932844992));
#8032 = SURFACE_CURVE('',#8033,(#8041,#8048),.PCURVE_S1.);
#8033 = B_SPLINE_CURVE_WITH_KNOTS('',6,(#8034,#8035,#8036,#8037,#8038,
    #8039,#8040),.UNSPECIFIED.,.F.,.F.,(7,7),(0.,2.09465904264),
  .PIECEWISE_BEZIER_KNOTS.);
#8034 = CARTESIAN_POINT('',(237.02533987072,2.587430453409,12.4));
#8035 = CARTESIAN_POINT('',(237.02533987072,2.517714916712,
    12.396359318883));
#8036 = CARTESIAN_POINT('',(237.05434207072,2.448063681933,
    12.392722005996));
#8037 = CARTESIAN_POINT('',(237.11243568023,2.393046699104,
    12.389848789175));
#8038 = CARTESIAN_POINT('',(237.18945730715,2.369065335564,
    12.388596555463));
#8039 = CARTESIAN_POINT('',(237.26475258189,2.37873780552,12.38910166344
    ));
#8040 = CARTESIAN_POINT('',(237.32533987765,2.413803168458,
    12.390932844992));
#8041 = PCURVE('',#5897,#8042);
#8042 = DEFINITIONAL_REPRESENTATION('',(#8043),#8047);
#8043 = LINE('',#8044,#8045);
#8044 = CARTESIAN_POINT('',(2.09465904264,0.));
#8045 = VECTOR('',#8046,1.);
#8046 = DIRECTION('',(0.,1.));
#8047 = ( GEOMETRIC_REPRESENTATION_CONTEXT(2) 
PARAMETRIC_REPRESENTATION_CONTEXT() REPRESENTATION_CONTEXT('2D SPACE',''
  ) );
#8048 = PCURVE('',#7009,#8049);
#8049 = DEFINITIONAL_REPRESENTATION('',(#8050),#8058);
#8050 = B_SPLINE_CURVE_WITH_KNOTS('',6,(#8051,#8052,#8053,#8054,#8055,
    #8056,#8057),.UNSPECIFIED.,.F.,.F.,(7,7),(0.,2.09465904264),
  .PIECEWISE_BEZIER_KNOTS.);
#8051 = CARTESIAN_POINT('',(-2.22044604925E-16,12.419655259264));
#8052 = CARTESIAN_POINT('',(0.347730049684,12.413583758809));
#8053 = CARTESIAN_POINT('',(0.695418666279,12.407519441491));
#8054 = CARTESIAN_POINT('',(1.044131608721,12.402723412734));
#8055 = CARTESIAN_POINT('',(1.394342867622,12.400639553109));
#8056 = CARTESIAN_POINT('',(1.744594219155,12.4014802933));
#8057 = CARTESIAN_POINT('',(2.094395142425,12.404534122864));
#8058 = ( GEOMETRIC_REPRESENTATION_CONTEXT(2) 
PARAMETRIC_REPRESENTATION_CONTEXT() REPRESENTATION_CONTEXT('2D SPACE',''
  ) );
#8059 = ORIENTED_EDGE('',*,*,#8060,.F.);
#8060 = EDGE_CURVE('',#5846,#8030,#8061,.T.);
#8061 = SURFACE_CURVE('',#8062,(#8066,#8072),.PCURVE_S1.);
#8062 = ( BOUNDED_CURVE() B_SPLINE_CURVE(2,(#8063,#8064,#8065),
.UNSPECIFIED.,.F.,.F.) B_SPLINE_CURVE_WITH_KNOTS((3,3),(0.,2.09465904264
),.PIECEWISE_BEZIER_KNOTS.) CURVE() GEOMETRIC_REPRESENTATION_ITEM() 
RATIONAL_B_SPLINE_CURVE((1.,0.696339051747,1.)) REPRESENTATION_ITEM('') 
  );
#8063 = CARTESIAN_POINT('',(237.47533988805,2.154153821107,12.7));
#8064 = CARTESIAN_POINT('',(237.32066500725,2.421895348219,12.7));
#8065 = CARTESIAN_POINT('',(237.32533987765,2.413803168458,
    12.390932844992));
#8066 = PCURVE('',#5897,#8067);
#8067 = DEFINITIONAL_REPRESENTATION('',(#8068),#8071);
#8068 = B_SPLINE_CURVE_WITH_KNOTS('',1,(#8069,#8070),.UNSPECIFIED.,.F.,
  .F.,(2,2),(0.,2.09465904264),.PIECEWISE_BEZIER_KNOTS.);
#8069 = CARTESIAN_POINT('',(0.,2.09465904264));
#8070 = CARTESIAN_POINT('',(2.09465904264,2.09465904264));
#8071 = ( GEOMETRIC_REPRESENTATION_CONTEXT(2) 
PARAMETRIC_REPRESENTATION_CONTEXT() REPRESENTATION_CONTEXT('2D SPACE',''
  ) );
#8072 = PCURVE('',#5861,#8073);
#8073 = DEFINITIONAL_REPRESENTATION('',(#8074),#8085);
#8074 = B_SPLINE_CURVE_WITH_KNOTS('',9,(#8075,#8076,#8077,#8078,#8079,
    #8080,#8081,#8082,#8083,#8084),.UNSPECIFIED.,.F.,.F.,(10,10),(0.,
    2.09465904264),.PIECEWISE_BEZIER_KNOTS.);
#8075 = CARTESIAN_POINT('',(1.110223024625E-16,14.325868303613));
#8076 = CARTESIAN_POINT('',(0.159491773852,14.325868303613));
#8077 = CARTESIAN_POINT('',(0.331090311858,14.325868303612));
#8078 = CARTESIAN_POINT('',(0.513447523061,14.325868303614));
#8079 = CARTESIAN_POINT('',(0.70369095396,14.325868303612));
#8080 = CARTESIAN_POINT('',(0.897333826239,14.325868303614));
#8081 = CARTESIAN_POINT('',(1.087577257137,14.325868303612));
#8082 = CARTESIAN_POINT('',(1.269934468341,14.325868303613));
#8083 = CARTESIAN_POINT('',(1.441533006346,14.325868303613));
#8084 = CARTESIAN_POINT('',(1.601024780199,14.325868303613));
#8085 = ( GEOMETRIC_REPRESENTATION_CONTEXT(2) 
PARAMETRIC_REPRESENTATION_CONTEXT() REPRESENTATION_CONTEXT('2D SPACE',''
  ) );
#8086 = ORIENTED_EDGE('',*,*,#5873,.F.);
#8087 = ADVANCED_FACE('',(#8088),#5861,.T.);
#8088 = FACE_BOUND('',#8089,.T.);
#8089 = EDGE_LOOP('',(#8090,#8091,#8112,#8113));
#8090 = ORIENTED_EDGE('',*,*,#7143,.F.);
#8091 = ORIENTED_EDGE('',*,*,#8092,.T.);
#8092 = EDGE_CURVE('',#7121,#8030,#8093,.T.);
#8093 = SURFACE_CURVE('',#8094,(#8098,#8105),.PCURVE_S1.);
#8094 = LINE('',#8095,#8096);
#8095 = CARTESIAN_POINT('',(249.73001474112,9.580011662784,
    12.390932844992));
#8096 = VECTOR('',#8097,1.);
#8097 = DIRECTION('',(-0.865893403497,-0.50022856154,0.));
#8098 = PCURVE('',#5861,#8099);
#8099 = DEFINITIONAL_REPRESENTATION('',(#8100),#8104);
#8100 = LINE('',#8101,#8102);
#8101 = CARTESIAN_POINT('',(1.601024780199,0.));
#8102 = VECTOR('',#8103,1.);
#8103 = DIRECTION('',(0.,1.));
#8104 = ( GEOMETRIC_REPRESENTATION_CONTEXT(2) 
PARAMETRIC_REPRESENTATION_CONTEXT() REPRESENTATION_CONTEXT('2D SPACE',''
  ) );
#8105 = PCURVE('',#7074,#8106);
#8106 = DEFINITIONAL_REPRESENTATION('',(#8107),#8111);
#8107 = LINE('',#8108,#8109);
#8108 = CARTESIAN_POINT('',(7.444390317459,-6.043693875769));
#8109 = VECTOR('',#8110,1.);
#8110 = DIRECTION('',(-1.,1.605268984088E-18));
#8111 = ( GEOMETRIC_REPRESENTATION_CONTEXT(2) 
PARAMETRIC_REPRESENTATION_CONTEXT() REPRESENTATION_CONTEXT('2D SPACE',''
  ) );
#8112 = ORIENTED_EDGE('',*,*,#8060,.F.);
#8113 = ORIENTED_EDGE('',*,*,#5845,.F.);
#8114 = ADVANCED_FACE('',(#8115),#6760,.T.);
#8115 = FACE_BOUND('',#8116,.T.);
#8116 = EDGE_LOOP('',(#8117,#8118,#8119,#8120));
#8117 = ORIENTED_EDGE('',*,*,#6807,.T.);
#8118 = ORIENTED_EDGE('',*,*,#6744,.T.);
#8119 = ORIENTED_EDGE('',*,*,#7884,.F.);
#8120 = ORIENTED_EDGE('',*,*,#8121,.F.);
#8121 = EDGE_CURVE('',#6808,#7856,#8122,.T.);
#8122 = SURFACE_CURVE('',#8123,(#8127,#8134),.PCURVE_S1.);
#8123 = LINE('',#8124,#8125);
#8124 = CARTESIAN_POINT('',(237.32533987765,55.169108829259,
    -6.04477084327E-03));
#8125 = VECTOR('',#8126,1.);
#8126 = DIRECTION('',(0.,-3.48994967025E-02,0.999390827019));
#8127 = PCURVE('',#6760,#8128);
#8128 = DEFINITIONAL_REPRESENTATION('',(#8129),#8133);
#8129 = LINE('',#8130,#8131);
#8130 = CARTESIAN_POINT('',(7.098032932049,6.358949824696));
#8131 = VECTOR('',#8132,1.);
#8132 = DIRECTION('',(-1.745772503396E-02,-0.999847602306));
#8133 = ( GEOMETRIC_REPRESENTATION_CONTEXT(2) 
PARAMETRIC_REPRESENTATION_CONTEXT() REPRESENTATION_CONTEXT('2D SPACE',''
  ) );
#8134 = PCURVE('',#6881,#8135);
#8135 = DEFINITIONAL_REPRESENTATION('',(#8136),#8140);
#8136 = LINE('',#8137,#8138);
#8137 = CARTESIAN_POINT('',(0.,0.));
#8138 = VECTOR('',#8139,1.);
#8139 = DIRECTION('',(0.,1.));
#8140 = ( GEOMETRIC_REPRESENTATION_CONTEXT(2) 
PARAMETRIC_REPRESENTATION_CONTEXT() REPRESENTATION_CONTEXT('2D SPACE',''
  ) );
#8141 = ADVANCED_FACE('',(#8142),#6881,.F.);
#8142 = FACE_BOUND('',#8143,.F.);
#8143 = EDGE_LOOP('',(#8144,#8145,#8146,#8167));
#8144 = ORIENTED_EDGE('',*,*,#8121,.F.);
#8145 = ORIENTED_EDGE('',*,*,#6861,.T.);
#8146 = ORIENTED_EDGE('',*,*,#8147,.T.);
#8147 = EDGE_CURVE('',#6862,#7912,#8148,.T.);
#8148 = SURFACE_CURVE('',#8149,(#8153,#8160),.PCURVE_S1.);
#8149 = LINE('',#8150,#8151);
#8150 = CARTESIAN_POINT('',(237.02533987072,54.996009264358,
    -1.208954084829E-02));
#8151 = VECTOR('',#8152,1.);
#8152 = DIRECTION('',(0.,-3.48994967025E-02,0.999390827019));
#8153 = PCURVE('',#6881,#8154);
#8154 = DEFINITIONAL_REPRESENTATION('',(#8155),#8159);
#8155 = LINE('',#8156,#8157);
#8156 = CARTESIAN_POINT('',(2.094395142425,0.));
#8157 = VECTOR('',#8158,1.);
#8158 = DIRECTION('',(0.,1.));
#8159 = ( GEOMETRIC_REPRESENTATION_CONTEXT(2) 
PARAMETRIC_REPRESENTATION_CONTEXT() REPRESENTATION_CONTEXT('2D SPACE',''
  ) );
#8160 = PCURVE('',#6946,#8161);
#8161 = DEFINITIONAL_REPRESENTATION('',(#8162),#8166);
#8162 = LINE('',#8163,#8164);
#8163 = CARTESIAN_POINT('',(-6.306440263114,-26.42100926435));
#8164 = VECTOR('',#8165,1.);
#8165 = DIRECTION('',(0.999390827019,3.48994967025E-02));
#8166 = ( GEOMETRIC_REPRESENTATION_CONTEXT(2) 
PARAMETRIC_REPRESENTATION_CONTEXT() REPRESENTATION_CONTEXT('2D SPACE',''
  ) );
#8167 = ORIENTED_EDGE('',*,*,#7911,.F.);
#8168 = ADVANCED_FACE('',(#8169),#6946,.T.);
#8169 = FACE_BOUND('',#8170,.T.);
#8170 = EDGE_LOOP('',(#8171,#8172,#8173,#8174));
#8171 = ORIENTED_EDGE('',*,*,#6930,.T.);
#8172 = ORIENTED_EDGE('',*,*,#8147,.T.);
#8173 = ORIENTED_EDGE('',*,*,#8002,.F.);
#8174 = ORIENTED_EDGE('',*,*,#8175,.F.);
#8175 = EDGE_CURVE('',#6931,#7974,#8176,.T.);
#8176 = SURFACE_CURVE('',#8177,(#8181,#8188),.PCURVE_S1.);
#8177 = LINE('',#8178,#8179);
#8178 = CARTESIAN_POINT('',(237.02533987072,2.153990735642,
    -1.208954084829E-02));
#8179 = VECTOR('',#8180,1.);
#8180 = DIRECTION('',(0.,3.48994967025E-02,0.999390827019));
#8181 = PCURVE('',#6946,#8182);
#8182 = DEFINITIONAL_REPRESENTATION('',(#8183),#8187);
#8183 = LINE('',#8184,#8185);
#8184 = CARTESIAN_POINT('',(-6.306440263114,26.421009264358));
#8185 = VECTOR('',#8186,1.);
#8186 = DIRECTION('',(0.999390827019,-3.48994967025E-02));
#8187 = ( GEOMETRIC_REPRESENTATION_CONTEXT(2) 
PARAMETRIC_REPRESENTATION_CONTEXT() REPRESENTATION_CONTEXT('2D SPACE',''
  ) );
#8188 = PCURVE('',#7009,#8189);
#8189 = DEFINITIONAL_REPRESENTATION('',(#8190),#8194);
#8190 = LINE('',#8191,#8192);
#8191 = CARTESIAN_POINT('',(0.,0.));
#8192 = VECTOR('',#8193,1.);
#8193 = DIRECTION('',(0.,1.));
#8194 = ( GEOMETRIC_REPRESENTATION_CONTEXT(2) 
PARAMETRIC_REPRESENTATION_CONTEXT() REPRESENTATION_CONTEXT('2D SPACE',''
  ) );
#8195 = ADVANCED_FACE('',(#8196),#7009,.F.);
#8196 = FACE_BOUND('',#8197,.F.);
#8197 = EDGE_LOOP('',(#8198,#8199,#8200,#8221));
#8198 = ORIENTED_EDGE('',*,*,#8175,.F.);
#8199 = ORIENTED_EDGE('',*,*,#6989,.T.);
#8200 = ORIENTED_EDGE('',*,*,#8201,.T.);
#8201 = EDGE_CURVE('',#6990,#8030,#8202,.T.);
#8202 = SURFACE_CURVE('',#8203,(#8207,#8214),.PCURVE_S1.);
#8203 = LINE('',#8204,#8205);
#8204 = CARTESIAN_POINT('',(237.32533987765,1.980891170741,
    -6.04477084327E-03));
#8205 = VECTOR('',#8206,1.);
#8206 = DIRECTION('',(0.,3.48994967025E-02,0.999390827019));
#8207 = PCURVE('',#7009,#8208);
#8208 = DEFINITIONAL_REPRESENTATION('',(#8209),#8213);
#8209 = LINE('',#8210,#8211);
#8210 = CARTESIAN_POINT('',(2.094395142425,0.));
#8211 = VECTOR('',#8212,1.);
#8212 = DIRECTION('',(0.,1.));
#8213 = ( GEOMETRIC_REPRESENTATION_CONTEXT(2) 
PARAMETRIC_REPRESENTATION_CONTEXT() REPRESENTATION_CONTEXT('2D SPACE',''
  ) );
#8214 = PCURVE('',#7074,#8215);
#8215 = DEFINITIONAL_REPRESENTATION('',(#8216),#8220);
#8216 = LINE('',#8217,#8218);
#8217 = CARTESIAN_POINT('',(-7.098032932049,6.358949824696));
#8218 = VECTOR('',#8219,1.);
#8219 = DIRECTION('',(1.745772503396E-02,-0.999847602306));
#8220 = ( GEOMETRIC_REPRESENTATION_CONTEXT(2) 
PARAMETRIC_REPRESENTATION_CONTEXT() REPRESENTATION_CONTEXT('2D SPACE',''
  ) );
#8221 = ORIENTED_EDGE('',*,*,#8029,.F.);
#8222 = ADVANCED_FACE('',(#8223),#7074,.T.);
#8223 = FACE_BOUND('',#8224,.T.);
#8224 = EDGE_LOOP('',(#8225,#8226,#8227,#8228));
#8225 = ORIENTED_EDGE('',*,*,#7058,.T.);
#8226 = ORIENTED_EDGE('',*,*,#8201,.T.);
#8227 = ORIENTED_EDGE('',*,*,#8092,.F.);
#8228 = ORIENTED_EDGE('',*,*,#7120,.F.);
#8229 = ( GEOMETRIC_REPRESENTATION_CONTEXT(3) 
GLOBAL_UNCERTAINTY_ASSIGNED_CONTEXT((#8233)) 
GLOBAL_UNIT_ASSIGNED_CONTEXT((#8230,#8231,#8232)) REPRESENTATION_CONTEXT
('Context #1','3D Context with UNIT and UNCERTAINTY') );
#8230 = ( LENGTH_UNIT() NAMED_UNIT(*) SI_UNIT(.MILLI.,.METRE.) );
#8231 = ( NAMED_UNIT(*) PLANE_ANGLE_UNIT() SI_UNIT($,.RADIAN.) );
#8232 = ( NAMED_UNIT(*) SI_UNIT($,.STERADIAN.) SOLID_ANGLE_UNIT() );
#8233 = UNCERTAINTY_MEASURE_WITH_UNIT(LENGTH_MEASURE(5.E-07),#8230,
  'distance_accuracy_value','confusion accuracy');
#8234 = CONTEXT_DEPENDENT_SHAPE_REPRESENTATION(#8235,#8237);
#8235 = ( REPRESENTATION_RELATIONSHIP('','',#4507,#10) 
REPRESENTATION_RELATIONSHIP_WITH_TRANSFORMATION(#8236) 
SHAPE_REPRESENTATION_RELATIONSHIP() );
#8236 = ITEM_DEFINED_TRANSFORMATION('','',#11,#19);
#8237 = PRODUCT_DEFINITION_SHAPE('Placement','Placement of an item',
  #8238);
#8238 = NEXT_ASSEMBLY_USAGE_OCCURRENCE('2','','',#5,#4502,$);
#8239 = PRODUCT_RELATED_PRODUCT_CATEGORY('part',$,(#4504));
ENDSEC;
END-ISO-10303-21;
