ISO-10303-21;
HEADER;
FILE_DESCRIPTION(('Open CASCADE Model'),'2;1');
FILE_NAME('Open CASCADE Shape Model','2026-09-24T07:43:38',('Author'),(
    'Open CASCADE'),'Open CASCADE STEP processor 7.9','Open CASCADE 7.9'
  ,'Unknown');
FILE_SCHEMA(('AUTOMOTIVE_DESIGN { 1 0 10303 214 1 1 1 1 }'));
ENDSEC;
DATA;
#1 = APPLICATION_PROTOCOL_DEFINITION('international standard',
  'automotive_design',2000,#2);
#2 = APPLICATION_CONTEXT(
  'core data for automotive mechanical design processes');
#3 = SHAPE_DEFINITION_REPRESENTATION(#4,#10);
#4 = PRODUCT_DEFINITION_SHAPE('','',#5);
#5 = PRODUCT_DEFINITION('design','',#6,#9);
#6 = PRODUCT_DEFINITION_FORMATION('','',#7);
#7 = PRODUCT('Open CASCADE STEP translator 7.9 3',
  'Open CASCADE STEP translator 7.9 3','',(#8));
#8 = PRODUCT_CONTEXT('',#2,'mechanical');
#9 = PRODUCT_DEFINITION_CONTEXT('part definition',#2,'design');
#10 = SHAPE_REPRESENTATION('',(#11,#15,#19),#23);
#11 = AXIS2_PLACEMENT_3D('',#12,#13,#14);
#12 = CARTESIAN_POINT('',(0.,0.,0.));
#13 = DIRECTION('',(0.,0.,1.));
#14 = DIRECTION('',(1.,0.,-0.));
#15 = AXIS2_PLACEMENT_3D('',#16,#17,#18);
#16 = CARTESIAN_POINT('',(0.,0.,0.));
#17 = DIRECTION('',(0.,0.,1.));
#18 = DIRECTION('',(1.,0.,-0.));
#19 = AXIS2_PLACEMENT_3D('',#20,#21,#22);
#20 = CARTESIAN_POINT('',(0.,0.,0.));
#21 = DIRECTION('',(0.,0.,1.));
#22 = DIRECTION('',(1.,0.,-0.));
#23 = ( GEOMETRIC_REPRESENTATION_CONTEXT(3) 
GLOBAL_UNCERTAINTY_ASSIGNED_CONTEXT((#27)) GLOBAL_UNIT_ASSIGNED_CONTEXT(
(#24,#25,#26)) REPRESENTATION_CONTEXT('Context #1',
  '3D Context with UNIT and UNCERTAINTY') );
#24 = ( LENGTH_UNIT() NAMED_UNIT(*) SI_UNIT(.MILLI.,.METRE.) );
#25 = ( NAMED_UNIT(*) PLANE_ANGLE_UNIT() SI_UNIT($,.RADIAN.) );
#26 = ( NAMED_UNIT(*) SI_UNIT($,.STERADIAN.) SOLID_ANGLE_UNIT() );
#27 = UNCERTAINTY_MEASURE_WITH_UNIT(LENGTH_MEASURE(1.E-05),#24,
  'distance_accuracy_value','confusion accuracy');
#28 = PRODUCT_RELATED_PRODUCT_CATEGORY('part',$,(#7));
#29 = SHAPE_DEFINITION_REPRESENTATION(#30,#36);
#30 = PRODUCT_DEFINITION_SHAPE('','',#31);
#31 = PRODUCT_DEFINITION('design','',#32,#35);
#32 = PRODUCT_DEFINITION_FORMATION('','',#33);
#33 = PRODUCT('Open CASCADE STEP translator 7.9 3.1',
  'Open CASCADE STEP translator 7.9 3.1','',(#34));
#34 = PRODUCT_CONTEXT('',#2,'mechanical');
#35 = PRODUCT_DEFINITION_CONTEXT('part definition',#2,'design');
#36 = ADVANCED_BREP_SHAPE_REPRESENTATION('',(#11,#37),#4365);
#37 = MANIFOLD_SOLID_BREP('',#38);
#38 = CLOSED_SHELL('',(#39,#1409,#1490,#1573,#1622,#1693,#1802,#1894,
    #1943,#2029,#2083,#2121,#2192,#2241,#2290,#2339,#2388,#2415,#2486,
    #2535,#2584,#2633,#2682,#2709,#2780,#2829,#2878,#2927,#2976,#3003,
    #3074,#3123,#3172,#3221,#3270,#3297,#3743,#3804,#3836,#3885,#3917,
    #3988,#4059,#4098,#4133,#4166,#4220,#4277,#4283,#4318,#4353,#4359));
#39 = ADVANCED_FACE('',(#40,#729,#899,#1069,#1239),#54,.F.);
#40 = FACE_BOUND('',#41,.F.);
#41 = EDGE_LOOP('',(#42,#77,#105,#141,#169,#197,#359,#387,#415,#443));
#42 = ORIENTED_EDGE('',*,*,#43,.T.);
#43 = EDGE_CURVE('',#44,#46,#48,.T.);
#44 = VERTEX_POINT('',#45);
#45 = CARTESIAN_POINT('',(249.72533987072,17.165197158289,
    -2.740863092043E-16));
#46 = VERTEX_POINT('',#47);
#47 = CARTESIAN_POINT('',(249.72533987072,2.84217094304E-14,0.));
#48 = SURFACE_CURVE('',#49,(#53,#65),.PCURVE_S1.);
#49 = LINE('',#50,#51);
#50 = CARTESIAN_POINT('',(249.72533987072,11.694563347556,0.));
#51 = VECTOR('',#52,1.);
#52 = DIRECTION('',(0.,-1.,0.));
#53 = PCURVE('',#54,#59);
#54 = PLANE('',#55);
#55 = AXIS2_PLACEMENT_3D('',#56,#57,#58);
#56 = CARTESIAN_POINT('',(238.15334829633,27.850133547595,0.));
#57 = DIRECTION('',(0.,0.,1.));
#58 = DIRECTION('',(1.110223024625E-16,-1.,0.));
#59 = DEFINITIONAL_REPRESENTATION('',(#60),#64);
#60 = LINE('',#61,#62);
#61 = CARTESIAN_POINT('',(16.155570200039,11.57199157439));
#62 = VECTOR('',#63,1.);
#63 = DIRECTION('',(1.,-1.110223024625E-16));
#64 = ( GEOMETRIC_REPRESENTATION_CONTEXT(2) 
PARAMETRIC_REPRESENTATION_CONTEXT() REPRESENTATION_CONTEXT('2D SPACE',''
  ) );
#65 = PCURVE('',#66,#71);
#66 = PLANE('',#67);
#67 = AXIS2_PLACEMENT_3D('',#68,#69,#70);
#68 = CARTESIAN_POINT('',(249.72533987072,-4.461006852484,6.38192162046)
  );
#69 = DIRECTION('',(-1.,-0.,-0.));
#70 = DIRECTION('',(0.,0.,-1.));
#71 = DEFINITIONAL_REPRESENTATION('',(#72),#76);
#72 = LINE('',#73,#74);
#73 = CARTESIAN_POINT('',(6.38192162046,-16.15557020003));
#74 = VECTOR('',#75,1.);
#75 = DIRECTION('',(0.,1.));
#76 = ( GEOMETRIC_REPRESENTATION_CONTEXT(2) 
PARAMETRIC_REPRESENTATION_CONTEXT() REPRESENTATION_CONTEXT('2D SPACE',''
  ) );
#77 = ORIENTED_EDGE('',*,*,#78,.T.);
#78 = EDGE_CURVE('',#46,#79,#81,.T.);
#79 = VERTEX_POINT('',#80);
#80 = CARTESIAN_POINT('',(486.75067974144,5.684341886081E-14,0.));
#81 = SURFACE_CURVE('',#82,(#86,#93),.PCURVE_S1.);
#82 = LINE('',#83,#84);
#83 = CARTESIAN_POINT('',(1.00892989728,0.,0.));
#84 = VECTOR('',#85,1.);
#85 = DIRECTION('',(1.,1.110223024625E-16,0.));
#86 = PCURVE('',#54,#87);
#87 = DEFINITIONAL_REPRESENTATION('',(#88),#92);
#88 = LINE('',#89,#90);
#89 = CARTESIAN_POINT('',(27.850133547595,-237.144418399));
#90 = VECTOR('',#91,1.);
#91 = DIRECTION('',(0.,1.));
#92 = ( GEOMETRIC_REPRESENTATION_CONTEXT(2) 
PARAMETRIC_REPRESENTATION_CONTEXT() REPRESENTATION_CONTEXT('2D SPACE',''
  ) );
#93 = PCURVE('',#94,#99);
#94 = PLANE('',#95);
#95 = AXIS2_PLACEMENT_3D('',#96,#97,#98);
#96 = CARTESIAN_POINT('',(1.00892989728,0.,0.));
#97 = DIRECTION('',(-1.110223024625E-16,1.,0.));
#98 = DIRECTION('',(1.,1.110223024625E-16,0.));
#99 = DEFINITIONAL_REPRESENTATION('',(#100),#104);
#100 = LINE('',#101,#102);
#101 = CARTESIAN_POINT('',(0.,0.));
#102 = VECTOR('',#103,1.);
#103 = DIRECTION('',(1.,0.));
#104 = ( GEOMETRIC_REPRESENTATION_CONTEXT(2) 
PARAMETRIC_REPRESENTATION_CONTEXT() REPRESENTATION_CONTEXT('2D SPACE',''
  ) );
#105 = ORIENTED_EDGE('',*,*,#106,.F.);
#106 = EDGE_CURVE('',#107,#79,#109,.T.);
#107 = VERTEX_POINT('',#108);
#108 = CARTESIAN_POINT('',(457.2,57.15,0.));
#109 = SURFACE_CURVE('',#110,(#115,#126),.PCURVE_S1.);
#110 = ELLIPSE('',#111,424.44736842105,110.79605803202);
#111 = AXIS2_PLACEMENT_3D('',#112,#113,#114);
#112 = CARTESIAN_POINT('',(422.60394196798,-346.075,0.));
#113 = DIRECTION('',(0.,0.,-1.));
#114 = DIRECTION('',(-1.110223024625E-16,1.,0.));
#115 = PCURVE('',#54,#116);
#116 = DEFINITIONAL_REPRESENTATION('',(#117),#125);
#117 = ( BOUNDED_CURVE() B_SPLINE_CURVE(2,(#118,#119,#120,#121,#122,#123
,#124),.UNSPECIFIED.,.T.,.F.) B_SPLINE_CURVE_WITH_KNOTS((1,2,2,2,2,1),(
    -2.094395102393,0.,2.094395102393,4.188790204786,6.28318530718,
8.377580409573),.UNSPECIFIED.) CURVE() GEOMETRIC_REPRESENTATION_ITEM() 
RATIONAL_B_SPLINE_CURVE((1.,0.5,1.,0.5,1.,0.5,1.)) REPRESENTATION_ITEM(
  '') );
#118 = CARTESIAN_POINT('',(-50.52223487345,184.45059367165));
#119 = CARTESIAN_POINT('',(-50.52223487345,376.35499546145));
#120 = CARTESIAN_POINT('',(586.14881775812,280.40279456655));
#121 = CARTESIAN_POINT('',(1.22281987039E+03,184.45059367165));
#122 = CARTESIAN_POINT('',(586.14881775812,88.498392776746));
#123 = CARTESIAN_POINT('',(-50.52223487345,-7.453808118158));
#124 = CARTESIAN_POINT('',(-50.52223487345,184.45059367165));
#125 = ( GEOMETRIC_REPRESENTATION_CONTEXT(2) 
PARAMETRIC_REPRESENTATION_CONTEXT() REPRESENTATION_CONTEXT('2D SPACE',''
  ) );
#126 = PCURVE('',#127,#135);
#127 = SURFACE_OF_LINEAR_EXTRUSION('',#128,#133);
#128 = ELLIPSE('',#129,424.44736842105,110.79605803202);
#129 = AXIS2_PLACEMENT_3D('',#130,#131,#132);
#130 = CARTESIAN_POINT('',(422.60394196798,-346.075,0.));
#131 = DIRECTION('',(0.,0.,-1.));
#132 = DIRECTION('',(-1.110223024625E-16,1.,0.));
#133 = VECTOR('',#134,1.);
#134 = DIRECTION('',(-0.,0.,-1.));
#135 = DEFINITIONAL_REPRESENTATION('',(#136),#140);
#136 = LINE('',#137,#138);
#137 = CARTESIAN_POINT('',(0.,0.));
#138 = VECTOR('',#139,1.);
#139 = DIRECTION('',(1.,0.));
#140 = ( GEOMETRIC_REPRESENTATION_CONTEXT(2) 
PARAMETRIC_REPRESENTATION_CONTEXT() REPRESENTATION_CONTEXT('2D SPACE',''
  ) );
#141 = ORIENTED_EDGE('',*,*,#142,.T.);
#142 = EDGE_CURVE('',#107,#143,#145,.T.);
#143 = VERTEX_POINT('',#144);
#144 = CARTESIAN_POINT('',(249.72533987072,57.15,0.));
#145 = SURFACE_CURVE('',#146,(#150,#157),.PCURVE_S1.);
#146 = LINE('',#147,#148);
#147 = CARTESIAN_POINT('',(457.2,57.15,0.));
#148 = VECTOR('',#149,1.);
#149 = DIRECTION('',(-1.,-1.110223024625E-16,0.));
#150 = PCURVE('',#54,#151);
#151 = DEFINITIONAL_REPRESENTATION('',(#152),#156);
#152 = LINE('',#153,#154);
#153 = CARTESIAN_POINT('',(-29.2998664524,219.04665170367));
#154 = VECTOR('',#155,1.);
#155 = DIRECTION('',(0.,-1.));
#156 = ( GEOMETRIC_REPRESENTATION_CONTEXT(2) 
PARAMETRIC_REPRESENTATION_CONTEXT() REPRESENTATION_CONTEXT('2D SPACE',''
  ) );
#157 = PCURVE('',#158,#163);
#158 = PLANE('',#159);
#159 = AXIS2_PLACEMENT_3D('',#160,#161,#162);
#160 = CARTESIAN_POINT('',(457.2,57.15,0.));
#161 = DIRECTION('',(1.110223024625E-16,-1.,0.));
#162 = DIRECTION('',(-1.,-1.110223024625E-16,0.));
#163 = DEFINITIONAL_REPRESENTATION('',(#164),#168);
#164 = LINE('',#165,#166);
#165 = CARTESIAN_POINT('',(0.,0.));
#166 = VECTOR('',#167,1.);
#167 = DIRECTION('',(1.,0.));
#168 = ( GEOMETRIC_REPRESENTATION_CONTEXT(2) 
PARAMETRIC_REPRESENTATION_CONTEXT() REPRESENTATION_CONTEXT('2D SPACE',''
  ) );
#169 = ORIENTED_EDGE('',*,*,#170,.T.);
#170 = EDGE_CURVE('',#143,#171,#173,.T.);
#171 = VERTEX_POINT('',#172);
#172 = CARTESIAN_POINT('',(249.72533987072,39.984802841711,
    2.099015405932E-16));
#173 = SURFACE_CURVE('',#174,(#178,#185),.PCURVE_S1.);
#174 = LINE('',#175,#176);
#175 = CARTESIAN_POINT('',(249.72533987072,69.613040585039,0.));
#176 = VECTOR('',#177,1.);
#177 = DIRECTION('',(0.,-1.,0.));
#178 = PCURVE('',#54,#179);
#179 = DEFINITIONAL_REPRESENTATION('',(#180),#184);
#180 = LINE('',#181,#182);
#181 = CARTESIAN_POINT('',(-41.76290703744,11.57199157439));
#182 = VECTOR('',#183,1.);
#183 = DIRECTION('',(1.,-1.110223024625E-16));
#184 = ( GEOMETRIC_REPRESENTATION_CONTEXT(2) 
PARAMETRIC_REPRESENTATION_CONTEXT() REPRESENTATION_CONTEXT('2D SPACE',''
  ) );
#185 = PCURVE('',#186,#191);
#186 = PLANE('',#187);
#187 = AXIS2_PLACEMENT_3D('',#188,#189,#190);
#188 = CARTESIAN_POINT('',(249.72533987072,111.37594762248,
    6.361892650937));
#189 = DIRECTION('',(-1.,-0.,-0.));
#190 = DIRECTION('',(0.,0.,-1.));
#191 = DEFINITIONAL_REPRESENTATION('',(#192),#196);
#192 = LINE('',#193,#194);
#193 = CARTESIAN_POINT('',(6.361892650937,41.762907037444));
#194 = VECTOR('',#195,1.);
#195 = DIRECTION('',(0.,1.));
#196 = ( GEOMETRIC_REPRESENTATION_CONTEXT(2) 
PARAMETRIC_REPRESENTATION_CONTEXT() REPRESENTATION_CONTEXT('2D SPACE',''
  ) );
#197 = ORIENTED_EDGE('',*,*,#198,.F.);
#198 = EDGE_CURVE('',#199,#171,#201,.T.);
#199 = VERTEX_POINT('',#200);
#200 = CARTESIAN_POINT('',(249.27533985338,39.541049978562,
    1.110223024625E-16));
#201 = SURFACE_CURVE('',#202,(#219,#239),.PCURVE_S1.);
#202 = B_SPLINE_CURVE_WITH_KNOTS('',8,(#203,#204,#205,#206,#207,#208,
    #209,#210,#211,#212,#213,#214,#215,#216,#217,#218),.UNSPECIFIED.,.F.
  ,.F.,(9,7,9),(0.,0.5,1.),.UNSPECIFIED.);
#203 = CARTESIAN_POINT('',(249.27533985338,39.541049978562,
    1.110223024625E-16));
#204 = CARTESIAN_POINT('',(249.3135865746,39.518954761922,
    1.136243876765E-16));
#205 = CARTESIAN_POINT('',(249.36359961089,39.519546977456,
    1.0886938672E-16));
#206 = CARTESIAN_POINT('',(249.40640736779,39.544345563879,
    1.067706810861E-16));
#207 = CARTESIAN_POINT('',(249.44203715994,39.557114520961,
    1.041143857635E-16));
#208 = CARTESIAN_POINT('',(249.4816309175,39.587299896932,
    1.00993432367E-16));
#209 = CARTESIAN_POINT('',(249.5142960191,39.612890240577,
    9.750075251137E-17));
#210 = CARTESIAN_POINT('',(249.54666325823,39.643347836873,
    9.372927781137E-17));
#211 = CARTESIAN_POINT('',(249.60621334462,39.707672797035,
    8.581460195223E-17));
#212 = CARTESIAN_POINT('',(249.63376518869,39.742032310139,
    8.167140079309E-17));
#213 = CARTESIAN_POINT('',(249.65883126157,39.778042404048,
    7.743526801916E-17));
#214 = CARTESIAN_POINT('',(249.68126132351,39.815775321937,
    7.319913524524E-17));
#215 = CARTESIAN_POINT('',(249.70065660232,39.855525009621,
    6.905593408609E-17));
#216 = CARTESIAN_POINT('',(249.71600892852,39.897410122825,
    6.509859615652E-17));
#217 = CARTESIAN_POINT('',(249.72533987072,39.940977034425,
    5.811323644522E-17));
#218 = CARTESIAN_POINT('',(249.72533987072,39.984802841711,
    5.811323644522E-17));
#219 = PCURVE('',#54,#220);
#220 = DEFINITIONAL_REPRESENTATION('',(#221),#238);
#221 = B_SPLINE_CURVE_WITH_KNOTS('',8,(#222,#223,#224,#225,#226,#227,
    #228,#229,#230,#231,#232,#233,#234,#235,#236,#237),.UNSPECIFIED.,.F.
  ,.F.,(9,7,9),(0.,0.5,1.),.UNSPECIFIED.);
#222 = CARTESIAN_POINT('',(-11.69091643096,11.121991557056));
#223 = CARTESIAN_POINT('',(-11.66882121432,11.160238278272));
#224 = CARTESIAN_POINT('',(-11.66941342986,11.210251314564));
#225 = CARTESIAN_POINT('',(-11.69421201628,11.253059071463));
#226 = CARTESIAN_POINT('',(-11.70698097336,11.288688863615));
#227 = CARTESIAN_POINT('',(-11.73716634933,11.328282621178));
#228 = CARTESIAN_POINT('',(-11.76275669298,11.360947722778));
#229 = CARTESIAN_POINT('',(-11.79321428927,11.393314961902));
#230 = CARTESIAN_POINT('',(-11.85753924944,11.452865048296));
#231 = CARTESIAN_POINT('',(-11.89189876254,11.48041689236));
#232 = CARTESIAN_POINT('',(-11.92790885645,11.505482965245));
#233 = CARTESIAN_POINT('',(-11.96564177434,11.527913027189));
#234 = CARTESIAN_POINT('',(-12.00539146202,11.547308305992));
#235 = CARTESIAN_POINT('',(-12.04727657523,11.562660632197));
#236 = CARTESIAN_POINT('',(-12.09084348683,11.571991574391));
#237 = CARTESIAN_POINT('',(-12.13466929411,11.57199157439));
#238 = ( GEOMETRIC_REPRESENTATION_CONTEXT(2) 
PARAMETRIC_REPRESENTATION_CONTEXT() REPRESENTATION_CONTEXT('2D SPACE',''
  ) );
#239 = PCURVE('',#240,#353);
#240 = B_SPLINE_SURFACE_WITH_KNOTS('',6,8,(
    (#241,#242,#243,#244,#245,#246,#247,#248,#249,#250,#251,#252,#253
      ,#254,#255,#256)
    ,(#257,#258,#259,#260,#261,#262,#263,#264,#265,#266,#267,#268,#269
      ,#270,#271,#272)
    ,(#273,#274,#275,#276,#277,#278,#279,#280,#281,#282,#283,#284,#285
      ,#286,#287,#288)
    ,(#289,#290,#291,#292,#293,#294,#295,#296,#297,#298,#299,#300,#301
      ,#302,#303,#304)
    ,(#305,#306,#307,#308,#309,#310,#311,#312,#313,#314,#315,#316,#317
      ,#318,#319,#320)
    ,(#321,#322,#323,#324,#325,#326,#327,#328,#329,#330,#331,#332,#333
      ,#334,#335,#336)
    ,(#337,#338,#339,#340,#341,#342,#343,#344,#345,#346,#347,#348,#349
      ,#350,#351,#352
  )),.UNSPECIFIED.,.F.,.F.,.F.,(7,7),(9,7,9),(0.,1.),(0.,0.5,1.),
  .UNSPECIFIED.);
#241 = CARTESIAN_POINT('',(249.27533985338,39.541049978562,
    1.110223024625E-16));
#242 = CARTESIAN_POINT('',(249.3135865746,39.518954761922,
    1.136243876765E-16));
#243 = CARTESIAN_POINT('',(249.36359961089,39.519546977456,
    1.0886938672E-16));
#244 = CARTESIAN_POINT('',(249.40640736779,39.544345563879,
    1.067706810861E-16));
#245 = CARTESIAN_POINT('',(249.44203715994,39.557114520961,
    1.041143857635E-16));
#246 = CARTESIAN_POINT('',(249.4816309175,39.587299896932,
    1.00993432367E-16));
#247 = CARTESIAN_POINT('',(249.5142960191,39.612890240577,
    9.750075251137E-17));
#248 = CARTESIAN_POINT('',(249.54666325823,39.643347836873,
    9.372927781137E-17));
#249 = CARTESIAN_POINT('',(249.60621334462,39.707672797035,
    8.581460195223E-17));
#250 = CARTESIAN_POINT('',(249.63376518869,39.742032310139,
    8.167140079309E-17));
#251 = CARTESIAN_POINT('',(249.65883126157,39.778042404048,
    7.743526801916E-17));
#252 = CARTESIAN_POINT('',(249.68126132351,39.815775321937,
    7.319913524524E-17));
#253 = CARTESIAN_POINT('',(249.70065660232,39.855525009621,
    6.905593408609E-17));
#254 = CARTESIAN_POINT('',(249.71600892852,39.897410122825,
    6.509859615652E-17));
#255 = CARTESIAN_POINT('',(249.72533987072,39.940977034425,
    5.811323644522E-17));
#256 = CARTESIAN_POINT('',(249.72533987072,39.984802841711,
    5.811323644522E-17));
#257 = CARTESIAN_POINT('',(249.31538376952,39.610365818362,
    1.110223024625E-16));
#258 = CARTESIAN_POINT('',(249.35009454121,39.588259870283,
    1.39450666269E-16));
#259 = CARTESIAN_POINT('',(249.39493695138,39.585625070802,
    1.483596777903E-16));
#260 = CARTESIAN_POINT('',(249.43400267401,39.603784130843,
    1.569299983774E-16));
#261 = CARTESIAN_POINT('',(249.46720387985,39.612576660606,
    1.600592111601E-16));
#262 = CARTESIAN_POINT('',(249.50370839022,39.636553538525,
    1.585837839719E-16));
#263 = CARTESIAN_POINT('',(249.53432190017,39.657359383687,
    1.534717110855E-16));
#264 = CARTESIAN_POINT('',(249.56445947946,39.682843156518,
    1.456080537632E-16));
#265 = CARTESIAN_POINT('',(249.61976155974,39.737782085434,
    1.262169623672E-16));
#266 = CARTESIAN_POINT('',(249.64523396538,39.767647095143,
    1.146882754492E-16));
#267 = CARTESIAN_POINT('',(249.66820898567,39.799396245915,
    1.022385648063E-16));
#268 = CARTESIAN_POINT('',(249.68847559576,39.833011359525,
    8.977909594376E-17));
#269 = CARTESIAN_POINT('',(249.70563285442,39.86864198469,
    7.82216057286E-17));
#270 = CARTESIAN_POINT('',(249.71879226146,39.906279898068,
    6.847962574101E-17));
#271 = CARTESIAN_POINT('',(249.72628011537,39.945433605242,
    5.537713746056E-17));
#272 = CARTESIAN_POINT('',(249.72533987072,39.984802841711,
    5.811323644522E-17));
#273 = CARTESIAN_POINT('',(249.35542391401,39.679675129455,
    2.562618700802E-02));
#274 = CARTESIAN_POINT('',(249.38711784605,39.658457026817,
    2.447527744259E-02));
#275 = CARTESIAN_POINT('',(249.42688172346,39.654689023853,
    2.801336148136E-02));
#276 = CARTESIAN_POINT('',(249.46165739863,39.66314081339,
    2.785163902684E-02));
#277 = CARTESIAN_POINT('',(249.49297321385,39.668166571894,
    2.701034708816E-02));
#278 = CARTESIAN_POINT('',(249.52571881411,39.683916364878,
    2.556074327379E-02));
#279 = CARTESIAN_POINT('',(249.55444610345,39.69972068891,
    2.366678036791E-02));
#280 = CARTESIAN_POINT('',(249.58210569519,39.719914683968,
    2.14312012393E-02));
#281 = CARTESIAN_POINT('',(249.63261355846,39.765578158015,
    1.652915028047E-02));
#282 = CARTESIAN_POINT('',(249.6556473099,39.791283489085,
    1.386175994254E-02));
#283 = CARTESIAN_POINT('',(249.67609930783,39.819352693555,
    1.109879581684E-02));
#284 = CARTESIAN_POINT('',(249.69373036071,39.849516971622,
    8.358876001766E-03));
#285 = CARTESIAN_POINT('',(249.70824143059,39.881580976262,
    5.759767984366E-03));
#286 = CARTESIAN_POINT('',(249.71909140467,39.915255345169,
    3.419711001369E-03));
#287 = CARTESIAN_POINT('',(249.7264681643,39.951985584924,
    4.295634074632E-03));
#288 = CARTESIAN_POINT('',(249.72533987072,39.984802841711,
    9.061038956185E-17));
#289 = CARTESIAN_POINT('',(249.39035471122,39.740140183244,
    7.692268342235E-02));
#290 = CARTESIAN_POINT('',(249.4191364105,39.719991000097,
    7.3655819754E-02));
#291 = CARTESIAN_POINT('',(249.45263414707,39.711071371082,
    7.047617957384E-02));
#292 = CARTESIAN_POINT('',(249.48322085123,39.714859015032,
    6.640134658663E-02));
#293 = CARTESIAN_POINT('',(249.51172798662,39.716677230599,
    6.198768188988E-02));
#294 = CARTESIAN_POINT('',(249.54156656122,39.727795109956,
    5.719074760556E-02));
#295 = CARTESIAN_POINT('',(249.56831185189,39.739740497119,
    5.217598004332E-02));
#296 = CARTESIAN_POINT('',(249.59414829527,39.755848516556,
    4.697233841624E-02));
#297 = CARTESIAN_POINT('',(249.64149022561,39.793479074168,
    3.635281048175E-02));
#298 = CARTESIAN_POINT('',(249.66315340043,39.815188668514,
    3.093487171382E-02));
#299 = CARTESIAN_POINT('',(249.68233101035,39.839298058425,
    2.547936035522E-02));
#300 = CARTESIAN_POINT('',(249.69869542515,39.865495475723,
    2.005316033215E-02));
#301 = CARTESIAN_POINT('',(249.71190159273,39.893535412483,
    1.472213349793E-02));
#302 = CARTESIAN_POINT('',(249.72141947277,39.923122129492,
    9.553815844056E-03));
#303 = CARTESIAN_POINT('',(249.7261860909,39.953480928281,
    4.969969515743E-03));
#304 = CARTESIAN_POINT('',(249.72533987072,39.984802841711,
    1.01307850997E-16));
#305 = CARTESIAN_POINT('',(249.41494721803,39.782709702577,
    0.148270833363));
#306 = CARTESIAN_POINT('',(249.44068407402,39.763399890695,
    0.139891829046));
#307 = CARTESIAN_POINT('',(249.46858518836,39.750063987484,
    0.127065197521));
#308 = CARTESIAN_POINT('',(249.49568654598,39.750265480971,
    0.116907475576));
#309 = CARTESIAN_POINT('',(249.52193959798,39.749681443941,
    0.107160089323));
#310 = CARTESIAN_POINT('',(249.54966057268,39.75744462292,
    9.762010304254E-02));
#311 = CARTESIAN_POINT('',(249.57512496715,39.766677607956,
    8.836441326142E-02));
#312 = CARTESIAN_POINT('',(249.59991058537,39.779970300192,
    7.928794704662E-02));
#313 = CARTESIAN_POINT('',(249.64565466382,39.812163145774,
    6.142676258026E-02));
#314 = CARTESIAN_POINT('',(249.66674924932,39.831214494095,
    5.263930771469E-02));
#315 = CARTESIAN_POINT('',(249.68546472273,39.852722024161,
    4.394544127915E-02));
#316 = CARTESIAN_POINT('',(249.70136585901,39.876324804996,
    3.529065662431E-02));
#317 = CARTESIAN_POINT('',(249.71403015532,39.901719532307,
    2.661908433702E-02));
#318 = CARTESIAN_POINT('',(249.72289411959,39.928580342357,
    1.787708718834E-02));
#319 = CARTESIAN_POINT('',(249.72571596858,39.954083636247,
    6.62662602099E-03));
#320 = CARTESIAN_POINT('',(249.72533987072,39.984802841711,
    1.157060558477E-16));
#321 = CARTESIAN_POINT('',(249.4265501451,39.802794317459,0.229052486999
    ));
#322 = CARTESIAN_POINT('',(249.45049076076,39.786485202966,
    0.214059953031));
#323 = CARTESIAN_POINT('',(249.4761557135,39.77566548247,0.199127069161)
  );
#324 = CARTESIAN_POINT('',(249.50166820804,39.770415516496,
    0.184247801222));
#325 = CARTESIAN_POINT('',(249.52794316311,39.768902084185,0.1695690299)
  );
#326 = CARTESIAN_POINT('',(249.5542280038,39.772191055677,0.154956596421
    ));
#327 = CARTESIAN_POINT('',(249.57963277952,39.779383147715,
    0.140507206594));
#328 = CARTESIAN_POINT('',(249.60380727093,39.790418870986,
    0.126163711291));
#329 = CARTESIAN_POINT('',(249.64832995335,39.819163388202,
    9.768990416538E-02));
#330 = CARTESIAN_POINT('',(249.66871053324,39.836888179728,
    8.355728661766E-02));
#331 = CARTESIAN_POINT('',(249.68660062434,39.857510223919,
    6.951623677042E-02));
#332 = CARTESIAN_POINT('',(249.70153716775,39.880499438418,
    5.554782327533E-02));
#333 = CARTESIAN_POINT('',(249.71316305507,39.905284770244,
    4.163039372058E-02));
#334 = CARTESIAN_POINT('',(249.72118641009,39.931288027281,
    2.774306660098E-02));
#335 = CARTESIAN_POINT('',(249.72533987072,39.957957709754,
    1.386922328803E-02));
#336 = CARTESIAN_POINT('',(249.72533987072,39.984802841711,
    1.593054392105E-16));
#337 = CARTESIAN_POINT('',(249.42533986378,39.800699325913,
    0.309067155008));
#338 = CARTESIAN_POINT('',(249.44801235574,39.788305076353,0.28891582631
    ));
#339 = CARTESIAN_POINT('',(249.4726431032,39.779300557515,0.268882869618
    ));
#340 = CARTESIAN_POINT('',(249.4986401224,39.774027341355,0.248980212887
    ));
#341 = CARTESIAN_POINT('',(249.5253398646,39.772703090243,0.229215457054
    ));
#342 = CARTESIAN_POINT('',(249.5520396069,39.775402833615,0.209591222204
    ));
#343 = CARTESIAN_POINT('',(249.57803662647,39.782051542077,
    0.190104888255));
#344 = CARTESIAN_POINT('',(249.6026673745,39.792431553299,0.170748854269
    ));
#345 = CARTESIAN_POINT('',(249.64801236,39.819971037422,0.132273530315)
  );
#346 = CARTESIAN_POINT('',(249.66872904146,39.837128885865,0.11315418362
    ));
#347 = CARTESIAN_POINT('',(249.68689026666,39.857338676668,
    9.414141310075E-02));
#348 = CARTESIAN_POINT('',(249.70198108538,39.880130124601,
    7.521879603505E-02));
#349 = CARTESIAN_POINT('',(249.71358971121,39.904930792884,
    5.636634249007E-02));
#350 = CARTESIAN_POINT('',(249.72142599036,39.931098062851,
    3.75616117275E-02));
#351 = CARTESIAN_POINT('',(249.72533987072,39.957951103611,
    1.878082860872E-02));
#352 = CARTESIAN_POINT('',(249.72533987072,39.984802841711,
    1.778091562876E-16));
#353 = DEFINITIONAL_REPRESENTATION('',(#354),#358);
#354 = LINE('',#355,#356);
#355 = CARTESIAN_POINT('',(0.,0.));
#356 = VECTOR('',#357,1.);
#357 = DIRECTION('',(0.,1.));
#358 = ( GEOMETRIC_REPRESENTATION_CONTEXT(2) 
PARAMETRIC_REPRESENTATION_CONTEXT() REPRESENTATION_CONTEXT('2D SPACE',''
  ) );
#359 = ORIENTED_EDGE('',*,*,#360,.T.);
#360 = EDGE_CURVE('',#199,#361,#363,.T.);
#361 = VERTEX_POINT('',#362);
#362 = CARTESIAN_POINT('',(237.42533987072,46.386821550024,
    -5.551115123126E-17));
#363 = SURFACE_CURVE('',#364,(#368,#375),.PCURVE_S1.);
#364 = LINE('',#365,#366);
#365 = CARTESIAN_POINT('',(249.57066498992,39.370439984724,
    1.665334536938E-16));
#366 = VECTOR('',#367,1.);
#367 = DIRECTION('',(-0.865893403497,0.50022856154,0.));
#368 = PCURVE('',#54,#369);
#369 = DEFINITIONAL_REPRESENTATION('',(#370),#374);
#370 = LINE('',#371,#372);
#371 = CARTESIAN_POINT('',(-11.52030643712,11.41731669359));
#372 = VECTOR('',#373,1.);
#373 = DIRECTION('',(-0.50022856154,-0.865893403497));
#374 = ( GEOMETRIC_REPRESENTATION_CONTEXT(2) 
PARAMETRIC_REPRESENTATION_CONTEXT() REPRESENTATION_CONTEXT('2D SPACE',''
  ) );
#375 = PCURVE('',#376,#381);
#376 = CYLINDRICAL_SURFACE('',#377,0.3);
#377 = AXIS2_PLACEMENT_3D('',#378,#379,#380);
#378 = CARTESIAN_POINT('',(249.57066498992,39.370439984724,0.3));
#379 = DIRECTION('',(-0.865893403497,0.50022856154,0.));
#380 = DIRECTION('',(0.,0.,-1.));
#381 = DEFINITIONAL_REPRESENTATION('',(#382),#386);
#382 = LINE('',#383,#384);
#383 = CARTESIAN_POINT('',(-0.,0.));
#384 = VECTOR('',#385,1.);
#385 = DIRECTION('',(-0.,1.));
#386 = ( GEOMETRIC_REPRESENTATION_CONTEXT(2) 
PARAMETRIC_REPRESENTATION_CONTEXT() REPRESENTATION_CONTEXT('2D SPACE',''
  ) );
#387 = ORIENTED_EDGE('',*,*,#388,.T.);
#388 = EDGE_CURVE('',#361,#389,#391,.T.);
#389 = VERTEX_POINT('',#390);
#390 = CARTESIAN_POINT('',(237.42533987072,10.763178449976,
    -1.665334536938E-16));
#391 = SURFACE_CURVE('',#392,(#396,#403),.PCURVE_S1.);
#392 = LINE('',#393,#394);
#393 = CARTESIAN_POINT('',(237.42533987072,46.917229775684,
    -5.551115123126E-17));
#394 = VECTOR('',#395,1.);
#395 = DIRECTION('',(0.,-1.,0.));
#396 = PCURVE('',#54,#397);
#397 = DEFINITIONAL_REPRESENTATION('',(#398),#402);
#398 = LINE('',#399,#400);
#399 = CARTESIAN_POINT('',(-19.06709622808,-0.72800842561));
#400 = VECTOR('',#401,1.);
#401 = DIRECTION('',(1.,-1.110223024625E-16));
#402 = ( GEOMETRIC_REPRESENTATION_CONTEXT(2) 
PARAMETRIC_REPRESENTATION_CONTEXT() REPRESENTATION_CONTEXT('2D SPACE',''
  ) );
#403 = PCURVE('',#404,#409);
#404 = CYLINDRICAL_SURFACE('',#405,0.3);
#405 = AXIS2_PLACEMENT_3D('',#406,#407,#408);
#406 = CARTESIAN_POINT('',(237.42533987072,46.917229775684,0.3));
#407 = DIRECTION('',(0.,-1.,0.));
#408 = DIRECTION('',(0.,-0.,-1.));
#409 = DEFINITIONAL_REPRESENTATION('',(#410),#414);
#410 = LINE('',#411,#412);
#411 = CARTESIAN_POINT('',(-0.,0.));
#412 = VECTOR('',#413,1.);
#413 = DIRECTION('',(-0.,1.));
#414 = ( GEOMETRIC_REPRESENTATION_CONTEXT(2) 
PARAMETRIC_REPRESENTATION_CONTEXT() REPRESENTATION_CONTEXT('2D SPACE',''
  ) );
#415 = ORIENTED_EDGE('',*,*,#416,.T.);
#416 = EDGE_CURVE('',#389,#417,#419,.T.);
#417 = VERTEX_POINT('',#418);
#418 = CARTESIAN_POINT('',(249.27533985338,17.608950021438,
    -6.938893903907E-17));
#419 = SURFACE_CURVE('',#420,(#424,#431),.PCURVE_S1.);
#420 = LINE('',#421,#422);
#421 = CARTESIAN_POINT('',(236.97066498992,10.500511751428,
    -1.665334536938E-16));
#422 = VECTOR('',#423,1.);
#423 = DIRECTION('',(0.865893403497,0.50022856154,-0.));
#424 = PCURVE('',#54,#425);
#425 = DEFINITIONAL_REPRESENTATION('',(#426),#430);
#426 = LINE('',#427,#428);
#427 = CARTESIAN_POINT('',(17.349621796167,-1.18268330641));
#428 = VECTOR('',#429,1.);
#429 = DIRECTION('',(-0.50022856154,0.865893403497));
#430 = ( GEOMETRIC_REPRESENTATION_CONTEXT(2) 
PARAMETRIC_REPRESENTATION_CONTEXT() REPRESENTATION_CONTEXT('2D SPACE',''
  ) );
#431 = PCURVE('',#432,#437);
#432 = CYLINDRICAL_SURFACE('',#433,0.3);
#433 = AXIS2_PLACEMENT_3D('',#434,#435,#436);
#434 = CARTESIAN_POINT('',(236.97066498992,10.500511751428,0.3));
#435 = DIRECTION('',(0.865893403497,0.50022856154,-0.));
#436 = DIRECTION('',(0.,-0.,-1.));
#437 = DEFINITIONAL_REPRESENTATION('',(#438),#442);
#438 = LINE('',#439,#440);
#439 = CARTESIAN_POINT('',(-0.,0.));
#440 = VECTOR('',#441,1.);
#441 = DIRECTION('',(-0.,1.));
#442 = ( GEOMETRIC_REPRESENTATION_CONTEXT(2) 
PARAMETRIC_REPRESENTATION_CONTEXT() REPRESENTATION_CONTEXT('2D SPACE',''
  ) );
#443 = ORIENTED_EDGE('',*,*,#444,.T.);
#444 = EDGE_CURVE('',#417,#44,#445,.T.);
#445 = SURFACE_CURVE('',#446,(#477,#511),.PCURVE_S1.);
#446 = B_SPLINE_CURVE_WITH_KNOTS('',8,(#447,#448,#449,#450,#451,#452,
    #453,#454,#455,#456,#457,#458,#459,#460,#461,#462,#463,#464,#465,
    #466,#467,#468,#469,#470,#471,#472,#473,#474,#475,#476),
  .UNSPECIFIED.,.F.,.F.,(9,7,7,7,9),(0.,0.125,0.25,0.5,1.),
  .UNSPECIFIED.);
#447 = CARTESIAN_POINT('',(249.27533985338,17.608950021438,
    -6.938893903907E-17));
#448 = CARTESIAN_POINT('',(249.28490153369,17.614473825598,
    -6.938893903907E-17));
#449 = CARTESIAN_POINT('',(249.29509332272,17.618564550952,
    -6.918565113173E-17));
#450 = CARTESIAN_POINT('',(249.3057847103,17.621292543053,
    -6.908400717806E-17));
#451 = CARTESIAN_POINT('',(249.31691321036,17.62263366635,
    -6.898236322439E-17));
#452 = CARTESIAN_POINT('',(249.32802302991,17.62278221979,
    -6.888071927072E-17));
#453 = CARTESIAN_POINT('',(249.33886427473,17.621994447507,
    -6.877907531705E-17));
#454 = CARTESIAN_POINT('',(249.34976357542,17.620381638097,
    -6.867743136338E-17));
#455 = CARTESIAN_POINT('',(249.37119046039,17.615761973517,
    -6.847414345604E-17));
#456 = CARTESIAN_POINT('',(249.38173925229,17.612766115734,
    -6.837249950237E-17));
#457 = CARTESIAN_POINT('',(249.3921175443,17.609189605235,
    -6.82708555487E-17));
#458 = CARTESIAN_POINT('',(249.40232124034,17.605122005902,
    -6.816921159503E-17));
#459 = CARTESIAN_POINT('',(249.41234799754,17.60063707271,
    -6.806756764136E-17));
#460 = CARTESIAN_POINT('',(249.42219722623,17.595792751743,
    -6.796592368769E-17));
#461 = CARTESIAN_POINT('',(249.43187008996,17.590631180179,
    -6.786427973401E-17));
#462 = CARTESIAN_POINT('',(249.46036833656,17.574273698544,
    -6.7559347873E-17));
#463 = CARTESIAN_POINT('',(249.47870775057,17.56220810323,
    -6.735605996566E-17));
#464 = CARTESIAN_POINT('',(249.49641861257,17.549234713168,
    -6.715277205832E-17));
#465 = CARTESIAN_POINT('',(249.51353486415,17.535511205629,
    -6.694948415098E-17));
#466 = CARTESIAN_POINT('',(249.53008634539,17.521127798792,
    -6.674619624364E-17));
#467 = CARTESIAN_POINT('',(249.54609161651,17.506134928176,
    -6.65429083363E-17));
#468 = CARTESIAN_POINT('',(249.56155077983,17.490570923085,
    -6.633962042896E-17));
#469 = CARTESIAN_POINT('',(249.60621334462,17.442327202964,
    -6.572975670693E-17));
#470 = CARTESIAN_POINT('',(249.63370445673,17.408070235873,
    -6.532318089225E-17));
#471 = CARTESIAN_POINT('',(249.65880852722,17.372090440528,
    -6.491660507757E-17));
#472 = CARTESIAN_POINT('',(249.68146415722,17.333837879265,
    -6.451002926289E-17));
#473 = CARTESIAN_POINT('',(249.70048450397,17.29457716397,
    -6.410345344821E-17));
#474 = CARTESIAN_POINT('',(249.71604154906,17.252711592554,
    -6.369687763352E-17));
#475 = CARTESIAN_POINT('',(249.72533987072,17.209022965575,
    -6.288372600416E-17));
#476 = CARTESIAN_POINT('',(249.72533987072,17.165197158289,
    -6.288372600416E-17));
#477 = PCURVE('',#54,#478);
#478 = DEFINITIONAL_REPRESENTATION('',(#479),#510);
#479 = B_SPLINE_CURVE_WITH_KNOTS('',8,(#480,#481,#482,#483,#484,#485,
    #486,#487,#488,#489,#490,#491,#492,#493,#494,#495,#496,#497,#498,
    #499,#500,#501,#502,#503,#504,#505,#506,#507,#508,#509),
  .UNSPECIFIED.,.F.,.F.,(9,7,7,7,9),(0.,0.125,0.25,0.5,1.),
  .UNSPECIFIED.);
#480 = CARTESIAN_POINT('',(10.241183526157,11.121991557056));
#481 = CARTESIAN_POINT('',(10.235659721997,11.13155323736));
#482 = CARTESIAN_POINT('',(10.231568996643,11.14174502639));
#483 = CARTESIAN_POINT('',(10.228841004542,11.152436413979));
#484 = CARTESIAN_POINT('',(10.227499881245,11.163564914035));
#485 = CARTESIAN_POINT('',(10.227351327805,11.174674733589));
#486 = CARTESIAN_POINT('',(10.228139100088,11.185515978403));
#487 = CARTESIAN_POINT('',(10.229751909498,11.196415279094));
#488 = CARTESIAN_POINT('',(10.234371574078,11.217842164063));
#489 = CARTESIAN_POINT('',(10.237367431861,11.228390955962));
#490 = CARTESIAN_POINT('',(10.24094394236,11.238769247971));
#491 = CARTESIAN_POINT('',(10.245011541693,11.248972944017));
#492 = CARTESIAN_POINT('',(10.249496474885,11.258999701214));
#493 = CARTESIAN_POINT('',(10.254340795852,11.268848929906));
#494 = CARTESIAN_POINT('',(10.259502367416,11.278521793637));
#495 = CARTESIAN_POINT('',(10.275859849051,11.307020040233));
#496 = CARTESIAN_POINT('',(10.287925444365,11.325359454247));
#497 = CARTESIAN_POINT('',(10.300898834427,11.34307031624));
#498 = CARTESIAN_POINT('',(10.314622341966,11.360186567823));
#499 = CARTESIAN_POINT('',(10.329005748803,11.376738049062));
#500 = CARTESIAN_POINT('',(10.343998619419,11.392743320189));
#501 = CARTESIAN_POINT('',(10.35956262451,11.408202483503));
#502 = CARTESIAN_POINT('',(10.407806344631,11.452865048297));
#503 = CARTESIAN_POINT('',(10.442063311722,11.480356160404));
#504 = CARTESIAN_POINT('',(10.478043107067,11.505460230894));
#505 = CARTESIAN_POINT('',(10.51629566833,11.528115860899));
#506 = CARTESIAN_POINT('',(10.555556383625,11.547136207649));
#507 = CARTESIAN_POINT('',(10.597421955041,11.562693252735));
#508 = CARTESIAN_POINT('',(10.64111058202,11.571991574391));
#509 = CARTESIAN_POINT('',(10.684936389306,11.57199157439));
#510 = ( GEOMETRIC_REPRESENTATION_CONTEXT(2) 
PARAMETRIC_REPRESENTATION_CONTEXT() REPRESENTATION_CONTEXT('2D SPACE',''
  ) );
#511 = PCURVE('',#512,#723);
#512 = B_SPLINE_SURFACE_WITH_KNOTS('',6,8,(
    (#513,#514,#515,#516,#517,#518,#519,#520,#521,#522,#523,#524,#525
      ,#526,#527,#528,#529,#530,#531,#532,#533,#534,#535,#536,#537,#538
      ,#539,#540,#541,#542)
    ,(#543,#544,#545,#546,#547,#548,#549,#550,#551,#552,#553,#554,#555
      ,#556,#557,#558,#559,#560,#561,#562,#563,#564,#565,#566,#567,#568
      ,#569,#570,#571,#572)
    ,(#573,#574,#575,#576,#577,#578,#579,#580,#581,#582,#583,#584,#585
      ,#586,#587,#588,#589,#590,#591,#592,#593,#594,#595,#596,#597,#598
      ,#599,#600,#601,#602)
    ,(#603,#604,#605,#606,#607,#608,#609,#610,#611,#612,#613,#614,#615
      ,#616,#617,#618,#619,#620,#621,#622,#623,#624,#625,#626,#627,#628
      ,#629,#630,#631,#632)
    ,(#633,#634,#635,#636,#637,#638,#639,#640,#641,#642,#643,#644,#645
      ,#646,#647,#648,#649,#650,#651,#652,#653,#654,#655,#656,#657,#658
      ,#659,#660,#661,#662)
    ,(#663,#664,#665,#666,#667,#668,#669,#670,#671,#672,#673,#674,#675
      ,#676,#677,#678,#679,#680,#681,#682,#683,#684,#685,#686,#687,#688
      ,#689,#690,#691,#692)
    ,(#693,#694,#695,#696,#697,#698,#699,#700,#701,#702,#703,#704,#705
      ,#706,#707,#708,#709,#710,#711,#712,#713,#714,#715,#716,#717,#718
      ,#719,#720,#721,#722
  )),.UNSPECIFIED.,.F.,.F.,.F.,(7,7),(9,7,7,7,9),(0.,1.),(0.,0.125,0.25,
    0.5,1.),.UNSPECIFIED.);
#513 = CARTESIAN_POINT('',(249.27533985338,17.608950021438,
    -6.938893903907E-17));
#514 = CARTESIAN_POINT('',(249.28490153369,17.614473825598,
    -6.938893903907E-17));
#515 = CARTESIAN_POINT('',(249.29509332272,17.618564550952,
    -6.918565113173E-17));
#516 = CARTESIAN_POINT('',(249.3057847103,17.621292543053,
    -6.908400717806E-17));
#517 = CARTESIAN_POINT('',(249.31691321036,17.62263366635,
    -6.898236322439E-17));
#518 = CARTESIAN_POINT('',(249.32802302991,17.62278221979,
    -6.888071927072E-17));
#519 = CARTESIAN_POINT('',(249.33886427473,17.621994447507,
    -6.877907531705E-17));
#520 = CARTESIAN_POINT('',(249.34976357542,17.620381638097,
    -6.867743136338E-17));
#521 = CARTESIAN_POINT('',(249.37119046039,17.615761973517,
    -6.847414345604E-17));
#522 = CARTESIAN_POINT('',(249.38173925229,17.612766115734,
    -6.837249950237E-17));
#523 = CARTESIAN_POINT('',(249.3921175443,17.609189605235,
    -6.82708555487E-17));
#524 = CARTESIAN_POINT('',(249.40232124034,17.605122005902,
    -6.816921159503E-17));
#525 = CARTESIAN_POINT('',(249.41234799754,17.60063707271,
    -6.806756764136E-17));
#526 = CARTESIAN_POINT('',(249.42219722623,17.595792751743,
    -6.796592368769E-17));
#527 = CARTESIAN_POINT('',(249.43187008996,17.590631180179,
    -6.786427973401E-17));
#528 = CARTESIAN_POINT('',(249.46036833656,17.574273698544,
    -6.7559347873E-17));
#529 = CARTESIAN_POINT('',(249.47870775057,17.56220810323,
    -6.735605996566E-17));
#530 = CARTESIAN_POINT('',(249.49641861257,17.549234713168,
    -6.715277205832E-17));
#531 = CARTESIAN_POINT('',(249.51353486415,17.535511205629,
    -6.694948415098E-17));
#532 = CARTESIAN_POINT('',(249.53008634539,17.521127798792,
    -6.674619624364E-17));
#533 = CARTESIAN_POINT('',(249.54609161651,17.506134928176,
    -6.65429083363E-17));
#534 = CARTESIAN_POINT('',(249.56155077983,17.490570923085,
    -6.633962042896E-17));
#535 = CARTESIAN_POINT('',(249.60621334462,17.442327202964,
    -6.572975670693E-17));
#536 = CARTESIAN_POINT('',(249.63370445673,17.408070235873,
    -6.532318089225E-17));
#537 = CARTESIAN_POINT('',(249.65880852722,17.372090440528,
    -6.491660507757E-17));
#538 = CARTESIAN_POINT('',(249.68146415722,17.333837879265,
    -6.451002926289E-17));
#539 = CARTESIAN_POINT('',(249.70048450397,17.29457716397,
    -6.410345344821E-17));
#540 = CARTESIAN_POINT('',(249.71604154906,17.252711592554,
    -6.369687763352E-17));
#541 = CARTESIAN_POINT('',(249.72533987072,17.209022965575,
    -6.288372600416E-17));
#542 = CARTESIAN_POINT('',(249.72533987072,17.165197158289,
    -6.288372600416E-17));
#543 = CARTESIAN_POINT('',(249.31538376952,17.539634181638,
    -6.938893903907E-17));
#544 = CARTESIAN_POINT('',(249.32406146244,17.545160668658,
    -5.758736977441E-17));
#545 = CARTESIAN_POINT('',(249.33328464446,17.549457613644,
    -4.7769063769E-17));
#546 = CARTESIAN_POINT('',(249.34294301549,17.552582748381,
    -3.81249411681E-17));
#547 = CARTESIAN_POINT('',(249.35298291556,17.554515151069,
    -2.922537846043E-17));
#548 = CARTESIAN_POINT('',(249.36302288766,17.555416012376,
    -2.10449821308E-17));
#549 = CARTESIAN_POINT('',(249.37285302129,17.555498230262,
    -1.355838783777E-17));
#550 = CARTESIAN_POINT('',(249.3827438133,17.554853994805,
    -6.741102716301E-18));
#551 = CARTESIAN_POINT('',(249.40223675172,17.552325053395,
    5.605183005928E-18));
#552 = CARTESIAN_POINT('',(249.41185657717,17.550449512846,
    1.1134175319E-17));
#553 = CARTESIAN_POINT('',(249.42134315297,17.548050250683,
    1.604389580796E-17));
#554 = CARTESIAN_POINT('',(249.43069132209,17.545201533301,
    2.035919971933E-17));
#555 = CARTESIAN_POINT('',(249.43989737635,17.541964545247,
    2.41049188222E-17));
#556 = CARTESIAN_POINT('',(249.44895905645,17.538387389234,
    2.730586140825E-17));
#557 = CARTESIAN_POINT('',(249.45787555192,17.53450508613,
    2.998681229175E-17));
#558 = CARTESIAN_POINT('',(249.48419139967,17.52200855263,
    3.654397384515E-17));
#559 = CARTESIAN_POINT('',(249.50118578573,17.512547276342,
    3.893445611152E-17));
#560 = CARTESIAN_POINT('',(249.51764213407,17.502166399339,
    3.954210261307E-17));
#561 = CARTESIAN_POINT('',(249.53357449163,17.490998828604,
    3.856488881399E-17));
#562 = CARTESIAN_POINT('',(249.54899368365,17.479122738261,
    3.620068650625E-17));
#563 = CARTESIAN_POINT('',(249.56390151965,17.466584582954,
    3.264730767749E-17));
#564 = CARTESIAN_POINT('',(249.57828499953,17.453422111252,
    2.810254837907E-17));
#565 = CARTESIAN_POINT('',(249.61976155974,17.412217914564,
    1.208760102368E-17));
#566 = CARTESIAN_POINT('',(249.6451829482,17.382438089061,
    -1.763273634185E-18));
#567 = CARTESIAN_POINT('',(249.66819009585,17.350714547252,
    -1.720618780817E-17));
#568 = CARTESIAN_POINT('',(249.68864510523,17.316666585899,
    -3.265880662201E-17));
#569 = CARTESIAN_POINT('',(249.7054895443,17.281443163305,
    -4.653864826692E-17));
#570 = CARTESIAN_POINT('',(249.71881900696,17.243821314369,
    -5.726130312749E-17));
#571 = CARTESIAN_POINT('',(249.72628011537,17.204566394758,
    -6.561982498883E-17));
#572 = CARTESIAN_POINT('',(249.72533987072,17.165197158289,
    -6.288372600416E-17));
#573 = CARTESIAN_POINT('',(249.35542391401,17.470324870544,
    2.562618700803E-02));
#574 = CARTESIAN_POINT('',(249.36334739702,17.475629396204,
    2.533845961667E-02));
#575 = CARTESIAN_POINT('',(249.37215376372,17.47908514837,
    2.640768081114E-02));
#576 = CARTESIAN_POINT('',(249.38091320883,17.482226882533,
    2.670811225714E-02));
#577 = CARTESIAN_POINT('',(249.38988573915,17.484546584057,
    2.695077596841E-02));
#578 = CARTESIAN_POINT('',(249.39883808384,17.486132536599,
    2.7138147106E-02));
#579 = CARTESIAN_POINT('',(249.40764317799,17.487106937298,
    2.727267385528E-02));
#580 = CARTESIAN_POINT('',(249.41647248852,17.487532875946,
    2.735617246847E-02));
#581 = CARTESIAN_POINT('',(249.43392360292,17.487404705624,
    2.742570135014E-02));
#582 = CARTESIAN_POINT('',(249.44255675845,17.486856635266,
    2.741172560382E-02));
#583 = CARTESIAN_POINT('',(249.45109346278,17.485876861935,
    2.735109684036E-02));
#584 = CARTESIAN_POINT('',(249.45952997088,17.48451001436,
    2.724587892963E-02));
#585 = CARTESIAN_POINT('',(249.46786284217,17.482793067778,
    2.709811244129E-02));
#586 = CARTESIAN_POINT('',(249.47608894053,17.480755343933,
    2.690981464488E-02));
#587 = CARTESIAN_POINT('',(249.48420543433,17.478418511076,
    2.668297950972E-02));
#588 = CARTESIAN_POINT('',(249.50821852047,17.470552729747,
    2.589277409555E-02));
#589 = CARTESIAN_POINT('',(249.52379819431,17.464170941861,
    2.521967630703E-02));
#590 = CARTESIAN_POINT('',(249.53893566098,17.456785127261,
    2.441607390219E-02));
#591 = CARTESIAN_POINT('',(249.55361730715,17.448486394435,
    2.349754341102E-02));
#592 = CARTESIAN_POINT('',(249.56782660201,17.439336751174,
    2.247948334373E-02));
#593 = CARTESIAN_POINT('',(249.58154163625,17.429382802317,
    2.137714920353E-02));
#594 = CARTESIAN_POINT('',(249.59473266101,17.41866944752,
    2.020568849959E-02));
#595 = CARTESIAN_POINT('',(249.63261355846,17.384421841985,
    1.652915028047E-02));
#596 = CARTESIAN_POINT('',(249.65561147106,17.358766682669,
    1.386190641715E-02));
#597 = CARTESIAN_POINT('',(249.67608983734,17.330718869097,
    1.109877469021E-02));
#598 = CARTESIAN_POINT('',(249.69383700682,17.300281028219,
    8.35873774252E-03));
#599 = CARTESIAN_POINT('',(249.70815599901,17.268476643651,
    5.759658915302E-03));
#600 = CARTESIAN_POINT('',(249.71910304151,17.234803540797,
    3.419912440005E-03));
#601 = CARTESIAN_POINT('',(249.7264681643,17.198014415075,
    4.295634074632E-03));
#602 = CARTESIAN_POINT('',(249.72533987072,17.165197158289,
    -9.590129616358E-17));
#603 = CARTESIAN_POINT('',(249.39035471122,17.409859816756,
    7.692268342237E-02));
#604 = CARTESIAN_POINT('',(249.39755013604,17.414897112543,
    7.610596750528E-02));
#605 = CARTESIAN_POINT('',(249.40492492875,17.419338831978,
    7.542601285013E-02));
#606 = CARTESIAN_POINT('',(249.4125621669,17.422987519411,
    7.462154195096E-02));
#607 = CARTESIAN_POINT('',(249.42039924386,17.425919385959,
    7.378083284748E-02));
#608 = CARTESIAN_POINT('',(249.42823295405,17.428198126226,
    7.290622741193E-02));
#609 = CARTESIAN_POINT('',(249.43595504416,17.429920093716,
    7.200001134196E-02));
#610 = CARTESIAN_POINT('',(249.44372548916,17.431149827567,
    7.106305311606E-02));
#611 = CARTESIAN_POINT('',(249.4591344958,17.432708964545,
    6.913154843709E-02));
#612 = CARTESIAN_POINT('',(249.46678373345,17.43304425336,
    6.813698849863E-02));
#613 = CARTESIAN_POINT('',(249.47437562365,17.432979335272,
    6.711510361441E-02));
#614 = CARTESIAN_POINT('',(249.48190758254,17.432551824519,
    6.606732884401E-02));
#615 = CARTESIAN_POINT('',(249.48937652415,17.431792876815,
    6.499505165339E-02));
#616 = CARTESIAN_POINT('',(249.4967788604,17.430727189344,
    6.389961191485E-02));
#617 = CARTESIAN_POINT('',(249.50411050113,17.429373000762,
    6.278230190709E-02));
#618 = CARTESIAN_POINT('',(249.52587955995,17.424480272062,
    5.936849513123E-02));
#619 = CARTESIAN_POINT('',(249.54011078852,17.420114875636,
    5.701006026859E-02));
#620 = CARTESIAN_POINT('',(249.5540341135,17.414759685042,
    5.457907292142E-02));
#621 = CARTESIAN_POINT('',(249.56761990034,17.40849372165,
    5.208514527941E-02));
#622 = CARTESIAN_POINT('',(249.5808341736,17.401372857555,
    4.953756667157E-02));
#623 = CARTESIAN_POINT('',(249.5936374844,17.393441428038,
    4.694537970978E-02));
#624 = CARTESIAN_POINT('',(249.60598377785,17.38474384404,
    4.431745643262E-02));
#625 = CARTESIAN_POINT('',(249.64149022561,17.356520925832,
    3.635281048175E-02));
#626 = CARTESIAN_POINT('',(249.66311661922,17.334853329388,
    3.093518709649E-02));
#627 = CARTESIAN_POINT('',(249.68232543275,17.310769671472,
    2.547931750074E-02));
#628 = CARTESIAN_POINT('',(249.69879180674,17.284319866486,
    2.005286379795E-02));
#629 = CARTESIAN_POINT('',(249.71182949345,17.256522699803,
    1.472188826722E-02));
#630 = CARTESIAN_POINT('',(249.7214242676,17.226925879418,
    9.554257711878E-03));
#631 = CARTESIAN_POINT('',(249.7261860909,17.196519071718,
    4.969969515743E-03));
#632 = CARTESIAN_POINT('',(249.72533987072,17.165197158289,
    -1.061650767298E-16));
#633 = CARTESIAN_POINT('',(249.41494721803,17.367290297422,
    0.148270833363));
#634 = CARTESIAN_POINT('',(249.42138143202,17.372117750393,
    0.146176082284));
#635 = CARTESIAN_POINT('',(249.42738946672,17.377458554187,
    0.142907170429));
#636 = CARTESIAN_POINT('',(249.43396522388,17.381551969718,0.14025601031
    ));
#637 = CARTESIAN_POINT('',(249.44075170757,17.384999652952,0.13762388503
    ));
#638 = CARTESIAN_POINT('',(249.44756892217,17.387848148715,
    0.135011672006));
#639 = CARTESIAN_POINT('',(249.45432232396,17.390175088951,
    0.132420173752));
#640 = CARTESIAN_POINT('',(249.46115972595,17.392044606834,
    0.129848303157));
#641 = CARTESIAN_POINT('',(249.4747950221,17.394930307738,0.124744521905
    ));
#642 = CARTESIAN_POINT('',(249.48160290459,17.395952138133,
    0.122212593266));
#643 = CARTESIAN_POINT('',(249.48839928377,17.396590905919,
    0.119700358405));
#644 = CARTESIAN_POINT('',(249.49518141151,17.396879045156,
    0.117207485652));
#645 = CARTESIAN_POINT('',(249.50194552932,17.396843466523,0.11473357988
    ));
#646 = CARTESIAN_POINT('',(249.5086868683,17.396505557309,0.112278182505
    ));
#647 = CARTESIAN_POINT('',(249.51539964918,17.395881181424,
    0.109840771482));
#648 = CARTESIAN_POINT('',(249.53543194851,17.393179675313,0.10258074097
    ));
#649 = CARTESIAN_POINT('',(249.54866475953,17.390277950987,
    9.7810242246E-02));
#650 = CARTESIAN_POINT('',(249.56173336762,17.386375860977,
    9.310465274538E-02));
#651 = CARTESIAN_POINT('',(249.57459072531,17.381545211267,
    8.845882806925E-02));
#652 = CARTESIAN_POINT('',(249.58718466062,17.375839247518,
    8.386719333738E-02));
#653 = CARTESIAN_POINT('',(249.59945765228,17.369302643311,
    7.932384471345E-02));
#654 = CARTESIAN_POINT('',(249.61134660498,17.361981488412,
    7.482265093003E-02));
#655 = CARTESIAN_POINT('',(249.64565466382,17.337836854225,
    6.142676258026E-02));
#656 = CARTESIAN_POINT('',(249.66671267988,17.31882121055,
    5.263972822492E-02));
#657 = CARTESIAN_POINT('',(249.68546178841,17.297341641971,
    4.394538413984E-02));
#658 = CARTESIAN_POINT('',(249.70145341595,17.273506122172,
    3.529026124538E-02));
#659 = CARTESIAN_POINT('',(249.71396835849,17.248337513354,
    2.661875736274E-02));
#660 = CARTESIAN_POINT('',(249.72289433921,17.221459500083,
    1.787767634543E-02));
#661 = CARTESIAN_POINT('',(249.72571596858,17.195916363753,
    6.62662602099E-03));
#662 = CARTESIAN_POINT('',(249.72533987072,17.165197158289,
    -1.205921936383E-16));
#663 = CARTESIAN_POINT('',(249.4265501451,17.347205682541,0.229052486999
    ));
#664 = CARTESIAN_POINT('',(249.43253529901,17.351282961164,
    0.225304353507));
#665 = CARTESIAN_POINT('',(249.4386161218,17.355011010579,0.221560074665
    ));
#666 = CARTESIAN_POINT('',(249.44478256487,17.358402183269,
    0.217819628536));
#667 = CARTESIAN_POINT('',(249.45103659874,17.361462853641,
    0.214082652047));
#668 = CARTESIAN_POINT('',(249.4573267512,17.364187413986,0.21035047187)
  );
#669 = CARTESIAN_POINT('',(249.46362692121,17.366582598313,
    0.206624344221));
#670 = CARTESIAN_POINT('',(249.469984785,17.368676310257,0.202903942398)
  );
#671 = CARTESIAN_POINT('',(249.48274543695,17.372253952489,
    0.195476319271));
#672 = CARTESIAN_POINT('',(249.48915184997,17.373740147192,
    0.191769082898));
#673 = CARTESIAN_POINT('',(249.49558120074,17.374931325981,
    0.188068769235));
#674 = CARTESIAN_POINT('',(249.50202907999,17.375834224846,
    0.184375664328));
#675 = CARTESIAN_POINT('',(249.50848981855,17.376454705288,
    0.180689992754));
#676 = CARTESIAN_POINT('',(249.51495648726,17.376797754295,
    0.177011917616));
#677 = CARTESIAN_POINT('',(249.52142089707,17.376867484365,
    0.173341540546));
#678 = CARTESIAN_POINT('',(249.54077900266,17.376266431739,
    0.162353624025));
#679 = CARTESIAN_POINT('',(249.55364610943,17.374787898835,
    0.155059230152));
#680 = CARTESIAN_POINT('',(249.56640800881,17.372262722197,
    0.147796102403));
#681 = CARTESIAN_POINT('',(249.57899304317,17.368723017829,
    0.140564036962));
#682 = CARTESIAN_POINT('',(249.59132665381,17.364203886157,
    0.133362333178));
#683 = CARTESIAN_POINT('',(249.60333322729,17.35874546786,0.126189882848
    ));
#684 = CARTESIAN_POINT('',(249.61493794153,17.35239499971,0.11904525951)
  );
#685 = CARTESIAN_POINT('',(249.64832995335,17.330836611798,
    9.768990416538E-02));
#686 = CARTESIAN_POINT('',(249.66869260451,17.313118154257,
    8.355766226099E-02));
#687 = CARTESIAN_POINT('',(249.68660336059,17.292513518664,
    6.951618083355E-02));
#688 = CARTESIAN_POINT('',(249.70156618093,17.269446270939,
    5.554746792781E-02));
#689 = CARTESIAN_POINT('',(249.71315004718,17.244740070346,
    4.163012093146E-02));
#690 = CARTESIAN_POINT('',(249.72117832145,17.218717620449,
    2.774357777698E-02));
#691 = CARTESIAN_POINT('',(249.72533987072,17.192042290246,
    1.386922328803E-02));
#692 = CARTESIAN_POINT('',(249.72533987072,17.165197158289,
    -1.660997728248E-16));
#693 = CARTESIAN_POINT('',(249.42533986378,17.349300674087,
    0.309067155008));
#694 = CARTESIAN_POINT('',(249.43100798677,17.352399236477,
    0.304029322833));
#695 = CARTESIAN_POINT('',(249.4367985007,17.355285940696,0.298998888909
    ));
#696 = CARTESIAN_POINT('',(249.44270215588,17.357955449685,0.29397603961
    ));
#697 = CARTESIAN_POINT('',(249.44870942301,17.360402910401,
    0.288960944407));
#698 = CARTESIAN_POINT('',(249.45481052484,17.362623972112,
    0.283953755232));
#699 = CARTESIAN_POINT('',(249.46099546952,17.364614801916,
    0.278954605932));
#700 = CARTESIAN_POINT('',(249.46725408512,17.366372097296,
    0.273963611833));
#701 = CARTESIAN_POINT('',(249.47989802474,17.369414093878,
    0.263998126989));
#702 = CARTESIAN_POINT('',(249.48628338492,17.370698800567,
    0.259023636052));
#703 = CARTESIAN_POINT('',(249.49272174662,17.371744441158,
    0.254057493486));
#704 = CARTESIAN_POINT('',(249.49920264808,17.372548794601,
    0.249099776854));
#705 = CARTESIAN_POINT('',(249.50571555465,17.37311019331,0.244150544388
    ));
#706 = CARTESIAN_POINT('',(249.51224985874,17.373427523138,
    0.239209834995));
#707 = CARTESIAN_POINT('',(249.51879487989,17.373500223402,
    0.234277668254));
#708 = CARTESIAN_POINT('',(249.53842983435,17.372984413793,
    0.219506796749));
#709 = CARTESIAN_POINT('',(249.55151981459,17.37166205478,0.20969371856)
  );
#710 = CARTESIAN_POINT('',(249.56452432862,17.369361065214,
    0.199914814904));
#711 = CARTESIAN_POINT('',(249.57735795003,17.366090500638,
    0.190169769553));
#712 = CARTESIAN_POINT('',(249.58993642989,17.361868314901,
    0.180457955545));
#713 = CARTESIAN_POINT('',(249.60217782419,17.356721058289,
    0.170778445724));
#714 = CARTESIAN_POINT('',(249.61400362088,17.35068357567,0.16113002328)
  );
#715 = CARTESIAN_POINT('',(249.64801236,17.330028962577,0.132273530315)
  );
#716 = CARTESIAN_POINT('',(249.66872659813,17.312869489291,
    0.113154240361));
#717 = CARTESIAN_POINT('',(249.68689059949,17.292661859451,
    9.414139437899E-02));
#718 = CARTESIAN_POINT('',(249.70198397365,17.269871541928,
    7.521873783862E-02));
#719 = CARTESIAN_POINT('',(249.7135903422,17.245069227126,
    5.636634179133E-02));
#720 = CARTESIAN_POINT('',(249.72142336068,17.218900634873,
    3.756165720394E-02));
#721 = CARTESIAN_POINT('',(249.72533987072,17.192048896388,
    1.878082860871E-02));
#722 = CARTESIAN_POINT('',(249.72533987072,17.165197158289,
    -1.869164545365E-16));
#723 = DEFINITIONAL_REPRESENTATION('',(#724),#728);
#724 = LINE('',#725,#726);
#725 = CARTESIAN_POINT('',(0.,0.));
#726 = VECTOR('',#727,1.);
#727 = DIRECTION('',(0.,1.));
#728 = ( GEOMETRIC_REPRESENTATION_CONTEXT(2) 
PARAMETRIC_REPRESENTATION_CONTEXT() REPRESENTATION_CONTEXT('2D SPACE',''
  ) );
#729 = FACE_BOUND('',#730,.F.);
#730 = EDGE_LOOP('',(#731,#761,#789,#817,#845,#873));
#731 = ORIENTED_EDGE('',*,*,#732,.F.);
#732 = EDGE_CURVE('',#733,#735,#737,.T.);
#733 = VERTEX_POINT('',#734);
#734 = CARTESIAN_POINT('',(378.,14.025773216421,0.));
#735 = VERTEX_POINT('',#736);
#736 = CARTESIAN_POINT('',(390.6,21.300386608211,0.));
#737 = SURFACE_CURVE('',#738,(#742,#749),.PCURVE_S1.);
#738 = LINE('',#739,#740);
#739 = CARTESIAN_POINT('',(378.,14.025773216421,0.));
#740 = VECTOR('',#741,1.);
#741 = DIRECTION('',(0.866025403784,0.5,0.));
#742 = PCURVE('',#54,#743);
#743 = DEFINITIONAL_REPRESENTATION('',(#744),#748);
#744 = LINE('',#745,#746);
#745 = CARTESIAN_POINT('',(13.824360331174,139.84665170367));
#746 = VECTOR('',#747,1.);
#747 = DIRECTION('',(-0.5,0.866025403784));
#748 = ( GEOMETRIC_REPRESENTATION_CONTEXT(2) 
PARAMETRIC_REPRESENTATION_CONTEXT() REPRESENTATION_CONTEXT('2D SPACE',''
  ) );
#749 = PCURVE('',#750,#755);
#750 = PLANE('',#751);
#751 = AXIS2_PLACEMENT_3D('',#752,#753,#754);
#752 = CARTESIAN_POINT('',(378.,14.025773216421,0.));
#753 = DIRECTION('',(-0.5,0.866025403784,0.));
#754 = DIRECTION('',(0.866025403784,0.5,0.));
#755 = DEFINITIONAL_REPRESENTATION('',(#756),#760);
#756 = LINE('',#757,#758);
#757 = CARTESIAN_POINT('',(0.,0.));
#758 = VECTOR('',#759,1.);
#759 = DIRECTION('',(1.,0.));
#760 = ( GEOMETRIC_REPRESENTATION_CONTEXT(2) 
PARAMETRIC_REPRESENTATION_CONTEXT() REPRESENTATION_CONTEXT('2D SPACE',''
  ) );
#761 = ORIENTED_EDGE('',*,*,#762,.F.);
#762 = EDGE_CURVE('',#763,#733,#765,.T.);
#763 = VERTEX_POINT('',#764);
#764 = CARTESIAN_POINT('',(365.4,21.300386608211,0.));
#765 = SURFACE_CURVE('',#766,(#770,#777),.PCURVE_S1.);
#766 = LINE('',#767,#768);
#767 = CARTESIAN_POINT('',(365.4,21.300386608211,0.));
#768 = VECTOR('',#769,1.);
#769 = DIRECTION('',(0.866025403784,-0.5,0.));
#770 = PCURVE('',#54,#771);
#771 = DEFINITIONAL_REPRESENTATION('',(#772),#776);
#772 = LINE('',#773,#774);
#773 = CARTESIAN_POINT('',(6.549746939384,127.24665170367));
#774 = VECTOR('',#775,1.);
#775 = DIRECTION('',(0.5,0.866025403784));
#776 = ( GEOMETRIC_REPRESENTATION_CONTEXT(2) 
PARAMETRIC_REPRESENTATION_CONTEXT() REPRESENTATION_CONTEXT('2D SPACE',''
  ) );
#777 = PCURVE('',#778,#783);
#778 = PLANE('',#779);
#779 = AXIS2_PLACEMENT_3D('',#780,#781,#782);
#780 = CARTESIAN_POINT('',(365.4,21.300386608211,0.));
#781 = DIRECTION('',(0.5,0.866025403784,0.));
#782 = DIRECTION('',(0.866025403784,-0.5,0.));
#783 = DEFINITIONAL_REPRESENTATION('',(#784),#788);
#784 = LINE('',#785,#786);
#785 = CARTESIAN_POINT('',(0.,0.));
#786 = VECTOR('',#787,1.);
#787 = DIRECTION('',(1.,0.));
#788 = ( GEOMETRIC_REPRESENTATION_CONTEXT(2) 
PARAMETRIC_REPRESENTATION_CONTEXT() REPRESENTATION_CONTEXT('2D SPACE',''
  ) );
#789 = ORIENTED_EDGE('',*,*,#790,.F.);
#790 = EDGE_CURVE('',#791,#763,#793,.T.);
#791 = VERTEX_POINT('',#792);
#792 = CARTESIAN_POINT('',(365.4,35.849613391789,0.));
#793 = SURFACE_CURVE('',#794,(#798,#805),.PCURVE_S1.);
#794 = LINE('',#795,#796);
#795 = CARTESIAN_POINT('',(365.4,35.849613391789,0.));
#796 = VECTOR('',#797,1.);
#797 = DIRECTION('',(1.110223024625E-16,-1.,0.));
#798 = PCURVE('',#54,#799);
#799 = DEFINITIONAL_REPRESENTATION('',(#800),#804);
#800 = LINE('',#801,#802);
#801 = CARTESIAN_POINT('',(-7.999479844194,127.24665170367));
#802 = VECTOR('',#803,1.);
#803 = DIRECTION('',(1.,0.));
#804 = ( GEOMETRIC_REPRESENTATION_CONTEXT(2) 
PARAMETRIC_REPRESENTATION_CONTEXT() REPRESENTATION_CONTEXT('2D SPACE',''
  ) );
#805 = PCURVE('',#806,#811);
#806 = PLANE('',#807);
#807 = AXIS2_PLACEMENT_3D('',#808,#809,#810);
#808 = CARTESIAN_POINT('',(365.4,35.849613391789,0.));
#809 = DIRECTION('',(1.,1.110223024625E-16,0.));
#810 = DIRECTION('',(1.110223024625E-16,-1.,0.));
#811 = DEFINITIONAL_REPRESENTATION('',(#812),#816);
#812 = LINE('',#813,#814);
#813 = CARTESIAN_POINT('',(0.,0.));
#814 = VECTOR('',#815,1.);
#815 = DIRECTION('',(1.,0.));
#816 = ( GEOMETRIC_REPRESENTATION_CONTEXT(2) 
PARAMETRIC_REPRESENTATION_CONTEXT() REPRESENTATION_CONTEXT('2D SPACE',''
  ) );
#817 = ORIENTED_EDGE('',*,*,#818,.F.);
#818 = EDGE_CURVE('',#819,#791,#821,.T.);
#819 = VERTEX_POINT('',#820);
#820 = CARTESIAN_POINT('',(378.,43.124226783579,0.));
#821 = SURFACE_CURVE('',#822,(#826,#833),.PCURVE_S1.);
#822 = LINE('',#823,#824);
#823 = CARTESIAN_POINT('',(378.,43.124226783579,0.));
#824 = VECTOR('',#825,1.);
#825 = DIRECTION('',(-0.866025403784,-0.5,0.));
#826 = PCURVE('',#54,#827);
#827 = DEFINITIONAL_REPRESENTATION('',(#828),#832);
#828 = LINE('',#829,#830);
#829 = CARTESIAN_POINT('',(-15.27409323598,139.84665170367));
#830 = VECTOR('',#831,1.);
#831 = DIRECTION('',(0.5,-0.866025403784));
#832 = ( GEOMETRIC_REPRESENTATION_CONTEXT(2) 
PARAMETRIC_REPRESENTATION_CONTEXT() REPRESENTATION_CONTEXT('2D SPACE',''
  ) );
#833 = PCURVE('',#834,#839);
#834 = PLANE('',#835);
#835 = AXIS2_PLACEMENT_3D('',#836,#837,#838);
#836 = CARTESIAN_POINT('',(378.,43.124226783579,0.));
#837 = DIRECTION('',(0.5,-0.866025403784,0.));
#838 = DIRECTION('',(-0.866025403784,-0.5,0.));
#839 = DEFINITIONAL_REPRESENTATION('',(#840),#844);
#840 = LINE('',#841,#842);
#841 = CARTESIAN_POINT('',(0.,0.));
#842 = VECTOR('',#843,1.);
#843 = DIRECTION('',(1.,0.));
#844 = ( GEOMETRIC_REPRESENTATION_CONTEXT(2) 
PARAMETRIC_REPRESENTATION_CONTEXT() REPRESENTATION_CONTEXT('2D SPACE',''
  ) );
#845 = ORIENTED_EDGE('',*,*,#846,.F.);
#846 = EDGE_CURVE('',#847,#819,#849,.T.);
#847 = VERTEX_POINT('',#848);
#848 = CARTESIAN_POINT('',(390.6,35.849613391789,0.));
#849 = SURFACE_CURVE('',#850,(#854,#861),.PCURVE_S1.);
#850 = LINE('',#851,#852);
#851 = CARTESIAN_POINT('',(390.6,35.849613391789,0.));
#852 = VECTOR('',#853,1.);
#853 = DIRECTION('',(-0.866025403784,0.5,0.));
#854 = PCURVE('',#54,#855);
#855 = DEFINITIONAL_REPRESENTATION('',(#856),#860);
#856 = LINE('',#857,#858);
#857 = CARTESIAN_POINT('',(-7.999479844194,152.44665170367));
#858 = VECTOR('',#859,1.);
#859 = DIRECTION('',(-0.5,-0.866025403784));
#860 = ( GEOMETRIC_REPRESENTATION_CONTEXT(2) 
PARAMETRIC_REPRESENTATION_CONTEXT() REPRESENTATION_CONTEXT('2D SPACE',''
  ) );
#861 = PCURVE('',#862,#867);
#862 = PLANE('',#863);
#863 = AXIS2_PLACEMENT_3D('',#864,#865,#866);
#864 = CARTESIAN_POINT('',(390.6,35.849613391789,0.));
#865 = DIRECTION('',(-0.5,-0.866025403784,0.));
#866 = DIRECTION('',(-0.866025403784,0.5,0.));
#867 = DEFINITIONAL_REPRESENTATION('',(#868),#872);
#868 = LINE('',#869,#870);
#869 = CARTESIAN_POINT('',(0.,0.));
#870 = VECTOR('',#871,1.);
#871 = DIRECTION('',(1.,-0.));
#872 = ( GEOMETRIC_REPRESENTATION_CONTEXT(2) 
PARAMETRIC_REPRESENTATION_CONTEXT() REPRESENTATION_CONTEXT('2D SPACE',''
  ) );
#873 = ORIENTED_EDGE('',*,*,#874,.F.);
#874 = EDGE_CURVE('',#735,#847,#875,.T.);
#875 = SURFACE_CURVE('',#876,(#880,#887),.PCURVE_S1.);
#876 = LINE('',#877,#878);
#877 = CARTESIAN_POINT('',(390.6,21.300386608211,0.));
#878 = VECTOR('',#879,1.);
#879 = DIRECTION('',(-1.110223024625E-16,1.,0.));
#880 = PCURVE('',#54,#881);
#881 = DEFINITIONAL_REPRESENTATION('',(#882),#886);
#882 = LINE('',#883,#884);
#883 = CARTESIAN_POINT('',(6.549746939384,152.44665170367));
#884 = VECTOR('',#885,1.);
#885 = DIRECTION('',(-1.,0.));
#886 = ( GEOMETRIC_REPRESENTATION_CONTEXT(2) 
PARAMETRIC_REPRESENTATION_CONTEXT() REPRESENTATION_CONTEXT('2D SPACE',''
  ) );
#887 = PCURVE('',#888,#893);
#888 = PLANE('',#889);
#889 = AXIS2_PLACEMENT_3D('',#890,#891,#892);
#890 = CARTESIAN_POINT('',(390.6,21.300386608211,0.));
#891 = DIRECTION('',(-1.,-1.110223024625E-16,0.));
#892 = DIRECTION('',(-1.110223024625E-16,1.,0.));
#893 = DEFINITIONAL_REPRESENTATION('',(#894),#898);
#894 = LINE('',#895,#896);
#895 = CARTESIAN_POINT('',(0.,0.));
#896 = VECTOR('',#897,1.);
#897 = DIRECTION('',(1.,0.));
#898 = ( GEOMETRIC_REPRESENTATION_CONTEXT(2) 
PARAMETRIC_REPRESENTATION_CONTEXT() REPRESENTATION_CONTEXT('2D SPACE',''
  ) );
#899 = FACE_BOUND('',#900,.F.);
#900 = EDGE_LOOP('',(#901,#931,#959,#987,#1015,#1043));
#901 = ORIENTED_EDGE('',*,*,#902,.F.);
#902 = EDGE_CURVE('',#903,#905,#907,.T.);
#903 = VERTEX_POINT('',#904);
#904 = CARTESIAN_POINT('',(413.2,14.025773216421,0.));
#905 = VERTEX_POINT('',#906);
#906 = CARTESIAN_POINT('',(425.8,21.300386608211,0.));
#907 = SURFACE_CURVE('',#908,(#912,#919),.PCURVE_S1.);
#908 = LINE('',#909,#910);
#909 = CARTESIAN_POINT('',(413.2,14.025773216421,0.));
#910 = VECTOR('',#911,1.);
#911 = DIRECTION('',(0.866025403784,0.5,0.));
#912 = PCURVE('',#54,#913);
#913 = DEFINITIONAL_REPRESENTATION('',(#914),#918);
#914 = LINE('',#915,#916);
#915 = CARTESIAN_POINT('',(13.824360331174,175.04665170367));
#916 = VECTOR('',#917,1.);
#917 = DIRECTION('',(-0.5,0.866025403784));
#918 = ( GEOMETRIC_REPRESENTATION_CONTEXT(2) 
PARAMETRIC_REPRESENTATION_CONTEXT() REPRESENTATION_CONTEXT('2D SPACE',''
  ) );
#919 = PCURVE('',#920,#925);
#920 = PLANE('',#921);
#921 = AXIS2_PLACEMENT_3D('',#922,#923,#924);
#922 = CARTESIAN_POINT('',(413.2,14.025773216421,0.));
#923 = DIRECTION('',(-0.5,0.866025403784,0.));
#924 = DIRECTION('',(0.866025403784,0.5,0.));
#925 = DEFINITIONAL_REPRESENTATION('',(#926),#930);
#926 = LINE('',#927,#928);
#927 = CARTESIAN_POINT('',(0.,0.));
#928 = VECTOR('',#929,1.);
#929 = DIRECTION('',(1.,0.));
#930 = ( GEOMETRIC_REPRESENTATION_CONTEXT(2) 
PARAMETRIC_REPRESENTATION_CONTEXT() REPRESENTATION_CONTEXT('2D SPACE',''
  ) );
#931 = ORIENTED_EDGE('',*,*,#932,.F.);
#932 = EDGE_CURVE('',#933,#903,#935,.T.);
#933 = VERTEX_POINT('',#934);
#934 = CARTESIAN_POINT('',(400.6,21.300386608211,0.));
#935 = SURFACE_CURVE('',#936,(#940,#947),.PCURVE_S1.);
#936 = LINE('',#937,#938);
#937 = CARTESIAN_POINT('',(400.6,21.300386608211,0.));
#938 = VECTOR('',#939,1.);
#939 = DIRECTION('',(0.866025403784,-0.5,0.));
#940 = PCURVE('',#54,#941);
#941 = DEFINITIONAL_REPRESENTATION('',(#942),#946);
#942 = LINE('',#943,#944);
#943 = CARTESIAN_POINT('',(6.549746939384,162.44665170367));
#944 = VECTOR('',#945,1.);
#945 = DIRECTION('',(0.5,0.866025403784));
#946 = ( GEOMETRIC_REPRESENTATION_CONTEXT(2) 
PARAMETRIC_REPRESENTATION_CONTEXT() REPRESENTATION_CONTEXT('2D SPACE',''
  ) );
#947 = PCURVE('',#948,#953);
#948 = PLANE('',#949);
#949 = AXIS2_PLACEMENT_3D('',#950,#951,#952);
#950 = CARTESIAN_POINT('',(400.6,21.300386608211,0.));
#951 = DIRECTION('',(0.5,0.866025403784,0.));
#952 = DIRECTION('',(0.866025403784,-0.5,0.));
#953 = DEFINITIONAL_REPRESENTATION('',(#954),#958);
#954 = LINE('',#955,#956);
#955 = CARTESIAN_POINT('',(0.,0.));
#956 = VECTOR('',#957,1.);
#957 = DIRECTION('',(1.,0.));
#958 = ( GEOMETRIC_REPRESENTATION_CONTEXT(2) 
PARAMETRIC_REPRESENTATION_CONTEXT() REPRESENTATION_CONTEXT('2D SPACE',''
  ) );
#959 = ORIENTED_EDGE('',*,*,#960,.F.);
#960 = EDGE_CURVE('',#961,#933,#963,.T.);
#961 = VERTEX_POINT('',#962);
#962 = CARTESIAN_POINT('',(400.6,35.849613391789,0.));
#963 = SURFACE_CURVE('',#964,(#968,#975),.PCURVE_S1.);
#964 = LINE('',#965,#966);
#965 = CARTESIAN_POINT('',(400.6,35.849613391789,0.));
#966 = VECTOR('',#967,1.);
#967 = DIRECTION('',(1.110223024625E-16,-1.,0.));
#968 = PCURVE('',#54,#969);
#969 = DEFINITIONAL_REPRESENTATION('',(#970),#974);
#970 = LINE('',#971,#972);
#971 = CARTESIAN_POINT('',(-7.999479844194,162.44665170367));
#972 = VECTOR('',#973,1.);
#973 = DIRECTION('',(1.,0.));
#974 = ( GEOMETRIC_REPRESENTATION_CONTEXT(2) 
PARAMETRIC_REPRESENTATION_CONTEXT() REPRESENTATION_CONTEXT('2D SPACE',''
  ) );
#975 = PCURVE('',#976,#981);
#976 = PLANE('',#977);
#977 = AXIS2_PLACEMENT_3D('',#978,#979,#980);
#978 = CARTESIAN_POINT('',(400.6,35.849613391789,0.));
#979 = DIRECTION('',(1.,1.110223024625E-16,0.));
#980 = DIRECTION('',(1.110223024625E-16,-1.,0.));
#981 = DEFINITIONAL_REPRESENTATION('',(#982),#986);
#982 = LINE('',#983,#984);
#983 = CARTESIAN_POINT('',(0.,0.));
#984 = VECTOR('',#985,1.);
#985 = DIRECTION('',(1.,0.));
#986 = ( GEOMETRIC_REPRESENTATION_CONTEXT(2) 
PARAMETRIC_REPRESENTATION_CONTEXT() REPRESENTATION_CONTEXT('2D SPACE',''
  ) );
#987 = ORIENTED_EDGE('',*,*,#988,.F.);
#988 = EDGE_CURVE('',#989,#961,#991,.T.);
#989 = VERTEX_POINT('',#990);
#990 = CARTESIAN_POINT('',(413.2,43.124226783579,0.));
#991 = SURFACE_CURVE('',#992,(#996,#1003),.PCURVE_S1.);
#992 = LINE('',#993,#994);
#993 = CARTESIAN_POINT('',(413.2,43.124226783579,0.));
#994 = VECTOR('',#995,1.);
#995 = DIRECTION('',(-0.866025403784,-0.5,0.));
#996 = PCURVE('',#54,#997);
#997 = DEFINITIONAL_REPRESENTATION('',(#998),#1002);
#998 = LINE('',#999,#1000);
#999 = CARTESIAN_POINT('',(-15.27409323598,175.04665170367));
#1000 = VECTOR('',#1001,1.);
#1001 = DIRECTION('',(0.5,-0.866025403784));
#1002 = ( GEOMETRIC_REPRESENTATION_CONTEXT(2) 
PARAMETRIC_REPRESENTATION_CONTEXT() REPRESENTATION_CONTEXT('2D SPACE',''
  ) );
#1003 = PCURVE('',#1004,#1009);
#1004 = PLANE('',#1005);
#1005 = AXIS2_PLACEMENT_3D('',#1006,#1007,#1008);
#1006 = CARTESIAN_POINT('',(413.2,43.124226783579,0.));
#1007 = DIRECTION('',(0.5,-0.866025403784,0.));
#1008 = DIRECTION('',(-0.866025403784,-0.5,0.));
#1009 = DEFINITIONAL_REPRESENTATION('',(#1010),#1014);
#1010 = LINE('',#1011,#1012);
#1011 = CARTESIAN_POINT('',(0.,0.));
#1012 = VECTOR('',#1013,1.);
#1013 = DIRECTION('',(1.,0.));
#1014 = ( GEOMETRIC_REPRESENTATION_CONTEXT(2) 
PARAMETRIC_REPRESENTATION_CONTEXT() REPRESENTATION_CONTEXT('2D SPACE',''
  ) );
#1015 = ORIENTED_EDGE('',*,*,#1016,.F.);
#1016 = EDGE_CURVE('',#1017,#989,#1019,.T.);
#1017 = VERTEX_POINT('',#1018);
#1018 = CARTESIAN_POINT('',(425.8,35.849613391789,0.));
#1019 = SURFACE_CURVE('',#1020,(#1024,#1031),.PCURVE_S1.);
#1020 = LINE('',#1021,#1022);
#1021 = CARTESIAN_POINT('',(425.8,35.849613391789,0.));
#1022 = VECTOR('',#1023,1.);
#1023 = DIRECTION('',(-0.866025403784,0.5,0.));
#1024 = PCURVE('',#54,#1025);
#1025 = DEFINITIONAL_REPRESENTATION('',(#1026),#1030);
#1026 = LINE('',#1027,#1028);
#1027 = CARTESIAN_POINT('',(-7.999479844194,187.64665170367));
#1028 = VECTOR('',#1029,1.);
#1029 = DIRECTION('',(-0.5,-0.866025403784));
#1030 = ( GEOMETRIC_REPRESENTATION_CONTEXT(2) 
PARAMETRIC_REPRESENTATION_CONTEXT() REPRESENTATION_CONTEXT('2D SPACE',''
  ) );
#1031 = PCURVE('',#1032,#1037);
#1032 = PLANE('',#1033);
#1033 = AXIS2_PLACEMENT_3D('',#1034,#1035,#1036);
#1034 = CARTESIAN_POINT('',(425.8,35.849613391789,0.));
#1035 = DIRECTION('',(-0.5,-0.866025403784,0.));
#1036 = DIRECTION('',(-0.866025403784,0.5,0.));
#1037 = DEFINITIONAL_REPRESENTATION('',(#1038),#1042);
#1038 = LINE('',#1039,#1040);
#1039 = CARTESIAN_POINT('',(0.,0.));
#1040 = VECTOR('',#1041,1.);
#1041 = DIRECTION('',(1.,-0.));
#1042 = ( GEOMETRIC_REPRESENTATION_CONTEXT(2) 
PARAMETRIC_REPRESENTATION_CONTEXT() REPRESENTATION_CONTEXT('2D SPACE',''
  ) );
#1043 = ORIENTED_EDGE('',*,*,#1044,.F.);
#1044 = EDGE_CURVE('',#905,#1017,#1045,.T.);
#1045 = SURFACE_CURVE('',#1046,(#1050,#1057),.PCURVE_S1.);
#1046 = LINE('',#1047,#1048);
#1047 = CARTESIAN_POINT('',(425.8,21.300386608211,0.));
#1048 = VECTOR('',#1049,1.);
#1049 = DIRECTION('',(-1.110223024625E-16,1.,0.));
#1050 = PCURVE('',#54,#1051);
#1051 = DEFINITIONAL_REPRESENTATION('',(#1052),#1056);
#1052 = LINE('',#1053,#1054);
#1053 = CARTESIAN_POINT('',(6.549746939384,187.64665170367));
#1054 = VECTOR('',#1055,1.);
#1055 = DIRECTION('',(-1.,0.));
#1056 = ( GEOMETRIC_REPRESENTATION_CONTEXT(2) 
PARAMETRIC_REPRESENTATION_CONTEXT() REPRESENTATION_CONTEXT('2D SPACE',''
  ) );
#1057 = PCURVE('',#1058,#1063);
#1058 = PLANE('',#1059);
#1059 = AXIS2_PLACEMENT_3D('',#1060,#1061,#1062);
#1060 = CARTESIAN_POINT('',(425.8,21.300386608211,0.));
#1061 = DIRECTION('',(-1.,-1.110223024625E-16,0.));
#1062 = DIRECTION('',(-1.110223024625E-16,1.,0.));
#1063 = DEFINITIONAL_REPRESENTATION('',(#1064),#1068);
#1064 = LINE('',#1065,#1066);
#1065 = CARTESIAN_POINT('',(0.,0.));
#1066 = VECTOR('',#1067,1.);
#1067 = DIRECTION('',(1.,0.));
#1068 = ( GEOMETRIC_REPRESENTATION_CONTEXT(2) 
PARAMETRIC_REPRESENTATION_CONTEXT() REPRESENTATION_CONTEXT('2D SPACE',''
  ) );
#1069 = FACE_BOUND('',#1070,.F.);
#1070 = EDGE_LOOP('',(#1071,#1101,#1129,#1157,#1185,#1213));
#1071 = ORIENTED_EDGE('',*,*,#1072,.F.);
#1072 = EDGE_CURVE('',#1073,#1075,#1077,.T.);
#1073 = VERTEX_POINT('',#1074);
#1074 = CARTESIAN_POINT('',(307.6,14.025773216421,0.));
#1075 = VERTEX_POINT('',#1076);
#1076 = CARTESIAN_POINT('',(320.2,21.300386608211,0.));
#1077 = SURFACE_CURVE('',#1078,(#1082,#1089),.PCURVE_S1.);
#1078 = LINE('',#1079,#1080);
#1079 = CARTESIAN_POINT('',(307.6,14.025773216421,0.));
#1080 = VECTOR('',#1081,1.);
#1081 = DIRECTION('',(0.866025403784,0.5,0.));
#1082 = PCURVE('',#54,#1083);
#1083 = DEFINITIONAL_REPRESENTATION('',(#1084),#1088);
#1084 = LINE('',#1085,#1086);
#1085 = CARTESIAN_POINT('',(13.824360331174,69.44665170367));
#1086 = VECTOR('',#1087,1.);
#1087 = DIRECTION('',(-0.5,0.866025403784));
#1088 = ( GEOMETRIC_REPRESENTATION_CONTEXT(2) 
PARAMETRIC_REPRESENTATION_CONTEXT() REPRESENTATION_CONTEXT('2D SPACE',''
  ) );
#1089 = PCURVE('',#1090,#1095);
#1090 = PLANE('',#1091);
#1091 = AXIS2_PLACEMENT_3D('',#1092,#1093,#1094);
#1092 = CARTESIAN_POINT('',(307.6,14.025773216421,0.));
#1093 = DIRECTION('',(-0.5,0.866025403784,0.));
#1094 = DIRECTION('',(0.866025403784,0.5,0.));
#1095 = DEFINITIONAL_REPRESENTATION('',(#1096),#1100);
#1096 = LINE('',#1097,#1098);
#1097 = CARTESIAN_POINT('',(0.,0.));
#1098 = VECTOR('',#1099,1.);
#1099 = DIRECTION('',(1.,0.));
#1100 = ( GEOMETRIC_REPRESENTATION_CONTEXT(2) 
PARAMETRIC_REPRESENTATION_CONTEXT() REPRESENTATION_CONTEXT('2D SPACE',''
  ) );
#1101 = ORIENTED_EDGE('',*,*,#1102,.F.);
#1102 = EDGE_CURVE('',#1103,#1073,#1105,.T.);
#1103 = VERTEX_POINT('',#1104);
#1104 = CARTESIAN_POINT('',(295.,21.300386608211,0.));
#1105 = SURFACE_CURVE('',#1106,(#1110,#1117),.PCURVE_S1.);
#1106 = LINE('',#1107,#1108);
#1107 = CARTESIAN_POINT('',(295.,21.300386608211,0.));
#1108 = VECTOR('',#1109,1.);
#1109 = DIRECTION('',(0.866025403784,-0.5,0.));
#1110 = PCURVE('',#54,#1111);
#1111 = DEFINITIONAL_REPRESENTATION('',(#1112),#1116);
#1112 = LINE('',#1113,#1114);
#1113 = CARTESIAN_POINT('',(6.549746939384,56.84665170367));
#1114 = VECTOR('',#1115,1.);
#1115 = DIRECTION('',(0.5,0.866025403784));
#1116 = ( GEOMETRIC_REPRESENTATION_CONTEXT(2) 
PARAMETRIC_REPRESENTATION_CONTEXT() REPRESENTATION_CONTEXT('2D SPACE',''
  ) );
#1117 = PCURVE('',#1118,#1123);
#1118 = PLANE('',#1119);
#1119 = AXIS2_PLACEMENT_3D('',#1120,#1121,#1122);
#1120 = CARTESIAN_POINT('',(295.,21.300386608211,0.));
#1121 = DIRECTION('',(0.5,0.866025403784,0.));
#1122 = DIRECTION('',(0.866025403784,-0.5,0.));
#1123 = DEFINITIONAL_REPRESENTATION('',(#1124),#1128);
#1124 = LINE('',#1125,#1126);
#1125 = CARTESIAN_POINT('',(0.,0.));
#1126 = VECTOR('',#1127,1.);
#1127 = DIRECTION('',(1.,0.));
#1128 = ( GEOMETRIC_REPRESENTATION_CONTEXT(2) 
PARAMETRIC_REPRESENTATION_CONTEXT() REPRESENTATION_CONTEXT('2D SPACE',''
  ) );
#1129 = ORIENTED_EDGE('',*,*,#1130,.F.);
#1130 = EDGE_CURVE('',#1131,#1103,#1133,.T.);
#1131 = VERTEX_POINT('',#1132);
#1132 = CARTESIAN_POINT('',(295.,35.849613391789,0.));
#1133 = SURFACE_CURVE('',#1134,(#1138,#1145),.PCURVE_S1.);
#1134 = LINE('',#1135,#1136);
#1135 = CARTESIAN_POINT('',(295.,35.849613391789,0.));
#1136 = VECTOR('',#1137,1.);
#1137 = DIRECTION('',(1.110223024625E-16,-1.,0.));
#1138 = PCURVE('',#54,#1139);
#1139 = DEFINITIONAL_REPRESENTATION('',(#1140),#1144);
#1140 = LINE('',#1141,#1142);
#1141 = CARTESIAN_POINT('',(-7.999479844194,56.84665170367));
#1142 = VECTOR('',#1143,1.);
#1143 = DIRECTION('',(1.,0.));
#1144 = ( GEOMETRIC_REPRESENTATION_CONTEXT(2) 
PARAMETRIC_REPRESENTATION_CONTEXT() REPRESENTATION_CONTEXT('2D SPACE',''
  ) );
#1145 = PCURVE('',#1146,#1151);
#1146 = PLANE('',#1147);
#1147 = AXIS2_PLACEMENT_3D('',#1148,#1149,#1150);
#1148 = CARTESIAN_POINT('',(295.,35.849613391789,0.));
#1149 = DIRECTION('',(1.,1.110223024625E-16,0.));
#1150 = DIRECTION('',(1.110223024625E-16,-1.,0.));
#1151 = DEFINITIONAL_REPRESENTATION('',(#1152),#1156);
#1152 = LINE('',#1153,#1154);
#1153 = CARTESIAN_POINT('',(0.,0.));
#1154 = VECTOR('',#1155,1.);
#1155 = DIRECTION('',(1.,0.));
#1156 = ( GEOMETRIC_REPRESENTATION_CONTEXT(2) 
PARAMETRIC_REPRESENTATION_CONTEXT() REPRESENTATION_CONTEXT('2D SPACE',''
  ) );
#1157 = ORIENTED_EDGE('',*,*,#1158,.F.);
#1158 = EDGE_CURVE('',#1159,#1131,#1161,.T.);
#1159 = VERTEX_POINT('',#1160);
#1160 = CARTESIAN_POINT('',(307.6,43.124226783579,0.));
#1161 = SURFACE_CURVE('',#1162,(#1166,#1173),.PCURVE_S1.);
#1162 = LINE('',#1163,#1164);
#1163 = CARTESIAN_POINT('',(307.6,43.124226783579,0.));
#1164 = VECTOR('',#1165,1.);
#1165 = DIRECTION('',(-0.866025403784,-0.5,0.));
#1166 = PCURVE('',#54,#1167);
#1167 = DEFINITIONAL_REPRESENTATION('',(#1168),#1172);
#1168 = LINE('',#1169,#1170);
#1169 = CARTESIAN_POINT('',(-15.27409323598,69.44665170367));
#1170 = VECTOR('',#1171,1.);
#1171 = DIRECTION('',(0.5,-0.866025403784));
#1172 = ( GEOMETRIC_REPRESENTATION_CONTEXT(2) 
PARAMETRIC_REPRESENTATION_CONTEXT() REPRESENTATION_CONTEXT('2D SPACE',''
  ) );
#1173 = PCURVE('',#1174,#1179);
#1174 = PLANE('',#1175);
#1175 = AXIS2_PLACEMENT_3D('',#1176,#1177,#1178);
#1176 = CARTESIAN_POINT('',(307.6,43.124226783579,0.));
#1177 = DIRECTION('',(0.5,-0.866025403784,0.));
#1178 = DIRECTION('',(-0.866025403784,-0.5,0.));
#1179 = DEFINITIONAL_REPRESENTATION('',(#1180),#1184);
#1180 = LINE('',#1181,#1182);
#1181 = CARTESIAN_POINT('',(0.,0.));
#1182 = VECTOR('',#1183,1.);
#1183 = DIRECTION('',(1.,0.));
#1184 = ( GEOMETRIC_REPRESENTATION_CONTEXT(2) 
PARAMETRIC_REPRESENTATION_CONTEXT() REPRESENTATION_CONTEXT('2D SPACE',''
  ) );
#1185 = ORIENTED_EDGE('',*,*,#1186,.F.);
#1186 = EDGE_CURVE('',#1187,#1159,#1189,.T.);
#1187 = VERTEX_POINT('',#1188);
#1188 = CARTESIAN_POINT('',(320.2,35.849613391789,0.));
#1189 = SURFACE_CURVE('',#1190,(#1194,#1201),.PCURVE_S1.);
#1190 = LINE('',#1191,#1192);
#1191 = CARTESIAN_POINT('',(320.2,35.849613391789,0.));
#1192 = VECTOR('',#1193,1.);
#1193 = DIRECTION('',(-0.866025403784,0.5,0.));
#1194 = PCURVE('',#54,#1195);
#1195 = DEFINITIONAL_REPRESENTATION('',(#1196),#1200);
#1196 = LINE('',#1197,#1198);
#1197 = CARTESIAN_POINT('',(-7.999479844194,82.04665170367));
#1198 = VECTOR('',#1199,1.);
#1199 = DIRECTION('',(-0.5,-0.866025403784));
#1200 = ( GEOMETRIC_REPRESENTATION_CONTEXT(2) 
PARAMETRIC_REPRESENTATION_CONTEXT() REPRESENTATION_CONTEXT('2D SPACE',''
  ) );
#1201 = PCURVE('',#1202,#1207);
#1202 = PLANE('',#1203);
#1203 = AXIS2_PLACEMENT_3D('',#1204,#1205,#1206);
#1204 = CARTESIAN_POINT('',(320.2,35.849613391789,0.));
#1205 = DIRECTION('',(-0.5,-0.866025403784,0.));
#1206 = DIRECTION('',(-0.866025403784,0.5,0.));
#1207 = DEFINITIONAL_REPRESENTATION('',(#1208),#1212);
#1208 = LINE('',#1209,#1210);
#1209 = CARTESIAN_POINT('',(0.,0.));
#1210 = VECTOR('',#1211,1.);
#1211 = DIRECTION('',(1.,-0.));
#1212 = ( GEOMETRIC_REPRESENTATION_CONTEXT(2) 
PARAMETRIC_REPRESENTATION_CONTEXT() REPRESENTATION_CONTEXT('2D SPACE',''
  ) );
#1213 = ORIENTED_EDGE('',*,*,#1214,.F.);
#1214 = EDGE_CURVE('',#1075,#1187,#1215,.T.);
#1215 = SURFACE_CURVE('',#1216,(#1220,#1227),.PCURVE_S1.);
#1216 = LINE('',#1217,#1218);
#1217 = CARTESIAN_POINT('',(320.2,21.300386608211,0.));
#1218 = VECTOR('',#1219,1.);
#1219 = DIRECTION('',(-1.110223024625E-16,1.,0.));
#1220 = PCURVE('',#54,#1221);
#1221 = DEFINITIONAL_REPRESENTATION('',(#1222),#1226);
#1222 = LINE('',#1223,#1224);
#1223 = CARTESIAN_POINT('',(6.549746939384,82.04665170367));
#1224 = VECTOR('',#1225,1.);
#1225 = DIRECTION('',(-1.,0.));
#1226 = ( GEOMETRIC_REPRESENTATION_CONTEXT(2) 
PARAMETRIC_REPRESENTATION_CONTEXT() REPRESENTATION_CONTEXT('2D SPACE',''
  ) );
#1227 = PCURVE('',#1228,#1233);
#1228 = PLANE('',#1229);
#1229 = AXIS2_PLACEMENT_3D('',#1230,#1231,#1232);
#1230 = CARTESIAN_POINT('',(320.2,21.300386608211,0.));
#1231 = DIRECTION('',(-1.,-1.110223024625E-16,0.));
#1232 = DIRECTION('',(-1.110223024625E-16,1.,0.));
#1233 = DEFINITIONAL_REPRESENTATION('',(#1234),#1238);
#1234 = LINE('',#1235,#1236);
#1235 = CARTESIAN_POINT('',(0.,0.));
#1236 = VECTOR('',#1237,1.);
#1237 = DIRECTION('',(1.,0.));
#1238 = ( GEOMETRIC_REPRESENTATION_CONTEXT(2) 
PARAMETRIC_REPRESENTATION_CONTEXT() REPRESENTATION_CONTEXT('2D SPACE',''
  ) );
#1239 = FACE_BOUND('',#1240,.F.);
#1240 = EDGE_LOOP('',(#1241,#1271,#1299,#1327,#1355,#1383));
#1241 = ORIENTED_EDGE('',*,*,#1242,.F.);
#1242 = EDGE_CURVE('',#1243,#1245,#1247,.T.);
#1243 = VERTEX_POINT('',#1244);
#1244 = CARTESIAN_POINT('',(342.8,14.025773216421,0.));
#1245 = VERTEX_POINT('',#1246);
#1246 = CARTESIAN_POINT('',(355.4,21.300386608211,0.));
#1247 = SURFACE_CURVE('',#1248,(#1252,#1259),.PCURVE_S1.);
#1248 = LINE('',#1249,#1250);
#1249 = CARTESIAN_POINT('',(342.8,14.025773216421,0.));
#1250 = VECTOR('',#1251,1.);
#1251 = DIRECTION('',(0.866025403784,0.5,0.));
#1252 = PCURVE('',#54,#1253);
#1253 = DEFINITIONAL_REPRESENTATION('',(#1254),#1258);
#1254 = LINE('',#1255,#1256);
#1255 = CARTESIAN_POINT('',(13.824360331174,104.64665170367));
#1256 = VECTOR('',#1257,1.);
#1257 = DIRECTION('',(-0.5,0.866025403784));
#1258 = ( GEOMETRIC_REPRESENTATION_CONTEXT(2) 
PARAMETRIC_REPRESENTATION_CONTEXT() REPRESENTATION_CONTEXT('2D SPACE',''
  ) );
#1259 = PCURVE('',#1260,#1265);
#1260 = PLANE('',#1261);
#1261 = AXIS2_PLACEMENT_3D('',#1262,#1263,#1264);
#1262 = CARTESIAN_POINT('',(342.8,14.025773216421,0.));
#1263 = DIRECTION('',(-0.5,0.866025403784,0.));
#1264 = DIRECTION('',(0.866025403784,0.5,0.));
#1265 = DEFINITIONAL_REPRESENTATION('',(#1266),#1270);
#1266 = LINE('',#1267,#1268);
#1267 = CARTESIAN_POINT('',(0.,0.));
#1268 = VECTOR('',#1269,1.);
#1269 = DIRECTION('',(1.,0.));
#1270 = ( GEOMETRIC_REPRESENTATION_CONTEXT(2) 
PARAMETRIC_REPRESENTATION_CONTEXT() REPRESENTATION_CONTEXT('2D SPACE',''
  ) );
#1271 = ORIENTED_EDGE('',*,*,#1272,.F.);
#1272 = EDGE_CURVE('',#1273,#1243,#1275,.T.);
#1273 = VERTEX_POINT('',#1274);
#1274 = CARTESIAN_POINT('',(330.2,21.300386608211,0.));
#1275 = SURFACE_CURVE('',#1276,(#1280,#1287),.PCURVE_S1.);
#1276 = LINE('',#1277,#1278);
#1277 = CARTESIAN_POINT('',(330.2,21.300386608211,0.));
#1278 = VECTOR('',#1279,1.);
#1279 = DIRECTION('',(0.866025403784,-0.5,0.));
#1280 = PCURVE('',#54,#1281);
#1281 = DEFINITIONAL_REPRESENTATION('',(#1282),#1286);
#1282 = LINE('',#1283,#1284);
#1283 = CARTESIAN_POINT('',(6.549746939384,92.04665170367));
#1284 = VECTOR('',#1285,1.);
#1285 = DIRECTION('',(0.5,0.866025403784));
#1286 = ( GEOMETRIC_REPRESENTATION_CONTEXT(2) 
PARAMETRIC_REPRESENTATION_CONTEXT() REPRESENTATION_CONTEXT('2D SPACE',''
  ) );
#1287 = PCURVE('',#1288,#1293);
#1288 = PLANE('',#1289);
#1289 = AXIS2_PLACEMENT_3D('',#1290,#1291,#1292);
#1290 = CARTESIAN_POINT('',(330.2,21.300386608211,0.));
#1291 = DIRECTION('',(0.5,0.866025403784,0.));
#1292 = DIRECTION('',(0.866025403784,-0.5,0.));
#1293 = DEFINITIONAL_REPRESENTATION('',(#1294),#1298);
#1294 = LINE('',#1295,#1296);
#1295 = CARTESIAN_POINT('',(0.,0.));
#1296 = VECTOR('',#1297,1.);
#1297 = DIRECTION('',(1.,0.));
#1298 = ( GEOMETRIC_REPRESENTATION_CONTEXT(2) 
PARAMETRIC_REPRESENTATION_CONTEXT() REPRESENTATION_CONTEXT('2D SPACE',''
  ) );
#1299 = ORIENTED_EDGE('',*,*,#1300,.F.);
#1300 = EDGE_CURVE('',#1301,#1273,#1303,.T.);
#1301 = VERTEX_POINT('',#1302);
#1302 = CARTESIAN_POINT('',(330.2,35.849613391789,0.));
#1303 = SURFACE_CURVE('',#1304,(#1308,#1315),.PCURVE_S1.);
#1304 = LINE('',#1305,#1306);
#1305 = CARTESIAN_POINT('',(330.2,35.849613391789,0.));
#1306 = VECTOR('',#1307,1.);
#1307 = DIRECTION('',(1.110223024625E-16,-1.,0.));
#1308 = PCURVE('',#54,#1309);
#1309 = DEFINITIONAL_REPRESENTATION('',(#1310),#1314);
#1310 = LINE('',#1311,#1312);
#1311 = CARTESIAN_POINT('',(-7.999479844194,92.04665170367));
#1312 = VECTOR('',#1313,1.);
#1313 = DIRECTION('',(1.,0.));
#1314 = ( GEOMETRIC_REPRESENTATION_CONTEXT(2) 
PARAMETRIC_REPRESENTATION_CONTEXT() REPRESENTATION_CONTEXT('2D SPACE',''
  ) );
#1315 = PCURVE('',#1316,#1321);
#1316 = PLANE('',#1317);
#1317 = AXIS2_PLACEMENT_3D('',#1318,#1319,#1320);
#1318 = CARTESIAN_POINT('',(330.2,35.849613391789,0.));
#1319 = DIRECTION('',(1.,1.110223024625E-16,0.));
#1320 = DIRECTION('',(1.110223024625E-16,-1.,0.));
#1321 = DEFINITIONAL_REPRESENTATION('',(#1322),#1326);
#1322 = LINE('',#1323,#1324);
#1323 = CARTESIAN_POINT('',(0.,0.));
#1324 = VECTOR('',#1325,1.);
#1325 = DIRECTION('',(1.,0.));
#1326 = ( GEOMETRIC_REPRESENTATION_CONTEXT(2) 
PARAMETRIC_REPRESENTATION_CONTEXT() REPRESENTATION_CONTEXT('2D SPACE',''
  ) );
#1327 = ORIENTED_EDGE('',*,*,#1328,.F.);
#1328 = EDGE_CURVE('',#1329,#1301,#1331,.T.);
#1329 = VERTEX_POINT('',#1330);
#1330 = CARTESIAN_POINT('',(342.8,43.124226783579,0.));
#1331 = SURFACE_CURVE('',#1332,(#1336,#1343),.PCURVE_S1.);
#1332 = LINE('',#1333,#1334);
#1333 = CARTESIAN_POINT('',(342.8,43.124226783579,0.));
#1334 = VECTOR('',#1335,1.);
#1335 = DIRECTION('',(-0.866025403784,-0.5,0.));
#1336 = PCURVE('',#54,#1337);
#1337 = DEFINITIONAL_REPRESENTATION('',(#1338),#1342);
#1338 = LINE('',#1339,#1340);
#1339 = CARTESIAN_POINT('',(-15.27409323598,104.64665170367));
#1340 = VECTOR('',#1341,1.);
#1341 = DIRECTION('',(0.5,-0.866025403784));
#1342 = ( GEOMETRIC_REPRESENTATION_CONTEXT(2) 
PARAMETRIC_REPRESENTATION_CONTEXT() REPRESENTATION_CONTEXT('2D SPACE',''
  ) );
#1343 = PCURVE('',#1344,#1349);
#1344 = PLANE('',#1345);
#1345 = AXIS2_PLACEMENT_3D('',#1346,#1347,#1348);
#1346 = CARTESIAN_POINT('',(342.8,43.124226783579,0.));
#1347 = DIRECTION('',(0.5,-0.866025403784,0.));
#1348 = DIRECTION('',(-0.866025403784,-0.5,0.));
#1349 = DEFINITIONAL_REPRESENTATION('',(#1350),#1354);
#1350 = LINE('',#1351,#1352);
#1351 = CARTESIAN_POINT('',(0.,0.));
#1352 = VECTOR('',#1353,1.);
#1353 = DIRECTION('',(1.,0.));
#1354 = ( GEOMETRIC_REPRESENTATION_CONTEXT(2) 
PARAMETRIC_REPRESENTATION_CONTEXT() REPRESENTATION_CONTEXT('2D SPACE',''
  ) );
#1355 = ORIENTED_EDGE('',*,*,#1356,.F.);
#1356 = EDGE_CURVE('',#1357,#1329,#1359,.T.);
#1357 = VERTEX_POINT('',#1358);
#1358 = CARTESIAN_POINT('',(355.4,35.849613391789,0.));
#1359 = SURFACE_CURVE('',#1360,(#1364,#1371),.PCURVE_S1.);
#1360 = LINE('',#1361,#1362);
#1361 = CARTESIAN_POINT('',(355.4,35.849613391789,0.));
#1362 = VECTOR('',#1363,1.);
#1363 = DIRECTION('',(-0.866025403784,0.5,0.));
#1364 = PCURVE('',#54,#1365);
#1365 = DEFINITIONAL_REPRESENTATION('',(#1366),#1370);
#1366 = LINE('',#1367,#1368);
#1367 = CARTESIAN_POINT('',(-7.999479844194,117.24665170367));
#1368 = VECTOR('',#1369,1.);
#1369 = DIRECTION('',(-0.5,-0.866025403784));
#1370 = ( GEOMETRIC_REPRESENTATION_CONTEXT(2) 
PARAMETRIC_REPRESENTATION_CONTEXT() REPRESENTATION_CONTEXT('2D SPACE',''
  ) );
#1371 = PCURVE('',#1372,#1377);
#1372 = PLANE('',#1373);
#1373 = AXIS2_PLACEMENT_3D('',#1374,#1375,#1376);
#1374 = CARTESIAN_POINT('',(355.4,35.849613391789,0.));
#1375 = DIRECTION('',(-0.5,-0.866025403784,0.));
#1376 = DIRECTION('',(-0.866025403784,0.5,0.));
#1377 = DEFINITIONAL_REPRESENTATION('',(#1378),#1382);
#1378 = LINE('',#1379,#1380);
#1379 = CARTESIAN_POINT('',(0.,0.));
#1380 = VECTOR('',#1381,1.);
#1381 = DIRECTION('',(1.,-0.));
#1382 = ( GEOMETRIC_REPRESENTATION_CONTEXT(2) 
PARAMETRIC_REPRESENTATION_CONTEXT() REPRESENTATION_CONTEXT('2D SPACE',''
  ) );
#1383 = ORIENTED_EDGE('',*,*,#1384,.F.);
#1384 = EDGE_CURVE('',#1245,#1357,#1385,.T.);
#1385 = SURFACE_CURVE('',#1386,(#1390,#1397),.PCURVE_S1.);
#1386 = LINE('',#1387,#1388);
#1387 = CARTESIAN_POINT('',(355.4,21.300386608211,0.));
#1388 = VECTOR('',#1389,1.);
#1389 = DIRECTION('',(-1.110223024625E-16,1.,0.));
#1390 = PCURVE('',#54,#1391);
#1391 = DEFINITIONAL_REPRESENTATION('',(#1392),#1396);
#1392 = LINE('',#1393,#1394);
#1393 = CARTESIAN_POINT('',(6.549746939384,117.24665170367));
#1394 = VECTOR('',#1395,1.);
#1395 = DIRECTION('',(-1.,0.));
#1396 = ( GEOMETRIC_REPRESENTATION_CONTEXT(2) 
PARAMETRIC_REPRESENTATION_CONTEXT() REPRESENTATION_CONTEXT('2D SPACE',''
  ) );
#1397 = PCURVE('',#1398,#1403);
#1398 = PLANE('',#1399);
#1399 = AXIS2_PLACEMENT_3D('',#1400,#1401,#1402);
#1400 = CARTESIAN_POINT('',(355.4,21.300386608211,0.));
#1401 = DIRECTION('',(-1.,-1.110223024625E-16,0.));
#1402 = DIRECTION('',(-1.110223024625E-16,1.,0.));
#1403 = DEFINITIONAL_REPRESENTATION('',(#1404),#1408);
#1404 = LINE('',#1405,#1406);
#1405 = CARTESIAN_POINT('',(0.,0.));
#1406 = VECTOR('',#1407,1.);
#1407 = DIRECTION('',(1.,0.));
#1408 = ( GEOMETRIC_REPRESENTATION_CONTEXT(2) 
PARAMETRIC_REPRESENTATION_CONTEXT() REPRESENTATION_CONTEXT('2D SPACE',''
  ) );
#1409 = ADVANCED_FACE('',(#1410),#66,.T.);
#1410 = FACE_BOUND('',#1411,.T.);
#1411 = EDGE_LOOP('',(#1412,#1442,#1468,#1469));
#1412 = ORIENTED_EDGE('',*,*,#1413,.F.);
#1413 = EDGE_CURVE('',#1414,#1416,#1418,.T.);
#1414 = VERTEX_POINT('',#1415);
#1415 = CARTESIAN_POINT('',(249.72533987072,17.608690930834,12.7));
#1416 = VERTEX_POINT('',#1417);
#1417 = CARTESIAN_POINT('',(249.72533987072,2.84217094304E-14,12.7));
#1418 = SURFACE_CURVE('',#1419,(#1423,#1430),.PCURVE_S1.);
#1419 = LINE('',#1420,#1421);
#1420 = CARTESIAN_POINT('',(249.72533987072,26.344496573758,12.7));
#1421 = VECTOR('',#1422,1.);
#1422 = DIRECTION('',(0.,-1.,0.));
#1423 = PCURVE('',#66,#1424);
#1424 = DEFINITIONAL_REPRESENTATION('',(#1425),#1429);
#1425 = LINE('',#1426,#1427);
#1426 = CARTESIAN_POINT('',(-6.31807837954,-30.80550342624));
#1427 = VECTOR('',#1428,1.);
#1428 = DIRECTION('',(0.,1.));
#1429 = ( GEOMETRIC_REPRESENTATION_CONTEXT(2) 
PARAMETRIC_REPRESENTATION_CONTEXT() REPRESENTATION_CONTEXT('2D SPACE',''
  ) );
#1430 = PCURVE('',#1431,#1436);
#1431 = PLANE('',#1432);
#1432 = AXIS2_PLACEMENT_3D('',#1433,#1434,#1435);
#1433 = CARTESIAN_POINT('',(0.,57.15,12.7));
#1434 = DIRECTION('',(0.,0.,1.));
#1435 = DIRECTION('',(1.110223024625E-16,-1.,0.));
#1436 = DEFINITIONAL_REPRESENTATION('',(#1437),#1441);
#1437 = LINE('',#1438,#1439);
#1438 = CARTESIAN_POINT('',(30.805503426242,249.72533987072));
#1439 = VECTOR('',#1440,1.);
#1440 = DIRECTION('',(1.,-1.110223024625E-16));
#1441 = ( GEOMETRIC_REPRESENTATION_CONTEXT(2) 
PARAMETRIC_REPRESENTATION_CONTEXT() REPRESENTATION_CONTEXT('2D SPACE',''
  ) );
#1442 = ORIENTED_EDGE('',*,*,#1443,.F.);
#1443 = EDGE_CURVE('',#44,#1414,#1444,.T.);
#1444 = SURFACE_CURVE('',#1445,(#1449,#1456),.PCURVE_S1.);
#1445 = LINE('',#1446,#1447);
#1446 = CARTESIAN_POINT('',(249.72533987072,17.165619334358,
    1.20895408483E-02));
#1447 = VECTOR('',#1448,1.);
#1448 = DIRECTION('',(0.,3.48994967025E-02,0.999390827019));
#1449 = PCURVE('',#66,#1450);
#1450 = DEFINITIONAL_REPRESENTATION('',(#1451),#1455);
#1451 = LINE('',#1452,#1453);
#1452 = CARTESIAN_POINT('',(6.369832079611,-21.62662618684));
#1453 = VECTOR('',#1454,1.);
#1454 = DIRECTION('',(-0.999390827019,-3.48994967025E-02));
#1455 = ( GEOMETRIC_REPRESENTATION_CONTEXT(2) 
PARAMETRIC_REPRESENTATION_CONTEXT() REPRESENTATION_CONTEXT('2D SPACE',''
  ) );
#1456 = PCURVE('',#1457,#1462);
#1457 = CYLINDRICAL_SURFACE('',#1458,0.2);
#1458 = AXIS2_PLACEMENT_3D('',#1459,#1460,#1461);
#1459 = CARTESIAN_POINT('',(249.52533987072,17.165619334358,
    1.20895408483E-02));
#1460 = DIRECTION('',(0.,3.48994967025E-02,0.999390827019));
#1461 = DIRECTION('',(1.,0.,-0.));
#1462 = DEFINITIONAL_REPRESENTATION('',(#1463),#1467);
#1463 = LINE('',#1464,#1465);
#1464 = CARTESIAN_POINT('',(0.,0.));
#1465 = VECTOR('',#1466,1.);
#1466 = DIRECTION('',(0.,1.));
#1467 = ( GEOMETRIC_REPRESENTATION_CONTEXT(2) 
PARAMETRIC_REPRESENTATION_CONTEXT() REPRESENTATION_CONTEXT('2D SPACE',''
  ) );
#1468 = ORIENTED_EDGE('',*,*,#43,.T.);
#1469 = ORIENTED_EDGE('',*,*,#1470,.T.);
#1470 = EDGE_CURVE('',#46,#1416,#1471,.T.);
#1471 = SURFACE_CURVE('',#1472,(#1476,#1483),.PCURVE_S1.);
#1472 = LINE('',#1473,#1474);
#1473 = CARTESIAN_POINT('',(249.72533987072,2.48689957516E-14,
    3.19096081023));
#1474 = VECTOR('',#1475,1.);
#1475 = DIRECTION('',(0.,-0.,1.));
#1476 = PCURVE('',#66,#1477);
#1477 = DEFINITIONAL_REPRESENTATION('',(#1478),#1482);
#1478 = LINE('',#1479,#1480);
#1479 = CARTESIAN_POINT('',(3.19096081023,-4.461006852484));
#1480 = VECTOR('',#1481,1.);
#1481 = DIRECTION('',(-1.,0.));
#1482 = ( GEOMETRIC_REPRESENTATION_CONTEXT(2) 
PARAMETRIC_REPRESENTATION_CONTEXT() REPRESENTATION_CONTEXT('2D SPACE',''
  ) );
#1483 = PCURVE('',#94,#1484);
#1484 = DEFINITIONAL_REPRESENTATION('',(#1485),#1489);
#1485 = LINE('',#1486,#1487);
#1486 = CARTESIAN_POINT('',(248.71640997344,-3.19096081023));
#1487 = VECTOR('',#1488,1.);
#1488 = DIRECTION('',(0.,-1.));
#1489 = ( GEOMETRIC_REPRESENTATION_CONTEXT(2) 
PARAMETRIC_REPRESENTATION_CONTEXT() REPRESENTATION_CONTEXT('2D SPACE',''
  ) );
#1490 = ADVANCED_FACE('',(#1491),#512,.F.);
#1491 = FACE_BOUND('',#1492,.F.);
#1492 = EDGE_LOOP('',(#1493,#1494,#1526));
#1493 = ORIENTED_EDGE('',*,*,#444,.F.);
#1494 = ORIENTED_EDGE('',*,*,#1495,.T.);
#1495 = EDGE_CURVE('',#417,#1496,#1498,.T.);
#1496 = VERTEX_POINT('',#1497);
#1497 = CARTESIAN_POINT('',(249.42533986378,17.349300674087,
    0.309067155008));
#1498 = SURFACE_CURVE('',#1499,(#1507,#1514),.PCURVE_S1.);
#1499 = B_SPLINE_CURVE_WITH_KNOTS('',6,(#1500,#1501,#1502,#1503,#1504,
    #1505,#1506),.UNSPECIFIED.,.F.,.F.,(7,7),(0.,1.),
  .PIECEWISE_BEZIER_KNOTS.);
#1500 = CARTESIAN_POINT('',(249.27533985338,17.608950021438,
    -6.938893903907E-17));
#1501 = CARTESIAN_POINT('',(249.31538376952,17.539634181638,
    -6.938893903907E-17));
#1502 = CARTESIAN_POINT('',(249.35542391401,17.470324870544,
    2.562618700803E-02));
#1503 = CARTESIAN_POINT('',(249.39035471122,17.409859816756,
    7.692268342237E-02));
#1504 = CARTESIAN_POINT('',(249.41494721803,17.367290297422,
    0.148270833363));
#1505 = CARTESIAN_POINT('',(249.4265501451,17.347205682541,
    0.229052486999));
#1506 = CARTESIAN_POINT('',(249.42533986378,17.349300674087,
    0.309067155008));
#1507 = PCURVE('',#512,#1508);
#1508 = DEFINITIONAL_REPRESENTATION('',(#1509),#1513);
#1509 = LINE('',#1510,#1511);
#1510 = CARTESIAN_POINT('',(0.,0.));
#1511 = VECTOR('',#1512,1.);
#1512 = DIRECTION('',(1.,0.));
#1513 = ( GEOMETRIC_REPRESENTATION_CONTEXT(2) 
PARAMETRIC_REPRESENTATION_CONTEXT() REPRESENTATION_CONTEXT('2D SPACE',''
  ) );
#1514 = PCURVE('',#432,#1515);
#1515 = DEFINITIONAL_REPRESENTATION('',(#1516),#1525);
#1516 = B_SPLINE_CURVE_WITH_KNOTS('',7,(#1517,#1518,#1519,#1520,#1521,
    #1522,#1523,#1524),.UNSPECIFIED.,.F.,.F.,(8,8),(0.,1.),
  .PIECEWISE_BEZIER_KNOTS.);
#1517 = CARTESIAN_POINT('',(0.,14.210380647054));
#1518 = CARTESIAN_POINT('',(-0.228717825743,14.210380647054));
#1519 = CARTESIAN_POINT('',(-0.457414533703,14.210380647053));
#1520 = CARTESIAN_POINT('',(-0.686207209781,14.210380647055));
#1521 = CARTESIAN_POINT('',(-0.914817570417,14.210380647053));
#1522 = CARTESIAN_POINT('',(-1.143610246493,14.210380647054));
#1523 = CARTESIAN_POINT('',(-1.372306954456,14.210380647054));
#1524 = CARTESIAN_POINT('',(-1.601024780199,14.210380647054));
#1525 = ( GEOMETRIC_REPRESENTATION_CONTEXT(2) 
PARAMETRIC_REPRESENTATION_CONTEXT() REPRESENTATION_CONTEXT('2D SPACE',''
  ) );
#1526 = ORIENTED_EDGE('',*,*,#1527,.T.);
#1527 = EDGE_CURVE('',#1496,#44,#1528,.T.);
#1528 = SURFACE_CURVE('',#1529,(#1560,#1567),.PCURVE_S1.);
#1529 = B_SPLINE_CURVE_WITH_KNOTS('',8,(#1530,#1531,#1532,#1533,#1534,
    #1535,#1536,#1537,#1538,#1539,#1540,#1541,#1542,#1543,#1544,#1545,
    #1546,#1547,#1548,#1549,#1550,#1551,#1552,#1553,#1554,#1555,#1556,
    #1557,#1558,#1559),.UNSPECIFIED.,.F.,.F.,(9,7,7,7,9),(0.,0.125,0.25,
    0.5,1.),.UNSPECIFIED.);
#1530 = CARTESIAN_POINT('',(249.42533986378,17.349300674087,
    0.309067155008));
#1531 = CARTESIAN_POINT('',(249.43100798677,17.352399236477,
    0.304029322833));
#1532 = CARTESIAN_POINT('',(249.4367985007,17.355285940696,
    0.298998888909));
#1533 = CARTESIAN_POINT('',(249.44270215588,17.357955449685,
    0.29397603961));
#1534 = CARTESIAN_POINT('',(249.44870942301,17.360402910401,
    0.288960944407));
#1535 = CARTESIAN_POINT('',(249.45481052484,17.362623972112,
    0.283953755232));
#1536 = CARTESIAN_POINT('',(249.46099546952,17.364614801916,
    0.278954605932));
#1537 = CARTESIAN_POINT('',(249.46725408512,17.366372097296,
    0.273963611833));
#1538 = CARTESIAN_POINT('',(249.47989802474,17.369414093878,
    0.263998126989));
#1539 = CARTESIAN_POINT('',(249.48628338492,17.370698800567,
    0.259023636052));
#1540 = CARTESIAN_POINT('',(249.49272174662,17.371744441158,
    0.254057493486));
#1541 = CARTESIAN_POINT('',(249.49920264808,17.372548794601,
    0.249099776854));
#1542 = CARTESIAN_POINT('',(249.50571555465,17.37311019331,
    0.244150544388));
#1543 = CARTESIAN_POINT('',(249.51224985874,17.373427523138,
    0.239209834995));
#1544 = CARTESIAN_POINT('',(249.51879487989,17.373500223402,
    0.234277668254));
#1545 = CARTESIAN_POINT('',(249.53842983435,17.372984413793,
    0.219506796749));
#1546 = CARTESIAN_POINT('',(249.55151981459,17.37166205478,0.20969371856
    ));
#1547 = CARTESIAN_POINT('',(249.56452432862,17.369361065214,
    0.199914814904));
#1548 = CARTESIAN_POINT('',(249.57735795003,17.366090500638,
    0.190169769553));
#1549 = CARTESIAN_POINT('',(249.58993642989,17.361868314901,
    0.180457955545));
#1550 = CARTESIAN_POINT('',(249.60217782419,17.356721058289,
    0.170778445724));
#1551 = CARTESIAN_POINT('',(249.61400362088,17.35068357567,0.16113002328
    ));
#1552 = CARTESIAN_POINT('',(249.64801236,17.330028962577,0.132273530315)
  );
#1553 = CARTESIAN_POINT('',(249.66872659813,17.312869489291,
    0.113154240361));
#1554 = CARTESIAN_POINT('',(249.68689059949,17.292661859451,
    9.414139437899E-02));
#1555 = CARTESIAN_POINT('',(249.70198397365,17.269871541928,
    7.521873783862E-02));
#1556 = CARTESIAN_POINT('',(249.7135903422,17.245069227126,
    5.636634179133E-02));
#1557 = CARTESIAN_POINT('',(249.72142336068,17.218900634873,
    3.756165720394E-02));
#1558 = CARTESIAN_POINT('',(249.72533987072,17.192048896388,
    1.878082860871E-02));
#1559 = CARTESIAN_POINT('',(249.72533987072,17.165197158289,
    -1.869164545365E-16));
#1560 = PCURVE('',#512,#1561);
#1561 = DEFINITIONAL_REPRESENTATION('',(#1562),#1566);
#1562 = LINE('',#1563,#1564);
#1563 = CARTESIAN_POINT('',(1.,0.));
#1564 = VECTOR('',#1565,1.);
#1565 = DIRECTION('',(0.,1.));
#1566 = ( GEOMETRIC_REPRESENTATION_CONTEXT(2) 
PARAMETRIC_REPRESENTATION_CONTEXT() REPRESENTATION_CONTEXT('2D SPACE',''
  ) );
#1567 = PCURVE('',#1457,#1568);
#1568 = DEFINITIONAL_REPRESENTATION('',(#1569),#1572);
#1569 = B_SPLINE_CURVE_WITH_KNOTS('',1,(#1570,#1571),.UNSPECIFIED.,.F.,
  .F.,(2,2),(0.,1.),.PIECEWISE_BEZIER_KNOTS.);
#1570 = CARTESIAN_POINT('',(2.094395142425,0.303207089731));
#1571 = CARTESIAN_POINT('',(0.,-1.209690995899E-02));
#1572 = ( GEOMETRIC_REPRESENTATION_CONTEXT(2) 
PARAMETRIC_REPRESENTATION_CONTEXT() REPRESENTATION_CONTEXT('2D SPACE',''
  ) );
#1573 = ADVANCED_FACE('',(#1574),#94,.F.);
#1574 = FACE_BOUND('',#1575,.F.);
#1575 = EDGE_LOOP('',(#1576,#1577,#1578,#1601));
#1576 = ORIENTED_EDGE('',*,*,#78,.F.);
#1577 = ORIENTED_EDGE('',*,*,#1470,.T.);
#1578 = ORIENTED_EDGE('',*,*,#1579,.T.);
#1579 = EDGE_CURVE('',#1416,#1580,#1582,.T.);
#1580 = VERTEX_POINT('',#1581);
#1581 = CARTESIAN_POINT('',(486.75067974144,5.684341886081E-14,12.7));
#1582 = SURFACE_CURVE('',#1583,(#1587,#1594),.PCURVE_S1.);
#1583 = LINE('',#1584,#1585);
#1584 = CARTESIAN_POINT('',(0.50446494864,0.,12.7));
#1585 = VECTOR('',#1586,1.);
#1586 = DIRECTION('',(1.,1.110223024625E-16,0.));
#1587 = PCURVE('',#94,#1588);
#1588 = DEFINITIONAL_REPRESENTATION('',(#1589),#1593);
#1589 = LINE('',#1590,#1591);
#1590 = CARTESIAN_POINT('',(-0.50446494864,-12.7));
#1591 = VECTOR('',#1592,1.);
#1592 = DIRECTION('',(1.,0.));
#1593 = ( GEOMETRIC_REPRESENTATION_CONTEXT(2) 
PARAMETRIC_REPRESENTATION_CONTEXT() REPRESENTATION_CONTEXT('2D SPACE',''
  ) );
#1594 = PCURVE('',#1431,#1595);
#1595 = DEFINITIONAL_REPRESENTATION('',(#1596),#1600);
#1596 = LINE('',#1597,#1598);
#1597 = CARTESIAN_POINT('',(57.15,0.50446494864));
#1598 = VECTOR('',#1599,1.);
#1599 = DIRECTION('',(0.,1.));
#1600 = ( GEOMETRIC_REPRESENTATION_CONTEXT(2) 
PARAMETRIC_REPRESENTATION_CONTEXT() REPRESENTATION_CONTEXT('2D SPACE',''
  ) );
#1601 = ORIENTED_EDGE('',*,*,#1602,.F.);
#1602 = EDGE_CURVE('',#79,#1580,#1603,.T.);
#1603 = SURFACE_CURVE('',#1604,(#1608,#1615),.PCURVE_S1.);
#1604 = LINE('',#1605,#1606);
#1605 = CARTESIAN_POINT('',(486.75067974144,5.684341886081E-14,0.));
#1606 = VECTOR('',#1607,1.);
#1607 = DIRECTION('',(0.,0.,1.));
#1608 = PCURVE('',#94,#1609);
#1609 = DEFINITIONAL_REPRESENTATION('',(#1610),#1614);
#1610 = LINE('',#1611,#1612);
#1611 = CARTESIAN_POINT('',(485.74174984416,0.));
#1612 = VECTOR('',#1613,1.);
#1613 = DIRECTION('',(0.,-1.));
#1614 = ( GEOMETRIC_REPRESENTATION_CONTEXT(2) 
PARAMETRIC_REPRESENTATION_CONTEXT() REPRESENTATION_CONTEXT('2D SPACE',''
  ) );
#1615 = PCURVE('',#127,#1616);
#1616 = DEFINITIONAL_REPRESENTATION('',(#1617),#1621);
#1617 = LINE('',#1618,#1619);
#1618 = CARTESIAN_POINT('',(0.617455385322,0.));
#1619 = VECTOR('',#1620,1.);
#1620 = DIRECTION('',(0.,-1.));
#1621 = ( GEOMETRIC_REPRESENTATION_CONTEXT(2) 
PARAMETRIC_REPRESENTATION_CONTEXT() REPRESENTATION_CONTEXT('2D SPACE',''
  ) );
#1622 = ADVANCED_FACE('',(#1623),#432,.T.);
#1623 = FACE_BOUND('',#1624,.F.);
#1624 = EDGE_LOOP('',(#1625,#1626,#1666,#1692));
#1625 = ORIENTED_EDGE('',*,*,#416,.F.);
#1626 = ORIENTED_EDGE('',*,*,#1627,.T.);
#1627 = EDGE_CURVE('',#389,#1628,#1630,.T.);
#1628 = VERTEX_POINT('',#1629);
#1629 = CARTESIAN_POINT('',(237.57533988112,10.503529102625,
    0.309067155008));
#1630 = SURFACE_CURVE('',#1631,(#1636,#1643),.PCURVE_S1.);
#1631 = CIRCLE('',#1632,0.3);
#1632 = AXIS2_PLACEMENT_3D('',#1633,#1634,#1635);
#1633 = CARTESIAN_POINT('',(237.42533987072,10.763178449976,0.3));
#1634 = DIRECTION('',(-0.865893403497,-0.50022856154,-9.980559090408E-14
    ));
#1635 = DIRECTION('',(9.473903143468E-14,3.552713678801E-14,-1.));
#1636 = PCURVE('',#432,#1637);
#1637 = DEFINITIONAL_REPRESENTATION('',(#1638),#1642);
#1638 = LINE('',#1639,#1640);
#1639 = CARTESIAN_POINT('',(-0.,0.5250933648));
#1640 = VECTOR('',#1641,1.);
#1641 = DIRECTION('',(-1.,3.189848137542E-15));
#1642 = ( GEOMETRIC_REPRESENTATION_CONTEXT(2) 
PARAMETRIC_REPRESENTATION_CONTEXT() REPRESENTATION_CONTEXT('2D SPACE',''
  ) );
#1643 = PCURVE('',#1644,#1649);
#1644 = SPHERICAL_SURFACE('',#1645,0.3);
#1645 = AXIS2_PLACEMENT_3D('',#1646,#1647,#1648);
#1646 = CARTESIAN_POINT('',(237.42533987072,10.763178449976,0.3));
#1647 = DIRECTION('',(1.,-3.552713678801E-14,-1.295260195396E-15));
#1648 = DIRECTION('',(-1.295260195395E-15,3.552713678801E-14,-1.));
#1649 = DEFINITIONAL_REPRESENTATION('',(#1650),#1665);
#1650 = B_SPLINE_CURVE_WITH_KNOTS('',7,(#1651,#1652,#1653,#1654,#1655,
    #1656,#1657,#1658,#1659,#1660,#1661,#1662,#1663,#1664),
  .UNSPECIFIED.,.F.,.F.,(8,6,8),(0.,0.800512390099,1.601024780199),
  .UNSPECIFIED.);
#1651 = CARTESIAN_POINT('',(0.,9.473903143468E-14));
#1652 = CARTESIAN_POINT('',(-9.902262828637E-02,5.7205594485E-02));
#1653 = CARTESIAN_POINT('',(-0.198044205335,0.114412119873));
#1654 = CARTESIAN_POINT('',(-0.298129777713,0.170698098717));
#1655 = CARTESIAN_POINT('',(-0.400320470634,0.225159618948));
#1656 = CARTESIAN_POINT('',(-0.505645802086,0.276805628865));
#1657 = CARTESIAN_POINT('',(-0.614965417916,0.324538270019));
#1658 = CARTESIAN_POINT('',(-0.842315077807,0.409898226015));
#1659 = CARTESIAN_POINT('',(-0.960346145084,0.447526965725));
#1660 = CARTESIAN_POINT('',(-1.083079262316,0.478968240985));
#1661 = CARTESIAN_POINT('',(-1.21041167675,0.503083445722));
#1662 = CARTESIAN_POINT('',(-1.341289613183,0.518785572118));
#1663 = CARTESIAN_POINT('',(-1.473672734683,0.525595262086));
#1664 = CARTESIAN_POINT('',(-1.605702911835,0.52359881563));
#1665 = ( GEOMETRIC_REPRESENTATION_CONTEXT(2) 
PARAMETRIC_REPRESENTATION_CONTEXT() REPRESENTATION_CONTEXT('2D SPACE',''
  ) );
#1666 = ORIENTED_EDGE('',*,*,#1667,.T.);
#1667 = EDGE_CURVE('',#1628,#1496,#1668,.T.);
#1668 = SURFACE_CURVE('',#1669,(#1673,#1680),.PCURVE_S1.);
#1669 = LINE('',#1670,#1671);
#1670 = CARTESIAN_POINT('',(237.12066500032,10.240862404077,
    0.309067155008));
#1671 = VECTOR('',#1672,1.);
#1672 = DIRECTION('',(0.865893403497,0.50022856154,-0.));
#1673 = PCURVE('',#432,#1674);
#1674 = DEFINITIONAL_REPRESENTATION('',(#1675),#1679);
#1675 = LINE('',#1676,#1677);
#1676 = CARTESIAN_POINT('',(-1.601024780199,0.));
#1677 = VECTOR('',#1678,1.);
#1678 = DIRECTION('',(-0.,1.));
#1679 = ( GEOMETRIC_REPRESENTATION_CONTEXT(2) 
PARAMETRIC_REPRESENTATION_CONTEXT() REPRESENTATION_CONTEXT('2D SPACE',''
  ) );
#1680 = PCURVE('',#1681,#1686);
#1681 = PLANE('',#1682);
#1682 = AXIS2_PLACEMENT_3D('',#1683,#1684,#1685);
#1683 = CARTESIAN_POINT('',(243.42533987072,14.094041242513,6.35));
#1684 = DIRECTION('',(0.500000034668,-0.865497824504,3.022385002512E-02)
  );
#1685 = DIRECTION('',(-0.865893403497,-0.50022856154,-2.29895731367E-19)
  );
#1686 = DEFINITIONAL_REPRESENTATION('',(#1687),#1691);
#1687 = LINE('',#1688,#1689);
#1688 = CARTESIAN_POINT('',(7.38664648918,6.04369387577));
#1689 = VECTOR('',#1690,1.);
#1690 = DIRECTION('',(-1.,-4.271288059087E-19));
#1691 = ( GEOMETRIC_REPRESENTATION_CONTEXT(2) 
PARAMETRIC_REPRESENTATION_CONTEXT() REPRESENTATION_CONTEXT('2D SPACE',''
  ) );
#1692 = ORIENTED_EDGE('',*,*,#1495,.F.);
#1693 = ADVANCED_FACE('',(#1694),#127,.T.);
#1694 = FACE_BOUND('',#1695,.T.);
#1695 = EDGE_LOOP('',(#1696,#1697,#1720,#1801));
#1696 = ORIENTED_EDGE('',*,*,#106,.F.);
#1697 = ORIENTED_EDGE('',*,*,#1698,.T.);
#1698 = EDGE_CURVE('',#107,#1699,#1701,.T.);
#1699 = VERTEX_POINT('',#1700);
#1700 = CARTESIAN_POINT('',(457.2,57.15,12.7));
#1701 = SURFACE_CURVE('',#1702,(#1706,#1713),.PCURVE_S1.);
#1702 = LINE('',#1703,#1704);
#1703 = CARTESIAN_POINT('',(457.2,57.15,0.));
#1704 = VECTOR('',#1705,1.);
#1705 = DIRECTION('',(0.,0.,1.));
#1706 = PCURVE('',#127,#1707);
#1707 = DEFINITIONAL_REPRESENTATION('',(#1708),#1712);
#1708 = LINE('',#1709,#1710);
#1709 = CARTESIAN_POINT('',(0.317560429292,0.));
#1710 = VECTOR('',#1711,1.);
#1711 = DIRECTION('',(0.,-1.));
#1712 = ( GEOMETRIC_REPRESENTATION_CONTEXT(2) 
PARAMETRIC_REPRESENTATION_CONTEXT() REPRESENTATION_CONTEXT('2D SPACE',''
  ) );
#1713 = PCURVE('',#158,#1714);
#1714 = DEFINITIONAL_REPRESENTATION('',(#1715),#1719);
#1715 = LINE('',#1716,#1717);
#1716 = CARTESIAN_POINT('',(0.,0.));
#1717 = VECTOR('',#1718,1.);
#1718 = DIRECTION('',(0.,-1.));
#1719 = ( GEOMETRIC_REPRESENTATION_CONTEXT(2) 
PARAMETRIC_REPRESENTATION_CONTEXT() REPRESENTATION_CONTEXT('2D SPACE',''
  ) );
#1720 = ORIENTED_EDGE('',*,*,#1721,.F.);
#1721 = EDGE_CURVE('',#1580,#1699,#1722,.T.);
#1722 = SURFACE_CURVE('',#1723,(#1747,#1774),.PCURVE_S1.);
#1723 = B_SPLINE_CURVE_WITH_KNOTS('',8,(#1724,#1725,#1726,#1727,#1728,
    #1729,#1730,#1731,#1732,#1733,#1734,#1735,#1736,#1737,#1738,#1739,
    #1740,#1741,#1742,#1743,#1744,#1745,#1746),.UNSPECIFIED.,.F.,.F.,(9,
    7,7,9),(0.,0.48618282129,0.889301432317,1.),.UNSPECIFIED.);
#1724 = CARTESIAN_POINT('',(486.75067974144,5.684341886081E-14,12.7));
#1725 = CARTESIAN_POINT('',(485.39613831613,3.684645504086,12.7));
#1726 = CARTESIAN_POINT('',(483.99834961942,7.353178289896,12.7));
#1727 = CARTESIAN_POINT('',(482.55444885927,11.004133811314,12.7));
#1728 = CARTESIAN_POINT('',(481.06124281659,14.635564588547,12.7));
#1729 = CARTESIAN_POINT('',(479.51509682725,18.244990353135,12.7));
#1730 = CARTESIAN_POINT('',(477.91182336427,21.829350157482,12.7));
#1731 = CARTESIAN_POINT('',(476.2464505249,25.384902836226,12.7));
#1732 = CARTESIAN_POINT('',(473.07524943703,31.827388386669,12.7));
#1733 = CARTESIAN_POINT('',(471.59103449055,34.724240590624,12.7));
#1734 = CARTESIAN_POINT('',(470.05641104485,37.595303057058,12.7));
#1735 = CARTESIAN_POINT('',(468.4673200466,40.437330128098,12.7));
#1736 = CARTESIAN_POINT('',(466.81922907641,43.246042982572,12.7));
#1737 = CARTESIAN_POINT('',(465.10690594964,46.015992903409,12.7));
#1738 = CARTESIAN_POINT('',(463.32416350121,48.740410358536,12.7));
#1739 = CARTESIAN_POINT('',(460.95190234694,52.143961158114,12.7));
#1740 = CARTESIAN_POINT('',(460.43492001749,52.873122587004,12.7));
#1741 = CARTESIAN_POINT('',(459.9118855951,53.597984329961,12.7));
#1742 = CARTESIAN_POINT('',(459.38263620306,54.318341517861,12.7));
#1743 = CARTESIAN_POINT('',(458.84700300088,55.033971844109,12.7));
#1744 = CARTESIAN_POINT('',(458.30481010468,55.74463475393,12.7));
#1745 = CARTESIAN_POINT('',(457.75587350756,56.450070633652,12.7));
#1746 = CARTESIAN_POINT('',(457.19999999999,57.149999999999,12.7));
#1747 = PCURVE('',#127,#1748);
#1748 = DEFINITIONAL_REPRESENTATION('',(#1749),#1773);
#1749 = B_SPLINE_CURVE_WITH_KNOTS('',8,(#1750,#1751,#1752,#1753,#1754,
    #1755,#1756,#1757,#1758,#1759,#1760,#1761,#1762,#1763,#1764,#1765,
    #1766,#1767,#1768,#1769,#1770,#1771,#1772),.UNSPECIFIED.,.F.,.F.,(9,
    7,7,9),(0.,0.48618282129,0.889301432317,1.),.UNSPECIFIED.);
#1750 = CARTESIAN_POINT('',(0.617455385322,-12.7));
#1751 = CARTESIAN_POINT('',(0.602461243993,-12.7));
#1752 = CARTESIAN_POINT('',(0.587170822755,-12.7));
#1753 = CARTESIAN_POINT('',(0.571559895516,-12.7));
#1754 = CARTESIAN_POINT('',(0.555601642553,-12.7));
#1755 = CARTESIAN_POINT('',(0.539265596001,-12.7));
#1756 = CARTESIAN_POINT('',(0.522516600669,-12.7));
#1757 = CARTESIAN_POINT('',(0.505312701552,-12.7));
#1758 = CARTESIAN_POINT('',(0.472915099155,-12.7));
#1759 = CARTESIAN_POINT('',(0.457882784941,-12.7));
#1760 = CARTESIAN_POINT('',(0.442472168083,-12.7));
#1761 = CARTESIAN_POINT('',(0.426648676578,-12.7));
#1762 = CARTESIAN_POINT('',(0.410373852788,-12.7));
#1763 = CARTESIAN_POINT('',(0.393603199661,-12.7));
#1764 = CARTESIAN_POINT('',(0.376283761109,-12.7));
#1765 = CARTESIAN_POINT('',(0.3534203757,-12.7));
#1766 = CARTESIAN_POINT('',(0.348448186972,-12.7));
#1767 = CARTESIAN_POINT('',(0.343428214929,-12.7));
#1768 = CARTESIAN_POINT('',(0.338359055809,-12.7));
#1769 = CARTESIAN_POINT('',(0.333239253765,-12.7));
#1770 = CARTESIAN_POINT('',(0.328067290337,-12.7));
#1771 = CARTESIAN_POINT('',(0.322841573931,-12.7));
#1772 = CARTESIAN_POINT('',(0.317560429292,-12.7));
#1773 = ( GEOMETRIC_REPRESENTATION_CONTEXT(2) 
PARAMETRIC_REPRESENTATION_CONTEXT() REPRESENTATION_CONTEXT('2D SPACE',''
  ) );
#1774 = PCURVE('',#1431,#1775);
#1775 = DEFINITIONAL_REPRESENTATION('',(#1776),#1800);
#1776 = B_SPLINE_CURVE_WITH_KNOTS('',8,(#1777,#1778,#1779,#1780,#1781,
    #1782,#1783,#1784,#1785,#1786,#1787,#1788,#1789,#1790,#1791,#1792,
    #1793,#1794,#1795,#1796,#1797,#1798,#1799),.UNSPECIFIED.,.F.,.F.,(9,
    7,7,9),(0.,0.48618282129,0.889301432317,1.),.UNSPECIFIED.);
#1777 = CARTESIAN_POINT('',(57.15,486.75067974144));
#1778 = CARTESIAN_POINT('',(53.465354495914,485.39613831613));
#1779 = CARTESIAN_POINT('',(49.796821710104,483.99834961942));
#1780 = CARTESIAN_POINT('',(46.145866188686,482.55444885927));
#1781 = CARTESIAN_POINT('',(42.514435411453,481.06124281659));
#1782 = CARTESIAN_POINT('',(38.905009646865,479.51509682725));
#1783 = CARTESIAN_POINT('',(35.320649842518,477.91182336427));
#1784 = CARTESIAN_POINT('',(31.765097163774,476.2464505249));
#1785 = CARTESIAN_POINT('',(25.322611613331,473.07524943703));
#1786 = CARTESIAN_POINT('',(22.425759409376,471.59103449055));
#1787 = CARTESIAN_POINT('',(19.554696942942,470.05641104485));
#1788 = CARTESIAN_POINT('',(16.712669871902,468.4673200466));
#1789 = CARTESIAN_POINT('',(13.903957017428,466.81922907641));
#1790 = CARTESIAN_POINT('',(11.134007096591,465.10690594964));
#1791 = CARTESIAN_POINT('',(8.409589641464,463.32416350121));
#1792 = CARTESIAN_POINT('',(5.006038841886,460.95190234694));
#1793 = CARTESIAN_POINT('',(4.276877412996,460.43492001749));
#1794 = CARTESIAN_POINT('',(3.552015670039,459.9118855951));
#1795 = CARTESIAN_POINT('',(2.831658482139,459.38263620306));
#1796 = CARTESIAN_POINT('',(2.116028155891,458.84700300088));
#1797 = CARTESIAN_POINT('',(1.40536524607,458.30481010468));
#1798 = CARTESIAN_POINT('',(0.699929366348,457.75587350756));
#1799 = CARTESIAN_POINT('',(1.030286966852E-12,457.19999999999));
#1800 = ( GEOMETRIC_REPRESENTATION_CONTEXT(2) 
PARAMETRIC_REPRESENTATION_CONTEXT() REPRESENTATION_CONTEXT('2D SPACE',''
  ) );
#1801 = ORIENTED_EDGE('',*,*,#1602,.F.);
#1802 = ADVANCED_FACE('',(#1803),#404,.T.);
#1803 = FACE_BOUND('',#1804,.F.);
#1804 = EDGE_LOOP('',(#1805,#1806,#1844,#1872));
#1805 = ORIENTED_EDGE('',*,*,#388,.F.);
#1806 = ORIENTED_EDGE('',*,*,#1807,.T.);
#1807 = EDGE_CURVE('',#361,#1808,#1810,.T.);
#1808 = VERTEX_POINT('',#1809);
#1809 = CARTESIAN_POINT('',(237.12533987072,46.386821550024,0.3));
#1810 = SURFACE_CURVE('',#1811,(#1816,#1823),.PCURVE_S1.);
#1811 = CIRCLE('',#1812,0.3);
#1812 = AXIS2_PLACEMENT_3D('',#1813,#1814,#1815);
#1813 = CARTESIAN_POINT('',(237.42533987072,46.386821550024,0.3));
#1814 = DIRECTION('',(4.736951571734E-14,1.,4.487742038591E-27));
#1815 = DIRECTION('',(9.473903143468E-14,0.,-1.));
#1816 = PCURVE('',#404,#1817);
#1817 = DEFINITIONAL_REPRESENTATION('',(#1818),#1822);
#1818 = LINE('',#1819,#1820);
#1819 = CARTESIAN_POINT('',(-0.,0.53040822566));
#1820 = VECTOR('',#1821,1.);
#1821 = DIRECTION('',(-1.,-9.612343037312E-15));
#1822 = ( GEOMETRIC_REPRESENTATION_CONTEXT(2) 
PARAMETRIC_REPRESENTATION_CONTEXT() REPRESENTATION_CONTEXT('2D SPACE',''
  ) );
#1823 = PCURVE('',#1824,#1829);
#1824 = SPHERICAL_SURFACE('',#1825,0.3);
#1825 = AXIS2_PLACEMENT_3D('',#1826,#1827,#1828);
#1826 = CARTESIAN_POINT('',(237.42533987072,46.386821550024,0.3));
#1827 = DIRECTION('',(-0.500000034668,-0.865497824504,
    -3.022385002511E-02));
#1828 = DIRECTION('',(1.511883302233E-02,2.617063236498E-02,
    -0.999543155091));
#1829 = DEFINITIONAL_REPRESENTATION('',(#1830),#1843);
#1830 = B_SPLINE_CURVE_WITH_KNOTS('',6,(#1831,#1832,#1833,#1834,#1835,
    #1836,#1837,#1838,#1839,#1840,#1841,#1842),.UNSPECIFIED.,.F.,.F.,(7,
    5,7),(0.,0.785398163397,1.570796326795),.UNSPECIFIED.);
#1831 = CARTESIAN_POINT('',(-5.551115123126E-17,3.022845340365E-02));
#1832 = CARTESIAN_POINT('',(-0.113396986303,9.570821898906E-02));
#1833 = CARTESIAN_POINT('',(-0.227331774212,0.160723030123));
#1834 = CARTESIAN_POINT('',(-0.343562862073,0.223745830215));
#1835 = CARTESIAN_POINT('',(-0.463779771613,0.283258467553));
#1836 = CARTESIAN_POINT('',(-0.589602222769,0.337411893072));
#1837 = CARTESIAN_POINT('',(-0.853249396611,0.431219644385));
#1838 = CARTESIAN_POINT('',(-0.991078951478,0.470870165252));
#1839 = CARTESIAN_POINT('',(-1.135275482141,0.5014265388));
#1840 = CARTESIAN_POINT('',(-1.285185159983,0.520884680758));
#1841 = CARTESIAN_POINT('',(-1.437197064675,0.528167149066));
#1842 = CARTESIAN_POINT('',(-1.588254938722,0.52359881563));
#1843 = ( GEOMETRIC_REPRESENTATION_CONTEXT(2) 
PARAMETRIC_REPRESENTATION_CONTEXT() REPRESENTATION_CONTEXT('2D SPACE',''
  ) );
#1844 = ORIENTED_EDGE('',*,*,#1845,.T.);
#1845 = EDGE_CURVE('',#1808,#1846,#1848,.T.);
#1846 = VERTEX_POINT('',#1847);
#1847 = CARTESIAN_POINT('',(237.12533987072,10.763178449976,0.3));
#1848 = SURFACE_CURVE('',#1849,(#1853,#1860),.PCURVE_S1.);
#1849 = LINE('',#1850,#1851);
#1850 = CARTESIAN_POINT('',(237.12533987072,46.917229775684,0.3));
#1851 = VECTOR('',#1852,1.);
#1852 = DIRECTION('',(0.,-1.,0.));
#1853 = PCURVE('',#404,#1854);
#1854 = DEFINITIONAL_REPRESENTATION('',(#1855),#1859);
#1855 = LINE('',#1856,#1857);
#1856 = CARTESIAN_POINT('',(-1.570796326795,0.));
#1857 = VECTOR('',#1858,1.);
#1858 = DIRECTION('',(-0.,1.));
#1859 = ( GEOMETRIC_REPRESENTATION_CONTEXT(2) 
PARAMETRIC_REPRESENTATION_CONTEXT() REPRESENTATION_CONTEXT('2D SPACE',''
  ) );
#1860 = PCURVE('',#1861,#1866);
#1861 = PLANE('',#1862);
#1862 = AXIS2_PLACEMENT_3D('',#1863,#1864,#1865);
#1863 = CARTESIAN_POINT('',(237.12533987072,28.575,6.275946614058));
#1864 = DIRECTION('',(-1.,-0.,-0.));
#1865 = DIRECTION('',(0.,0.,-1.));
#1866 = DEFINITIONAL_REPRESENTATION('',(#1867),#1871);
#1867 = LINE('',#1868,#1869);
#1868 = CARTESIAN_POINT('',(5.975946614058,-18.34222977568));
#1869 = VECTOR('',#1870,1.);
#1870 = DIRECTION('',(0.,1.));
#1871 = ( GEOMETRIC_REPRESENTATION_CONTEXT(2) 
PARAMETRIC_REPRESENTATION_CONTEXT() REPRESENTATION_CONTEXT('2D SPACE',''
  ) );
#1872 = ORIENTED_EDGE('',*,*,#1873,.T.);
#1873 = EDGE_CURVE('',#1846,#389,#1874,.T.);
#1874 = SURFACE_CURVE('',#1875,(#1880,#1887),.PCURVE_S1.);
#1875 = CIRCLE('',#1876,0.3);
#1876 = AXIS2_PLACEMENT_3D('',#1877,#1878,#1879);
#1877 = CARTESIAN_POINT('',(237.42533987072,10.763178449976,0.3));
#1878 = DIRECTION('',(-3.552713678801E-14,-1.,-3.552713678801E-14));
#1879 = DIRECTION('',(-1.295260195395E-15,3.552713678801E-14,-1.));
#1880 = PCURVE('',#404,#1881);
#1881 = DEFINITIONAL_REPRESENTATION('',(#1882),#1886);
#1882 = LINE('',#1883,#1884);
#1883 = CARTESIAN_POINT('',(-6.28318530718,36.154051325707));
#1884 = VECTOR('',#1885,1.);
#1885 = DIRECTION('',(1.,-0.));
#1886 = ( GEOMETRIC_REPRESENTATION_CONTEXT(2) 
PARAMETRIC_REPRESENTATION_CONTEXT() REPRESENTATION_CONTEXT('2D SPACE',''
  ) );
#1887 = PCURVE('',#1644,#1888);
#1888 = DEFINITIONAL_REPRESENTATION('',(#1889),#1893);
#1889 = LINE('',#1890,#1891);
#1890 = CARTESIAN_POINT('',(-0.,-6.28318530718));
#1891 = VECTOR('',#1892,1.);
#1892 = DIRECTION('',(-0.,1.));
#1893 = ( GEOMETRIC_REPRESENTATION_CONTEXT(2) 
PARAMETRIC_REPRESENTATION_CONTEXT() REPRESENTATION_CONTEXT('2D SPACE',''
  ) );
#1894 = ADVANCED_FACE('',(#1895),#158,.F.);
#1895 = FACE_BOUND('',#1896,.F.);
#1896 = EDGE_LOOP('',(#1897,#1898,#1899,#1922));
#1897 = ORIENTED_EDGE('',*,*,#142,.F.);
#1898 = ORIENTED_EDGE('',*,*,#1698,.T.);
#1899 = ORIENTED_EDGE('',*,*,#1900,.F.);
#1900 = EDGE_CURVE('',#1901,#1699,#1903,.T.);
#1901 = VERTEX_POINT('',#1902);
#1902 = CARTESIAN_POINT('',(249.72533987072,57.15,12.7));
#1903 = SURFACE_CURVE('',#1904,(#1908,#1915),.PCURVE_S1.);
#1904 = LINE('',#1905,#1906);
#1905 = CARTESIAN_POINT('',(0.,57.15,12.7));
#1906 = VECTOR('',#1907,1.);
#1907 = DIRECTION('',(1.,1.110223024625E-16,0.));
#1908 = PCURVE('',#158,#1909);
#1909 = DEFINITIONAL_REPRESENTATION('',(#1910),#1914);
#1910 = LINE('',#1911,#1912);
#1911 = CARTESIAN_POINT('',(457.2,-12.7));
#1912 = VECTOR('',#1913,1.);
#1913 = DIRECTION('',(-1.,0.));
#1914 = ( GEOMETRIC_REPRESENTATION_CONTEXT(2) 
PARAMETRIC_REPRESENTATION_CONTEXT() REPRESENTATION_CONTEXT('2D SPACE',''
  ) );
#1915 = PCURVE('',#1431,#1916);
#1916 = DEFINITIONAL_REPRESENTATION('',(#1917),#1921);
#1917 = LINE('',#1918,#1919);
#1918 = CARTESIAN_POINT('',(0.,0.));
#1919 = VECTOR('',#1920,1.);
#1920 = DIRECTION('',(0.,1.));
#1921 = ( GEOMETRIC_REPRESENTATION_CONTEXT(2) 
PARAMETRIC_REPRESENTATION_CONTEXT() REPRESENTATION_CONTEXT('2D SPACE',''
  ) );
#1922 = ORIENTED_EDGE('',*,*,#1923,.T.);
#1923 = EDGE_CURVE('',#1901,#143,#1924,.T.);
#1924 = SURFACE_CURVE('',#1925,(#1929,#1936),.PCURVE_S1.);
#1925 = LINE('',#1926,#1927);
#1926 = CARTESIAN_POINT('',(249.72533987072,57.15,3.180946325469));
#1927 = VECTOR('',#1928,1.);
#1928 = DIRECTION('',(0.,0.,-1.));
#1929 = PCURVE('',#158,#1930);
#1930 = DEFINITIONAL_REPRESENTATION('',(#1931),#1935);
#1931 = LINE('',#1932,#1933);
#1932 = CARTESIAN_POINT('',(207.47466012928,-3.180946325469));
#1933 = VECTOR('',#1934,1.);
#1934 = DIRECTION('',(-0.,1.));
#1935 = ( GEOMETRIC_REPRESENTATION_CONTEXT(2) 
PARAMETRIC_REPRESENTATION_CONTEXT() REPRESENTATION_CONTEXT('2D SPACE',''
  ) );
#1936 = PCURVE('',#186,#1937);
#1937 = DEFINITIONAL_REPRESENTATION('',(#1938),#1942);
#1938 = LINE('',#1939,#1940);
#1939 = CARTESIAN_POINT('',(3.180946325469,54.225947622484));
#1940 = VECTOR('',#1941,1.);
#1941 = DIRECTION('',(1.,0.));
#1942 = ( GEOMETRIC_REPRESENTATION_CONTEXT(2) 
PARAMETRIC_REPRESENTATION_CONTEXT() REPRESENTATION_CONTEXT('2D SPACE',''
  ) );
#1943 = ADVANCED_FACE('',(#1944),#376,.T.);
#1944 = FACE_BOUND('',#1945,.F.);
#1945 = EDGE_LOOP('',(#1946,#1947,#1979,#2007));
#1946 = ORIENTED_EDGE('',*,*,#360,.F.);
#1947 = ORIENTED_EDGE('',*,*,#1948,.T.);
#1948 = EDGE_CURVE('',#199,#1949,#1951,.T.);
#1949 = VERTEX_POINT('',#1950);
#1950 = CARTESIAN_POINT('',(249.42533986378,39.800699325913,
    0.309067155008));
#1951 = SURFACE_CURVE('',#1952,(#1960,#1972),.PCURVE_S1.);
#1952 = B_SPLINE_CURVE_WITH_KNOTS('',6,(#1953,#1954,#1955,#1956,#1957,
    #1958,#1959),.UNSPECIFIED.,.F.,.F.,(7,7),(0.,1.),
  .PIECEWISE_BEZIER_KNOTS.);
#1953 = CARTESIAN_POINT('',(249.27533985338,39.541049978562,
    1.110223024625E-16));
#1954 = CARTESIAN_POINT('',(249.31538376952,39.610365818362,
    1.110223024625E-16));
#1955 = CARTESIAN_POINT('',(249.35542391401,39.679675129455,
    2.562618700802E-02));
#1956 = CARTESIAN_POINT('',(249.39035471122,39.740140183244,
    7.692268342235E-02));
#1957 = CARTESIAN_POINT('',(249.41494721803,39.782709702577,
    0.148270833363));
#1958 = CARTESIAN_POINT('',(249.4265501451,39.802794317459,
    0.229052486999));
#1959 = CARTESIAN_POINT('',(249.42533986378,39.800699325913,
    0.309067155008));
#1960 = PCURVE('',#376,#1961);
#1961 = DEFINITIONAL_REPRESENTATION('',(#1962),#1971);
#1962 = B_SPLINE_CURVE_WITH_KNOTS('',7,(#1963,#1964,#1965,#1966,#1967,
    #1968,#1969,#1970),.UNSPECIFIED.,.F.,.F.,(8,8),(0.,1.),
  .PIECEWISE_BEZIER_KNOTS.);
#1963 = CARTESIAN_POINT('',(0.,0.341064079413));
#1964 = CARTESIAN_POINT('',(-0.228717825742,0.341064079413));
#1965 = CARTESIAN_POINT('',(-0.457414533702,0.341064079413));
#1966 = CARTESIAN_POINT('',(-0.686207209781,0.341064079413));
#1967 = CARTESIAN_POINT('',(-0.914817570416,0.341064079413));
#1968 = CARTESIAN_POINT('',(-1.143610246494,0.341064079413));
#1969 = CARTESIAN_POINT('',(-1.372306954456,0.341064079413));
#1970 = CARTESIAN_POINT('',(-1.601024780199,0.341064079413));
#1971 = ( GEOMETRIC_REPRESENTATION_CONTEXT(2) 
PARAMETRIC_REPRESENTATION_CONTEXT() REPRESENTATION_CONTEXT('2D SPACE',''
  ) );
#1972 = PCURVE('',#240,#1973);
#1973 = DEFINITIONAL_REPRESENTATION('',(#1974),#1978);
#1974 = LINE('',#1975,#1976);
#1975 = CARTESIAN_POINT('',(0.,0.));
#1976 = VECTOR('',#1977,1.);
#1977 = DIRECTION('',(1.,0.));
#1978 = ( GEOMETRIC_REPRESENTATION_CONTEXT(2) 
PARAMETRIC_REPRESENTATION_CONTEXT() REPRESENTATION_CONTEXT('2D SPACE',''
  ) );
#1979 = ORIENTED_EDGE('',*,*,#1980,.T.);
#1980 = EDGE_CURVE('',#1949,#1981,#1983,.T.);
#1981 = VERTEX_POINT('',#1982);
#1982 = CARTESIAN_POINT('',(237.57533988112,46.646470897375,
    0.309067155008));
#1983 = SURFACE_CURVE('',#1984,(#1988,#1995),.PCURVE_S1.);
#1984 = LINE('',#1985,#1986);
#1985 = CARTESIAN_POINT('',(249.72066500032,39.630089332075,
    0.309067155008));
#1986 = VECTOR('',#1987,1.);
#1987 = DIRECTION('',(-0.865893403497,0.50022856154,0.));
#1988 = PCURVE('',#376,#1989);
#1989 = DEFINITIONAL_REPRESENTATION('',(#1990),#1994);
#1990 = LINE('',#1991,#1992);
#1991 = CARTESIAN_POINT('',(-1.601024780199,0.));
#1992 = VECTOR('',#1993,1.);
#1993 = DIRECTION('',(-0.,1.));
#1994 = ( GEOMETRIC_REPRESENTATION_CONTEXT(2) 
PARAMETRIC_REPRESENTATION_CONTEXT() REPRESENTATION_CONTEXT('2D SPACE',''
  ) );
#1995 = PCURVE('',#1996,#2001);
#1996 = PLANE('',#1997);
#1997 = AXIS2_PLACEMENT_3D('',#1998,#1999,#2000);
#1998 = CARTESIAN_POINT('',(243.42533987072,43.055958757487,6.35));
#1999 = DIRECTION('',(0.500000034668,0.865497824504,3.022385002512E-02)
  );
#2000 = DIRECTION('',(0.865893403497,-0.50022856154,-3.340273585205E-19)
  );
#2001 = DEFINITIONAL_REPRESENTATION('',(#2002),#2006);
#2002 = LINE('',#2003,#2004);
#2003 = CARTESIAN_POINT('',(7.164798237287,6.04369387577));
#2004 = VECTOR('',#2005,1.);
#2005 = DIRECTION('',(-1.,2.981508057477E-18));
#2006 = ( GEOMETRIC_REPRESENTATION_CONTEXT(2) 
PARAMETRIC_REPRESENTATION_CONTEXT() REPRESENTATION_CONTEXT('2D SPACE',''
  ) );
#2007 = ORIENTED_EDGE('',*,*,#2008,.T.);
#2008 = EDGE_CURVE('',#1981,#361,#2009,.T.);
#2009 = SURFACE_CURVE('',#2010,(#2015,#2022),.PCURVE_S1.);
#2010 = CIRCLE('',#2011,0.3);
#2011 = AXIS2_PLACEMENT_3D('',#2012,#2013,#2014);
#2012 = CARTESIAN_POINT('',(237.42533987072,46.386821550024,0.3));
#2013 = DIRECTION('',(-0.865893403497,0.50022856154,-8.203341202107E-14)
  );
#2014 = DIRECTION('',(1.511883302233E-02,2.617063236498E-02,
    -0.999543155091));
#2015 = PCURVE('',#376,#2016);
#2016 = DEFINITIONAL_REPRESENTATION('',(#2017),#2021);
#2017 = LINE('',#2018,#2019);
#2018 = CARTESIAN_POINT('',(-6.313413760583,14.026351361667));
#2019 = VECTOR('',#2020,1.);
#2020 = DIRECTION('',(1.,-0.));
#2021 = ( GEOMETRIC_REPRESENTATION_CONTEXT(2) 
PARAMETRIC_REPRESENTATION_CONTEXT() REPRESENTATION_CONTEXT('2D SPACE',''
  ) );
#2022 = PCURVE('',#1824,#2023);
#2023 = DEFINITIONAL_REPRESENTATION('',(#2024),#2028);
#2024 = LINE('',#2025,#2026);
#2025 = CARTESIAN_POINT('',(-0.,-6.28318530718));
#2026 = VECTOR('',#2027,1.);
#2027 = DIRECTION('',(-0.,1.));
#2028 = ( GEOMETRIC_REPRESENTATION_CONTEXT(2) 
PARAMETRIC_REPRESENTATION_CONTEXT() REPRESENTATION_CONTEXT('2D SPACE',''
  ) );
#2029 = ADVANCED_FACE('',(#2030),#186,.T.);
#2030 = FACE_BOUND('',#2031,.T.);
#2031 = EDGE_LOOP('',(#2032,#2033,#2061,#2082));
#2032 = ORIENTED_EDGE('',*,*,#170,.T.);
#2033 = ORIENTED_EDGE('',*,*,#2034,.T.);
#2034 = EDGE_CURVE('',#171,#2035,#2037,.T.);
#2035 = VERTEX_POINT('',#2036);
#2036 = CARTESIAN_POINT('',(249.72533987072,39.541309069166,12.7));
#2037 = SURFACE_CURVE('',#2038,(#2042,#2049),.PCURVE_S1.);
#2038 = LINE('',#2039,#2040);
#2039 = CARTESIAN_POINT('',(249.72533987072,39.984380665642,
    1.20895408483E-02));
#2040 = VECTOR('',#2041,1.);
#2041 = DIRECTION('',(0.,-3.48994967025E-02,0.999390827019));
#2042 = PCURVE('',#186,#2043);
#2043 = DEFINITIONAL_REPRESENTATION('',(#2044),#2048);
#2044 = LINE('',#2045,#2046);
#2045 = CARTESIAN_POINT('',(6.349803110089,71.391566956842));
#2046 = VECTOR('',#2047,1.);
#2047 = DIRECTION('',(-0.999390827019,3.48994967025E-02));
#2048 = ( GEOMETRIC_REPRESENTATION_CONTEXT(2) 
PARAMETRIC_REPRESENTATION_CONTEXT() REPRESENTATION_CONTEXT('2D SPACE',''
  ) );
#2049 = PCURVE('',#2050,#2055);
#2050 = CYLINDRICAL_SURFACE('',#2051,0.2);
#2051 = AXIS2_PLACEMENT_3D('',#2052,#2053,#2054);
#2052 = CARTESIAN_POINT('',(249.52533987072,39.984380665642,
    1.20895408483E-02));
#2053 = DIRECTION('',(0.,-3.48994967025E-02,0.999390827019));
#2054 = DIRECTION('',(-0.500000034668,-0.865497824504,
    -3.022385002512E-02));
#2055 = DEFINITIONAL_REPRESENTATION('',(#2056),#2060);
#2056 = LINE('',#2057,#2058);
#2057 = CARTESIAN_POINT('',(2.094395142425,0.));
#2058 = VECTOR('',#2059,1.);
#2059 = DIRECTION('',(0.,1.));
#2060 = ( GEOMETRIC_REPRESENTATION_CONTEXT(2) 
PARAMETRIC_REPRESENTATION_CONTEXT() REPRESENTATION_CONTEXT('2D SPACE',''
  ) );
#2061 = ORIENTED_EDGE('',*,*,#2062,.F.);
#2062 = EDGE_CURVE('',#1901,#2035,#2063,.T.);
#2063 = SURFACE_CURVE('',#2064,(#2068,#2075),.PCURVE_S1.);
#2064 = LINE('',#2065,#2066);
#2065 = CARTESIAN_POINT('',(249.72533987072,84.262973811242,12.7));
#2066 = VECTOR('',#2067,1.);
#2067 = DIRECTION('',(0.,-1.,0.));
#2068 = PCURVE('',#186,#2069);
#2069 = DEFINITIONAL_REPRESENTATION('',(#2070),#2074);
#2070 = LINE('',#2071,#2072);
#2071 = CARTESIAN_POINT('',(-6.338107349063,27.112973811242));
#2072 = VECTOR('',#2073,1.);
#2073 = DIRECTION('',(0.,1.));
#2074 = ( GEOMETRIC_REPRESENTATION_CONTEXT(2) 
PARAMETRIC_REPRESENTATION_CONTEXT() REPRESENTATION_CONTEXT('2D SPACE',''
  ) );
#2075 = PCURVE('',#1431,#2076);
#2076 = DEFINITIONAL_REPRESENTATION('',(#2077),#2081);
#2077 = LINE('',#2078,#2079);
#2078 = CARTESIAN_POINT('',(-27.11297381124,249.72533987072));
#2079 = VECTOR('',#2080,1.);
#2080 = DIRECTION('',(1.,-1.110223024625E-16));
#2081 = ( GEOMETRIC_REPRESENTATION_CONTEXT(2) 
PARAMETRIC_REPRESENTATION_CONTEXT() REPRESENTATION_CONTEXT('2D SPACE',''
  ) );
#2082 = ORIENTED_EDGE('',*,*,#1923,.T.);
#2083 = ADVANCED_FACE('',(#2084),#240,.T.);
#2084 = FACE_BOUND('',#2085,.T.);
#2085 = EDGE_LOOP('',(#2086,#2087,#2088));
#2086 = ORIENTED_EDGE('',*,*,#198,.F.);
#2087 = ORIENTED_EDGE('',*,*,#1948,.T.);
#2088 = ORIENTED_EDGE('',*,*,#2089,.T.);
#2089 = EDGE_CURVE('',#1949,#171,#2090,.T.);
#2090 = SURFACE_CURVE('',#2091,(#2108,#2115),.PCURVE_S1.);
#2091 = B_SPLINE_CURVE_WITH_KNOTS('',8,(#2092,#2093,#2094,#2095,#2096,
    #2097,#2098,#2099,#2100,#2101,#2102,#2103,#2104,#2105,#2106,#2107),
  .UNSPECIFIED.,.F.,.F.,(9,7,9),(0.,0.5,1.),.UNSPECIFIED.);
#2092 = CARTESIAN_POINT('',(249.42533986378,39.800699325913,
    0.309067155008));
#2093 = CARTESIAN_POINT('',(249.44801235574,39.788305076353,
    0.28891582631));
#2094 = CARTESIAN_POINT('',(249.4726431032,39.779300557515,
    0.268882869618));
#2095 = CARTESIAN_POINT('',(249.4986401224,39.774027341355,
    0.248980212887));
#2096 = CARTESIAN_POINT('',(249.5253398646,39.772703090243,
    0.229215457054));
#2097 = CARTESIAN_POINT('',(249.5520396069,39.775402833615,
    0.209591222204));
#2098 = CARTESIAN_POINT('',(249.57803662647,39.782051542077,
    0.190104888255));
#2099 = CARTESIAN_POINT('',(249.6026673745,39.792431553299,
    0.170748854269));
#2100 = CARTESIAN_POINT('',(249.64801236,39.819971037422,0.132273530315)
  );
#2101 = CARTESIAN_POINT('',(249.66872904146,39.837128885865,
    0.11315418362));
#2102 = CARTESIAN_POINT('',(249.68689026666,39.857338676668,
    9.414141310075E-02));
#2103 = CARTESIAN_POINT('',(249.70198108538,39.880130124601,
    7.521879603505E-02));
#2104 = CARTESIAN_POINT('',(249.71358971121,39.904930792884,
    5.636634249007E-02));
#2105 = CARTESIAN_POINT('',(249.72142599036,39.931098062851,
    3.75616117275E-02));
#2106 = CARTESIAN_POINT('',(249.72533987072,39.957951103611,
    1.878082860872E-02));
#2107 = CARTESIAN_POINT('',(249.72533987072,39.984802841711,
    1.778091562876E-16));
#2108 = PCURVE('',#240,#2109);
#2109 = DEFINITIONAL_REPRESENTATION('',(#2110),#2114);
#2110 = LINE('',#2111,#2112);
#2111 = CARTESIAN_POINT('',(1.,0.));
#2112 = VECTOR('',#2113,1.);
#2113 = DIRECTION('',(0.,1.));
#2114 = ( GEOMETRIC_REPRESENTATION_CONTEXT(2) 
PARAMETRIC_REPRESENTATION_CONTEXT() REPRESENTATION_CONTEXT('2D SPACE',''
  ) );
#2115 = PCURVE('',#2050,#2116);
#2116 = DEFINITIONAL_REPRESENTATION('',(#2117),#2120);
#2117 = B_SPLINE_CURVE_WITH_KNOTS('',1,(#2118,#2119),.UNSPECIFIED.,.F.,
  .F.,(2,2),(0.,1.),.PIECEWISE_BEZIER_KNOTS.);
#2118 = CARTESIAN_POINT('',(4.212186155428E-13,0.303207089731));
#2119 = CARTESIAN_POINT('',(2.094395142425,-1.2096909959E-02));
#2120 = ( GEOMETRIC_REPRESENTATION_CONTEXT(2) 
PARAMETRIC_REPRESENTATION_CONTEXT() REPRESENTATION_CONTEXT('2D SPACE',''
  ) );
#2121 = ADVANCED_FACE('',(#2122),#750,.T.);
#2122 = FACE_BOUND('',#2123,.T.);
#2123 = EDGE_LOOP('',(#2124,#2125,#2148,#2171));
#2124 = ORIENTED_EDGE('',*,*,#732,.F.);
#2125 = ORIENTED_EDGE('',*,*,#2126,.T.);
#2126 = EDGE_CURVE('',#733,#2127,#2129,.T.);
#2127 = VERTEX_POINT('',#2128);
#2128 = CARTESIAN_POINT('',(378.,14.025773216421,12.7));
#2129 = SURFACE_CURVE('',#2130,(#2134,#2141),.PCURVE_S1.);
#2130 = LINE('',#2131,#2132);
#2131 = CARTESIAN_POINT('',(378.,14.025773216421,0.));
#2132 = VECTOR('',#2133,1.);
#2133 = DIRECTION('',(0.,0.,1.));
#2134 = PCURVE('',#750,#2135);
#2135 = DEFINITIONAL_REPRESENTATION('',(#2136),#2140);
#2136 = LINE('',#2137,#2138);
#2137 = CARTESIAN_POINT('',(0.,0.));
#2138 = VECTOR('',#2139,1.);
#2139 = DIRECTION('',(0.,-1.));
#2140 = ( GEOMETRIC_REPRESENTATION_CONTEXT(2) 
PARAMETRIC_REPRESENTATION_CONTEXT() REPRESENTATION_CONTEXT('2D SPACE',''
  ) );
#2141 = PCURVE('',#778,#2142);
#2142 = DEFINITIONAL_REPRESENTATION('',(#2143),#2147);
#2143 = LINE('',#2144,#2145);
#2144 = CARTESIAN_POINT('',(14.549226783579,0.));
#2145 = VECTOR('',#2146,1.);
#2146 = DIRECTION('',(0.,-1.));
#2147 = ( GEOMETRIC_REPRESENTATION_CONTEXT(2) 
PARAMETRIC_REPRESENTATION_CONTEXT() REPRESENTATION_CONTEXT('2D SPACE',''
  ) );
#2148 = ORIENTED_EDGE('',*,*,#2149,.T.);
#2149 = EDGE_CURVE('',#2127,#2150,#2152,.T.);
#2150 = VERTEX_POINT('',#2151);
#2151 = CARTESIAN_POINT('',(390.6,21.300386608211,12.7));
#2152 = SURFACE_CURVE('',#2153,(#2157,#2164),.PCURVE_S1.);
#2153 = LINE('',#2154,#2155);
#2154 = CARTESIAN_POINT('',(245.58666897832,-62.42309909327,12.7));
#2155 = VECTOR('',#2156,1.);
#2156 = DIRECTION('',(0.866025403784,0.5,0.));
#2157 = PCURVE('',#750,#2158);
#2158 = DEFINITIONAL_REPRESENTATION('',(#2159),#2163);
#2159 = LINE('',#2160,#2161);
#2160 = CARTESIAN_POINT('',(-152.8977446193,-12.7));
#2161 = VECTOR('',#2162,1.);
#2162 = DIRECTION('',(1.,0.));
#2163 = ( GEOMETRIC_REPRESENTATION_CONTEXT(2) 
PARAMETRIC_REPRESENTATION_CONTEXT() REPRESENTATION_CONTEXT('2D SPACE',''
  ) );
#2164 = PCURVE('',#1431,#2165);
#2165 = DEFINITIONAL_REPRESENTATION('',(#2166),#2170);
#2166 = LINE('',#2167,#2168);
#2167 = CARTESIAN_POINT('',(119.57309909327,245.58666897832));
#2168 = VECTOR('',#2169,1.);
#2169 = DIRECTION('',(-0.5,0.866025403784));
#2170 = ( GEOMETRIC_REPRESENTATION_CONTEXT(2) 
PARAMETRIC_REPRESENTATION_CONTEXT() REPRESENTATION_CONTEXT('2D SPACE',''
  ) );
#2171 = ORIENTED_EDGE('',*,*,#2172,.F.);
#2172 = EDGE_CURVE('',#735,#2150,#2173,.T.);
#2173 = SURFACE_CURVE('',#2174,(#2178,#2185),.PCURVE_S1.);
#2174 = LINE('',#2175,#2176);
#2175 = CARTESIAN_POINT('',(390.6,21.300386608211,0.));
#2176 = VECTOR('',#2177,1.);
#2177 = DIRECTION('',(0.,0.,1.));
#2178 = PCURVE('',#750,#2179);
#2179 = DEFINITIONAL_REPRESENTATION('',(#2180),#2184);
#2180 = LINE('',#2181,#2182);
#2181 = CARTESIAN_POINT('',(14.549226783579,0.));
#2182 = VECTOR('',#2183,1.);
#2183 = DIRECTION('',(0.,-1.));
#2184 = ( GEOMETRIC_REPRESENTATION_CONTEXT(2) 
PARAMETRIC_REPRESENTATION_CONTEXT() REPRESENTATION_CONTEXT('2D SPACE',''
  ) );
#2185 = PCURVE('',#888,#2186);
#2186 = DEFINITIONAL_REPRESENTATION('',(#2187),#2191);
#2187 = LINE('',#2188,#2189);
#2188 = CARTESIAN_POINT('',(0.,0.));
#2189 = VECTOR('',#2190,1.);
#2190 = DIRECTION('',(0.,-1.));
#2191 = ( GEOMETRIC_REPRESENTATION_CONTEXT(2) 
PARAMETRIC_REPRESENTATION_CONTEXT() REPRESENTATION_CONTEXT('2D SPACE',''
  ) );
#2192 = ADVANCED_FACE('',(#2193),#778,.T.);
#2193 = FACE_BOUND('',#2194,.T.);
#2194 = EDGE_LOOP('',(#2195,#2196,#2219,#2240));
#2195 = ORIENTED_EDGE('',*,*,#762,.F.);
#2196 = ORIENTED_EDGE('',*,*,#2197,.T.);
#2197 = EDGE_CURVE('',#763,#2198,#2200,.T.);
#2198 = VERTEX_POINT('',#2199);
#2199 = CARTESIAN_POINT('',(365.4,21.300386608211,12.7));
#2200 = SURFACE_CURVE('',#2201,(#2205,#2212),.PCURVE_S1.);
#2201 = LINE('',#2202,#2203);
#2202 = CARTESIAN_POINT('',(365.4,21.300386608211,0.));
#2203 = VECTOR('',#2204,1.);
#2204 = DIRECTION('',(0.,0.,1.));
#2205 = PCURVE('',#778,#2206);
#2206 = DEFINITIONAL_REPRESENTATION('',(#2207),#2211);
#2207 = LINE('',#2208,#2209);
#2208 = CARTESIAN_POINT('',(0.,0.));
#2209 = VECTOR('',#2210,1.);
#2210 = DIRECTION('',(0.,-1.));
#2211 = ( GEOMETRIC_REPRESENTATION_CONTEXT(2) 
PARAMETRIC_REPRESENTATION_CONTEXT() REPRESENTATION_CONTEXT('2D SPACE',''
  ) );
#2212 = PCURVE('',#806,#2213);
#2213 = DEFINITIONAL_REPRESENTATION('',(#2214),#2218);
#2214 = LINE('',#2215,#2216);
#2215 = CARTESIAN_POINT('',(14.549226783578,0.));
#2216 = VECTOR('',#2217,1.);
#2217 = DIRECTION('',(0.,-1.));
#2218 = ( GEOMETRIC_REPRESENTATION_CONTEXT(2) 
PARAMETRIC_REPRESENTATION_CONTEXT() REPRESENTATION_CONTEXT('2D SPACE',''
  ) );
#2219 = ORIENTED_EDGE('',*,*,#2220,.T.);
#2220 = EDGE_CURVE('',#2198,#2127,#2221,.T.);
#2221 = SURFACE_CURVE('',#2222,(#2226,#2233),.PCURVE_S1.);
#2222 = LINE('',#2223,#2224);
#2223 = CARTESIAN_POINT('',(220.61333102174,104.89300891791,12.7));
#2224 = VECTOR('',#2225,1.);
#2225 = DIRECTION('',(0.866025403784,-0.5,0.));
#2226 = PCURVE('',#778,#2227);
#2227 = DEFINITIONAL_REPRESENTATION('',(#2228),#2232);
#2228 = LINE('',#2229,#2230);
#2229 = CARTESIAN_POINT('',(-167.1852446193,-12.7));
#2230 = VECTOR('',#2231,1.);
#2231 = DIRECTION('',(1.,0.));
#2232 = ( GEOMETRIC_REPRESENTATION_CONTEXT(2) 
PARAMETRIC_REPRESENTATION_CONTEXT() REPRESENTATION_CONTEXT('2D SPACE',''
  ) );
#2233 = PCURVE('',#1431,#2234);
#2234 = DEFINITIONAL_REPRESENTATION('',(#2235),#2239);
#2235 = LINE('',#2236,#2237);
#2236 = CARTESIAN_POINT('',(-47.74300891791,220.61333102174));
#2237 = VECTOR('',#2238,1.);
#2238 = DIRECTION('',(0.5,0.866025403784));
#2239 = ( GEOMETRIC_REPRESENTATION_CONTEXT(2) 
PARAMETRIC_REPRESENTATION_CONTEXT() REPRESENTATION_CONTEXT('2D SPACE',''
  ) );
#2240 = ORIENTED_EDGE('',*,*,#2126,.F.);
#2241 = ADVANCED_FACE('',(#2242),#888,.T.);
#2242 = FACE_BOUND('',#2243,.T.);
#2243 = EDGE_LOOP('',(#2244,#2245,#2246,#2269));
#2244 = ORIENTED_EDGE('',*,*,#874,.F.);
#2245 = ORIENTED_EDGE('',*,*,#2172,.T.);
#2246 = ORIENTED_EDGE('',*,*,#2247,.T.);
#2247 = EDGE_CURVE('',#2150,#2248,#2250,.T.);
#2248 = VERTEX_POINT('',#2249);
#2249 = CARTESIAN_POINT('',(390.6,35.849613391789,12.7));
#2250 = SURFACE_CURVE('',#2251,(#2255,#2262),.PCURVE_S1.);
#2251 = LINE('',#2252,#2253);
#2252 = CARTESIAN_POINT('',(390.6,39.225193304105,12.7));
#2253 = VECTOR('',#2254,1.);
#2254 = DIRECTION('',(-1.110223024625E-16,1.,0.));
#2255 = PCURVE('',#888,#2256);
#2256 = DEFINITIONAL_REPRESENTATION('',(#2257),#2261);
#2257 = LINE('',#2258,#2259);
#2258 = CARTESIAN_POINT('',(17.924806695894,-12.7));
#2259 = VECTOR('',#2260,1.);
#2260 = DIRECTION('',(1.,0.));
#2261 = ( GEOMETRIC_REPRESENTATION_CONTEXT(2) 
PARAMETRIC_REPRESENTATION_CONTEXT() REPRESENTATION_CONTEXT('2D SPACE',''
  ) );
#2262 = PCURVE('',#1431,#2263);
#2263 = DEFINITIONAL_REPRESENTATION('',(#2264),#2268);
#2264 = LINE('',#2265,#2266);
#2265 = CARTESIAN_POINT('',(17.924806695895,390.6));
#2266 = VECTOR('',#2267,1.);
#2267 = DIRECTION('',(-1.,0.));
#2268 = ( GEOMETRIC_REPRESENTATION_CONTEXT(2) 
PARAMETRIC_REPRESENTATION_CONTEXT() REPRESENTATION_CONTEXT('2D SPACE',''
  ) );
#2269 = ORIENTED_EDGE('',*,*,#2270,.F.);
#2270 = EDGE_CURVE('',#847,#2248,#2271,.T.);
#2271 = SURFACE_CURVE('',#2272,(#2276,#2283),.PCURVE_S1.);
#2272 = LINE('',#2273,#2274);
#2273 = CARTESIAN_POINT('',(390.6,35.849613391789,0.));
#2274 = VECTOR('',#2275,1.);
#2275 = DIRECTION('',(0.,0.,1.));
#2276 = PCURVE('',#888,#2277);
#2277 = DEFINITIONAL_REPRESENTATION('',(#2278),#2282);
#2278 = LINE('',#2279,#2280);
#2279 = CARTESIAN_POINT('',(14.549226783578,0.));
#2280 = VECTOR('',#2281,1.);
#2281 = DIRECTION('',(0.,-1.));
#2282 = ( GEOMETRIC_REPRESENTATION_CONTEXT(2) 
PARAMETRIC_REPRESENTATION_CONTEXT() REPRESENTATION_CONTEXT('2D SPACE',''
  ) );
#2283 = PCURVE('',#862,#2284);
#2284 = DEFINITIONAL_REPRESENTATION('',(#2285),#2289);
#2285 = LINE('',#2286,#2287);
#2286 = CARTESIAN_POINT('',(0.,0.));
#2287 = VECTOR('',#2288,1.);
#2288 = DIRECTION('',(0.,-1.));
#2289 = ( GEOMETRIC_REPRESENTATION_CONTEXT(2) 
PARAMETRIC_REPRESENTATION_CONTEXT() REPRESENTATION_CONTEXT('2D SPACE',''
  ) );
#2290 = ADVANCED_FACE('',(#2291),#806,.T.);
#2291 = FACE_BOUND('',#2292,.T.);
#2292 = EDGE_LOOP('',(#2293,#2294,#2317,#2338));
#2293 = ORIENTED_EDGE('',*,*,#790,.F.);
#2294 = ORIENTED_EDGE('',*,*,#2295,.T.);
#2295 = EDGE_CURVE('',#791,#2296,#2298,.T.);
#2296 = VERTEX_POINT('',#2297);
#2297 = CARTESIAN_POINT('',(365.4,35.849613391789,12.7));
#2298 = SURFACE_CURVE('',#2299,(#2303,#2310),.PCURVE_S1.);
#2299 = LINE('',#2300,#2301);
#2300 = CARTESIAN_POINT('',(365.4,35.849613391789,0.));
#2301 = VECTOR('',#2302,1.);
#2302 = DIRECTION('',(0.,0.,1.));
#2303 = PCURVE('',#806,#2304);
#2304 = DEFINITIONAL_REPRESENTATION('',(#2305),#2309);
#2305 = LINE('',#2306,#2307);
#2306 = CARTESIAN_POINT('',(0.,0.));
#2307 = VECTOR('',#2308,1.);
#2308 = DIRECTION('',(0.,-1.));
#2309 = ( GEOMETRIC_REPRESENTATION_CONTEXT(2) 
PARAMETRIC_REPRESENTATION_CONTEXT() REPRESENTATION_CONTEXT('2D SPACE',''
  ) );
#2310 = PCURVE('',#834,#2311);
#2311 = DEFINITIONAL_REPRESENTATION('',(#2312),#2316);
#2312 = LINE('',#2313,#2314);
#2313 = CARTESIAN_POINT('',(14.549226783579,0.));
#2314 = VECTOR('',#2315,1.);
#2315 = DIRECTION('',(0.,-1.));
#2316 = ( GEOMETRIC_REPRESENTATION_CONTEXT(2) 
PARAMETRIC_REPRESENTATION_CONTEXT() REPRESENTATION_CONTEXT('2D SPACE',''
  ) );
#2317 = ORIENTED_EDGE('',*,*,#2318,.T.);
#2318 = EDGE_CURVE('',#2296,#2198,#2319,.T.);
#2319 = SURFACE_CURVE('',#2320,(#2324,#2331),.PCURVE_S1.);
#2320 = LINE('',#2321,#2322);
#2321 = CARTESIAN_POINT('',(365.4,46.499806695894,12.7));
#2322 = VECTOR('',#2323,1.);
#2323 = DIRECTION('',(1.110223024625E-16,-1.,0.));
#2324 = PCURVE('',#806,#2325);
#2325 = DEFINITIONAL_REPRESENTATION('',(#2326),#2330);
#2326 = LINE('',#2327,#2328);
#2327 = CARTESIAN_POINT('',(-10.6501933041,-12.7));
#2328 = VECTOR('',#2329,1.);
#2329 = DIRECTION('',(1.,0.));
#2330 = ( GEOMETRIC_REPRESENTATION_CONTEXT(2) 
PARAMETRIC_REPRESENTATION_CONTEXT() REPRESENTATION_CONTEXT('2D SPACE',''
  ) );
#2331 = PCURVE('',#1431,#2332);
#2332 = DEFINITIONAL_REPRESENTATION('',(#2333),#2337);
#2333 = LINE('',#2334,#2335);
#2334 = CARTESIAN_POINT('',(10.650193304106,365.4));
#2335 = VECTOR('',#2336,1.);
#2336 = DIRECTION('',(1.,0.));
#2337 = ( GEOMETRIC_REPRESENTATION_CONTEXT(2) 
PARAMETRIC_REPRESENTATION_CONTEXT() REPRESENTATION_CONTEXT('2D SPACE',''
  ) );
#2338 = ORIENTED_EDGE('',*,*,#2197,.F.);
#2339 = ADVANCED_FACE('',(#2340),#862,.T.);
#2340 = FACE_BOUND('',#2341,.T.);
#2341 = EDGE_LOOP('',(#2342,#2343,#2344,#2367));
#2342 = ORIENTED_EDGE('',*,*,#846,.F.);
#2343 = ORIENTED_EDGE('',*,*,#2270,.T.);
#2344 = ORIENTED_EDGE('',*,*,#2345,.T.);
#2345 = EDGE_CURVE('',#2248,#2346,#2348,.T.);
#2346 = VERTEX_POINT('',#2347);
#2347 = CARTESIAN_POINT('',(378.,43.124226783579,12.7));
#2348 = SURFACE_CURVE('',#2349,(#2353,#2360),.PCURVE_S1.);
#2349 = LINE('',#2350,#2351);
#2350 = CARTESIAN_POINT('',(239.51333102175,123.07954239738,12.7));
#2351 = VECTOR('',#2352,1.);
#2352 = DIRECTION('',(-0.866025403784,0.5,0.));
#2353 = PCURVE('',#862,#2354);
#2354 = DEFINITIONAL_REPRESENTATION('',(#2355),#2359);
#2355 = LINE('',#2356,#2357);
#2356 = CARTESIAN_POINT('',(174.45985801113,-12.7));
#2357 = VECTOR('',#2358,1.);
#2358 = DIRECTION('',(1.,-0.));
#2359 = ( GEOMETRIC_REPRESENTATION_CONTEXT(2) 
PARAMETRIC_REPRESENTATION_CONTEXT() REPRESENTATION_CONTEXT('2D SPACE',''
  ) );
#2360 = PCURVE('',#1431,#2361);
#2361 = DEFINITIONAL_REPRESENTATION('',(#2362),#2366);
#2362 = LINE('',#2363,#2364);
#2363 = CARTESIAN_POINT('',(-65.92954239738,239.51333102175));
#2364 = VECTOR('',#2365,1.);
#2365 = DIRECTION('',(-0.5,-0.866025403784));
#2366 = ( GEOMETRIC_REPRESENTATION_CONTEXT(2) 
PARAMETRIC_REPRESENTATION_CONTEXT() REPRESENTATION_CONTEXT('2D SPACE',''
  ) );
#2367 = ORIENTED_EDGE('',*,*,#2368,.F.);
#2368 = EDGE_CURVE('',#819,#2346,#2369,.T.);
#2369 = SURFACE_CURVE('',#2370,(#2374,#2381),.PCURVE_S1.);
#2370 = LINE('',#2371,#2372);
#2371 = CARTESIAN_POINT('',(378.,43.124226783579,0.));
#2372 = VECTOR('',#2373,1.);
#2373 = DIRECTION('',(0.,0.,1.));
#2374 = PCURVE('',#862,#2375);
#2375 = DEFINITIONAL_REPRESENTATION('',(#2376),#2380);
#2376 = LINE('',#2377,#2378);
#2377 = CARTESIAN_POINT('',(14.549226783579,-0.));
#2378 = VECTOR('',#2379,1.);
#2379 = DIRECTION('',(0.,-1.));
#2380 = ( GEOMETRIC_REPRESENTATION_CONTEXT(2) 
PARAMETRIC_REPRESENTATION_CONTEXT() REPRESENTATION_CONTEXT('2D SPACE',''
  ) );
#2381 = PCURVE('',#834,#2382);
#2382 = DEFINITIONAL_REPRESENTATION('',(#2383),#2387);
#2383 = LINE('',#2384,#2385);
#2384 = CARTESIAN_POINT('',(0.,0.));
#2385 = VECTOR('',#2386,1.);
#2386 = DIRECTION('',(0.,-1.));
#2387 = ( GEOMETRIC_REPRESENTATION_CONTEXT(2) 
PARAMETRIC_REPRESENTATION_CONTEXT() REPRESENTATION_CONTEXT('2D SPACE',''
  ) );
#2388 = ADVANCED_FACE('',(#2389),#834,.T.);
#2389 = FACE_BOUND('',#2390,.T.);
#2390 = EDGE_LOOP('',(#2391,#2392,#2393,#2414));
#2391 = ORIENTED_EDGE('',*,*,#818,.F.);
#2392 = ORIENTED_EDGE('',*,*,#2368,.T.);
#2393 = ORIENTED_EDGE('',*,*,#2394,.T.);
#2394 = EDGE_CURVE('',#2346,#2296,#2395,.T.);
#2395 = SURFACE_CURVE('',#2396,(#2400,#2407),.PCURVE_S1.);
#2396 = LINE('',#2397,#2398);
#2397 = CARTESIAN_POINT('',(239.28666897832,-36.96195222201,12.7));
#2398 = VECTOR('',#2399,1.);
#2399 = DIRECTION('',(-0.866025403784,-0.5,0.));
#2400 = PCURVE('',#834,#2401);
#2401 = DEFINITIONAL_REPRESENTATION('',(#2402),#2406);
#2402 = LINE('',#2403,#2404);
#2403 = CARTESIAN_POINT('',(160.17235801113,-12.7));
#2404 = VECTOR('',#2405,1.);
#2405 = DIRECTION('',(1.,0.));
#2406 = ( GEOMETRIC_REPRESENTATION_CONTEXT(2) 
PARAMETRIC_REPRESENTATION_CONTEXT() REPRESENTATION_CONTEXT('2D SPACE',''
  ) );
#2407 = PCURVE('',#1431,#2408);
#2408 = DEFINITIONAL_REPRESENTATION('',(#2409),#2413);
#2409 = LINE('',#2410,#2411);
#2410 = CARTESIAN_POINT('',(94.111952222017,239.28666897832));
#2411 = VECTOR('',#2412,1.);
#2412 = DIRECTION('',(0.5,-0.866025403784));
#2413 = ( GEOMETRIC_REPRESENTATION_CONTEXT(2) 
PARAMETRIC_REPRESENTATION_CONTEXT() REPRESENTATION_CONTEXT('2D SPACE',''
  ) );
#2414 = ORIENTED_EDGE('',*,*,#2295,.F.);
#2415 = ADVANCED_FACE('',(#2416),#920,.T.);
#2416 = FACE_BOUND('',#2417,.T.);
#2417 = EDGE_LOOP('',(#2418,#2419,#2442,#2465));
#2418 = ORIENTED_EDGE('',*,*,#902,.F.);
#2419 = ORIENTED_EDGE('',*,*,#2420,.T.);
#2420 = EDGE_CURVE('',#903,#2421,#2423,.T.);
#2421 = VERTEX_POINT('',#2422);
#2422 = CARTESIAN_POINT('',(413.2,14.025773216421,12.7));
#2423 = SURFACE_CURVE('',#2424,(#2428,#2435),.PCURVE_S1.);
#2424 = LINE('',#2425,#2426);
#2425 = CARTESIAN_POINT('',(413.2,14.025773216421,0.));
#2426 = VECTOR('',#2427,1.);
#2427 = DIRECTION('',(0.,0.,1.));
#2428 = PCURVE('',#920,#2429);
#2429 = DEFINITIONAL_REPRESENTATION('',(#2430),#2434);
#2430 = LINE('',#2431,#2432);
#2431 = CARTESIAN_POINT('',(0.,0.));
#2432 = VECTOR('',#2433,1.);
#2433 = DIRECTION('',(0.,-1.));
#2434 = ( GEOMETRIC_REPRESENTATION_CONTEXT(2) 
PARAMETRIC_REPRESENTATION_CONTEXT() REPRESENTATION_CONTEXT('2D SPACE',''
  ) );
#2435 = PCURVE('',#948,#2436);
#2436 = DEFINITIONAL_REPRESENTATION('',(#2437),#2441);
#2437 = LINE('',#2438,#2439);
#2438 = CARTESIAN_POINT('',(14.549226783579,0.));
#2439 = VECTOR('',#2440,1.);
#2440 = DIRECTION('',(0.,-1.));
#2441 = ( GEOMETRIC_REPRESENTATION_CONTEXT(2) 
PARAMETRIC_REPRESENTATION_CONTEXT() REPRESENTATION_CONTEXT('2D SPACE',''
  ) );
#2442 = ORIENTED_EDGE('',*,*,#2443,.T.);
#2443 = EDGE_CURVE('',#2421,#2444,#2446,.T.);
#2444 = VERTEX_POINT('',#2445);
#2445 = CARTESIAN_POINT('',(425.8,21.300386608211,12.7));
#2446 = SURFACE_CURVE('',#2447,(#2451,#2458),.PCURVE_S1.);
#2447 = LINE('',#2448,#2449);
#2448 = CARTESIAN_POINT('',(267.58666897832,-70.04412264658,12.7));
#2449 = VECTOR('',#2450,1.);
#2450 = DIRECTION('',(0.866025403784,0.5,0.));
#2451 = PCURVE('',#920,#2452);
#2452 = DEFINITIONAL_REPRESENTATION('',(#2453),#2457);
#2453 = LINE('',#2454,#2455);
#2454 = CARTESIAN_POINT('',(-168.1397917259,-12.7));
#2455 = VECTOR('',#2456,1.);
#2456 = DIRECTION('',(1.,0.));
#2457 = ( GEOMETRIC_REPRESENTATION_CONTEXT(2) 
PARAMETRIC_REPRESENTATION_CONTEXT() REPRESENTATION_CONTEXT('2D SPACE',''
  ) );
#2458 = PCURVE('',#1431,#2459);
#2459 = DEFINITIONAL_REPRESENTATION('',(#2460),#2464);
#2460 = LINE('',#2461,#2462);
#2461 = CARTESIAN_POINT('',(127.19412264658,267.58666897832));
#2462 = VECTOR('',#2463,1.);
#2463 = DIRECTION('',(-0.5,0.866025403784));
#2464 = ( GEOMETRIC_REPRESENTATION_CONTEXT(2) 
PARAMETRIC_REPRESENTATION_CONTEXT() REPRESENTATION_CONTEXT('2D SPACE',''
  ) );
#2465 = ORIENTED_EDGE('',*,*,#2466,.F.);
#2466 = EDGE_CURVE('',#905,#2444,#2467,.T.);
#2467 = SURFACE_CURVE('',#2468,(#2472,#2479),.PCURVE_S1.);
#2468 = LINE('',#2469,#2470);
#2469 = CARTESIAN_POINT('',(425.8,21.300386608211,0.));
#2470 = VECTOR('',#2471,1.);
#2471 = DIRECTION('',(0.,0.,1.));
#2472 = PCURVE('',#920,#2473);
#2473 = DEFINITIONAL_REPRESENTATION('',(#2474),#2478);
#2474 = LINE('',#2475,#2476);
#2475 = CARTESIAN_POINT('',(14.549226783579,0.));
#2476 = VECTOR('',#2477,1.);
#2477 = DIRECTION('',(0.,-1.));
#2478 = ( GEOMETRIC_REPRESENTATION_CONTEXT(2) 
PARAMETRIC_REPRESENTATION_CONTEXT() REPRESENTATION_CONTEXT('2D SPACE',''
  ) );
#2479 = PCURVE('',#1058,#2480);
#2480 = DEFINITIONAL_REPRESENTATION('',(#2481),#2485);
#2481 = LINE('',#2482,#2483);
#2482 = CARTESIAN_POINT('',(0.,0.));
#2483 = VECTOR('',#2484,1.);
#2484 = DIRECTION('',(0.,-1.));
#2485 = ( GEOMETRIC_REPRESENTATION_CONTEXT(2) 
PARAMETRIC_REPRESENTATION_CONTEXT() REPRESENTATION_CONTEXT('2D SPACE',''
  ) );
#2486 = ADVANCED_FACE('',(#2487),#948,.T.);
#2487 = FACE_BOUND('',#2488,.T.);
#2488 = EDGE_LOOP('',(#2489,#2490,#2513,#2534));
#2489 = ORIENTED_EDGE('',*,*,#932,.F.);
#2490 = ORIENTED_EDGE('',*,*,#2491,.T.);
#2491 = EDGE_CURVE('',#933,#2492,#2494,.T.);
#2492 = VERTEX_POINT('',#2493);
#2493 = CARTESIAN_POINT('',(400.6,21.300386608211,12.7));
#2494 = SURFACE_CURVE('',#2495,(#2499,#2506),.PCURVE_S1.);
#2495 = LINE('',#2496,#2497);
#2496 = CARTESIAN_POINT('',(400.6,21.300386608211,0.));
#2497 = VECTOR('',#2498,1.);
#2498 = DIRECTION('',(0.,0.,1.));
#2499 = PCURVE('',#948,#2500);
#2500 = DEFINITIONAL_REPRESENTATION('',(#2501),#2505);
#2501 = LINE('',#2502,#2503);
#2502 = CARTESIAN_POINT('',(0.,0.));
#2503 = VECTOR('',#2504,1.);
#2504 = DIRECTION('',(0.,-1.));
#2505 = ( GEOMETRIC_REPRESENTATION_CONTEXT(2) 
PARAMETRIC_REPRESENTATION_CONTEXT() REPRESENTATION_CONTEXT('2D SPACE',''
  ) );
#2506 = PCURVE('',#976,#2507);
#2507 = DEFINITIONAL_REPRESENTATION('',(#2508),#2512);
#2508 = LINE('',#2509,#2510);
#2509 = CARTESIAN_POINT('',(14.549226783578,0.));
#2510 = VECTOR('',#2511,1.);
#2511 = DIRECTION('',(0.,-1.));
#2512 = ( GEOMETRIC_REPRESENTATION_CONTEXT(2) 
PARAMETRIC_REPRESENTATION_CONTEXT() REPRESENTATION_CONTEXT('2D SPACE',''
  ) );
#2513 = ORIENTED_EDGE('',*,*,#2514,.T.);
#2514 = EDGE_CURVE('',#2492,#2421,#2515,.T.);
#2515 = SURFACE_CURVE('',#2516,(#2520,#2527),.PCURVE_S1.);
#2516 = LINE('',#2517,#2518);
#2517 = CARTESIAN_POINT('',(242.61333102175,112.51403247122,12.7));
#2518 = VECTOR('',#2519,1.);
#2519 = DIRECTION('',(0.866025403784,-0.5,0.));
#2520 = PCURVE('',#948,#2521);
#2521 = DEFINITIONAL_REPRESENTATION('',(#2522),#2526);
#2522 = LINE('',#2523,#2524);
#2523 = CARTESIAN_POINT('',(-182.4272917259,-12.7));
#2524 = VECTOR('',#2525,1.);
#2525 = DIRECTION('',(1.,0.));
#2526 = ( GEOMETRIC_REPRESENTATION_CONTEXT(2) 
PARAMETRIC_REPRESENTATION_CONTEXT() REPRESENTATION_CONTEXT('2D SPACE',''
  ) );
#2527 = PCURVE('',#1431,#2528);
#2528 = DEFINITIONAL_REPRESENTATION('',(#2529),#2533);
#2529 = LINE('',#2530,#2531);
#2530 = CARTESIAN_POINT('',(-55.36403247122,242.61333102175));
#2531 = VECTOR('',#2532,1.);
#2532 = DIRECTION('',(0.5,0.866025403784));
#2533 = ( GEOMETRIC_REPRESENTATION_CONTEXT(2) 
PARAMETRIC_REPRESENTATION_CONTEXT() REPRESENTATION_CONTEXT('2D SPACE',''
  ) );
#2534 = ORIENTED_EDGE('',*,*,#2420,.F.);
#2535 = ADVANCED_FACE('',(#2536),#1058,.T.);
#2536 = FACE_BOUND('',#2537,.T.);
#2537 = EDGE_LOOP('',(#2538,#2539,#2540,#2563));
#2538 = ORIENTED_EDGE('',*,*,#1044,.F.);
#2539 = ORIENTED_EDGE('',*,*,#2466,.T.);
#2540 = ORIENTED_EDGE('',*,*,#2541,.T.);
#2541 = EDGE_CURVE('',#2444,#2542,#2544,.T.);
#2542 = VERTEX_POINT('',#2543);
#2543 = CARTESIAN_POINT('',(425.8,35.849613391789,12.7));
#2544 = SURFACE_CURVE('',#2545,(#2549,#2556),.PCURVE_S1.);
#2545 = LINE('',#2546,#2547);
#2546 = CARTESIAN_POINT('',(425.8,39.225193304105,12.7));
#2547 = VECTOR('',#2548,1.);
#2548 = DIRECTION('',(-1.110223024625E-16,1.,0.));
#2549 = PCURVE('',#1058,#2550);
#2550 = DEFINITIONAL_REPRESENTATION('',(#2551),#2555);
#2551 = LINE('',#2552,#2553);
#2552 = CARTESIAN_POINT('',(17.924806695894,-12.7));
#2553 = VECTOR('',#2554,1.);
#2554 = DIRECTION('',(1.,0.));
#2555 = ( GEOMETRIC_REPRESENTATION_CONTEXT(2) 
PARAMETRIC_REPRESENTATION_CONTEXT() REPRESENTATION_CONTEXT('2D SPACE',''
  ) );
#2556 = PCURVE('',#1431,#2557);
#2557 = DEFINITIONAL_REPRESENTATION('',(#2558),#2562);
#2558 = LINE('',#2559,#2560);
#2559 = CARTESIAN_POINT('',(17.924806695895,425.8));
#2560 = VECTOR('',#2561,1.);
#2561 = DIRECTION('',(-1.,0.));
#2562 = ( GEOMETRIC_REPRESENTATION_CONTEXT(2) 
PARAMETRIC_REPRESENTATION_CONTEXT() REPRESENTATION_CONTEXT('2D SPACE',''
  ) );
#2563 = ORIENTED_EDGE('',*,*,#2564,.F.);
#2564 = EDGE_CURVE('',#1017,#2542,#2565,.T.);
#2565 = SURFACE_CURVE('',#2566,(#2570,#2577),.PCURVE_S1.);
#2566 = LINE('',#2567,#2568);
#2567 = CARTESIAN_POINT('',(425.8,35.849613391789,0.));
#2568 = VECTOR('',#2569,1.);
#2569 = DIRECTION('',(0.,0.,1.));
#2570 = PCURVE('',#1058,#2571);
#2571 = DEFINITIONAL_REPRESENTATION('',(#2572),#2576);
#2572 = LINE('',#2573,#2574);
#2573 = CARTESIAN_POINT('',(14.549226783578,0.));
#2574 = VECTOR('',#2575,1.);
#2575 = DIRECTION('',(0.,-1.));
#2576 = ( GEOMETRIC_REPRESENTATION_CONTEXT(2) 
PARAMETRIC_REPRESENTATION_CONTEXT() REPRESENTATION_CONTEXT('2D SPACE',''
  ) );
#2577 = PCURVE('',#1032,#2578);
#2578 = DEFINITIONAL_REPRESENTATION('',(#2579),#2583);
#2579 = LINE('',#2580,#2581);
#2580 = CARTESIAN_POINT('',(0.,0.));
#2581 = VECTOR('',#2582,1.);
#2582 = DIRECTION('',(0.,-1.));
#2583 = ( GEOMETRIC_REPRESENTATION_CONTEXT(2) 
PARAMETRIC_REPRESENTATION_CONTEXT() REPRESENTATION_CONTEXT('2D SPACE',''
  ) );
#2584 = ADVANCED_FACE('',(#2585),#976,.T.);
#2585 = FACE_BOUND('',#2586,.T.);
#2586 = EDGE_LOOP('',(#2587,#2588,#2611,#2632));
#2587 = ORIENTED_EDGE('',*,*,#960,.F.);
#2588 = ORIENTED_EDGE('',*,*,#2589,.T.);
#2589 = EDGE_CURVE('',#961,#2590,#2592,.T.);
#2590 = VERTEX_POINT('',#2591);
#2591 = CARTESIAN_POINT('',(400.6,35.849613391789,12.7));
#2592 = SURFACE_CURVE('',#2593,(#2597,#2604),.PCURVE_S1.);
#2593 = LINE('',#2594,#2595);
#2594 = CARTESIAN_POINT('',(400.6,35.849613391789,0.));
#2595 = VECTOR('',#2596,1.);
#2596 = DIRECTION('',(0.,0.,1.));
#2597 = PCURVE('',#976,#2598);
#2598 = DEFINITIONAL_REPRESENTATION('',(#2599),#2603);
#2599 = LINE('',#2600,#2601);
#2600 = CARTESIAN_POINT('',(0.,0.));
#2601 = VECTOR('',#2602,1.);
#2602 = DIRECTION('',(0.,-1.));
#2603 = ( GEOMETRIC_REPRESENTATION_CONTEXT(2) 
PARAMETRIC_REPRESENTATION_CONTEXT() REPRESENTATION_CONTEXT('2D SPACE',''
  ) );
#2604 = PCURVE('',#1004,#2605);
#2605 = DEFINITIONAL_REPRESENTATION('',(#2606),#2610);
#2606 = LINE('',#2607,#2608);
#2607 = CARTESIAN_POINT('',(14.549226783579,0.));
#2608 = VECTOR('',#2609,1.);
#2609 = DIRECTION('',(0.,-1.));
#2610 = ( GEOMETRIC_REPRESENTATION_CONTEXT(2) 
PARAMETRIC_REPRESENTATION_CONTEXT() REPRESENTATION_CONTEXT('2D SPACE',''
  ) );
#2611 = ORIENTED_EDGE('',*,*,#2612,.T.);
#2612 = EDGE_CURVE('',#2590,#2492,#2613,.T.);
#2613 = SURFACE_CURVE('',#2614,(#2618,#2625),.PCURVE_S1.);
#2614 = LINE('',#2615,#2616);
#2615 = CARTESIAN_POINT('',(400.6,46.499806695894,12.7));
#2616 = VECTOR('',#2617,1.);
#2617 = DIRECTION('',(1.110223024625E-16,-1.,0.));
#2618 = PCURVE('',#976,#2619);
#2619 = DEFINITIONAL_REPRESENTATION('',(#2620),#2624);
#2620 = LINE('',#2621,#2622);
#2621 = CARTESIAN_POINT('',(-10.6501933041,-12.7));
#2622 = VECTOR('',#2623,1.);
#2623 = DIRECTION('',(1.,0.));
#2624 = ( GEOMETRIC_REPRESENTATION_CONTEXT(2) 
PARAMETRIC_REPRESENTATION_CONTEXT() REPRESENTATION_CONTEXT('2D SPACE',''
  ) );
#2625 = PCURVE('',#1431,#2626);
#2626 = DEFINITIONAL_REPRESENTATION('',(#2627),#2631);
#2627 = LINE('',#2628,#2629);
#2628 = CARTESIAN_POINT('',(10.650193304106,400.6));
#2629 = VECTOR('',#2630,1.);
#2630 = DIRECTION('',(1.,0.));
#2631 = ( GEOMETRIC_REPRESENTATION_CONTEXT(2) 
PARAMETRIC_REPRESENTATION_CONTEXT() REPRESENTATION_CONTEXT('2D SPACE',''
  ) );
#2632 = ORIENTED_EDGE('',*,*,#2491,.F.);
#2633 = ADVANCED_FACE('',(#2634),#1032,.T.);
#2634 = FACE_BOUND('',#2635,.T.);
#2635 = EDGE_LOOP('',(#2636,#2637,#2638,#2661));
#2636 = ORIENTED_EDGE('',*,*,#1016,.F.);
#2637 = ORIENTED_EDGE('',*,*,#2564,.T.);
#2638 = ORIENTED_EDGE('',*,*,#2639,.T.);
#2639 = EDGE_CURVE('',#2542,#2640,#2642,.T.);
#2640 = VERTEX_POINT('',#2641);
#2641 = CARTESIAN_POINT('',(413.2,43.124226783579,12.7));
#2642 = SURFACE_CURVE('',#2643,(#2647,#2654),.PCURVE_S1.);
#2643 = LINE('',#2644,#2645);
#2644 = CARTESIAN_POINT('',(261.51333102175,130.70056595069,12.7));
#2645 = VECTOR('',#2646,1.);
#2646 = DIRECTION('',(-0.866025403784,0.5,0.));
#2647 = PCURVE('',#1032,#2648);
#2648 = DEFINITIONAL_REPRESENTATION('',(#2649),#2653);
#2649 = LINE('',#2650,#2651);
#2650 = CARTESIAN_POINT('',(189.70190511774,-12.7));
#2651 = VECTOR('',#2652,1.);
#2652 = DIRECTION('',(1.,-0.));
#2653 = ( GEOMETRIC_REPRESENTATION_CONTEXT(2) 
PARAMETRIC_REPRESENTATION_CONTEXT() REPRESENTATION_CONTEXT('2D SPACE',''
  ) );
#2654 = PCURVE('',#1431,#2655);
#2655 = DEFINITIONAL_REPRESENTATION('',(#2656),#2660);
#2656 = LINE('',#2657,#2658);
#2657 = CARTESIAN_POINT('',(-73.55056595069,261.51333102175));
#2658 = VECTOR('',#2659,1.);
#2659 = DIRECTION('',(-0.5,-0.866025403784));
#2660 = ( GEOMETRIC_REPRESENTATION_CONTEXT(2) 
PARAMETRIC_REPRESENTATION_CONTEXT() REPRESENTATION_CONTEXT('2D SPACE',''
  ) );
#2661 = ORIENTED_EDGE('',*,*,#2662,.F.);
#2662 = EDGE_CURVE('',#989,#2640,#2663,.T.);
#2663 = SURFACE_CURVE('',#2664,(#2668,#2675),.PCURVE_S1.);
#2664 = LINE('',#2665,#2666);
#2665 = CARTESIAN_POINT('',(413.2,43.124226783579,0.));
#2666 = VECTOR('',#2667,1.);
#2667 = DIRECTION('',(0.,0.,1.));
#2668 = PCURVE('',#1032,#2669);
#2669 = DEFINITIONAL_REPRESENTATION('',(#2670),#2674);
#2670 = LINE('',#2671,#2672);
#2671 = CARTESIAN_POINT('',(14.549226783579,-0.));
#2672 = VECTOR('',#2673,1.);
#2673 = DIRECTION('',(0.,-1.));
#2674 = ( GEOMETRIC_REPRESENTATION_CONTEXT(2) 
PARAMETRIC_REPRESENTATION_CONTEXT() REPRESENTATION_CONTEXT('2D SPACE',''
  ) );
#2675 = PCURVE('',#1004,#2676);
#2676 = DEFINITIONAL_REPRESENTATION('',(#2677),#2681);
#2677 = LINE('',#2678,#2679);
#2678 = CARTESIAN_POINT('',(0.,0.));
#2679 = VECTOR('',#2680,1.);
#2680 = DIRECTION('',(0.,-1.));
#2681 = ( GEOMETRIC_REPRESENTATION_CONTEXT(2) 
PARAMETRIC_REPRESENTATION_CONTEXT() REPRESENTATION_CONTEXT('2D SPACE',''
  ) );
#2682 = ADVANCED_FACE('',(#2683),#1004,.T.);
#2683 = FACE_BOUND('',#2684,.T.);
#2684 = EDGE_LOOP('',(#2685,#2686,#2687,#2708));
#2685 = ORIENTED_EDGE('',*,*,#988,.F.);
#2686 = ORIENTED_EDGE('',*,*,#2662,.T.);
#2687 = ORIENTED_EDGE('',*,*,#2688,.T.);
#2688 = EDGE_CURVE('',#2640,#2590,#2689,.T.);
#2689 = SURFACE_CURVE('',#2690,(#2694,#2701),.PCURVE_S1.);
#2690 = LINE('',#2691,#2692);
#2691 = CARTESIAN_POINT('',(261.28666897832,-44.58297577532,12.7));
#2692 = VECTOR('',#2693,1.);
#2693 = DIRECTION('',(-0.866025403784,-0.5,0.));
#2694 = PCURVE('',#1004,#2695);
#2695 = DEFINITIONAL_REPRESENTATION('',(#2696),#2700);
#2696 = LINE('',#2697,#2698);
#2697 = CARTESIAN_POINT('',(175.41440511773,-12.7));
#2698 = VECTOR('',#2699,1.);
#2699 = DIRECTION('',(1.,0.));
#2700 = ( GEOMETRIC_REPRESENTATION_CONTEXT(2) 
PARAMETRIC_REPRESENTATION_CONTEXT() REPRESENTATION_CONTEXT('2D SPACE',''
  ) );
#2701 = PCURVE('',#1431,#2702);
#2702 = DEFINITIONAL_REPRESENTATION('',(#2703),#2707);
#2703 = LINE('',#2704,#2705);
#2704 = CARTESIAN_POINT('',(101.73297577532,261.28666897832));
#2705 = VECTOR('',#2706,1.);
#2706 = DIRECTION('',(0.5,-0.866025403784));
#2707 = ( GEOMETRIC_REPRESENTATION_CONTEXT(2) 
PARAMETRIC_REPRESENTATION_CONTEXT() REPRESENTATION_CONTEXT('2D SPACE',''
  ) );
#2708 = ORIENTED_EDGE('',*,*,#2589,.F.);
#2709 = ADVANCED_FACE('',(#2710),#1090,.T.);
#2710 = FACE_BOUND('',#2711,.T.);
#2711 = EDGE_LOOP('',(#2712,#2713,#2736,#2759));
#2712 = ORIENTED_EDGE('',*,*,#1072,.F.);
#2713 = ORIENTED_EDGE('',*,*,#2714,.T.);
#2714 = EDGE_CURVE('',#1073,#2715,#2717,.T.);
#2715 = VERTEX_POINT('',#2716);
#2716 = CARTESIAN_POINT('',(307.6,14.025773216421,12.7));
#2717 = SURFACE_CURVE('',#2718,(#2722,#2729),.PCURVE_S1.);
#2718 = LINE('',#2719,#2720);
#2719 = CARTESIAN_POINT('',(307.6,14.025773216421,0.));
#2720 = VECTOR('',#2721,1.);
#2721 = DIRECTION('',(0.,0.,1.));
#2722 = PCURVE('',#1090,#2723);
#2723 = DEFINITIONAL_REPRESENTATION('',(#2724),#2728);
#2724 = LINE('',#2725,#2726);
#2725 = CARTESIAN_POINT('',(0.,0.));
#2726 = VECTOR('',#2727,1.);
#2727 = DIRECTION('',(0.,-1.));
#2728 = ( GEOMETRIC_REPRESENTATION_CONTEXT(2) 
PARAMETRIC_REPRESENTATION_CONTEXT() REPRESENTATION_CONTEXT('2D SPACE',''
  ) );
#2729 = PCURVE('',#1118,#2730);
#2730 = DEFINITIONAL_REPRESENTATION('',(#2731),#2735);
#2731 = LINE('',#2732,#2733);
#2732 = CARTESIAN_POINT('',(14.549226783579,0.));
#2733 = VECTOR('',#2734,1.);
#2734 = DIRECTION('',(0.,-1.));
#2735 = ( GEOMETRIC_REPRESENTATION_CONTEXT(2) 
PARAMETRIC_REPRESENTATION_CONTEXT() REPRESENTATION_CONTEXT('2D SPACE',''
  ) );
#2736 = ORIENTED_EDGE('',*,*,#2737,.T.);
#2737 = EDGE_CURVE('',#2715,#2738,#2740,.T.);
#2738 = VERTEX_POINT('',#2739);
#2739 = CARTESIAN_POINT('',(320.2,21.300386608211,12.7));
#2740 = SURFACE_CURVE('',#2741,(#2745,#2752),.PCURVE_S1.);
#2741 = LINE('',#2742,#2743);
#2742 = CARTESIAN_POINT('',(201.58666897831,-47.18105198666,12.7));
#2743 = VECTOR('',#2744,1.);
#2744 = DIRECTION('',(0.866025403784,0.5,0.));
#2745 = PCURVE('',#1090,#2746);
#2746 = DEFINITIONAL_REPRESENTATION('',(#2747),#2751);
#2747 = LINE('',#2748,#2749);
#2748 = CARTESIAN_POINT('',(-122.4136504061,-12.7));
#2749 = VECTOR('',#2750,1.);
#2750 = DIRECTION('',(1.,0.));
#2751 = ( GEOMETRIC_REPRESENTATION_CONTEXT(2) 
PARAMETRIC_REPRESENTATION_CONTEXT() REPRESENTATION_CONTEXT('2D SPACE',''
  ) );
#2752 = PCURVE('',#1431,#2753);
#2753 = DEFINITIONAL_REPRESENTATION('',(#2754),#2758);
#2754 = LINE('',#2755,#2756);
#2755 = CARTESIAN_POINT('',(104.33105198666,201.58666897831));
#2756 = VECTOR('',#2757,1.);
#2757 = DIRECTION('',(-0.5,0.866025403784));
#2758 = ( GEOMETRIC_REPRESENTATION_CONTEXT(2) 
PARAMETRIC_REPRESENTATION_CONTEXT() REPRESENTATION_CONTEXT('2D SPACE',''
  ) );
#2759 = ORIENTED_EDGE('',*,*,#2760,.F.);
#2760 = EDGE_CURVE('',#1075,#2738,#2761,.T.);
#2761 = SURFACE_CURVE('',#2762,(#2766,#2773),.PCURVE_S1.);
#2762 = LINE('',#2763,#2764);
#2763 = CARTESIAN_POINT('',(320.2,21.300386608211,0.));
#2764 = VECTOR('',#2765,1.);
#2765 = DIRECTION('',(0.,0.,1.));
#2766 = PCURVE('',#1090,#2767);
#2767 = DEFINITIONAL_REPRESENTATION('',(#2768),#2772);
#2768 = LINE('',#2769,#2770);
#2769 = CARTESIAN_POINT('',(14.549226783579,0.));
#2770 = VECTOR('',#2771,1.);
#2771 = DIRECTION('',(0.,-1.));
#2772 = ( GEOMETRIC_REPRESENTATION_CONTEXT(2) 
PARAMETRIC_REPRESENTATION_CONTEXT() REPRESENTATION_CONTEXT('2D SPACE',''
  ) );
#2773 = PCURVE('',#1228,#2774);
#2774 = DEFINITIONAL_REPRESENTATION('',(#2775),#2779);
#2775 = LINE('',#2776,#2777);
#2776 = CARTESIAN_POINT('',(0.,0.));
#2777 = VECTOR('',#2778,1.);
#2778 = DIRECTION('',(0.,-1.));
#2779 = ( GEOMETRIC_REPRESENTATION_CONTEXT(2) 
PARAMETRIC_REPRESENTATION_CONTEXT() REPRESENTATION_CONTEXT('2D SPACE',''
  ) );
#2780 = ADVANCED_FACE('',(#2781),#1118,.T.);
#2781 = FACE_BOUND('',#2782,.T.);
#2782 = EDGE_LOOP('',(#2783,#2784,#2807,#2828));
#2783 = ORIENTED_EDGE('',*,*,#1102,.F.);
#2784 = ORIENTED_EDGE('',*,*,#2785,.T.);
#2785 = EDGE_CURVE('',#1103,#2786,#2788,.T.);
#2786 = VERTEX_POINT('',#2787);
#2787 = CARTESIAN_POINT('',(295.,21.300386608211,12.7));
#2788 = SURFACE_CURVE('',#2789,(#2793,#2800),.PCURVE_S1.);
#2789 = LINE('',#2790,#2791);
#2790 = CARTESIAN_POINT('',(295.,21.300386608211,0.));
#2791 = VECTOR('',#2792,1.);
#2792 = DIRECTION('',(0.,0.,1.));
#2793 = PCURVE('',#1118,#2794);
#2794 = DEFINITIONAL_REPRESENTATION('',(#2795),#2799);
#2795 = LINE('',#2796,#2797);
#2796 = CARTESIAN_POINT('',(0.,0.));
#2797 = VECTOR('',#2798,1.);
#2798 = DIRECTION('',(0.,-1.));
#2799 = ( GEOMETRIC_REPRESENTATION_CONTEXT(2) 
PARAMETRIC_REPRESENTATION_CONTEXT() REPRESENTATION_CONTEXT('2D SPACE',''
  ) );
#2800 = PCURVE('',#1146,#2801);
#2801 = DEFINITIONAL_REPRESENTATION('',(#2802),#2806);
#2802 = LINE('',#2803,#2804);
#2803 = CARTESIAN_POINT('',(14.549226783578,0.));
#2804 = VECTOR('',#2805,1.);
#2805 = DIRECTION('',(0.,-1.));
#2806 = ( GEOMETRIC_REPRESENTATION_CONTEXT(2) 
PARAMETRIC_REPRESENTATION_CONTEXT() REPRESENTATION_CONTEXT('2D SPACE',''
  ) );
#2807 = ORIENTED_EDGE('',*,*,#2808,.T.);
#2808 = EDGE_CURVE('',#2786,#2715,#2809,.T.);
#2809 = SURFACE_CURVE('',#2810,(#2814,#2821),.PCURVE_S1.);
#2810 = LINE('',#2811,#2812);
#2811 = CARTESIAN_POINT('',(176.61333102174,89.6509618113,12.7));
#2812 = VECTOR('',#2813,1.);
#2813 = DIRECTION('',(0.866025403784,-0.5,0.));
#2814 = PCURVE('',#1118,#2815);
#2815 = DEFINITIONAL_REPRESENTATION('',(#2816),#2820);
#2816 = LINE('',#2817,#2818);
#2817 = CARTESIAN_POINT('',(-136.7011504061,-12.7));
#2818 = VECTOR('',#2819,1.);
#2819 = DIRECTION('',(1.,0.));
#2820 = ( GEOMETRIC_REPRESENTATION_CONTEXT(2) 
PARAMETRIC_REPRESENTATION_CONTEXT() REPRESENTATION_CONTEXT('2D SPACE',''
  ) );
#2821 = PCURVE('',#1431,#2822);
#2822 = DEFINITIONAL_REPRESENTATION('',(#2823),#2827);
#2823 = LINE('',#2824,#2825);
#2824 = CARTESIAN_POINT('',(-32.5009618113,176.61333102174));
#2825 = VECTOR('',#2826,1.);
#2826 = DIRECTION('',(0.5,0.866025403784));
#2827 = ( GEOMETRIC_REPRESENTATION_CONTEXT(2) 
PARAMETRIC_REPRESENTATION_CONTEXT() REPRESENTATION_CONTEXT('2D SPACE',''
  ) );
#2828 = ORIENTED_EDGE('',*,*,#2714,.F.);
#2829 = ADVANCED_FACE('',(#2830),#1228,.T.);
#2830 = FACE_BOUND('',#2831,.T.);
#2831 = EDGE_LOOP('',(#2832,#2833,#2834,#2857));
#2832 = ORIENTED_EDGE('',*,*,#1214,.F.);
#2833 = ORIENTED_EDGE('',*,*,#2760,.T.);
#2834 = ORIENTED_EDGE('',*,*,#2835,.T.);
#2835 = EDGE_CURVE('',#2738,#2836,#2838,.T.);
#2836 = VERTEX_POINT('',#2837);
#2837 = CARTESIAN_POINT('',(320.2,35.849613391789,12.7));
#2838 = SURFACE_CURVE('',#2839,(#2843,#2850),.PCURVE_S1.);
#2839 = LINE('',#2840,#2841);
#2840 = CARTESIAN_POINT('',(320.2,39.225193304105,12.7));
#2841 = VECTOR('',#2842,1.);
#2842 = DIRECTION('',(-1.110223024625E-16,1.,0.));
#2843 = PCURVE('',#1228,#2844);
#2844 = DEFINITIONAL_REPRESENTATION('',(#2845),#2849);
#2845 = LINE('',#2846,#2847);
#2846 = CARTESIAN_POINT('',(17.924806695894,-12.7));
#2847 = VECTOR('',#2848,1.);
#2848 = DIRECTION('',(1.,0.));
#2849 = ( GEOMETRIC_REPRESENTATION_CONTEXT(2) 
PARAMETRIC_REPRESENTATION_CONTEXT() REPRESENTATION_CONTEXT('2D SPACE',''
  ) );
#2850 = PCURVE('',#1431,#2851);
#2851 = DEFINITIONAL_REPRESENTATION('',(#2852),#2856);
#2852 = LINE('',#2853,#2854);
#2853 = CARTESIAN_POINT('',(17.924806695895,320.2));
#2854 = VECTOR('',#2855,1.);
#2855 = DIRECTION('',(-1.,0.));
#2856 = ( GEOMETRIC_REPRESENTATION_CONTEXT(2) 
PARAMETRIC_REPRESENTATION_CONTEXT() REPRESENTATION_CONTEXT('2D SPACE',''
  ) );
#2857 = ORIENTED_EDGE('',*,*,#2858,.F.);
#2858 = EDGE_CURVE('',#1187,#2836,#2859,.T.);
#2859 = SURFACE_CURVE('',#2860,(#2864,#2871),.PCURVE_S1.);
#2860 = LINE('',#2861,#2862);
#2861 = CARTESIAN_POINT('',(320.2,35.849613391789,0.));
#2862 = VECTOR('',#2863,1.);
#2863 = DIRECTION('',(0.,0.,1.));
#2864 = PCURVE('',#1228,#2865);
#2865 = DEFINITIONAL_REPRESENTATION('',(#2866),#2870);
#2866 = LINE('',#2867,#2868);
#2867 = CARTESIAN_POINT('',(14.549226783578,0.));
#2868 = VECTOR('',#2869,1.);
#2869 = DIRECTION('',(0.,-1.));
#2870 = ( GEOMETRIC_REPRESENTATION_CONTEXT(2) 
PARAMETRIC_REPRESENTATION_CONTEXT() REPRESENTATION_CONTEXT('2D SPACE',''
  ) );
#2871 = PCURVE('',#1202,#2872);
#2872 = DEFINITIONAL_REPRESENTATION('',(#2873),#2877);
#2873 = LINE('',#2874,#2875);
#2874 = CARTESIAN_POINT('',(0.,0.));
#2875 = VECTOR('',#2876,1.);
#2876 = DIRECTION('',(0.,-1.));
#2877 = ( GEOMETRIC_REPRESENTATION_CONTEXT(2) 
PARAMETRIC_REPRESENTATION_CONTEXT() REPRESENTATION_CONTEXT('2D SPACE',''
  ) );
#2878 = ADVANCED_FACE('',(#2879),#1146,.T.);
#2879 = FACE_BOUND('',#2880,.T.);
#2880 = EDGE_LOOP('',(#2881,#2882,#2905,#2926));
#2881 = ORIENTED_EDGE('',*,*,#1130,.F.);
#2882 = ORIENTED_EDGE('',*,*,#2883,.T.);
#2883 = EDGE_CURVE('',#1131,#2884,#2886,.T.);
#2884 = VERTEX_POINT('',#2885);
#2885 = CARTESIAN_POINT('',(295.,35.849613391789,12.7));
#2886 = SURFACE_CURVE('',#2887,(#2891,#2898),.PCURVE_S1.);
#2887 = LINE('',#2888,#2889);
#2888 = CARTESIAN_POINT('',(295.,35.849613391789,0.));
#2889 = VECTOR('',#2890,1.);
#2890 = DIRECTION('',(0.,0.,1.));
#2891 = PCURVE('',#1146,#2892);
#2892 = DEFINITIONAL_REPRESENTATION('',(#2893),#2897);
#2893 = LINE('',#2894,#2895);
#2894 = CARTESIAN_POINT('',(0.,0.));
#2895 = VECTOR('',#2896,1.);
#2896 = DIRECTION('',(0.,-1.));
#2897 = ( GEOMETRIC_REPRESENTATION_CONTEXT(2) 
PARAMETRIC_REPRESENTATION_CONTEXT() REPRESENTATION_CONTEXT('2D SPACE',''
  ) );
#2898 = PCURVE('',#1174,#2899);
#2899 = DEFINITIONAL_REPRESENTATION('',(#2900),#2904);
#2900 = LINE('',#2901,#2902);
#2901 = CARTESIAN_POINT('',(14.549226783579,0.));
#2902 = VECTOR('',#2903,1.);
#2903 = DIRECTION('',(0.,-1.));
#2904 = ( GEOMETRIC_REPRESENTATION_CONTEXT(2) 
PARAMETRIC_REPRESENTATION_CONTEXT() REPRESENTATION_CONTEXT('2D SPACE',''
  ) );
#2905 = ORIENTED_EDGE('',*,*,#2906,.T.);
#2906 = EDGE_CURVE('',#2884,#2786,#2907,.T.);
#2907 = SURFACE_CURVE('',#2908,(#2912,#2919),.PCURVE_S1.);
#2908 = LINE('',#2909,#2910);
#2909 = CARTESIAN_POINT('',(295.,46.499806695894,12.7));
#2910 = VECTOR('',#2911,1.);
#2911 = DIRECTION('',(1.110223024625E-16,-1.,0.));
#2912 = PCURVE('',#1146,#2913);
#2913 = DEFINITIONAL_REPRESENTATION('',(#2914),#2918);
#2914 = LINE('',#2915,#2916);
#2915 = CARTESIAN_POINT('',(-10.6501933041,-12.7));
#2916 = VECTOR('',#2917,1.);
#2917 = DIRECTION('',(1.,0.));
#2918 = ( GEOMETRIC_REPRESENTATION_CONTEXT(2) 
PARAMETRIC_REPRESENTATION_CONTEXT() REPRESENTATION_CONTEXT('2D SPACE',''
  ) );
#2919 = PCURVE('',#1431,#2920);
#2920 = DEFINITIONAL_REPRESENTATION('',(#2921),#2925);
#2921 = LINE('',#2922,#2923);
#2922 = CARTESIAN_POINT('',(10.650193304106,295.));
#2923 = VECTOR('',#2924,1.);
#2924 = DIRECTION('',(1.,0.));
#2925 = ( GEOMETRIC_REPRESENTATION_CONTEXT(2) 
PARAMETRIC_REPRESENTATION_CONTEXT() REPRESENTATION_CONTEXT('2D SPACE',''
  ) );
#2926 = ORIENTED_EDGE('',*,*,#2785,.F.);
#2927 = ADVANCED_FACE('',(#2928),#1202,.T.);
#2928 = FACE_BOUND('',#2929,.T.);
#2929 = EDGE_LOOP('',(#2930,#2931,#2932,#2955));
#2930 = ORIENTED_EDGE('',*,*,#1186,.F.);
#2931 = ORIENTED_EDGE('',*,*,#2858,.T.);
#2932 = ORIENTED_EDGE('',*,*,#2933,.T.);
#2933 = EDGE_CURVE('',#2836,#2934,#2936,.T.);
#2934 = VERTEX_POINT('',#2935);
#2935 = CARTESIAN_POINT('',(307.6,43.124226783579,12.7));
#2936 = SURFACE_CURVE('',#2937,(#2941,#2948),.PCURVE_S1.);
#2937 = LINE('',#2938,#2939);
#2938 = CARTESIAN_POINT('',(195.51333102174,107.83749529077,12.7));
#2939 = VECTOR('',#2940,1.);
#2940 = DIRECTION('',(-0.866025403784,0.5,0.));
#2941 = PCURVE('',#1202,#2942);
#2942 = DEFINITIONAL_REPRESENTATION('',(#2943),#2947);
#2943 = LINE('',#2944,#2945);
#2944 = CARTESIAN_POINT('',(143.97576379792,-12.7));
#2945 = VECTOR('',#2946,1.);
#2946 = DIRECTION('',(1.,-0.));
#2947 = ( GEOMETRIC_REPRESENTATION_CONTEXT(2) 
PARAMETRIC_REPRESENTATION_CONTEXT() REPRESENTATION_CONTEXT('2D SPACE',''
  ) );
#2948 = PCURVE('',#1431,#2949);
#2949 = DEFINITIONAL_REPRESENTATION('',(#2950),#2954);
#2950 = LINE('',#2951,#2952);
#2951 = CARTESIAN_POINT('',(-50.68749529077,195.51333102174));
#2952 = VECTOR('',#2953,1.);
#2953 = DIRECTION('',(-0.5,-0.866025403784));
#2954 = ( GEOMETRIC_REPRESENTATION_CONTEXT(2) 
PARAMETRIC_REPRESENTATION_CONTEXT() REPRESENTATION_CONTEXT('2D SPACE',''
  ) );
#2955 = ORIENTED_EDGE('',*,*,#2956,.F.);
#2956 = EDGE_CURVE('',#1159,#2934,#2957,.T.);
#2957 = SURFACE_CURVE('',#2958,(#2962,#2969),.PCURVE_S1.);
#2958 = LINE('',#2959,#2960);
#2959 = CARTESIAN_POINT('',(307.6,43.124226783579,0.));
#2960 = VECTOR('',#2961,1.);
#2961 = DIRECTION('',(0.,0.,1.));
#2962 = PCURVE('',#1202,#2963);
#2963 = DEFINITIONAL_REPRESENTATION('',(#2964),#2968);
#2964 = LINE('',#2965,#2966);
#2965 = CARTESIAN_POINT('',(14.549226783579,-0.));
#2966 = VECTOR('',#2967,1.);
#2967 = DIRECTION('',(0.,-1.));
#2968 = ( GEOMETRIC_REPRESENTATION_CONTEXT(2) 
PARAMETRIC_REPRESENTATION_CONTEXT() REPRESENTATION_CONTEXT('2D SPACE',''
  ) );
#2969 = PCURVE('',#1174,#2970);
#2970 = DEFINITIONAL_REPRESENTATION('',(#2971),#2975);
#2971 = LINE('',#2972,#2973);
#2972 = CARTESIAN_POINT('',(0.,0.));
#2973 = VECTOR('',#2974,1.);
#2974 = DIRECTION('',(0.,-1.));
#2975 = ( GEOMETRIC_REPRESENTATION_CONTEXT(2) 
PARAMETRIC_REPRESENTATION_CONTEXT() REPRESENTATION_CONTEXT('2D SPACE',''
  ) );
#2976 = ADVANCED_FACE('',(#2977),#1174,.T.);
#2977 = FACE_BOUND('',#2978,.T.);
#2978 = EDGE_LOOP('',(#2979,#2980,#2981,#3002));
#2979 = ORIENTED_EDGE('',*,*,#1158,.F.);
#2980 = ORIENTED_EDGE('',*,*,#2956,.T.);
#2981 = ORIENTED_EDGE('',*,*,#2982,.T.);
#2982 = EDGE_CURVE('',#2934,#2884,#2983,.T.);
#2983 = SURFACE_CURVE('',#2984,(#2988,#2995),.PCURVE_S1.);
#2984 = LINE('',#2985,#2986);
#2985 = CARTESIAN_POINT('',(195.28666897831,-21.7199051154,12.7));
#2986 = VECTOR('',#2987,1.);
#2987 = DIRECTION('',(-0.866025403784,-0.5,0.));
#2988 = PCURVE('',#1174,#2989);
#2989 = DEFINITIONAL_REPRESENTATION('',(#2990),#2994);
#2990 = LINE('',#2991,#2992);
#2991 = CARTESIAN_POINT('',(129.68826379792,-12.7));
#2992 = VECTOR('',#2993,1.);
#2993 = DIRECTION('',(1.,0.));
#2994 = ( GEOMETRIC_REPRESENTATION_CONTEXT(2) 
PARAMETRIC_REPRESENTATION_CONTEXT() REPRESENTATION_CONTEXT('2D SPACE',''
  ) );
#2995 = PCURVE('',#1431,#2996);
#2996 = DEFINITIONAL_REPRESENTATION('',(#2997),#3001);
#2997 = LINE('',#2998,#2999);
#2998 = CARTESIAN_POINT('',(78.869905115407,195.28666897831));
#2999 = VECTOR('',#3000,1.);
#3000 = DIRECTION('',(0.5,-0.866025403784));
#3001 = ( GEOMETRIC_REPRESENTATION_CONTEXT(2) 
PARAMETRIC_REPRESENTATION_CONTEXT() REPRESENTATION_CONTEXT('2D SPACE',''
  ) );
#3002 = ORIENTED_EDGE('',*,*,#2883,.F.);
#3003 = ADVANCED_FACE('',(#3004),#1260,.T.);
#3004 = FACE_BOUND('',#3005,.T.);
#3005 = EDGE_LOOP('',(#3006,#3007,#3030,#3053));
#3006 = ORIENTED_EDGE('',*,*,#1242,.F.);
#3007 = ORIENTED_EDGE('',*,*,#3008,.T.);
#3008 = EDGE_CURVE('',#1243,#3009,#3011,.T.);
#3009 = VERTEX_POINT('',#3010);
#3010 = CARTESIAN_POINT('',(342.8,14.025773216421,12.7));
#3011 = SURFACE_CURVE('',#3012,(#3016,#3023),.PCURVE_S1.);
#3012 = LINE('',#3013,#3014);
#3013 = CARTESIAN_POINT('',(342.8,14.025773216421,0.));
#3014 = VECTOR('',#3015,1.);
#3015 = DIRECTION('',(0.,0.,1.));
#3016 = PCURVE('',#1260,#3017);
#3017 = DEFINITIONAL_REPRESENTATION('',(#3018),#3022);
#3018 = LINE('',#3019,#3020);
#3019 = CARTESIAN_POINT('',(0.,0.));
#3020 = VECTOR('',#3021,1.);
#3021 = DIRECTION('',(0.,-1.));
#3022 = ( GEOMETRIC_REPRESENTATION_CONTEXT(2) 
PARAMETRIC_REPRESENTATION_CONTEXT() REPRESENTATION_CONTEXT('2D SPACE',''
  ) );
#3023 = PCURVE('',#1288,#3024);
#3024 = DEFINITIONAL_REPRESENTATION('',(#3025),#3029);
#3025 = LINE('',#3026,#3027);
#3026 = CARTESIAN_POINT('',(14.549226783579,0.));
#3027 = VECTOR('',#3028,1.);
#3028 = DIRECTION('',(0.,-1.));
#3029 = ( GEOMETRIC_REPRESENTATION_CONTEXT(2) 
PARAMETRIC_REPRESENTATION_CONTEXT() REPRESENTATION_CONTEXT('2D SPACE',''
  ) );
#3030 = ORIENTED_EDGE('',*,*,#3031,.T.);
#3031 = EDGE_CURVE('',#3009,#3032,#3034,.T.);
#3032 = VERTEX_POINT('',#3033);
#3033 = CARTESIAN_POINT('',(355.4,21.300386608211,12.7));
#3034 = SURFACE_CURVE('',#3035,(#3039,#3046),.PCURVE_S1.);
#3035 = LINE('',#3036,#3037);
#3036 = CARTESIAN_POINT('',(223.58666897832,-54.80207553997,12.7));
#3037 = VECTOR('',#3038,1.);
#3038 = DIRECTION('',(0.866025403784,0.5,0.));
#3039 = PCURVE('',#1260,#3040);
#3040 = DEFINITIONAL_REPRESENTATION('',(#3041),#3045);
#3041 = LINE('',#3042,#3043);
#3042 = CARTESIAN_POINT('',(-137.6556975127,-12.7));
#3043 = VECTOR('',#3044,1.);
#3044 = DIRECTION('',(1.,0.));
#3045 = ( GEOMETRIC_REPRESENTATION_CONTEXT(2) 
PARAMETRIC_REPRESENTATION_CONTEXT() REPRESENTATION_CONTEXT('2D SPACE',''
  ) );
#3046 = PCURVE('',#1431,#3047);
#3047 = DEFINITIONAL_REPRESENTATION('',(#3048),#3052);
#3048 = LINE('',#3049,#3050);
#3049 = CARTESIAN_POINT('',(111.95207553997,223.58666897832));
#3050 = VECTOR('',#3051,1.);
#3051 = DIRECTION('',(-0.5,0.866025403784));
#3052 = ( GEOMETRIC_REPRESENTATION_CONTEXT(2) 
PARAMETRIC_REPRESENTATION_CONTEXT() REPRESENTATION_CONTEXT('2D SPACE',''
  ) );
#3053 = ORIENTED_EDGE('',*,*,#3054,.F.);
#3054 = EDGE_CURVE('',#1245,#3032,#3055,.T.);
#3055 = SURFACE_CURVE('',#3056,(#3060,#3067),.PCURVE_S1.);
#3056 = LINE('',#3057,#3058);
#3057 = CARTESIAN_POINT('',(355.4,21.300386608211,0.));
#3058 = VECTOR('',#3059,1.);
#3059 = DIRECTION('',(0.,0.,1.));
#3060 = PCURVE('',#1260,#3061);
#3061 = DEFINITIONAL_REPRESENTATION('',(#3062),#3066);
#3062 = LINE('',#3063,#3064);
#3063 = CARTESIAN_POINT('',(14.549226783579,0.));
#3064 = VECTOR('',#3065,1.);
#3065 = DIRECTION('',(0.,-1.));
#3066 = ( GEOMETRIC_REPRESENTATION_CONTEXT(2) 
PARAMETRIC_REPRESENTATION_CONTEXT() REPRESENTATION_CONTEXT('2D SPACE',''
  ) );
#3067 = PCURVE('',#1398,#3068);
#3068 = DEFINITIONAL_REPRESENTATION('',(#3069),#3073);
#3069 = LINE('',#3070,#3071);
#3070 = CARTESIAN_POINT('',(0.,0.));
#3071 = VECTOR('',#3072,1.);
#3072 = DIRECTION('',(0.,-1.));
#3073 = ( GEOMETRIC_REPRESENTATION_CONTEXT(2) 
PARAMETRIC_REPRESENTATION_CONTEXT() REPRESENTATION_CONTEXT('2D SPACE',''
  ) );
#3074 = ADVANCED_FACE('',(#3075),#1288,.T.);
#3075 = FACE_BOUND('',#3076,.T.);
#3076 = EDGE_LOOP('',(#3077,#3078,#3101,#3122));
#3077 = ORIENTED_EDGE('',*,*,#1272,.F.);
#3078 = ORIENTED_EDGE('',*,*,#3079,.T.);
#3079 = EDGE_CURVE('',#1273,#3080,#3082,.T.);
#3080 = VERTEX_POINT('',#3081);
#3081 = CARTESIAN_POINT('',(330.2,21.300386608211,12.7));
#3082 = SURFACE_CURVE('',#3083,(#3087,#3094),.PCURVE_S1.);
#3083 = LINE('',#3084,#3085);
#3084 = CARTESIAN_POINT('',(330.2,21.300386608211,0.));
#3085 = VECTOR('',#3086,1.);
#3086 = DIRECTION('',(0.,0.,1.));
#3087 = PCURVE('',#1288,#3088);
#3088 = DEFINITIONAL_REPRESENTATION('',(#3089),#3093);
#3089 = LINE('',#3090,#3091);
#3090 = CARTESIAN_POINT('',(0.,0.));
#3091 = VECTOR('',#3092,1.);
#3092 = DIRECTION('',(0.,-1.));
#3093 = ( GEOMETRIC_REPRESENTATION_CONTEXT(2) 
PARAMETRIC_REPRESENTATION_CONTEXT() REPRESENTATION_CONTEXT('2D SPACE',''
  ) );
#3094 = PCURVE('',#1316,#3095);
#3095 = DEFINITIONAL_REPRESENTATION('',(#3096),#3100);
#3096 = LINE('',#3097,#3098);
#3097 = CARTESIAN_POINT('',(14.549226783578,0.));
#3098 = VECTOR('',#3099,1.);
#3099 = DIRECTION('',(0.,-1.));
#3100 = ( GEOMETRIC_REPRESENTATION_CONTEXT(2) 
PARAMETRIC_REPRESENTATION_CONTEXT() REPRESENTATION_CONTEXT('2D SPACE',''
  ) );
#3101 = ORIENTED_EDGE('',*,*,#3102,.T.);
#3102 = EDGE_CURVE('',#3080,#3009,#3103,.T.);
#3103 = SURFACE_CURVE('',#3104,(#3108,#3115),.PCURVE_S1.);
#3104 = LINE('',#3105,#3106);
#3105 = CARTESIAN_POINT('',(198.61333102174,97.27198536461,12.7));
#3106 = VECTOR('',#3107,1.);
#3107 = DIRECTION('',(0.866025403784,-0.5,0.));
#3108 = PCURVE('',#1288,#3109);
#3109 = DEFINITIONAL_REPRESENTATION('',(#3110),#3114);
#3110 = LINE('',#3111,#3112);
#3111 = CARTESIAN_POINT('',(-151.9431975127,-12.7));
#3112 = VECTOR('',#3113,1.);
#3113 = DIRECTION('',(1.,0.));
#3114 = ( GEOMETRIC_REPRESENTATION_CONTEXT(2) 
PARAMETRIC_REPRESENTATION_CONTEXT() REPRESENTATION_CONTEXT('2D SPACE',''
  ) );
#3115 = PCURVE('',#1431,#3116);
#3116 = DEFINITIONAL_REPRESENTATION('',(#3117),#3121);
#3117 = LINE('',#3118,#3119);
#3118 = CARTESIAN_POINT('',(-40.12198536461,198.61333102174));
#3119 = VECTOR('',#3120,1.);
#3120 = DIRECTION('',(0.5,0.866025403784));
#3121 = ( GEOMETRIC_REPRESENTATION_CONTEXT(2) 
PARAMETRIC_REPRESENTATION_CONTEXT() REPRESENTATION_CONTEXT('2D SPACE',''
  ) );
#3122 = ORIENTED_EDGE('',*,*,#3008,.F.);
#3123 = ADVANCED_FACE('',(#3124),#1398,.T.);
#3124 = FACE_BOUND('',#3125,.T.);
#3125 = EDGE_LOOP('',(#3126,#3127,#3128,#3151));
#3126 = ORIENTED_EDGE('',*,*,#1384,.F.);
#3127 = ORIENTED_EDGE('',*,*,#3054,.T.);
#3128 = ORIENTED_EDGE('',*,*,#3129,.T.);
#3129 = EDGE_CURVE('',#3032,#3130,#3132,.T.);
#3130 = VERTEX_POINT('',#3131);
#3131 = CARTESIAN_POINT('',(355.4,35.849613391789,12.7));
#3132 = SURFACE_CURVE('',#3133,(#3137,#3144),.PCURVE_S1.);
#3133 = LINE('',#3134,#3135);
#3134 = CARTESIAN_POINT('',(355.4,39.225193304105,12.7));
#3135 = VECTOR('',#3136,1.);
#3136 = DIRECTION('',(-1.110223024625E-16,1.,0.));
#3137 = PCURVE('',#1398,#3138);
#3138 = DEFINITIONAL_REPRESENTATION('',(#3139),#3143);
#3139 = LINE('',#3140,#3141);
#3140 = CARTESIAN_POINT('',(17.924806695894,-12.7));
#3141 = VECTOR('',#3142,1.);
#3142 = DIRECTION('',(1.,0.));
#3143 = ( GEOMETRIC_REPRESENTATION_CONTEXT(2) 
PARAMETRIC_REPRESENTATION_CONTEXT() REPRESENTATION_CONTEXT('2D SPACE',''
  ) );
#3144 = PCURVE('',#1431,#3145);
#3145 = DEFINITIONAL_REPRESENTATION('',(#3146),#3150);
#3146 = LINE('',#3147,#3148);
#3147 = CARTESIAN_POINT('',(17.924806695895,355.4));
#3148 = VECTOR('',#3149,1.);
#3149 = DIRECTION('',(-1.,0.));
#3150 = ( GEOMETRIC_REPRESENTATION_CONTEXT(2) 
PARAMETRIC_REPRESENTATION_CONTEXT() REPRESENTATION_CONTEXT('2D SPACE',''
  ) );
#3151 = ORIENTED_EDGE('',*,*,#3152,.F.);
#3152 = EDGE_CURVE('',#1357,#3130,#3153,.T.);
#3153 = SURFACE_CURVE('',#3154,(#3158,#3165),.PCURVE_S1.);
#3154 = LINE('',#3155,#3156);
#3155 = CARTESIAN_POINT('',(355.4,35.849613391789,0.));
#3156 = VECTOR('',#3157,1.);
#3157 = DIRECTION('',(0.,0.,1.));
#3158 = PCURVE('',#1398,#3159);
#3159 = DEFINITIONAL_REPRESENTATION('',(#3160),#3164);
#3160 = LINE('',#3161,#3162);
#3161 = CARTESIAN_POINT('',(14.549226783578,0.));
#3162 = VECTOR('',#3163,1.);
#3163 = DIRECTION('',(0.,-1.));
#3164 = ( GEOMETRIC_REPRESENTATION_CONTEXT(2) 
PARAMETRIC_REPRESENTATION_CONTEXT() REPRESENTATION_CONTEXT('2D SPACE',''
  ) );
#3165 = PCURVE('',#1372,#3166);
#3166 = DEFINITIONAL_REPRESENTATION('',(#3167),#3171);
#3167 = LINE('',#3168,#3169);
#3168 = CARTESIAN_POINT('',(0.,0.));
#3169 = VECTOR('',#3170,1.);
#3170 = DIRECTION('',(0.,-1.));
#3171 = ( GEOMETRIC_REPRESENTATION_CONTEXT(2) 
PARAMETRIC_REPRESENTATION_CONTEXT() REPRESENTATION_CONTEXT('2D SPACE',''
  ) );
#3172 = ADVANCED_FACE('',(#3173),#1316,.T.);
#3173 = FACE_BOUND('',#3174,.T.);
#3174 = EDGE_LOOP('',(#3175,#3176,#3199,#3220));
#3175 = ORIENTED_EDGE('',*,*,#1300,.F.);
#3176 = ORIENTED_EDGE('',*,*,#3177,.T.);
#3177 = EDGE_CURVE('',#1301,#3178,#3180,.T.);
#3178 = VERTEX_POINT('',#3179);
#3179 = CARTESIAN_POINT('',(330.2,35.849613391789,12.7));
#3180 = SURFACE_CURVE('',#3181,(#3185,#3192),.PCURVE_S1.);
#3181 = LINE('',#3182,#3183);
#3182 = CARTESIAN_POINT('',(330.2,35.849613391789,0.));
#3183 = VECTOR('',#3184,1.);
#3184 = DIRECTION('',(0.,0.,1.));
#3185 = PCURVE('',#1316,#3186);
#3186 = DEFINITIONAL_REPRESENTATION('',(#3187),#3191);
#3187 = LINE('',#3188,#3189);
#3188 = CARTESIAN_POINT('',(0.,0.));
#3189 = VECTOR('',#3190,1.);
#3190 = DIRECTION('',(0.,-1.));
#3191 = ( GEOMETRIC_REPRESENTATION_CONTEXT(2) 
PARAMETRIC_REPRESENTATION_CONTEXT() REPRESENTATION_CONTEXT('2D SPACE',''
  ) );
#3192 = PCURVE('',#1344,#3193);
#3193 = DEFINITIONAL_REPRESENTATION('',(#3194),#3198);
#3194 = LINE('',#3195,#3196);
#3195 = CARTESIAN_POINT('',(14.549226783579,0.));
#3196 = VECTOR('',#3197,1.);
#3197 = DIRECTION('',(0.,-1.));
#3198 = ( GEOMETRIC_REPRESENTATION_CONTEXT(2) 
PARAMETRIC_REPRESENTATION_CONTEXT() REPRESENTATION_CONTEXT('2D SPACE',''
  ) );
#3199 = ORIENTED_EDGE('',*,*,#3200,.T.);
#3200 = EDGE_CURVE('',#3178,#3080,#3201,.T.);
#3201 = SURFACE_CURVE('',#3202,(#3206,#3213),.PCURVE_S1.);
#3202 = LINE('',#3203,#3204);
#3203 = CARTESIAN_POINT('',(330.2,46.499806695894,12.7));
#3204 = VECTOR('',#3205,1.);
#3205 = DIRECTION('',(1.110223024625E-16,-1.,0.));
#3206 = PCURVE('',#1316,#3207);
#3207 = DEFINITIONAL_REPRESENTATION('',(#3208),#3212);
#3208 = LINE('',#3209,#3210);
#3209 = CARTESIAN_POINT('',(-10.6501933041,-12.7));
#3210 = VECTOR('',#3211,1.);
#3211 = DIRECTION('',(1.,0.));
#3212 = ( GEOMETRIC_REPRESENTATION_CONTEXT(2) 
PARAMETRIC_REPRESENTATION_CONTEXT() REPRESENTATION_CONTEXT('2D SPACE',''
  ) );
#3213 = PCURVE('',#1431,#3214);
#3214 = DEFINITIONAL_REPRESENTATION('',(#3215),#3219);
#3215 = LINE('',#3216,#3217);
#3216 = CARTESIAN_POINT('',(10.650193304106,330.2));
#3217 = VECTOR('',#3218,1.);
#3218 = DIRECTION('',(1.,0.));
#3219 = ( GEOMETRIC_REPRESENTATION_CONTEXT(2) 
PARAMETRIC_REPRESENTATION_CONTEXT() REPRESENTATION_CONTEXT('2D SPACE',''
  ) );
#3220 = ORIENTED_EDGE('',*,*,#3079,.F.);
#3221 = ADVANCED_FACE('',(#3222),#1372,.T.);
#3222 = FACE_BOUND('',#3223,.T.);
#3223 = EDGE_LOOP('',(#3224,#3225,#3226,#3249));
#3224 = ORIENTED_EDGE('',*,*,#1356,.F.);
#3225 = ORIENTED_EDGE('',*,*,#3152,.T.);
#3226 = ORIENTED_EDGE('',*,*,#3227,.T.);
#3227 = EDGE_CURVE('',#3130,#3228,#3230,.T.);
#3228 = VERTEX_POINT('',#3229);
#3229 = CARTESIAN_POINT('',(342.8,43.124226783579,12.7));
#3230 = SURFACE_CURVE('',#3231,(#3235,#3242),.PCURVE_S1.);
#3231 = LINE('',#3232,#3233);
#3232 = CARTESIAN_POINT('',(217.51333102174,115.45851884408,12.7));
#3233 = VECTOR('',#3234,1.);
#3234 = DIRECTION('',(-0.866025403784,0.5,0.));
#3235 = PCURVE('',#1372,#3236);
#3236 = DEFINITIONAL_REPRESENTATION('',(#3237),#3241);
#3237 = LINE('',#3238,#3239);
#3238 = CARTESIAN_POINT('',(159.21781090453,-12.7));
#3239 = VECTOR('',#3240,1.);
#3240 = DIRECTION('',(1.,-0.));
#3241 = ( GEOMETRIC_REPRESENTATION_CONTEXT(2) 
PARAMETRIC_REPRESENTATION_CONTEXT() REPRESENTATION_CONTEXT('2D SPACE',''
  ) );
#3242 = PCURVE('',#1431,#3243);
#3243 = DEFINITIONAL_REPRESENTATION('',(#3244),#3248);
#3244 = LINE('',#3245,#3246);
#3245 = CARTESIAN_POINT('',(-58.30851884408,217.51333102174));
#3246 = VECTOR('',#3247,1.);
#3247 = DIRECTION('',(-0.5,-0.866025403784));
#3248 = ( GEOMETRIC_REPRESENTATION_CONTEXT(2) 
PARAMETRIC_REPRESENTATION_CONTEXT() REPRESENTATION_CONTEXT('2D SPACE',''
  ) );
#3249 = ORIENTED_EDGE('',*,*,#3250,.F.);
#3250 = EDGE_CURVE('',#1329,#3228,#3251,.T.);
#3251 = SURFACE_CURVE('',#3252,(#3256,#3263),.PCURVE_S1.);
#3252 = LINE('',#3253,#3254);
#3253 = CARTESIAN_POINT('',(342.8,43.124226783579,0.));
#3254 = VECTOR('',#3255,1.);
#3255 = DIRECTION('',(0.,0.,1.));
#3256 = PCURVE('',#1372,#3257);
#3257 = DEFINITIONAL_REPRESENTATION('',(#3258),#3262);
#3258 = LINE('',#3259,#3260);
#3259 = CARTESIAN_POINT('',(14.549226783579,-0.));
#3260 = VECTOR('',#3261,1.);
#3261 = DIRECTION('',(0.,-1.));
#3262 = ( GEOMETRIC_REPRESENTATION_CONTEXT(2) 
PARAMETRIC_REPRESENTATION_CONTEXT() REPRESENTATION_CONTEXT('2D SPACE',''
  ) );
#3263 = PCURVE('',#1344,#3264);
#3264 = DEFINITIONAL_REPRESENTATION('',(#3265),#3269);
#3265 = LINE('',#3266,#3267);
#3266 = CARTESIAN_POINT('',(0.,0.));
#3267 = VECTOR('',#3268,1.);
#3268 = DIRECTION('',(0.,-1.));
#3269 = ( GEOMETRIC_REPRESENTATION_CONTEXT(2) 
PARAMETRIC_REPRESENTATION_CONTEXT() REPRESENTATION_CONTEXT('2D SPACE',''
  ) );
#3270 = ADVANCED_FACE('',(#3271),#1344,.T.);
#3271 = FACE_BOUND('',#3272,.T.);
#3272 = EDGE_LOOP('',(#3273,#3274,#3275,#3296));
#3273 = ORIENTED_EDGE('',*,*,#1328,.F.);
#3274 = ORIENTED_EDGE('',*,*,#3250,.T.);
#3275 = ORIENTED_EDGE('',*,*,#3276,.T.);
#3276 = EDGE_CURVE('',#3228,#3178,#3277,.T.);
#3277 = SURFACE_CURVE('',#3278,(#3282,#3289),.PCURVE_S1.);
#3278 = LINE('',#3279,#3280);
#3279 = CARTESIAN_POINT('',(217.28666897831,-29.34092866871,12.7));
#3280 = VECTOR('',#3281,1.);
#3281 = DIRECTION('',(-0.866025403784,-0.5,0.));
#3282 = PCURVE('',#1344,#3283);
#3283 = DEFINITIONAL_REPRESENTATION('',(#3284),#3288);
#3284 = LINE('',#3285,#3286);
#3285 = CARTESIAN_POINT('',(144.93031090453,-12.7));
#3286 = VECTOR('',#3287,1.);
#3287 = DIRECTION('',(1.,0.));
#3288 = ( GEOMETRIC_REPRESENTATION_CONTEXT(2) 
PARAMETRIC_REPRESENTATION_CONTEXT() REPRESENTATION_CONTEXT('2D SPACE',''
  ) );
#3289 = PCURVE('',#1431,#3290);
#3290 = DEFINITIONAL_REPRESENTATION('',(#3291),#3295);
#3291 = LINE('',#3292,#3293);
#3292 = CARTESIAN_POINT('',(86.490928668712,217.28666897831));
#3293 = VECTOR('',#3294,1.);
#3294 = DIRECTION('',(0.5,-0.866025403784));
#3295 = ( GEOMETRIC_REPRESENTATION_CONTEXT(2) 
PARAMETRIC_REPRESENTATION_CONTEXT() REPRESENTATION_CONTEXT('2D SPACE',''
  ) );
#3296 = ORIENTED_EDGE('',*,*,#3177,.F.);
#3297 = ADVANCED_FACE('',(#3298,#3711,#3719,#3727,#3735),#1431,.T.);
#3298 = FACE_BOUND('',#3299,.T.);
#3299 = EDGE_LOOP('',(#3300,#3301,#3302,#3303,#3304,#3305,#3467,#3495,
    #3523,#3551));
#3300 = ORIENTED_EDGE('',*,*,#1413,.T.);
#3301 = ORIENTED_EDGE('',*,*,#1579,.T.);
#3302 = ORIENTED_EDGE('',*,*,#1721,.T.);
#3303 = ORIENTED_EDGE('',*,*,#1900,.F.);
#3304 = ORIENTED_EDGE('',*,*,#2062,.T.);
#3305 = ORIENTED_EDGE('',*,*,#3306,.F.);
#3306 = EDGE_CURVE('',#3307,#2035,#3309,.T.);
#3307 = VERTEX_POINT('',#3308);
#3308 = CARTESIAN_POINT('',(249.27533985338,39.118508667712,12.7));
#3309 = SURFACE_CURVE('',#3310,(#3327,#3347),.PCURVE_S1.);
#3310 = B_SPLINE_CURVE_WITH_KNOTS('',8,(#3311,#3312,#3313,#3314,#3315,
    #3316,#3317,#3318,#3319,#3320,#3321,#3322,#3323,#3324,#3325,#3326),
  .UNSPECIFIED.,.F.,.F.,(9,7,9),(0.,0.5,1.),.UNSPECIFIED.);
#3311 = CARTESIAN_POINT('',(249.27533985338,39.118508667712,12.7));
#3312 = CARTESIAN_POINT('',(249.31268172519,39.096936184606,12.7));
#3313 = CARTESIAN_POINT('',(249.36128595888,39.097618655118,12.7));
#3314 = CARTESIAN_POINT('',(249.40321163744,39.119792065046,12.7));
#3315 = CARTESIAN_POINT('',(249.43868221301,39.132163718771,12.7));
#3316 = CARTESIAN_POINT('',(249.47784212792,39.160062993996,12.7));
#3317 = CARTESIAN_POINT('',(249.51054265296,39.184268770504,12.7));
#3318 = CARTESIAN_POINT('',(249.5430030658,39.213037851187,12.7));
#3319 = CARTESIAN_POINT('',(249.60295596656,39.27401532719,12.7));
#3320 = CARTESIAN_POINT('',(249.63087455154,39.306754211121,12.7));
#3321 = CARTESIAN_POINT('',(249.65638449097,39.341128749566,12.7));
#3322 = CARTESIAN_POINT('',(249.67934505371,39.377251760465,12.7));
#3323 = CARTESIAN_POINT('',(249.69938107978,39.415505663153,12.7));
#3324 = CARTESIAN_POINT('',(249.71543850253,39.456084770406,12.7));
#3325 = CARTESIAN_POINT('',(249.72533987072,39.498537580482,12.7));
#3326 = CARTESIAN_POINT('',(249.72533987072,39.541309069166,12.7));
#3327 = PCURVE('',#1431,#3328);
#3328 = DEFINITIONAL_REPRESENTATION('',(#3329),#3346);
#3329 = B_SPLINE_CURVE_WITH_KNOTS('',8,(#3330,#3331,#3332,#3333,#3334,
    #3335,#3336,#3337,#3338,#3339,#3340,#3341,#3342,#3343,#3344,#3345),
  .UNSPECIFIED.,.F.,.F.,(9,7,9),(0.,0.5,1.),.UNSPECIFIED.);
#3330 = CARTESIAN_POINT('',(18.031491332288,249.27533985338));
#3331 = CARTESIAN_POINT('',(18.053063815394,249.31268172519));
#3332 = CARTESIAN_POINT('',(18.052381344882,249.36128595888));
#3333 = CARTESIAN_POINT('',(18.030207934954,249.40321163744));
#3334 = CARTESIAN_POINT('',(18.017836281229,249.43868221301));
#3335 = CARTESIAN_POINT('',(17.989937006004,249.47784212792));
#3336 = CARTESIAN_POINT('',(17.965731229496,249.51054265296));
#3337 = CARTESIAN_POINT('',(17.936962148813,249.5430030658));
#3338 = CARTESIAN_POINT('',(17.87598467281,249.60295596656));
#3339 = CARTESIAN_POINT('',(17.843245788879,249.63087455154));
#3340 = CARTESIAN_POINT('',(17.808871250434,249.65638449097));
#3341 = CARTESIAN_POINT('',(17.772748239535,249.67934505371));
#3342 = CARTESIAN_POINT('',(17.734494336847,249.69938107978));
#3343 = CARTESIAN_POINT('',(17.693915229594,249.71543850253));
#3344 = CARTESIAN_POINT('',(17.651462419518,249.72533987072));
#3345 = CARTESIAN_POINT('',(17.608690930834,249.72533987072));
#3346 = ( GEOMETRIC_REPRESENTATION_CONTEXT(2) 
PARAMETRIC_REPRESENTATION_CONTEXT() REPRESENTATION_CONTEXT('2D SPACE',''
  ) );
#3347 = PCURVE('',#3348,#3461);
#3348 = B_SPLINE_SURFACE_WITH_KNOTS('',6,8,(
    (#3349,#3350,#3351,#3352,#3353,#3354,#3355,#3356,#3357,#3358,#3359
      ,#3360,#3361,#3362,#3363,#3364)
    ,(#3365,#3366,#3367,#3368,#3369,#3370,#3371,#3372,#3373,#3374,#3375
      ,#3376,#3377,#3378,#3379,#3380)
    ,(#3381,#3382,#3383,#3384,#3385,#3386,#3387,#3388,#3389,#3390,#3391
      ,#3392,#3393,#3394,#3395,#3396)
    ,(#3397,#3398,#3399,#3400,#3401,#3402,#3403,#3404,#3405,#3406,#3407
      ,#3408,#3409,#3410,#3411,#3412)
    ,(#3413,#3414,#3415,#3416,#3417,#3418,#3419,#3420,#3421,#3422,#3423
      ,#3424,#3425,#3426,#3427,#3428)
    ,(#3429,#3430,#3431,#3432,#3433,#3434,#3435,#3436,#3437,#3438,#3439
      ,#3440,#3441,#3442,#3443,#3444)
    ,(#3445,#3446,#3447,#3448,#3449,#3450,#3451,#3452,#3453,#3454,#3455
      ,#3456,#3457,#3458,#3459,#3460
    )),.UNSPECIFIED.,.F.,.F.,.F.,(7,7),(9,7,9),(0.,1.),(0.,0.5,1.),
  .UNSPECIFIED.);
#3349 = CARTESIAN_POINT('',(249.27533985338,39.118508667712,12.7));
#3350 = CARTESIAN_POINT('',(249.31268172519,39.096936184606,12.7));
#3351 = CARTESIAN_POINT('',(249.36128595888,39.097618655118,12.7));
#3352 = CARTESIAN_POINT('',(249.40321163744,39.119792065046,12.7));
#3353 = CARTESIAN_POINT('',(249.43868221301,39.132163718771,12.7));
#3354 = CARTESIAN_POINT('',(249.47784212792,39.160062993996,12.7));
#3355 = CARTESIAN_POINT('',(249.51054265296,39.184268770504,12.7));
#3356 = CARTESIAN_POINT('',(249.5430030658,39.213037851187,12.7));
#3357 = CARTESIAN_POINT('',(249.60295596656,39.27401532719,12.7));
#3358 = CARTESIAN_POINT('',(249.63087455154,39.306754211121,12.7));
#3359 = CARTESIAN_POINT('',(249.65638449097,39.341128749566,12.7));
#3360 = CARTESIAN_POINT('',(249.67934505371,39.377251760465,12.7));
#3361 = CARTESIAN_POINT('',(249.69938107978,39.415505663153,12.7));
#3362 = CARTESIAN_POINT('',(249.71543850253,39.456084770406,12.7));
#3363 = CARTESIAN_POINT('',(249.72533987072,39.498537580482,12.7));
#3364 = CARTESIAN_POINT('',(249.72533987072,39.541309069166,12.7));
#3365 = CARTESIAN_POINT('',(249.31387165594,39.185207045672,12.7));
#3366 = CARTESIAN_POINT('',(249.34792289356,39.163482045427,12.7));
#3367 = CARTESIAN_POINT('',(249.39168580866,39.160867794984,12.7));
#3368 = CARTESIAN_POINT('',(249.43011097311,39.1767845445,12.7));
#3369 = CARTESIAN_POINT('',(249.46327400556,39.185191324689,12.7));
#3370 = CARTESIAN_POINT('',(249.49951148749,39.207208455208,12.7));
#3371 = CARTESIAN_POINT('',(249.53024902406,39.226805830978,12.7));
#3372 = CARTESIAN_POINT('',(249.56055875522,39.250827844021,12.7));
#3373 = CARTESIAN_POINT('',(249.61638552833,39.302867875917,12.7));
#3374 = CARTESIAN_POINT('',(249.64225805851,39.331327697869,12.7));
#3375 = CARTESIAN_POINT('',(249.66569747468,39.36165922231,12.7));
#3376 = CARTESIAN_POINT('',(249.68650067586,39.393878083318,12.7));
#3377 = CARTESIAN_POINT('',(249.70428639767,39.428207557541,12.7));
#3378 = CARTESIAN_POINT('',(249.71812789227,39.464702469184,12.7));
#3379 = CARTESIAN_POINT('',(249.72618560827,39.502873094976,12.7));
#3380 = CARTESIAN_POINT('',(249.72533987072,39.541309069166,12.7));
#3381 = CARTESIAN_POINT('',(249.35240050453,39.251900310312,
    12.676271410733));
#3382 = CARTESIAN_POINT('',(249.38363369615,39.230840840991,
    12.677427626736));
#3383 = CARTESIAN_POINT('',(249.42278503918,39.226937468982,
    12.67408108781));
#3384 = CARTESIAN_POINT('',(249.45732810795,39.233799536957,
    12.67409423102));
#3385 = CARTESIAN_POINT('',(249.48877625424,39.238271908395,
    12.674767011099));
#3386 = CARTESIAN_POINT('',(249.52160019083,39.25251785455,
    12.675953890901));
#3387 = CARTESIAN_POINT('',(249.55063170447,39.267255752974,
    12.677591235884));
#3388 = CARTESIAN_POINT('',(249.57862592775,39.286236300977,
    12.679559746193));
#3389 = CARTESIAN_POINT('',(249.62986501231,39.329491852339,
    12.683962326028));
#3390 = CARTESIAN_POINT('',(249.65332851213,39.354023231411,
    12.686395479699));
#3391 = CARTESIAN_POINT('',(249.67421345075,39.380915134717,
    12.68895730555));
#3392 = CARTESIAN_POINT('',(249.69228073165,39.409914769225,
    12.691542140037));
#3393 = CARTESIAN_POINT('',(249.7072484081,39.440867026177,
    12.694043423102));
#3394 = CARTESIAN_POINT('',(249.71856541081,39.473521879227,
    12.696355273625));
#3395 = CARTESIAN_POINT('',(249.72635475578,39.509366147629,
    12.695720830866));
#3396 = CARTESIAN_POINT('',(249.72533987072,39.541309069166,12.7));
#3397 = CARTESIAN_POINT('',(249.38637472977,39.310709542295,
    12.628781539809));
#3398 = CARTESIAN_POINT('',(249.41499973639,39.290678872336,
    12.63189491884));
#3399 = CARTESIAN_POINT('',(249.44822034574,39.281582378495,
    12.634782353521));
#3400 = CARTESIAN_POINT('',(249.47891818613,39.283907149689,
    12.638324086205));
#3401 = CARTESIAN_POINT('',(249.50776227278,39.285098649926,
    12.642276442151));
#3402 = CARTESIAN_POINT('',(249.53793413952,39.294826701,12.646484488507
    ));
#3403 = CARTESIAN_POINT('',(249.56513295667,39.305777994775,
    12.650978883317));
#3404 = CARTESIAN_POINT('',(249.59140627211,39.320805844508,
    12.655666282885));
#3405 = CARTESIAN_POINT('',(249.63955029833,39.356340676146,
    12.665336681275));
#3406 = CARTESIAN_POINT('',(249.66161333369,39.377054054831,
    12.670317633606));
#3407 = CARTESIAN_POINT('',(249.68112911709,39.400180794531,
    12.675388273554));
#3408 = CARTESIAN_POINT('',(249.69777845785,39.425406087299,
    12.680488144569));
#3409 = CARTESIAN_POINT('',(249.71125311247,39.452502377172,
    12.685555664749));
#3410 = CARTESIAN_POINT('',(249.72104764838,39.481198818246,
    12.690531392505));
#3411 = CARTESIAN_POINT('',(249.72610103451,39.510790610613,
    12.695051662296));
#3412 = CARTESIAN_POINT('',(249.72533987072,39.541309069166,12.7));
#3413 = CARTESIAN_POINT('',(249.41114649876,39.353589363673,
    12.562330490409));
#3414 = CARTESIAN_POINT('',(249.43700475529,39.334313017606,
    12.569500001474));
#3415 = CARTESIAN_POINT('',(249.46486617817,39.320657351813,
    12.580844816161));
#3416 = CARTESIAN_POINT('',(249.49230245858,39.319415474222,
    12.589637970763));
#3417 = CARTESIAN_POINT('',(249.51899874205,39.318071025727,
    12.598331836114));
#3418 = CARTESIAN_POINT('',(249.54717282319,39.324445450179,
    12.6068276329));
#3419 = CARTESIAN_POINT('',(249.57312464622,39.33264612561,
    12.615274036336));
#3420 = CARTESIAN_POINT('',(249.5983398342,39.344859358352,
    12.623654385981));
#3421 = CARTESIAN_POINT('',(249.64477209069,39.374982631894,
    12.640378026324));
#3422 = CARTESIAN_POINT('',(249.66616004669,39.393061987273,
    12.648718588365));
#3423 = CARTESIAN_POINT('',(249.68506318178,39.4136208732,
    12.657070936073));
#3424 = CARTESIAN_POINT('',(249.7010636562,39.436283914443,
    12.665462258537));
#3425 = CARTESIAN_POINT('',(249.71379135707,39.460751771677,
    12.673918244377));
#3426 = CARTESIAN_POINT('',(249.72273281639,39.48671436455,
    12.682467435962));
#3427 = CARTESIAN_POINT('',(249.72567816574,39.511406542394,
    12.693402216395));
#3428 = CARTESIAN_POINT('',(249.72533987072,39.541309069166,12.7));
#3429 = CARTESIAN_POINT('',(249.42417528436,39.37614213329,
    12.486060358648));
#3430 = CARTESIAN_POINT('',(249.44816010191,39.359166428666,
    12.498757648436));
#3431 = CARTESIAN_POINT('',(249.47387568273,39.347423621646,
    12.511508148352));
#3432 = CARTESIAN_POINT('',(249.49970859216,39.340952486532,
    12.524317659083));
#3433 = CARTESIAN_POINT('',(249.52628212779,39.338295047379,
    12.537317394491));
#3434 = CARTESIAN_POINT('',(249.55297525988,39.340338719067,
    12.550390923557));
#3435 = CARTESIAN_POINT('',(249.57874501032,39.346384282738,
    12.563625698408));
#3436 = CARTESIAN_POINT('',(249.60324769958,39.356303286276,
    12.576969177743));
#3437 = CARTESIAN_POINT('',(249.64826856898,39.382884328607,
    12.603871591142));
#3438 = CARTESIAN_POINT('',(249.66883541756,39.399568944789,
    12.617428226113));
#3439 = CARTESIAN_POINT('',(249.68681463837,39.419174106627,
    12.631077329067));
#3440 = CARTESIAN_POINT('',(249.7017474565,39.441148159566,
    12.644798979186));
#3441 = CARTESIAN_POINT('',(249.71330708393,39.464903175286,
    12.658570419834));
#3442 = CARTESIAN_POINT('',(249.72124543983,39.48985678311,
    12.67237018325));
#3443 = CARTESIAN_POINT('',(249.72533987072,39.51547400144,
    12.686182215266));
#3444 = CARTESIAN_POINT('',(249.72533987072,39.541309069166,12.7));
#3445 = CARTESIAN_POINT('',(249.42533986378,39.378158015063,
    12.409067155008));
#3446 = CARTESIAN_POINT('',(249.44801235574,39.364454236647,
    12.42641582631));
#3447 = CARTESIAN_POINT('',(249.47264310319,39.354140188953,
    12.443882869618));
#3448 = CARTESIAN_POINT('',(249.49864012241,39.347557443937,
    12.461480212887));
#3449 = CARTESIAN_POINT('',(249.52533986459,39.34492366397,
    12.479215457054));
#3450 = CARTESIAN_POINT('',(249.5520396069,39.346313878485,
    12.497091222204));
#3451 = CARTESIAN_POINT('',(249.57803662647,39.351653058092,
    12.515104888255));
#3452 = CARTESIAN_POINT('',(249.6026673745,39.360723540457,
    12.533248854269));
#3453 = CARTESIAN_POINT('',(249.64801236,39.385643966869,12.569773530315
    ));
#3454 = CARTESIAN_POINT('',(249.66872904146,39.401492286455,
    12.58815418362));
#3455 = CARTESIAN_POINT('',(249.68689026665,39.420392548403,
    12.606641413101));
#3456 = CARTESIAN_POINT('',(249.70198108538,39.441874467479,
    12.625218796035));
#3457 = CARTESIAN_POINT('',(249.71358971121,39.465365606907,
    12.64386634249));
#3458 = CARTESIAN_POINT('',(249.72142599036,39.490223348018,
    12.662561611727));
#3459 = CARTESIAN_POINT('',(249.72533987072,39.515766859922,
    12.681280828609));
#3460 = CARTESIAN_POINT('',(249.72533987072,39.541309069166,12.7));
#3461 = DEFINITIONAL_REPRESENTATION('',(#3462),#3466);
#3462 = LINE('',#3463,#3464);
#3463 = CARTESIAN_POINT('',(0.,0.));
#3464 = VECTOR('',#3465,1.);
#3465 = DIRECTION('',(0.,1.));
#3466 = ( GEOMETRIC_REPRESENTATION_CONTEXT(2) 
PARAMETRIC_REPRESENTATION_CONTEXT() REPRESENTATION_CONTEXT('2D SPACE',''
  ) );
#3467 = ORIENTED_EDGE('',*,*,#3468,.T.);
#3468 = EDGE_CURVE('',#3307,#3469,#3471,.T.);
#3469 = VERTEX_POINT('',#3470);
#3470 = CARTESIAN_POINT('',(237.42533987072,45.964280239173,12.7));
#3471 = SURFACE_CURVE('',#3472,(#3476,#3483),.PCURVE_S1.);
#3472 = LINE('',#3473,#3474);
#3473 = CARTESIAN_POINT('',(249.5797404358,38.942655768428,12.7));
#3474 = VECTOR('',#3475,1.);
#3475 = DIRECTION('',(-0.865893403497,0.50022856154,0.));
#3476 = PCURVE('',#1431,#3477);
#3477 = DEFINITIONAL_REPRESENTATION('',(#3478),#3482);
#3478 = LINE('',#3479,#3480);
#3479 = CARTESIAN_POINT('',(18.207344231572,249.5797404358));
#3480 = VECTOR('',#3481,1.);
#3481 = DIRECTION('',(-0.50022856154,-0.865893403497));
#3482 = ( GEOMETRIC_REPRESENTATION_CONTEXT(2) 
PARAMETRIC_REPRESENTATION_CONTEXT() REPRESENTATION_CONTEXT('2D SPACE',''
  ) );
#3483 = PCURVE('',#3484,#3489);
#3484 = CYLINDRICAL_SURFACE('',#3485,0.3);
#3485 = AXIS2_PLACEMENT_3D('',#3486,#3487,#3488);
#3486 = CARTESIAN_POINT('',(249.5797404358,38.942655768428,12.4));
#3487 = DIRECTION('',(-0.865893403497,0.50022856154,0.));
#3488 = DIRECTION('',(0.500000034668,0.865497824504,3.022385002512E-02)
  );
#3489 = DEFINITIONAL_REPRESENTATION('',(#3490),#3494);
#3490 = LINE('',#3491,#3492);
#3491 = CARTESIAN_POINT('',(-1.540567873391,0.));
#3492 = VECTOR('',#3493,1.);
#3493 = DIRECTION('',(-0.,1.));
#3494 = ( GEOMETRIC_REPRESENTATION_CONTEXT(2) 
PARAMETRIC_REPRESENTATION_CONTEXT() REPRESENTATION_CONTEXT('2D SPACE',''
  ) );
#3495 = ORIENTED_EDGE('',*,*,#3496,.T.);
#3496 = EDGE_CURVE('',#3469,#3497,#3499,.T.);
#3497 = VERTEX_POINT('',#3498);
#3498 = CARTESIAN_POINT('',(237.42533987072,11.185719760827,12.7));
#3499 = SURFACE_CURVE('',#3500,(#3504,#3511),.PCURVE_S1.);
#3500 = LINE('',#3501,#3502);
#3501 = CARTESIAN_POINT('',(237.42533987072,46.473736003139,12.7));
#3502 = VECTOR('',#3503,1.);
#3503 = DIRECTION('',(0.,-1.,0.));
#3504 = PCURVE('',#1431,#3505);
#3505 = DEFINITIONAL_REPRESENTATION('',(#3506),#3510);
#3506 = LINE('',#3507,#3508);
#3507 = CARTESIAN_POINT('',(10.676263996861,237.42533987072));
#3508 = VECTOR('',#3509,1.);
#3509 = DIRECTION('',(1.,-1.110223024625E-16));
#3510 = ( GEOMETRIC_REPRESENTATION_CONTEXT(2) 
PARAMETRIC_REPRESENTATION_CONTEXT() REPRESENTATION_CONTEXT('2D SPACE',''
  ) );
#3511 = PCURVE('',#3512,#3517);
#3512 = CYLINDRICAL_SURFACE('',#3513,0.3);
#3513 = AXIS2_PLACEMENT_3D('',#3514,#3515,#3516);
#3514 = CARTESIAN_POINT('',(237.42533987072,46.473736003139,12.4));
#3515 = DIRECTION('',(0.,-1.,0.));
#3516 = DIRECTION('',(-1.,-0.,0.));
#3517 = DEFINITIONAL_REPRESENTATION('',(#3518),#3522);
#3518 = LINE('',#3519,#3520);
#3519 = CARTESIAN_POINT('',(-1.570796326795,0.));
#3520 = VECTOR('',#3521,1.);
#3521 = DIRECTION('',(-0.,1.));
#3522 = ( GEOMETRIC_REPRESENTATION_CONTEXT(2) 
PARAMETRIC_REPRESENTATION_CONTEXT() REPRESENTATION_CONTEXT('2D SPACE',''
  ) );
#3523 = ORIENTED_EDGE('',*,*,#3524,.T.);
#3524 = EDGE_CURVE('',#3497,#3525,#3527,.T.);
#3525 = VERTEX_POINT('',#3526);
#3526 = CARTESIAN_POINT('',(249.27533985338,18.031491332289,12.7));
#3527 = SURFACE_CURVE('',#3528,(#3532,#3539),.PCURVE_S1.);
#3528 = LINE('',#3529,#3530);
#3529 = CARTESIAN_POINT('',(236.9797404358,10.928295967724,12.7));
#3530 = VECTOR('',#3531,1.);
#3531 = DIRECTION('',(0.865893403497,0.50022856154,-0.));
#3532 = PCURVE('',#1431,#3533);
#3533 = DEFINITIONAL_REPRESENTATION('',(#3534),#3538);
#3534 = LINE('',#3535,#3536);
#3535 = CARTESIAN_POINT('',(46.221704032276,236.9797404358));
#3536 = VECTOR('',#3537,1.);
#3537 = DIRECTION('',(-0.50022856154,0.865893403497));
#3538 = ( GEOMETRIC_REPRESENTATION_CONTEXT(2) 
PARAMETRIC_REPRESENTATION_CONTEXT() REPRESENTATION_CONTEXT('2D SPACE',''
  ) );
#3539 = PCURVE('',#3540,#3545);
#3540 = CYLINDRICAL_SURFACE('',#3541,0.3);
#3541 = AXIS2_PLACEMENT_3D('',#3542,#3543,#3544);
#3542 = CARTESIAN_POINT('',(236.9797404358,10.928295967724,12.4));
#3543 = DIRECTION('',(0.865893403497,0.50022856154,-0.));
#3544 = DIRECTION('',(0.500000034668,-0.865497824504,3.022385002512E-02)
  );
#3545 = DEFINITIONAL_REPRESENTATION('',(#3546),#3550);
#3546 = LINE('',#3547,#3548);
#3547 = CARTESIAN_POINT('',(-1.540567873391,0.));
#3548 = VECTOR('',#3549,1.);
#3549 = DIRECTION('',(-0.,1.));
#3550 = ( GEOMETRIC_REPRESENTATION_CONTEXT(2) 
PARAMETRIC_REPRESENTATION_CONTEXT() REPRESENTATION_CONTEXT('2D SPACE',''
  ) );
#3551 = ORIENTED_EDGE('',*,*,#3552,.T.);
#3552 = EDGE_CURVE('',#3525,#1414,#3553,.T.);
#3553 = SURFACE_CURVE('',#3554,(#3571,#3591),.PCURVE_S1.);
#3554 = B_SPLINE_CURVE_WITH_KNOTS('',8,(#3555,#3556,#3557,#3558,#3559,
    #3560,#3561,#3562,#3563,#3564,#3565,#3566,#3567,#3568,#3569,#3570),
  .UNSPECIFIED.,.F.,.F.,(9,7,9),(0.,0.5,1.),.UNSPECIFIED.);
#3555 = CARTESIAN_POINT('',(249.27533985338,18.031491332289,12.7));
#3556 = CARTESIAN_POINT('',(249.31268172519,18.053063815394,12.7));
#3557 = CARTESIAN_POINT('',(249.36128595889,18.052381344881,12.7));
#3558 = CARTESIAN_POINT('',(249.40321163744,18.030207934954,12.7));
#3559 = CARTESIAN_POINT('',(249.43868221301,18.017836281228,12.7));
#3560 = CARTESIAN_POINT('',(249.47784212792,17.989937006004,12.7));
#3561 = CARTESIAN_POINT('',(249.51054265296,17.965731229495,12.7));
#3562 = CARTESIAN_POINT('',(249.5430030658,17.936962148812,12.7));
#3563 = CARTESIAN_POINT('',(249.60295596656,17.87598467281,12.7));
#3564 = CARTESIAN_POINT('',(249.63087455155,17.843245788879,12.7));
#3565 = CARTESIAN_POINT('',(249.65638449097,17.808871250434,12.7));
#3566 = CARTESIAN_POINT('',(249.67934505372,17.772748239534,12.7));
#3567 = CARTESIAN_POINT('',(249.69938107978,17.734494336847,12.7));
#3568 = CARTESIAN_POINT('',(249.71543850253,17.693915229594,12.7));
#3569 = CARTESIAN_POINT('',(249.72533987072,17.651462419518,12.7));
#3570 = CARTESIAN_POINT('',(249.72533987072,17.608690930834,12.7));
#3571 = PCURVE('',#1431,#3572);
#3572 = DEFINITIONAL_REPRESENTATION('',(#3573),#3590);
#3573 = B_SPLINE_CURVE_WITH_KNOTS('',8,(#3574,#3575,#3576,#3577,#3578,
    #3579,#3580,#3581,#3582,#3583,#3584,#3585,#3586,#3587,#3588,#3589),
  .UNSPECIFIED.,.F.,.F.,(9,7,9),(0.,0.5,1.),.UNSPECIFIED.);
#3574 = CARTESIAN_POINT('',(39.118508667712,249.27533985338));
#3575 = CARTESIAN_POINT('',(39.096936184606,249.31268172519));
#3576 = CARTESIAN_POINT('',(39.097618655119,249.36128595889));
#3577 = CARTESIAN_POINT('',(39.119792065046,249.40321163744));
#3578 = CARTESIAN_POINT('',(39.132163718772,249.43868221301));
#3579 = CARTESIAN_POINT('',(39.160062993996,249.47784212792));
#3580 = CARTESIAN_POINT('',(39.184268770505,249.51054265296));
#3581 = CARTESIAN_POINT('',(39.213037851188,249.5430030658));
#3582 = CARTESIAN_POINT('',(39.27401532719,249.60295596656));
#3583 = CARTESIAN_POINT('',(39.306754211121,249.63087455155));
#3584 = CARTESIAN_POINT('',(39.341128749566,249.65638449097));
#3585 = CARTESIAN_POINT('',(39.377251760466,249.67934505372));
#3586 = CARTESIAN_POINT('',(39.415505663153,249.69938107978));
#3587 = CARTESIAN_POINT('',(39.456084770406,249.71543850253));
#3588 = CARTESIAN_POINT('',(39.498537580482,249.72533987072));
#3589 = CARTESIAN_POINT('',(39.541309069166,249.72533987072));
#3590 = ( GEOMETRIC_REPRESENTATION_CONTEXT(2) 
PARAMETRIC_REPRESENTATION_CONTEXT() REPRESENTATION_CONTEXT('2D SPACE',''
  ) );
#3591 = PCURVE('',#3592,#3705);
#3592 = B_SPLINE_SURFACE_WITH_KNOTS('',6,8,(
    (#3593,#3594,#3595,#3596,#3597,#3598,#3599,#3600,#3601,#3602,#3603
      ,#3604,#3605,#3606,#3607,#3608)
    ,(#3609,#3610,#3611,#3612,#3613,#3614,#3615,#3616,#3617,#3618,#3619
      ,#3620,#3621,#3622,#3623,#3624)
    ,(#3625,#3626,#3627,#3628,#3629,#3630,#3631,#3632,#3633,#3634,#3635
      ,#3636,#3637,#3638,#3639,#3640)
    ,(#3641,#3642,#3643,#3644,#3645,#3646,#3647,#3648,#3649,#3650,#3651
      ,#3652,#3653,#3654,#3655,#3656)
    ,(#3657,#3658,#3659,#3660,#3661,#3662,#3663,#3664,#3665,#3666,#3667
      ,#3668,#3669,#3670,#3671,#3672)
    ,(#3673,#3674,#3675,#3676,#3677,#3678,#3679,#3680,#3681,#3682,#3683
      ,#3684,#3685,#3686,#3687,#3688)
    ,(#3689,#3690,#3691,#3692,#3693,#3694,#3695,#3696,#3697,#3698,#3699
      ,#3700,#3701,#3702,#3703,#3704
    )),.UNSPECIFIED.,.F.,.F.,.F.,(7,7),(9,7,9),(0.,1.),(0.,0.5,1.),
  .UNSPECIFIED.);
#3593 = CARTESIAN_POINT('',(249.27533985338,18.031491332289,12.7));
#3594 = CARTESIAN_POINT('',(249.31268172519,18.053063815394,12.7));
#3595 = CARTESIAN_POINT('',(249.36128595889,18.052381344881,12.7));
#3596 = CARTESIAN_POINT('',(249.40321163744,18.030207934954,12.7));
#3597 = CARTESIAN_POINT('',(249.43868221301,18.017836281228,12.7));
#3598 = CARTESIAN_POINT('',(249.47784212792,17.989937006004,12.7));
#3599 = CARTESIAN_POINT('',(249.51054265296,17.965731229495,12.7));
#3600 = CARTESIAN_POINT('',(249.5430030658,17.936962148812,12.7));
#3601 = CARTESIAN_POINT('',(249.60295596656,17.87598467281,12.7));
#3602 = CARTESIAN_POINT('',(249.63087455155,17.843245788879,12.7));
#3603 = CARTESIAN_POINT('',(249.65638449097,17.808871250434,12.7));
#3604 = CARTESIAN_POINT('',(249.67934505372,17.772748239534,12.7));
#3605 = CARTESIAN_POINT('',(249.69938107978,17.734494336847,12.7));
#3606 = CARTESIAN_POINT('',(249.71543850253,17.693915229594,12.7));
#3607 = CARTESIAN_POINT('',(249.72533987072,17.651462419518,12.7));
#3608 = CARTESIAN_POINT('',(249.72533987072,17.608690930834,12.7));
#3609 = CARTESIAN_POINT('',(249.31387165594,17.964792954328,12.7));
#3610 = CARTESIAN_POINT('',(249.34792289356,17.986517954573,12.7));
#3611 = CARTESIAN_POINT('',(249.39168580866,17.989132205016,12.7));
#3612 = CARTESIAN_POINT('',(249.43011097311,17.9732154555,12.7));
#3613 = CARTESIAN_POINT('',(249.46327400556,17.96480867531,12.7));
#3614 = CARTESIAN_POINT('',(249.49951148749,17.942791544792,12.7));
#3615 = CARTESIAN_POINT('',(249.53024902406,17.923194169021,12.7));
#3616 = CARTESIAN_POINT('',(249.56055875522,17.899172155979,12.7));
#3617 = CARTESIAN_POINT('',(249.61638552833,17.847132124083,12.7));
#3618 = CARTESIAN_POINT('',(249.64225805851,17.818672302131,12.7));
#3619 = CARTESIAN_POINT('',(249.66569747467,17.78834077769,12.7));
#3620 = CARTESIAN_POINT('',(249.68650067587,17.756121916682,12.7));
#3621 = CARTESIAN_POINT('',(249.70428639767,17.721792442459,12.7));
#3622 = CARTESIAN_POINT('',(249.71812789227,17.685297530817,12.7));
#3623 = CARTESIAN_POINT('',(249.72618560827,17.647126905024,12.7));
#3624 = CARTESIAN_POINT('',(249.72533987072,17.608690930834,12.7));
#3625 = CARTESIAN_POINT('',(249.35240050453,17.898099689687,
    12.676271410733));
#3626 = CARTESIAN_POINT('',(249.38363369615,17.919159159008,
    12.677427626736));
#3627 = CARTESIAN_POINT('',(249.42278503918,17.923062531017,
    12.67408108781));
#3628 = CARTESIAN_POINT('',(249.45732810795,17.916200463042,
    12.67409423102));
#3629 = CARTESIAN_POINT('',(249.48877625424,17.911728091604,
    12.674767011099));
#3630 = CARTESIAN_POINT('',(249.52160019082,17.89748214545,
    12.675953890901));
#3631 = CARTESIAN_POINT('',(249.55063170447,17.882744247026,
    12.677591235884));
#3632 = CARTESIAN_POINT('',(249.57862592775,17.863763699022,
    12.679559746193));
#3633 = CARTESIAN_POINT('',(249.62986501231,17.82050814766,
    12.683962326028));
#3634 = CARTESIAN_POINT('',(249.65332851213,17.795976768588,
    12.686395479699));
#3635 = CARTESIAN_POINT('',(249.67421345075,17.769084865284,
    12.68895730555));
#3636 = CARTESIAN_POINT('',(249.69228073165,17.740085230774,
    12.691542140037));
#3637 = CARTESIAN_POINT('',(249.7072484081,17.709132973823,
    12.694043423102));
#3638 = CARTESIAN_POINT('',(249.71856541081,17.676478120773,
    12.696355273625));
#3639 = CARTESIAN_POINT('',(249.72635475578,17.640633852371,
    12.695720830866));
#3640 = CARTESIAN_POINT('',(249.72533987072,17.608690930834,12.7));
#3641 = CARTESIAN_POINT('',(249.38637472977,17.839290457706,
    12.628781539809));
#3642 = CARTESIAN_POINT('',(249.41499973639,17.859321127665,
    12.63189491884));
#3643 = CARTESIAN_POINT('',(249.44822034574,17.868417621505,
    12.634782353521));
#3644 = CARTESIAN_POINT('',(249.47891818613,17.866092850312,
    12.638324086205));
#3645 = CARTESIAN_POINT('',(249.50776227278,17.864901350075,
    12.642276442151));
#3646 = CARTESIAN_POINT('',(249.53793413952,17.855173299001,
    12.646484488507));
#3647 = CARTESIAN_POINT('',(249.56513295668,17.844222005225,
    12.650978883317));
#3648 = CARTESIAN_POINT('',(249.59140627211,17.829194155492,
    12.655666282885));
#3649 = CARTESIAN_POINT('',(249.63955029833,17.793659323854,
    12.665336681275));
#3650 = CARTESIAN_POINT('',(249.66161333369,17.772945945169,
    12.670317633607));
#3651 = CARTESIAN_POINT('',(249.6811291171,17.74981920547,
    12.675388273554));
#3652 = CARTESIAN_POINT('',(249.69777845785,17.724593912701,
    12.680488144569));
#3653 = CARTESIAN_POINT('',(249.71125311247,17.697497622829,
    12.685555664749));
#3654 = CARTESIAN_POINT('',(249.72104764838,17.668801181754,
    12.690531392505));
#3655 = CARTESIAN_POINT('',(249.72610103451,17.639209389387,
    12.695051662296));
#3656 = CARTESIAN_POINT('',(249.72533987072,17.608690930834,12.7));
#3657 = CARTESIAN_POINT('',(249.41114649876,17.796410636326,
    12.562330490409));
#3658 = CARTESIAN_POINT('',(249.43700475529,17.815686982393,
    12.569500001474));
#3659 = CARTESIAN_POINT('',(249.46486617817,17.829342648187,
    12.580844816161));
#3660 = CARTESIAN_POINT('',(249.49230245857,17.830584525778,
    12.589637970763));
#3661 = CARTESIAN_POINT('',(249.51899874205,17.831928974272,
    12.598331836114));
#3662 = CARTESIAN_POINT('',(249.54717282319,17.825554549821,
    12.6068276329));
#3663 = CARTESIAN_POINT('',(249.57312464623,17.81735387439,
    12.615274036336));
#3664 = CARTESIAN_POINT('',(249.5983398342,17.805140641648,
    12.623654385981));
#3665 = CARTESIAN_POINT('',(249.64477209069,17.775017368106,
    12.640378026324));
#3666 = CARTESIAN_POINT('',(249.66616004669,17.756938012726,
    12.648718588365));
#3667 = CARTESIAN_POINT('',(249.68506318178,17.7363791268,
    12.657070936073));
#3668 = CARTESIAN_POINT('',(249.7010636562,17.713716085556,
    12.665462258537));
#3669 = CARTESIAN_POINT('',(249.71379135708,17.689248228324,
    12.673918244377));
#3670 = CARTESIAN_POINT('',(249.72273281639,17.663285635449,
    12.682467435962));
#3671 = CARTESIAN_POINT('',(249.72567816574,17.638593457606,
    12.693402216395));
#3672 = CARTESIAN_POINT('',(249.72533987072,17.608690930834,12.7));
#3673 = CARTESIAN_POINT('',(249.42417528436,17.77385786671,
    12.486060358648));
#3674 = CARTESIAN_POINT('',(249.44816010191,17.790833571334,
    12.498757648436));
#3675 = CARTESIAN_POINT('',(249.47387568273,17.802576378354,
    12.511508148352));
#3676 = CARTESIAN_POINT('',(249.49970859216,17.809047513468,
    12.524317659083));
#3677 = CARTESIAN_POINT('',(249.5262821278,17.811704952621,
    12.537317394491));
#3678 = CARTESIAN_POINT('',(249.55297525988,17.809661280932,
    12.550390923557));
#3679 = CARTESIAN_POINT('',(249.57874501032,17.803615717262,
    12.563625698408));
#3680 = CARTESIAN_POINT('',(249.60324769958,17.793696713724,
    12.576969177743));
#3681 = CARTESIAN_POINT('',(249.64826856898,17.767115671393,
    12.603871591142));
#3682 = CARTESIAN_POINT('',(249.66883541756,17.750431055211,
    12.617428226113));
#3683 = CARTESIAN_POINT('',(249.68681463838,17.730825893374,
    12.631077329067));
#3684 = CARTESIAN_POINT('',(249.70174745649,17.708851840433,
    12.644798979186));
#3685 = CARTESIAN_POINT('',(249.71330708394,17.685096824715,
    12.658570419834));
#3686 = CARTESIAN_POINT('',(249.72124543982,17.66014321689,
    12.67237018325));
#3687 = CARTESIAN_POINT('',(249.72533987072,17.63452599856,
    12.686182215266));
#3688 = CARTESIAN_POINT('',(249.72533987072,17.608690930834,12.7));
#3689 = CARTESIAN_POINT('',(249.42533986378,17.771841984937,
    12.409067155008));
#3690 = CARTESIAN_POINT('',(249.44801235574,17.785545763354,
    12.42641582631));
#3691 = CARTESIAN_POINT('',(249.47264310319,17.795859811047,
    12.443882869618));
#3692 = CARTESIAN_POINT('',(249.4986401224,17.802442556063,
    12.461480212887));
#3693 = CARTESIAN_POINT('',(249.52533986459,17.80507633603,
    12.479215457054));
#3694 = CARTESIAN_POINT('',(249.5520396069,17.803686121515,
    12.497091222204));
#3695 = CARTESIAN_POINT('',(249.57803662647,17.798346941909,
    12.515104888255));
#3696 = CARTESIAN_POINT('',(249.6026673745,17.789276459543,
    12.533248854269));
#3697 = CARTESIAN_POINT('',(249.64801236,17.764356033131,12.569773530315
    ));
#3698 = CARTESIAN_POINT('',(249.66872904146,17.748507713544,
    12.58815418362));
#3699 = CARTESIAN_POINT('',(249.68689026666,17.729607451598,
    12.606641413101));
#3700 = CARTESIAN_POINT('',(249.70198108538,17.70812553252,
    12.625218796035));
#3701 = CARTESIAN_POINT('',(249.71358971121,17.684634393094,
    12.64386634249));
#3702 = CARTESIAN_POINT('',(249.72142599036,17.659776651982,
    12.662561611727));
#3703 = CARTESIAN_POINT('',(249.72533987072,17.634233140078,
    12.681280828609));
#3704 = CARTESIAN_POINT('',(249.72533987072,17.608690930834,12.7));
#3705 = DEFINITIONAL_REPRESENTATION('',(#3706),#3710);
#3706 = LINE('',#3707,#3708);
#3707 = CARTESIAN_POINT('',(0.,0.));
#3708 = VECTOR('',#3709,1.);
#3709 = DIRECTION('',(0.,1.));
#3710 = ( GEOMETRIC_REPRESENTATION_CONTEXT(2) 
PARAMETRIC_REPRESENTATION_CONTEXT() REPRESENTATION_CONTEXT('2D SPACE',''
  ) );
#3711 = FACE_BOUND('',#3712,.T.);
#3712 = EDGE_LOOP('',(#3713,#3714,#3715,#3716,#3717,#3718));
#3713 = ORIENTED_EDGE('',*,*,#2737,.F.);
#3714 = ORIENTED_EDGE('',*,*,#2808,.F.);
#3715 = ORIENTED_EDGE('',*,*,#2906,.F.);
#3716 = ORIENTED_EDGE('',*,*,#2982,.F.);
#3717 = ORIENTED_EDGE('',*,*,#2933,.F.);
#3718 = ORIENTED_EDGE('',*,*,#2835,.F.);
#3719 = FACE_BOUND('',#3720,.T.);
#3720 = EDGE_LOOP('',(#3721,#3722,#3723,#3724,#3725,#3726));
#3721 = ORIENTED_EDGE('',*,*,#3031,.F.);
#3722 = ORIENTED_EDGE('',*,*,#3102,.F.);
#3723 = ORIENTED_EDGE('',*,*,#3200,.F.);
#3724 = ORIENTED_EDGE('',*,*,#3276,.F.);
#3725 = ORIENTED_EDGE('',*,*,#3227,.F.);
#3726 = ORIENTED_EDGE('',*,*,#3129,.F.);
#3727 = FACE_BOUND('',#3728,.T.);
#3728 = EDGE_LOOP('',(#3729,#3730,#3731,#3732,#3733,#3734));
#3729 = ORIENTED_EDGE('',*,*,#2443,.F.);
#3730 = ORIENTED_EDGE('',*,*,#2514,.F.);
#3731 = ORIENTED_EDGE('',*,*,#2612,.F.);
#3732 = ORIENTED_EDGE('',*,*,#2688,.F.);
#3733 = ORIENTED_EDGE('',*,*,#2639,.F.);
#3734 = ORIENTED_EDGE('',*,*,#2541,.F.);
#3735 = FACE_BOUND('',#3736,.T.);
#3736 = EDGE_LOOP('',(#3737,#3738,#3739,#3740,#3741,#3742));
#3737 = ORIENTED_EDGE('',*,*,#2149,.F.);
#3738 = ORIENTED_EDGE('',*,*,#2220,.F.);
#3739 = ORIENTED_EDGE('',*,*,#2318,.F.);
#3740 = ORIENTED_EDGE('',*,*,#2394,.F.);
#3741 = ORIENTED_EDGE('',*,*,#2345,.F.);
#3742 = ORIENTED_EDGE('',*,*,#2247,.F.);
#3743 = ADVANCED_FACE('',(#3744),#1457,.F.);
#3744 = FACE_BOUND('',#3745,.F.);
#3745 = EDGE_LOOP('',(#3746,#3747,#3770,#3803));
#3746 = ORIENTED_EDGE('',*,*,#1527,.F.);
#3747 = ORIENTED_EDGE('',*,*,#3748,.T.);
#3748 = EDGE_CURVE('',#1496,#3749,#3751,.T.);
#3749 = VERTEX_POINT('',#3750);
#3750 = CARTESIAN_POINT('',(249.42533986378,17.771841984937,
    12.409067155008));
#3751 = SURFACE_CURVE('',#3752,(#3756,#3763),.PCURVE_S1.);
#3752 = LINE('',#3753,#3754);
#3753 = CARTESIAN_POINT('',(249.42533986378,17.338718899259,
    6.044770843272E-03));
#3754 = VECTOR('',#3755,1.);
#3755 = DIRECTION('',(0.,3.48994967025E-02,0.999390827019));
#3756 = PCURVE('',#1457,#3757);
#3757 = DEFINITIONAL_REPRESENTATION('',(#3758),#3762);
#3758 = LINE('',#3759,#3760);
#3759 = CARTESIAN_POINT('',(2.094395142425,0.));
#3760 = VECTOR('',#3761,1.);
#3761 = DIRECTION('',(0.,1.));
#3762 = ( GEOMETRIC_REPRESENTATION_CONTEXT(2) 
PARAMETRIC_REPRESENTATION_CONTEXT() REPRESENTATION_CONTEXT('2D SPACE',''
  ) );
#3763 = PCURVE('',#1681,#3764);
#3764 = DEFINITIONAL_REPRESENTATION('',(#3765),#3769);
#3765 = LINE('',#3766,#3767);
#3766 = CARTESIAN_POINT('',(-6.818440851873,6.34685475744));
#3767 = VECTOR('',#3768,1.);
#3768 = DIRECTION('',(-1.745772503396E-02,-0.999847602306));
#3769 = ( GEOMETRIC_REPRESENTATION_CONTEXT(2) 
PARAMETRIC_REPRESENTATION_CONTEXT() REPRESENTATION_CONTEXT('2D SPACE',''
  ) );
#3770 = ORIENTED_EDGE('',*,*,#3771,.T.);
#3771 = EDGE_CURVE('',#3749,#1414,#3772,.T.);
#3772 = SURFACE_CURVE('',#3773,(#3790,#3796),.PCURVE_S1.);
#3773 = B_SPLINE_CURVE_WITH_KNOTS('',8,(#3774,#3775,#3776,#3777,#3778,
    #3779,#3780,#3781,#3782,#3783,#3784,#3785,#3786,#3787,#3788,#3789),
  .UNSPECIFIED.,.F.,.F.,(9,7,9),(0.,0.5,1.),.UNSPECIFIED.);
#3774 = CARTESIAN_POINT('',(249.42533986378,17.771841984937,
    12.409067155008));
#3775 = CARTESIAN_POINT('',(249.44801235574,17.785545763354,
    12.42641582631));
#3776 = CARTESIAN_POINT('',(249.47264310319,17.795859811047,
    12.443882869618));
#3777 = CARTESIAN_POINT('',(249.4986401224,17.802442556063,
    12.461480212887));
#3778 = CARTESIAN_POINT('',(249.52533986459,17.80507633603,
    12.479215457054));
#3779 = CARTESIAN_POINT('',(249.5520396069,17.803686121515,
    12.497091222204));
#3780 = CARTESIAN_POINT('',(249.57803662647,17.798346941909,
    12.515104888255));
#3781 = CARTESIAN_POINT('',(249.6026673745,17.789276459543,
    12.533248854269));
#3782 = CARTESIAN_POINT('',(249.64801236,17.764356033131,12.569773530315
    ));
#3783 = CARTESIAN_POINT('',(249.66872904146,17.748507713544,
    12.58815418362));
#3784 = CARTESIAN_POINT('',(249.68689026666,17.729607451598,
    12.606641413101));
#3785 = CARTESIAN_POINT('',(249.70198108538,17.70812553252,
    12.625218796035));
#3786 = CARTESIAN_POINT('',(249.71358971121,17.684634393094,
    12.64386634249));
#3787 = CARTESIAN_POINT('',(249.72142599036,17.659776651982,
    12.662561611727));
#3788 = CARTESIAN_POINT('',(249.72533987072,17.634233140078,
    12.681280828609));
#3789 = CARTESIAN_POINT('',(249.72533987072,17.608690930834,12.7));
#3790 = PCURVE('',#1457,#3791);
#3791 = DEFINITIONAL_REPRESENTATION('',(#3792),#3795);
#3792 = B_SPLINE_CURVE_WITH_KNOTS('',1,(#3793,#3794),.UNSPECIFIED.,.F.,
  .F.,(2,2),(0.,1.),.PIECEWISE_BEZIER_KNOTS.);
#3793 = CARTESIAN_POINT('',(2.094395142424,12.410582575747));
#3794 = CARTESIAN_POINT('',(5.955236304089E-13,12.695644302636));
#3795 = ( GEOMETRIC_REPRESENTATION_CONTEXT(2) 
PARAMETRIC_REPRESENTATION_CONTEXT() REPRESENTATION_CONTEXT('2D SPACE',''
  ) );
#3796 = PCURVE('',#3592,#3797);
#3797 = DEFINITIONAL_REPRESENTATION('',(#3798),#3802);
#3798 = LINE('',#3799,#3800);
#3799 = CARTESIAN_POINT('',(1.,0.));
#3800 = VECTOR('',#3801,1.);
#3801 = DIRECTION('',(0.,1.));
#3802 = ( GEOMETRIC_REPRESENTATION_CONTEXT(2) 
PARAMETRIC_REPRESENTATION_CONTEXT() REPRESENTATION_CONTEXT('2D SPACE',''
  ) );
#3803 = ORIENTED_EDGE('',*,*,#1443,.F.);
#3804 = ADVANCED_FACE('',(#3805),#1644,.T.);
#3805 = FACE_BOUND('',#3806,.F.);
#3806 = EDGE_LOOP('',(#3807,#3808,#3835));
#3807 = ORIENTED_EDGE('',*,*,#1873,.F.);
#3808 = ORIENTED_EDGE('',*,*,#3809,.T.);
#3809 = EDGE_CURVE('',#1846,#1628,#3810,.T.);
#3810 = SURFACE_CURVE('',#3811,(#3816,#3823),.PCURVE_S1.);
#3811 = CIRCLE('',#3812,0.3);
#3812 = AXIS2_PLACEMENT_3D('',#3813,#3814,#3815);
#3813 = CARTESIAN_POINT('',(237.42533987072,10.763178449976,0.3));
#3814 = DIRECTION('',(2.534350351064E-15,3.489949670251E-02,
    0.999390827019));
#3815 = DIRECTION('',(-3.546029068727E-14,-0.999390827019,
    3.489949670251E-02));
#3816 = PCURVE('',#1644,#3817);
#3817 = DEFINITIONAL_REPRESENTATION('',(#3818),#3822);
#3818 = LINE('',#3819,#3820);
#3819 = CARTESIAN_POINT('',(-1.605702911835,-6.28318530718));
#3820 = VECTOR('',#3821,1.);
#3821 = DIRECTION('',(-0.,1.));
#3822 = ( GEOMETRIC_REPRESENTATION_CONTEXT(2) 
PARAMETRIC_REPRESENTATION_CONTEXT() REPRESENTATION_CONTEXT('2D SPACE',''
  ) );
#3823 = PCURVE('',#3824,#3829);
#3824 = CYLINDRICAL_SURFACE('',#3825,0.3);
#3825 = AXIS2_PLACEMENT_3D('',#3826,#3827,#3828);
#3826 = CARTESIAN_POINT('',(237.42533987072,10.752068955025,
    -1.813431127244E-02));
#3827 = DIRECTION('',(0.,3.48994967025E-02,0.999390827019));
#3828 = DIRECTION('',(0.500000034668,-0.865497824504,3.022385002512E-02)
  );
#3829 = DEFINITIONAL_REPRESENTATION('',(#3830),#3834);
#3830 = LINE('',#3831,#3832);
#3831 = CARTESIAN_POINT('',(-6.806784122809,0.318328228228));
#3832 = VECTOR('',#3833,1.);
#3833 = DIRECTION('',(1.,-0.));
#3834 = ( GEOMETRIC_REPRESENTATION_CONTEXT(2) 
PARAMETRIC_REPRESENTATION_CONTEXT() REPRESENTATION_CONTEXT('2D SPACE',''
  ) );
#3835 = ORIENTED_EDGE('',*,*,#1627,.F.);
#3836 = ADVANCED_FACE('',(#3837),#1681,.T.);
#3837 = FACE_BOUND('',#3838,.T.);
#3838 = EDGE_LOOP('',(#3839,#3840,#3841,#3864));
#3839 = ORIENTED_EDGE('',*,*,#1667,.T.);
#3840 = ORIENTED_EDGE('',*,*,#3748,.T.);
#3841 = ORIENTED_EDGE('',*,*,#3842,.F.);
#3842 = EDGE_CURVE('',#3843,#3749,#3845,.T.);
#3843 = VERTEX_POINT('',#3844);
#3844 = CARTESIAN_POINT('',(237.57533988112,10.926070413475,
    12.409067155008));
#3845 = SURFACE_CURVE('',#3846,(#3850,#3857),.PCURVE_S1.);
#3846 = LINE('',#3847,#3848);
#3847 = CARTESIAN_POINT('',(237.1297404462,10.668646620373,
    12.409067155008));
#3848 = VECTOR('',#3849,1.);
#3849 = DIRECTION('',(0.865893403497,0.50022856154,-0.));
#3850 = PCURVE('',#1681,#3851);
#3851 = DEFINITIONAL_REPRESENTATION('',(#3852),#3856);
#3852 = LINE('',#3853,#3854);
#3853 = CARTESIAN_POINT('',(7.164798237287,-6.061836474139));
#3854 = VECTOR('',#3855,1.);
#3855 = DIRECTION('',(-1.,-4.271288059087E-19));
#3856 = ( GEOMETRIC_REPRESENTATION_CONTEXT(2) 
PARAMETRIC_REPRESENTATION_CONTEXT() REPRESENTATION_CONTEXT('2D SPACE',''
  ) );
#3857 = PCURVE('',#3540,#3858);
#3858 = DEFINITIONAL_REPRESENTATION('',(#3859),#3863);
#3859 = LINE('',#3860,#3861);
#3860 = CARTESIAN_POINT('',(-0.,0.));
#3861 = VECTOR('',#3862,1.);
#3862 = DIRECTION('',(-0.,1.));
#3863 = ( GEOMETRIC_REPRESENTATION_CONTEXT(2) 
PARAMETRIC_REPRESENTATION_CONTEXT() REPRESENTATION_CONTEXT('2D SPACE',''
  ) );
#3864 = ORIENTED_EDGE('',*,*,#3865,.F.);
#3865 = EDGE_CURVE('',#1628,#3843,#3866,.T.);
#3866 = SURFACE_CURVE('',#3867,(#3871,#3878),.PCURVE_S1.);
#3867 = LINE('',#3868,#3869);
#3868 = CARTESIAN_POINT('',(237.57533988112,10.492419607674,
    -9.067156264905E-03));
#3869 = VECTOR('',#3870,1.);
#3870 = DIRECTION('',(0.,3.48994967025E-02,0.999390827019));
#3871 = PCURVE('',#1681,#3872);
#3872 = DEFINITIONAL_REPRESENTATION('',(#3873),#3877);
#3873 = LINE('',#3874,#3875);
#3874 = CARTESIAN_POINT('',(6.867110411059,6.36197359151));
#3875 = VECTOR('',#3876,1.);
#3876 = DIRECTION('',(-1.745772503396E-02,-0.999847602306));
#3877 = ( GEOMETRIC_REPRESENTATION_CONTEXT(2) 
PARAMETRIC_REPRESENTATION_CONTEXT() REPRESENTATION_CONTEXT('2D SPACE',''
  ) );
#3878 = PCURVE('',#3824,#3879);
#3879 = DEFINITIONAL_REPRESENTATION('',(#3880),#3884);
#3880 = LINE('',#3881,#3882);
#3881 = CARTESIAN_POINT('',(-0.,0.));
#3882 = VECTOR('',#3883,1.);
#3883 = DIRECTION('',(-0.,1.));
#3884 = ( GEOMETRIC_REPRESENTATION_CONTEXT(2) 
PARAMETRIC_REPRESENTATION_CONTEXT() REPRESENTATION_CONTEXT('2D SPACE',''
  ) );
#3885 = ADVANCED_FACE('',(#3886),#1824,.T.);
#3886 = FACE_BOUND('',#3887,.F.);
#3887 = EDGE_LOOP('',(#3888,#3889,#3916));
#3888 = ORIENTED_EDGE('',*,*,#2008,.F.);
#3889 = ORIENTED_EDGE('',*,*,#3890,.T.);
#3890 = EDGE_CURVE('',#1981,#1808,#3891,.T.);
#3891 = SURFACE_CURVE('',#3892,(#3897,#3904),.PCURVE_S1.);
#3892 = CIRCLE('',#3893,0.3);
#3893 = AXIS2_PLACEMENT_3D('',#3894,#3895,#3896);
#3894 = CARTESIAN_POINT('',(237.42533987072,46.386821550024,0.3));
#3895 = DIRECTION('',(-3.188563467621E-15,-3.489949670249E-02,
    0.999390827019));
#3896 = DIRECTION('',(-0.866025383769,0.499695448157,1.744974956115E-02)
  );
#3897 = PCURVE('',#1824,#3898);
#3898 = DEFINITIONAL_REPRESENTATION('',(#3899),#3903);
#3899 = LINE('',#3900,#3901);
#3900 = CARTESIAN_POINT('',(-1.588254938722,-6.28318530718));
#3901 = VECTOR('',#3902,1.);
#3902 = DIRECTION('',(-0.,1.));
#3903 = ( GEOMETRIC_REPRESENTATION_CONTEXT(2) 
PARAMETRIC_REPRESENTATION_CONTEXT() REPRESENTATION_CONTEXT('2D SPACE',''
  ) );
#3904 = PCURVE('',#3905,#3910);
#3905 = CYLINDRICAL_SURFACE('',#3906,0.3);
#3906 = AXIS2_PLACEMENT_3D('',#3907,#3908,#3909);
#3907 = CARTESIAN_POINT('',(237.42533987072,46.397931044975,
    -1.813431127244E-02));
#3908 = DIRECTION('',(0.,-3.48994967025E-02,0.999390827019));
#3909 = DIRECTION('',(-1.,-0.,0.));
#3910 = DEFINITIONAL_REPRESENTATION('',(#3911),#3915);
#3911 = LINE('',#3912,#3913);
#3912 = CARTESIAN_POINT('',(-6.806784122809,0.318328228228));
#3913 = VECTOR('',#3914,1.);
#3914 = DIRECTION('',(1.,-0.));
#3915 = ( GEOMETRIC_REPRESENTATION_CONTEXT(2) 
PARAMETRIC_REPRESENTATION_CONTEXT() REPRESENTATION_CONTEXT('2D SPACE',''
  ) );
#3916 = ORIENTED_EDGE('',*,*,#1807,.F.);
#3917 = ADVANCED_FACE('',(#3918),#1861,.T.);
#3918 = FACE_BOUND('',#3919,.T.);
#3919 = EDGE_LOOP('',(#3920,#3921,#3944,#3967));
#3920 = ORIENTED_EDGE('',*,*,#1845,.T.);
#3921 = ORIENTED_EDGE('',*,*,#3922,.T.);
#3922 = EDGE_CURVE('',#1846,#3923,#3925,.T.);
#3923 = VERTEX_POINT('',#3924);
#3924 = CARTESIAN_POINT('',(237.12533987072,11.185719760827,12.4));
#3925 = SURFACE_CURVE('',#3926,(#3930,#3937),.PCURVE_S1.);
#3926 = LINE('',#3927,#3928);
#3927 = CARTESIAN_POINT('',(237.12533987072,10.752068955025,
    -1.813431127244E-02));
#3928 = VECTOR('',#3929,1.);
#3929 = DIRECTION('',(0.,3.48994967025E-02,0.999390827019));
#3930 = PCURVE('',#1861,#3931);
#3931 = DEFINITIONAL_REPRESENTATION('',(#3932),#3936);
#3932 = LINE('',#3933,#3934);
#3933 = CARTESIAN_POINT('',(6.29408092533,17.822931044975));
#3934 = VECTOR('',#3935,1.);
#3935 = DIRECTION('',(-0.999390827019,-3.48994967025E-02));
#3936 = ( GEOMETRIC_REPRESENTATION_CONTEXT(2) 
PARAMETRIC_REPRESENTATION_CONTEXT() REPRESENTATION_CONTEXT('2D SPACE',''
  ) );
#3937 = PCURVE('',#3824,#3938);
#3938 = DEFINITIONAL_REPRESENTATION('',(#3939),#3943);
#3939 = LINE('',#3940,#3941);
#3940 = CARTESIAN_POINT('',(-2.094395142425,0.));
#3941 = VECTOR('',#3942,1.);
#3942 = DIRECTION('',(-0.,1.));
#3943 = ( GEOMETRIC_REPRESENTATION_CONTEXT(2) 
PARAMETRIC_REPRESENTATION_CONTEXT() REPRESENTATION_CONTEXT('2D SPACE',''
  ) );
#3944 = ORIENTED_EDGE('',*,*,#3945,.F.);
#3945 = EDGE_CURVE('',#3946,#3923,#3948,.T.);
#3946 = VERTEX_POINT('',#3947);
#3947 = CARTESIAN_POINT('',(237.12533987072,45.964280239173,12.4));
#3948 = SURFACE_CURVE('',#3949,(#3953,#3960),.PCURVE_S1.);
#3949 = LINE('',#3950,#3951);
#3950 = CARTESIAN_POINT('',(237.12533987072,46.473736003139,12.4));
#3951 = VECTOR('',#3952,1.);
#3952 = DIRECTION('',(0.,-1.,0.));
#3953 = PCURVE('',#1861,#3954);
#3954 = DEFINITIONAL_REPRESENTATION('',(#3955),#3959);
#3955 = LINE('',#3956,#3957);
#3956 = CARTESIAN_POINT('',(-6.124053385942,-17.89873600313));
#3957 = VECTOR('',#3958,1.);
#3958 = DIRECTION('',(0.,1.));
#3959 = ( GEOMETRIC_REPRESENTATION_CONTEXT(2) 
PARAMETRIC_REPRESENTATION_CONTEXT() REPRESENTATION_CONTEXT('2D SPACE',''
  ) );
#3960 = PCURVE('',#3512,#3961);
#3961 = DEFINITIONAL_REPRESENTATION('',(#3962),#3966);
#3962 = LINE('',#3963,#3964);
#3963 = CARTESIAN_POINT('',(-0.,0.));
#3964 = VECTOR('',#3965,1.);
#3965 = DIRECTION('',(-0.,1.));
#3966 = ( GEOMETRIC_REPRESENTATION_CONTEXT(2) 
PARAMETRIC_REPRESENTATION_CONTEXT() REPRESENTATION_CONTEXT('2D SPACE',''
  ) );
#3967 = ORIENTED_EDGE('',*,*,#3968,.F.);
#3968 = EDGE_CURVE('',#1808,#3946,#3969,.T.);
#3969 = SURFACE_CURVE('',#3970,(#3974,#3981),.PCURVE_S1.);
#3970 = LINE('',#3971,#3972);
#3971 = CARTESIAN_POINT('',(237.12533987072,46.397931044975,
    -1.813431127244E-02));
#3972 = VECTOR('',#3973,1.);
#3973 = DIRECTION('',(0.,-3.48994967025E-02,0.999390827019));
#3974 = PCURVE('',#1861,#3975);
#3975 = DEFINITIONAL_REPRESENTATION('',(#3976),#3980);
#3976 = LINE('',#3977,#3978);
#3977 = CARTESIAN_POINT('',(6.29408092533,-17.82293104497));
#3978 = VECTOR('',#3979,1.);
#3979 = DIRECTION('',(-0.999390827019,3.48994967025E-02));
#3980 = ( GEOMETRIC_REPRESENTATION_CONTEXT(2) 
PARAMETRIC_REPRESENTATION_CONTEXT() REPRESENTATION_CONTEXT('2D SPACE',''
  ) );
#3981 = PCURVE('',#3905,#3982);
#3982 = DEFINITIONAL_REPRESENTATION('',(#3983),#3987);
#3983 = LINE('',#3984,#3985);
#3984 = CARTESIAN_POINT('',(-0.,0.));
#3985 = VECTOR('',#3986,1.);
#3986 = DIRECTION('',(-0.,1.));
#3987 = ( GEOMETRIC_REPRESENTATION_CONTEXT(2) 
PARAMETRIC_REPRESENTATION_CONTEXT() REPRESENTATION_CONTEXT('2D SPACE',''
  ) );
#3988 = ADVANCED_FACE('',(#3989),#1996,.T.);
#3989 = FACE_BOUND('',#3990,.T.);
#3990 = EDGE_LOOP('',(#3991,#3992,#4015,#4038));
#3991 = ORIENTED_EDGE('',*,*,#1980,.T.);
#3992 = ORIENTED_EDGE('',*,*,#3993,.T.);
#3993 = EDGE_CURVE('',#1981,#3994,#3996,.T.);
#3994 = VERTEX_POINT('',#3995);
#3995 = CARTESIAN_POINT('',(237.57533988112,46.223929586525,
    12.409067155008));
#3996 = SURFACE_CURVE('',#3997,(#4001,#4008),.PCURVE_S1.);
#3997 = LINE('',#3998,#3999);
#3998 = CARTESIAN_POINT('',(237.57533988112,46.657580392326,
    -9.067156264905E-03));
#3999 = VECTOR('',#4000,1.);
#4000 = DIRECTION('',(0.,-3.48994967025E-02,0.999390827019));
#4001 = PCURVE('',#1996,#4002);
#4002 = DEFINITIONAL_REPRESENTATION('',(#4003),#4007);
#4003 = LINE('',#4004,#4005);
#4004 = CARTESIAN_POINT('',(-6.867110411059,6.36197359151));
#4005 = VECTOR('',#4006,1.);
#4006 = DIRECTION('',(1.745772503396E-02,-0.999847602306));
#4007 = ( GEOMETRIC_REPRESENTATION_CONTEXT(2) 
PARAMETRIC_REPRESENTATION_CONTEXT() REPRESENTATION_CONTEXT('2D SPACE',''
  ) );
#4008 = PCURVE('',#3905,#4009);
#4009 = DEFINITIONAL_REPRESENTATION('',(#4010),#4014);
#4010 = LINE('',#4011,#4012);
#4011 = CARTESIAN_POINT('',(-2.094395142425,0.));
#4012 = VECTOR('',#4013,1.);
#4013 = DIRECTION('',(-0.,1.));
#4014 = ( GEOMETRIC_REPRESENTATION_CONTEXT(2) 
PARAMETRIC_REPRESENTATION_CONTEXT() REPRESENTATION_CONTEXT('2D SPACE',''
  ) );
#4015 = ORIENTED_EDGE('',*,*,#4016,.F.);
#4016 = EDGE_CURVE('',#4017,#3994,#4019,.T.);
#4017 = VERTEX_POINT('',#4018);
#4018 = CARTESIAN_POINT('',(249.42533986378,39.378158015063,
    12.409067155008));
#4019 = SURFACE_CURVE('',#4020,(#4024,#4031),.PCURVE_S1.);
#4020 = LINE('',#4021,#4022);
#4021 = CARTESIAN_POINT('',(249.7297404462,39.20230511578,
    12.409067155008));
#4022 = VECTOR('',#4023,1.);
#4023 = DIRECTION('',(-0.865893403497,0.50022856154,0.));
#4024 = PCURVE('',#1996,#4025);
#4025 = DEFINITIONAL_REPRESENTATION('',(#4026),#4030);
#4026 = LINE('',#4027,#4028);
#4027 = CARTESIAN_POINT('',(7.38664648918,-6.061836474139));
#4028 = VECTOR('',#4029,1.);
#4029 = DIRECTION('',(-1.,2.981508057477E-18));
#4030 = ( GEOMETRIC_REPRESENTATION_CONTEXT(2) 
PARAMETRIC_REPRESENTATION_CONTEXT() REPRESENTATION_CONTEXT('2D SPACE',''
  ) );
#4031 = PCURVE('',#3484,#4032);
#4032 = DEFINITIONAL_REPRESENTATION('',(#4033),#4037);
#4033 = LINE('',#4034,#4035);
#4034 = CARTESIAN_POINT('',(-0.,0.));
#4035 = VECTOR('',#4036,1.);
#4036 = DIRECTION('',(-0.,1.));
#4037 = ( GEOMETRIC_REPRESENTATION_CONTEXT(2) 
PARAMETRIC_REPRESENTATION_CONTEXT() REPRESENTATION_CONTEXT('2D SPACE',''
  ) );
#4038 = ORIENTED_EDGE('',*,*,#4039,.F.);
#4039 = EDGE_CURVE('',#1949,#4017,#4040,.T.);
#4040 = SURFACE_CURVE('',#4041,(#4045,#4052),.PCURVE_S1.);
#4041 = LINE('',#4042,#4043);
#4042 = CARTESIAN_POINT('',(249.42533986378,39.811281100741,
    6.044770843273E-03));
#4043 = VECTOR('',#4044,1.);
#4044 = DIRECTION('',(0.,-3.48994967025E-02,0.999390827019));
#4045 = PCURVE('',#1996,#4046);
#4046 = DEFINITIONAL_REPRESENTATION('',(#4047),#4051);
#4047 = LINE('',#4048,#4049);
#4048 = CARTESIAN_POINT('',(6.818440851873,6.34685475744));
#4049 = VECTOR('',#4050,1.);
#4050 = DIRECTION('',(1.745772503396E-02,-0.999847602306));
#4051 = ( GEOMETRIC_REPRESENTATION_CONTEXT(2) 
PARAMETRIC_REPRESENTATION_CONTEXT() REPRESENTATION_CONTEXT('2D SPACE',''
  ) );
#4052 = PCURVE('',#2050,#4053);
#4053 = DEFINITIONAL_REPRESENTATION('',(#4054),#4058);
#4054 = LINE('',#4055,#4056);
#4055 = CARTESIAN_POINT('',(0.,0.));
#4056 = VECTOR('',#4057,1.);
#4057 = DIRECTION('',(0.,1.));
#4058 = ( GEOMETRIC_REPRESENTATION_CONTEXT(2) 
PARAMETRIC_REPRESENTATION_CONTEXT() REPRESENTATION_CONTEXT('2D SPACE',''
  ) );
#4059 = ADVANCED_FACE('',(#4060),#2050,.F.);
#4060 = FACE_BOUND('',#4061,.F.);
#4061 = EDGE_LOOP('',(#4062,#4063,#4064,#4097));
#4062 = ORIENTED_EDGE('',*,*,#2089,.T.);
#4063 = ORIENTED_EDGE('',*,*,#2034,.T.);
#4064 = ORIENTED_EDGE('',*,*,#4065,.F.);
#4065 = EDGE_CURVE('',#4017,#2035,#4066,.T.);
#4066 = SURFACE_CURVE('',#4067,(#4084,#4090),.PCURVE_S1.);
#4067 = B_SPLINE_CURVE_WITH_KNOTS('',8,(#4068,#4069,#4070,#4071,#4072,
    #4073,#4074,#4075,#4076,#4077,#4078,#4079,#4080,#4081,#4082,#4083),
  .UNSPECIFIED.,.F.,.F.,(9,7,9),(0.,0.5,1.),.UNSPECIFIED.);
#4068 = CARTESIAN_POINT('',(249.42533986378,39.378158015063,
    12.409067155008));
#4069 = CARTESIAN_POINT('',(249.44801235574,39.364454236647,
    12.42641582631));
#4070 = CARTESIAN_POINT('',(249.47264310319,39.354140188953,
    12.443882869618));
#4071 = CARTESIAN_POINT('',(249.49864012241,39.347557443937,
    12.461480212887));
#4072 = CARTESIAN_POINT('',(249.52533986459,39.34492366397,
    12.479215457054));
#4073 = CARTESIAN_POINT('',(249.5520396069,39.346313878485,
    12.497091222204));
#4074 = CARTESIAN_POINT('',(249.57803662647,39.351653058092,
    12.515104888255));
#4075 = CARTESIAN_POINT('',(249.6026673745,39.360723540457,
    12.533248854269));
#4076 = CARTESIAN_POINT('',(249.64801236,39.385643966869,12.569773530315
    ));
#4077 = CARTESIAN_POINT('',(249.66872904146,39.401492286455,
    12.58815418362));
#4078 = CARTESIAN_POINT('',(249.68689026665,39.420392548403,
    12.606641413101));
#4079 = CARTESIAN_POINT('',(249.70198108538,39.441874467479,
    12.625218796035));
#4080 = CARTESIAN_POINT('',(249.71358971121,39.465365606907,
    12.64386634249));
#4081 = CARTESIAN_POINT('',(249.72142599036,39.490223348018,
    12.662561611727));
#4082 = CARTESIAN_POINT('',(249.72533987072,39.515766859922,
    12.681280828609));
#4083 = CARTESIAN_POINT('',(249.72533987072,39.541309069166,12.7));
#4084 = PCURVE('',#2050,#4085);
#4085 = DEFINITIONAL_REPRESENTATION('',(#4086),#4089);
#4086 = B_SPLINE_CURVE_WITH_KNOTS('',1,(#4087,#4088),.UNSPECIFIED.,.F.,
  .F.,(2,2),(0.,1.),.PIECEWISE_BEZIER_KNOTS.);
#4087 = CARTESIAN_POINT('',(2.609024107869E-13,12.410582575747));
#4088 = CARTESIAN_POINT('',(2.094395142427,12.695644302636));
#4089 = ( GEOMETRIC_REPRESENTATION_CONTEXT(2) 
PARAMETRIC_REPRESENTATION_CONTEXT() REPRESENTATION_CONTEXT('2D SPACE',''
  ) );
#4090 = PCURVE('',#3348,#4091);
#4091 = DEFINITIONAL_REPRESENTATION('',(#4092),#4096);
#4092 = LINE('',#4093,#4094);
#4093 = CARTESIAN_POINT('',(1.,0.));
#4094 = VECTOR('',#4095,1.);
#4095 = DIRECTION('',(0.,1.));
#4096 = ( GEOMETRIC_REPRESENTATION_CONTEXT(2) 
PARAMETRIC_REPRESENTATION_CONTEXT() REPRESENTATION_CONTEXT('2D SPACE',''
  ) );
#4097 = ORIENTED_EDGE('',*,*,#4039,.F.);
#4098 = ADVANCED_FACE('',(#4099),#3592,.T.);
#4099 = FACE_BOUND('',#4100,.T.);
#4100 = EDGE_LOOP('',(#4101,#4102,#4132));
#4101 = ORIENTED_EDGE('',*,*,#3552,.F.);
#4102 = ORIENTED_EDGE('',*,*,#4103,.T.);
#4103 = EDGE_CURVE('',#3525,#3749,#4104,.T.);
#4104 = SURFACE_CURVE('',#4105,(#4113,#4120),.PCURVE_S1.);
#4105 = B_SPLINE_CURVE_WITH_KNOTS('',6,(#4106,#4107,#4108,#4109,#4110,
    #4111,#4112),.UNSPECIFIED.,.F.,.F.,(7,7),(0.,1.),
  .PIECEWISE_BEZIER_KNOTS.);
#4106 = CARTESIAN_POINT('',(249.27533985338,18.031491332289,12.7));
#4107 = CARTESIAN_POINT('',(249.31387165594,17.964792954328,12.7));
#4108 = CARTESIAN_POINT('',(249.35240050453,17.898099689687,
    12.676271410733));
#4109 = CARTESIAN_POINT('',(249.38637472977,17.839290457706,
    12.628781539809));
#4110 = CARTESIAN_POINT('',(249.41114649876,17.796410636326,
    12.562330490409));
#4111 = CARTESIAN_POINT('',(249.42417528436,17.77385786671,
    12.486060358648));
#4112 = CARTESIAN_POINT('',(249.42533986378,17.771841984937,
    12.409067155008));
#4113 = PCURVE('',#3592,#4114);
#4114 = DEFINITIONAL_REPRESENTATION('',(#4115),#4119);
#4115 = LINE('',#4116,#4117);
#4116 = CARTESIAN_POINT('',(0.,0.));
#4117 = VECTOR('',#4118,1.);
#4118 = DIRECTION('',(1.,0.));
#4119 = ( GEOMETRIC_REPRESENTATION_CONTEXT(2) 
PARAMETRIC_REPRESENTATION_CONTEXT() REPRESENTATION_CONTEXT('2D SPACE',''
  ) );
#4120 = PCURVE('',#3540,#4121);
#4121 = DEFINITIONAL_REPRESENTATION('',(#4122),#4131);
#4122 = B_SPLINE_CURVE_WITH_KNOTS('',7,(#4123,#4124,#4125,#4126,#4127,
    #4128,#4129,#4130),.UNSPECIFIED.,.F.,.F.,(8,8),(0.,1.),
  .PIECEWISE_BEZIER_KNOTS.);
#4123 = CARTESIAN_POINT('',(-1.540567873391,14.199899627279));
#4124 = CARTESIAN_POINT('',(-1.320486748622,14.199899627279));
#4125 = CARTESIAN_POINT('',(-1.100421934164,14.199899627279));
#4126 = CARTESIAN_POINT('',(-0.880283024698,14.19989962728));
#4127 = CARTESIAN_POINT('',(-0.660284848694,14.199899627279));
#4128 = CARTESIAN_POINT('',(-0.440145939228,14.19989962728));
#4129 = CARTESIAN_POINT('',(-0.22008112477,14.199899627279));
#4130 = CARTESIAN_POINT('',(0.,14.199899627279));
#4131 = ( GEOMETRIC_REPRESENTATION_CONTEXT(2) 
PARAMETRIC_REPRESENTATION_CONTEXT() REPRESENTATION_CONTEXT('2D SPACE',''
  ) );
#4132 = ORIENTED_EDGE('',*,*,#3771,.T.);
#4133 = ADVANCED_FACE('',(#4134),#3540,.T.);
#4134 = FACE_BOUND('',#4135,.F.);
#4135 = EDGE_LOOP('',(#4136,#4163,#4164,#4165));
#4136 = ORIENTED_EDGE('',*,*,#4137,.F.);
#4137 = EDGE_CURVE('',#3497,#3843,#4138,.T.);
#4138 = SURFACE_CURVE('',#4139,(#4144,#4151),.PCURVE_S1.);
#4139 = CIRCLE('',#4140,0.3);
#4140 = AXIS2_PLACEMENT_3D('',#4141,#4142,#4143);
#4141 = CARTESIAN_POINT('',(237.42533987072,11.185719760827,12.4));
#4142 = DIRECTION('',(0.865893403497,0.50022856154,-2.114589741622E-13)
  );
#4143 = DIRECTION('',(0.50022856154,-0.865893403497,-1.274843645954E-14)
  );
#4144 = PCURVE('',#3540,#4145);
#4145 = DEFINITIONAL_REPRESENTATION('',(#4146),#4150);
#4146 = LINE('',#4147,#4148);
#4147 = CARTESIAN_POINT('',(-6.252956853776,0.514612345026));
#4148 = VECTOR('',#4149,1.);
#4149 = DIRECTION('',(1.,-0.));
#4150 = ( GEOMETRIC_REPRESENTATION_CONTEXT(2) 
PARAMETRIC_REPRESENTATION_CONTEXT() REPRESENTATION_CONTEXT('2D SPACE',''
  ) );
#4151 = PCURVE('',#4152,#4157);
#4152 = SPHERICAL_SURFACE('',#4153,0.3);
#4153 = AXIS2_PLACEMENT_3D('',#4154,#4155,#4156);
#4154 = CARTESIAN_POINT('',(237.42533987072,11.185719760827,12.4));
#4155 = DIRECTION('',(-1.894780628694E-13,-9.473903143468E-14,-1.));
#4156 = DIRECTION('',(0.50022856154,-0.865893403497,-1.274843645954E-14)
  );
#4157 = DEFINITIONAL_REPRESENTATION('',(#4158),#4162);
#4158 = LINE('',#4159,#4160);
#4159 = CARTESIAN_POINT('',(0.,-6.28318530718));
#4160 = VECTOR('',#4161,1.);
#4161 = DIRECTION('',(0.,1.));
#4162 = ( GEOMETRIC_REPRESENTATION_CONTEXT(2) 
PARAMETRIC_REPRESENTATION_CONTEXT() REPRESENTATION_CONTEXT('2D SPACE',''
  ) );
#4163 = ORIENTED_EDGE('',*,*,#3524,.T.);
#4164 = ORIENTED_EDGE('',*,*,#4103,.T.);
#4165 = ORIENTED_EDGE('',*,*,#3842,.F.);
#4166 = ADVANCED_FACE('',(#4167),#3512,.T.);
#4167 = FACE_BOUND('',#4168,.F.);
#4168 = EDGE_LOOP('',(#4169,#4196,#4197,#4219));
#4169 = ORIENTED_EDGE('',*,*,#4170,.F.);
#4170 = EDGE_CURVE('',#3469,#3946,#4171,.T.);
#4171 = SURFACE_CURVE('',#4172,(#4177,#4184),.PCURVE_S1.);
#4172 = CIRCLE('',#4173,0.3);
#4173 = AXIS2_PLACEMENT_3D('',#4174,#4175,#4176);
#4174 = CARTESIAN_POINT('',(237.42533987072,45.964280239173,12.4));
#4175 = DIRECTION('',(2.368475785867E-14,-1.,-2.368475785867E-14));
#4176 = DIRECTION('',(-1.,-2.368475785867E-14,9.473903143468E-14));
#4177 = PCURVE('',#3512,#4178);
#4178 = DEFINITIONAL_REPRESENTATION('',(#4179),#4183);
#4179 = LINE('',#4180,#4181);
#4180 = CARTESIAN_POINT('',(-6.28318530718,0.509455763965));
#4181 = VECTOR('',#4182,1.);
#4182 = DIRECTION('',(1.,-0.));
#4183 = ( GEOMETRIC_REPRESENTATION_CONTEXT(2) 
PARAMETRIC_REPRESENTATION_CONTEXT() REPRESENTATION_CONTEXT('2D SPACE',''
  ) );
#4184 = PCURVE('',#4185,#4190);
#4185 = SPHERICAL_SURFACE('',#4186,0.3);
#4186 = AXIS2_PLACEMENT_3D('',#4187,#4188,#4189);
#4187 = CARTESIAN_POINT('',(237.42533987072,45.964280239173,12.4));
#4188 = DIRECTION('',(-9.473903143468E-14,2.368475785867E-14,-1.));
#4189 = DIRECTION('',(-1.,-2.368475785867E-14,9.473903143468E-14));
#4190 = DEFINITIONAL_REPRESENTATION('',(#4191),#4195);
#4191 = LINE('',#4192,#4193);
#4192 = CARTESIAN_POINT('',(0.,-6.28318530718));
#4193 = VECTOR('',#4194,1.);
#4194 = DIRECTION('',(0.,1.));
#4195 = ( GEOMETRIC_REPRESENTATION_CONTEXT(2) 
PARAMETRIC_REPRESENTATION_CONTEXT() REPRESENTATION_CONTEXT('2D SPACE',''
  ) );
#4196 = ORIENTED_EDGE('',*,*,#3496,.T.);
#4197 = ORIENTED_EDGE('',*,*,#4198,.T.);
#4198 = EDGE_CURVE('',#3497,#3923,#4199,.T.);
#4199 = SURFACE_CURVE('',#4200,(#4205,#4212),.PCURVE_S1.);
#4200 = CIRCLE('',#4201,0.3);
#4201 = AXIS2_PLACEMENT_3D('',#4202,#4203,#4204);
#4202 = CARTESIAN_POINT('',(237.42533987072,11.185719760827,12.4));
#4203 = DIRECTION('',(-6.444844657947E-14,-1.,9.473903143469E-14));
#4204 = DIRECTION('',(-1.,6.444844657949E-14,1.894780628694E-13));
#4205 = PCURVE('',#3512,#4206);
#4206 = DEFINITIONAL_REPRESENTATION('',(#4207),#4211);
#4207 = LINE('',#4208,#4209);
#4208 = CARTESIAN_POINT('',(-6.28318530718,35.288016242312));
#4209 = VECTOR('',#4210,1.);
#4210 = DIRECTION('',(1.,-0.));
#4211 = ( GEOMETRIC_REPRESENTATION_CONTEXT(2) 
PARAMETRIC_REPRESENTATION_CONTEXT() REPRESENTATION_CONTEXT('2D SPACE',''
  ) );
#4212 = PCURVE('',#4152,#4213);
#4213 = DEFINITIONAL_REPRESENTATION('',(#4214),#4218);
#4214 = LINE('',#4215,#4216);
#4215 = CARTESIAN_POINT('',(2.09465904264,-6.28318530718));
#4216 = VECTOR('',#4217,1.);
#4217 = DIRECTION('',(0.,1.));
#4218 = ( GEOMETRIC_REPRESENTATION_CONTEXT(2) 
PARAMETRIC_REPRESENTATION_CONTEXT() REPRESENTATION_CONTEXT('2D SPACE',''
  ) );
#4219 = ORIENTED_EDGE('',*,*,#3945,.F.);
#4220 = ADVANCED_FACE('',(#4221),#3484,.T.);
#4221 = FACE_BOUND('',#4222,.F.);
#4222 = EDGE_LOOP('',(#4223,#4224,#4254,#4255));
#4223 = ORIENTED_EDGE('',*,*,#4016,.F.);
#4224 = ORIENTED_EDGE('',*,*,#4225,.F.);
#4225 = EDGE_CURVE('',#3307,#4017,#4226,.T.);
#4226 = SURFACE_CURVE('',#4227,(#4235,#4247),.PCURVE_S1.);
#4227 = B_SPLINE_CURVE_WITH_KNOTS('',6,(#4228,#4229,#4230,#4231,#4232,
    #4233,#4234),.UNSPECIFIED.,.F.,.F.,(7,7),(0.,1.),
  .PIECEWISE_BEZIER_KNOTS.);
#4228 = CARTESIAN_POINT('',(249.27533985338,39.118508667712,12.7));
#4229 = CARTESIAN_POINT('',(249.31387165594,39.185207045672,12.7));
#4230 = CARTESIAN_POINT('',(249.35240050453,39.251900310312,
    12.676271410733));
#4231 = CARTESIAN_POINT('',(249.38637472977,39.310709542295,
    12.628781539809));
#4232 = CARTESIAN_POINT('',(249.41114649876,39.353589363673,
    12.562330490409));
#4233 = CARTESIAN_POINT('',(249.42417528436,39.37614213329,
    12.486060358648));
#4234 = CARTESIAN_POINT('',(249.42533986378,39.378158015063,
    12.409067155008));
#4235 = PCURVE('',#3484,#4236);
#4236 = DEFINITIONAL_REPRESENTATION('',(#4237),#4246);
#4237 = B_SPLINE_CURVE_WITH_KNOTS('',7,(#4238,#4239,#4240,#4241,#4242,
    #4243,#4244,#4245),.UNSPECIFIED.,.F.,.F.,(8,8),(0.,1.),
  .PIECEWISE_BEZIER_KNOTS.);
#4238 = CARTESIAN_POINT('',(-1.540567873391,0.351545099188));
#4239 = CARTESIAN_POINT('',(-1.320486748621,0.351545099188));
#4240 = CARTESIAN_POINT('',(-1.100421934165,0.351545099188));
#4241 = CARTESIAN_POINT('',(-0.880283024697,0.351545099188));
#4242 = CARTESIAN_POINT('',(-0.660284848694,0.351545099188));
#4243 = CARTESIAN_POINT('',(-0.440145939228,0.351545099188));
#4244 = CARTESIAN_POINT('',(-0.22008112477,0.351545099188));
#4245 = CARTESIAN_POINT('',(0.,0.351545099188));
#4246 = ( GEOMETRIC_REPRESENTATION_CONTEXT(2) 
PARAMETRIC_REPRESENTATION_CONTEXT() REPRESENTATION_CONTEXT('2D SPACE',''
  ) );
#4247 = PCURVE('',#3348,#4248);
#4248 = DEFINITIONAL_REPRESENTATION('',(#4249),#4253);
#4249 = LINE('',#4250,#4251);
#4250 = CARTESIAN_POINT('',(0.,0.));
#4251 = VECTOR('',#4252,1.);
#4252 = DIRECTION('',(1.,0.));
#4253 = ( GEOMETRIC_REPRESENTATION_CONTEXT(2) 
PARAMETRIC_REPRESENTATION_CONTEXT() REPRESENTATION_CONTEXT('2D SPACE',''
  ) );
#4254 = ORIENTED_EDGE('',*,*,#3468,.T.);
#4255 = ORIENTED_EDGE('',*,*,#4256,.T.);
#4256 = EDGE_CURVE('',#3469,#3994,#4257,.T.);
#4257 = SURFACE_CURVE('',#4258,(#4263,#4270),.PCURVE_S1.);
#4258 = CIRCLE('',#4259,0.3);
#4259 = AXIS2_PLACEMENT_3D('',#4260,#4261,#4262);
#4260 = CARTESIAN_POINT('',(237.42533987072,45.964280239173,12.4));
#4261 = DIRECTION('',(-0.865893403497,0.50022856154,9.388169472705E-14)
  );
#4262 = DIRECTION('',(0.50022856154,0.865893403497,-2.688269382302E-14)
  );
#4263 = PCURVE('',#3484,#4264);
#4264 = DEFINITIONAL_REPRESENTATION('',(#4265),#4269);
#4265 = LINE('',#4266,#4267);
#4266 = CARTESIAN_POINT('',(-6.252956853776,14.036832381441));
#4267 = VECTOR('',#4268,1.);
#4268 = DIRECTION('',(1.,-0.));
#4269 = ( GEOMETRIC_REPRESENTATION_CONTEXT(2) 
PARAMETRIC_REPRESENTATION_CONTEXT() REPRESENTATION_CONTEXT('2D SPACE',''
  ) );
#4270 = PCURVE('',#4185,#4271);
#4271 = DEFINITIONAL_REPRESENTATION('',(#4272),#4276);
#4272 = LINE('',#4273,#4274);
#4273 = CARTESIAN_POINT('',(2.09465904264,-6.28318530718));
#4274 = VECTOR('',#4275,1.);
#4275 = DIRECTION('',(0.,1.));
#4276 = ( GEOMETRIC_REPRESENTATION_CONTEXT(2) 
PARAMETRIC_REPRESENTATION_CONTEXT() REPRESENTATION_CONTEXT('2D SPACE',''
  ) );
#4277 = ADVANCED_FACE('',(#4278),#3348,.F.);
#4278 = FACE_BOUND('',#4279,.F.);
#4279 = EDGE_LOOP('',(#4280,#4281,#4282));
#4280 = ORIENTED_EDGE('',*,*,#3306,.F.);
#4281 = ORIENTED_EDGE('',*,*,#4225,.T.);
#4282 = ORIENTED_EDGE('',*,*,#4065,.T.);
#4283 = ADVANCED_FACE('',(#4284),#3824,.T.);
#4284 = FACE_BOUND('',#4285,.F.);
#4285 = EDGE_LOOP('',(#4286,#4287,#4288,#4317));
#4286 = ORIENTED_EDGE('',*,*,#3809,.F.);
#4287 = ORIENTED_EDGE('',*,*,#3922,.T.);
#4288 = ORIENTED_EDGE('',*,*,#4289,.F.);
#4289 = EDGE_CURVE('',#3843,#3923,#4290,.T.);
#4290 = SURFACE_CURVE('',#4291,(#4296,#4303),.PCURVE_S1.);
#4291 = CIRCLE('',#4292,0.3);
#4292 = AXIS2_PLACEMENT_3D('',#4293,#4294,#4295);
#4293 = CARTESIAN_POINT('',(237.42533987072,11.185719760827,12.4));
#4294 = DIRECTION('',(-1.940487566897E-14,-3.489949670254E-02,
    -0.999390827019));
#4295 = DIRECTION('',(0.500000034668,-0.865497824504,3.022385002514E-02)
  );
#4296 = PCURVE('',#3824,#4297);
#4297 = DEFINITIONAL_REPRESENTATION('',(#4298),#4302);
#4298 = LINE('',#4299,#4300);
#4299 = CARTESIAN_POINT('',(-0.,12.425703714244));
#4300 = VECTOR('',#4301,1.);
#4301 = DIRECTION('',(-1.,0.));
#4302 = ( GEOMETRIC_REPRESENTATION_CONTEXT(2) 
PARAMETRIC_REPRESENTATION_CONTEXT() REPRESENTATION_CONTEXT('2D SPACE',''
  ) );
#4303 = PCURVE('',#4152,#4304);
#4304 = DEFINITIONAL_REPRESENTATION('',(#4305),#4316);
#4305 = B_SPLINE_CURVE_WITH_KNOTS('',9,(#4306,#4307,#4308,#4309,#4310,
    #4311,#4312,#4313,#4314,#4315),.UNSPECIFIED.,.F.,.F.,(10,10),(0.,
    2.094395142425),.PIECEWISE_BEZIER_KNOTS.);
#4306 = CARTESIAN_POINT('',(-9.525713551284E-14,-3.022845340371E-02));
#4307 = CARTESIAN_POINT('',(0.232781451847,-3.429105057132E-02));
#4308 = CARTESIAN_POINT('',(0.465626257297,-3.651342696771E-02));
#4309 = CARTESIAN_POINT('',(0.698517650341,-3.657115397834E-02));
#4310 = CARTESIAN_POINT('',(0.93139348778,-3.434319582513E-02));
#4311 = CARTESIAN_POINT('',(1.164209196708,-2.994585571E-02));
#4312 = CARTESIAN_POINT('',(1.396906066586,-2.373155783324E-02));
#4313 = CARTESIAN_POINT('',(1.629522290161,-1.624112811889E-02));
#4314 = CARTESIAN_POINT('',(1.862090232252,-8.121481818347E-03));
#4315 = CARTESIAN_POINT('',(2.09465904264,1.7171680744E-13));
#4316 = ( GEOMETRIC_REPRESENTATION_CONTEXT(2) 
PARAMETRIC_REPRESENTATION_CONTEXT() REPRESENTATION_CONTEXT('2D SPACE',''
  ) );
#4317 = ORIENTED_EDGE('',*,*,#3865,.F.);
#4318 = ADVANCED_FACE('',(#4319),#3905,.T.);
#4319 = FACE_BOUND('',#4320,.F.);
#4320 = EDGE_LOOP('',(#4321,#4322,#4323,#4352));
#4321 = ORIENTED_EDGE('',*,*,#3890,.F.);
#4322 = ORIENTED_EDGE('',*,*,#3993,.T.);
#4323 = ORIENTED_EDGE('',*,*,#4324,.F.);
#4324 = EDGE_CURVE('',#3946,#3994,#4325,.T.);
#4325 = SURFACE_CURVE('',#4326,(#4331,#4338),.PCURVE_S1.);
#4326 = CIRCLE('',#4327,0.3);
#4327 = AXIS2_PLACEMENT_3D('',#4328,#4329,#4330);
#4328 = CARTESIAN_POINT('',(237.42533987072,45.964280239173,12.4));
#4329 = DIRECTION('',(5.090996307243E-15,3.48994967025E-02,
    -0.999390827019));
#4330 = DIRECTION('',(-1.,-2.368475785867E-14,-5.921189464668E-15));
#4331 = PCURVE('',#3905,#4332);
#4332 = DEFINITIONAL_REPRESENTATION('',(#4333),#4337);
#4333 = LINE('',#4334,#4335);
#4334 = CARTESIAN_POINT('',(-0.,12.425703714244));
#4335 = VECTOR('',#4336,1.);
#4336 = DIRECTION('',(-1.,8.481478988457E-16));
#4337 = ( GEOMETRIC_REPRESENTATION_CONTEXT(2) 
PARAMETRIC_REPRESENTATION_CONTEXT() REPRESENTATION_CONTEXT('2D SPACE',''
  ) );
#4338 = PCURVE('',#4185,#4339);
#4339 = DEFINITIONAL_REPRESENTATION('',(#4340),#4351);
#4340 = B_SPLINE_CURVE_WITH_KNOTS('',9,(#4341,#4342,#4343,#4344,#4345,
    #4346,#4347,#4348,#4349,#4350),.UNSPECIFIED.,.F.,.F.,(10,10),(0.,
    2.094395142425),.PIECEWISE_BEZIER_KNOTS.);
#4341 = CARTESIAN_POINT('',(0.,1.006555949701E-13));
#4342 = CARTESIAN_POINT('',(0.232568810388,-8.121481818426E-03));
#4343 = CARTESIAN_POINT('',(0.465136752479,-1.624112811899E-02));
#4344 = CARTESIAN_POINT('',(0.697752976054,-2.37315578333E-02));
#4345 = CARTESIAN_POINT('',(0.930449845931,-2.994585571014E-02));
#4346 = CARTESIAN_POINT('',(1.163265554862,-3.434319582515E-02));
#4347 = CARTESIAN_POINT('',(1.396141392297,-3.657115397841E-02));
#4348 = CARTESIAN_POINT('',(1.629032785344,-3.651342696774E-02));
#4349 = CARTESIAN_POINT('',(1.861877590793,-3.429105057134E-02));
#4350 = CARTESIAN_POINT('',(2.09465904264,-3.022845340371E-02));
#4351 = ( GEOMETRIC_REPRESENTATION_CONTEXT(2) 
PARAMETRIC_REPRESENTATION_CONTEXT() REPRESENTATION_CONTEXT('2D SPACE',''
  ) );
#4352 = ORIENTED_EDGE('',*,*,#3968,.F.);
#4353 = ADVANCED_FACE('',(#4354),#4152,.T.);
#4354 = FACE_BOUND('',#4355,.T.);
#4355 = EDGE_LOOP('',(#4356,#4357,#4358));
#4356 = ORIENTED_EDGE('',*,*,#4137,.F.);
#4357 = ORIENTED_EDGE('',*,*,#4198,.T.);
#4358 = ORIENTED_EDGE('',*,*,#4289,.F.);
#4359 = ADVANCED_FACE('',(#4360),#4185,.T.);
#4360 = FACE_BOUND('',#4361,.T.);
#4361 = EDGE_LOOP('',(#4362,#4363,#4364));
#4362 = ORIENTED_EDGE('',*,*,#4170,.F.);
#4363 = ORIENTED_EDGE('',*,*,#4256,.T.);
#4364 = ORIENTED_EDGE('',*,*,#4324,.F.);
#4365 = ( GEOMETRIC_REPRESENTATION_CONTEXT(3) 
GLOBAL_UNCERTAINTY_ASSIGNED_CONTEXT((#4369)) 
GLOBAL_UNIT_ASSIGNED_CONTEXT((#4366,#4367,#4368)) REPRESENTATION_CONTEXT
('Context #1','3D Context with UNIT and UNCERTAINTY') );
#4366 = ( LENGTH_UNIT() NAMED_UNIT(*) SI_UNIT(.MILLI.,.METRE.) );
#4367 = ( NAMED_UNIT(*) PLANE_ANGLE_UNIT() SI_UNIT($,.RADIAN.) );
#4368 = ( NAMED_UNIT(*) SI_UNIT($,.STERADIAN.) SOLID_ANGLE_UNIT() );
#4369 = UNCERTAINTY_MEASURE_WITH_UNIT(LENGTH_MEASURE(2.E-05),#4366,
  'distance_accuracy_value','confusion accuracy');
#4370 = CONTEXT_DEPENDENT_SHAPE_REPRESENTATION(#4371,#4373);
#4371 = ( REPRESENTATION_RELATIONSHIP('','',#36,#10) 
REPRESENTATION_RELATIONSHIP_WITH_TRANSFORMATION(#4372) 
SHAPE_REPRESENTATION_RELATIONSHIP() );
#4372 = ITEM_DEFINED_TRANSFORMATION('','',#11,#15);
#4373 = PRODUCT_DEFINITION_SHAPE('Placement','Placement of an item',
  #4374);
#4374 = NEXT_ASSEMBLY_USAGE_OCCURRENCE('1','','',#5,#31,$);
#4375 = PRODUCT_RELATED_PRODUCT_CATEGORY('part',$,(#33));
#4376 = SHAPE_DEFINITION_REPRESENTATION(#4377,#4383);
#4377 = PRODUCT_DEFINITION_SHAPE('','',#4378);
#4378 = PRODUCT_DEFINITION('design','',#4379,#4382);
#4379 = PRODUCT_DEFINITION_FORMATION('','',#4380);
#4380 = PRODUCT('Open CASCADE STEP translator 7.9 3.2',
  'Open CASCADE STEP translator 7.9 3.2','',(#4381));
#4381 = PRODUCT_CONTEXT('',#2,'mechanical');
#4382 = PRODUCT_DEFINITION_CONTEXT('part definition',#2,'design');
#4383 = ADVANCED_BREP_SHAPE_REPRESENTATION('',(#11,#4384),#8134);
#4384 = MANIFOLD_SOLID_BREP('',#4385);
#4385 = CLOSED_SHELL('',(#4386,#5480,#5556,#5713,#5762,#5818,#5900,#5969
    ,#6018,#6079,#6128,#6197,#6329,#6356,#6427,#6476,#6525,#6574,#6623,
    #6650,#6721,#6770,#6819,#6868,#6917,#6944,#7015,#7064,#7113,#7162,
    #7211,#7238,#7309,#7358,#7407,#7456,#7505,#7532,#7752,#7801,#7835,
    #7892,#7941,#7998,#8025,#8059,#8093,#8127));
#4386 = ADVANCED_FACE('',(#4387,#4800,#4970,#5140,#5310),#4401,.F.);
#4387 = FACE_BOUND('',#4388,.F.);
#4388 = EDGE_LOOP('',(#4389,#4424,#4452,#4488,#4516,#4544,#4580,#4608,
    #4661,#4689,#4742,#4770));
#4389 = ORIENTED_EDGE('',*,*,#4390,.T.);
#4390 = EDGE_CURVE('',#4391,#4393,#4395,.T.);
#4391 = VERTEX_POINT('',#4392);
#4392 = CARTESIAN_POINT('',(249.72533987072,40.258113506649,
    -2.081668171172E-16));
#4393 = VERTEX_POINT('',#4394);
#4394 = CARTESIAN_POINT('',(249.72533987072,57.15,0.));
#4395 = SURFACE_CURVE('',#4396,(#4400,#4412),.PCURVE_S1.);
#4396 = LINE('',#4397,#4398);
#4397 = CARTESIAN_POINT('',(249.72533987072,69.638040585039,0.));
#4398 = VECTOR('',#4399,1.);
#4399 = DIRECTION('',(0.,1.,0.));
#4400 = PCURVE('',#4401,#4406);
#4401 = PLANE('',#4402);
#4402 = AXIS2_PLACEMENT_3D('',#4403,#4404,#4405);
#4403 = CARTESIAN_POINT('',(238.15334829633,27.850133547595,0.));
#4404 = DIRECTION('',(0.,0.,1.));
#4405 = DIRECTION('',(1.110223024625E-16,-1.,0.));
#4406 = DEFINITIONAL_REPRESENTATION('',(#4407),#4411);
#4407 = LINE('',#4408,#4409);
#4408 = CARTESIAN_POINT('',(-41.78790703744,11.57199157439));
#4409 = VECTOR('',#4410,1.);
#4410 = DIRECTION('',(-1.,1.110223024625E-16));
#4411 = ( GEOMETRIC_REPRESENTATION_CONTEXT(2) 
PARAMETRIC_REPRESENTATION_CONTEXT() REPRESENTATION_CONTEXT('2D SPACE',''
  ) );
#4412 = PCURVE('',#4413,#4418);
#4413 = PLANE('',#4414);
#4414 = AXIS2_PLACEMENT_3D('',#4415,#4416,#4417);
#4415 = CARTESIAN_POINT('',(249.72533987072,111.42594762248,
    6.361900152862));
#4416 = DIRECTION('',(1.,0.,0.));
#4417 = DIRECTION('',(-0.,0.,1.));
#4418 = DEFINITIONAL_REPRESENTATION('',(#4419),#4423);
#4419 = LINE('',#4420,#4421);
#4420 = CARTESIAN_POINT('',(-6.361900152862,41.787907037444));
#4421 = VECTOR('',#4422,1.);
#4422 = DIRECTION('',(0.,-1.));
#4423 = ( GEOMETRIC_REPRESENTATION_CONTEXT(2) 
PARAMETRIC_REPRESENTATION_CONTEXT() REPRESENTATION_CONTEXT('2D SPACE',''
  ) );
#4424 = ORIENTED_EDGE('',*,*,#4425,.T.);
#4425 = EDGE_CURVE('',#4393,#4426,#4428,.T.);
#4426 = VERTEX_POINT('',#4427);
#4427 = CARTESIAN_POINT('',(7.105427357601E-15,57.15,0.));
#4428 = SURFACE_CURVE('',#4429,(#4433,#4440),.PCURVE_S1.);
#4429 = LINE('',#4430,#4431);
#4430 = CARTESIAN_POINT('',(457.2,57.15,0.));
#4431 = VECTOR('',#4432,1.);
#4432 = DIRECTION('',(-1.,-1.110223024625E-16,0.));
#4433 = PCURVE('',#4401,#4434);
#4434 = DEFINITIONAL_REPRESENTATION('',(#4435),#4439);
#4435 = LINE('',#4436,#4437);
#4436 = CARTESIAN_POINT('',(-29.2998664524,219.04665170367));
#4437 = VECTOR('',#4438,1.);
#4438 = DIRECTION('',(0.,-1.));
#4439 = ( GEOMETRIC_REPRESENTATION_CONTEXT(2) 
PARAMETRIC_REPRESENTATION_CONTEXT() REPRESENTATION_CONTEXT('2D SPACE',''
  ) );
#4440 = PCURVE('',#4441,#4446);
#4441 = PLANE('',#4442);
#4442 = AXIS2_PLACEMENT_3D('',#4443,#4444,#4445);
#4443 = CARTESIAN_POINT('',(457.2,57.15,0.));
#4444 = DIRECTION('',(1.110223024625E-16,-1.,0.));
#4445 = DIRECTION('',(-1.,-1.110223024625E-16,0.));
#4446 = DEFINITIONAL_REPRESENTATION('',(#4447),#4451);
#4447 = LINE('',#4448,#4449);
#4448 = CARTESIAN_POINT('',(0.,0.));
#4449 = VECTOR('',#4450,1.);
#4450 = DIRECTION('',(1.,0.));
#4451 = ( GEOMETRIC_REPRESENTATION_CONTEXT(2) 
PARAMETRIC_REPRESENTATION_CONTEXT() REPRESENTATION_CONTEXT('2D SPACE',''
  ) );
#4452 = ORIENTED_EDGE('',*,*,#4453,.F.);
#4453 = EDGE_CURVE('',#4454,#4426,#4456,.T.);
#4454 = VERTEX_POINT('',#4455);
#4455 = CARTESIAN_POINT('',(1.00892989728,0.,0.));
#4456 = SURFACE_CURVE('',#4457,(#4462,#4473),.PCURVE_S1.);
#4457 = ELLIPSE('',#4458,424.44736842105,110.79605803202);
#4458 = AXIS2_PLACEMENT_3D('',#4459,#4460,#4461);
#4459 = CARTESIAN_POINT('',(110.79605803202,57.15,0.));
#4460 = DIRECTION('',(0.,-0.,-1.));
#4461 = DIRECTION('',(1.110223024625E-16,-1.,0.));
#4462 = PCURVE('',#4401,#4463);
#4463 = DEFINITIONAL_REPRESENTATION('',(#4464),#4472);
#4464 = ( BOUNDED_CURVE() B_SPLINE_CURVE(2,(#4465,#4466,#4467,#4468,
#4469,#4470,#4471),.UNSPECIFIED.,.T.,.F.) B_SPLINE_CURVE_WITH_KNOTS((1,2
    ,2,2,2,1),(-2.094395102393,0.,2.094395102393,4.188790204786,
6.28318530718,8.377580409573),.UNSPECIFIED.) CURVE() 
GEOMETRIC_REPRESENTATION_ITEM() RATIONAL_B_SPLINE_CURVE((1.,0.5,1.,0.5,
1.,0.5,1.)) REPRESENTATION_ITEM('') );
#4465 = CARTESIAN_POINT('',(395.14750196864,-127.3572902643));
#4466 = CARTESIAN_POINT('',(395.14750196864,-319.2616920541));
#4467 = CARTESIAN_POINT('',(-241.5235506629,-223.3094911592));
#4468 = CARTESIAN_POINT('',(-878.1946032945,-127.3572902643));
#4469 = CARTESIAN_POINT('',(-241.5235506629,-31.4050893694));
#4470 = CARTESIAN_POINT('',(395.14750196864,64.547111525498));
#4471 = CARTESIAN_POINT('',(395.14750196864,-127.3572902643));
#4472 = ( GEOMETRIC_REPRESENTATION_CONTEXT(2) 
PARAMETRIC_REPRESENTATION_CONTEXT() REPRESENTATION_CONTEXT('2D SPACE',''
  ) );
#4473 = PCURVE('',#4474,#4482);
#4474 = SURFACE_OF_LINEAR_EXTRUSION('',#4475,#4480);
#4475 = ELLIPSE('',#4476,424.44736842105,110.79605803202);
#4476 = AXIS2_PLACEMENT_3D('',#4477,#4478,#4479);
#4477 = CARTESIAN_POINT('',(110.79605803202,57.15,0.));
#4478 = DIRECTION('',(0.,-0.,-1.));
#4479 = DIRECTION('',(1.110223024625E-16,-1.,0.));
#4480 = VECTOR('',#4481,1.);
#4481 = DIRECTION('',(-0.,0.,-1.));
#4482 = DEFINITIONAL_REPRESENTATION('',(#4483),#4487);
#4483 = LINE('',#4484,#4485);
#4484 = CARTESIAN_POINT('',(0.,0.));
#4485 = VECTOR('',#4486,1.);
#4486 = DIRECTION('',(1.,0.));
#4487 = ( GEOMETRIC_REPRESENTATION_CONTEXT(2) 
PARAMETRIC_REPRESENTATION_CONTEXT() REPRESENTATION_CONTEXT('2D SPACE',''
  ) );
#4488 = ORIENTED_EDGE('',*,*,#4489,.T.);
#4489 = EDGE_CURVE('',#4454,#4490,#4492,.T.);
#4490 = VERTEX_POINT('',#4491);
#4491 = CARTESIAN_POINT('',(249.72533987072,2.84217094304E-14,0.));
#4492 = SURFACE_CURVE('',#4493,(#4497,#4504),.PCURVE_S1.);
#4493 = LINE('',#4494,#4495);
#4494 = CARTESIAN_POINT('',(1.00892989728,0.,0.));
#4495 = VECTOR('',#4496,1.);
#4496 = DIRECTION('',(1.,1.110223024625E-16,0.));
#4497 = PCURVE('',#4401,#4498);
#4498 = DEFINITIONAL_REPRESENTATION('',(#4499),#4503);
#4499 = LINE('',#4500,#4501);
#4500 = CARTESIAN_POINT('',(27.850133547595,-237.144418399));
#4501 = VECTOR('',#4502,1.);
#4502 = DIRECTION('',(0.,1.));
#4503 = ( GEOMETRIC_REPRESENTATION_CONTEXT(2) 
PARAMETRIC_REPRESENTATION_CONTEXT() REPRESENTATION_CONTEXT('2D SPACE',''
  ) );
#4504 = PCURVE('',#4505,#4510);
#4505 = PLANE('',#4506);
#4506 = AXIS2_PLACEMENT_3D('',#4507,#4508,#4509);
#4507 = CARTESIAN_POINT('',(1.00892989728,0.,0.));
#4508 = DIRECTION('',(-1.110223024625E-16,1.,0.));
#4509 = DIRECTION('',(1.,1.110223024625E-16,0.));
#4510 = DEFINITIONAL_REPRESENTATION('',(#4511),#4515);
#4511 = LINE('',#4512,#4513);
#4512 = CARTESIAN_POINT('',(0.,0.));
#4513 = VECTOR('',#4514,1.);
#4514 = DIRECTION('',(1.,0.));
#4515 = ( GEOMETRIC_REPRESENTATION_CONTEXT(2) 
PARAMETRIC_REPRESENTATION_CONTEXT() REPRESENTATION_CONTEXT('2D SPACE',''
  ) );
#4516 = ORIENTED_EDGE('',*,*,#4517,.T.);
#4517 = EDGE_CURVE('',#4490,#4518,#4520,.T.);
#4518 = VERTEX_POINT('',#4519);
#4519 = CARTESIAN_POINT('',(249.72533987072,16.891886493351,
    2.428612866368E-17));
#4520 = SURFACE_CURVE('',#4521,(#4525,#4532),.PCURVE_S1.);
#4521 = LINE('',#4522,#4523);
#4522 = CARTESIAN_POINT('',(249.72533987072,11.669563347556,0.));
#4523 = VECTOR('',#4524,1.);
#4524 = DIRECTION('',(0.,1.,0.));
#4525 = PCURVE('',#4401,#4526);
#4526 = DEFINITIONAL_REPRESENTATION('',(#4527),#4531);
#4527 = LINE('',#4528,#4529);
#4528 = CARTESIAN_POINT('',(16.180570200039,11.57199157439));
#4529 = VECTOR('',#4530,1.);
#4530 = DIRECTION('',(-1.,1.110223024625E-16));
#4531 = ( GEOMETRIC_REPRESENTATION_CONTEXT(2) 
PARAMETRIC_REPRESENTATION_CONTEXT() REPRESENTATION_CONTEXT('2D SPACE',''
  ) );
#4532 = PCURVE('',#4533,#4538);
#4533 = PLANE('',#4534);
#4534 = AXIS2_PLACEMENT_3D('',#4535,#4536,#4537);
#4535 = CARTESIAN_POINT('',(249.72533987072,-4.511006852484,
    6.381975726639));
#4536 = DIRECTION('',(1.,0.,0.));
#4537 = DIRECTION('',(-0.,0.,1.));
#4538 = DEFINITIONAL_REPRESENTATION('',(#4539),#4543);
#4539 = LINE('',#4540,#4541);
#4540 = CARTESIAN_POINT('',(-6.381975726639,-16.18057020003));
#4541 = VECTOR('',#4542,1.);
#4542 = DIRECTION('',(0.,-1.));
#4543 = ( GEOMETRIC_REPRESENTATION_CONTEXT(2) 
PARAMETRIC_REPRESENTATION_CONTEXT() REPRESENTATION_CONTEXT('2D SPACE',''
  ) );
#4544 = ORIENTED_EDGE('',*,*,#4545,.F.);
#4545 = EDGE_CURVE('',#4546,#4518,#4548,.T.);
#4546 = VERTEX_POINT('',#4547);
#4547 = CARTESIAN_POINT('',(249.68049521625,17.049766539667,
    -6.106226635438E-16));
#4548 = SURFACE_CURVE('',#4549,(#4554,#4565),.PCURVE_S1.);
#4549 = ELLIPSE('',#4550,0.30018286329,0.3);
#4550 = AXIS2_PLACEMENT_3D('',#4551,#4552,#4553);
#4551 = CARTESIAN_POINT('',(249.42533987072,16.891886493351,
    1.006642281157E-18));
#4552 = DIRECTION('',(0.,-0.,-1.));
#4553 = DIRECTION('',(0.,1.,-0.));
#4554 = PCURVE('',#4401,#4555);
#4555 = DEFINITIONAL_REPRESENTATION('',(#4556),#4564);
#4556 = ( BOUNDED_CURVE() B_SPLINE_CURVE(2,(#4557,#4558,#4559,#4560,
#4561,#4562,#4563),.UNSPECIFIED.,.T.,.F.) B_SPLINE_CURVE_WITH_KNOTS((1,2
    ,2,2,2,1),(-2.094395102393,0.,2.094395102393,4.188790204786,
6.28318530718,8.377580409573),.UNSPECIFIED.) CURVE() 
GEOMETRIC_REPRESENTATION_ITEM() RATIONAL_B_SPLINE_CURVE((1.,0.5,1.,0.5,
1.,0.5,1.)) REPRESENTATION_ITEM('') );
#4557 = CARTESIAN_POINT('',(10.658064190954,11.27199157439));
#4558 = CARTESIAN_POINT('',(10.658064190954,11.791606816661));
#4559 = CARTESIAN_POINT('',(11.108338485889,11.531799195526));
#4560 = CARTESIAN_POINT('',(11.558612780823,11.27199157439));
#4561 = CARTESIAN_POINT('',(11.108338485889,11.012183953255));
#4562 = CARTESIAN_POINT('',(10.658064190954,10.75237633212));
#4563 = CARTESIAN_POINT('',(10.658064190954,11.27199157439));
#4564 = ( GEOMETRIC_REPRESENTATION_CONTEXT(2) 
PARAMETRIC_REPRESENTATION_CONTEXT() REPRESENTATION_CONTEXT('2D SPACE',''
  ) );
#4565 = PCURVE('',#4566,#4571);
#4566 = CYLINDRICAL_SURFACE('',#4567,0.3);
#4567 = AXIS2_PLACEMENT_3D('',#4568,#4569,#4570);
#4568 = CARTESIAN_POINT('',(249.42533987072,16.892519757455,
    1.813431127244E-02));
#4569 = DIRECTION('',(0.,3.48994967025E-02,0.999390827019));
#4570 = DIRECTION('',(-0.500000034668,0.865497824504,-3.022385002512E-02
    ));
#4571 = DEFINITIONAL_REPRESENTATION('',(#4572),#4579);
#4572 = B_SPLINE_CURVE_WITH_KNOTS('',5,(#4573,#4574,#4575,#4576,#4577,
    #4578),.UNSPECIFIED.,.F.,.F.,(6,6),(1.016969057762,1.570796326795),
  .PIECEWISE_BEZIER_KNOTS.);
#4573 = CARTESIAN_POINT('',(-1.540567873392,-1.263543078281E-02));
#4574 = CARTESIAN_POINT('',(-1.651333327198,-1.362237545602E-02));
#4575 = CARTESIAN_POINT('',(-1.762098781005,-1.469381898233E-02));
#4576 = CARTESIAN_POINT('',(-1.872864234811,-1.582455378259E-02));
#4577 = CARTESIAN_POINT('',(-1.983629688618,-1.698496047448E-02));
#4578 = CARTESIAN_POINT('',(-2.094395142425,-1.814536493849E-02));
#4579 = ( GEOMETRIC_REPRESENTATION_CONTEXT(2) 
PARAMETRIC_REPRESENTATION_CONTEXT() REPRESENTATION_CONTEXT('2D SPACE',''
  ) );
#4580 = ORIENTED_EDGE('',*,*,#4581,.T.);
#4581 = EDGE_CURVE('',#4546,#4582,#4584,.T.);
#4582 = VERTEX_POINT('',#4583);
#4583 = CARTESIAN_POINT('',(237.47533988805,9.998820928421,0.));
#4584 = SURFACE_CURVE('',#4585,(#4589,#4596),.PCURVE_S1.);
#4585 = LINE('',#4586,#4587);
#4586 = CARTESIAN_POINT('',(249.87093930563,17.159786517302,
    -6.106226635438E-16));
#4587 = VECTOR('',#4588,1.);
#4588 = DIRECTION('',(-0.865893403497,-0.50022856154,0.));
#4589 = PCURVE('',#4401,#4590);
#4590 = DEFINITIONAL_REPRESENTATION('',(#4591),#4595);
#4591 = LINE('',#4592,#4593);
#4592 = CARTESIAN_POINT('',(10.690347030293,11.717591009306));
#4593 = VECTOR('',#4594,1.);
#4594 = DIRECTION('',(0.50022856154,-0.865893403497));
#4595 = ( GEOMETRIC_REPRESENTATION_CONTEXT(2) 
PARAMETRIC_REPRESENTATION_CONTEXT() REPRESENTATION_CONTEXT('2D SPACE',''
  ) );
#4596 = PCURVE('',#4597,#4602);
#4597 = CYLINDRICAL_SURFACE('',#4598,0.3);
#4598 = AXIS2_PLACEMENT_3D('',#4599,#4600,#4601);
#4599 = CARTESIAN_POINT('',(249.87093930563,17.159786517302,0.3));
#4600 = DIRECTION('',(-0.865893403497,-0.50022856154,0.));
#4601 = DIRECTION('',(0.,-0.,-1.));
#4602 = DEFINITIONAL_REPRESENTATION('',(#4603),#4607);
#4603 = LINE('',#4604,#4605);
#4604 = CARTESIAN_POINT('',(-0.,0.));
#4605 = VECTOR('',#4606,1.);
#4606 = DIRECTION('',(-0.,1.));
#4607 = ( GEOMETRIC_REPRESENTATION_CONTEXT(2) 
PARAMETRIC_REPRESENTATION_CONTEXT() REPRESENTATION_CONTEXT('2D SPACE',''
  ) );
#4608 = ORIENTED_EDGE('',*,*,#4609,.F.);
#4609 = EDGE_CURVE('',#4610,#4582,#4612,.T.);
#4610 = VERTEX_POINT('',#4611);
#4611 = CARTESIAN_POINT('',(236.72533987072,10.432097560723,0.));
#4612 = SURFACE_CURVE('',#4613,(#4621,#4632),.PCURVE_S1.);
#4613 = ( BOUNDED_CURVE() B_SPLINE_CURVE(6,(#4614,#4615,#4616,#4617,
#4618,#4619,#4620),.UNSPECIFIED.,.F.,.F.) B_SPLINE_CURVE_WITH_KNOTS((7,7
),(0.,2.09465904264),.PIECEWISE_BEZIER_KNOTS.) CURVE() 
GEOMETRIC_REPRESENTATION_ITEM() RATIONAL_B_SPLINE_CURVE((1.,1.,1.,1.,1.,
1.,1.)) REPRESENTATION_ITEM('') );
#4614 = CARTESIAN_POINT('',(236.72533987072,10.432097560723,0.));
#4615 = CARTESIAN_POINT('',(236.72533987072,10.257649071894,0.));
#4616 = CARTESIAN_POINT('',(236.79821355403,10.083288710917,
    -2.775557561563E-17));
#4617 = CARTESIAN_POINT('',(236.94444567397,9.946462304352,0.));
#4618 = CARTESIAN_POINT('',(237.13627968861,9.88740894594,
    1.665334536938E-16));
#4619 = CARTESIAN_POINT('',(237.32407875208,9.911437030868,
    -1.387778780781E-16));
#4620 = CARTESIAN_POINT('',(237.47533988805,9.998820928421,0.));
#4621 = PCURVE('',#4401,#4622);
#4622 = DEFINITIONAL_REPRESENTATION('',(#4623),#4631);
#4623 = ( BOUNDED_CURVE() B_SPLINE_CURVE(6,(#4624,#4625,#4626,#4627,
#4628,#4629,#4630),.UNSPECIFIED.,.F.,.F.) B_SPLINE_CURVE_WITH_KNOTS((7,7
),(0.,2.09465904264),.PIECEWISE_BEZIER_KNOTS.) CURVE() 
GEOMETRIC_REPRESENTATION_ITEM() RATIONAL_B_SPLINE_CURVE((1.,1.,1.,1.,1.,
1.,1.)) REPRESENTATION_ITEM('') );
#4624 = CARTESIAN_POINT('',(17.418035986872,-1.42800842561));
#4625 = CARTESIAN_POINT('',(17.592484475701,-1.42800842561));
#4626 = CARTESIAN_POINT('',(17.766844836678,-1.3551347423));
#4627 = CARTESIAN_POINT('',(17.903671243243,-1.208902622358));
#4628 = CARTESIAN_POINT('',(17.962724601655,-1.017068607715));
#4629 = CARTESIAN_POINT('',(17.938696516727,-0.829269544245));
#4630 = CARTESIAN_POINT('',(17.851312619174,-0.678008408275));
#4631 = ( GEOMETRIC_REPRESENTATION_CONTEXT(2) 
PARAMETRIC_REPRESENTATION_CONTEXT() REPRESENTATION_CONTEXT('2D SPACE',''
  ) );
#4632 = PCURVE('',#4633,#4655);
#4633 = ( BOUNDED_SURFACE() B_SPLINE_SURFACE(2,6,(
    (#4634,#4635,#4636,#4637,#4638,#4639,#4640)
    ,(#4641,#4642,#4643,#4644,#4645,#4646,#4647)
    ,(#4648,#4649,#4650,#4651,#4652,#4653,#4654
)),.UNSPECIFIED.,.F.,.F.,.F.) B_SPLINE_SURFACE_WITH_KNOTS((3,3),(7,7),(
    0.,2.09465904264),(0.,2.09465904264),.PIECEWISE_BEZIER_KNOTS.) 
GEOMETRIC_REPRESENTATION_ITEM() RATIONAL_B_SPLINE_SURFACE((
    (1.,1.,1.,1.,1.,1.,1.)
    ,(0.707106781187,0.711397365029,0.715653893219,0.718972705005
      ,0.720417185422,0.719839159044,0.717712982335)
,(1.,1.,1.,1.,1.,1.,1.))) REPRESENTATION_ITEM('') SURFACE() );
#4634 = CARTESIAN_POINT('',(236.72533987072,10.432097560723,0.));
#4635 = CARTESIAN_POINT('',(236.72533987072,10.257649071894,0.));
#4636 = CARTESIAN_POINT('',(236.79821355403,10.083288710917,
    -2.775557561563E-17));
#4637 = CARTESIAN_POINT('',(236.94444567397,9.946462304352,0.));
#4638 = CARTESIAN_POINT('',(237.13627968861,9.88740894594,
    1.665334536938E-16));
#4639 = CARTESIAN_POINT('',(237.32407875208,9.911437030868,
    -1.387778780781E-16));
#4640 = CARTESIAN_POINT('',(237.47533988805,9.998820928421,0.));
#4641 = CARTESIAN_POINT('',(237.02533987072,10.432097560723,
    2.775557561563E-17));
#4642 = CARTESIAN_POINT('',(237.0217211473,10.362802492768,
    5.551115123126E-17));
#4643 = CARTESIAN_POINT('',(237.0468055423,10.290525037771,
    3.608224830032E-16));
#4644 = CARTESIAN_POINT('',(237.10443217416,10.22844278221,
    -6.938893903907E-16));
#4645 = CARTESIAN_POINT('',(237.18792433358,10.201356824302,
    5.273559366969E-16));
#4646 = CARTESIAN_POINT('',(237.26753996566,10.21287191911,
    -2.775557561563E-17));
#4647 = CARTESIAN_POINT('',(237.32974045313,10.250852899283,
    -2.775557561563E-17));
#4648 = CARTESIAN_POINT('',(237.02533987072,10.432097560723,0.3));
#4649 = CARTESIAN_POINT('',(237.02533987072,10.362382024026,
    0.296359318883));
#4650 = CARTESIAN_POINT('',(237.05434207073,10.292730789247,
    0.292722005996));
#4651 = CARTESIAN_POINT('',(237.11243568023,10.237713806418,
    0.289848789175));
#4652 = CARTESIAN_POINT('',(237.18945730715,10.213732442878,
    0.288596555463));
#4653 = CARTESIAN_POINT('',(237.26475258189,10.223404912833,
    0.28910166344));
#4654 = CARTESIAN_POINT('',(237.32533987765,10.258470275772,
    0.290932844992));
#4655 = DEFINITIONAL_REPRESENTATION('',(#4656),#4660);
#4656 = LINE('',#4657,#4658);
#4657 = CARTESIAN_POINT('',(0.,0.));
#4658 = VECTOR('',#4659,1.);
#4659 = DIRECTION('',(0.,1.));
#4660 = ( GEOMETRIC_REPRESENTATION_CONTEXT(2) 
PARAMETRIC_REPRESENTATION_CONTEXT() REPRESENTATION_CONTEXT('2D SPACE',''
  ) );
#4661 = ORIENTED_EDGE('',*,*,#4662,.T.);
#4662 = EDGE_CURVE('',#4610,#4663,#4665,.T.);
#4663 = VERTEX_POINT('',#4664);
#4664 = CARTESIAN_POINT('',(236.72533987072,46.717902439277,0.));
#4665 = SURFACE_CURVE('',#4666,(#4670,#4677),.PCURVE_S1.);
#4666 = LINE('',#4667,#4668);
#4667 = CARTESIAN_POINT('',(236.72533987072,10.075,-5.551115123126E-17)
  );
#4668 = VECTOR('',#4669,1.);
#4669 = DIRECTION('',(0.,1.,0.));
#4670 = PCURVE('',#4401,#4671);
#4671 = DEFINITIONAL_REPRESENTATION('',(#4672),#4676);
#4672 = LINE('',#4673,#4674);
#4673 = CARTESIAN_POINT('',(17.775133547595,-1.42800842561));
#4674 = VECTOR('',#4675,1.);
#4675 = DIRECTION('',(-1.,1.110223024625E-16));
#4676 = ( GEOMETRIC_REPRESENTATION_CONTEXT(2) 
PARAMETRIC_REPRESENTATION_CONTEXT() REPRESENTATION_CONTEXT('2D SPACE',''
  ) );
#4677 = PCURVE('',#4678,#4683);
#4678 = CYLINDRICAL_SURFACE('',#4679,0.3);
#4679 = AXIS2_PLACEMENT_3D('',#4680,#4681,#4682);
#4680 = CARTESIAN_POINT('',(236.72533987072,10.075,0.3));
#4681 = DIRECTION('',(0.,1.,0.));
#4682 = DIRECTION('',(0.,0.,-1.));
#4683 = DEFINITIONAL_REPRESENTATION('',(#4684),#4688);
#4684 = LINE('',#4685,#4686);
#4685 = CARTESIAN_POINT('',(-0.,0.));
#4686 = VECTOR('',#4687,1.);
#4687 = DIRECTION('',(-0.,1.));
#4688 = ( GEOMETRIC_REPRESENTATION_CONTEXT(2) 
PARAMETRIC_REPRESENTATION_CONTEXT() REPRESENTATION_CONTEXT('2D SPACE',''
  ) );
#4689 = ORIENTED_EDGE('',*,*,#4690,.F.);
#4690 = EDGE_CURVE('',#4691,#4663,#4693,.T.);
#4691 = VERTEX_POINT('',#4692);
#4692 = CARTESIAN_POINT('',(237.47533988805,47.151179071579,0.));
#4693 = SURFACE_CURVE('',#4694,(#4702,#4713),.PCURVE_S1.);
#4694 = ( BOUNDED_CURVE() B_SPLINE_CURVE(6,(#4695,#4696,#4697,#4698,
#4699,#4700,#4701),.UNSPECIFIED.,.F.,.F.) B_SPLINE_CURVE_WITH_KNOTS((7,7
),(0.,2.09465904264),.PIECEWISE_BEZIER_KNOTS.) CURVE() 
GEOMETRIC_REPRESENTATION_ITEM() RATIONAL_B_SPLINE_CURVE((1.,1.,1.,1.,1.,
1.,1.)) REPRESENTATION_ITEM('') );
#4695 = CARTESIAN_POINT('',(237.47533988805,47.151179071579,0.));
#4696 = CARTESIAN_POINT('',(237.32407875208,47.238562969132,
    1.110223024625E-16));
#4697 = CARTESIAN_POINT('',(237.13627968861,47.26259105406,
    -2.775557561563E-16));
#4698 = CARTESIAN_POINT('',(236.94444567397,47.203537695648,
    2.498001805407E-16));
#4699 = CARTESIAN_POINT('',(236.79821355403,47.066711289083,
    -8.326672684689E-17));
#4700 = CARTESIAN_POINT('',(236.72533987072,46.892350928106,
    -5.551115123126E-17));
#4701 = CARTESIAN_POINT('',(236.72533987072,46.717902439277,0.));
#4702 = PCURVE('',#4401,#4703);
#4703 = DEFINITIONAL_REPRESENTATION('',(#4704),#4712);
#4704 = ( BOUNDED_CURVE() B_SPLINE_CURVE(6,(#4705,#4706,#4707,#4708,
#4709,#4710,#4711),.UNSPECIFIED.,.F.,.F.) B_SPLINE_CURVE_WITH_KNOTS((7,7
),(0.,2.09465904264),.PIECEWISE_BEZIER_KNOTS.) CURVE() 
GEOMETRIC_REPRESENTATION_ITEM() RATIONAL_B_SPLINE_CURVE((1.,1.,1.,1.,1.,
1.,1.)) REPRESENTATION_ITEM('') );
#4705 = CARTESIAN_POINT('',(-19.30104552398,-0.678008408275));
#4706 = CARTESIAN_POINT('',(-19.38842942153,-0.829269544245));
#4707 = CARTESIAN_POINT('',(-19.41245750646,-1.017068607715));
#4708 = CARTESIAN_POINT('',(-19.35340414805,-1.208902622358));
#4709 = CARTESIAN_POINT('',(-19.21657774148,-1.3551347423));
#4710 = CARTESIAN_POINT('',(-19.04221738051,-1.42800842561));
#4711 = CARTESIAN_POINT('',(-18.86776889168,-1.42800842561));
#4712 = ( GEOMETRIC_REPRESENTATION_CONTEXT(2) 
PARAMETRIC_REPRESENTATION_CONTEXT() REPRESENTATION_CONTEXT('2D SPACE',''
  ) );
#4713 = PCURVE('',#4714,#4736);
#4714 = ( BOUNDED_SURFACE() B_SPLINE_SURFACE(2,6,(
    (#4715,#4716,#4717,#4718,#4719,#4720,#4721)
    ,(#4722,#4723,#4724,#4725,#4726,#4727,#4728)
    ,(#4729,#4730,#4731,#4732,#4733,#4734,#4735
)),.UNSPECIFIED.,.F.,.F.,.F.) B_SPLINE_SURFACE_WITH_KNOTS((3,3),(7,7),(
    0.,2.09465904264),(0.,2.09465904264),.PIECEWISE_BEZIER_KNOTS.) 
GEOMETRIC_REPRESENTATION_ITEM() RATIONAL_B_SPLINE_SURFACE((
    (1.,1.,1.,1.,1.,1.,1.)
    ,(0.717712982335,0.719839159044,0.720417185422,0.718972705005
      ,0.715653893219,0.711397365029,0.707106781187)
,(1.,1.,1.,1.,1.,1.,1.))) REPRESENTATION_ITEM('') SURFACE() );
#4715 = CARTESIAN_POINT('',(237.47533988805,47.151179071579,0.));
#4716 = CARTESIAN_POINT('',(237.32407875208,47.238562969132,
    1.110223024625E-16));
#4717 = CARTESIAN_POINT('',(237.13627968861,47.26259105406,
    -2.775557561563E-16));
#4718 = CARTESIAN_POINT('',(236.94444567397,47.203537695648,
    2.498001805407E-16));
#4719 = CARTESIAN_POINT('',(236.79821355403,47.066711289083,
    -8.326672684689E-17));
#4720 = CARTESIAN_POINT('',(236.72533987072,46.892350928106,
    -5.551115123126E-17));
#4721 = CARTESIAN_POINT('',(236.72533987072,46.717902439277,0.));
#4722 = CARTESIAN_POINT('',(237.32974045313,46.899147100717,
    6.661338147751E-16));
#4723 = CARTESIAN_POINT('',(237.26753996566,46.93712808089,
    3.330669073875E-16));
#4724 = CARTESIAN_POINT('',(237.18792433358,46.948643175698,
    -1.693090112553E-15));
#4725 = CARTESIAN_POINT('',(237.10443217416,46.92155721779,
    1.582067810091E-15));
#4726 = CARTESIAN_POINT('',(237.0468055423,46.859474962229,
    -1.942890293094E-16));
#4727 = CARTESIAN_POINT('',(237.0217211473,46.787197507232,
    -2.498001805407E-16));
#4728 = CARTESIAN_POINT('',(237.02533987072,46.717902439277,
    5.551115123126E-17));
#4729 = CARTESIAN_POINT('',(237.32533987765,46.891529724228,
    0.290932844992));
#4730 = CARTESIAN_POINT('',(237.26475258189,46.926595087167,
    0.28910166344));
#4731 = CARTESIAN_POINT('',(237.18945730715,46.936267557122,
    0.288596555463));
#4732 = CARTESIAN_POINT('',(237.11243568023,46.912286193582,
    0.289848789175));
#4733 = CARTESIAN_POINT('',(237.05434207072,46.857269210753,
    0.292722005996));
#4734 = CARTESIAN_POINT('',(237.02533987072,46.787617975974,
    0.296359318883));
#4735 = CARTESIAN_POINT('',(237.02533987072,46.717902439277,0.3));
#4736 = DEFINITIONAL_REPRESENTATION('',(#4737),#4741);
#4737 = LINE('',#4738,#4739);
#4738 = CARTESIAN_POINT('',(0.,0.));
#4739 = VECTOR('',#4740,1.);
#4740 = DIRECTION('',(0.,1.));
#4741 = ( GEOMETRIC_REPRESENTATION_CONTEXT(2) 
PARAMETRIC_REPRESENTATION_CONTEXT() REPRESENTATION_CONTEXT('2D SPACE',''
  ) );
#4742 = ORIENTED_EDGE('',*,*,#4743,.T.);
#4743 = EDGE_CURVE('',#4691,#4744,#4746,.T.);
#4744 = VERTEX_POINT('',#4745);
#4745 = CARTESIAN_POINT('',(249.68049521624,40.100233460336,
    -2.22044604925E-16));
#4746 = SURFACE_CURVE('',#4747,(#4751,#4758),.PCURVE_S1.);
#4747 = LINE('',#4748,#4749);
#4748 = CARTESIAN_POINT('',(237.17093930563,47.327031970862,
    -2.22044604925E-16));
#4749 = VECTOR('',#4750,1.);
#4750 = DIRECTION('',(0.865893403497,-0.50022856154,0.));
#4751 = PCURVE('',#4401,#4752);
#4752 = DEFINITIONAL_REPRESENTATION('',(#4753),#4757);
#4753 = LINE('',#4754,#4755);
#4754 = CARTESIAN_POINT('',(-19.47689842326,-0.982408990694));
#4755 = VECTOR('',#4756,1.);
#4756 = DIRECTION('',(0.50022856154,0.865893403497));
#4757 = ( GEOMETRIC_REPRESENTATION_CONTEXT(2) 
PARAMETRIC_REPRESENTATION_CONTEXT() REPRESENTATION_CONTEXT('2D SPACE',''
  ) );
#4758 = PCURVE('',#4759,#4764);
#4759 = CYLINDRICAL_SURFACE('',#4760,0.3);
#4760 = AXIS2_PLACEMENT_3D('',#4761,#4762,#4763);
#4761 = CARTESIAN_POINT('',(237.17093930563,47.327031970862,0.3));
#4762 = DIRECTION('',(0.865893403497,-0.50022856154,0.));
#4763 = DIRECTION('',(0.,-0.,-1.));
#4764 = DEFINITIONAL_REPRESENTATION('',(#4765),#4769);
#4765 = LINE('',#4766,#4767);
#4766 = CARTESIAN_POINT('',(-0.,0.));
#4767 = VECTOR('',#4768,1.);
#4768 = DIRECTION('',(-0.,1.));
#4769 = ( GEOMETRIC_REPRESENTATION_CONTEXT(2) 
PARAMETRIC_REPRESENTATION_CONTEXT() REPRESENTATION_CONTEXT('2D SPACE',''
  ) );
#4770 = ORIENTED_EDGE('',*,*,#4771,.T.);
#4771 = EDGE_CURVE('',#4744,#4391,#4772,.T.);
#4772 = SURFACE_CURVE('',#4773,(#4778,#4785),.PCURVE_S1.);
#4773 = ELLIPSE('',#4774,0.30018286329,0.3);
#4774 = AXIS2_PLACEMENT_3D('',#4775,#4776,#4777);
#4775 = CARTESIAN_POINT('',(249.42533987072,40.258113506649,
    1.406092522759E-18));
#4776 = DIRECTION('',(0.,0.,1.));
#4777 = DIRECTION('',(0.,-1.,0.));
#4778 = PCURVE('',#4401,#4779);
#4779 = DEFINITIONAL_REPRESENTATION('',(#4780),#4784);
#4780 = ELLIPSE('',#4781,0.30018286329,0.3);
#4781 = AXIS2_PLACEMENT_2D('',#4782,#4783);
#4782 = CARTESIAN_POINT('',(-12.40797995905,11.27199157439));
#4783 = DIRECTION('',(1.,-1.110223024625E-16));
#4784 = ( GEOMETRIC_REPRESENTATION_CONTEXT(2) 
PARAMETRIC_REPRESENTATION_CONTEXT() REPRESENTATION_CONTEXT('2D SPACE',''
  ) );
#4785 = PCURVE('',#4786,#4791);
#4786 = CYLINDRICAL_SURFACE('',#4787,0.3);
#4787 = AXIS2_PLACEMENT_3D('',#4788,#4789,#4790);
#4788 = CARTESIAN_POINT('',(249.42533987072,40.257480242545,
    1.813431127244E-02));
#4789 = DIRECTION('',(0.,-3.48994967025E-02,0.999390827019));
#4790 = DIRECTION('',(1.,0.,0.));
#4791 = DEFINITIONAL_REPRESENTATION('',(#4792),#4799);
#4792 = B_SPLINE_CURVE_WITH_KNOTS('',5,(#4793,#4794,#4795,#4796,#4797,
    #4798),.UNSPECIFIED.,.F.,.F.,(6,6),(1.016969057761,1.570796326795),
  .PIECEWISE_BEZIER_KNOTS.);
#4793 = CARTESIAN_POINT('',(-0.553827269034,-1.26354307828E-02));
#4794 = CARTESIAN_POINT('',(-0.443061815227,-1.362237545602E-02));
#4795 = CARTESIAN_POINT('',(-0.33229636142,-1.469381898233E-02));
#4796 = CARTESIAN_POINT('',(-0.221530907613,-1.582455378259E-02));
#4797 = CARTESIAN_POINT('',(-0.110765453807,-1.698496047448E-02));
#4798 = CARTESIAN_POINT('',(4.707345624411E-14,-1.814536493849E-02));
#4799 = ( GEOMETRIC_REPRESENTATION_CONTEXT(2) 
PARAMETRIC_REPRESENTATION_CONTEXT() REPRESENTATION_CONTEXT('2D SPACE',''
  ) );
#4800 = FACE_BOUND('',#4801,.F.);
#4801 = EDGE_LOOP('',(#4802,#4832,#4860,#4888,#4916,#4944));
#4802 = ORIENTED_EDGE('',*,*,#4803,.F.);
#4803 = EDGE_CURVE('',#4804,#4806,#4808,.T.);
#4804 = VERTEX_POINT('',#4805);
#4805 = CARTESIAN_POINT('',(61.2,14.025773216421,0.));
#4806 = VERTEX_POINT('',#4807);
#4807 = CARTESIAN_POINT('',(73.8,21.300386608211,0.));
#4808 = SURFACE_CURVE('',#4809,(#4813,#4820),.PCURVE_S1.);
#4809 = LINE('',#4810,#4811);
#4810 = CARTESIAN_POINT('',(61.2,14.025773216421,0.));
#4811 = VECTOR('',#4812,1.);
#4812 = DIRECTION('',(0.866025403784,0.5,0.));
#4813 = PCURVE('',#4401,#4814);
#4814 = DEFINITIONAL_REPRESENTATION('',(#4815),#4819);
#4815 = LINE('',#4816,#4817);
#4816 = CARTESIAN_POINT('',(13.824360331174,-176.9533482963));
#4817 = VECTOR('',#4818,1.);
#4818 = DIRECTION('',(-0.5,0.866025403784));
#4819 = ( GEOMETRIC_REPRESENTATION_CONTEXT(2) 
PARAMETRIC_REPRESENTATION_CONTEXT() REPRESENTATION_CONTEXT('2D SPACE',''
  ) );
#4820 = PCURVE('',#4821,#4826);
#4821 = PLANE('',#4822);
#4822 = AXIS2_PLACEMENT_3D('',#4823,#4824,#4825);
#4823 = CARTESIAN_POINT('',(61.2,14.025773216421,0.));
#4824 = DIRECTION('',(-0.5,0.866025403784,0.));
#4825 = DIRECTION('',(0.866025403784,0.5,0.));
#4826 = DEFINITIONAL_REPRESENTATION('',(#4827),#4831);
#4827 = LINE('',#4828,#4829);
#4828 = CARTESIAN_POINT('',(0.,0.));
#4829 = VECTOR('',#4830,1.);
#4830 = DIRECTION('',(1.,0.));
#4831 = ( GEOMETRIC_REPRESENTATION_CONTEXT(2) 
PARAMETRIC_REPRESENTATION_CONTEXT() REPRESENTATION_CONTEXT('2D SPACE',''
  ) );
#4832 = ORIENTED_EDGE('',*,*,#4833,.F.);
#4833 = EDGE_CURVE('',#4834,#4804,#4836,.T.);
#4834 = VERTEX_POINT('',#4835);
#4835 = CARTESIAN_POINT('',(48.6,21.300386608211,0.));
#4836 = SURFACE_CURVE('',#4837,(#4841,#4848),.PCURVE_S1.);
#4837 = LINE('',#4838,#4839);
#4838 = CARTESIAN_POINT('',(48.6,21.300386608211,0.));
#4839 = VECTOR('',#4840,1.);
#4840 = DIRECTION('',(0.866025403784,-0.5,0.));
#4841 = PCURVE('',#4401,#4842);
#4842 = DEFINITIONAL_REPRESENTATION('',(#4843),#4847);
#4843 = LINE('',#4844,#4845);
#4844 = CARTESIAN_POINT('',(6.549746939384,-189.5533482963));
#4845 = VECTOR('',#4846,1.);
#4846 = DIRECTION('',(0.5,0.866025403784));
#4847 = ( GEOMETRIC_REPRESENTATION_CONTEXT(2) 
PARAMETRIC_REPRESENTATION_CONTEXT() REPRESENTATION_CONTEXT('2D SPACE',''
  ) );
#4848 = PCURVE('',#4849,#4854);
#4849 = PLANE('',#4850);
#4850 = AXIS2_PLACEMENT_3D('',#4851,#4852,#4853);
#4851 = CARTESIAN_POINT('',(48.6,21.300386608211,0.));
#4852 = DIRECTION('',(0.5,0.866025403784,0.));
#4853 = DIRECTION('',(0.866025403784,-0.5,0.));
#4854 = DEFINITIONAL_REPRESENTATION('',(#4855),#4859);
#4855 = LINE('',#4856,#4857);
#4856 = CARTESIAN_POINT('',(0.,0.));
#4857 = VECTOR('',#4858,1.);
#4858 = DIRECTION('',(1.,0.));
#4859 = ( GEOMETRIC_REPRESENTATION_CONTEXT(2) 
PARAMETRIC_REPRESENTATION_CONTEXT() REPRESENTATION_CONTEXT('2D SPACE',''
  ) );
#4860 = ORIENTED_EDGE('',*,*,#4861,.F.);
#4861 = EDGE_CURVE('',#4862,#4834,#4864,.T.);
#4862 = VERTEX_POINT('',#4863);
#4863 = CARTESIAN_POINT('',(48.6,35.849613391789,0.));
#4864 = SURFACE_CURVE('',#4865,(#4869,#4876),.PCURVE_S1.);
#4865 = LINE('',#4866,#4867);
#4866 = CARTESIAN_POINT('',(48.6,35.849613391789,0.));
#4867 = VECTOR('',#4868,1.);
#4868 = DIRECTION('',(1.110223024625E-16,-1.,0.));
#4869 = PCURVE('',#4401,#4870);
#4870 = DEFINITIONAL_REPRESENTATION('',(#4871),#4875);
#4871 = LINE('',#4872,#4873);
#4872 = CARTESIAN_POINT('',(-7.999479844194,-189.5533482963));
#4873 = VECTOR('',#4874,1.);
#4874 = DIRECTION('',(1.,0.));
#4875 = ( GEOMETRIC_REPRESENTATION_CONTEXT(2) 
PARAMETRIC_REPRESENTATION_CONTEXT() REPRESENTATION_CONTEXT('2D SPACE',''
  ) );
#4876 = PCURVE('',#4877,#4882);
#4877 = PLANE('',#4878);
#4878 = AXIS2_PLACEMENT_3D('',#4879,#4880,#4881);
#4879 = CARTESIAN_POINT('',(48.6,35.849613391789,0.));
#4880 = DIRECTION('',(1.,1.110223024625E-16,0.));
#4881 = DIRECTION('',(1.110223024625E-16,-1.,0.));
#4882 = DEFINITIONAL_REPRESENTATION('',(#4883),#4887);
#4883 = LINE('',#4884,#4885);
#4884 = CARTESIAN_POINT('',(0.,0.));
#4885 = VECTOR('',#4886,1.);
#4886 = DIRECTION('',(1.,0.));
#4887 = ( GEOMETRIC_REPRESENTATION_CONTEXT(2) 
PARAMETRIC_REPRESENTATION_CONTEXT() REPRESENTATION_CONTEXT('2D SPACE',''
  ) );
#4888 = ORIENTED_EDGE('',*,*,#4889,.F.);
#4889 = EDGE_CURVE('',#4890,#4862,#4892,.T.);
#4890 = VERTEX_POINT('',#4891);
#4891 = CARTESIAN_POINT('',(61.2,43.124226783579,0.));
#4892 = SURFACE_CURVE('',#4893,(#4897,#4904),.PCURVE_S1.);
#4893 = LINE('',#4894,#4895);
#4894 = CARTESIAN_POINT('',(61.2,43.124226783579,0.));
#4895 = VECTOR('',#4896,1.);
#4896 = DIRECTION('',(-0.866025403784,-0.5,0.));
#4897 = PCURVE('',#4401,#4898);
#4898 = DEFINITIONAL_REPRESENTATION('',(#4899),#4903);
#4899 = LINE('',#4900,#4901);
#4900 = CARTESIAN_POINT('',(-15.27409323598,-176.9533482963));
#4901 = VECTOR('',#4902,1.);
#4902 = DIRECTION('',(0.5,-0.866025403784));
#4903 = ( GEOMETRIC_REPRESENTATION_CONTEXT(2) 
PARAMETRIC_REPRESENTATION_CONTEXT() REPRESENTATION_CONTEXT('2D SPACE',''
  ) );
#4904 = PCURVE('',#4905,#4910);
#4905 = PLANE('',#4906);
#4906 = AXIS2_PLACEMENT_3D('',#4907,#4908,#4909);
#4907 = CARTESIAN_POINT('',(61.2,43.124226783579,0.));
#4908 = DIRECTION('',(0.5,-0.866025403784,0.));
#4909 = DIRECTION('',(-0.866025403784,-0.5,0.));
#4910 = DEFINITIONAL_REPRESENTATION('',(#4911),#4915);
#4911 = LINE('',#4912,#4913);
#4912 = CARTESIAN_POINT('',(0.,0.));
#4913 = VECTOR('',#4914,1.);
#4914 = DIRECTION('',(1.,0.));
#4915 = ( GEOMETRIC_REPRESENTATION_CONTEXT(2) 
PARAMETRIC_REPRESENTATION_CONTEXT() REPRESENTATION_CONTEXT('2D SPACE',''
  ) );
#4916 = ORIENTED_EDGE('',*,*,#4917,.F.);
#4917 = EDGE_CURVE('',#4918,#4890,#4920,.T.);
#4918 = VERTEX_POINT('',#4919);
#4919 = CARTESIAN_POINT('',(73.8,35.849613391789,0.));
#4920 = SURFACE_CURVE('',#4921,(#4925,#4932),.PCURVE_S1.);
#4921 = LINE('',#4922,#4923);
#4922 = CARTESIAN_POINT('',(73.8,35.849613391789,0.));
#4923 = VECTOR('',#4924,1.);
#4924 = DIRECTION('',(-0.866025403784,0.5,0.));
#4925 = PCURVE('',#4401,#4926);
#4926 = DEFINITIONAL_REPRESENTATION('',(#4927),#4931);
#4927 = LINE('',#4928,#4929);
#4928 = CARTESIAN_POINT('',(-7.999479844194,-164.3533482963));
#4929 = VECTOR('',#4930,1.);
#4930 = DIRECTION('',(-0.5,-0.866025403784));
#4931 = ( GEOMETRIC_REPRESENTATION_CONTEXT(2) 
PARAMETRIC_REPRESENTATION_CONTEXT() REPRESENTATION_CONTEXT('2D SPACE',''
  ) );
#4932 = PCURVE('',#4933,#4938);
#4933 = PLANE('',#4934);
#4934 = AXIS2_PLACEMENT_3D('',#4935,#4936,#4937);
#4935 = CARTESIAN_POINT('',(73.8,35.849613391789,0.));
#4936 = DIRECTION('',(-0.5,-0.866025403784,0.));
#4937 = DIRECTION('',(-0.866025403784,0.5,0.));
#4938 = DEFINITIONAL_REPRESENTATION('',(#4939),#4943);
#4939 = LINE('',#4940,#4941);
#4940 = CARTESIAN_POINT('',(0.,0.));
#4941 = VECTOR('',#4942,1.);
#4942 = DIRECTION('',(1.,-0.));
#4943 = ( GEOMETRIC_REPRESENTATION_CONTEXT(2) 
PARAMETRIC_REPRESENTATION_CONTEXT() REPRESENTATION_CONTEXT('2D SPACE',''
  ) );
#4944 = ORIENTED_EDGE('',*,*,#4945,.F.);
#4945 = EDGE_CURVE('',#4806,#4918,#4946,.T.);
#4946 = SURFACE_CURVE('',#4947,(#4951,#4958),.PCURVE_S1.);
#4947 = LINE('',#4948,#4949);
#4948 = CARTESIAN_POINT('',(73.8,21.300386608211,0.));
#4949 = VECTOR('',#4950,1.);
#4950 = DIRECTION('',(-1.110223024625E-16,1.,0.));
#4951 = PCURVE('',#4401,#4952);
#4952 = DEFINITIONAL_REPRESENTATION('',(#4953),#4957);
#4953 = LINE('',#4954,#4955);
#4954 = CARTESIAN_POINT('',(6.549746939384,-164.3533482963));
#4955 = VECTOR('',#4956,1.);
#4956 = DIRECTION('',(-1.,0.));
#4957 = ( GEOMETRIC_REPRESENTATION_CONTEXT(2) 
PARAMETRIC_REPRESENTATION_CONTEXT() REPRESENTATION_CONTEXT('2D SPACE',''
  ) );
#4958 = PCURVE('',#4959,#4964);
#4959 = PLANE('',#4960);
#4960 = AXIS2_PLACEMENT_3D('',#4961,#4962,#4963);
#4961 = CARTESIAN_POINT('',(73.8,21.300386608211,0.));
#4962 = DIRECTION('',(-1.,-1.110223024625E-16,0.));
#4963 = DIRECTION('',(-1.110223024625E-16,1.,0.));
#4964 = DEFINITIONAL_REPRESENTATION('',(#4965),#4969);
#4965 = LINE('',#4966,#4967);
#4966 = CARTESIAN_POINT('',(0.,0.));
#4967 = VECTOR('',#4968,1.);
#4968 = DIRECTION('',(1.,0.));
#4969 = ( GEOMETRIC_REPRESENTATION_CONTEXT(2) 
PARAMETRIC_REPRESENTATION_CONTEXT() REPRESENTATION_CONTEXT('2D SPACE',''
  ) );
#4970 = FACE_BOUND('',#4971,.F.);
#4971 = EDGE_LOOP('',(#4972,#5002,#5030,#5058,#5086,#5114));
#4972 = ORIENTED_EDGE('',*,*,#4973,.F.);
#4973 = EDGE_CURVE('',#4974,#4976,#4978,.T.);
#4974 = VERTEX_POINT('',#4975);
#4975 = CARTESIAN_POINT('',(131.6,14.025773216421,0.));
#4976 = VERTEX_POINT('',#4977);
#4977 = CARTESIAN_POINT('',(144.2,21.300386608211,0.));
#4978 = SURFACE_CURVE('',#4979,(#4983,#4990),.PCURVE_S1.);
#4979 = LINE('',#4980,#4981);
#4980 = CARTESIAN_POINT('',(131.6,14.025773216421,0.));
#4981 = VECTOR('',#4982,1.);
#4982 = DIRECTION('',(0.866025403784,0.5,0.));
#4983 = PCURVE('',#4401,#4984);
#4984 = DEFINITIONAL_REPRESENTATION('',(#4985),#4989);
#4985 = LINE('',#4986,#4987);
#4986 = CARTESIAN_POINT('',(13.824360331174,-106.5533482963));
#4987 = VECTOR('',#4988,1.);
#4988 = DIRECTION('',(-0.5,0.866025403784));
#4989 = ( GEOMETRIC_REPRESENTATION_CONTEXT(2) 
PARAMETRIC_REPRESENTATION_CONTEXT() REPRESENTATION_CONTEXT('2D SPACE',''
  ) );
#4990 = PCURVE('',#4991,#4996);
#4991 = PLANE('',#4992);
#4992 = AXIS2_PLACEMENT_3D('',#4993,#4994,#4995);
#4993 = CARTESIAN_POINT('',(131.6,14.025773216421,0.));
#4994 = DIRECTION('',(-0.5,0.866025403784,0.));
#4995 = DIRECTION('',(0.866025403784,0.5,0.));
#4996 = DEFINITIONAL_REPRESENTATION('',(#4997),#5001);
#4997 = LINE('',#4998,#4999);
#4998 = CARTESIAN_POINT('',(0.,0.));
#4999 = VECTOR('',#5000,1.);
#5000 = DIRECTION('',(1.,0.));
#5001 = ( GEOMETRIC_REPRESENTATION_CONTEXT(2) 
PARAMETRIC_REPRESENTATION_CONTEXT() REPRESENTATION_CONTEXT('2D SPACE',''
  ) );
#5002 = ORIENTED_EDGE('',*,*,#5003,.F.);
#5003 = EDGE_CURVE('',#5004,#4974,#5006,.T.);
#5004 = VERTEX_POINT('',#5005);
#5005 = CARTESIAN_POINT('',(119.,21.300386608211,0.));
#5006 = SURFACE_CURVE('',#5007,(#5011,#5018),.PCURVE_S1.);
#5007 = LINE('',#5008,#5009);
#5008 = CARTESIAN_POINT('',(119.,21.300386608211,0.));
#5009 = VECTOR('',#5010,1.);
#5010 = DIRECTION('',(0.866025403784,-0.5,0.));
#5011 = PCURVE('',#4401,#5012);
#5012 = DEFINITIONAL_REPRESENTATION('',(#5013),#5017);
#5013 = LINE('',#5014,#5015);
#5014 = CARTESIAN_POINT('',(6.549746939384,-119.1533482963));
#5015 = VECTOR('',#5016,1.);
#5016 = DIRECTION('',(0.5,0.866025403784));
#5017 = ( GEOMETRIC_REPRESENTATION_CONTEXT(2) 
PARAMETRIC_REPRESENTATION_CONTEXT() REPRESENTATION_CONTEXT('2D SPACE',''
  ) );
#5018 = PCURVE('',#5019,#5024);
#5019 = PLANE('',#5020);
#5020 = AXIS2_PLACEMENT_3D('',#5021,#5022,#5023);
#5021 = CARTESIAN_POINT('',(119.,21.300386608211,0.));
#5022 = DIRECTION('',(0.5,0.866025403784,0.));
#5023 = DIRECTION('',(0.866025403784,-0.5,0.));
#5024 = DEFINITIONAL_REPRESENTATION('',(#5025),#5029);
#5025 = LINE('',#5026,#5027);
#5026 = CARTESIAN_POINT('',(0.,0.));
#5027 = VECTOR('',#5028,1.);
#5028 = DIRECTION('',(1.,0.));
#5029 = ( GEOMETRIC_REPRESENTATION_CONTEXT(2) 
PARAMETRIC_REPRESENTATION_CONTEXT() REPRESENTATION_CONTEXT('2D SPACE',''
  ) );
#5030 = ORIENTED_EDGE('',*,*,#5031,.F.);
#5031 = EDGE_CURVE('',#5032,#5004,#5034,.T.);
#5032 = VERTEX_POINT('',#5033);
#5033 = CARTESIAN_POINT('',(119.,35.849613391789,0.));
#5034 = SURFACE_CURVE('',#5035,(#5039,#5046),.PCURVE_S1.);
#5035 = LINE('',#5036,#5037);
#5036 = CARTESIAN_POINT('',(119.,35.849613391789,0.));
#5037 = VECTOR('',#5038,1.);
#5038 = DIRECTION('',(1.110223024625E-16,-1.,0.));
#5039 = PCURVE('',#4401,#5040);
#5040 = DEFINITIONAL_REPRESENTATION('',(#5041),#5045);
#5041 = LINE('',#5042,#5043);
#5042 = CARTESIAN_POINT('',(-7.999479844194,-119.1533482963));
#5043 = VECTOR('',#5044,1.);
#5044 = DIRECTION('',(1.,0.));
#5045 = ( GEOMETRIC_REPRESENTATION_CONTEXT(2) 
PARAMETRIC_REPRESENTATION_CONTEXT() REPRESENTATION_CONTEXT('2D SPACE',''
  ) );
#5046 = PCURVE('',#5047,#5052);
#5047 = PLANE('',#5048);
#5048 = AXIS2_PLACEMENT_3D('',#5049,#5050,#5051);
#5049 = CARTESIAN_POINT('',(119.,35.849613391789,0.));
#5050 = DIRECTION('',(1.,1.110223024625E-16,0.));
#5051 = DIRECTION('',(1.110223024625E-16,-1.,0.));
#5052 = DEFINITIONAL_REPRESENTATION('',(#5053),#5057);
#5053 = LINE('',#5054,#5055);
#5054 = CARTESIAN_POINT('',(0.,0.));
#5055 = VECTOR('',#5056,1.);
#5056 = DIRECTION('',(1.,0.));
#5057 = ( GEOMETRIC_REPRESENTATION_CONTEXT(2) 
PARAMETRIC_REPRESENTATION_CONTEXT() REPRESENTATION_CONTEXT('2D SPACE',''
  ) );
#5058 = ORIENTED_EDGE('',*,*,#5059,.F.);
#5059 = EDGE_CURVE('',#5060,#5032,#5062,.T.);
#5060 = VERTEX_POINT('',#5061);
#5061 = CARTESIAN_POINT('',(131.6,43.124226783579,0.));
#5062 = SURFACE_CURVE('',#5063,(#5067,#5074),.PCURVE_S1.);
#5063 = LINE('',#5064,#5065);
#5064 = CARTESIAN_POINT('',(131.6,43.124226783579,0.));
#5065 = VECTOR('',#5066,1.);
#5066 = DIRECTION('',(-0.866025403784,-0.5,0.));
#5067 = PCURVE('',#4401,#5068);
#5068 = DEFINITIONAL_REPRESENTATION('',(#5069),#5073);
#5069 = LINE('',#5070,#5071);
#5070 = CARTESIAN_POINT('',(-15.27409323598,-106.5533482963));
#5071 = VECTOR('',#5072,1.);
#5072 = DIRECTION('',(0.5,-0.866025403784));
#5073 = ( GEOMETRIC_REPRESENTATION_CONTEXT(2) 
PARAMETRIC_REPRESENTATION_CONTEXT() REPRESENTATION_CONTEXT('2D SPACE',''
  ) );
#5074 = PCURVE('',#5075,#5080);
#5075 = PLANE('',#5076);
#5076 = AXIS2_PLACEMENT_3D('',#5077,#5078,#5079);
#5077 = CARTESIAN_POINT('',(131.6,43.124226783579,0.));
#5078 = DIRECTION('',(0.5,-0.866025403784,0.));
#5079 = DIRECTION('',(-0.866025403784,-0.5,0.));
#5080 = DEFINITIONAL_REPRESENTATION('',(#5081),#5085);
#5081 = LINE('',#5082,#5083);
#5082 = CARTESIAN_POINT('',(0.,0.));
#5083 = VECTOR('',#5084,1.);
#5084 = DIRECTION('',(1.,0.));
#5085 = ( GEOMETRIC_REPRESENTATION_CONTEXT(2) 
PARAMETRIC_REPRESENTATION_CONTEXT() REPRESENTATION_CONTEXT('2D SPACE',''
  ) );
#5086 = ORIENTED_EDGE('',*,*,#5087,.F.);
#5087 = EDGE_CURVE('',#5088,#5060,#5090,.T.);
#5088 = VERTEX_POINT('',#5089);
#5089 = CARTESIAN_POINT('',(144.2,35.849613391789,0.));
#5090 = SURFACE_CURVE('',#5091,(#5095,#5102),.PCURVE_S1.);
#5091 = LINE('',#5092,#5093);
#5092 = CARTESIAN_POINT('',(144.2,35.849613391789,0.));
#5093 = VECTOR('',#5094,1.);
#5094 = DIRECTION('',(-0.866025403784,0.5,0.));
#5095 = PCURVE('',#4401,#5096);
#5096 = DEFINITIONAL_REPRESENTATION('',(#5097),#5101);
#5097 = LINE('',#5098,#5099);
#5098 = CARTESIAN_POINT('',(-7.999479844194,-93.95334829633));
#5099 = VECTOR('',#5100,1.);
#5100 = DIRECTION('',(-0.5,-0.866025403784));
#5101 = ( GEOMETRIC_REPRESENTATION_CONTEXT(2) 
PARAMETRIC_REPRESENTATION_CONTEXT() REPRESENTATION_CONTEXT('2D SPACE',''
  ) );
#5102 = PCURVE('',#5103,#5108);
#5103 = PLANE('',#5104);
#5104 = AXIS2_PLACEMENT_3D('',#5105,#5106,#5107);
#5105 = CARTESIAN_POINT('',(144.2,35.849613391789,0.));
#5106 = DIRECTION('',(-0.5,-0.866025403784,0.));
#5107 = DIRECTION('',(-0.866025403784,0.5,0.));
#5108 = DEFINITIONAL_REPRESENTATION('',(#5109),#5113);
#5109 = LINE('',#5110,#5111);
#5110 = CARTESIAN_POINT('',(0.,0.));
#5111 = VECTOR('',#5112,1.);
#5112 = DIRECTION('',(1.,-0.));
#5113 = ( GEOMETRIC_REPRESENTATION_CONTEXT(2) 
PARAMETRIC_REPRESENTATION_CONTEXT() REPRESENTATION_CONTEXT('2D SPACE',''
  ) );
#5114 = ORIENTED_EDGE('',*,*,#5115,.F.);
#5115 = EDGE_CURVE('',#4976,#5088,#5116,.T.);
#5116 = SURFACE_CURVE('',#5117,(#5121,#5128),.PCURVE_S1.);
#5117 = LINE('',#5118,#5119);
#5118 = CARTESIAN_POINT('',(144.2,21.300386608211,0.));
#5119 = VECTOR('',#5120,1.);
#5120 = DIRECTION('',(-1.110223024625E-16,1.,0.));
#5121 = PCURVE('',#4401,#5122);
#5122 = DEFINITIONAL_REPRESENTATION('',(#5123),#5127);
#5123 = LINE('',#5124,#5125);
#5124 = CARTESIAN_POINT('',(6.549746939384,-93.95334829633));
#5125 = VECTOR('',#5126,1.);
#5126 = DIRECTION('',(-1.,0.));
#5127 = ( GEOMETRIC_REPRESENTATION_CONTEXT(2) 
PARAMETRIC_REPRESENTATION_CONTEXT() REPRESENTATION_CONTEXT('2D SPACE',''
  ) );
#5128 = PCURVE('',#5129,#5134);
#5129 = PLANE('',#5130);
#5130 = AXIS2_PLACEMENT_3D('',#5131,#5132,#5133);
#5131 = CARTESIAN_POINT('',(144.2,21.300386608211,0.));
#5132 = DIRECTION('',(-1.,-1.110223024625E-16,0.));
#5133 = DIRECTION('',(-1.110223024625E-16,1.,0.));
#5134 = DEFINITIONAL_REPRESENTATION('',(#5135),#5139);
#5135 = LINE('',#5136,#5137);
#5136 = CARTESIAN_POINT('',(0.,0.));
#5137 = VECTOR('',#5138,1.);
#5138 = DIRECTION('',(1.,0.));
#5139 = ( GEOMETRIC_REPRESENTATION_CONTEXT(2) 
PARAMETRIC_REPRESENTATION_CONTEXT() REPRESENTATION_CONTEXT('2D SPACE',''
  ) );
#5140 = FACE_BOUND('',#5141,.F.);
#5141 = EDGE_LOOP('',(#5142,#5172,#5200,#5228,#5256,#5284));
#5142 = ORIENTED_EDGE('',*,*,#5143,.F.);
#5143 = EDGE_CURVE('',#5144,#5146,#5148,.T.);
#5144 = VERTEX_POINT('',#5145);
#5145 = CARTESIAN_POINT('',(96.4,14.025773216421,0.));
#5146 = VERTEX_POINT('',#5147);
#5147 = CARTESIAN_POINT('',(109.,21.300386608211,0.));
#5148 = SURFACE_CURVE('',#5149,(#5153,#5160),.PCURVE_S1.);
#5149 = LINE('',#5150,#5151);
#5150 = CARTESIAN_POINT('',(96.4,14.025773216421,0.));
#5151 = VECTOR('',#5152,1.);
#5152 = DIRECTION('',(0.866025403784,0.5,0.));
#5153 = PCURVE('',#4401,#5154);
#5154 = DEFINITIONAL_REPRESENTATION('',(#5155),#5159);
#5155 = LINE('',#5156,#5157);
#5156 = CARTESIAN_POINT('',(13.824360331174,-141.7533482963));
#5157 = VECTOR('',#5158,1.);
#5158 = DIRECTION('',(-0.5,0.866025403784));
#5159 = ( GEOMETRIC_REPRESENTATION_CONTEXT(2) 
PARAMETRIC_REPRESENTATION_CONTEXT() REPRESENTATION_CONTEXT('2D SPACE',''
  ) );
#5160 = PCURVE('',#5161,#5166);
#5161 = PLANE('',#5162);
#5162 = AXIS2_PLACEMENT_3D('',#5163,#5164,#5165);
#5163 = CARTESIAN_POINT('',(96.4,14.025773216421,0.));
#5164 = DIRECTION('',(-0.5,0.866025403784,0.));
#5165 = DIRECTION('',(0.866025403784,0.5,0.));
#5166 = DEFINITIONAL_REPRESENTATION('',(#5167),#5171);
#5167 = LINE('',#5168,#5169);
#5168 = CARTESIAN_POINT('',(0.,0.));
#5169 = VECTOR('',#5170,1.);
#5170 = DIRECTION('',(1.,0.));
#5171 = ( GEOMETRIC_REPRESENTATION_CONTEXT(2) 
PARAMETRIC_REPRESENTATION_CONTEXT() REPRESENTATION_CONTEXT('2D SPACE',''
  ) );
#5172 = ORIENTED_EDGE('',*,*,#5173,.F.);
#5173 = EDGE_CURVE('',#5174,#5144,#5176,.T.);
#5174 = VERTEX_POINT('',#5175);
#5175 = CARTESIAN_POINT('',(83.8,21.300386608211,0.));
#5176 = SURFACE_CURVE('',#5177,(#5181,#5188),.PCURVE_S1.);
#5177 = LINE('',#5178,#5179);
#5178 = CARTESIAN_POINT('',(83.8,21.300386608211,0.));
#5179 = VECTOR('',#5180,1.);
#5180 = DIRECTION('',(0.866025403784,-0.5,0.));
#5181 = PCURVE('',#4401,#5182);
#5182 = DEFINITIONAL_REPRESENTATION('',(#5183),#5187);
#5183 = LINE('',#5184,#5185);
#5184 = CARTESIAN_POINT('',(6.549746939384,-154.3533482963));
#5185 = VECTOR('',#5186,1.);
#5186 = DIRECTION('',(0.5,0.866025403784));
#5187 = ( GEOMETRIC_REPRESENTATION_CONTEXT(2) 
PARAMETRIC_REPRESENTATION_CONTEXT() REPRESENTATION_CONTEXT('2D SPACE',''
  ) );
#5188 = PCURVE('',#5189,#5194);
#5189 = PLANE('',#5190);
#5190 = AXIS2_PLACEMENT_3D('',#5191,#5192,#5193);
#5191 = CARTESIAN_POINT('',(83.8,21.300386608211,0.));
#5192 = DIRECTION('',(0.5,0.866025403784,0.));
#5193 = DIRECTION('',(0.866025403784,-0.5,0.));
#5194 = DEFINITIONAL_REPRESENTATION('',(#5195),#5199);
#5195 = LINE('',#5196,#5197);
#5196 = CARTESIAN_POINT('',(0.,0.));
#5197 = VECTOR('',#5198,1.);
#5198 = DIRECTION('',(1.,0.));
#5199 = ( GEOMETRIC_REPRESENTATION_CONTEXT(2) 
PARAMETRIC_REPRESENTATION_CONTEXT() REPRESENTATION_CONTEXT('2D SPACE',''
  ) );
#5200 = ORIENTED_EDGE('',*,*,#5201,.F.);
#5201 = EDGE_CURVE('',#5202,#5174,#5204,.T.);
#5202 = VERTEX_POINT('',#5203);
#5203 = CARTESIAN_POINT('',(83.8,35.849613391789,0.));
#5204 = SURFACE_CURVE('',#5205,(#5209,#5216),.PCURVE_S1.);
#5205 = LINE('',#5206,#5207);
#5206 = CARTESIAN_POINT('',(83.8,35.849613391789,0.));
#5207 = VECTOR('',#5208,1.);
#5208 = DIRECTION('',(1.110223024625E-16,-1.,0.));
#5209 = PCURVE('',#4401,#5210);
#5210 = DEFINITIONAL_REPRESENTATION('',(#5211),#5215);
#5211 = LINE('',#5212,#5213);
#5212 = CARTESIAN_POINT('',(-7.999479844194,-154.3533482963));
#5213 = VECTOR('',#5214,1.);
#5214 = DIRECTION('',(1.,0.));
#5215 = ( GEOMETRIC_REPRESENTATION_CONTEXT(2) 
PARAMETRIC_REPRESENTATION_CONTEXT() REPRESENTATION_CONTEXT('2D SPACE',''
  ) );
#5216 = PCURVE('',#5217,#5222);
#5217 = PLANE('',#5218);
#5218 = AXIS2_PLACEMENT_3D('',#5219,#5220,#5221);
#5219 = CARTESIAN_POINT('',(83.8,35.849613391789,0.));
#5220 = DIRECTION('',(1.,1.110223024625E-16,0.));
#5221 = DIRECTION('',(1.110223024625E-16,-1.,0.));
#5222 = DEFINITIONAL_REPRESENTATION('',(#5223),#5227);
#5223 = LINE('',#5224,#5225);
#5224 = CARTESIAN_POINT('',(0.,0.));
#5225 = VECTOR('',#5226,1.);
#5226 = DIRECTION('',(1.,0.));
#5227 = ( GEOMETRIC_REPRESENTATION_CONTEXT(2) 
PARAMETRIC_REPRESENTATION_CONTEXT() REPRESENTATION_CONTEXT('2D SPACE',''
  ) );
#5228 = ORIENTED_EDGE('',*,*,#5229,.F.);
#5229 = EDGE_CURVE('',#5230,#5202,#5232,.T.);
#5230 = VERTEX_POINT('',#5231);
#5231 = CARTESIAN_POINT('',(96.4,43.124226783579,0.));
#5232 = SURFACE_CURVE('',#5233,(#5237,#5244),.PCURVE_S1.);
#5233 = LINE('',#5234,#5235);
#5234 = CARTESIAN_POINT('',(96.4,43.124226783579,0.));
#5235 = VECTOR('',#5236,1.);
#5236 = DIRECTION('',(-0.866025403784,-0.5,0.));
#5237 = PCURVE('',#4401,#5238);
#5238 = DEFINITIONAL_REPRESENTATION('',(#5239),#5243);
#5239 = LINE('',#5240,#5241);
#5240 = CARTESIAN_POINT('',(-15.27409323598,-141.7533482963));
#5241 = VECTOR('',#5242,1.);
#5242 = DIRECTION('',(0.5,-0.866025403784));
#5243 = ( GEOMETRIC_REPRESENTATION_CONTEXT(2) 
PARAMETRIC_REPRESENTATION_CONTEXT() REPRESENTATION_CONTEXT('2D SPACE',''
  ) );
#5244 = PCURVE('',#5245,#5250);
#5245 = PLANE('',#5246);
#5246 = AXIS2_PLACEMENT_3D('',#5247,#5248,#5249);
#5247 = CARTESIAN_POINT('',(96.4,43.124226783579,0.));
#5248 = DIRECTION('',(0.5,-0.866025403784,0.));
#5249 = DIRECTION('',(-0.866025403784,-0.5,0.));
#5250 = DEFINITIONAL_REPRESENTATION('',(#5251),#5255);
#5251 = LINE('',#5252,#5253);
#5252 = CARTESIAN_POINT('',(0.,0.));
#5253 = VECTOR('',#5254,1.);
#5254 = DIRECTION('',(1.,0.));
#5255 = ( GEOMETRIC_REPRESENTATION_CONTEXT(2) 
PARAMETRIC_REPRESENTATION_CONTEXT() REPRESENTATION_CONTEXT('2D SPACE',''
  ) );
#5256 = ORIENTED_EDGE('',*,*,#5257,.F.);
#5257 = EDGE_CURVE('',#5258,#5230,#5260,.T.);
#5258 = VERTEX_POINT('',#5259);
#5259 = CARTESIAN_POINT('',(109.,35.849613391789,0.));
#5260 = SURFACE_CURVE('',#5261,(#5265,#5272),.PCURVE_S1.);
#5261 = LINE('',#5262,#5263);
#5262 = CARTESIAN_POINT('',(109.,35.849613391789,0.));
#5263 = VECTOR('',#5264,1.);
#5264 = DIRECTION('',(-0.866025403784,0.5,0.));
#5265 = PCURVE('',#4401,#5266);
#5266 = DEFINITIONAL_REPRESENTATION('',(#5267),#5271);
#5267 = LINE('',#5268,#5269);
#5268 = CARTESIAN_POINT('',(-7.999479844194,-129.1533482963));
#5269 = VECTOR('',#5270,1.);
#5270 = DIRECTION('',(-0.5,-0.866025403784));
#5271 = ( GEOMETRIC_REPRESENTATION_CONTEXT(2) 
PARAMETRIC_REPRESENTATION_CONTEXT() REPRESENTATION_CONTEXT('2D SPACE',''
  ) );
#5272 = PCURVE('',#5273,#5278);
#5273 = PLANE('',#5274);
#5274 = AXIS2_PLACEMENT_3D('',#5275,#5276,#5277);
#5275 = CARTESIAN_POINT('',(109.,35.849613391789,0.));
#5276 = DIRECTION('',(-0.5,-0.866025403784,0.));
#5277 = DIRECTION('',(-0.866025403784,0.5,0.));
#5278 = DEFINITIONAL_REPRESENTATION('',(#5279),#5283);
#5279 = LINE('',#5280,#5281);
#5280 = CARTESIAN_POINT('',(0.,0.));
#5281 = VECTOR('',#5282,1.);
#5282 = DIRECTION('',(1.,-0.));
#5283 = ( GEOMETRIC_REPRESENTATION_CONTEXT(2) 
PARAMETRIC_REPRESENTATION_CONTEXT() REPRESENTATION_CONTEXT('2D SPACE',''
  ) );
#5284 = ORIENTED_EDGE('',*,*,#5285,.F.);
#5285 = EDGE_CURVE('',#5146,#5258,#5286,.T.);
#5286 = SURFACE_CURVE('',#5287,(#5291,#5298),.PCURVE_S1.);
#5287 = LINE('',#5288,#5289);
#5288 = CARTESIAN_POINT('',(109.,21.300386608211,0.));
#5289 = VECTOR('',#5290,1.);
#5290 = DIRECTION('',(-1.110223024625E-16,1.,0.));
#5291 = PCURVE('',#4401,#5292);
#5292 = DEFINITIONAL_REPRESENTATION('',(#5293),#5297);
#5293 = LINE('',#5294,#5295);
#5294 = CARTESIAN_POINT('',(6.549746939384,-129.1533482963));
#5295 = VECTOR('',#5296,1.);
#5296 = DIRECTION('',(-1.,0.));
#5297 = ( GEOMETRIC_REPRESENTATION_CONTEXT(2) 
PARAMETRIC_REPRESENTATION_CONTEXT() REPRESENTATION_CONTEXT('2D SPACE',''
  ) );
#5298 = PCURVE('',#5299,#5304);
#5299 = PLANE('',#5300);
#5300 = AXIS2_PLACEMENT_3D('',#5301,#5302,#5303);
#5301 = CARTESIAN_POINT('',(109.,21.300386608211,0.));
#5302 = DIRECTION('',(-1.,-1.110223024625E-16,0.));
#5303 = DIRECTION('',(-1.110223024625E-16,1.,0.));
#5304 = DEFINITIONAL_REPRESENTATION('',(#5305),#5309);
#5305 = LINE('',#5306,#5307);
#5306 = CARTESIAN_POINT('',(0.,0.));
#5307 = VECTOR('',#5308,1.);
#5308 = DIRECTION('',(1.,0.));
#5309 = ( GEOMETRIC_REPRESENTATION_CONTEXT(2) 
PARAMETRIC_REPRESENTATION_CONTEXT() REPRESENTATION_CONTEXT('2D SPACE',''
  ) );
#5310 = FACE_BOUND('',#5311,.F.);
#5311 = EDGE_LOOP('',(#5312,#5342,#5370,#5398,#5426,#5454));
#5312 = ORIENTED_EDGE('',*,*,#5313,.F.);
#5313 = EDGE_CURVE('',#5314,#5316,#5318,.T.);
#5314 = VERTEX_POINT('',#5315);
#5315 = CARTESIAN_POINT('',(166.8,14.025773216421,0.));
#5316 = VERTEX_POINT('',#5317);
#5317 = CARTESIAN_POINT('',(179.4,21.300386608211,0.));
#5318 = SURFACE_CURVE('',#5319,(#5323,#5330),.PCURVE_S1.);
#5319 = LINE('',#5320,#5321);
#5320 = CARTESIAN_POINT('',(166.8,14.025773216421,0.));
#5321 = VECTOR('',#5322,1.);
#5322 = DIRECTION('',(0.866025403784,0.5,0.));
#5323 = PCURVE('',#4401,#5324);
#5324 = DEFINITIONAL_REPRESENTATION('',(#5325),#5329);
#5325 = LINE('',#5326,#5327);
#5326 = CARTESIAN_POINT('',(13.824360331174,-71.35334829633));
#5327 = VECTOR('',#5328,1.);
#5328 = DIRECTION('',(-0.5,0.866025403784));
#5329 = ( GEOMETRIC_REPRESENTATION_CONTEXT(2) 
PARAMETRIC_REPRESENTATION_CONTEXT() REPRESENTATION_CONTEXT('2D SPACE',''
  ) );
#5330 = PCURVE('',#5331,#5336);
#5331 = PLANE('',#5332);
#5332 = AXIS2_PLACEMENT_3D('',#5333,#5334,#5335);
#5333 = CARTESIAN_POINT('',(166.8,14.025773216421,0.));
#5334 = DIRECTION('',(-0.5,0.866025403784,0.));
#5335 = DIRECTION('',(0.866025403784,0.5,0.));
#5336 = DEFINITIONAL_REPRESENTATION('',(#5337),#5341);
#5337 = LINE('',#5338,#5339);
#5338 = CARTESIAN_POINT('',(0.,0.));
#5339 = VECTOR('',#5340,1.);
#5340 = DIRECTION('',(1.,0.));
#5341 = ( GEOMETRIC_REPRESENTATION_CONTEXT(2) 
PARAMETRIC_REPRESENTATION_CONTEXT() REPRESENTATION_CONTEXT('2D SPACE',''
  ) );
#5342 = ORIENTED_EDGE('',*,*,#5343,.F.);
#5343 = EDGE_CURVE('',#5344,#5314,#5346,.T.);
#5344 = VERTEX_POINT('',#5345);
#5345 = CARTESIAN_POINT('',(154.2,21.300386608211,0.));
#5346 = SURFACE_CURVE('',#5347,(#5351,#5358),.PCURVE_S1.);
#5347 = LINE('',#5348,#5349);
#5348 = CARTESIAN_POINT('',(154.2,21.300386608211,0.));
#5349 = VECTOR('',#5350,1.);
#5350 = DIRECTION('',(0.866025403784,-0.5,0.));
#5351 = PCURVE('',#4401,#5352);
#5352 = DEFINITIONAL_REPRESENTATION('',(#5353),#5357);
#5353 = LINE('',#5354,#5355);
#5354 = CARTESIAN_POINT('',(6.549746939384,-83.95334829633));
#5355 = VECTOR('',#5356,1.);
#5356 = DIRECTION('',(0.5,0.866025403784));
#5357 = ( GEOMETRIC_REPRESENTATION_CONTEXT(2) 
PARAMETRIC_REPRESENTATION_CONTEXT() REPRESENTATION_CONTEXT('2D SPACE',''
  ) );
#5358 = PCURVE('',#5359,#5364);
#5359 = PLANE('',#5360);
#5360 = AXIS2_PLACEMENT_3D('',#5361,#5362,#5363);
#5361 = CARTESIAN_POINT('',(154.2,21.300386608211,0.));
#5362 = DIRECTION('',(0.5,0.866025403784,0.));
#5363 = DIRECTION('',(0.866025403784,-0.5,0.));
#5364 = DEFINITIONAL_REPRESENTATION('',(#5365),#5369);
#5365 = LINE('',#5366,#5367);
#5366 = CARTESIAN_POINT('',(0.,0.));
#5367 = VECTOR('',#5368,1.);
#5368 = DIRECTION('',(1.,0.));
#5369 = ( GEOMETRIC_REPRESENTATION_CONTEXT(2) 
PARAMETRIC_REPRESENTATION_CONTEXT() REPRESENTATION_CONTEXT('2D SPACE',''
  ) );
#5370 = ORIENTED_EDGE('',*,*,#5371,.F.);
#5371 = EDGE_CURVE('',#5372,#5344,#5374,.T.);
#5372 = VERTEX_POINT('',#5373);
#5373 = CARTESIAN_POINT('',(154.2,35.849613391789,0.));
#5374 = SURFACE_CURVE('',#5375,(#5379,#5386),.PCURVE_S1.);
#5375 = LINE('',#5376,#5377);
#5376 = CARTESIAN_POINT('',(154.2,35.849613391789,0.));
#5377 = VECTOR('',#5378,1.);
#5378 = DIRECTION('',(1.110223024625E-16,-1.,0.));
#5379 = PCURVE('',#4401,#5380);
#5380 = DEFINITIONAL_REPRESENTATION('',(#5381),#5385);
#5381 = LINE('',#5382,#5383);
#5382 = CARTESIAN_POINT('',(-7.999479844194,-83.95334829633));
#5383 = VECTOR('',#5384,1.);
#5384 = DIRECTION('',(1.,0.));
#5385 = ( GEOMETRIC_REPRESENTATION_CONTEXT(2) 
PARAMETRIC_REPRESENTATION_CONTEXT() REPRESENTATION_CONTEXT('2D SPACE',''
  ) );
#5386 = PCURVE('',#5387,#5392);
#5387 = PLANE('',#5388);
#5388 = AXIS2_PLACEMENT_3D('',#5389,#5390,#5391);
#5389 = CARTESIAN_POINT('',(154.2,35.849613391789,0.));
#5390 = DIRECTION('',(1.,1.110223024625E-16,0.));
#5391 = DIRECTION('',(1.110223024625E-16,-1.,0.));
#5392 = DEFINITIONAL_REPRESENTATION('',(#5393),#5397);
#5393 = LINE('',#5394,#5395);
#5394 = CARTESIAN_POINT('',(0.,0.));
#5395 = VECTOR('',#5396,1.);
#5396 = DIRECTION('',(1.,0.));
#5397 = ( GEOMETRIC_REPRESENTATION_CONTEXT(2) 
PARAMETRIC_REPRESENTATION_CONTEXT() REPRESENTATION_CONTEXT('2D SPACE',''
  ) );
#5398 = ORIENTED_EDGE('',*,*,#5399,.F.);
#5399 = EDGE_CURVE('',#5400,#5372,#5402,.T.);
#5400 = VERTEX_POINT('',#5401);
#5401 = CARTESIAN_POINT('',(166.8,43.124226783579,0.));
#5402 = SURFACE_CURVE('',#5403,(#5407,#5414),.PCURVE_S1.);
#5403 = LINE('',#5404,#5405);
#5404 = CARTESIAN_POINT('',(166.8,43.124226783579,0.));
#5405 = VECTOR('',#5406,1.);
#5406 = DIRECTION('',(-0.866025403784,-0.5,0.));
#5407 = PCURVE('',#4401,#5408);
#5408 = DEFINITIONAL_REPRESENTATION('',(#5409),#5413);
#5409 = LINE('',#5410,#5411);
#5410 = CARTESIAN_POINT('',(-15.27409323598,-71.35334829633));
#5411 = VECTOR('',#5412,1.);
#5412 = DIRECTION('',(0.5,-0.866025403784));
#5413 = ( GEOMETRIC_REPRESENTATION_CONTEXT(2) 
PARAMETRIC_REPRESENTATION_CONTEXT() REPRESENTATION_CONTEXT('2D SPACE',''
  ) );
#5414 = PCURVE('',#5415,#5420);
#5415 = PLANE('',#5416);
#5416 = AXIS2_PLACEMENT_3D('',#5417,#5418,#5419);
#5417 = CARTESIAN_POINT('',(166.8,43.124226783579,0.));
#5418 = DIRECTION('',(0.5,-0.866025403784,0.));
#5419 = DIRECTION('',(-0.866025403784,-0.5,0.));
#5420 = DEFINITIONAL_REPRESENTATION('',(#5421),#5425);
#5421 = LINE('',#5422,#5423);
#5422 = CARTESIAN_POINT('',(0.,0.));
#5423 = VECTOR('',#5424,1.);
#5424 = DIRECTION('',(1.,0.));
#5425 = ( GEOMETRIC_REPRESENTATION_CONTEXT(2) 
PARAMETRIC_REPRESENTATION_CONTEXT() REPRESENTATION_CONTEXT('2D SPACE',''
  ) );
#5426 = ORIENTED_EDGE('',*,*,#5427,.F.);
#5427 = EDGE_CURVE('',#5428,#5400,#5430,.T.);
#5428 = VERTEX_POINT('',#5429);
#5429 = CARTESIAN_POINT('',(179.4,35.849613391789,0.));
#5430 = SURFACE_CURVE('',#5431,(#5435,#5442),.PCURVE_S1.);
#5431 = LINE('',#5432,#5433);
#5432 = CARTESIAN_POINT('',(179.4,35.849613391789,0.));
#5433 = VECTOR('',#5434,1.);
#5434 = DIRECTION('',(-0.866025403784,0.5,0.));
#5435 = PCURVE('',#4401,#5436);
#5436 = DEFINITIONAL_REPRESENTATION('',(#5437),#5441);
#5437 = LINE('',#5438,#5439);
#5438 = CARTESIAN_POINT('',(-7.999479844194,-58.75334829633));
#5439 = VECTOR('',#5440,1.);
#5440 = DIRECTION('',(-0.5,-0.866025403784));
#5441 = ( GEOMETRIC_REPRESENTATION_CONTEXT(2) 
PARAMETRIC_REPRESENTATION_CONTEXT() REPRESENTATION_CONTEXT('2D SPACE',''
  ) );
#5442 = PCURVE('',#5443,#5448);
#5443 = PLANE('',#5444);
#5444 = AXIS2_PLACEMENT_3D('',#5445,#5446,#5447);
#5445 = CARTESIAN_POINT('',(179.4,35.849613391789,0.));
#5446 = DIRECTION('',(-0.5,-0.866025403784,0.));
#5447 = DIRECTION('',(-0.866025403784,0.5,0.));
#5448 = DEFINITIONAL_REPRESENTATION('',(#5449),#5453);
#5449 = LINE('',#5450,#5451);
#5450 = CARTESIAN_POINT('',(0.,0.));
#5451 = VECTOR('',#5452,1.);
#5452 = DIRECTION('',(1.,-0.));
#5453 = ( GEOMETRIC_REPRESENTATION_CONTEXT(2) 
PARAMETRIC_REPRESENTATION_CONTEXT() REPRESENTATION_CONTEXT('2D SPACE',''
  ) );
#5454 = ORIENTED_EDGE('',*,*,#5455,.F.);
#5455 = EDGE_CURVE('',#5316,#5428,#5456,.T.);
#5456 = SURFACE_CURVE('',#5457,(#5461,#5468),.PCURVE_S1.);
#5457 = LINE('',#5458,#5459);
#5458 = CARTESIAN_POINT('',(179.4,21.300386608211,0.));
#5459 = VECTOR('',#5460,1.);
#5460 = DIRECTION('',(-1.110223024625E-16,1.,0.));
#5461 = PCURVE('',#4401,#5462);
#5462 = DEFINITIONAL_REPRESENTATION('',(#5463),#5467);
#5463 = LINE('',#5464,#5465);
#5464 = CARTESIAN_POINT('',(6.549746939384,-58.75334829633));
#5465 = VECTOR('',#5466,1.);
#5466 = DIRECTION('',(-1.,0.));
#5467 = ( GEOMETRIC_REPRESENTATION_CONTEXT(2) 
PARAMETRIC_REPRESENTATION_CONTEXT() REPRESENTATION_CONTEXT('2D SPACE',''
  ) );
#5468 = PCURVE('',#5469,#5474);
#5469 = PLANE('',#5470);
#5470 = AXIS2_PLACEMENT_3D('',#5471,#5472,#5473);
#5471 = CARTESIAN_POINT('',(179.4,21.300386608211,0.));
#5472 = DIRECTION('',(-1.,-1.110223024625E-16,0.));
#5473 = DIRECTION('',(-1.110223024625E-16,1.,0.));
#5474 = DEFINITIONAL_REPRESENTATION('',(#5475),#5479);
#5475 = LINE('',#5476,#5477);
#5476 = CARTESIAN_POINT('',(0.,0.));
#5477 = VECTOR('',#5478,1.);
#5478 = DIRECTION('',(1.,0.));
#5479 = ( GEOMETRIC_REPRESENTATION_CONTEXT(2) 
PARAMETRIC_REPRESENTATION_CONTEXT() REPRESENTATION_CONTEXT('2D SPACE',''
  ) );
#5480 = ADVANCED_FACE('',(#5481),#4413,.T.);
#5481 = FACE_BOUND('',#5482,.T.);
#5482 = EDGE_LOOP('',(#5483,#5513,#5534,#5535));
#5483 = ORIENTED_EDGE('',*,*,#5484,.F.);
#5484 = EDGE_CURVE('',#5485,#5487,#5489,.T.);
#5485 = VERTEX_POINT('',#5486);
#5486 = CARTESIAN_POINT('',(249.72533987072,39.814619734104,12.7));
#5487 = VERTEX_POINT('',#5488);
#5488 = CARTESIAN_POINT('',(249.72533987072,57.15,12.7));
#5489 = SURFACE_CURVE('',#5490,(#5494,#5501),.PCURVE_S1.);
#5490 = LINE('',#5491,#5492);
#5491 = CARTESIAN_POINT('',(249.72533987072,84.287973811242,12.7));
#5492 = VECTOR('',#5493,1.);
#5493 = DIRECTION('',(0.,1.,0.));
#5494 = PCURVE('',#4413,#5495);
#5495 = DEFINITIONAL_REPRESENTATION('',(#5496),#5500);
#5496 = LINE('',#5497,#5498);
#5497 = CARTESIAN_POINT('',(6.338099847138,27.137973811242));
#5498 = VECTOR('',#5499,1.);
#5499 = DIRECTION('',(0.,-1.));
#5500 = ( GEOMETRIC_REPRESENTATION_CONTEXT(2) 
PARAMETRIC_REPRESENTATION_CONTEXT() REPRESENTATION_CONTEXT('2D SPACE',''
  ) );
#5501 = PCURVE('',#5502,#5507);
#5502 = PLANE('',#5503);
#5503 = AXIS2_PLACEMENT_3D('',#5504,#5505,#5506);
#5504 = CARTESIAN_POINT('',(0.,57.15,12.7));
#5505 = DIRECTION('',(0.,0.,1.));
#5506 = DIRECTION('',(1.110223024625E-16,-1.,0.));
#5507 = DEFINITIONAL_REPRESENTATION('',(#5508),#5512);
#5508 = LINE('',#5509,#5510);
#5509 = CARTESIAN_POINT('',(-27.13797381124,249.72533987072));
#5510 = VECTOR('',#5511,1.);
#5511 = DIRECTION('',(-1.,1.110223024625E-16));
#5512 = ( GEOMETRIC_REPRESENTATION_CONTEXT(2) 
PARAMETRIC_REPRESENTATION_CONTEXT() REPRESENTATION_CONTEXT('2D SPACE',''
  ) );
#5513 = ORIENTED_EDGE('',*,*,#5514,.F.);
#5514 = EDGE_CURVE('',#4391,#5485,#5515,.T.);
#5515 = SURFACE_CURVE('',#5516,(#5520,#5527),.PCURVE_S1.);
#5516 = LINE('',#5517,#5518);
#5517 = CARTESIAN_POINT('',(249.72533987072,40.257480242545,
    1.813431127244E-02));
#5518 = VECTOR('',#5519,1.);
#5519 = DIRECTION('',(0.,-3.48994967025E-02,0.999390827019));
#5520 = PCURVE('',#4413,#5521);
#5521 = DEFINITIONAL_REPRESENTATION('',(#5522),#5526);
#5522 = LINE('',#5523,#5524);
#5523 = CARTESIAN_POINT('',(-6.34376584159,71.168467379939));
#5524 = VECTOR('',#5525,1.);
#5525 = DIRECTION('',(0.999390827019,3.48994967025E-02));
#5526 = ( GEOMETRIC_REPRESENTATION_CONTEXT(2) 
PARAMETRIC_REPRESENTATION_CONTEXT() REPRESENTATION_CONTEXT('2D SPACE',''
  ) );
#5527 = PCURVE('',#4786,#5528);
#5528 = DEFINITIONAL_REPRESENTATION('',(#5529),#5533);
#5529 = LINE('',#5530,#5531);
#5530 = CARTESIAN_POINT('',(-0.,0.));
#5531 = VECTOR('',#5532,1.);
#5532 = DIRECTION('',(-0.,1.));
#5533 = ( GEOMETRIC_REPRESENTATION_CONTEXT(2) 
PARAMETRIC_REPRESENTATION_CONTEXT() REPRESENTATION_CONTEXT('2D SPACE',''
  ) );
#5534 = ORIENTED_EDGE('',*,*,#4390,.T.);
#5535 = ORIENTED_EDGE('',*,*,#5536,.T.);
#5536 = EDGE_CURVE('',#4393,#5487,#5537,.T.);
#5537 = SURFACE_CURVE('',#5538,(#5542,#5549),.PCURVE_S1.);
#5538 = LINE('',#5539,#5540);
#5539 = CARTESIAN_POINT('',(249.72533987072,57.15,3.180950076431));
#5540 = VECTOR('',#5541,1.);
#5541 = DIRECTION('',(-0.,0.,1.));
#5542 = PCURVE('',#4413,#5543);
#5543 = DEFINITIONAL_REPRESENTATION('',(#5544),#5548);
#5544 = LINE('',#5545,#5546);
#5545 = CARTESIAN_POINT('',(-3.180950076431,54.275947622484));
#5546 = VECTOR('',#5547,1.);
#5547 = DIRECTION('',(1.,0.));
#5548 = ( GEOMETRIC_REPRESENTATION_CONTEXT(2) 
PARAMETRIC_REPRESENTATION_CONTEXT() REPRESENTATION_CONTEXT('2D SPACE',''
  ) );
#5549 = PCURVE('',#4441,#5550);
#5550 = DEFINITIONAL_REPRESENTATION('',(#5551),#5555);
#5551 = LINE('',#5552,#5553);
#5552 = CARTESIAN_POINT('',(207.47466012928,-3.180950076431));
#5553 = VECTOR('',#5554,1.);
#5554 = DIRECTION('',(0.,-1.));
#5555 = ( GEOMETRIC_REPRESENTATION_CONTEXT(2) 
PARAMETRIC_REPRESENTATION_CONTEXT() REPRESENTATION_CONTEXT('2D SPACE',''
  ) );
#5556 = ADVANCED_FACE('',(#5557),#4786,.T.);
#5557 = FACE_BOUND('',#5558,.F.);
#5558 = EDGE_LOOP('',(#5559,#5591,#5619,#5686,#5711,#5712));
#5559 = ORIENTED_EDGE('',*,*,#5560,.F.);
#5560 = EDGE_CURVE('',#5561,#4744,#5563,.T.);
#5561 = VERTEX_POINT('',#5562);
#5562 = CARTESIAN_POINT('',(249.27533986032,39.98798792845,
    0.290932844992));
#5563 = SURFACE_CURVE('',#5564,(#5569,#5580),.PCURVE_S1.);
#5564 = ELLIPSE('',#5565,0.420608520126,0.3);
#5565 = AXIS2_PLACEMENT_3D('',#5566,#5567,#5568);
#5566 = CARTESIAN_POINT('',(249.42533987072,40.247637275801,0.3));
#5567 = DIRECTION('',(0.60700357172,-0.375132367759,0.7005871613));
#5568 = DIRECTION('',(0.617694608404,-0.331947620022,-0.712926467674));
#5569 = PCURVE('',#4786,#5570);
#5570 = DEFINITIONAL_REPRESENTATION('',(#5571),#5579);
#5571 = B_SPLINE_CURVE_WITH_KNOTS('',6,(#5572,#5573,#5574,#5575,#5576,
    #5577,#5578),.UNSPECIFIED.,.F.,.F.,(7,7),(4.712388980385,
    6.252956853776),.PIECEWISE_BEZIER_KNOTS.);
#5572 = CARTESIAN_POINT('',(-2.094395142425,0.282037498351));
#5573 = CARTESIAN_POINT('',(-1.837633830193,0.206342309426));
#5574 = CARTESIAN_POINT('',(-1.580873390812,0.1306522543));
#5575 = CARTESIAN_POINT('',(-1.324111393346,6.39117451964E-02));
#5576 = CARTESIAN_POINT('',(-1.067348819118,1.524716971428E-02));
#5577 = CARTESIAN_POINT('',(-0.810588581265,-1.034763074509E-02));
#5578 = CARTESIAN_POINT('',(-0.553827269034,-1.26354307828E-02));
#5579 = ( GEOMETRIC_REPRESENTATION_CONTEXT(2) 
PARAMETRIC_REPRESENTATION_CONTEXT() REPRESENTATION_CONTEXT('2D SPACE',''
  ) );
#5580 = PCURVE('',#4759,#5581);
#5581 = DEFINITIONAL_REPRESENTATION('',(#5582),#5590);
#5582 = B_SPLINE_CURVE_WITH_KNOTS('',6,(#5583,#5584,#5585,#5586,#5587,
    #5588,#5589),.UNSPECIFIED.,.F.,.F.,(7,7),(4.712388980385,
    6.252956853776),.PIECEWISE_BEZIER_KNOTS.);
#5583 = CARTESIAN_POINT('',(-1.540567873391,14.152320038001));
#5584 = CARTESIAN_POINT('',(-1.28380656116,14.228015226926));
#5585 = CARTESIAN_POINT('',(-1.027046121778,14.303705282051));
#5586 = CARTESIAN_POINT('',(-0.770284124313,14.370445791156));
#5587 = CARTESIAN_POINT('',(-0.513521550084,14.419110366637));
#5588 = CARTESIAN_POINT('',(-0.256761312232,14.444705167097));
#5589 = CARTESIAN_POINT('',(-9.481304631564E-14,14.446992967135));
#5590 = ( GEOMETRIC_REPRESENTATION_CONTEXT(2) 
PARAMETRIC_REPRESENTATION_CONTEXT() REPRESENTATION_CONTEXT('2D SPACE',''
  ) );
#5591 = ORIENTED_EDGE('',*,*,#5592,.T.);
#5592 = EDGE_CURVE('',#5561,#5593,#5595,.T.);
#5593 = VERTEX_POINT('',#5594);
#5594 = CARTESIAN_POINT('',(249.27533986032,39.5654466176,
    12.390932844992));
#5595 = SURFACE_CURVE('',#5596,(#5600,#5607),.PCURVE_S1.);
#5596 = LINE('',#5597,#5598);
#5597 = CARTESIAN_POINT('',(249.27533986032,39.997830895194,
    9.067156264907E-03));
#5598 = VECTOR('',#5599,1.);
#5599 = DIRECTION('',(0.,-3.48994967025E-02,0.999390827019));
#5600 = PCURVE('',#4786,#5601);
#5601 = DEFINITIONAL_REPRESENTATION('',(#5602),#5606);
#5602 = LINE('',#5603,#5604);
#5603 = CARTESIAN_POINT('',(-2.094395142425,0.));
#5604 = VECTOR('',#5605,1.);
#5605 = DIRECTION('',(-0.,1.));
#5606 = ( GEOMETRIC_REPRESENTATION_CONTEXT(2) 
PARAMETRIC_REPRESENTATION_CONTEXT() REPRESENTATION_CONTEXT('2D SPACE',''
  ) );
#5607 = PCURVE('',#5608,#5613);
#5608 = PLANE('',#5609);
#5609 = AXIS2_PLACEMENT_3D('',#5610,#5611,#5612);
#5610 = CARTESIAN_POINT('',(243.37533987072,43.184843869645,6.35));
#5611 = DIRECTION('',(-0.500000034668,-0.865497824504,
    -3.022385002512E-02));
#5612 = DIRECTION('',(-0.865893403497,0.50022856154,-2.29895731367E-19)
  );
#5613 = DEFINITIONAL_REPRESENTATION('',(#5614),#5618);
#5614 = LINE('',#5615,#5616);
#5615 = CARTESIAN_POINT('',(-6.703005987446,6.343830990625));
#5616 = VECTOR('',#5617,1.);
#5617 = DIRECTION('',(-1.745772503396E-02,-0.999847602306));
#5618 = ( GEOMETRIC_REPRESENTATION_CONTEXT(2) 
PARAMETRIC_REPRESENTATION_CONTEXT() REPRESENTATION_CONTEXT('2D SPACE',''
  ) );
#5619 = ORIENTED_EDGE('',*,*,#5620,.T.);
#5620 = EDGE_CURVE('',#5593,#5621,#5623,.T.);
#5621 = VERTEX_POINT('',#5622);
#5622 = CARTESIAN_POINT('',(249.68956237185,39.672454033354,12.7));
#5623 = SURFACE_CURVE('',#5624,(#5641,#5661),.PCURVE_S1.);
#5624 = B_SPLINE_CURVE_WITH_KNOTS('',8,(#5625,#5626,#5627,#5628,#5629,
    #5630,#5631,#5632,#5633,#5634,#5635,#5636,#5637,#5638,#5639,#5640),
  .UNSPECIFIED.,.F.,.F.,(9,7,9),(0.,0.137904398743,1.),.UNSPECIFIED.);
#5625 = CARTESIAN_POINT('',(249.27534681895,39.565442317269,
    12.390940875554));
#5626 = CARTESIAN_POINT('',(249.28228964095,39.561151828149,
    12.398954827378));
#5627 = CARTESIAN_POINT('',(249.28935536736,39.557073002052,
    12.406975678117));
#5628 = CARTESIAN_POINT('',(249.29653703724,39.553210128254,
    12.414996075783));
#5629 = CARTESIAN_POINT('',(249.30382767627,39.549567272573,
    12.423008538167));
#5630 = CARTESIAN_POINT('',(249.31122029673,39.546148277375,
    12.431005452846));
#5631 = CARTESIAN_POINT('',(249.31870789753,39.542956761567,
    12.438979077177));
#5632 = CARTESIAN_POINT('',(249.32628346419,39.539996120607,
    12.446921538299));
#5633 = CARTESIAN_POINT('',(249.38180384441,39.52022449521,
    12.504231492924));
#5634 = CARTESIAN_POINT('',(249.43289439145,39.512304165548,
    12.552185232263));
#5635 = CARTESIAN_POINT('',(249.48543568728,39.514363563052,
    12.596749243611));
#5636 = CARTESIAN_POINT('',(249.53734409006,39.526999714708,
    12.635840231278));
#5637 = CARTESIAN_POINT('',(249.58621026818,39.550337472584,
    12.667312568146));
#5638 = CARTESIAN_POINT('',(249.62932408673,39.583738666481,
    12.689115274129));
#5639 = CARTESIAN_POINT('',(249.66424678404,39.625346293565,12.7));
#5640 = CARTESIAN_POINT('',(249.68956237186,39.672454033345,12.7));
#5641 = PCURVE('',#4786,#5642);
#5642 = DEFINITIONAL_REPRESENTATION('',(#5643),#5660);
#5643 = B_SPLINE_CURVE_WITH_KNOTS('',8,(#5644,#5645,#5646,#5647,#5648,
    #5649,#5650,#5651,#5652,#5653,#5654,#5655,#5656,#5657,#5658,#5659),
  .UNSPECIFIED.,.F.,.F.,(9,7,9),(0.,0.137904398743,1.),.UNSPECIFIED.);
#5644 = CARTESIAN_POINT('',(-2.094368358817,12.389421160116));
#5645 = CARTESIAN_POINT('',(-2.067645837086,12.397579965968));
#5646 = CARTESIAN_POINT('',(-2.040921447736,12.405738279599));
#5647 = CARTESIAN_POINT('',(-2.014192938814,12.413888603806));
#5648 = CARTESIAN_POINT('',(-1.987457696075,12.422023319045));
#5649 = CARTESIAN_POINT('',(-1.960712742978,12.430134683432));
#5650 = CARTESIAN_POINT('',(-1.933954740693,12.438214832741));
#5651 = CARTESIAN_POINT('',(-1.907179988095,12.44625578041));
#5652 = CARTESIAN_POINT('',(-1.712874610084,12.504220843135));
#5653 = CARTESIAN_POINT('',(-1.544328943706,12.55242178587));
#5654 = CARTESIAN_POINT('',(-1.374031164277,12.59688677809));
#5655 = CARTESIAN_POINT('',(-1.20156226335,12.63551295725));
#5656 = CARTESIAN_POINT('',(-1.026784833389,12.666151646017));
#5657 = CARTESIAN_POINT('',(-0.849874290353,12.686775385525));
#5658 = CARTESIAN_POINT('',(-0.671549899584,12.69620139547));
#5659 = CARTESIAN_POINT('',(-0.493370362222,12.694557359061));
#5660 = ( GEOMETRIC_REPRESENTATION_CONTEXT(2) 
PARAMETRIC_REPRESENTATION_CONTEXT() REPRESENTATION_CONTEXT('2D SPACE',''
  ) );
#5661 = PCURVE('',#5662,#5667);
#5662 = CYLINDRICAL_SURFACE('',#5663,0.3);
#5663 = AXIS2_PLACEMENT_3D('',#5664,#5665,#5666);
#5664 = CARTESIAN_POINT('',(237.18001475152,46.899247754567,12.4));
#5665 = DIRECTION('',(0.865893403497,-0.50022856154,0.));
#5666 = DIRECTION('',(-0.,0.,1.));
#5667 = DEFINITIONAL_REPRESENTATION('',(#5668),#5685);
#5668 = B_SPLINE_CURVE_WITH_KNOTS('',8,(#5669,#5670,#5671,#5672,#5673,
    #5674,#5675,#5676,#5677,#5678,#5679,#5680,#5681,#5682,#5683,#5684),
  .UNSPECIFIED.,.F.,.F.,(9,7,9),(0.,0.137904398743,1.),.UNSPECIFIED.);
#5669 = CARTESIAN_POINT('',(1.600997999436,14.141847194814));
#5670 = CARTESIAN_POINT('',(1.574272638968,14.150005163784));
#5671 = CARTESIAN_POINT('',(1.547548919776,14.158163674984));
#5672 = CARTESIAN_POINT('',(1.520822297411,14.166314555362));
#5673 = CARTESIAN_POINT('',(1.494088619955,14.174449732059));
#5674 = CARTESIAN_POINT('',(1.467344128025,14.1825612324));
#5675 = CARTESIAN_POINT('',(1.440585454769,14.190641183903));
#5676 = CARTESIAN_POINT('',(1.41380962587,14.198681814269));
#5677 = CARTESIAN_POINT('',(1.219504247858,14.256646876994));
#5678 = CARTESIAN_POINT('',(1.050958581471,14.304847819811));
#5679 = CARTESIAN_POINT('',(0.880660802085,14.349312811636));
#5680 = CARTESIAN_POINT('',(0.708191901066,14.38793899166));
#5681 = CARTESIAN_POINT('',(0.533414471218,14.418577679341));
#5682 = CARTESIAN_POINT('',(0.356503928099,14.43920141966));
#5683 = CARTESIAN_POINT('',(0.178179537361,14.448627429293));
#5684 = CARTESIAN_POINT('',(0.,14.446983392883));
#5685 = ( GEOMETRIC_REPRESENTATION_CONTEXT(2) 
PARAMETRIC_REPRESENTATION_CONTEXT() REPRESENTATION_CONTEXT('2D SPACE',''
  ) );
#5686 = ORIENTED_EDGE('',*,*,#5687,.T.);
#5687 = EDGE_CURVE('',#5621,#5485,#5688,.T.);
#5688 = SURFACE_CURVE('',#5689,(#5694,#5704),.PCURVE_S1.);
#5689 = ELLIPSE('',#5690,0.30018286329,0.3);
#5690 = AXIS2_PLACEMENT_3D('',#5691,#5692,#5693);
#5691 = CARTESIAN_POINT('',(249.42533987072,39.814619734104,12.7));
#5692 = DIRECTION('',(0.,0.,1.));
#5693 = DIRECTION('',(0.,-1.,0.));
#5694 = PCURVE('',#4786,#5695);
#5695 = DEFINITIONAL_REPRESENTATION('',(#5696),#5703);
#5696 = B_SPLINE_CURVE_WITH_KNOTS('',5,(#5697,#5698,#5699,#5700,#5701,
    #5702),.UNSPECIFIED.,.F.,.F.,(6,6),(1.077425964573,1.570796326795),
  .PIECEWISE_BEZIER_KNOTS.);
#5697 = CARTESIAN_POINT('',(-0.493370362222,12.694557359062));
#5698 = CARTESIAN_POINT('',(-0.394696289778,12.693646907895));
#5699 = CARTESIAN_POINT('',(-0.296022217334,12.692676072824));
#5700 = CARTESIAN_POINT('',(-0.197348144889,12.691663313375));
#5701 = CARTESIAN_POINT('',(-9.867407244446E-02,12.690629580018));
#5702 = CARTESIAN_POINT('',(0.,12.689595847657));
#5703 = ( GEOMETRIC_REPRESENTATION_CONTEXT(2) 
PARAMETRIC_REPRESENTATION_CONTEXT() REPRESENTATION_CONTEXT('2D SPACE',''
  ) );
#5704 = PCURVE('',#5502,#5705);
#5705 = DEFINITIONAL_REPRESENTATION('',(#5706),#5710);
#5706 = ELLIPSE('',#5707,0.30018286329,0.3);
#5707 = AXIS2_PLACEMENT_2D('',#5708,#5709);
#5708 = CARTESIAN_POINT('',(17.335380265897,249.42533987072));
#5709 = DIRECTION('',(1.,-1.110223024625E-16));
#5710 = ( GEOMETRIC_REPRESENTATION_CONTEXT(2) 
PARAMETRIC_REPRESENTATION_CONTEXT() REPRESENTATION_CONTEXT('2D SPACE',''
  ) );
#5711 = ORIENTED_EDGE('',*,*,#5514,.F.);
#5712 = ORIENTED_EDGE('',*,*,#4771,.F.);
#5713 = ADVANCED_FACE('',(#5714),#4441,.F.);
#5714 = FACE_BOUND('',#5715,.F.);
#5715 = EDGE_LOOP('',(#5716,#5717,#5718,#5741));
#5716 = ORIENTED_EDGE('',*,*,#4425,.F.);
#5717 = ORIENTED_EDGE('',*,*,#5536,.T.);
#5718 = ORIENTED_EDGE('',*,*,#5719,.F.);
#5719 = EDGE_CURVE('',#5720,#5487,#5722,.T.);
#5720 = VERTEX_POINT('',#5721);
#5721 = CARTESIAN_POINT('',(0.,57.15,12.7));
#5722 = SURFACE_CURVE('',#5723,(#5727,#5734),.PCURVE_S1.);
#5723 = LINE('',#5724,#5725);
#5724 = CARTESIAN_POINT('',(0.,57.15,12.7));
#5725 = VECTOR('',#5726,1.);
#5726 = DIRECTION('',(1.,1.110223024625E-16,0.));
#5727 = PCURVE('',#4441,#5728);
#5728 = DEFINITIONAL_REPRESENTATION('',(#5729),#5733);
#5729 = LINE('',#5730,#5731);
#5730 = CARTESIAN_POINT('',(457.2,-12.7));
#5731 = VECTOR('',#5732,1.);
#5732 = DIRECTION('',(-1.,0.));
#5733 = ( GEOMETRIC_REPRESENTATION_CONTEXT(2) 
PARAMETRIC_REPRESENTATION_CONTEXT() REPRESENTATION_CONTEXT('2D SPACE',''
  ) );
#5734 = PCURVE('',#5502,#5735);
#5735 = DEFINITIONAL_REPRESENTATION('',(#5736),#5740);
#5736 = LINE('',#5737,#5738);
#5737 = CARTESIAN_POINT('',(0.,0.));
#5738 = VECTOR('',#5739,1.);
#5739 = DIRECTION('',(0.,1.));
#5740 = ( GEOMETRIC_REPRESENTATION_CONTEXT(2) 
PARAMETRIC_REPRESENTATION_CONTEXT() REPRESENTATION_CONTEXT('2D SPACE',''
  ) );
#5741 = ORIENTED_EDGE('',*,*,#5742,.F.);
#5742 = EDGE_CURVE('',#4426,#5720,#5743,.T.);
#5743 = SURFACE_CURVE('',#5744,(#5748,#5755),.PCURVE_S1.);
#5744 = LINE('',#5745,#5746);
#5745 = CARTESIAN_POINT('',(1.42108547152E-14,57.15,0.));
#5746 = VECTOR('',#5747,1.);
#5747 = DIRECTION('',(0.,0.,1.));
#5748 = PCURVE('',#4441,#5749);
#5749 = DEFINITIONAL_REPRESENTATION('',(#5750),#5754);
#5750 = LINE('',#5751,#5752);
#5751 = CARTESIAN_POINT('',(457.2,0.));
#5752 = VECTOR('',#5753,1.);
#5753 = DIRECTION('',(0.,-1.));
#5754 = ( GEOMETRIC_REPRESENTATION_CONTEXT(2) 
PARAMETRIC_REPRESENTATION_CONTEXT() REPRESENTATION_CONTEXT('2D SPACE',''
  ) );
#5755 = PCURVE('',#4474,#5756);
#5756 = DEFINITIONAL_REPRESENTATION('',(#5757),#5761);
#5757 = LINE('',#5758,#5759);
#5758 = CARTESIAN_POINT('',(1.570796326795,0.));
#5759 = VECTOR('',#5760,1.);
#5760 = DIRECTION('',(0.,-1.));
#5761 = ( GEOMETRIC_REPRESENTATION_CONTEXT(2) 
PARAMETRIC_REPRESENTATION_CONTEXT() REPRESENTATION_CONTEXT('2D SPACE',''
  ) );
#5762 = ADVANCED_FACE('',(#5763),#4759,.T.);
#5763 = FACE_BOUND('',#5764,.F.);
#5764 = EDGE_LOOP('',(#5765,#5795,#5816,#5817));
#5765 = ORIENTED_EDGE('',*,*,#5766,.T.);
#5766 = EDGE_CURVE('',#4691,#5767,#5769,.T.);
#5767 = VERTEX_POINT('',#5768);
#5768 = CARTESIAN_POINT('',(237.32533987765,46.891529724228,
    0.290932844992));
#5769 = SURFACE_CURVE('',#5770,(#5774,#5788),.PCURVE_S1.);
#5770 = ( BOUNDED_CURVE() B_SPLINE_CURVE(2,(#5771,#5772,#5773),
.UNSPECIFIED.,.F.,.F.) B_SPLINE_CURVE_WITH_KNOTS((3,3),(0.,2.09465904264
),.PIECEWISE_BEZIER_KNOTS.) CURVE() GEOMETRIC_REPRESENTATION_ITEM() 
RATIONAL_B_SPLINE_CURVE((1.,0.717712982335,1.)) REPRESENTATION_ITEM('') 
  );
#5771 = CARTESIAN_POINT('',(237.47533988805,47.151179071579,0.));
#5772 = CARTESIAN_POINT('',(237.32974045313,46.899147100717,
    6.661338147751E-16));
#5773 = CARTESIAN_POINT('',(237.32533987765,46.891529724228,
    0.290932844992));
#5774 = PCURVE('',#4759,#5775);
#5775 = DEFINITIONAL_REPRESENTATION('',(#5776),#5787);
#5776 = B_SPLINE_CURVE_WITH_KNOTS('',9,(#5777,#5778,#5779,#5780,#5781,
    #5782,#5783,#5784,#5785,#5786),.UNSPECIFIED.,.F.,.F.,(10,10),(0.,
    2.09465904264),.PIECEWISE_BEZIER_KNOTS.);
#5777 = CARTESIAN_POINT('',(0.,0.351545099188));
#5778 = CARTESIAN_POINT('',(-0.154742011499,0.351545099188));
#5779 = CARTESIAN_POINT('',(-0.320403704893,0.351545099188));
#5780 = CARTESIAN_POINT('',(-0.495633380988,0.351545099188));
#5781 = CARTESIAN_POINT('',(-0.67777436753,0.351545099188));
#5782 = CARTESIAN_POINT('',(-0.862793505861,0.351545099188));
#5783 = CARTESIAN_POINT('',(-1.044934492403,0.351545099188));
#5784 = CARTESIAN_POINT('',(-1.220164168498,0.351545099188));
#5785 = CARTESIAN_POINT('',(-1.385825861892,0.351545099188));
#5786 = CARTESIAN_POINT('',(-1.540567873391,0.351545099188));
#5787 = ( GEOMETRIC_REPRESENTATION_CONTEXT(2) 
PARAMETRIC_REPRESENTATION_CONTEXT() REPRESENTATION_CONTEXT('2D SPACE',''
  ) );
#5788 = PCURVE('',#4714,#5789);
#5789 = DEFINITIONAL_REPRESENTATION('',(#5790),#5794);
#5790 = LINE('',#5791,#5792);
#5791 = CARTESIAN_POINT('',(0.,0.));
#5792 = VECTOR('',#5793,1.);
#5793 = DIRECTION('',(1.,0.));
#5794 = ( GEOMETRIC_REPRESENTATION_CONTEXT(2) 
PARAMETRIC_REPRESENTATION_CONTEXT() REPRESENTATION_CONTEXT('2D SPACE',''
  ) );
#5795 = ORIENTED_EDGE('',*,*,#5796,.T.);
#5796 = EDGE_CURVE('',#5767,#5561,#5797,.T.);
#5797 = SURFACE_CURVE('',#5798,(#5802,#5809),.PCURVE_S1.);
#5798 = LINE('',#5799,#5800);
#5799 = CARTESIAN_POINT('',(237.02093929523,47.067382623511,
    0.290932844992));
#5800 = VECTOR('',#5801,1.);
#5801 = DIRECTION('',(0.865893403497,-0.50022856154,0.));
#5802 = PCURVE('',#4759,#5803);
#5803 = DEFINITIONAL_REPRESENTATION('',(#5804),#5808);
#5804 = LINE('',#5805,#5806);
#5805 = CARTESIAN_POINT('',(-1.540567873391,0.));
#5806 = VECTOR('',#5807,1.);
#5807 = DIRECTION('',(-0.,1.));
#5808 = ( GEOMETRIC_REPRESENTATION_CONTEXT(2) 
PARAMETRIC_REPRESENTATION_CONTEXT() REPRESENTATION_CONTEXT('2D SPACE',''
  ) );
#5809 = PCURVE('',#5608,#5810);
#5810 = DEFINITIONAL_REPRESENTATION('',(#5811),#5815);
#5811 = LINE('',#5812,#5813);
#5812 = CARTESIAN_POINT('',(7.444390317459,6.061836474139));
#5813 = VECTOR('',#5814,1.);
#5814 = DIRECTION('',(-1.,-4.271288059087E-19));
#5815 = ( GEOMETRIC_REPRESENTATION_CONTEXT(2) 
PARAMETRIC_REPRESENTATION_CONTEXT() REPRESENTATION_CONTEXT('2D SPACE',''
  ) );
#5816 = ORIENTED_EDGE('',*,*,#5560,.T.);
#5817 = ORIENTED_EDGE('',*,*,#4743,.F.);
#5818 = ADVANCED_FACE('',(#5819),#4474,.T.);
#5819 = FACE_BOUND('',#5820,.T.);
#5820 = EDGE_LOOP('',(#5821,#5822,#5845,#5899));
#5821 = ORIENTED_EDGE('',*,*,#4453,.F.);
#5822 = ORIENTED_EDGE('',*,*,#5823,.T.);
#5823 = EDGE_CURVE('',#4454,#5824,#5826,.T.);
#5824 = VERTEX_POINT('',#5825);
#5825 = CARTESIAN_POINT('',(1.00892989728,0.,12.7));
#5826 = SURFACE_CURVE('',#5827,(#5831,#5838),.PCURVE_S1.);
#5827 = LINE('',#5828,#5829);
#5828 = CARTESIAN_POINT('',(1.00892989728,0.,0.));
#5829 = VECTOR('',#5830,1.);
#5830 = DIRECTION('',(0.,0.,1.));
#5831 = PCURVE('',#4474,#5832);
#5832 = DEFINITIONAL_REPRESENTATION('',(#5833),#5837);
#5833 = LINE('',#5834,#5835);
#5834 = CARTESIAN_POINT('',(1.435740459987,0.));
#5835 = VECTOR('',#5836,1.);
#5836 = DIRECTION('',(0.,-1.));
#5837 = ( GEOMETRIC_REPRESENTATION_CONTEXT(2) 
PARAMETRIC_REPRESENTATION_CONTEXT() REPRESENTATION_CONTEXT('2D SPACE',''
  ) );
#5838 = PCURVE('',#4505,#5839);
#5839 = DEFINITIONAL_REPRESENTATION('',(#5840),#5844);
#5840 = LINE('',#5841,#5842);
#5841 = CARTESIAN_POINT('',(0.,0.));
#5842 = VECTOR('',#5843,1.);
#5843 = DIRECTION('',(0.,-1.));
#5844 = ( GEOMETRIC_REPRESENTATION_CONTEXT(2) 
PARAMETRIC_REPRESENTATION_CONTEXT() REPRESENTATION_CONTEXT('2D SPACE',''
  ) );
#5845 = ORIENTED_EDGE('',*,*,#5846,.F.);
#5846 = EDGE_CURVE('',#5720,#5824,#5847,.T.);
#5847 = SURFACE_CURVE('',#5848,(#5863,#5881),.PCURVE_S1.);
#5848 = B_SPLINE_CURVE_WITH_KNOTS('',4,(#5849,#5850,#5851,#5852,#5853,
    #5854,#5855,#5856,#5857,#5858,#5859,#5860,#5861,#5862),
  .UNSPECIFIED.,.F.,.F.,(5,3,3,3,5),(0.,0.250665056655,0.501063871145,
    0.750930567093,1.),.UNSPECIFIED.);
#5849 = CARTESIAN_POINT('',(0.,57.150000000044,12.7));
#5850 = CARTESIAN_POINT('',(-9.947598300641E-14,53.567877589386,12.7));
#5851 = CARTESIAN_POINT('',(1.0521950964E-02,49.985755193514,12.7));
#5852 = CARTESIAN_POINT('',(3.156584337839E-02,46.403679111993,12.7));
#5853 = CARTESIAN_POINT('',(9.469672263281E-02,39.243517344434,12.7));
#5854 = CARTESIAN_POINT('',(0.136761343199,35.665431491024,12.7));
#5855 = CARTESIAN_POINT('',(0.189358223953,32.08748482234,12.7));
#5856 = CARTESIAN_POINT('',(0.315548030239,24.939567560035,12.7));
#5857 = CARTESIAN_POINT('',(0.389096116501,21.369596205429,12.7));
#5858 = CARTESIAN_POINT('',(0.473197143715,17.799857633898,12.7));
#5859 = CARTESIAN_POINT('',(0.662302054832,10.672332365572,12.7));
#5860 = CARTESIAN_POINT('',(0.767238411912,7.114543909115,12.7));
#5861 = CARTESIAN_POINT('',(0.882758839647,3.55708305726,12.7));
#5862 = CARTESIAN_POINT('',(1.008929897284,-1.09999120923E-10,12.7));
#5863 = PCURVE('',#4474,#5864);
#5864 = DEFINITIONAL_REPRESENTATION('',(#5865),#5880);
#5865 = B_SPLINE_CURVE_WITH_KNOTS('',4,(#5866,#5867,#5868,#5869,#5870,
    #5871,#5872,#5873,#5874,#5875,#5876,#5877,#5878,#5879),
  .UNSPECIFIED.,.F.,.F.,(5,3,3,3,5),(0.,0.250665056655,0.501063871145,
    0.750930567093,1.),.UNSPECIFIED.);
#5866 = CARTESIAN_POINT('',(1.570796326795,-12.7));
#5867 = CARTESIAN_POINT('',(1.562356829516,-12.7));
#5868 = CARTESIAN_POINT('',(1.553917332019,-12.7));
#5869 = CARTESIAN_POINT('',(1.545476341963,-12.7));
#5870 = CARTESIAN_POINT('',(1.52859734694,-12.7));
#5871 = CARTESIAN_POINT('',(1.520159347884,-12.7));
#5872 = CARTESIAN_POINT('',(1.511716868463,-12.7));
#5873 = CARTESIAN_POINT('',(1.494837872039,-12.7));
#5874 = CARTESIAN_POINT('',(1.486401380035,-12.7));
#5875 = CARTESIAN_POINT('',(1.477957411778,-12.7));
#5876 = CARTESIAN_POINT('',(1.461078412992,-12.7));
#5877 = CARTESIAN_POINT('',(1.452643439437,-12.7));
#5878 = CARTESIAN_POINT('',(1.444197980213,-12.7));
#5879 = CARTESIAN_POINT('',(1.435740459987,-12.7));
#5880 = ( GEOMETRIC_REPRESENTATION_CONTEXT(2) 
PARAMETRIC_REPRESENTATION_CONTEXT() REPRESENTATION_CONTEXT('2D SPACE',''
  ) );
#5881 = PCURVE('',#5502,#5882);
#5882 = DEFINITIONAL_REPRESENTATION('',(#5883),#5898);
#5883 = B_SPLINE_CURVE_WITH_KNOTS('',4,(#5884,#5885,#5886,#5887,#5888,
    #5889,#5890,#5891,#5892,#5893,#5894,#5895,#5896,#5897),
  .UNSPECIFIED.,.F.,.F.,(5,3,3,3,5),(0.,0.250665056655,0.501063871145,
    0.750930567093,1.),.UNSPECIFIED.);
#5884 = CARTESIAN_POINT('',(-4.385469765111E-11,4.868849507024E-27));
#5885 = CARTESIAN_POINT('',(3.582122410614,-9.987367848414E-14));
#5886 = CARTESIAN_POINT('',(7.164244806486,1.0521950964E-02));
#5887 = CARTESIAN_POINT('',(10.746320888007,3.156584337839E-02));
#5888 = CARTESIAN_POINT('',(17.906482655566,9.469672263281E-02));
#5889 = CARTESIAN_POINT('',(21.484568508976,0.136761343199));
#5890 = CARTESIAN_POINT('',(25.06251517766,0.189358223953));
#5891 = CARTESIAN_POINT('',(32.210432439965,0.315548030239));
#5892 = CARTESIAN_POINT('',(35.780403794571,0.389096116501));
#5893 = CARTESIAN_POINT('',(39.350142366102,0.473197143715));
#5894 = CARTESIAN_POINT('',(46.477667634428,0.662302054832));
#5895 = CARTESIAN_POINT('',(50.035456090885,0.767238411912));
#5896 = CARTESIAN_POINT('',(53.59291694274,0.882758839647));
#5897 = CARTESIAN_POINT('',(57.15000000011,1.008929897284));
#5898 = ( GEOMETRIC_REPRESENTATION_CONTEXT(2) 
PARAMETRIC_REPRESENTATION_CONTEXT() REPRESENTATION_CONTEXT('2D SPACE',''
  ) );
#5899 = ORIENTED_EDGE('',*,*,#5742,.F.);
#5900 = ADVANCED_FACE('',(#5901),#4714,.T.);
#5901 = FACE_BOUND('',#5902,.T.);
#5902 = EDGE_LOOP('',(#5903,#5904,#5940,#5968));
#5903 = ORIENTED_EDGE('',*,*,#5766,.T.);
#5904 = ORIENTED_EDGE('',*,*,#5905,.T.);
#5905 = EDGE_CURVE('',#5767,#5906,#5908,.T.);
#5906 = VERTEX_POINT('',#5907);
#5907 = CARTESIAN_POINT('',(237.02533987072,46.717902439277,0.3));
#5908 = SURFACE_CURVE('',#5909,(#5917,#5924),.PCURVE_S1.);
#5909 = ( BOUNDED_CURVE() B_SPLINE_CURVE(6,(#5910,#5911,#5912,#5913,
#5914,#5915,#5916),.UNSPECIFIED.,.F.,.F.) B_SPLINE_CURVE_WITH_KNOTS((7,7
),(0.,2.09465904264),.PIECEWISE_BEZIER_KNOTS.) CURVE() 
GEOMETRIC_REPRESENTATION_ITEM() RATIONAL_B_SPLINE_CURVE((1.,1.,1.,1.,1.,
1.,1.)) REPRESENTATION_ITEM('') );
#5910 = CARTESIAN_POINT('',(237.32533987765,46.891529724228,
    0.290932844992));
#5911 = CARTESIAN_POINT('',(237.26475258189,46.926595087167,
    0.28910166344));
#5912 = CARTESIAN_POINT('',(237.18945730715,46.936267557122,
    0.288596555463));
#5913 = CARTESIAN_POINT('',(237.11243568023,46.912286193582,
    0.289848789175));
#5914 = CARTESIAN_POINT('',(237.05434207072,46.857269210753,
    0.292722005996));
#5915 = CARTESIAN_POINT('',(237.02533987072,46.787617975974,
    0.296359318883));
#5916 = CARTESIAN_POINT('',(237.02533987072,46.717902439277,0.3));
#5917 = PCURVE('',#4714,#5918);
#5918 = DEFINITIONAL_REPRESENTATION('',(#5919),#5923);
#5919 = LINE('',#5920,#5921);
#5920 = CARTESIAN_POINT('',(2.09465904264,0.));
#5921 = VECTOR('',#5922,1.);
#5922 = DIRECTION('',(0.,1.));
#5923 = ( GEOMETRIC_REPRESENTATION_CONTEXT(2) 
PARAMETRIC_REPRESENTATION_CONTEXT() REPRESENTATION_CONTEXT('2D SPACE',''
  ) );
#5924 = PCURVE('',#5925,#5930);
#5925 = CYLINDRICAL_SURFACE('',#5926,0.2);
#5926 = AXIS2_PLACEMENT_3D('',#5927,#5928,#5929);
#5927 = CARTESIAN_POINT('',(237.22533987072,46.728800846194,
    -1.208954084829E-02));
#5928 = DIRECTION('',(0.,-3.48994967025E-02,0.999390827019));
#5929 = DIRECTION('',(0.500000034668,0.865497824504,3.022385002512E-02)
  );
#5930 = DEFINITIONAL_REPRESENTATION('',(#5931),#5939);
#5931 = B_SPLINE_CURVE_WITH_KNOTS('',6,(#5932,#5933,#5934,#5935,#5936,
    #5937,#5938),.UNSPECIFIED.,.F.,.F.,(7,7),(0.,2.09465904264),
  .PIECEWISE_BEZIER_KNOTS.);
#5932 = CARTESIAN_POINT('',(-2.22044604925E-16,0.297158636848));
#5933 = CARTESIAN_POINT('',(0.349800923269,0.294104807284));
#5934 = CARTESIAN_POINT('',(0.700052274802,0.293264067094));
#5935 = CARTESIAN_POINT('',(1.050263533704,0.295347926718));
#5936 = CARTESIAN_POINT('',(1.398976476145,0.300143955475));
#5937 = CARTESIAN_POINT('',(1.746665092741,0.306208272793));
#5938 = CARTESIAN_POINT('',(2.094395142425,0.312279773249));
#5939 = ( GEOMETRIC_REPRESENTATION_CONTEXT(2) 
PARAMETRIC_REPRESENTATION_CONTEXT() REPRESENTATION_CONTEXT('2D SPACE',''
  ) );
#5940 = ORIENTED_EDGE('',*,*,#5941,.F.);
#5941 = EDGE_CURVE('',#4663,#5906,#5942,.T.);
#5942 = SURFACE_CURVE('',#5943,(#5947,#5954),.PCURVE_S1.);
#5943 = ( BOUNDED_CURVE() B_SPLINE_CURVE(2,(#5944,#5945,#5946),
.UNSPECIFIED.,.F.,.F.) B_SPLINE_CURVE_WITH_KNOTS((3,3),(0.,2.09465904264
),.PIECEWISE_BEZIER_KNOTS.) CURVE() GEOMETRIC_REPRESENTATION_ITEM() 
RATIONAL_B_SPLINE_CURVE((1.,0.707106781187,1.)) REPRESENTATION_ITEM('') 
  );
#5944 = CARTESIAN_POINT('',(236.72533987072,46.717902439277,0.));
#5945 = CARTESIAN_POINT('',(237.02533987072,46.717902439277,
    5.551115123126E-17));
#5946 = CARTESIAN_POINT('',(237.02533987072,46.717902439277,0.3));
#5947 = PCURVE('',#4714,#5948);
#5948 = DEFINITIONAL_REPRESENTATION('',(#5949),#5953);
#5949 = LINE('',#5950,#5951);
#5950 = CARTESIAN_POINT('',(0.,2.09465904264));
#5951 = VECTOR('',#5952,1.);
#5952 = DIRECTION('',(1.,0.));
#5953 = ( GEOMETRIC_REPRESENTATION_CONTEXT(2) 
PARAMETRIC_REPRESENTATION_CONTEXT() REPRESENTATION_CONTEXT('2D SPACE',''
  ) );
#5954 = PCURVE('',#4678,#5955);
#5955 = DEFINITIONAL_REPRESENTATION('',(#5956),#5967);
#5956 = B_SPLINE_CURVE_WITH_KNOTS('',9,(#5957,#5958,#5959,#5960,#5961,
    #5962,#5963,#5964,#5965,#5966),.UNSPECIFIED.,.F.,.F.,(10,10),(0.,
    2.09465904264),.PIECEWISE_BEZIER_KNOTS.);
#5957 = CARTESIAN_POINT('',(-1.110223024625E-16,36.642902439277));
#5958 = CARTESIAN_POINT('',(-0.157134840264,36.642902439277));
#5959 = CARTESIAN_POINT('',(-0.325774716821,36.642902439279));
#5960 = CARTESIAN_POINT('',(-0.50456638687,36.642902439274));
#5961 = CARTESIAN_POINT('',(-0.690744851613,36.642902439282));
#5962 = CARTESIAN_POINT('',(-0.880051475182,36.642902439274));
#5963 = CARTESIAN_POINT('',(-1.066229939925,36.642902439279));
#5964 = CARTESIAN_POINT('',(-1.245021609974,36.642902439277));
#5965 = CARTESIAN_POINT('',(-1.413661486531,36.642902439277));
#5966 = CARTESIAN_POINT('',(-1.570796326795,36.642902439277));
#5967 = ( GEOMETRIC_REPRESENTATION_CONTEXT(2) 
PARAMETRIC_REPRESENTATION_CONTEXT() REPRESENTATION_CONTEXT('2D SPACE',''
  ) );
#5968 = ORIENTED_EDGE('',*,*,#4690,.F.);
#5969 = ADVANCED_FACE('',(#5970),#4505,.F.);
#5970 = FACE_BOUND('',#5971,.F.);
#5971 = EDGE_LOOP('',(#5972,#5973,#5974,#5997));
#5972 = ORIENTED_EDGE('',*,*,#4489,.F.);
#5973 = ORIENTED_EDGE('',*,*,#5823,.T.);
#5974 = ORIENTED_EDGE('',*,*,#5975,.T.);
#5975 = EDGE_CURVE('',#5824,#5976,#5978,.T.);
#5976 = VERTEX_POINT('',#5977);
#5977 = CARTESIAN_POINT('',(249.72533987072,2.84217094304E-14,12.7));
#5978 = SURFACE_CURVE('',#5979,(#5983,#5990),.PCURVE_S1.);
#5979 = LINE('',#5980,#5981);
#5980 = CARTESIAN_POINT('',(0.50446494864,0.,12.7));
#5981 = VECTOR('',#5982,1.);
#5982 = DIRECTION('',(1.,1.110223024625E-16,0.));
#5983 = PCURVE('',#4505,#5984);
#5984 = DEFINITIONAL_REPRESENTATION('',(#5985),#5989);
#5985 = LINE('',#5986,#5987);
#5986 = CARTESIAN_POINT('',(-0.50446494864,-12.7));
#5987 = VECTOR('',#5988,1.);
#5988 = DIRECTION('',(1.,0.));
#5989 = ( GEOMETRIC_REPRESENTATION_CONTEXT(2) 
PARAMETRIC_REPRESENTATION_CONTEXT() REPRESENTATION_CONTEXT('2D SPACE',''
  ) );
#5990 = PCURVE('',#5502,#5991);
#5991 = DEFINITIONAL_REPRESENTATION('',(#5992),#5996);
#5992 = LINE('',#5993,#5994);
#5993 = CARTESIAN_POINT('',(57.15,0.50446494864));
#5994 = VECTOR('',#5995,1.);
#5995 = DIRECTION('',(0.,1.));
#5996 = ( GEOMETRIC_REPRESENTATION_CONTEXT(2) 
PARAMETRIC_REPRESENTATION_CONTEXT() REPRESENTATION_CONTEXT('2D SPACE',''
  ) );
#5997 = ORIENTED_EDGE('',*,*,#5998,.T.);
#5998 = EDGE_CURVE('',#5976,#4490,#5999,.T.);
#5999 = SURFACE_CURVE('',#6000,(#6004,#6011),.PCURVE_S1.);
#6000 = LINE('',#6001,#6002);
#6001 = CARTESIAN_POINT('',(249.72533987072,2.48689957516E-14,
    3.19098786332));
#6002 = VECTOR('',#6003,1.);
#6003 = DIRECTION('',(0.,0.,-1.));
#6004 = PCURVE('',#4505,#6005);
#6005 = DEFINITIONAL_REPRESENTATION('',(#6006),#6010);
#6006 = LINE('',#6007,#6008);
#6007 = CARTESIAN_POINT('',(248.71640997344,-3.19098786332));
#6008 = VECTOR('',#6009,1.);
#6009 = DIRECTION('',(0.,1.));
#6010 = ( GEOMETRIC_REPRESENTATION_CONTEXT(2) 
PARAMETRIC_REPRESENTATION_CONTEXT() REPRESENTATION_CONTEXT('2D SPACE',''
  ) );
#6011 = PCURVE('',#4533,#6012);
#6012 = DEFINITIONAL_REPRESENTATION('',(#6013),#6017);
#6013 = LINE('',#6014,#6015);
#6014 = CARTESIAN_POINT('',(-3.19098786332,-4.511006852484));
#6015 = VECTOR('',#6016,1.);
#6016 = DIRECTION('',(-1.,0.));
#6017 = ( GEOMETRIC_REPRESENTATION_CONTEXT(2) 
PARAMETRIC_REPRESENTATION_CONTEXT() REPRESENTATION_CONTEXT('2D SPACE',''
  ) );
#6018 = ADVANCED_FACE('',(#6019),#4678,.T.);
#6019 = FACE_BOUND('',#6020,.F.);
#6020 = EDGE_LOOP('',(#6021,#6051,#6077,#6078));
#6021 = ORIENTED_EDGE('',*,*,#6022,.T.);
#6022 = EDGE_CURVE('',#4610,#6023,#6025,.T.);
#6023 = VERTEX_POINT('',#6024);
#6024 = CARTESIAN_POINT('',(237.02533987072,10.432097560723,0.3));
#6025 = SURFACE_CURVE('',#6026,(#6030,#6044),.PCURVE_S1.);
#6026 = ( BOUNDED_CURVE() B_SPLINE_CURVE(2,(#6027,#6028,#6029),
.UNSPECIFIED.,.F.,.F.) B_SPLINE_CURVE_WITH_KNOTS((3,3),(0.,2.09465904264
),.PIECEWISE_BEZIER_KNOTS.) CURVE() GEOMETRIC_REPRESENTATION_ITEM() 
RATIONAL_B_SPLINE_CURVE((1.,0.707106781187,1.)) REPRESENTATION_ITEM('') 
  );
#6027 = CARTESIAN_POINT('',(236.72533987072,10.432097560723,0.));
#6028 = CARTESIAN_POINT('',(237.02533987072,10.432097560723,
    2.775557561563E-17));
#6029 = CARTESIAN_POINT('',(237.02533987072,10.432097560723,0.3));
#6030 = PCURVE('',#4678,#6031);
#6031 = DEFINITIONAL_REPRESENTATION('',(#6032),#6043);
#6032 = B_SPLINE_CURVE_WITH_KNOTS('',9,(#6033,#6034,#6035,#6036,#6037,
    #6038,#6039,#6040,#6041,#6042),.UNSPECIFIED.,.F.,.F.,(10,10),(0.,
    2.09465904264),.PIECEWISE_BEZIER_KNOTS.);
#6033 = CARTESIAN_POINT('',(0.,0.357097560723));
#6034 = CARTESIAN_POINT('',(-0.157134840264,0.357097560723));
#6035 = CARTESIAN_POINT('',(-0.325774716821,0.357097560723));
#6036 = CARTESIAN_POINT('',(-0.50456638687,0.357097560723));
#6037 = CARTESIAN_POINT('',(-0.690744851613,0.357097560723));
#6038 = CARTESIAN_POINT('',(-0.880051475182,0.357097560723));
#6039 = CARTESIAN_POINT('',(-1.066229939925,0.357097560723));
#6040 = CARTESIAN_POINT('',(-1.245021609974,0.357097560723));
#6041 = CARTESIAN_POINT('',(-1.413661486531,0.357097560723));
#6042 = CARTESIAN_POINT('',(-1.570796326795,0.357097560723));
#6043 = ( GEOMETRIC_REPRESENTATION_CONTEXT(2) 
PARAMETRIC_REPRESENTATION_CONTEXT() REPRESENTATION_CONTEXT('2D SPACE',''
  ) );
#6044 = PCURVE('',#4633,#6045);
#6045 = DEFINITIONAL_REPRESENTATION('',(#6046),#6050);
#6046 = LINE('',#6047,#6048);
#6047 = CARTESIAN_POINT('',(0.,0.));
#6048 = VECTOR('',#6049,1.);
#6049 = DIRECTION('',(1.,0.));
#6050 = ( GEOMETRIC_REPRESENTATION_CONTEXT(2) 
PARAMETRIC_REPRESENTATION_CONTEXT() REPRESENTATION_CONTEXT('2D SPACE',''
  ) );
#6051 = ORIENTED_EDGE('',*,*,#6052,.T.);
#6052 = EDGE_CURVE('',#6023,#5906,#6053,.T.);
#6053 = SURFACE_CURVE('',#6054,(#6058,#6065),.PCURVE_S1.);
#6054 = LINE('',#6055,#6056);
#6055 = CARTESIAN_POINT('',(237.02533987072,10.075,0.3));
#6056 = VECTOR('',#6057,1.);
#6057 = DIRECTION('',(0.,1.,0.));
#6058 = PCURVE('',#4678,#6059);
#6059 = DEFINITIONAL_REPRESENTATION('',(#6060),#6064);
#6060 = LINE('',#6061,#6062);
#6061 = CARTESIAN_POINT('',(-1.570796326795,0.));
#6062 = VECTOR('',#6063,1.);
#6063 = DIRECTION('',(-0.,1.));
#6064 = ( GEOMETRIC_REPRESENTATION_CONTEXT(2) 
PARAMETRIC_REPRESENTATION_CONTEXT() REPRESENTATION_CONTEXT('2D SPACE',''
  ) );
#6065 = PCURVE('',#6066,#6071);
#6066 = PLANE('',#6067);
#6067 = AXIS2_PLACEMENT_3D('',#6068,#6069,#6070);
#6068 = CARTESIAN_POINT('',(237.02533987072,28.575,6.276402414818));
#6069 = DIRECTION('',(1.,0.,0.));
#6070 = DIRECTION('',(-0.,0.,1.));
#6071 = DEFINITIONAL_REPRESENTATION('',(#6072),#6076);
#6072 = LINE('',#6073,#6074);
#6073 = CARTESIAN_POINT('',(-5.976402414818,18.5));
#6074 = VECTOR('',#6075,1.);
#6075 = DIRECTION('',(0.,-1.));
#6076 = ( GEOMETRIC_REPRESENTATION_CONTEXT(2) 
PARAMETRIC_REPRESENTATION_CONTEXT() REPRESENTATION_CONTEXT('2D SPACE',''
  ) );
#6077 = ORIENTED_EDGE('',*,*,#5941,.F.);
#6078 = ORIENTED_EDGE('',*,*,#4662,.F.);
#6079 = ADVANCED_FACE('',(#6080),#4533,.T.);
#6080 = FACE_BOUND('',#6081,.T.);
#6081 = EDGE_LOOP('',(#6082,#6083,#6106,#6127));
#6082 = ORIENTED_EDGE('',*,*,#4517,.T.);
#6083 = ORIENTED_EDGE('',*,*,#6084,.T.);
#6084 = EDGE_CURVE('',#4518,#6085,#6087,.T.);
#6085 = VERTEX_POINT('',#6086);
#6086 = CARTESIAN_POINT('',(249.72533987072,17.335380265896,12.7));
#6087 = SURFACE_CURVE('',#6088,(#6092,#6099),.PCURVE_S1.);
#6088 = LINE('',#6089,#6090);
#6089 = CARTESIAN_POINT('',(249.72533987072,16.892519757455,
    1.813431127244E-02));
#6090 = VECTOR('',#6091,1.);
#6091 = DIRECTION('',(0.,3.48994967025E-02,0.999390827019));
#6092 = PCURVE('',#4533,#6093);
#6093 = DEFINITIONAL_REPRESENTATION('',(#6094),#6098);
#6094 = LINE('',#6095,#6096);
#6095 = CARTESIAN_POINT('',(-6.363841415367,-21.40352660993));
#6096 = VECTOR('',#6097,1.);
#6097 = DIRECTION('',(0.999390827019,-3.48994967025E-02));
#6098 = ( GEOMETRIC_REPRESENTATION_CONTEXT(2) 
PARAMETRIC_REPRESENTATION_CONTEXT() REPRESENTATION_CONTEXT('2D SPACE',''
  ) );
#6099 = PCURVE('',#4566,#6100);
#6100 = DEFINITIONAL_REPRESENTATION('',(#6101),#6105);
#6101 = LINE('',#6102,#6103);
#6102 = CARTESIAN_POINT('',(-2.094395142425,0.));
#6103 = VECTOR('',#6104,1.);
#6104 = DIRECTION('',(-0.,1.));
#6105 = ( GEOMETRIC_REPRESENTATION_CONTEXT(2) 
PARAMETRIC_REPRESENTATION_CONTEXT() REPRESENTATION_CONTEXT('2D SPACE',''
  ) );
#6106 = ORIENTED_EDGE('',*,*,#6107,.F.);
#6107 = EDGE_CURVE('',#5976,#6085,#6108,.T.);
#6108 = SURFACE_CURVE('',#6109,(#6113,#6120),.PCURVE_S1.);
#6109 = LINE('',#6110,#6111);
#6110 = CARTESIAN_POINT('',(249.72533987072,26.319496573758,12.7));
#6111 = VECTOR('',#6112,1.);
#6112 = DIRECTION('',(0.,1.,0.));
#6113 = PCURVE('',#4533,#6114);
#6114 = DEFINITIONAL_REPRESENTATION('',(#6115),#6119);
#6115 = LINE('',#6116,#6117);
#6116 = CARTESIAN_POINT('',(6.318024273361,-30.83050342624));
#6117 = VECTOR('',#6118,1.);
#6118 = DIRECTION('',(0.,-1.));
#6119 = ( GEOMETRIC_REPRESENTATION_CONTEXT(2) 
PARAMETRIC_REPRESENTATION_CONTEXT() REPRESENTATION_CONTEXT('2D SPACE',''
  ) );
#6120 = PCURVE('',#5502,#6121);
#6121 = DEFINITIONAL_REPRESENTATION('',(#6122),#6126);
#6122 = LINE('',#6123,#6124);
#6123 = CARTESIAN_POINT('',(30.830503426242,249.72533987072));
#6124 = VECTOR('',#6125,1.);
#6125 = DIRECTION('',(-1.,1.110223024625E-16));
#6126 = ( GEOMETRIC_REPRESENTATION_CONTEXT(2) 
PARAMETRIC_REPRESENTATION_CONTEXT() REPRESENTATION_CONTEXT('2D SPACE',''
  ) );
#6127 = ORIENTED_EDGE('',*,*,#5998,.T.);
#6128 = ADVANCED_FACE('',(#6129),#4633,.T.);
#6129 = FACE_BOUND('',#6130,.T.);
#6130 = EDGE_LOOP('',(#6131,#6132,#6168,#6196));
#6131 = ORIENTED_EDGE('',*,*,#6022,.T.);
#6132 = ORIENTED_EDGE('',*,*,#6133,.T.);
#6133 = EDGE_CURVE('',#6023,#6134,#6136,.T.);
#6134 = VERTEX_POINT('',#6135);
#6135 = CARTESIAN_POINT('',(237.32533987765,10.258470275772,
    0.290932844992));
#6136 = SURFACE_CURVE('',#6137,(#6145,#6152),.PCURVE_S1.);
#6137 = ( BOUNDED_CURVE() B_SPLINE_CURVE(6,(#6138,#6139,#6140,#6141,
#6142,#6143,#6144),.UNSPECIFIED.,.F.,.F.) B_SPLINE_CURVE_WITH_KNOTS((7,7
),(0.,2.09465904264),.PIECEWISE_BEZIER_KNOTS.) CURVE() 
GEOMETRIC_REPRESENTATION_ITEM() RATIONAL_B_SPLINE_CURVE((1.,1.,1.,1.,1.,
1.,1.)) REPRESENTATION_ITEM('') );
#6138 = CARTESIAN_POINT('',(237.02533987072,10.432097560723,0.3));
#6139 = CARTESIAN_POINT('',(237.02533987072,10.362382024026,
    0.296359318883));
#6140 = CARTESIAN_POINT('',(237.05434207073,10.292730789247,
    0.292722005996));
#6141 = CARTESIAN_POINT('',(237.11243568023,10.237713806418,
    0.289848789175));
#6142 = CARTESIAN_POINT('',(237.18945730715,10.213732442878,
    0.288596555463));
#6143 = CARTESIAN_POINT('',(237.26475258189,10.223404912833,
    0.28910166344));
#6144 = CARTESIAN_POINT('',(237.32533987765,10.258470275772,
    0.290932844992));
#6145 = PCURVE('',#4633,#6146);
#6146 = DEFINITIONAL_REPRESENTATION('',(#6147),#6151);
#6147 = LINE('',#6148,#6149);
#6148 = CARTESIAN_POINT('',(2.09465904264,0.));
#6149 = VECTOR('',#6150,1.);
#6150 = DIRECTION('',(0.,1.));
#6151 = ( GEOMETRIC_REPRESENTATION_CONTEXT(2) 
PARAMETRIC_REPRESENTATION_CONTEXT() REPRESENTATION_CONTEXT('2D SPACE',''
  ) );
#6152 = PCURVE('',#6153,#6158);
#6153 = CYLINDRICAL_SURFACE('',#6154,0.2);
#6154 = AXIS2_PLACEMENT_3D('',#6155,#6156,#6157);
#6155 = CARTESIAN_POINT('',(237.22533987072,10.421199153806,
    -1.208954084829E-02));
#6156 = DIRECTION('',(0.,3.48994967025E-02,0.999390827019));
#6157 = DIRECTION('',(-1.,0.,0.));
#6158 = DEFINITIONAL_REPRESENTATION('',(#6159),#6167);
#6159 = B_SPLINE_CURVE_WITH_KNOTS('',6,(#6160,#6161,#6162,#6163,#6164,
    #6165,#6166),.UNSPECIFIED.,.F.,.F.,(7,7),(0.,2.09465904264),
  .PIECEWISE_BEZIER_KNOTS.);
#6160 = CARTESIAN_POINT('',(2.22044604925E-16,0.312279773249));
#6161 = CARTESIAN_POINT('',(0.347730049684,0.306208272793));
#6162 = CARTESIAN_POINT('',(0.69541866628,0.300143955475));
#6163 = CARTESIAN_POINT('',(1.04413160872,0.295347926718));
#6164 = CARTESIAN_POINT('',(1.394342867623,0.293264067094));
#6165 = CARTESIAN_POINT('',(1.744594219155,0.294104807284));
#6166 = CARTESIAN_POINT('',(2.094395142425,0.297158636848));
#6167 = ( GEOMETRIC_REPRESENTATION_CONTEXT(2) 
PARAMETRIC_REPRESENTATION_CONTEXT() REPRESENTATION_CONTEXT('2D SPACE',''
  ) );
#6168 = ORIENTED_EDGE('',*,*,#6169,.F.);
#6169 = EDGE_CURVE('',#4582,#6134,#6170,.T.);
#6170 = SURFACE_CURVE('',#6171,(#6175,#6182),.PCURVE_S1.);
#6171 = ( BOUNDED_CURVE() B_SPLINE_CURVE(2,(#6172,#6173,#6174),
.UNSPECIFIED.,.F.,.F.) B_SPLINE_CURVE_WITH_KNOTS((3,3),(0.,2.09465904264
),.PIECEWISE_BEZIER_KNOTS.) CURVE() GEOMETRIC_REPRESENTATION_ITEM() 
RATIONAL_B_SPLINE_CURVE((1.,0.717712982335,1.)) REPRESENTATION_ITEM('') 
  );
#6172 = CARTESIAN_POINT('',(237.47533988805,9.998820928421,0.));
#6173 = CARTESIAN_POINT('',(237.32974045313,10.250852899283,
    -2.775557561563E-17));
#6174 = CARTESIAN_POINT('',(237.32533987765,10.258470275772,
    0.290932844992));
#6175 = PCURVE('',#4633,#6176);
#6176 = DEFINITIONAL_REPRESENTATION('',(#6177),#6181);
#6177 = LINE('',#6178,#6179);
#6178 = CARTESIAN_POINT('',(0.,2.09465904264));
#6179 = VECTOR('',#6180,1.);
#6180 = DIRECTION('',(1.,0.));
#6181 = ( GEOMETRIC_REPRESENTATION_CONTEXT(2) 
PARAMETRIC_REPRESENTATION_CONTEXT() REPRESENTATION_CONTEXT('2D SPACE',''
  ) );
#6182 = PCURVE('',#4597,#6183);
#6183 = DEFINITIONAL_REPRESENTATION('',(#6184),#6195);
#6184 = B_SPLINE_CURVE_WITH_KNOTS('',9,(#6185,#6186,#6187,#6188,#6189,
    #6190,#6191,#6192,#6193,#6194),.UNSPECIFIED.,.F.,.F.,(10,10),(0.,
    2.09465904264),.PIECEWISE_BEZIER_KNOTS.);
#6185 = CARTESIAN_POINT('',(-1.110223024625E-16,14.315387283839));
#6186 = CARTESIAN_POINT('',(-0.154742011499,14.315387283838));
#6187 = CARTESIAN_POINT('',(-0.320403704893,14.315387283839));
#6188 = CARTESIAN_POINT('',(-0.49563338099,14.315387283838));
#6189 = CARTESIAN_POINT('',(-0.677774367527,14.315387283839));
#6190 = CARTESIAN_POINT('',(-0.862793505864,14.315387283838));
#6191 = CARTESIAN_POINT('',(-1.044934492401,14.315387283839));
#6192 = CARTESIAN_POINT('',(-1.220164168499,14.315387283838));
#6193 = CARTESIAN_POINT('',(-1.385825861892,14.315387283839));
#6194 = CARTESIAN_POINT('',(-1.540567873391,14.315387283839));
#6195 = ( GEOMETRIC_REPRESENTATION_CONTEXT(2) 
PARAMETRIC_REPRESENTATION_CONTEXT() REPRESENTATION_CONTEXT('2D SPACE',''
  ) );
#6196 = ORIENTED_EDGE('',*,*,#4609,.F.);
#6197 = ADVANCED_FACE('',(#6198),#4566,.T.);
#6198 = FACE_BOUND('',#6199,.F.);
#6199 = EDGE_LOOP('',(#6200,#6232,#6233,#6234,#6265,#6303));
#6200 = ORIENTED_EDGE('',*,*,#6201,.T.);
#6201 = EDGE_CURVE('',#6202,#4546,#6204,.T.);
#6202 = VERTEX_POINT('',#6203);
#6203 = CARTESIAN_POINT('',(249.27533986032,17.16201207155,
    0.290932844992));
#6204 = SURFACE_CURVE('',#6205,(#6210,#6221),.PCURVE_S1.);
#6205 = ELLIPSE('',#6206,0.420608520126,0.3);
#6206 = AXIS2_PLACEMENT_3D('',#6207,#6208,#6209);
#6207 = CARTESIAN_POINT('',(249.42533987072,16.902362724199,0.3));
#6208 = DIRECTION('',(-0.60700357172,-0.375132367759,-0.7005871613));
#6209 = DIRECTION('',(-0.617694608404,-0.331947620022,0.712926467674));
#6210 = PCURVE('',#4566,#6211);
#6211 = DEFINITIONAL_REPRESENTATION('',(#6212),#6220);
#6212 = B_SPLINE_CURVE_WITH_KNOTS('',6,(#6213,#6214,#6215,#6216,#6217,
    #6218,#6219),.UNSPECIFIED.,.F.,.F.,(7,7),(1.570799096547,
    3.111364200186),.PIECEWISE_BEZIER_KNOTS.);
#6213 = CARTESIAN_POINT('',(-2.769752522336E-06,0.282036681807));
#6214 = CARTESIAN_POINT('',(-0.256763620359,0.206341628973));
#6215 = CARTESIAN_POINT('',(-0.513523598127,0.130651774465));
#6216 = CARTESIAN_POINT('',(-0.770285133957,6.391148258199E-02));
#6217 = CARTESIAN_POINT('',(-1.027047246543,1.524707773426E-02));
#6218 = CARTESIAN_POINT('',(-1.283807022785,-1.034763485831E-02));
#6219 = CARTESIAN_POINT('',(-1.540567873392,-1.263543078281E-02));
#6220 = ( GEOMETRIC_REPRESENTATION_CONTEXT(2) 
PARAMETRIC_REPRESENTATION_CONTEXT() REPRESENTATION_CONTEXT('2D SPACE',''
  ) );
#6221 = PCURVE('',#4597,#6222);
#6222 = DEFINITIONAL_REPRESENTATION('',(#6223),#6231);
#6223 = B_SPLINE_CURVE_WITH_KNOTS('',6,(#6224,#6225,#6226,#6227,#6228,
    #6229,#6230),.UNSPECIFIED.,.F.,.F.,(7,7),(1.570799096547,
    3.111364200186),.PIECEWISE_BEZIER_KNOTS.);
#6224 = CARTESIAN_POINT('',(-1.540565103639,0.514611528481));
#6225 = CARTESIAN_POINT('',(-1.283804253032,0.438916475647));
#6226 = CARTESIAN_POINT('',(-1.027044275264,0.363226621139));
#6227 = CARTESIAN_POINT('',(-0.770282739434,0.296486329256));
#6228 = CARTESIAN_POINT('',(-0.513520626848,0.247821924409));
#6229 = CARTESIAN_POINT('',(-0.256760850606,0.222227211816));
#6230 = CARTESIAN_POINT('',(3.314015728506E-13,0.219939415892));
#6231 = ( GEOMETRIC_REPRESENTATION_CONTEXT(2) 
PARAMETRIC_REPRESENTATION_CONTEXT() REPRESENTATION_CONTEXT('2D SPACE',''
  ) );
#6232 = ORIENTED_EDGE('',*,*,#4545,.T.);
#6233 = ORIENTED_EDGE('',*,*,#6084,.T.);
#6234 = ORIENTED_EDGE('',*,*,#6235,.F.);
#6235 = EDGE_CURVE('',#6236,#6085,#6238,.T.);
#6236 = VERTEX_POINT('',#6237);
#6237 = CARTESIAN_POINT('',(249.68956237189,17.47754596667,12.7));
#6238 = SURFACE_CURVE('',#6239,(#6244,#6254),.PCURVE_S1.);
#6239 = ELLIPSE('',#6240,0.30018286329,0.3);
#6240 = AXIS2_PLACEMENT_3D('',#6241,#6242,#6243);
#6241 = CARTESIAN_POINT('',(249.42533987072,17.335380265896,12.7));
#6242 = DIRECTION('',(0.,-0.,-1.));
#6243 = DIRECTION('',(0.,1.,-0.));
#6244 = PCURVE('',#4566,#6245);
#6245 = DEFINITIONAL_REPRESENTATION('',(#6246),#6253);
#6246 = B_SPLINE_CURVE_WITH_KNOTS('',5,(#6247,#6248,#6249,#6250,#6251,
    #6252),.UNSPECIFIED.,.F.,.F.,(6,6),(1.077425964568,1.570796326795),
  .PIECEWISE_BEZIER_KNOTS.);
#6247 = CARTESIAN_POINT('',(-1.601024780198,12.694557359062));
#6248 = CARTESIAN_POINT('',(-1.699698852643,12.693646907895));
#6249 = CARTESIAN_POINT('',(-1.798372925088,12.692676072824));
#6250 = CARTESIAN_POINT('',(-1.897046997534,12.691663313375));
#6251 = CARTESIAN_POINT('',(-1.995721069979,12.690629580018));
#6252 = CARTESIAN_POINT('',(-2.094395142425,12.689595847657));
#6253 = ( GEOMETRIC_REPRESENTATION_CONTEXT(2) 
PARAMETRIC_REPRESENTATION_CONTEXT() REPRESENTATION_CONTEXT('2D SPACE',''
  ) );
#6254 = PCURVE('',#5502,#6255);
#6255 = DEFINITIONAL_REPRESENTATION('',(#6256),#6264);
#6256 = ( BOUNDED_CURVE() B_SPLINE_CURVE(2,(#6257,#6258,#6259,#6260,
#6261,#6262,#6263),.UNSPECIFIED.,.T.,.F.) B_SPLINE_CURVE_WITH_KNOTS((1,2
    ,2,2,2,1),(-2.094395102393,0.,2.094395102393,4.188790204786,
6.28318530718,8.377580409573),.UNSPECIFIED.) CURVE() 
GEOMETRIC_REPRESENTATION_ITEM() RATIONAL_B_SPLINE_CURVE((1.,0.5,1.,0.5,
1.,0.5,1.)) REPRESENTATION_ITEM('') );
#6257 = CARTESIAN_POINT('',(39.514436870814,249.42533987072));
#6258 = CARTESIAN_POINT('',(39.514436870814,249.94495511299));
#6259 = CARTESIAN_POINT('',(39.964711165748,249.68514749185));
#6260 = CARTESIAN_POINT('',(40.414985460683,249.42533987072));
#6261 = CARTESIAN_POINT('',(39.964711165748,249.16553224958));
#6262 = CARTESIAN_POINT('',(39.514436870814,248.90572462845));
#6263 = CARTESIAN_POINT('',(39.514436870814,249.42533987072));
#6264 = ( GEOMETRIC_REPRESENTATION_CONTEXT(2) 
PARAMETRIC_REPRESENTATION_CONTEXT() REPRESENTATION_CONTEXT('2D SPACE',''
  ) );
#6265 = ORIENTED_EDGE('',*,*,#6266,.F.);
#6266 = EDGE_CURVE('',#6267,#6236,#6269,.T.);
#6267 = VERTEX_POINT('',#6268);
#6268 = CARTESIAN_POINT('',(249.27533986032,17.5845533824,
    12.390932844992));
#6269 = SURFACE_CURVE('',#6270,(#6275,#6287),.PCURVE_S1.);
#6270 = ELLIPSE('',#6271,0.428016616763,0.3);
#6271 = AXIS2_PLACEMENT_3D('',#6272,#6273,#6274);
#6272 = CARTESIAN_POINT('',(249.42533987072,17.324904035049,12.4));
#6273 = DIRECTION('',(0.617694608404,0.331947620022,-0.712926467674));
#6274 = DIRECTION('',(-0.60700357172,-0.375132367759,-0.7005871613));
#6275 = PCURVE('',#4566,#6276);
#6276 = DEFINITIONAL_REPRESENTATION('',(#6277),#6286);
#6277 = B_SPLINE_CURVE_WITH_KNOTS('',7,(#6278,#6279,#6280,#6281,#6282,
    #6283,#6284,#6285),.UNSPECIFIED.,.F.,.F.,(8,8),(1.570802279704,
    3.171821106993),.PIECEWISE_BEZIER_KNOTS.);
#6278 = CARTESIAN_POINT('',(-5.95290885034E-06,12.389414801694));
#6279 = CARTESIAN_POINT('',(-0.228722928236,12.459238398666));
#6280 = CARTESIAN_POINT('',(-0.457439903564,12.529061555951));
#6281 = CARTESIAN_POINT('',(-0.686156878887,12.592921019404));
#6282 = CARTESIAN_POINT('',(-0.914873854219,12.644841109181));
#6283 = CARTESIAN_POINT('',(-1.143590829544,12.680154694179));
#6284 = CARTESIAN_POINT('',(-1.372307804871,12.696667696985));
#6285 = CARTESIAN_POINT('',(-1.601024780198,12.694557359062));
#6286 = ( GEOMETRIC_REPRESENTATION_CONTEXT(2) 
PARAMETRIC_REPRESENTATION_CONTEXT() REPRESENTATION_CONTEXT('2D SPACE',''
  ) );
#6287 = PCURVE('',#6288,#6293);
#6288 = CYLINDRICAL_SURFACE('',#6289,0.3);
#6289 = AXIS2_PLACEMENT_3D('',#6290,#6291,#6292);
#6290 = CARTESIAN_POINT('',(249.88001475152,17.587570733597,12.4));
#6291 = DIRECTION('',(-0.865893403497,-0.50022856154,0.));
#6292 = DIRECTION('',(0.,0.,1.));
#6293 = DEFINITIONAL_REPRESENTATION('',(#6294),#6302);
#6294 = B_SPLINE_CURVE_WITH_KNOTS('',6,(#6295,#6296,#6297,#6298,#6299,
    #6300,#6301),.UNSPECIFIED.,.F.,.F.,(7,7),(1.570802279704,
    3.171821106993),.PIECEWISE_BEZIER_KNOTS.);
#6295 = CARTESIAN_POINT('',(1.60101882729,0.525091547473));
#6296 = CARTESIAN_POINT('',(1.334182356075,0.443630684339));
#6297 = CARTESIAN_POINT('',(1.067347154365,0.36217674995));
#6298 = CARTESIAN_POINT('',(0.800509326552,0.291119549596));
#6299 = CARTESIAN_POINT('',(0.533671844403,0.241090436544));
#6300 = CARTESIAN_POINT('',(0.266836471215,0.217486929195));
#6301 = CARTESIAN_POINT('',(6.15951734062E-13,0.219948990105));
#6302 = ( GEOMETRIC_REPRESENTATION_CONTEXT(2) 
PARAMETRIC_REPRESENTATION_CONTEXT() REPRESENTATION_CONTEXT('2D SPACE',''
  ) );
#6303 = ORIENTED_EDGE('',*,*,#6304,.F.);
#6304 = EDGE_CURVE('',#6202,#6267,#6305,.T.);
#6305 = SURFACE_CURVE('',#6306,(#6310,#6317),.PCURVE_S1.);
#6306 = LINE('',#6307,#6308);
#6307 = CARTESIAN_POINT('',(249.27533986032,17.152169104806,
    9.067156264906E-03));
#6308 = VECTOR('',#6309,1.);
#6309 = DIRECTION('',(0.,3.48994967025E-02,0.999390827019));
#6310 = PCURVE('',#4566,#6311);
#6311 = DEFINITIONAL_REPRESENTATION('',(#6312),#6316);
#6312 = LINE('',#6313,#6314);
#6313 = CARTESIAN_POINT('',(-0.,0.));
#6314 = VECTOR('',#6315,1.);
#6315 = DIRECTION('',(-0.,1.));
#6316 = ( GEOMETRIC_REPRESENTATION_CONTEXT(2) 
PARAMETRIC_REPRESENTATION_CONTEXT() REPRESENTATION_CONTEXT('2D SPACE',''
  ) );
#6317 = PCURVE('',#6318,#6323);
#6318 = PLANE('',#6319);
#6319 = AXIS2_PLACEMENT_3D('',#6320,#6321,#6322);
#6320 = CARTESIAN_POINT('',(243.37533987072,13.965156130355,6.35));
#6321 = DIRECTION('',(-0.500000034668,0.865497824504,-3.022385002512E-02
    ));
#6322 = DIRECTION('',(0.865893403497,0.50022856154,-3.340271179608E-19)
  );
#6323 = DEFINITIONAL_REPRESENTATION('',(#6324),#6328);
#6324 = LINE('',#6325,#6326);
#6325 = CARTESIAN_POINT('',(6.703005987446,6.343830990625));
#6326 = VECTOR('',#6327,1.);
#6327 = DIRECTION('',(1.745772503396E-02,-0.999847602306));
#6328 = ( GEOMETRIC_REPRESENTATION_CONTEXT(2) 
PARAMETRIC_REPRESENTATION_CONTEXT() REPRESENTATION_CONTEXT('2D SPACE',''
  ) );
#6329 = ADVANCED_FACE('',(#6330),#4597,.T.);
#6330 = FACE_BOUND('',#6331,.F.);
#6331 = EDGE_LOOP('',(#6332,#6333,#6354,#6355));
#6332 = ORIENTED_EDGE('',*,*,#6201,.F.);
#6333 = ORIENTED_EDGE('',*,*,#6334,.T.);
#6334 = EDGE_CURVE('',#6202,#6134,#6335,.T.);
#6335 = SURFACE_CURVE('',#6336,(#6340,#6347),.PCURVE_S1.);
#6336 = LINE('',#6337,#6338);
#6337 = CARTESIAN_POINT('',(249.72093929523,17.419435864653,
    0.290932844992));
#6338 = VECTOR('',#6339,1.);
#6339 = DIRECTION('',(-0.865893403497,-0.50022856154,0.));
#6340 = PCURVE('',#4597,#6341);
#6341 = DEFINITIONAL_REPRESENTATION('',(#6342),#6346);
#6342 = LINE('',#6343,#6344);
#6343 = CARTESIAN_POINT('',(-1.540567873391,0.));
#6344 = VECTOR('',#6345,1.);
#6345 = DIRECTION('',(-0.,1.));
#6346 = ( GEOMETRIC_REPRESENTATION_CONTEXT(2) 
PARAMETRIC_REPRESENTATION_CONTEXT() REPRESENTATION_CONTEXT('2D SPACE',''
  ) );
#6347 = PCURVE('',#6318,#6348);
#6348 = DEFINITIONAL_REPRESENTATION('',(#6349),#6353);
#6349 = LINE('',#6350,#6351);
#6350 = CARTESIAN_POINT('',(7.222542065567,6.061836474139));
#6351 = VECTOR('',#6352,1.);
#6352 = DIRECTION('',(-1.,4.301582027314E-19));
#6353 = ( GEOMETRIC_REPRESENTATION_CONTEXT(2) 
PARAMETRIC_REPRESENTATION_CONTEXT() REPRESENTATION_CONTEXT('2D SPACE',''
  ) );
#6354 = ORIENTED_EDGE('',*,*,#6169,.F.);
#6355 = ORIENTED_EDGE('',*,*,#4581,.F.);
#6356 = ADVANCED_FACE('',(#6357),#4821,.T.);
#6357 = FACE_BOUND('',#6358,.T.);
#6358 = EDGE_LOOP('',(#6359,#6360,#6383,#6406));
#6359 = ORIENTED_EDGE('',*,*,#4803,.F.);
#6360 = ORIENTED_EDGE('',*,*,#6361,.T.);
#6361 = EDGE_CURVE('',#4804,#6362,#6364,.T.);
#6362 = VERTEX_POINT('',#6363);
#6363 = CARTESIAN_POINT('',(61.2,14.025773216421,12.7));
#6364 = SURFACE_CURVE('',#6365,(#6369,#6376),.PCURVE_S1.);
#6365 = LINE('',#6366,#6367);
#6366 = CARTESIAN_POINT('',(61.2,14.025773216421,0.));
#6367 = VECTOR('',#6368,1.);
#6368 = DIRECTION('',(0.,0.,1.));
#6369 = PCURVE('',#4821,#6370);
#6370 = DEFINITIONAL_REPRESENTATION('',(#6371),#6375);
#6371 = LINE('',#6372,#6373);
#6372 = CARTESIAN_POINT('',(0.,0.));
#6373 = VECTOR('',#6374,1.);
#6374 = DIRECTION('',(0.,-1.));
#6375 = ( GEOMETRIC_REPRESENTATION_CONTEXT(2) 
PARAMETRIC_REPRESENTATION_CONTEXT() REPRESENTATION_CONTEXT('2D SPACE',''
  ) );
#6376 = PCURVE('',#4849,#6377);
#6377 = DEFINITIONAL_REPRESENTATION('',(#6378),#6382);
#6378 = LINE('',#6379,#6380);
#6379 = CARTESIAN_POINT('',(14.549226783579,0.));
#6380 = VECTOR('',#6381,1.);
#6381 = DIRECTION('',(0.,-1.));
#6382 = ( GEOMETRIC_REPRESENTATION_CONTEXT(2) 
PARAMETRIC_REPRESENTATION_CONTEXT() REPRESENTATION_CONTEXT('2D SPACE',''
  ) );
#6383 = ORIENTED_EDGE('',*,*,#6384,.T.);
#6384 = EDGE_CURVE('',#6362,#6385,#6387,.T.);
#6385 = VERTEX_POINT('',#6386);
#6386 = CARTESIAN_POINT('',(73.8,21.300386608211,12.7));
#6387 = SURFACE_CURVE('',#6388,(#6392,#6399),.PCURVE_S1.);
#6388 = LINE('',#6389,#6390);
#6389 = CARTESIAN_POINT('',(47.586668978293,6.166112886467,12.7));
#6390 = VECTOR('',#6391,1.);
#6391 = DIRECTION('',(0.866025403784,0.5,0.));
#6392 = PCURVE('',#4821,#6393);
#6393 = DEFINITIONAL_REPRESENTATION('',(#6394),#6398);
#6394 = LINE('',#6395,#6396);
#6395 = CARTESIAN_POINT('',(-15.7193206599,-12.7));
#6396 = VECTOR('',#6397,1.);
#6397 = DIRECTION('',(1.,0.));
#6398 = ( GEOMETRIC_REPRESENTATION_CONTEXT(2) 
PARAMETRIC_REPRESENTATION_CONTEXT() REPRESENTATION_CONTEXT('2D SPACE',''
  ) );
#6399 = PCURVE('',#5502,#6400);
#6400 = DEFINITIONAL_REPRESENTATION('',(#6401),#6405);
#6401 = LINE('',#6402,#6403);
#6402 = CARTESIAN_POINT('',(50.983887113533,47.586668978293));
#6403 = VECTOR('',#6404,1.);
#6404 = DIRECTION('',(-0.5,0.866025403784));
#6405 = ( GEOMETRIC_REPRESENTATION_CONTEXT(2) 
PARAMETRIC_REPRESENTATION_CONTEXT() REPRESENTATION_CONTEXT('2D SPACE',''
  ) );
#6406 = ORIENTED_EDGE('',*,*,#6407,.F.);
#6407 = EDGE_CURVE('',#4806,#6385,#6408,.T.);
#6408 = SURFACE_CURVE('',#6409,(#6413,#6420),.PCURVE_S1.);
#6409 = LINE('',#6410,#6411);
#6410 = CARTESIAN_POINT('',(73.8,21.300386608211,0.));
#6411 = VECTOR('',#6412,1.);
#6412 = DIRECTION('',(0.,0.,1.));
#6413 = PCURVE('',#4821,#6414);
#6414 = DEFINITIONAL_REPRESENTATION('',(#6415),#6419);
#6415 = LINE('',#6416,#6417);
#6416 = CARTESIAN_POINT('',(14.549226783579,0.));
#6417 = VECTOR('',#6418,1.);
#6418 = DIRECTION('',(0.,-1.));
#6419 = ( GEOMETRIC_REPRESENTATION_CONTEXT(2) 
PARAMETRIC_REPRESENTATION_CONTEXT() REPRESENTATION_CONTEXT('2D SPACE',''
  ) );
#6420 = PCURVE('',#4959,#6421);
#6421 = DEFINITIONAL_REPRESENTATION('',(#6422),#6426);
#6422 = LINE('',#6423,#6424);
#6423 = CARTESIAN_POINT('',(0.,0.));
#6424 = VECTOR('',#6425,1.);
#6425 = DIRECTION('',(0.,-1.));
#6426 = ( GEOMETRIC_REPRESENTATION_CONTEXT(2) 
PARAMETRIC_REPRESENTATION_CONTEXT() REPRESENTATION_CONTEXT('2D SPACE',''
  ) );
#6427 = ADVANCED_FACE('',(#6428),#4849,.T.);
#6428 = FACE_BOUND('',#6429,.T.);
#6429 = EDGE_LOOP('',(#6430,#6431,#6454,#6475));
#6430 = ORIENTED_EDGE('',*,*,#4833,.F.);
#6431 = ORIENTED_EDGE('',*,*,#6432,.T.);
#6432 = EDGE_CURVE('',#4834,#6433,#6435,.T.);
#6433 = VERTEX_POINT('',#6434);
#6434 = CARTESIAN_POINT('',(48.6,21.300386608211,12.7));
#6435 = SURFACE_CURVE('',#6436,(#6440,#6447),.PCURVE_S1.);
#6436 = LINE('',#6437,#6438);
#6437 = CARTESIAN_POINT('',(48.6,21.300386608211,0.));
#6438 = VECTOR('',#6439,1.);
#6439 = DIRECTION('',(0.,0.,1.));
#6440 = PCURVE('',#4849,#6441);
#6441 = DEFINITIONAL_REPRESENTATION('',(#6442),#6446);
#6442 = LINE('',#6443,#6444);
#6443 = CARTESIAN_POINT('',(0.,0.));
#6444 = VECTOR('',#6445,1.);
#6445 = DIRECTION('',(0.,-1.));
#6446 = ( GEOMETRIC_REPRESENTATION_CONTEXT(2) 
PARAMETRIC_REPRESENTATION_CONTEXT() REPRESENTATION_CONTEXT('2D SPACE',''
  ) );
#6447 = PCURVE('',#4877,#6448);
#6448 = DEFINITIONAL_REPRESENTATION('',(#6449),#6453);
#6449 = LINE('',#6450,#6451);
#6450 = CARTESIAN_POINT('',(14.549226783578,0.));
#6451 = VECTOR('',#6452,1.);
#6452 = DIRECTION('',(0.,-1.));
#6453 = ( GEOMETRIC_REPRESENTATION_CONTEXT(2) 
PARAMETRIC_REPRESENTATION_CONTEXT() REPRESENTATION_CONTEXT('2D SPACE',''
  ) );
#6454 = ORIENTED_EDGE('',*,*,#6455,.T.);
#6455 = EDGE_CURVE('',#6433,#6362,#6456,.T.);
#6456 = SURFACE_CURVE('',#6457,(#6461,#6468),.PCURVE_S1.);
#6457 = LINE('',#6458,#6459);
#6458 = CARTESIAN_POINT('',(22.613331021718,36.303796938172,12.7));
#6459 = VECTOR('',#6460,1.);
#6460 = DIRECTION('',(0.866025403784,-0.5,0.));
#6461 = PCURVE('',#4849,#6462);
#6462 = DEFINITIONAL_REPRESENTATION('',(#6463),#6467);
#6463 = LINE('',#6464,#6465);
#6464 = CARTESIAN_POINT('',(-30.00682065991,-12.7));
#6465 = VECTOR('',#6466,1.);
#6466 = DIRECTION('',(1.,0.));
#6467 = ( GEOMETRIC_REPRESENTATION_CONTEXT(2) 
PARAMETRIC_REPRESENTATION_CONTEXT() REPRESENTATION_CONTEXT('2D SPACE',''
  ) );
#6468 = PCURVE('',#5502,#6469);
#6469 = DEFINITIONAL_REPRESENTATION('',(#6470),#6474);
#6470 = LINE('',#6471,#6472);
#6471 = CARTESIAN_POINT('',(20.846203061828,22.613331021718));
#6472 = VECTOR('',#6473,1.);
#6473 = DIRECTION('',(0.5,0.866025403784));
#6474 = ( GEOMETRIC_REPRESENTATION_CONTEXT(2) 
PARAMETRIC_REPRESENTATION_CONTEXT() REPRESENTATION_CONTEXT('2D SPACE',''
  ) );
#6475 = ORIENTED_EDGE('',*,*,#6361,.F.);
#6476 = ADVANCED_FACE('',(#6477),#4959,.T.);
#6477 = FACE_BOUND('',#6478,.T.);
#6478 = EDGE_LOOP('',(#6479,#6480,#6481,#6504));
#6479 = ORIENTED_EDGE('',*,*,#4945,.F.);
#6480 = ORIENTED_EDGE('',*,*,#6407,.T.);
#6481 = ORIENTED_EDGE('',*,*,#6482,.T.);
#6482 = EDGE_CURVE('',#6385,#6483,#6485,.T.);
#6483 = VERTEX_POINT('',#6484);
#6484 = CARTESIAN_POINT('',(73.8,35.849613391789,12.7));
#6485 = SURFACE_CURVE('',#6486,(#6490,#6497),.PCURVE_S1.);
#6486 = LINE('',#6487,#6488);
#6487 = CARTESIAN_POINT('',(73.8,39.225193304105,12.7));
#6488 = VECTOR('',#6489,1.);
#6489 = DIRECTION('',(-1.110223024625E-16,1.,0.));
#6490 = PCURVE('',#4959,#6491);
#6491 = DEFINITIONAL_REPRESENTATION('',(#6492),#6496);
#6492 = LINE('',#6493,#6494);
#6493 = CARTESIAN_POINT('',(17.924806695894,-12.7));
#6494 = VECTOR('',#6495,1.);
#6495 = DIRECTION('',(1.,0.));
#6496 = ( GEOMETRIC_REPRESENTATION_CONTEXT(2) 
PARAMETRIC_REPRESENTATION_CONTEXT() REPRESENTATION_CONTEXT('2D SPACE',''
  ) );
#6497 = PCURVE('',#5502,#6498);
#6498 = DEFINITIONAL_REPRESENTATION('',(#6499),#6503);
#6499 = LINE('',#6500,#6501);
#6500 = CARTESIAN_POINT('',(17.924806695895,73.8));
#6501 = VECTOR('',#6502,1.);
#6502 = DIRECTION('',(-1.,0.));
#6503 = ( GEOMETRIC_REPRESENTATION_CONTEXT(2) 
PARAMETRIC_REPRESENTATION_CONTEXT() REPRESENTATION_CONTEXT('2D SPACE',''
  ) );
#6504 = ORIENTED_EDGE('',*,*,#6505,.F.);
#6505 = EDGE_CURVE('',#4918,#6483,#6506,.T.);
#6506 = SURFACE_CURVE('',#6507,(#6511,#6518),.PCURVE_S1.);
#6507 = LINE('',#6508,#6509);
#6508 = CARTESIAN_POINT('',(73.8,35.849613391789,0.));
#6509 = VECTOR('',#6510,1.);
#6510 = DIRECTION('',(0.,0.,1.));
#6511 = PCURVE('',#4959,#6512);
#6512 = DEFINITIONAL_REPRESENTATION('',(#6513),#6517);
#6513 = LINE('',#6514,#6515);
#6514 = CARTESIAN_POINT('',(14.549226783578,0.));
#6515 = VECTOR('',#6516,1.);
#6516 = DIRECTION('',(0.,-1.));
#6517 = ( GEOMETRIC_REPRESENTATION_CONTEXT(2) 
PARAMETRIC_REPRESENTATION_CONTEXT() REPRESENTATION_CONTEXT('2D SPACE',''
  ) );
#6518 = PCURVE('',#4933,#6519);
#6519 = DEFINITIONAL_REPRESENTATION('',(#6520),#6524);
#6520 = LINE('',#6521,#6522);
#6521 = CARTESIAN_POINT('',(0.,0.));
#6522 = VECTOR('',#6523,1.);
#6523 = DIRECTION('',(0.,-1.));
#6524 = ( GEOMETRIC_REPRESENTATION_CONTEXT(2) 
PARAMETRIC_REPRESENTATION_CONTEXT() REPRESENTATION_CONTEXT('2D SPACE',''
  ) );
#6525 = ADVANCED_FACE('',(#6526),#4877,.T.);
#6526 = FACE_BOUND('',#6527,.T.);
#6527 = EDGE_LOOP('',(#6528,#6529,#6552,#6573));
#6528 = ORIENTED_EDGE('',*,*,#4861,.F.);
#6529 = ORIENTED_EDGE('',*,*,#6530,.T.);
#6530 = EDGE_CURVE('',#4862,#6531,#6533,.T.);
#6531 = VERTEX_POINT('',#6532);
#6532 = CARTESIAN_POINT('',(48.6,35.849613391789,12.7));
#6533 = SURFACE_CURVE('',#6534,(#6538,#6545),.PCURVE_S1.);
#6534 = LINE('',#6535,#6536);
#6535 = CARTESIAN_POINT('',(48.6,35.849613391789,0.));
#6536 = VECTOR('',#6537,1.);
#6537 = DIRECTION('',(0.,0.,1.));
#6538 = PCURVE('',#4877,#6539);
#6539 = DEFINITIONAL_REPRESENTATION('',(#6540),#6544);
#6540 = LINE('',#6541,#6542);
#6541 = CARTESIAN_POINT('',(0.,0.));
#6542 = VECTOR('',#6543,1.);
#6543 = DIRECTION('',(0.,-1.));
#6544 = ( GEOMETRIC_REPRESENTATION_CONTEXT(2) 
PARAMETRIC_REPRESENTATION_CONTEXT() REPRESENTATION_CONTEXT('2D SPACE',''
  ) );
#6545 = PCURVE('',#4905,#6546);
#6546 = DEFINITIONAL_REPRESENTATION('',(#6547),#6551);
#6547 = LINE('',#6548,#6549);
#6548 = CARTESIAN_POINT('',(14.549226783579,0.));
#6549 = VECTOR('',#6550,1.);
#6550 = DIRECTION('',(0.,-1.));
#6551 = ( GEOMETRIC_REPRESENTATION_CONTEXT(2) 
PARAMETRIC_REPRESENTATION_CONTEXT() REPRESENTATION_CONTEXT('2D SPACE',''
  ) );
#6552 = ORIENTED_EDGE('',*,*,#6553,.T.);
#6553 = EDGE_CURVE('',#6531,#6433,#6554,.T.);
#6554 = SURFACE_CURVE('',#6555,(#6559,#6566),.PCURVE_S1.);
#6555 = LINE('',#6556,#6557);
#6556 = CARTESIAN_POINT('',(48.6,46.499806695894,12.7));
#6557 = VECTOR('',#6558,1.);
#6558 = DIRECTION('',(1.110223024625E-16,-1.,0.));
#6559 = PCURVE('',#4877,#6560);
#6560 = DEFINITIONAL_REPRESENTATION('',(#6561),#6565);
#6561 = LINE('',#6562,#6563);
#6562 = CARTESIAN_POINT('',(-10.6501933041,-12.7));
#6563 = VECTOR('',#6564,1.);
#6564 = DIRECTION('',(1.,0.));
#6565 = ( GEOMETRIC_REPRESENTATION_CONTEXT(2) 
PARAMETRIC_REPRESENTATION_CONTEXT() REPRESENTATION_CONTEXT('2D SPACE',''
  ) );
#6566 = PCURVE('',#5502,#6567);
#6567 = DEFINITIONAL_REPRESENTATION('',(#6568),#6572);
#6568 = LINE('',#6569,#6570);
#6569 = CARTESIAN_POINT('',(10.650193304106,48.6));
#6570 = VECTOR('',#6571,1.);
#6571 = DIRECTION('',(1.,0.));
#6572 = ( GEOMETRIC_REPRESENTATION_CONTEXT(2) 
PARAMETRIC_REPRESENTATION_CONTEXT() REPRESENTATION_CONTEXT('2D SPACE',''
  ) );
#6573 = ORIENTED_EDGE('',*,*,#6432,.F.);
#6574 = ADVANCED_FACE('',(#6575),#4933,.T.);
#6575 = FACE_BOUND('',#6576,.T.);
#6576 = EDGE_LOOP('',(#6577,#6578,#6579,#6602));
#6577 = ORIENTED_EDGE('',*,*,#4917,.F.);
#6578 = ORIENTED_EDGE('',*,*,#6505,.T.);
#6579 = ORIENTED_EDGE('',*,*,#6580,.T.);
#6580 = EDGE_CURVE('',#6483,#6581,#6583,.T.);
#6581 = VERTEX_POINT('',#6582);
#6582 = CARTESIAN_POINT('',(61.2,43.124226783579,12.7));
#6583 = SURFACE_CURVE('',#6584,(#6588,#6595),.PCURVE_S1.);
#6584 = LINE('',#6585,#6586);
#6585 = CARTESIAN_POINT('',(41.513331021721,54.490330417644,12.7));
#6586 = VECTOR('',#6587,1.);
#6587 = DIRECTION('',(-0.866025403784,0.5,0.));
#6588 = PCURVE('',#4933,#6589);
#6589 = DEFINITIONAL_REPRESENTATION('',(#6590),#6594);
#6590 = LINE('',#6591,#6592);
#6591 = CARTESIAN_POINT('',(37.281434051696,-12.7));
#6592 = VECTOR('',#6593,1.);
#6593 = DIRECTION('',(1.,-0.));
#6594 = ( GEOMETRIC_REPRESENTATION_CONTEXT(2) 
PARAMETRIC_REPRESENTATION_CONTEXT() REPRESENTATION_CONTEXT('2D SPACE',''
  ) );
#6595 = PCURVE('',#5502,#6596);
#6596 = DEFINITIONAL_REPRESENTATION('',(#6597),#6601);
#6597 = LINE('',#6598,#6599);
#6598 = CARTESIAN_POINT('',(2.659669582356,41.513331021721));
#6599 = VECTOR('',#6600,1.);
#6600 = DIRECTION('',(-0.5,-0.866025403784));
#6601 = ( GEOMETRIC_REPRESENTATION_CONTEXT(2) 
PARAMETRIC_REPRESENTATION_CONTEXT() REPRESENTATION_CONTEXT('2D SPACE',''
  ) );
#6602 = ORIENTED_EDGE('',*,*,#6603,.F.);
#6603 = EDGE_CURVE('',#4890,#6581,#6604,.T.);
#6604 = SURFACE_CURVE('',#6605,(#6609,#6616),.PCURVE_S1.);
#6605 = LINE('',#6606,#6607);
#6606 = CARTESIAN_POINT('',(61.2,43.124226783579,0.));
#6607 = VECTOR('',#6608,1.);
#6608 = DIRECTION('',(0.,0.,1.));
#6609 = PCURVE('',#4933,#6610);
#6610 = DEFINITIONAL_REPRESENTATION('',(#6611),#6615);
#6611 = LINE('',#6612,#6613);
#6612 = CARTESIAN_POINT('',(14.549226783579,-0.));
#6613 = VECTOR('',#6614,1.);
#6614 = DIRECTION('',(0.,-1.));
#6615 = ( GEOMETRIC_REPRESENTATION_CONTEXT(2) 
PARAMETRIC_REPRESENTATION_CONTEXT() REPRESENTATION_CONTEXT('2D SPACE',''
  ) );
#6616 = PCURVE('',#4905,#6617);
#6617 = DEFINITIONAL_REPRESENTATION('',(#6618),#6622);
#6618 = LINE('',#6619,#6620);
#6619 = CARTESIAN_POINT('',(0.,0.));
#6620 = VECTOR('',#6621,1.);
#6621 = DIRECTION('',(0.,-1.));
#6622 = ( GEOMETRIC_REPRESENTATION_CONTEXT(2) 
PARAMETRIC_REPRESENTATION_CONTEXT() REPRESENTATION_CONTEXT('2D SPACE',''
  ) );
#6623 = ADVANCED_FACE('',(#6624),#4905,.T.);
#6624 = FACE_BOUND('',#6625,.T.);
#6625 = EDGE_LOOP('',(#6626,#6627,#6628,#6649));
#6626 = ORIENTED_EDGE('',*,*,#4889,.F.);
#6627 = ORIENTED_EDGE('',*,*,#6603,.T.);
#6628 = ORIENTED_EDGE('',*,*,#6629,.T.);
#6629 = EDGE_CURVE('',#6581,#6531,#6630,.T.);
#6630 = SURFACE_CURVE('',#6631,(#6635,#6642),.PCURVE_S1.);
#6631 = LINE('',#6632,#6633);
#6632 = CARTESIAN_POINT('',(41.286668978292,31.627259757728,12.7));
#6633 = VECTOR('',#6634,1.);
#6634 = DIRECTION('',(-0.866025403784,-0.5,0.));
#6635 = PCURVE('',#4905,#6636);
#6636 = DEFINITIONAL_REPRESENTATION('',(#6637),#6641);
#6637 = LINE('',#6638,#6639);
#6638 = CARTESIAN_POINT('',(22.993934051693,-12.7));
#6639 = VECTOR('',#6640,1.);
#6640 = DIRECTION('',(1.,0.));
#6641 = ( GEOMETRIC_REPRESENTATION_CONTEXT(2) 
PARAMETRIC_REPRESENTATION_CONTEXT() REPRESENTATION_CONTEXT('2D SPACE',''
  ) );
#6642 = PCURVE('',#5502,#6643);
#6643 = DEFINITIONAL_REPRESENTATION('',(#6644),#6648);
#6644 = LINE('',#6645,#6646);
#6645 = CARTESIAN_POINT('',(25.522740242272,41.286668978292));
#6646 = VECTOR('',#6647,1.);
#6647 = DIRECTION('',(0.5,-0.866025403784));
#6648 = ( GEOMETRIC_REPRESENTATION_CONTEXT(2) 
PARAMETRIC_REPRESENTATION_CONTEXT() REPRESENTATION_CONTEXT('2D SPACE',''
  ) );
#6649 = ORIENTED_EDGE('',*,*,#6530,.F.);
#6650 = ADVANCED_FACE('',(#6651),#4991,.T.);
#6651 = FACE_BOUND('',#6652,.T.);
#6652 = EDGE_LOOP('',(#6653,#6654,#6677,#6700));
#6653 = ORIENTED_EDGE('',*,*,#4973,.F.);
#6654 = ORIENTED_EDGE('',*,*,#6655,.T.);
#6655 = EDGE_CURVE('',#4974,#6656,#6658,.T.);
#6656 = VERTEX_POINT('',#6657);
#6657 = CARTESIAN_POINT('',(131.6,14.025773216421,12.7));
#6658 = SURFACE_CURVE('',#6659,(#6663,#6670),.PCURVE_S1.);
#6659 = LINE('',#6660,#6661);
#6660 = CARTESIAN_POINT('',(131.6,14.025773216421,0.));
#6661 = VECTOR('',#6662,1.);
#6662 = DIRECTION('',(0.,0.,1.));
#6663 = PCURVE('',#4991,#6664);
#6664 = DEFINITIONAL_REPRESENTATION('',(#6665),#6669);
#6665 = LINE('',#6666,#6667);
#6666 = CARTESIAN_POINT('',(0.,0.));
#6667 = VECTOR('',#6668,1.);
#6668 = DIRECTION('',(0.,-1.));
#6669 = ( GEOMETRIC_REPRESENTATION_CONTEXT(2) 
PARAMETRIC_REPRESENTATION_CONTEXT() REPRESENTATION_CONTEXT('2D SPACE',''
  ) );
#6670 = PCURVE('',#5019,#6671);
#6671 = DEFINITIONAL_REPRESENTATION('',(#6672),#6676);
#6672 = LINE('',#6673,#6674);
#6673 = CARTESIAN_POINT('',(14.549226783579,0.));
#6674 = VECTOR('',#6675,1.);
#6675 = DIRECTION('',(0.,-1.));
#6676 = ( GEOMETRIC_REPRESENTATION_CONTEXT(2) 
PARAMETRIC_REPRESENTATION_CONTEXT() REPRESENTATION_CONTEXT('2D SPACE',''
  ) );
#6677 = ORIENTED_EDGE('',*,*,#6678,.T.);
#6678 = EDGE_CURVE('',#6656,#6679,#6681,.T.);
#6679 = VERTEX_POINT('',#6680);
#6680 = CARTESIAN_POINT('',(144.2,21.300386608211,12.7));
#6681 = SURFACE_CURVE('',#6682,(#6686,#6693),.PCURVE_S1.);
#6682 = LINE('',#6683,#6684);
#6683 = CARTESIAN_POINT('',(91.5866689783,-9.075934220143,12.7));
#6684 = VECTOR('',#6685,1.);
#6685 = DIRECTION('',(0.866025403784,0.5,0.));
#6686 = PCURVE('',#4991,#6687);
#6687 = DEFINITIONAL_REPRESENTATION('',(#6688),#6692);
#6688 = LINE('',#6689,#6690);
#6689 = CARTESIAN_POINT('',(-46.20341487311,-12.7));
#6690 = VECTOR('',#6691,1.);
#6691 = DIRECTION('',(1.,0.));
#6692 = ( GEOMETRIC_REPRESENTATION_CONTEXT(2) 
PARAMETRIC_REPRESENTATION_CONTEXT() REPRESENTATION_CONTEXT('2D SPACE',''
  ) );
#6693 = PCURVE('',#5502,#6694);
#6694 = DEFINITIONAL_REPRESENTATION('',(#6695),#6699);
#6695 = LINE('',#6696,#6697);
#6696 = CARTESIAN_POINT('',(66.225934220143,91.5866689783));
#6697 = VECTOR('',#6698,1.);
#6698 = DIRECTION('',(-0.5,0.866025403784));
#6699 = ( GEOMETRIC_REPRESENTATION_CONTEXT(2) 
PARAMETRIC_REPRESENTATION_CONTEXT() REPRESENTATION_CONTEXT('2D SPACE',''
  ) );
#6700 = ORIENTED_EDGE('',*,*,#6701,.F.);
#6701 = EDGE_CURVE('',#4976,#6679,#6702,.T.);
#6702 = SURFACE_CURVE('',#6703,(#6707,#6714),.PCURVE_S1.);
#6703 = LINE('',#6704,#6705);
#6704 = CARTESIAN_POINT('',(144.2,21.300386608211,0.));
#6705 = VECTOR('',#6706,1.);
#6706 = DIRECTION('',(0.,0.,1.));
#6707 = PCURVE('',#4991,#6708);
#6708 = DEFINITIONAL_REPRESENTATION('',(#6709),#6713);
#6709 = LINE('',#6710,#6711);
#6710 = CARTESIAN_POINT('',(14.549226783579,0.));
#6711 = VECTOR('',#6712,1.);
#6712 = DIRECTION('',(0.,-1.));
#6713 = ( GEOMETRIC_REPRESENTATION_CONTEXT(2) 
PARAMETRIC_REPRESENTATION_CONTEXT() REPRESENTATION_CONTEXT('2D SPACE',''
  ) );
#6714 = PCURVE('',#5129,#6715);
#6715 = DEFINITIONAL_REPRESENTATION('',(#6716),#6720);
#6716 = LINE('',#6717,#6718);
#6717 = CARTESIAN_POINT('',(0.,0.));
#6718 = VECTOR('',#6719,1.);
#6719 = DIRECTION('',(0.,-1.));
#6720 = ( GEOMETRIC_REPRESENTATION_CONTEXT(2) 
PARAMETRIC_REPRESENTATION_CONTEXT() REPRESENTATION_CONTEXT('2D SPACE',''
  ) );
#6721 = ADVANCED_FACE('',(#6722),#5019,.T.);
#6722 = FACE_BOUND('',#6723,.T.);
#6723 = EDGE_LOOP('',(#6724,#6725,#6748,#6769));
#6724 = ORIENTED_EDGE('',*,*,#5003,.F.);
#6725 = ORIENTED_EDGE('',*,*,#6726,.T.);
#6726 = EDGE_CURVE('',#5004,#6727,#6729,.T.);
#6727 = VERTEX_POINT('',#6728);
#6728 = CARTESIAN_POINT('',(119.,21.300386608211,12.7));
#6729 = SURFACE_CURVE('',#6730,(#6734,#6741),.PCURVE_S1.);
#6730 = LINE('',#6731,#6732);
#6731 = CARTESIAN_POINT('',(119.,21.300386608211,0.));
#6732 = VECTOR('',#6733,1.);
#6733 = DIRECTION('',(0.,0.,1.));
#6734 = PCURVE('',#5019,#6735);
#6735 = DEFINITIONAL_REPRESENTATION('',(#6736),#6740);
#6736 = LINE('',#6737,#6738);
#6737 = CARTESIAN_POINT('',(0.,0.));
#6738 = VECTOR('',#6739,1.);
#6739 = DIRECTION('',(0.,-1.));
#6740 = ( GEOMETRIC_REPRESENTATION_CONTEXT(2) 
PARAMETRIC_REPRESENTATION_CONTEXT() REPRESENTATION_CONTEXT('2D SPACE',''
  ) );
#6741 = PCURVE('',#5047,#6742);
#6742 = DEFINITIONAL_REPRESENTATION('',(#6743),#6747);
#6743 = LINE('',#6744,#6745);
#6744 = CARTESIAN_POINT('',(14.549226783578,0.));
#6745 = VECTOR('',#6746,1.);
#6746 = DIRECTION('',(0.,-1.));
#6747 = ( GEOMETRIC_REPRESENTATION_CONTEXT(2) 
PARAMETRIC_REPRESENTATION_CONTEXT() REPRESENTATION_CONTEXT('2D SPACE',''
  ) );
#6748 = ORIENTED_EDGE('',*,*,#6749,.T.);
#6749 = EDGE_CURVE('',#6727,#6656,#6750,.T.);
#6750 = SURFACE_CURVE('',#6751,(#6755,#6762),.PCURVE_S1.);
#6751 = LINE('',#6752,#6753);
#6752 = CARTESIAN_POINT('',(66.613331021724,51.545844044782,12.7));
#6753 = VECTOR('',#6754,1.);
#6754 = DIRECTION('',(0.866025403784,-0.5,0.));
#6755 = PCURVE('',#5019,#6756);
#6756 = DEFINITIONAL_REPRESENTATION('',(#6757),#6761);
#6757 = LINE('',#6758,#6759);
#6758 = CARTESIAN_POINT('',(-60.49091487311,-12.7));
#6759 = VECTOR('',#6760,1.);
#6760 = DIRECTION('',(1.,0.));
#6761 = ( GEOMETRIC_REPRESENTATION_CONTEXT(2) 
PARAMETRIC_REPRESENTATION_CONTEXT() REPRESENTATION_CONTEXT('2D SPACE',''
  ) );
#6762 = PCURVE('',#5502,#6763);
#6763 = DEFINITIONAL_REPRESENTATION('',(#6764),#6768);
#6764 = LINE('',#6765,#6766);
#6765 = CARTESIAN_POINT('',(5.604155955218,66.613331021724));
#6766 = VECTOR('',#6767,1.);
#6767 = DIRECTION('',(0.5,0.866025403784));
#6768 = ( GEOMETRIC_REPRESENTATION_CONTEXT(2) 
PARAMETRIC_REPRESENTATION_CONTEXT() REPRESENTATION_CONTEXT('2D SPACE',''
  ) );
#6769 = ORIENTED_EDGE('',*,*,#6655,.F.);
#6770 = ADVANCED_FACE('',(#6771),#5129,.T.);
#6771 = FACE_BOUND('',#6772,.T.);
#6772 = EDGE_LOOP('',(#6773,#6774,#6775,#6798));
#6773 = ORIENTED_EDGE('',*,*,#5115,.F.);
#6774 = ORIENTED_EDGE('',*,*,#6701,.T.);
#6775 = ORIENTED_EDGE('',*,*,#6776,.T.);
#6776 = EDGE_CURVE('',#6679,#6777,#6779,.T.);
#6777 = VERTEX_POINT('',#6778);
#6778 = CARTESIAN_POINT('',(144.2,35.849613391789,12.7));
#6779 = SURFACE_CURVE('',#6780,(#6784,#6791),.PCURVE_S1.);
#6780 = LINE('',#6781,#6782);
#6781 = CARTESIAN_POINT('',(144.2,39.225193304105,12.7));
#6782 = VECTOR('',#6783,1.);
#6783 = DIRECTION('',(-1.110223024625E-16,1.,0.));
#6784 = PCURVE('',#5129,#6785);
#6785 = DEFINITIONAL_REPRESENTATION('',(#6786),#6790);
#6786 = LINE('',#6787,#6788);
#6787 = CARTESIAN_POINT('',(17.924806695894,-12.7));
#6788 = VECTOR('',#6789,1.);
#6789 = DIRECTION('',(1.,0.));
#6790 = ( GEOMETRIC_REPRESENTATION_CONTEXT(2) 
PARAMETRIC_REPRESENTATION_CONTEXT() REPRESENTATION_CONTEXT('2D SPACE',''
  ) );
#6791 = PCURVE('',#5502,#6792);
#6792 = DEFINITIONAL_REPRESENTATION('',(#6793),#6797);
#6793 = LINE('',#6794,#6795);
#6794 = CARTESIAN_POINT('',(17.924806695895,144.2));
#6795 = VECTOR('',#6796,1.);
#6796 = DIRECTION('',(-1.,0.));
#6797 = ( GEOMETRIC_REPRESENTATION_CONTEXT(2) 
PARAMETRIC_REPRESENTATION_CONTEXT() REPRESENTATION_CONTEXT('2D SPACE',''
  ) );
#6798 = ORIENTED_EDGE('',*,*,#6799,.F.);
#6799 = EDGE_CURVE('',#5088,#6777,#6800,.T.);
#6800 = SURFACE_CURVE('',#6801,(#6805,#6812),.PCURVE_S1.);
#6801 = LINE('',#6802,#6803);
#6802 = CARTESIAN_POINT('',(144.2,35.849613391789,0.));
#6803 = VECTOR('',#6804,1.);
#6804 = DIRECTION('',(0.,0.,1.));
#6805 = PCURVE('',#5129,#6806);
#6806 = DEFINITIONAL_REPRESENTATION('',(#6807),#6811);
#6807 = LINE('',#6808,#6809);
#6808 = CARTESIAN_POINT('',(14.549226783578,0.));
#6809 = VECTOR('',#6810,1.);
#6810 = DIRECTION('',(0.,-1.));
#6811 = ( GEOMETRIC_REPRESENTATION_CONTEXT(2) 
PARAMETRIC_REPRESENTATION_CONTEXT() REPRESENTATION_CONTEXT('2D SPACE',''
  ) );
#6812 = PCURVE('',#5103,#6813);
#6813 = DEFINITIONAL_REPRESENTATION('',(#6814),#6818);
#6814 = LINE('',#6815,#6816);
#6815 = CARTESIAN_POINT('',(0.,0.));
#6816 = VECTOR('',#6817,1.);
#6817 = DIRECTION('',(0.,-1.));
#6818 = ( GEOMETRIC_REPRESENTATION_CONTEXT(2) 
PARAMETRIC_REPRESENTATION_CONTEXT() REPRESENTATION_CONTEXT('2D SPACE',''
  ) );
#6819 = ADVANCED_FACE('',(#6820),#5047,.T.);
#6820 = FACE_BOUND('',#6821,.T.);
#6821 = EDGE_LOOP('',(#6822,#6823,#6846,#6867));
#6822 = ORIENTED_EDGE('',*,*,#5031,.F.);
#6823 = ORIENTED_EDGE('',*,*,#6824,.T.);
#6824 = EDGE_CURVE('',#5032,#6825,#6827,.T.);
#6825 = VERTEX_POINT('',#6826);
#6826 = CARTESIAN_POINT('',(119.,35.849613391789,12.7));
#6827 = SURFACE_CURVE('',#6828,(#6832,#6839),.PCURVE_S1.);
#6828 = LINE('',#6829,#6830);
#6829 = CARTESIAN_POINT('',(119.,35.849613391789,0.));
#6830 = VECTOR('',#6831,1.);
#6831 = DIRECTION('',(0.,0.,1.));
#6832 = PCURVE('',#5047,#6833);
#6833 = DEFINITIONAL_REPRESENTATION('',(#6834),#6838);
#6834 = LINE('',#6835,#6836);
#6835 = CARTESIAN_POINT('',(0.,0.));
#6836 = VECTOR('',#6837,1.);
#6837 = DIRECTION('',(0.,-1.));
#6838 = ( GEOMETRIC_REPRESENTATION_CONTEXT(2) 
PARAMETRIC_REPRESENTATION_CONTEXT() REPRESENTATION_CONTEXT('2D SPACE',''
  ) );
#6839 = PCURVE('',#5075,#6840);
#6840 = DEFINITIONAL_REPRESENTATION('',(#6841),#6845);
#6841 = LINE('',#6842,#6843);
#6842 = CARTESIAN_POINT('',(14.549226783579,0.));
#6843 = VECTOR('',#6844,1.);
#6844 = DIRECTION('',(0.,-1.));
#6845 = ( GEOMETRIC_REPRESENTATION_CONTEXT(2) 
PARAMETRIC_REPRESENTATION_CONTEXT() REPRESENTATION_CONTEXT('2D SPACE',''
  ) );
#6846 = ORIENTED_EDGE('',*,*,#6847,.T.);
#6847 = EDGE_CURVE('',#6825,#6727,#6848,.T.);
#6848 = SURFACE_CURVE('',#6849,(#6853,#6860),.PCURVE_S1.);
#6849 = LINE('',#6850,#6851);
#6850 = CARTESIAN_POINT('',(119.,46.499806695894,12.7));
#6851 = VECTOR('',#6852,1.);
#6852 = DIRECTION('',(1.110223024625E-16,-1.,0.));
#6853 = PCURVE('',#5047,#6854);
#6854 = DEFINITIONAL_REPRESENTATION('',(#6855),#6859);
#6855 = LINE('',#6856,#6857);
#6856 = CARTESIAN_POINT('',(-10.6501933041,-12.7));
#6857 = VECTOR('',#6858,1.);
#6858 = DIRECTION('',(1.,0.));
#6859 = ( GEOMETRIC_REPRESENTATION_CONTEXT(2) 
PARAMETRIC_REPRESENTATION_CONTEXT() REPRESENTATION_CONTEXT('2D SPACE',''
  ) );
#6860 = PCURVE('',#5502,#6861);
#6861 = DEFINITIONAL_REPRESENTATION('',(#6862),#6866);
#6862 = LINE('',#6863,#6864);
#6863 = CARTESIAN_POINT('',(10.650193304106,119.));
#6864 = VECTOR('',#6865,1.);
#6865 = DIRECTION('',(1.,0.));
#6866 = ( GEOMETRIC_REPRESENTATION_CONTEXT(2) 
PARAMETRIC_REPRESENTATION_CONTEXT() REPRESENTATION_CONTEXT('2D SPACE',''
  ) );
#6867 = ORIENTED_EDGE('',*,*,#6726,.F.);
#6868 = ADVANCED_FACE('',(#6869),#5103,.T.);
#6869 = FACE_BOUND('',#6870,.T.);
#6870 = EDGE_LOOP('',(#6871,#6872,#6873,#6896));
#6871 = ORIENTED_EDGE('',*,*,#5087,.F.);
#6872 = ORIENTED_EDGE('',*,*,#6799,.T.);
#6873 = ORIENTED_EDGE('',*,*,#6874,.T.);
#6874 = EDGE_CURVE('',#6777,#6875,#6877,.T.);
#6875 = VERTEX_POINT('',#6876);
#6876 = CARTESIAN_POINT('',(131.6,43.124226783579,12.7));
#6877 = SURFACE_CURVE('',#6878,(#6882,#6889),.PCURVE_S1.);
#6878 = LINE('',#6879,#6880);
#6879 = CARTESIAN_POINT('',(85.513331021727,69.73237752425,12.7));
#6880 = VECTOR('',#6881,1.);
#6881 = DIRECTION('',(-0.866025403784,0.5,0.));
#6882 = PCURVE('',#5103,#6883);
#6883 = DEFINITIONAL_REPRESENTATION('',(#6884),#6888);
#6884 = LINE('',#6885,#6886);
#6885 = CARTESIAN_POINT('',(67.765528264903,-12.7));
#6886 = VECTOR('',#6887,1.);
#6887 = DIRECTION('',(1.,-0.));
#6888 = ( GEOMETRIC_REPRESENTATION_CONTEXT(2) 
PARAMETRIC_REPRESENTATION_CONTEXT() REPRESENTATION_CONTEXT('2D SPACE',''
  ) );
#6889 = PCURVE('',#5502,#6890);
#6890 = DEFINITIONAL_REPRESENTATION('',(#6891),#6895);
#6891 = LINE('',#6892,#6893);
#6892 = CARTESIAN_POINT('',(-12.58237752425,85.513331021727));
#6893 = VECTOR('',#6894,1.);
#6894 = DIRECTION('',(-0.5,-0.866025403784));
#6895 = ( GEOMETRIC_REPRESENTATION_CONTEXT(2) 
PARAMETRIC_REPRESENTATION_CONTEXT() REPRESENTATION_CONTEXT('2D SPACE',''
  ) );
#6896 = ORIENTED_EDGE('',*,*,#6897,.F.);
#6897 = EDGE_CURVE('',#5060,#6875,#6898,.T.);
#6898 = SURFACE_CURVE('',#6899,(#6903,#6910),.PCURVE_S1.);
#6899 = LINE('',#6900,#6901);
#6900 = CARTESIAN_POINT('',(131.6,43.124226783579,0.));
#6901 = VECTOR('',#6902,1.);
#6902 = DIRECTION('',(0.,0.,1.));
#6903 = PCURVE('',#5103,#6904);
#6904 = DEFINITIONAL_REPRESENTATION('',(#6905),#6909);
#6905 = LINE('',#6906,#6907);
#6906 = CARTESIAN_POINT('',(14.549226783579,-0.));
#6907 = VECTOR('',#6908,1.);
#6908 = DIRECTION('',(0.,-1.));
#6909 = ( GEOMETRIC_REPRESENTATION_CONTEXT(2) 
PARAMETRIC_REPRESENTATION_CONTEXT() REPRESENTATION_CONTEXT('2D SPACE',''
  ) );
#6910 = PCURVE('',#5075,#6911);
#6911 = DEFINITIONAL_REPRESENTATION('',(#6912),#6916);
#6912 = LINE('',#6913,#6914);
#6913 = CARTESIAN_POINT('',(0.,0.));
#6914 = VECTOR('',#6915,1.);
#6915 = DIRECTION('',(0.,-1.));
#6916 = ( GEOMETRIC_REPRESENTATION_CONTEXT(2) 
PARAMETRIC_REPRESENTATION_CONTEXT() REPRESENTATION_CONTEXT('2D SPACE',''
  ) );
#6917 = ADVANCED_FACE('',(#6918),#5075,.T.);
#6918 = FACE_BOUND('',#6919,.T.);
#6919 = EDGE_LOOP('',(#6920,#6921,#6922,#6943));
#6920 = ORIENTED_EDGE('',*,*,#5059,.F.);
#6921 = ORIENTED_EDGE('',*,*,#6897,.T.);
#6922 = ORIENTED_EDGE('',*,*,#6923,.T.);
#6923 = EDGE_CURVE('',#6875,#6825,#6924,.T.);
#6924 = SURFACE_CURVE('',#6925,(#6929,#6936),.PCURVE_S1.);
#6925 = LINE('',#6926,#6927);
#6926 = CARTESIAN_POINT('',(85.286668978298,16.385212651118,12.7));
#6927 = VECTOR('',#6928,1.);
#6928 = DIRECTION('',(-0.866025403784,-0.5,0.));
#6929 = PCURVE('',#5075,#6930);
#6930 = DEFINITIONAL_REPRESENTATION('',(#6931),#6935);
#6931 = LINE('',#6932,#6933);
#6932 = CARTESIAN_POINT('',(53.478028264902,-12.7));
#6933 = VECTOR('',#6934,1.);
#6934 = DIRECTION('',(1.,0.));
#6935 = ( GEOMETRIC_REPRESENTATION_CONTEXT(2) 
PARAMETRIC_REPRESENTATION_CONTEXT() REPRESENTATION_CONTEXT('2D SPACE',''
  ) );
#6936 = PCURVE('',#5502,#6937);
#6937 = DEFINITIONAL_REPRESENTATION('',(#6938),#6942);
#6938 = LINE('',#6939,#6940);
#6939 = CARTESIAN_POINT('',(40.764787348882,85.286668978298));
#6940 = VECTOR('',#6941,1.);
#6941 = DIRECTION('',(0.5,-0.866025403784));
#6942 = ( GEOMETRIC_REPRESENTATION_CONTEXT(2) 
PARAMETRIC_REPRESENTATION_CONTEXT() REPRESENTATION_CONTEXT('2D SPACE',''
  ) );
#6943 = ORIENTED_EDGE('',*,*,#6824,.F.);
#6944 = ADVANCED_FACE('',(#6945),#5161,.T.);
#6945 = FACE_BOUND('',#6946,.T.);
#6946 = EDGE_LOOP('',(#6947,#6948,#6971,#6994));
#6947 = ORIENTED_EDGE('',*,*,#5143,.F.);
#6948 = ORIENTED_EDGE('',*,*,#6949,.T.);
#6949 = EDGE_CURVE('',#5144,#6950,#6952,.T.);
#6950 = VERTEX_POINT('',#6951);
#6951 = CARTESIAN_POINT('',(96.4,14.025773216421,12.7));
#6952 = SURFACE_CURVE('',#6953,(#6957,#6964),.PCURVE_S1.);
#6953 = LINE('',#6954,#6955);
#6954 = CARTESIAN_POINT('',(96.4,14.025773216421,0.));
#6955 = VECTOR('',#6956,1.);
#6956 = DIRECTION('',(0.,0.,1.));
#6957 = PCURVE('',#5161,#6958);
#6958 = DEFINITIONAL_REPRESENTATION('',(#6959),#6963);
#6959 = LINE('',#6960,#6961);
#6960 = CARTESIAN_POINT('',(0.,0.));
#6961 = VECTOR('',#6962,1.);
#6962 = DIRECTION('',(0.,-1.));
#6963 = ( GEOMETRIC_REPRESENTATION_CONTEXT(2) 
PARAMETRIC_REPRESENTATION_CONTEXT() REPRESENTATION_CONTEXT('2D SPACE',''
  ) );
#6964 = PCURVE('',#5189,#6965);
#6965 = DEFINITIONAL_REPRESENTATION('',(#6966),#6970);
#6966 = LINE('',#6967,#6968);
#6967 = CARTESIAN_POINT('',(14.549226783579,0.));
#6968 = VECTOR('',#6969,1.);
#6969 = DIRECTION('',(0.,-1.));
#6970 = ( GEOMETRIC_REPRESENTATION_CONTEXT(2) 
PARAMETRIC_REPRESENTATION_CONTEXT() REPRESENTATION_CONTEXT('2D SPACE',''
  ) );
#6971 = ORIENTED_EDGE('',*,*,#6972,.T.);
#6972 = EDGE_CURVE('',#6950,#6973,#6975,.T.);
#6973 = VERTEX_POINT('',#6974);
#6974 = CARTESIAN_POINT('',(109.,21.300386608211,12.7));
#6975 = SURFACE_CURVE('',#6976,(#6980,#6987),.PCURVE_S1.);
#6976 = LINE('',#6977,#6978);
#6977 = CARTESIAN_POINT('',(69.586668978297,-1.454910666838,12.7));
#6978 = VECTOR('',#6979,1.);
#6979 = DIRECTION('',(0.866025403784,0.5,0.));
#6980 = PCURVE('',#5161,#6981);
#6981 = DEFINITIONAL_REPRESENTATION('',(#6982),#6986);
#6982 = LINE('',#6983,#6984);
#6983 = CARTESIAN_POINT('',(-30.9613677665,-12.7));
#6984 = VECTOR('',#6985,1.);
#6985 = DIRECTION('',(1.,0.));
#6986 = ( GEOMETRIC_REPRESENTATION_CONTEXT(2) 
PARAMETRIC_REPRESENTATION_CONTEXT() REPRESENTATION_CONTEXT('2D SPACE',''
  ) );
#6987 = PCURVE('',#5502,#6988);
#6988 = DEFINITIONAL_REPRESENTATION('',(#6989),#6993);
#6989 = LINE('',#6990,#6991);
#6990 = CARTESIAN_POINT('',(58.604910666838,69.586668978297));
#6991 = VECTOR('',#6992,1.);
#6992 = DIRECTION('',(-0.5,0.866025403784));
#6993 = ( GEOMETRIC_REPRESENTATION_CONTEXT(2) 
PARAMETRIC_REPRESENTATION_CONTEXT() REPRESENTATION_CONTEXT('2D SPACE',''
  ) );
#6994 = ORIENTED_EDGE('',*,*,#6995,.F.);
#6995 = EDGE_CURVE('',#5146,#6973,#6996,.T.);
#6996 = SURFACE_CURVE('',#6997,(#7001,#7008),.PCURVE_S1.);
#6997 = LINE('',#6998,#6999);
#6998 = CARTESIAN_POINT('',(109.,21.300386608211,0.));
#6999 = VECTOR('',#7000,1.);
#7000 = DIRECTION('',(0.,0.,1.));
#7001 = PCURVE('',#5161,#7002);
#7002 = DEFINITIONAL_REPRESENTATION('',(#7003),#7007);
#7003 = LINE('',#7004,#7005);
#7004 = CARTESIAN_POINT('',(14.549226783579,0.));
#7005 = VECTOR('',#7006,1.);
#7006 = DIRECTION('',(0.,-1.));
#7007 = ( GEOMETRIC_REPRESENTATION_CONTEXT(2) 
PARAMETRIC_REPRESENTATION_CONTEXT() REPRESENTATION_CONTEXT('2D SPACE',''
  ) );
#7008 = PCURVE('',#5299,#7009);
#7009 = DEFINITIONAL_REPRESENTATION('',(#7010),#7014);
#7010 = LINE('',#7011,#7012);
#7011 = CARTESIAN_POINT('',(0.,0.));
#7012 = VECTOR('',#7013,1.);
#7013 = DIRECTION('',(0.,-1.));
#7014 = ( GEOMETRIC_REPRESENTATION_CONTEXT(2) 
PARAMETRIC_REPRESENTATION_CONTEXT() REPRESENTATION_CONTEXT('2D SPACE',''
  ) );
#7015 = ADVANCED_FACE('',(#7016),#5189,.T.);
#7016 = FACE_BOUND('',#7017,.T.);
#7017 = EDGE_LOOP('',(#7018,#7019,#7042,#7063));
#7018 = ORIENTED_EDGE('',*,*,#5173,.F.);
#7019 = ORIENTED_EDGE('',*,*,#7020,.T.);
#7020 = EDGE_CURVE('',#5174,#7021,#7023,.T.);
#7021 = VERTEX_POINT('',#7022);
#7022 = CARTESIAN_POINT('',(83.8,21.300386608211,12.7));
#7023 = SURFACE_CURVE('',#7024,(#7028,#7035),.PCURVE_S1.);
#7024 = LINE('',#7025,#7026);
#7025 = CARTESIAN_POINT('',(83.8,21.300386608211,0.));
#7026 = VECTOR('',#7027,1.);
#7027 = DIRECTION('',(0.,0.,1.));
#7028 = PCURVE('',#5189,#7029);
#7029 = DEFINITIONAL_REPRESENTATION('',(#7030),#7034);
#7030 = LINE('',#7031,#7032);
#7031 = CARTESIAN_POINT('',(0.,0.));
#7032 = VECTOR('',#7033,1.);
#7033 = DIRECTION('',(0.,-1.));
#7034 = ( GEOMETRIC_REPRESENTATION_CONTEXT(2) 
PARAMETRIC_REPRESENTATION_CONTEXT() REPRESENTATION_CONTEXT('2D SPACE',''
  ) );
#7035 = PCURVE('',#5217,#7036);
#7036 = DEFINITIONAL_REPRESENTATION('',(#7037),#7041);
#7037 = LINE('',#7038,#7039);
#7038 = CARTESIAN_POINT('',(14.549226783578,0.));
#7039 = VECTOR('',#7040,1.);
#7040 = DIRECTION('',(0.,-1.));
#7041 = ( GEOMETRIC_REPRESENTATION_CONTEXT(2) 
PARAMETRIC_REPRESENTATION_CONTEXT() REPRESENTATION_CONTEXT('2D SPACE',''
  ) );
#7042 = ORIENTED_EDGE('',*,*,#7043,.T.);
#7043 = EDGE_CURVE('',#7021,#6950,#7044,.T.);
#7044 = SURFACE_CURVE('',#7045,(#7049,#7056),.PCURVE_S1.);
#7045 = LINE('',#7046,#7047);
#7046 = CARTESIAN_POINT('',(44.613331021721,43.924820491477,12.7));
#7047 = VECTOR('',#7048,1.);
#7048 = DIRECTION('',(0.866025403784,-0.5,0.));
#7049 = PCURVE('',#5189,#7050);
#7050 = DEFINITIONAL_REPRESENTATION('',(#7051),#7055);
#7051 = LINE('',#7052,#7053);
#7052 = CARTESIAN_POINT('',(-45.24886776651,-12.7));
#7053 = VECTOR('',#7054,1.);
#7054 = DIRECTION('',(1.,0.));
#7055 = ( GEOMETRIC_REPRESENTATION_CONTEXT(2) 
PARAMETRIC_REPRESENTATION_CONTEXT() REPRESENTATION_CONTEXT('2D SPACE',''
  ) );
#7056 = PCURVE('',#5502,#7057);
#7057 = DEFINITIONAL_REPRESENTATION('',(#7058),#7062);
#7058 = LINE('',#7059,#7060);
#7059 = CARTESIAN_POINT('',(13.225179508523,44.613331021721));
#7060 = VECTOR('',#7061,1.);
#7061 = DIRECTION('',(0.5,0.866025403784));
#7062 = ( GEOMETRIC_REPRESENTATION_CONTEXT(2) 
PARAMETRIC_REPRESENTATION_CONTEXT() REPRESENTATION_CONTEXT('2D SPACE',''
  ) );
#7063 = ORIENTED_EDGE('',*,*,#6949,.F.);
#7064 = ADVANCED_FACE('',(#7065),#5299,.T.);
#7065 = FACE_BOUND('',#7066,.T.);
#7066 = EDGE_LOOP('',(#7067,#7068,#7069,#7092));
#7067 = ORIENTED_EDGE('',*,*,#5285,.F.);
#7068 = ORIENTED_EDGE('',*,*,#6995,.T.);
#7069 = ORIENTED_EDGE('',*,*,#7070,.T.);
#7070 = EDGE_CURVE('',#6973,#7071,#7073,.T.);
#7071 = VERTEX_POINT('',#7072);
#7072 = CARTESIAN_POINT('',(109.,35.849613391789,12.7));
#7073 = SURFACE_CURVE('',#7074,(#7078,#7085),.PCURVE_S1.);
#7074 = LINE('',#7075,#7076);
#7075 = CARTESIAN_POINT('',(109.,39.225193304105,12.7));
#7076 = VECTOR('',#7077,1.);
#7077 = DIRECTION('',(-1.110223024625E-16,1.,0.));
#7078 = PCURVE('',#5299,#7079);
#7079 = DEFINITIONAL_REPRESENTATION('',(#7080),#7084);
#7080 = LINE('',#7081,#7082);
#7081 = CARTESIAN_POINT('',(17.924806695894,-12.7));
#7082 = VECTOR('',#7083,1.);
#7083 = DIRECTION('',(1.,0.));
#7084 = ( GEOMETRIC_REPRESENTATION_CONTEXT(2) 
PARAMETRIC_REPRESENTATION_CONTEXT() REPRESENTATION_CONTEXT('2D SPACE',''
  ) );
#7085 = PCURVE('',#5502,#7086);
#7086 = DEFINITIONAL_REPRESENTATION('',(#7087),#7091);
#7087 = LINE('',#7088,#7089);
#7088 = CARTESIAN_POINT('',(17.924806695895,109.));
#7089 = VECTOR('',#7090,1.);
#7090 = DIRECTION('',(-1.,0.));
#7091 = ( GEOMETRIC_REPRESENTATION_CONTEXT(2) 
PARAMETRIC_REPRESENTATION_CONTEXT() REPRESENTATION_CONTEXT('2D SPACE',''
  ) );
#7092 = ORIENTED_EDGE('',*,*,#7093,.F.);
#7093 = EDGE_CURVE('',#5258,#7071,#7094,.T.);
#7094 = SURFACE_CURVE('',#7095,(#7099,#7106),.PCURVE_S1.);
#7095 = LINE('',#7096,#7097);
#7096 = CARTESIAN_POINT('',(109.,35.849613391789,0.));
#7097 = VECTOR('',#7098,1.);
#7098 = DIRECTION('',(0.,0.,1.));
#7099 = PCURVE('',#5299,#7100);
#7100 = DEFINITIONAL_REPRESENTATION('',(#7101),#7105);
#7101 = LINE('',#7102,#7103);
#7102 = CARTESIAN_POINT('',(14.549226783578,0.));
#7103 = VECTOR('',#7104,1.);
#7104 = DIRECTION('',(0.,-1.));
#7105 = ( GEOMETRIC_REPRESENTATION_CONTEXT(2) 
PARAMETRIC_REPRESENTATION_CONTEXT() REPRESENTATION_CONTEXT('2D SPACE',''
  ) );
#7106 = PCURVE('',#5273,#7107);
#7107 = DEFINITIONAL_REPRESENTATION('',(#7108),#7112);
#7108 = LINE('',#7109,#7110);
#7109 = CARTESIAN_POINT('',(0.,0.));
#7110 = VECTOR('',#7111,1.);
#7111 = DIRECTION('',(0.,-1.));
#7112 = ( GEOMETRIC_REPRESENTATION_CONTEXT(2) 
PARAMETRIC_REPRESENTATION_CONTEXT() REPRESENTATION_CONTEXT('2D SPACE',''
  ) );
#7113 = ADVANCED_FACE('',(#7114),#5217,.T.);
#7114 = FACE_BOUND('',#7115,.T.);
#7115 = EDGE_LOOP('',(#7116,#7117,#7140,#7161));
#7116 = ORIENTED_EDGE('',*,*,#5201,.F.);
#7117 = ORIENTED_EDGE('',*,*,#7118,.T.);
#7118 = EDGE_CURVE('',#5202,#7119,#7121,.T.);
#7119 = VERTEX_POINT('',#7120);
#7120 = CARTESIAN_POINT('',(83.8,35.849613391789,12.7));
#7121 = SURFACE_CURVE('',#7122,(#7126,#7133),.PCURVE_S1.);
#7122 = LINE('',#7123,#7124);
#7123 = CARTESIAN_POINT('',(83.8,35.849613391789,0.));
#7124 = VECTOR('',#7125,1.);
#7125 = DIRECTION('',(0.,0.,1.));
#7126 = PCURVE('',#5217,#7127);
#7127 = DEFINITIONAL_REPRESENTATION('',(#7128),#7132);
#7128 = LINE('',#7129,#7130);
#7129 = CARTESIAN_POINT('',(0.,0.));
#7130 = VECTOR('',#7131,1.);
#7131 = DIRECTION('',(0.,-1.));
#7132 = ( GEOMETRIC_REPRESENTATION_CONTEXT(2) 
PARAMETRIC_REPRESENTATION_CONTEXT() REPRESENTATION_CONTEXT('2D SPACE',''
  ) );
#7133 = PCURVE('',#5245,#7134);
#7134 = DEFINITIONAL_REPRESENTATION('',(#7135),#7139);
#7135 = LINE('',#7136,#7137);
#7136 = CARTESIAN_POINT('',(14.549226783579,0.));
#7137 = VECTOR('',#7138,1.);
#7138 = DIRECTION('',(0.,-1.));
#7139 = ( GEOMETRIC_REPRESENTATION_CONTEXT(2) 
PARAMETRIC_REPRESENTATION_CONTEXT() REPRESENTATION_CONTEXT('2D SPACE',''
  ) );
#7140 = ORIENTED_EDGE('',*,*,#7141,.T.);
#7141 = EDGE_CURVE('',#7119,#7021,#7142,.T.);
#7142 = SURFACE_CURVE('',#7143,(#7147,#7154),.PCURVE_S1.);
#7143 = LINE('',#7144,#7145);
#7144 = CARTESIAN_POINT('',(83.8,46.499806695894,12.7));
#7145 = VECTOR('',#7146,1.);
#7146 = DIRECTION('',(1.110223024625E-16,-1.,0.));
#7147 = PCURVE('',#5217,#7148);
#7148 = DEFINITIONAL_REPRESENTATION('',(#7149),#7153);
#7149 = LINE('',#7150,#7151);
#7150 = CARTESIAN_POINT('',(-10.6501933041,-12.7));
#7151 = VECTOR('',#7152,1.);
#7152 = DIRECTION('',(1.,0.));
#7153 = ( GEOMETRIC_REPRESENTATION_CONTEXT(2) 
PARAMETRIC_REPRESENTATION_CONTEXT() REPRESENTATION_CONTEXT('2D SPACE',''
  ) );
#7154 = PCURVE('',#5502,#7155);
#7155 = DEFINITIONAL_REPRESENTATION('',(#7156),#7160);
#7156 = LINE('',#7157,#7158);
#7157 = CARTESIAN_POINT('',(10.650193304106,83.8));
#7158 = VECTOR('',#7159,1.);
#7159 = DIRECTION('',(1.,0.));
#7160 = ( GEOMETRIC_REPRESENTATION_CONTEXT(2) 
PARAMETRIC_REPRESENTATION_CONTEXT() REPRESENTATION_CONTEXT('2D SPACE',''
  ) );
#7161 = ORIENTED_EDGE('',*,*,#7020,.F.);
#7162 = ADVANCED_FACE('',(#7163),#5273,.T.);
#7163 = FACE_BOUND('',#7164,.T.);
#7164 = EDGE_LOOP('',(#7165,#7166,#7167,#7190));
#7165 = ORIENTED_EDGE('',*,*,#5257,.F.);
#7166 = ORIENTED_EDGE('',*,*,#7093,.T.);
#7167 = ORIENTED_EDGE('',*,*,#7168,.T.);
#7168 = EDGE_CURVE('',#7071,#7169,#7171,.T.);
#7169 = VERTEX_POINT('',#7170);
#7170 = CARTESIAN_POINT('',(96.4,43.124226783579,12.7));
#7171 = SURFACE_CURVE('',#7172,(#7176,#7183),.PCURVE_S1.);
#7172 = LINE('',#7173,#7174);
#7173 = CARTESIAN_POINT('',(63.513331021724,62.111353970949,12.7));
#7174 = VECTOR('',#7175,1.);
#7175 = DIRECTION('',(-0.866025403784,0.5,0.));
#7176 = PCURVE('',#5273,#7177);
#7177 = DEFINITIONAL_REPRESENTATION('',(#7178),#7182);
#7178 = LINE('',#7179,#7180);
#7179 = CARTESIAN_POINT('',(52.523481158301,-12.7));
#7180 = VECTOR('',#7181,1.);
#7181 = DIRECTION('',(1.,-0.));
#7182 = ( GEOMETRIC_REPRESENTATION_CONTEXT(2) 
PARAMETRIC_REPRESENTATION_CONTEXT() REPRESENTATION_CONTEXT('2D SPACE',''
  ) );
#7183 = PCURVE('',#5502,#7184);
#7184 = DEFINITIONAL_REPRESENTATION('',(#7185),#7189);
#7185 = LINE('',#7186,#7187);
#7186 = CARTESIAN_POINT('',(-4.961353970949,63.513331021724));
#7187 = VECTOR('',#7188,1.);
#7188 = DIRECTION('',(-0.5,-0.866025403784));
#7189 = ( GEOMETRIC_REPRESENTATION_CONTEXT(2) 
PARAMETRIC_REPRESENTATION_CONTEXT() REPRESENTATION_CONTEXT('2D SPACE',''
  ) );
#7190 = ORIENTED_EDGE('',*,*,#7191,.F.);
#7191 = EDGE_CURVE('',#5230,#7169,#7192,.T.);
#7192 = SURFACE_CURVE('',#7193,(#7197,#7204),.PCURVE_S1.);
#7193 = LINE('',#7194,#7195);
#7194 = CARTESIAN_POINT('',(96.4,43.124226783579,0.));
#7195 = VECTOR('',#7196,1.);
#7196 = DIRECTION('',(0.,0.,1.));
#7197 = PCURVE('',#5273,#7198);
#7198 = DEFINITIONAL_REPRESENTATION('',(#7199),#7203);
#7199 = LINE('',#7200,#7201);
#7200 = CARTESIAN_POINT('',(14.549226783579,-0.));
#7201 = VECTOR('',#7202,1.);
#7202 = DIRECTION('',(0.,-1.));
#7203 = ( GEOMETRIC_REPRESENTATION_CONTEXT(2) 
PARAMETRIC_REPRESENTATION_CONTEXT() REPRESENTATION_CONTEXT('2D SPACE',''
  ) );
#7204 = PCURVE('',#5245,#7205);
#7205 = DEFINITIONAL_REPRESENTATION('',(#7206),#7210);
#7206 = LINE('',#7207,#7208);
#7207 = CARTESIAN_POINT('',(0.,0.));
#7208 = VECTOR('',#7209,1.);
#7209 = DIRECTION('',(0.,-1.));
#7210 = ( GEOMETRIC_REPRESENTATION_CONTEXT(2) 
PARAMETRIC_REPRESENTATION_CONTEXT() REPRESENTATION_CONTEXT('2D SPACE',''
  ) );
#7211 = ADVANCED_FACE('',(#7212),#5245,.T.);
#7212 = FACE_BOUND('',#7213,.T.);
#7213 = EDGE_LOOP('',(#7214,#7215,#7216,#7237));
#7214 = ORIENTED_EDGE('',*,*,#5229,.F.);
#7215 = ORIENTED_EDGE('',*,*,#7191,.T.);
#7216 = ORIENTED_EDGE('',*,*,#7217,.T.);
#7217 = EDGE_CURVE('',#7169,#7119,#7218,.T.);
#7218 = SURFACE_CURVE('',#7219,(#7223,#7230),.PCURVE_S1.);
#7219 = LINE('',#7220,#7221);
#7220 = CARTESIAN_POINT('',(63.286668978295,24.006236204423,12.7));
#7221 = VECTOR('',#7222,1.);
#7222 = DIRECTION('',(-0.866025403784,-0.5,0.));
#7223 = PCURVE('',#5245,#7224);
#7224 = DEFINITIONAL_REPRESENTATION('',(#7225),#7229);
#7225 = LINE('',#7226,#7227);
#7226 = CARTESIAN_POINT('',(38.235981158298,-12.7));
#7227 = VECTOR('',#7228,1.);
#7228 = DIRECTION('',(1.,0.));
#7229 = ( GEOMETRIC_REPRESENTATION_CONTEXT(2) 
PARAMETRIC_REPRESENTATION_CONTEXT() REPRESENTATION_CONTEXT('2D SPACE',''
  ) );
#7230 = PCURVE('',#5502,#7231);
#7231 = DEFINITIONAL_REPRESENTATION('',(#7232),#7236);
#7232 = LINE('',#7233,#7234);
#7233 = CARTESIAN_POINT('',(33.143763795577,63.286668978295));
#7234 = VECTOR('',#7235,1.);
#7235 = DIRECTION('',(0.5,-0.866025403784));
#7236 = ( GEOMETRIC_REPRESENTATION_CONTEXT(2) 
PARAMETRIC_REPRESENTATION_CONTEXT() REPRESENTATION_CONTEXT('2D SPACE',''
  ) );
#7237 = ORIENTED_EDGE('',*,*,#7118,.F.);
#7238 = ADVANCED_FACE('',(#7239),#5331,.T.);
#7239 = FACE_BOUND('',#7240,.T.);
#7240 = EDGE_LOOP('',(#7241,#7242,#7265,#7288));
#7241 = ORIENTED_EDGE('',*,*,#5313,.F.);
#7242 = ORIENTED_EDGE('',*,*,#7243,.T.);
#7243 = EDGE_CURVE('',#5314,#7244,#7246,.T.);
#7244 = VERTEX_POINT('',#7245);
#7245 = CARTESIAN_POINT('',(166.8,14.025773216421,12.7));
#7246 = SURFACE_CURVE('',#7247,(#7251,#7258),.PCURVE_S1.);
#7247 = LINE('',#7248,#7249);
#7248 = CARTESIAN_POINT('',(166.8,14.025773216421,0.));
#7249 = VECTOR('',#7250,1.);
#7250 = DIRECTION('',(0.,0.,1.));
#7251 = PCURVE('',#5331,#7252);
#7252 = DEFINITIONAL_REPRESENTATION('',(#7253),#7257);
#7253 = LINE('',#7254,#7255);
#7254 = CARTESIAN_POINT('',(0.,0.));
#7255 = VECTOR('',#7256,1.);
#7256 = DIRECTION('',(0.,-1.));
#7257 = ( GEOMETRIC_REPRESENTATION_CONTEXT(2) 
PARAMETRIC_REPRESENTATION_CONTEXT() REPRESENTATION_CONTEXT('2D SPACE',''
  ) );
#7258 = PCURVE('',#5359,#7259);
#7259 = DEFINITIONAL_REPRESENTATION('',(#7260),#7264);
#7260 = LINE('',#7261,#7262);
#7261 = CARTESIAN_POINT('',(14.549226783579,0.));
#7262 = VECTOR('',#7263,1.);
#7263 = DIRECTION('',(0.,-1.));
#7264 = ( GEOMETRIC_REPRESENTATION_CONTEXT(2) 
PARAMETRIC_REPRESENTATION_CONTEXT() REPRESENTATION_CONTEXT('2D SPACE',''
  ) );
#7265 = ORIENTED_EDGE('',*,*,#7266,.T.);
#7266 = EDGE_CURVE('',#7244,#7267,#7269,.T.);
#7267 = VERTEX_POINT('',#7268);
#7268 = CARTESIAN_POINT('',(179.4,21.300386608211,12.7));
#7269 = SURFACE_CURVE('',#7270,(#7274,#7281),.PCURVE_S1.);
#7270 = LINE('',#7271,#7272);
#7271 = CARTESIAN_POINT('',(113.5866689783,-16.69695777344,12.7));
#7272 = VECTOR('',#7273,1.);
#7273 = DIRECTION('',(0.866025403784,0.5,0.));
#7274 = PCURVE('',#5331,#7275);
#7275 = DEFINITIONAL_REPRESENTATION('',(#7276),#7280);
#7276 = LINE('',#7277,#7278);
#7277 = CARTESIAN_POINT('',(-61.44546197971,-12.7));
#7278 = VECTOR('',#7279,1.);
#7279 = DIRECTION('',(1.,0.));
#7280 = ( GEOMETRIC_REPRESENTATION_CONTEXT(2) 
PARAMETRIC_REPRESENTATION_CONTEXT() REPRESENTATION_CONTEXT('2D SPACE',''
  ) );
#7281 = PCURVE('',#5502,#7282);
#7282 = DEFINITIONAL_REPRESENTATION('',(#7283),#7287);
#7283 = LINE('',#7284,#7285);
#7284 = CARTESIAN_POINT('',(73.846957773448,113.5866689783));
#7285 = VECTOR('',#7286,1.);
#7286 = DIRECTION('',(-0.5,0.866025403784));
#7287 = ( GEOMETRIC_REPRESENTATION_CONTEXT(2) 
PARAMETRIC_REPRESENTATION_CONTEXT() REPRESENTATION_CONTEXT('2D SPACE',''
  ) );
#7288 = ORIENTED_EDGE('',*,*,#7289,.F.);
#7289 = EDGE_CURVE('',#5316,#7267,#7290,.T.);
#7290 = SURFACE_CURVE('',#7291,(#7295,#7302),.PCURVE_S1.);
#7291 = LINE('',#7292,#7293);
#7292 = CARTESIAN_POINT('',(179.4,21.300386608211,0.));
#7293 = VECTOR('',#7294,1.);
#7294 = DIRECTION('',(0.,0.,1.));
#7295 = PCURVE('',#5331,#7296);
#7296 = DEFINITIONAL_REPRESENTATION('',(#7297),#7301);
#7297 = LINE('',#7298,#7299);
#7298 = CARTESIAN_POINT('',(14.549226783579,0.));
#7299 = VECTOR('',#7300,1.);
#7300 = DIRECTION('',(0.,-1.));
#7301 = ( GEOMETRIC_REPRESENTATION_CONTEXT(2) 
PARAMETRIC_REPRESENTATION_CONTEXT() REPRESENTATION_CONTEXT('2D SPACE',''
  ) );
#7302 = PCURVE('',#5469,#7303);
#7303 = DEFINITIONAL_REPRESENTATION('',(#7304),#7308);
#7304 = LINE('',#7305,#7306);
#7305 = CARTESIAN_POINT('',(0.,0.));
#7306 = VECTOR('',#7307,1.);
#7307 = DIRECTION('',(0.,-1.));
#7308 = ( GEOMETRIC_REPRESENTATION_CONTEXT(2) 
PARAMETRIC_REPRESENTATION_CONTEXT() REPRESENTATION_CONTEXT('2D SPACE',''
  ) );
#7309 = ADVANCED_FACE('',(#7310),#5359,.T.);
#7310 = FACE_BOUND('',#7311,.T.);
#7311 = EDGE_LOOP('',(#7312,#7313,#7336,#7357));
#7312 = ORIENTED_EDGE('',*,*,#5343,.F.);
#7313 = ORIENTED_EDGE('',*,*,#7314,.T.);
#7314 = EDGE_CURVE('',#5344,#7315,#7317,.T.);
#7315 = VERTEX_POINT('',#7316);
#7316 = CARTESIAN_POINT('',(154.2,21.300386608211,12.7));
#7317 = SURFACE_CURVE('',#7318,(#7322,#7329),.PCURVE_S1.);
#7318 = LINE('',#7319,#7320);
#7319 = CARTESIAN_POINT('',(154.2,21.300386608211,0.));
#7320 = VECTOR('',#7321,1.);
#7321 = DIRECTION('',(0.,0.,1.));
#7322 = PCURVE('',#5359,#7323);
#7323 = DEFINITIONAL_REPRESENTATION('',(#7324),#7328);
#7324 = LINE('',#7325,#7326);
#7325 = CARTESIAN_POINT('',(0.,0.));
#7326 = VECTOR('',#7327,1.);
#7327 = DIRECTION('',(0.,-1.));
#7328 = ( GEOMETRIC_REPRESENTATION_CONTEXT(2) 
PARAMETRIC_REPRESENTATION_CONTEXT() REPRESENTATION_CONTEXT('2D SPACE',''
  ) );
#7329 = PCURVE('',#5387,#7330);
#7330 = DEFINITIONAL_REPRESENTATION('',(#7331),#7335);
#7331 = LINE('',#7332,#7333);
#7332 = CARTESIAN_POINT('',(14.549226783578,0.));
#7333 = VECTOR('',#7334,1.);
#7334 = DIRECTION('',(0.,-1.));
#7335 = ( GEOMETRIC_REPRESENTATION_CONTEXT(2) 
PARAMETRIC_REPRESENTATION_CONTEXT() REPRESENTATION_CONTEXT('2D SPACE',''
  ) );
#7336 = ORIENTED_EDGE('',*,*,#7337,.T.);
#7337 = EDGE_CURVE('',#7315,#7244,#7338,.T.);
#7338 = SURFACE_CURVE('',#7339,(#7343,#7350),.PCURVE_S1.);
#7339 = LINE('',#7340,#7341);
#7340 = CARTESIAN_POINT('',(88.613331021728,59.166867598087,12.7));
#7341 = VECTOR('',#7342,1.);
#7342 = DIRECTION('',(0.866025403784,-0.5,0.));
#7343 = PCURVE('',#5359,#7344);
#7344 = DEFINITIONAL_REPRESENTATION('',(#7345),#7349);
#7345 = LINE('',#7346,#7347);
#7346 = CARTESIAN_POINT('',(-75.73296197972,-12.7));
#7347 = VECTOR('',#7348,1.);
#7348 = DIRECTION('',(1.,0.));
#7349 = ( GEOMETRIC_REPRESENTATION_CONTEXT(2) 
PARAMETRIC_REPRESENTATION_CONTEXT() REPRESENTATION_CONTEXT('2D SPACE',''
  ) );
#7350 = PCURVE('',#5502,#7351);
#7351 = DEFINITIONAL_REPRESENTATION('',(#7352),#7356);
#7352 = LINE('',#7353,#7354);
#7353 = CARTESIAN_POINT('',(-2.016867598087,88.613331021728));
#7354 = VECTOR('',#7355,1.);
#7355 = DIRECTION('',(0.5,0.866025403784));
#7356 = ( GEOMETRIC_REPRESENTATION_CONTEXT(2) 
PARAMETRIC_REPRESENTATION_CONTEXT() REPRESENTATION_CONTEXT('2D SPACE',''
  ) );
#7357 = ORIENTED_EDGE('',*,*,#7243,.F.);
#7358 = ADVANCED_FACE('',(#7359),#5469,.T.);
#7359 = FACE_BOUND('',#7360,.T.);
#7360 = EDGE_LOOP('',(#7361,#7362,#7363,#7386));
#7361 = ORIENTED_EDGE('',*,*,#5455,.F.);
#7362 = ORIENTED_EDGE('',*,*,#7289,.T.);
#7363 = ORIENTED_EDGE('',*,*,#7364,.T.);
#7364 = EDGE_CURVE('',#7267,#7365,#7367,.T.);
#7365 = VERTEX_POINT('',#7366);
#7366 = CARTESIAN_POINT('',(179.4,35.849613391789,12.7));
#7367 = SURFACE_CURVE('',#7368,(#7372,#7379),.PCURVE_S1.);
#7368 = LINE('',#7369,#7370);
#7369 = CARTESIAN_POINT('',(179.4,39.225193304105,12.7));
#7370 = VECTOR('',#7371,1.);
#7371 = DIRECTION('',(-1.110223024625E-16,1.,0.));
#7372 = PCURVE('',#5469,#7373);
#7373 = DEFINITIONAL_REPRESENTATION('',(#7374),#7378);
#7374 = LINE('',#7375,#7376);
#7375 = CARTESIAN_POINT('',(17.924806695894,-12.7));
#7376 = VECTOR('',#7377,1.);
#7377 = DIRECTION('',(1.,0.));
#7378 = ( GEOMETRIC_REPRESENTATION_CONTEXT(2) 
PARAMETRIC_REPRESENTATION_CONTEXT() REPRESENTATION_CONTEXT('2D SPACE',''
  ) );
#7379 = PCURVE('',#5502,#7380);
#7380 = DEFINITIONAL_REPRESENTATION('',(#7381),#7385);
#7381 = LINE('',#7382,#7383);
#7382 = CARTESIAN_POINT('',(17.924806695895,179.4));
#7383 = VECTOR('',#7384,1.);
#7384 = DIRECTION('',(-1.,0.));
#7385 = ( GEOMETRIC_REPRESENTATION_CONTEXT(2) 
PARAMETRIC_REPRESENTATION_CONTEXT() REPRESENTATION_CONTEXT('2D SPACE',''
  ) );
#7386 = ORIENTED_EDGE('',*,*,#7387,.F.);
#7387 = EDGE_CURVE('',#5428,#7365,#7388,.T.);
#7388 = SURFACE_CURVE('',#7389,(#7393,#7400),.PCURVE_S1.);
#7389 = LINE('',#7390,#7391);
#7390 = CARTESIAN_POINT('',(179.4,35.849613391789,0.));
#7391 = VECTOR('',#7392,1.);
#7392 = DIRECTION('',(0.,0.,1.));
#7393 = PCURVE('',#5469,#7394);
#7394 = DEFINITIONAL_REPRESENTATION('',(#7395),#7399);
#7395 = LINE('',#7396,#7397);
#7396 = CARTESIAN_POINT('',(14.549226783578,0.));
#7397 = VECTOR('',#7398,1.);
#7398 = DIRECTION('',(0.,-1.));
#7399 = ( GEOMETRIC_REPRESENTATION_CONTEXT(2) 
PARAMETRIC_REPRESENTATION_CONTEXT() REPRESENTATION_CONTEXT('2D SPACE',''
  ) );
#7400 = PCURVE('',#5443,#7401);
#7401 = DEFINITIONAL_REPRESENTATION('',(#7402),#7406);
#7402 = LINE('',#7403,#7404);
#7403 = CARTESIAN_POINT('',(0.,0.));
#7404 = VECTOR('',#7405,1.);
#7405 = DIRECTION('',(0.,-1.));
#7406 = ( GEOMETRIC_REPRESENTATION_CONTEXT(2) 
PARAMETRIC_REPRESENTATION_CONTEXT() REPRESENTATION_CONTEXT('2D SPACE',''
  ) );
#7407 = ADVANCED_FACE('',(#7408),#5387,.T.);
#7408 = FACE_BOUND('',#7409,.T.);
#7409 = EDGE_LOOP('',(#7410,#7411,#7434,#7455));
#7410 = ORIENTED_EDGE('',*,*,#5371,.F.);
#7411 = ORIENTED_EDGE('',*,*,#7412,.T.);
#7412 = EDGE_CURVE('',#5372,#7413,#7415,.T.);
#7413 = VERTEX_POINT('',#7414);
#7414 = CARTESIAN_POINT('',(154.2,35.849613391789,12.7));
#7415 = SURFACE_CURVE('',#7416,(#7420,#7427),.PCURVE_S1.);
#7416 = LINE('',#7417,#7418);
#7417 = CARTESIAN_POINT('',(154.2,35.849613391789,0.));
#7418 = VECTOR('',#7419,1.);
#7419 = DIRECTION('',(0.,0.,1.));
#7420 = PCURVE('',#5387,#7421);
#7421 = DEFINITIONAL_REPRESENTATION('',(#7422),#7426);
#7422 = LINE('',#7423,#7424);
#7423 = CARTESIAN_POINT('',(0.,0.));
#7424 = VECTOR('',#7425,1.);
#7425 = DIRECTION('',(0.,-1.));
#7426 = ( GEOMETRIC_REPRESENTATION_CONTEXT(2) 
PARAMETRIC_REPRESENTATION_CONTEXT() REPRESENTATION_CONTEXT('2D SPACE',''
  ) );
#7427 = PCURVE('',#5415,#7428);
#7428 = DEFINITIONAL_REPRESENTATION('',(#7429),#7433);
#7429 = LINE('',#7430,#7431);
#7430 = CARTESIAN_POINT('',(14.549226783579,0.));
#7431 = VECTOR('',#7432,1.);
#7432 = DIRECTION('',(0.,-1.));
#7433 = ( GEOMETRIC_REPRESENTATION_CONTEXT(2) 
PARAMETRIC_REPRESENTATION_CONTEXT() REPRESENTATION_CONTEXT('2D SPACE',''
  ) );
#7434 = ORIENTED_EDGE('',*,*,#7435,.T.);
#7435 = EDGE_CURVE('',#7413,#7315,#7436,.T.);
#7436 = SURFACE_CURVE('',#7437,(#7441,#7448),.PCURVE_S1.);
#7437 = LINE('',#7438,#7439);
#7438 = CARTESIAN_POINT('',(154.2,46.499806695894,12.7));
#7439 = VECTOR('',#7440,1.);
#7440 = DIRECTION('',(1.110223024625E-16,-1.,0.));
#7441 = PCURVE('',#5387,#7442);
#7442 = DEFINITIONAL_REPRESENTATION('',(#7443),#7447);
#7443 = LINE('',#7444,#7445);
#7444 = CARTESIAN_POINT('',(-10.6501933041,-12.7));
#7445 = VECTOR('',#7446,1.);
#7446 = DIRECTION('',(1.,0.));
#7447 = ( GEOMETRIC_REPRESENTATION_CONTEXT(2) 
PARAMETRIC_REPRESENTATION_CONTEXT() REPRESENTATION_CONTEXT('2D SPACE',''
  ) );
#7448 = PCURVE('',#5502,#7449);
#7449 = DEFINITIONAL_REPRESENTATION('',(#7450),#7454);
#7450 = LINE('',#7451,#7452);
#7451 = CARTESIAN_POINT('',(10.650193304106,154.2));
#7452 = VECTOR('',#7453,1.);
#7453 = DIRECTION('',(1.,0.));
#7454 = ( GEOMETRIC_REPRESENTATION_CONTEXT(2) 
PARAMETRIC_REPRESENTATION_CONTEXT() REPRESENTATION_CONTEXT('2D SPACE',''
  ) );
#7455 = ORIENTED_EDGE('',*,*,#7314,.F.);
#7456 = ADVANCED_FACE('',(#7457),#5443,.T.);
#7457 = FACE_BOUND('',#7458,.T.);
#7458 = EDGE_LOOP('',(#7459,#7460,#7461,#7484));
#7459 = ORIENTED_EDGE('',*,*,#5427,.F.);
#7460 = ORIENTED_EDGE('',*,*,#7387,.T.);
#7461 = ORIENTED_EDGE('',*,*,#7462,.T.);
#7462 = EDGE_CURVE('',#7365,#7463,#7465,.T.);
#7463 = VERTEX_POINT('',#7464);
#7464 = CARTESIAN_POINT('',(166.8,43.124226783579,12.7));
#7465 = SURFACE_CURVE('',#7466,(#7470,#7477),.PCURVE_S1.);
#7466 = LINE('',#7467,#7468);
#7467 = CARTESIAN_POINT('',(107.51333102173,77.35340107755,12.7));
#7468 = VECTOR('',#7469,1.);
#7469 = DIRECTION('',(-0.866025403784,0.5,0.));
#7470 = PCURVE('',#5443,#7471);
#7471 = DEFINITIONAL_REPRESENTATION('',(#7472),#7476);
#7472 = LINE('',#7473,#7474);
#7473 = CARTESIAN_POINT('',(83.007575371505,-12.7));
#7474 = VECTOR('',#7475,1.);
#7475 = DIRECTION('',(1.,-0.));
#7476 = ( GEOMETRIC_REPRESENTATION_CONTEXT(2) 
PARAMETRIC_REPRESENTATION_CONTEXT() REPRESENTATION_CONTEXT('2D SPACE',''
  ) );
#7477 = PCURVE('',#5502,#7478);
#7478 = DEFINITIONAL_REPRESENTATION('',(#7479),#7483);
#7479 = LINE('',#7480,#7481);
#7480 = CARTESIAN_POINT('',(-20.20340107755,107.51333102173));
#7481 = VECTOR('',#7482,1.);
#7482 = DIRECTION('',(-0.5,-0.866025403784));
#7483 = ( GEOMETRIC_REPRESENTATION_CONTEXT(2) 
PARAMETRIC_REPRESENTATION_CONTEXT() REPRESENTATION_CONTEXT('2D SPACE',''
  ) );
#7484 = ORIENTED_EDGE('',*,*,#7485,.F.);
#7485 = EDGE_CURVE('',#5400,#7463,#7486,.T.);
#7486 = SURFACE_CURVE('',#7487,(#7491,#7498),.PCURVE_S1.);
#7487 = LINE('',#7488,#7489);
#7488 = CARTESIAN_POINT('',(166.8,43.124226783579,0.));
#7489 = VECTOR('',#7490,1.);
#7490 = DIRECTION('',(0.,0.,1.));
#7491 = PCURVE('',#5443,#7492);
#7492 = DEFINITIONAL_REPRESENTATION('',(#7493),#7497);
#7493 = LINE('',#7494,#7495);
#7494 = CARTESIAN_POINT('',(14.549226783579,-0.));
#7495 = VECTOR('',#7496,1.);
#7496 = DIRECTION('',(0.,-1.));
#7497 = ( GEOMETRIC_REPRESENTATION_CONTEXT(2) 
PARAMETRIC_REPRESENTATION_CONTEXT() REPRESENTATION_CONTEXT('2D SPACE',''
  ) );
#7498 = PCURVE('',#5415,#7499);
#7499 = DEFINITIONAL_REPRESENTATION('',(#7500),#7504);
#7500 = LINE('',#7501,#7502);
#7501 = CARTESIAN_POINT('',(0.,0.));
#7502 = VECTOR('',#7503,1.);
#7503 = DIRECTION('',(0.,-1.));
#7504 = ( GEOMETRIC_REPRESENTATION_CONTEXT(2) 
PARAMETRIC_REPRESENTATION_CONTEXT() REPRESENTATION_CONTEXT('2D SPACE',''
  ) );
#7505 = ADVANCED_FACE('',(#7506),#5415,.T.);
#7506 = FACE_BOUND('',#7507,.T.);
#7507 = EDGE_LOOP('',(#7508,#7509,#7510,#7531));
#7508 = ORIENTED_EDGE('',*,*,#5399,.F.);
#7509 = ORIENTED_EDGE('',*,*,#7485,.T.);
#7510 = ORIENTED_EDGE('',*,*,#7511,.T.);
#7511 = EDGE_CURVE('',#7463,#7413,#7512,.T.);
#7512 = SURFACE_CURVE('',#7513,(#7517,#7524),.PCURVE_S1.);
#7513 = LINE('',#7514,#7515);
#7514 = CARTESIAN_POINT('',(107.2866689783,8.764189097813,12.7));
#7515 = VECTOR('',#7516,1.);
#7516 = DIRECTION('',(-0.866025403784,-0.5,0.));
#7517 = PCURVE('',#5415,#7518);
#7518 = DEFINITIONAL_REPRESENTATION('',(#7519),#7523);
#7519 = LINE('',#7520,#7521);
#7520 = CARTESIAN_POINT('',(68.720075371508,-12.7));
#7521 = VECTOR('',#7522,1.);
#7522 = DIRECTION('',(1.,0.));
#7523 = ( GEOMETRIC_REPRESENTATION_CONTEXT(2) 
PARAMETRIC_REPRESENTATION_CONTEXT() REPRESENTATION_CONTEXT('2D SPACE',''
  ) );
#7524 = PCURVE('',#5502,#7525);
#7525 = DEFINITIONAL_REPRESENTATION('',(#7526),#7530);
#7526 = LINE('',#7527,#7528);
#7527 = CARTESIAN_POINT('',(48.385810902187,107.2866689783));
#7528 = VECTOR('',#7529,1.);
#7529 = DIRECTION('',(0.5,-0.866025403784));
#7530 = ( GEOMETRIC_REPRESENTATION_CONTEXT(2) 
PARAMETRIC_REPRESENTATION_CONTEXT() REPRESENTATION_CONTEXT('2D SPACE',''
  ) );
#7531 = ORIENTED_EDGE('',*,*,#7412,.F.);
#7532 = ADVANCED_FACE('',(#7533,#7720,#7728,#7736,#7744),#5502,.T.);
#7533 = FACE_BOUND('',#7534,.T.);
#7534 = EDGE_LOOP('',(#7535,#7536,#7537,#7538,#7539,#7540,#7541,#7564,
    #7617,#7645,#7698,#7719));
#7535 = ORIENTED_EDGE('',*,*,#5484,.T.);
#7536 = ORIENTED_EDGE('',*,*,#5719,.F.);
#7537 = ORIENTED_EDGE('',*,*,#5846,.T.);
#7538 = ORIENTED_EDGE('',*,*,#5975,.T.);
#7539 = ORIENTED_EDGE('',*,*,#6107,.T.);
#7540 = ORIENTED_EDGE('',*,*,#6235,.F.);
#7541 = ORIENTED_EDGE('',*,*,#7542,.T.);
#7542 = EDGE_CURVE('',#6236,#7543,#7545,.T.);
#7543 = VERTEX_POINT('',#7544);
#7544 = CARTESIAN_POINT('',(237.47533988805,10.421362239271,12.7));
#7545 = SURFACE_CURVE('',#7546,(#7550,#7557),.PCURVE_S1.);
#7546 = LINE('',#7547,#7548);
#7547 = CARTESIAN_POINT('',(249.88001475152,17.587570733597,12.7));
#7548 = VECTOR('',#7549,1.);
#7549 = DIRECTION('',(-0.865893403497,-0.50022856154,0.));
#7550 = PCURVE('',#5502,#7551);
#7551 = DEFINITIONAL_REPRESENTATION('',(#7552),#7556);
#7552 = LINE('',#7553,#7554);
#7553 = CARTESIAN_POINT('',(39.562429266403,249.88001475152));
#7554 = VECTOR('',#7555,1.);
#7555 = DIRECTION('',(0.50022856154,-0.865893403497));
#7556 = ( GEOMETRIC_REPRESENTATION_CONTEXT(2) 
PARAMETRIC_REPRESENTATION_CONTEXT() REPRESENTATION_CONTEXT('2D SPACE',''
  ) );
#7557 = PCURVE('',#6288,#7558);
#7558 = DEFINITIONAL_REPRESENTATION('',(#7559),#7563);
#7559 = LINE('',#7560,#7561);
#7560 = CARTESIAN_POINT('',(0.,0.));
#7561 = VECTOR('',#7562,1.);
#7562 = DIRECTION('',(0.,1.));
#7563 = ( GEOMETRIC_REPRESENTATION_CONTEXT(2) 
PARAMETRIC_REPRESENTATION_CONTEXT() REPRESENTATION_CONTEXT('2D SPACE',''
  ) );
#7564 = ORIENTED_EDGE('',*,*,#7565,.F.);
#7565 = EDGE_CURVE('',#7566,#7543,#7568,.T.);
#7566 = VERTEX_POINT('',#7567);
#7567 = CARTESIAN_POINT('',(236.72533987072,10.854638871573,12.7));
#7568 = SURFACE_CURVE('',#7569,(#7577,#7588),.PCURVE_S1.);
#7569 = ( BOUNDED_CURVE() B_SPLINE_CURVE(6,(#7570,#7571,#7572,#7573,
#7574,#7575,#7576),.UNSPECIFIED.,.F.,.F.) B_SPLINE_CURVE_WITH_KNOTS((7,7
),(8.769149245342E-15,2.09465904264),.PIECEWISE_BEZIER_KNOTS.) CURVE() 
GEOMETRIC_REPRESENTATION_ITEM() RATIONAL_B_SPLINE_CURVE((1.,1.,1.,1.,1.,
1.,1.)) REPRESENTATION_ITEM('') );
#7570 = CARTESIAN_POINT('',(236.72533987072,10.854638871573,12.7));
#7571 = CARTESIAN_POINT('',(236.72533987072,10.680190382744,12.7));
#7572 = CARTESIAN_POINT('',(236.79821355403,10.505830021767,12.7));
#7573 = CARTESIAN_POINT('',(236.94444567397,10.369003615203,12.7));
#7574 = CARTESIAN_POINT('',(237.13627968861,10.30995025679,12.7));
#7575 = CARTESIAN_POINT('',(237.32407875208,10.333978341718,12.7));
#7576 = CARTESIAN_POINT('',(237.47533988805,10.421362239271,12.7));
#7577 = PCURVE('',#5502,#7578);
#7578 = DEFINITIONAL_REPRESENTATION('',(#7579),#7587);
#7579 = ( BOUNDED_CURVE() B_SPLINE_CURVE(6,(#7580,#7581,#7582,#7583,
#7584,#7585,#7586),.UNSPECIFIED.,.F.,.F.) B_SPLINE_CURVE_WITH_KNOTS((7,7
),(8.769149245342E-15,2.09465904264),.PIECEWISE_BEZIER_KNOTS.) CURVE() 
GEOMETRIC_REPRESENTATION_ITEM() RATIONAL_B_SPLINE_CURVE((1.,1.,1.,1.,1.,
1.,1.)) REPRESENTATION_ITEM('') );
#7580 = CARTESIAN_POINT('',(46.295361128427,236.72533987072));
#7581 = CARTESIAN_POINT('',(46.469809617256,236.72533987072));
#7582 = CARTESIAN_POINT('',(46.644169978233,236.79821355403));
#7583 = CARTESIAN_POINT('',(46.780996384797,236.94444567397));
#7584 = CARTESIAN_POINT('',(46.84004974321,237.13627968861));
#7585 = CARTESIAN_POINT('',(46.816021658282,237.32407875208));
#7586 = CARTESIAN_POINT('',(46.728637760729,237.47533988805));
#7587 = ( GEOMETRIC_REPRESENTATION_CONTEXT(2) 
PARAMETRIC_REPRESENTATION_CONTEXT() REPRESENTATION_CONTEXT('2D SPACE',''
  ) );
#7588 = PCURVE('',#7589,#7611);
#7589 = ( BOUNDED_SURFACE() B_SPLINE_SURFACE(2,6,(
    (#7590,#7591,#7592,#7593,#7594,#7595,#7596)
    ,(#7597,#7598,#7599,#7600,#7601,#7602,#7603)
    ,(#7604,#7605,#7606,#7607,#7608,#7609,#7610
)),.UNSPECIFIED.,.F.,.F.,.F.) B_SPLINE_SURFACE_WITH_KNOTS((3,3),(7,7),(
    0.,2.09465904264),(8.769149245342E-15,2.09465904264),
.PIECEWISE_BEZIER_KNOTS.) GEOMETRIC_REPRESENTATION_ITEM() 
RATIONAL_B_SPLINE_SURFACE((
    (1.,1.,1.,1.,1.,1.,1.)
    ,(0.707106781187,0.702816197344,0.698499787525,0.695043379923
      ,0.69353366164,0.694147612644,0.696339051747)
,(1.,1.,1.,1.,1.,1.,1.))) REPRESENTATION_ITEM('') SURFACE() );
#7590 = CARTESIAN_POINT('',(236.72533987072,10.854638871573,12.7));
#7591 = CARTESIAN_POINT('',(236.72533987072,10.680190382744,12.7));
#7592 = CARTESIAN_POINT('',(236.79821355403,10.505830021767,12.7));
#7593 = CARTESIAN_POINT('',(236.94444567397,10.369003615203,12.7));
#7594 = CARTESIAN_POINT('',(237.13627968861,10.30995025679,12.7));
#7595 = CARTESIAN_POINT('',(237.32407875208,10.333978341718,12.7));
#7596 = CARTESIAN_POINT('',(237.47533988805,10.421362239271,12.7));
#7597 = CARTESIAN_POINT('',(237.02533987072,10.854638871573,12.7));
#7598 = CARTESIAN_POINT('',(237.02900277763,10.784497732341,12.7));
#7599 = CARTESIAN_POINT('',(237.06216189092,10.71748657339,12.7));
#7600 = CARTESIAN_POINT('',(237.12113113376,10.670102468089,12.7));
#7601 = CARTESIAN_POINT('',(237.19107886565,10.649664391152,12.7));
#7602 = CARTESIAN_POINT('',(237.26174465647,10.657253929665,12.7));
#7603 = CARTESIAN_POINT('',(237.32066500725,10.689103766383,12.7));
#7604 = CARTESIAN_POINT('',(237.02533987072,10.854638871573,12.4));
#7605 = CARTESIAN_POINT('',(237.02533987072,10.784923334876,
    12.396359318883));
#7606 = CARTESIAN_POINT('',(237.05434207072,10.715272100097,
    12.392722005996));
#7607 = CARTESIAN_POINT('',(237.11243568023,10.660255117268,
    12.389848789175));
#7608 = CARTESIAN_POINT('',(237.18945730715,10.636273753728,
    12.388596555463));
#7609 = CARTESIAN_POINT('',(237.26475258189,10.645946223684,
    12.38910166344));
#7610 = CARTESIAN_POINT('',(237.32533987765,10.681011586622,
    12.390932844992));
#7611 = DEFINITIONAL_REPRESENTATION('',(#7612),#7616);
#7612 = LINE('',#7613,#7614);
#7613 = CARTESIAN_POINT('',(0.,0.));
#7614 = VECTOR('',#7615,1.);
#7615 = DIRECTION('',(0.,1.));
#7616 = ( GEOMETRIC_REPRESENTATION_CONTEXT(2) 
PARAMETRIC_REPRESENTATION_CONTEXT() REPRESENTATION_CONTEXT('2D SPACE',''
  ) );
#7617 = ORIENTED_EDGE('',*,*,#7618,.T.);
#7618 = EDGE_CURVE('',#7566,#7619,#7621,.T.);
#7619 = VERTEX_POINT('',#7620);
#7620 = CARTESIAN_POINT('',(236.72533987072,46.295361128427,12.7));
#7621 = SURFACE_CURVE('',#7622,(#7626,#7633),.PCURVE_S1.);
#7622 = LINE('',#7623,#7624);
#7623 = CARTESIAN_POINT('',(236.72533987072,10.518493772545,12.7));
#7624 = VECTOR('',#7625,1.);
#7625 = DIRECTION('',(0.,1.,0.));
#7626 = PCURVE('',#5502,#7627);
#7627 = DEFINITIONAL_REPRESENTATION('',(#7628),#7632);
#7628 = LINE('',#7629,#7630);
#7629 = CARTESIAN_POINT('',(46.631506227455,236.72533987072));
#7630 = VECTOR('',#7631,1.);
#7631 = DIRECTION('',(-1.,1.110223024625E-16));
#7632 = ( GEOMETRIC_REPRESENTATION_CONTEXT(2) 
PARAMETRIC_REPRESENTATION_CONTEXT() REPRESENTATION_CONTEXT('2D SPACE',''
  ) );
#7633 = PCURVE('',#7634,#7639);
#7634 = CYLINDRICAL_SURFACE('',#7635,0.3);
#7635 = AXIS2_PLACEMENT_3D('',#7636,#7637,#7638);
#7636 = CARTESIAN_POINT('',(236.72533987072,10.518493772545,12.4));
#7637 = DIRECTION('',(0.,1.,0.));
#7638 = DIRECTION('',(-0.,0.,1.));
#7639 = DEFINITIONAL_REPRESENTATION('',(#7640),#7644);
#7640 = LINE('',#7641,#7642);
#7641 = CARTESIAN_POINT('',(0.,0.));
#7642 = VECTOR('',#7643,1.);
#7643 = DIRECTION('',(0.,1.));
#7644 = ( GEOMETRIC_REPRESENTATION_CONTEXT(2) 
PARAMETRIC_REPRESENTATION_CONTEXT() REPRESENTATION_CONTEXT('2D SPACE',''
  ) );
#7645 = ORIENTED_EDGE('',*,*,#7646,.F.);
#7646 = EDGE_CURVE('',#7647,#7619,#7649,.T.);
#7647 = VERTEX_POINT('',#7648);
#7648 = CARTESIAN_POINT('',(237.47533988805,46.728637760729,12.7));
#7649 = SURFACE_CURVE('',#7650,(#7658,#7669),.PCURVE_S1.);
#7650 = ( BOUNDED_CURVE() B_SPLINE_CURVE(6,(#7651,#7652,#7653,#7654,
#7655,#7656,#7657),.UNSPECIFIED.,.F.,.F.) B_SPLINE_CURVE_WITH_KNOTS((7,7
    ),(-4.310664415876E-14,2.09465904264),.PIECEWISE_BEZIER_KNOTS.) 
CURVE() GEOMETRIC_REPRESENTATION_ITEM() RATIONAL_B_SPLINE_CURVE((1.,1.,
1.,1.,1.,1.,1.)) REPRESENTATION_ITEM('') );
#7651 = CARTESIAN_POINT('',(237.47533988805,46.728637760729,12.7));
#7652 = CARTESIAN_POINT('',(237.32407875208,46.816021658282,12.7));
#7653 = CARTESIAN_POINT('',(237.13627968861,46.84004974321,12.7));
#7654 = CARTESIAN_POINT('',(236.94444567397,46.780996384798,12.7));
#7655 = CARTESIAN_POINT('',(236.79821355403,46.644169978233,12.7));
#7656 = CARTESIAN_POINT('',(236.72533987072,46.469809617256,12.7));
#7657 = CARTESIAN_POINT('',(236.72533987072,46.295361128427,12.7));
#7658 = PCURVE('',#5502,#7659);
#7659 = DEFINITIONAL_REPRESENTATION('',(#7660),#7668);
#7660 = ( BOUNDED_CURVE() B_SPLINE_CURVE(6,(#7661,#7662,#7663,#7664,
#7665,#7666,#7667),.UNSPECIFIED.,.F.,.F.) B_SPLINE_CURVE_WITH_KNOTS((7,7
    ),(-4.310664415876E-14,2.09465904264),.PIECEWISE_BEZIER_KNOTS.) 
CURVE() GEOMETRIC_REPRESENTATION_ITEM() RATIONAL_B_SPLINE_CURVE((1.,1.,
1.,1.,1.,1.,1.)) REPRESENTATION_ITEM('') );
#7661 = CARTESIAN_POINT('',(10.421362239271,237.47533988805));
#7662 = CARTESIAN_POINT('',(10.333978341718,237.32407875208));
#7663 = CARTESIAN_POINT('',(10.30995025679,237.13627968861));
#7664 = CARTESIAN_POINT('',(10.369003615203,236.94444567397));
#7665 = CARTESIAN_POINT('',(10.505830021767,236.79821355403));
#7666 = CARTESIAN_POINT('',(10.680190382744,236.72533987072));
#7667 = CARTESIAN_POINT('',(10.854638871573,236.72533987072));
#7668 = ( GEOMETRIC_REPRESENTATION_CONTEXT(2) 
PARAMETRIC_REPRESENTATION_CONTEXT() REPRESENTATION_CONTEXT('2D SPACE',''
  ) );
#7669 = PCURVE('',#7670,#7692);
#7670 = ( BOUNDED_SURFACE() B_SPLINE_SURFACE(2,6,(
    (#7671,#7672,#7673,#7674,#7675,#7676,#7677)
    ,(#7678,#7679,#7680,#7681,#7682,#7683,#7684)
    ,(#7685,#7686,#7687,#7688,#7689,#7690,#7691
)),.UNSPECIFIED.,.F.,.F.,.F.) B_SPLINE_SURFACE_WITH_KNOTS((3,3),(7,7),(
    0.,2.09465904264),(-4.310664415876E-14,2.09465904264),
.PIECEWISE_BEZIER_KNOTS.) GEOMETRIC_REPRESENTATION_ITEM() 
RATIONAL_B_SPLINE_SURFACE((
    (1.,1.,1.,1.,1.,1.,1.)
    ,(0.696339051747,0.694147612644,0.69353366164,0.695043379923
      ,0.698499787525,0.702816197344,0.707106781187)
,(1.,1.,1.,1.,1.,1.,1.))) REPRESENTATION_ITEM('') SURFACE() );
#7671 = CARTESIAN_POINT('',(237.47533988805,46.728637760729,12.7));
#7672 = CARTESIAN_POINT('',(237.32407875208,46.816021658282,12.7));
#7673 = CARTESIAN_POINT('',(237.13627968861,46.84004974321,12.7));
#7674 = CARTESIAN_POINT('',(236.94444567397,46.780996384798,12.7));
#7675 = CARTESIAN_POINT('',(236.79821355403,46.644169978233,12.7));
#7676 = CARTESIAN_POINT('',(236.72533987072,46.469809617256,12.7));
#7677 = CARTESIAN_POINT('',(236.72533987072,46.295361128427,12.7));
#7678 = CARTESIAN_POINT('',(237.32066500725,46.460896233617,12.7));
#7679 = CARTESIAN_POINT('',(237.26174465647,46.492746070335,12.7));
#7680 = CARTESIAN_POINT('',(237.19107886565,46.500335608848,12.7));
#7681 = CARTESIAN_POINT('',(237.12113113376,46.479897531911,12.7));
#7682 = CARTESIAN_POINT('',(237.06216189092,46.43251342661,12.7));
#7683 = CARTESIAN_POINT('',(237.02900277763,46.365502267659,12.7));
#7684 = CARTESIAN_POINT('',(237.02533987072,46.295361128427,12.7));
#7685 = CARTESIAN_POINT('',(237.32533987765,46.468988413378,
    12.390932844992));
#7686 = CARTESIAN_POINT('',(237.26475258189,46.504053776316,
    12.38910166344));
#7687 = CARTESIAN_POINT('',(237.18945730715,46.513726246272,
    12.388596555463));
#7688 = CARTESIAN_POINT('',(237.11243568023,46.489744882732,
    12.389848789175));
#7689 = CARTESIAN_POINT('',(237.05434207073,46.434727899903,
    12.392722005996));
#7690 = CARTESIAN_POINT('',(237.02533987072,46.365076665124,
    12.396359318883));
#7691 = CARTESIAN_POINT('',(237.02533987072,46.295361128427,12.4));
#7692 = DEFINITIONAL_REPRESENTATION('',(#7693),#7697);
#7693 = LINE('',#7694,#7695);
#7694 = CARTESIAN_POINT('',(0.,0.));
#7695 = VECTOR('',#7696,1.);
#7696 = DIRECTION('',(0.,1.));
#7697 = ( GEOMETRIC_REPRESENTATION_CONTEXT(2) 
PARAMETRIC_REPRESENTATION_CONTEXT() REPRESENTATION_CONTEXT('2D SPACE',''
  ) );
#7698 = ORIENTED_EDGE('',*,*,#7699,.T.);
#7699 = EDGE_CURVE('',#7647,#5621,#7700,.T.);
#7700 = SURFACE_CURVE('',#7701,(#7705,#7712),.PCURVE_S1.);
#7701 = LINE('',#7702,#7703);
#7702 = CARTESIAN_POINT('',(237.18001475152,46.899247754567,12.7));
#7703 = VECTOR('',#7704,1.);
#7704 = DIRECTION('',(0.865893403497,-0.50022856154,0.));
#7705 = PCURVE('',#5502,#7706);
#7706 = DEFINITIONAL_REPRESENTATION('',(#7707),#7711);
#7707 = LINE('',#7708,#7709);
#7708 = CARTESIAN_POINT('',(10.250752245433,237.18001475152));
#7709 = VECTOR('',#7710,1.);
#7710 = DIRECTION('',(0.50022856154,0.865893403497));
#7711 = ( GEOMETRIC_REPRESENTATION_CONTEXT(2) 
PARAMETRIC_REPRESENTATION_CONTEXT() REPRESENTATION_CONTEXT('2D SPACE',''
  ) );
#7712 = PCURVE('',#5662,#7713);
#7713 = DEFINITIONAL_REPRESENTATION('',(#7714),#7718);
#7714 = LINE('',#7715,#7716);
#7715 = CARTESIAN_POINT('',(0.,0.));
#7716 = VECTOR('',#7717,1.);
#7717 = DIRECTION('',(0.,1.));
#7718 = ( GEOMETRIC_REPRESENTATION_CONTEXT(2) 
PARAMETRIC_REPRESENTATION_CONTEXT() REPRESENTATION_CONTEXT('2D SPACE',''
  ) );
#7719 = ORIENTED_EDGE('',*,*,#5687,.T.);
#7720 = FACE_BOUND('',#7721,.T.);
#7721 = EDGE_LOOP('',(#7722,#7723,#7724,#7725,#7726,#7727));
#7722 = ORIENTED_EDGE('',*,*,#6384,.F.);
#7723 = ORIENTED_EDGE('',*,*,#6455,.F.);
#7724 = ORIENTED_EDGE('',*,*,#6553,.F.);
#7725 = ORIENTED_EDGE('',*,*,#6629,.F.);
#7726 = ORIENTED_EDGE('',*,*,#6580,.F.);
#7727 = ORIENTED_EDGE('',*,*,#6482,.F.);
#7728 = FACE_BOUND('',#7729,.T.);
#7729 = EDGE_LOOP('',(#7730,#7731,#7732,#7733,#7734,#7735));
#7730 = ORIENTED_EDGE('',*,*,#6972,.F.);
#7731 = ORIENTED_EDGE('',*,*,#7043,.F.);
#7732 = ORIENTED_EDGE('',*,*,#7141,.F.);
#7733 = ORIENTED_EDGE('',*,*,#7217,.F.);
#7734 = ORIENTED_EDGE('',*,*,#7168,.F.);
#7735 = ORIENTED_EDGE('',*,*,#7070,.F.);
#7736 = FACE_BOUND('',#7737,.T.);
#7737 = EDGE_LOOP('',(#7738,#7739,#7740,#7741,#7742,#7743));
#7738 = ORIENTED_EDGE('',*,*,#6678,.F.);
#7739 = ORIENTED_EDGE('',*,*,#6749,.F.);
#7740 = ORIENTED_EDGE('',*,*,#6847,.F.);
#7741 = ORIENTED_EDGE('',*,*,#6923,.F.);
#7742 = ORIENTED_EDGE('',*,*,#6874,.F.);
#7743 = ORIENTED_EDGE('',*,*,#6776,.F.);
#7744 = FACE_BOUND('',#7745,.T.);
#7745 = EDGE_LOOP('',(#7746,#7747,#7748,#7749,#7750,#7751));
#7746 = ORIENTED_EDGE('',*,*,#7266,.F.);
#7747 = ORIENTED_EDGE('',*,*,#7337,.F.);
#7748 = ORIENTED_EDGE('',*,*,#7435,.F.);
#7749 = ORIENTED_EDGE('',*,*,#7511,.F.);
#7750 = ORIENTED_EDGE('',*,*,#7462,.F.);
#7751 = ORIENTED_EDGE('',*,*,#7364,.F.);
#7752 = ADVANCED_FACE('',(#7753),#5608,.T.);
#7753 = FACE_BOUND('',#7754,.T.);
#7754 = EDGE_LOOP('',(#7755,#7756,#7757,#7780));
#7755 = ORIENTED_EDGE('',*,*,#5796,.T.);
#7756 = ORIENTED_EDGE('',*,*,#5592,.T.);
#7757 = ORIENTED_EDGE('',*,*,#7758,.F.);
#7758 = EDGE_CURVE('',#7759,#5593,#7761,.T.);
#7759 = VERTEX_POINT('',#7760);
#7760 = CARTESIAN_POINT('',(237.32533987765,46.468988413378,
    12.390932844992));
#7761 = SURFACE_CURVE('',#7762,(#7766,#7773),.PCURVE_S1.);
#7762 = LINE('',#7763,#7764);
#7763 = CARTESIAN_POINT('',(237.03001474112,46.639598407216,
    12.390932844992));
#7764 = VECTOR('',#7765,1.);
#7765 = DIRECTION('',(0.865893403497,-0.50022856154,0.));
#7766 = PCURVE('',#5608,#7767);
#7767 = DEFINITIONAL_REPRESENTATION('',(#7768),#7772);
#7768 = LINE('',#7769,#7770);
#7769 = CARTESIAN_POINT('',(7.222542065567,-6.04369387577));
#7770 = VECTOR('',#7771,1.);
#7771 = DIRECTION('',(-1.,-4.271288059087E-19));
#7772 = ( GEOMETRIC_REPRESENTATION_CONTEXT(2) 
PARAMETRIC_REPRESENTATION_CONTEXT() REPRESENTATION_CONTEXT('2D SPACE',''
  ) );
#7773 = PCURVE('',#5662,#7774);
#7774 = DEFINITIONAL_REPRESENTATION('',(#7775),#7779);
#7775 = LINE('',#7776,#7777);
#7776 = CARTESIAN_POINT('',(1.601024780199,0.));
#7777 = VECTOR('',#7778,1.);
#7778 = DIRECTION('',(0.,1.));
#7779 = ( GEOMETRIC_REPRESENTATION_CONTEXT(2) 
PARAMETRIC_REPRESENTATION_CONTEXT() REPRESENTATION_CONTEXT('2D SPACE',''
  ) );
#7780 = ORIENTED_EDGE('',*,*,#7781,.F.);
#7781 = EDGE_CURVE('',#5767,#7759,#7782,.T.);
#7782 = SURFACE_CURVE('',#7783,(#7787,#7794),.PCURVE_S1.);
#7783 = LINE('',#7784,#7785);
#7784 = CARTESIAN_POINT('',(237.32533987765,46.901900411095,
    -6.04477084327E-03));
#7785 = VECTOR('',#7786,1.);
#7786 = DIRECTION('',(0.,-3.48994967025E-02,0.999390827019));
#7787 = PCURVE('',#5608,#7788);
#7788 = DEFINITIONAL_REPRESENTATION('',(#7789),#7793);
#7789 = LINE('',#7790,#7791);
#7790 = CARTESIAN_POINT('',(7.098032932045,6.358949824696));
#7791 = VECTOR('',#7792,1.);
#7792 = DIRECTION('',(-1.745772503396E-02,-0.999847602306));
#7793 = ( GEOMETRIC_REPRESENTATION_CONTEXT(2) 
PARAMETRIC_REPRESENTATION_CONTEXT() REPRESENTATION_CONTEXT('2D SPACE',''
  ) );
#7794 = PCURVE('',#5925,#7795);
#7795 = DEFINITIONAL_REPRESENTATION('',(#7796),#7800);
#7796 = LINE('',#7797,#7798);
#7797 = CARTESIAN_POINT('',(0.,0.));
#7798 = VECTOR('',#7799,1.);
#7799 = DIRECTION('',(0.,1.));
#7800 = ( GEOMETRIC_REPRESENTATION_CONTEXT(2) 
PARAMETRIC_REPRESENTATION_CONTEXT() REPRESENTATION_CONTEXT('2D SPACE',''
  ) );
#7801 = ADVANCED_FACE('',(#7802),#5662,.T.);
#7802 = FACE_BOUND('',#7803,.T.);
#7803 = EDGE_LOOP('',(#7804,#7832,#7833,#7834));
#7804 = ORIENTED_EDGE('',*,*,#7805,.T.);
#7805 = EDGE_CURVE('',#7647,#7759,#7806,.T.);
#7806 = SURFACE_CURVE('',#7807,(#7811,#7825),.PCURVE_S1.);
#7807 = ( BOUNDED_CURVE() B_SPLINE_CURVE(2,(#7808,#7809,#7810),
.UNSPECIFIED.,.F.,.F.) B_SPLINE_CURVE_WITH_KNOTS((3,3),(0.,2.09465904264
),.PIECEWISE_BEZIER_KNOTS.) CURVE() GEOMETRIC_REPRESENTATION_ITEM() 
RATIONAL_B_SPLINE_CURVE((1.,0.696339051747,1.)) REPRESENTATION_ITEM('') 
  );
#7808 = CARTESIAN_POINT('',(237.47533988805,46.728637760729,12.7));
#7809 = CARTESIAN_POINT('',(237.32066500725,46.460896233617,12.7));
#7810 = CARTESIAN_POINT('',(237.32533987765,46.468988413378,
    12.390932844992));
#7811 = PCURVE('',#5662,#7812);
#7812 = DEFINITIONAL_REPRESENTATION('',(#7813),#7824);
#7813 = B_SPLINE_CURVE_WITH_KNOTS('',9,(#7814,#7815,#7816,#7817,#7818,
    #7819,#7820,#7821,#7822,#7823),.UNSPECIFIED.,.F.,.F.,(10,10),(0.,
    2.09465904264),.PIECEWISE_BEZIER_KNOTS.);
#7814 = CARTESIAN_POINT('',(-1.110223024625E-16,0.341064079413));
#7815 = CARTESIAN_POINT('',(0.159491773852,0.341064079413));
#7816 = CARTESIAN_POINT('',(0.331090311857,0.341064079413));
#7817 = CARTESIAN_POINT('',(0.513447523063,0.341064079413));
#7818 = CARTESIAN_POINT('',(0.703690953957,0.341064079413));
#7819 = CARTESIAN_POINT('',(0.89733382624,0.341064079413));
#7820 = CARTESIAN_POINT('',(1.087577257137,0.341064079413));
#7821 = CARTESIAN_POINT('',(1.269934468341,0.341064079413));
#7822 = CARTESIAN_POINT('',(1.441533006346,0.341064079413));
#7823 = CARTESIAN_POINT('',(1.601024780199,0.341064079413));
#7824 = ( GEOMETRIC_REPRESENTATION_CONTEXT(2) 
PARAMETRIC_REPRESENTATION_CONTEXT() REPRESENTATION_CONTEXT('2D SPACE',''
  ) );
#7825 = PCURVE('',#7670,#7826);
#7826 = DEFINITIONAL_REPRESENTATION('',(#7827),#7831);
#7827 = LINE('',#7828,#7829);
#7828 = CARTESIAN_POINT('',(0.,-4.310664415876E-14));
#7829 = VECTOR('',#7830,1.);
#7830 = DIRECTION('',(1.,0.));
#7831 = ( GEOMETRIC_REPRESENTATION_CONTEXT(2) 
PARAMETRIC_REPRESENTATION_CONTEXT() REPRESENTATION_CONTEXT('2D SPACE',''
  ) );
#7832 = ORIENTED_EDGE('',*,*,#7758,.T.);
#7833 = ORIENTED_EDGE('',*,*,#5620,.T.);
#7834 = ORIENTED_EDGE('',*,*,#7699,.F.);
#7835 = ADVANCED_FACE('',(#7836),#5925,.F.);
#7836 = FACE_BOUND('',#7837,.F.);
#7837 = EDGE_LOOP('',(#7838,#7839,#7840,#7863));
#7838 = ORIENTED_EDGE('',*,*,#7781,.F.);
#7839 = ORIENTED_EDGE('',*,*,#5905,.T.);
#7840 = ORIENTED_EDGE('',*,*,#7841,.T.);
#7841 = EDGE_CURVE('',#5906,#7842,#7844,.T.);
#7842 = VERTEX_POINT('',#7843);
#7843 = CARTESIAN_POINT('',(237.02533987072,46.295361128427,12.4));
#7844 = SURFACE_CURVE('',#7845,(#7849,#7856),.PCURVE_S1.);
#7845 = LINE('',#7846,#7847);
#7846 = CARTESIAN_POINT('',(237.02533987072,46.728800846194,
    -1.208954084829E-02));
#7847 = VECTOR('',#7848,1.);
#7848 = DIRECTION('',(0.,-3.48994967025E-02,0.999390827019));
#7849 = PCURVE('',#5925,#7850);
#7850 = DEFINITIONAL_REPRESENTATION('',(#7851),#7855);
#7851 = LINE('',#7852,#7853);
#7852 = CARTESIAN_POINT('',(2.094395142425,0.));
#7853 = VECTOR('',#7854,1.);
#7854 = DIRECTION('',(0.,1.));
#7855 = ( GEOMETRIC_REPRESENTATION_CONTEXT(2) 
PARAMETRIC_REPRESENTATION_CONTEXT() REPRESENTATION_CONTEXT('2D SPACE',''
  ) );
#7856 = PCURVE('',#6066,#7857);
#7857 = DEFINITIONAL_REPRESENTATION('',(#7858),#7862);
#7858 = LINE('',#7859,#7860);
#7859 = CARTESIAN_POINT('',(-6.288491955666,-18.15380084619));
#7860 = VECTOR('',#7861,1.);
#7861 = DIRECTION('',(0.999390827019,3.48994967025E-02));
#7862 = ( GEOMETRIC_REPRESENTATION_CONTEXT(2) 
PARAMETRIC_REPRESENTATION_CONTEXT() REPRESENTATION_CONTEXT('2D SPACE',''
  ) );
#7863 = ORIENTED_EDGE('',*,*,#7864,.F.);
#7864 = EDGE_CURVE('',#7759,#7842,#7865,.T.);
#7865 = SURFACE_CURVE('',#7866,(#7874,#7885),.PCURVE_S1.);
#7866 = ( BOUNDED_CURVE() B_SPLINE_CURVE(6,(#7867,#7868,#7869,#7870,
#7871,#7872,#7873),.UNSPECIFIED.,.F.,.F.) B_SPLINE_CURVE_WITH_KNOTS((7,7
    ),(-4.310664415876E-14,2.09465904264),.PIECEWISE_BEZIER_KNOTS.) 
CURVE() GEOMETRIC_REPRESENTATION_ITEM() RATIONAL_B_SPLINE_CURVE((1.,1.,
1.,1.,1.,1.,1.)) REPRESENTATION_ITEM('') );
#7867 = CARTESIAN_POINT('',(237.32533987765,46.468988413378,
    12.390932844992));
#7868 = CARTESIAN_POINT('',(237.26475258189,46.504053776316,
    12.38910166344));
#7869 = CARTESIAN_POINT('',(237.18945730715,46.513726246272,
    12.388596555463));
#7870 = CARTESIAN_POINT('',(237.11243568023,46.489744882732,
    12.389848789175));
#7871 = CARTESIAN_POINT('',(237.05434207073,46.434727899903,
    12.392722005996));
#7872 = CARTESIAN_POINT('',(237.02533987072,46.365076665124,
    12.396359318883));
#7873 = CARTESIAN_POINT('',(237.02533987072,46.295361128427,12.4));
#7874 = PCURVE('',#5925,#7875);
#7875 = DEFINITIONAL_REPRESENTATION('',(#7876),#7884);
#7876 = B_SPLINE_CURVE_WITH_KNOTS('',6,(#7877,#7878,#7879,#7880,#7881,
    #7882,#7883),.UNSPECIFIED.,.F.,.F.,(7,7),(-4.310664415876E-14,
    2.09465904264),.PIECEWISE_BEZIER_KNOTS.);
#7877 = CARTESIAN_POINT('',(-2.57571741713E-14,12.404534122864));
#7878 = CARTESIAN_POINT('',(0.349800923269,12.4014802933));
#7879 = CARTESIAN_POINT('',(0.700052274802,12.400639553109));
#7880 = CARTESIAN_POINT('',(1.050263533704,12.402723412734));
#7881 = CARTESIAN_POINT('',(1.398976476146,12.407519441491));
#7882 = CARTESIAN_POINT('',(1.746665092741,12.413583758809));
#7883 = CARTESIAN_POINT('',(2.094395142425,12.419655259264));
#7884 = ( GEOMETRIC_REPRESENTATION_CONTEXT(2) 
PARAMETRIC_REPRESENTATION_CONTEXT() REPRESENTATION_CONTEXT('2D SPACE',''
  ) );
#7885 = PCURVE('',#7670,#7886);
#7886 = DEFINITIONAL_REPRESENTATION('',(#7887),#7891);
#7887 = LINE('',#7888,#7889);
#7888 = CARTESIAN_POINT('',(2.09465904264,0.));
#7889 = VECTOR('',#7890,1.);
#7890 = DIRECTION('',(0.,1.));
#7891 = ( GEOMETRIC_REPRESENTATION_CONTEXT(2) 
PARAMETRIC_REPRESENTATION_CONTEXT() REPRESENTATION_CONTEXT('2D SPACE',''
  ) );
#7892 = ADVANCED_FACE('',(#7893),#6066,.T.);
#7893 = FACE_BOUND('',#7894,.T.);
#7894 = EDGE_LOOP('',(#7895,#7896,#7897,#7920));
#7895 = ORIENTED_EDGE('',*,*,#6052,.T.);
#7896 = ORIENTED_EDGE('',*,*,#7841,.T.);
#7897 = ORIENTED_EDGE('',*,*,#7898,.F.);
#7898 = EDGE_CURVE('',#7899,#7842,#7901,.T.);
#7899 = VERTEX_POINT('',#7900);
#7900 = CARTESIAN_POINT('',(237.02533987072,10.854638871573,12.4));
#7901 = SURFACE_CURVE('',#7902,(#7906,#7913),.PCURVE_S1.);
#7902 = LINE('',#7903,#7904);
#7903 = CARTESIAN_POINT('',(237.02533987072,10.518493772545,12.4));
#7904 = VECTOR('',#7905,1.);
#7905 = DIRECTION('',(0.,1.,0.));
#7906 = PCURVE('',#6066,#7907);
#7907 = DEFINITIONAL_REPRESENTATION('',(#7908),#7912);
#7908 = LINE('',#7909,#7910);
#7909 = CARTESIAN_POINT('',(6.123597585182,18.056506227455));
#7910 = VECTOR('',#7911,1.);
#7911 = DIRECTION('',(0.,-1.));
#7912 = ( GEOMETRIC_REPRESENTATION_CONTEXT(2) 
PARAMETRIC_REPRESENTATION_CONTEXT() REPRESENTATION_CONTEXT('2D SPACE',''
  ) );
#7913 = PCURVE('',#7634,#7914);
#7914 = DEFINITIONAL_REPRESENTATION('',(#7915),#7919);
#7915 = LINE('',#7916,#7917);
#7916 = CARTESIAN_POINT('',(1.570796326795,0.));
#7917 = VECTOR('',#7918,1.);
#7918 = DIRECTION('',(0.,1.));
#7919 = ( GEOMETRIC_REPRESENTATION_CONTEXT(2) 
PARAMETRIC_REPRESENTATION_CONTEXT() REPRESENTATION_CONTEXT('2D SPACE',''
  ) );
#7920 = ORIENTED_EDGE('',*,*,#7921,.F.);
#7921 = EDGE_CURVE('',#6023,#7899,#7922,.T.);
#7922 = SURFACE_CURVE('',#7923,(#7927,#7934),.PCURVE_S1.);
#7923 = LINE('',#7924,#7925);
#7924 = CARTESIAN_POINT('',(237.02533987072,10.421199153806,
    -1.208954084829E-02));
#7925 = VECTOR('',#7926,1.);
#7926 = DIRECTION('',(0.,3.48994967025E-02,0.999390827019));
#7927 = PCURVE('',#6066,#7928);
#7928 = DEFINITIONAL_REPRESENTATION('',(#7929),#7933);
#7929 = LINE('',#7930,#7931);
#7930 = CARTESIAN_POINT('',(-6.288491955666,18.153800846194));
#7931 = VECTOR('',#7932,1.);
#7932 = DIRECTION('',(0.999390827019,-3.48994967025E-02));
#7933 = ( GEOMETRIC_REPRESENTATION_CONTEXT(2) 
PARAMETRIC_REPRESENTATION_CONTEXT() REPRESENTATION_CONTEXT('2D SPACE',''
  ) );
#7934 = PCURVE('',#6153,#7935);
#7935 = DEFINITIONAL_REPRESENTATION('',(#7936),#7940);
#7936 = LINE('',#7937,#7938);
#7937 = CARTESIAN_POINT('',(0.,0.));
#7938 = VECTOR('',#7939,1.);
#7939 = DIRECTION('',(0.,1.));
#7940 = ( GEOMETRIC_REPRESENTATION_CONTEXT(2) 
PARAMETRIC_REPRESENTATION_CONTEXT() REPRESENTATION_CONTEXT('2D SPACE',''
  ) );
#7941 = ADVANCED_FACE('',(#7942),#6153,.F.);
#7942 = FACE_BOUND('',#7943,.F.);
#7943 = EDGE_LOOP('',(#7944,#7945,#7946,#7969));
#7944 = ORIENTED_EDGE('',*,*,#7921,.F.);
#7945 = ORIENTED_EDGE('',*,*,#6133,.T.);
#7946 = ORIENTED_EDGE('',*,*,#7947,.T.);
#7947 = EDGE_CURVE('',#6134,#7948,#7950,.T.);
#7948 = VERTEX_POINT('',#7949);
#7949 = CARTESIAN_POINT('',(237.32533987765,10.681011586622,
    12.390932844992));
#7950 = SURFACE_CURVE('',#7951,(#7955,#7962),.PCURVE_S1.);
#7951 = LINE('',#7952,#7953);
#7952 = CARTESIAN_POINT('',(237.32533987765,10.248099588905,
    -6.04477084327E-03));
#7953 = VECTOR('',#7954,1.);
#7954 = DIRECTION('',(0.,3.48994967025E-02,0.999390827019));
#7955 = PCURVE('',#6153,#7956);
#7956 = DEFINITIONAL_REPRESENTATION('',(#7957),#7961);
#7957 = LINE('',#7958,#7959);
#7958 = CARTESIAN_POINT('',(2.094395142425,0.));
#7959 = VECTOR('',#7960,1.);
#7960 = DIRECTION('',(0.,1.));
#7961 = ( GEOMETRIC_REPRESENTATION_CONTEXT(2) 
PARAMETRIC_REPRESENTATION_CONTEXT() REPRESENTATION_CONTEXT('2D SPACE',''
  ) );
#7962 = PCURVE('',#6318,#7963);
#7963 = DEFINITIONAL_REPRESENTATION('',(#7964),#7968);
#7964 = LINE('',#7965,#7966);
#7965 = CARTESIAN_POINT('',(-7.098032932045,6.358949824696));
#7966 = VECTOR('',#7967,1.);
#7967 = DIRECTION('',(1.745772503396E-02,-0.999847602306));
#7968 = ( GEOMETRIC_REPRESENTATION_CONTEXT(2) 
PARAMETRIC_REPRESENTATION_CONTEXT() REPRESENTATION_CONTEXT('2D SPACE',''
  ) );
#7969 = ORIENTED_EDGE('',*,*,#7970,.F.);
#7970 = EDGE_CURVE('',#7899,#7948,#7971,.T.);
#7971 = SURFACE_CURVE('',#7972,(#7980,#7991),.PCURVE_S1.);
#7972 = ( BOUNDED_CURVE() B_SPLINE_CURVE(6,(#7973,#7974,#7975,#7976,
#7977,#7978,#7979),.UNSPECIFIED.,.F.,.F.) B_SPLINE_CURVE_WITH_KNOTS((7,7
),(8.769149245342E-15,2.09465904264),.PIECEWISE_BEZIER_KNOTS.) CURVE() 
GEOMETRIC_REPRESENTATION_ITEM() RATIONAL_B_SPLINE_CURVE((1.,1.,1.,1.,1.,
1.,1.)) REPRESENTATION_ITEM('') );
#7973 = CARTESIAN_POINT('',(237.02533987072,10.854638871573,12.4));
#7974 = CARTESIAN_POINT('',(237.02533987072,10.784923334876,
    12.396359318883));
#7975 = CARTESIAN_POINT('',(237.05434207072,10.715272100097,
    12.392722005996));
#7976 = CARTESIAN_POINT('',(237.11243568023,10.660255117268,
    12.389848789175));
#7977 = CARTESIAN_POINT('',(237.18945730715,10.636273753728,
    12.388596555463));
#7978 = CARTESIAN_POINT('',(237.26475258189,10.645946223684,
    12.38910166344));
#7979 = CARTESIAN_POINT('',(237.32533987765,10.681011586622,
    12.390932844992));
#7980 = PCURVE('',#6153,#7981);
#7981 = DEFINITIONAL_REPRESENTATION('',(#7982),#7990);
#7982 = B_SPLINE_CURVE_WITH_KNOTS('',6,(#7983,#7984,#7985,#7986,#7987,
    #7988,#7989),.UNSPECIFIED.,.F.,.F.,(7,7),(8.769149245342E-15,
    2.09465904264),.PIECEWISE_BEZIER_KNOTS.);
#7983 = CARTESIAN_POINT('',(0.,12.419655259264));
#7984 = CARTESIAN_POINT('',(0.347730049684,12.413583758809));
#7985 = CARTESIAN_POINT('',(0.69541866628,12.40751944149));
#7986 = CARTESIAN_POINT('',(1.04413160872,12.402723412734));
#7987 = CARTESIAN_POINT('',(1.394342867622,12.400639553109));
#7988 = CARTESIAN_POINT('',(1.744594219155,12.4014802933));
#7989 = CARTESIAN_POINT('',(2.094395142425,12.404534122864));
#7990 = ( GEOMETRIC_REPRESENTATION_CONTEXT(2) 
PARAMETRIC_REPRESENTATION_CONTEXT() REPRESENTATION_CONTEXT('2D SPACE',''
  ) );
#7991 = PCURVE('',#7589,#7992);
#7992 = DEFINITIONAL_REPRESENTATION('',(#7993),#7997);
#7993 = LINE('',#7994,#7995);
#7994 = CARTESIAN_POINT('',(2.09465904264,0.));
#7995 = VECTOR('',#7996,1.);
#7996 = DIRECTION('',(0.,1.));
#7997 = ( GEOMETRIC_REPRESENTATION_CONTEXT(2) 
PARAMETRIC_REPRESENTATION_CONTEXT() REPRESENTATION_CONTEXT('2D SPACE',''
  ) );
#7998 = ADVANCED_FACE('',(#7999),#6318,.T.);
#7999 = FACE_BOUND('',#8000,.T.);
#8000 = EDGE_LOOP('',(#8001,#8002,#8003,#8024));
#8001 = ORIENTED_EDGE('',*,*,#6334,.T.);
#8002 = ORIENTED_EDGE('',*,*,#7947,.T.);
#8003 = ORIENTED_EDGE('',*,*,#8004,.F.);
#8004 = EDGE_CURVE('',#6267,#7948,#8005,.T.);
#8005 = SURFACE_CURVE('',#8006,(#8010,#8017),.PCURVE_S1.);
#8006 = LINE('',#8007,#8008);
#8007 = CARTESIAN_POINT('',(249.73001474112,17.847220080948,
    12.390932844992));
#8008 = VECTOR('',#8009,1.);
#8009 = DIRECTION('',(-0.865893403497,-0.50022856154,0.));
#8010 = PCURVE('',#6318,#8011);
#8011 = DEFINITIONAL_REPRESENTATION('',(#8012),#8016);
#8012 = LINE('',#8013,#8014);
#8013 = CARTESIAN_POINT('',(7.444390317459,-6.04369387577));
#8014 = VECTOR('',#8015,1.);
#8015 = DIRECTION('',(-1.,4.301582027314E-19));
#8016 = ( GEOMETRIC_REPRESENTATION_CONTEXT(2) 
PARAMETRIC_REPRESENTATION_CONTEXT() REPRESENTATION_CONTEXT('2D SPACE',''
  ) );
#8017 = PCURVE('',#6288,#8018);
#8018 = DEFINITIONAL_REPRESENTATION('',(#8019),#8023);
#8019 = LINE('',#8020,#8021);
#8020 = CARTESIAN_POINT('',(1.601024780199,0.));
#8021 = VECTOR('',#8022,1.);
#8022 = DIRECTION('',(0.,1.));
#8023 = ( GEOMETRIC_REPRESENTATION_CONTEXT(2) 
PARAMETRIC_REPRESENTATION_CONTEXT() REPRESENTATION_CONTEXT('2D SPACE',''
  ) );
#8024 = ORIENTED_EDGE('',*,*,#6304,.F.);
#8025 = ADVANCED_FACE('',(#8026),#6288,.T.);
#8026 = FACE_BOUND('',#8027,.T.);
#8027 = EDGE_LOOP('',(#8028,#8029,#8030,#8058));
#8028 = ORIENTED_EDGE('',*,*,#6266,.F.);
#8029 = ORIENTED_EDGE('',*,*,#8004,.T.);
#8030 = ORIENTED_EDGE('',*,*,#8031,.F.);
#8031 = EDGE_CURVE('',#7543,#7948,#8032,.T.);
#8032 = SURFACE_CURVE('',#8033,(#8037,#8051),.PCURVE_S1.);
#8033 = ( BOUNDED_CURVE() B_SPLINE_CURVE(2,(#8034,#8035,#8036),
.UNSPECIFIED.,.F.,.F.) B_SPLINE_CURVE_WITH_KNOTS((3,3),(0.,2.09465904264
),.PIECEWISE_BEZIER_KNOTS.) CURVE() GEOMETRIC_REPRESENTATION_ITEM() 
RATIONAL_B_SPLINE_CURVE((1.,0.696339051747,1.)) REPRESENTATION_ITEM('') 
  );
#8034 = CARTESIAN_POINT('',(237.47533988805,10.421362239271,12.7));
#8035 = CARTESIAN_POINT('',(237.32066500725,10.689103766383,12.7));
#8036 = CARTESIAN_POINT('',(237.32533987765,10.681011586622,
    12.390932844992));
#8037 = PCURVE('',#6288,#8038);
#8038 = DEFINITIONAL_REPRESENTATION('',(#8039),#8050);
#8039 = B_SPLINE_CURVE_WITH_KNOTS('',9,(#8040,#8041,#8042,#8043,#8044,
    #8045,#8046,#8047,#8048,#8049),.UNSPECIFIED.,.F.,.F.,(10,10),(0.,
    2.09465904264),.PIECEWISE_BEZIER_KNOTS.);
#8040 = CARTESIAN_POINT('',(2.22044604925E-16,14.325868303613));
#8041 = CARTESIAN_POINT('',(0.159491773852,14.325868303613));
#8042 = CARTESIAN_POINT('',(0.331090311858,14.325868303614));
#8043 = CARTESIAN_POINT('',(0.513447523061,14.325868303612));
#8044 = CARTESIAN_POINT('',(0.703690953961,14.325868303615));
#8045 = CARTESIAN_POINT('',(0.897333826238,14.325868303611));
#8046 = CARTESIAN_POINT('',(1.087577257138,14.325868303614));
#8047 = CARTESIAN_POINT('',(1.269934468341,14.325868303612));
#8048 = CARTESIAN_POINT('',(1.441533006346,14.325868303613));
#8049 = CARTESIAN_POINT('',(1.601024780199,14.325868303613));
#8050 = ( GEOMETRIC_REPRESENTATION_CONTEXT(2) 
PARAMETRIC_REPRESENTATION_CONTEXT() REPRESENTATION_CONTEXT('2D SPACE',''
  ) );
#8051 = PCURVE('',#7589,#8052);
#8052 = DEFINITIONAL_REPRESENTATION('',(#8053),#8057);
#8053 = LINE('',#8054,#8055);
#8054 = CARTESIAN_POINT('',(0.,2.09465904264));
#8055 = VECTOR('',#8056,1.);
#8056 = DIRECTION('',(1.,0.));
#8057 = ( GEOMETRIC_REPRESENTATION_CONTEXT(2) 
PARAMETRIC_REPRESENTATION_CONTEXT() REPRESENTATION_CONTEXT('2D SPACE',''
  ) );
#8058 = ORIENTED_EDGE('',*,*,#7542,.F.);
#8059 = ADVANCED_FACE('',(#8060),#7670,.F.);
#8060 = FACE_BOUND('',#8061,.F.);
#8061 = EDGE_LOOP('',(#8062,#8063,#8064,#8092));
#8062 = ORIENTED_EDGE('',*,*,#7805,.T.);
#8063 = ORIENTED_EDGE('',*,*,#7864,.T.);
#8064 = ORIENTED_EDGE('',*,*,#8065,.F.);
#8065 = EDGE_CURVE('',#7619,#7842,#8066,.T.);
#8066 = SURFACE_CURVE('',#8067,(#8071,#8078),.PCURVE_S1.);
#8067 = ( BOUNDED_CURVE() B_SPLINE_CURVE(2,(#8068,#8069,#8070),
.UNSPECIFIED.,.F.,.F.) B_SPLINE_CURVE_WITH_KNOTS((3,3),(0.,2.09465904264
),.PIECEWISE_BEZIER_KNOTS.) CURVE() GEOMETRIC_REPRESENTATION_ITEM() 
RATIONAL_B_SPLINE_CURVE((1.,0.707106781187,1.)) REPRESENTATION_ITEM('') 
  );
#8068 = CARTESIAN_POINT('',(236.72533987072,46.295361128427,12.7));
#8069 = CARTESIAN_POINT('',(237.02533987072,46.295361128427,12.7));
#8070 = CARTESIAN_POINT('',(237.02533987072,46.295361128427,12.4));
#8071 = PCURVE('',#7670,#8072);
#8072 = DEFINITIONAL_REPRESENTATION('',(#8073),#8077);
#8073 = LINE('',#8074,#8075);
#8074 = CARTESIAN_POINT('',(0.,2.09465904264));
#8075 = VECTOR('',#8076,1.);
#8076 = DIRECTION('',(1.,0.));
#8077 = ( GEOMETRIC_REPRESENTATION_CONTEXT(2) 
PARAMETRIC_REPRESENTATION_CONTEXT() REPRESENTATION_CONTEXT('2D SPACE',''
  ) );
#8078 = PCURVE('',#7634,#8079);
#8079 = DEFINITIONAL_REPRESENTATION('',(#8080),#8091);
#8080 = B_SPLINE_CURVE_WITH_KNOTS('',9,(#8081,#8082,#8083,#8084,#8085,
    #8086,#8087,#8088,#8089,#8090),.UNSPECIFIED.,.F.,.F.,(10,10),(0.,
    2.09465904264),.PIECEWISE_BEZIER_KNOTS.);
#8081 = CARTESIAN_POINT('',(2.22044604925E-16,35.776867355882));
#8082 = CARTESIAN_POINT('',(0.157134840264,35.776867355882));
#8083 = CARTESIAN_POINT('',(0.325774716821,35.776867355882));
#8084 = CARTESIAN_POINT('',(0.504566386871,35.776867355882));
#8085 = CARTESIAN_POINT('',(0.690744851611,35.776867355881));
#8086 = CARTESIAN_POINT('',(0.880051475184,35.776867355883));
#8087 = CARTESIAN_POINT('',(1.066229939924,35.776867355881));
#8088 = CARTESIAN_POINT('',(1.245021609974,35.776867355882));
#8089 = CARTESIAN_POINT('',(1.413661486531,35.776867355882));
#8090 = CARTESIAN_POINT('',(1.570796326795,35.776867355882));
#8091 = ( GEOMETRIC_REPRESENTATION_CONTEXT(2) 
PARAMETRIC_REPRESENTATION_CONTEXT() REPRESENTATION_CONTEXT('2D SPACE',''
  ) );
#8092 = ORIENTED_EDGE('',*,*,#7646,.F.);
#8093 = ADVANCED_FACE('',(#8094),#7634,.T.);
#8094 = FACE_BOUND('',#8095,.T.);
#8095 = EDGE_LOOP('',(#8096,#8124,#8125,#8126));
#8096 = ORIENTED_EDGE('',*,*,#8097,.T.);
#8097 = EDGE_CURVE('',#7566,#7899,#8098,.T.);
#8098 = SURFACE_CURVE('',#8099,(#8103,#8117),.PCURVE_S1.);
#8099 = ( BOUNDED_CURVE() B_SPLINE_CURVE(2,(#8100,#8101,#8102),
.UNSPECIFIED.,.F.,.F.) B_SPLINE_CURVE_WITH_KNOTS((3,3),(0.,2.09465904264
),.PIECEWISE_BEZIER_KNOTS.) CURVE() GEOMETRIC_REPRESENTATION_ITEM() 
RATIONAL_B_SPLINE_CURVE((1.,0.707106781187,1.)) REPRESENTATION_ITEM('') 
  );
#8100 = CARTESIAN_POINT('',(236.72533987072,10.854638871573,12.7));
#8101 = CARTESIAN_POINT('',(237.02533987072,10.854638871573,12.7));
#8102 = CARTESIAN_POINT('',(237.02533987072,10.854638871573,12.4));
#8103 = PCURVE('',#7634,#8104);
#8104 = DEFINITIONAL_REPRESENTATION('',(#8105),#8116);
#8105 = B_SPLINE_CURVE_WITH_KNOTS('',9,(#8106,#8107,#8108,#8109,#8110,
    #8111,#8112,#8113,#8114,#8115),.UNSPECIFIED.,.F.,.F.,(10,10),(0.,
    2.09465904264),.PIECEWISE_BEZIER_KNOTS.);
#8106 = CARTESIAN_POINT('',(0.,0.336145099028));
#8107 = CARTESIAN_POINT('',(0.157134840264,0.336145099028));
#8108 = CARTESIAN_POINT('',(0.325774716821,0.336145099028));
#8109 = CARTESIAN_POINT('',(0.504566386869,0.336145099028));
#8110 = CARTESIAN_POINT('',(0.690744851615,0.336145099028));
#8111 = CARTESIAN_POINT('',(0.88005147518,0.336145099028));
#8112 = CARTESIAN_POINT('',(1.066229939926,0.336145099028));
#8113 = CARTESIAN_POINT('',(1.245021609974,0.336145099028));
#8114 = CARTESIAN_POINT('',(1.413661486531,0.336145099028));
#8115 = CARTESIAN_POINT('',(1.570796326795,0.336145099028));
#8116 = ( GEOMETRIC_REPRESENTATION_CONTEXT(2) 
PARAMETRIC_REPRESENTATION_CONTEXT() REPRESENTATION_CONTEXT('2D SPACE',''
  ) );
#8117 = PCURVE('',#7589,#8118);
#8118 = DEFINITIONAL_REPRESENTATION('',(#8119),#8123);
#8119 = LINE('',#8120,#8121);
#8120 = CARTESIAN_POINT('',(0.,8.769149245342E-15));
#8121 = VECTOR('',#8122,1.);
#8122 = DIRECTION('',(1.,0.));
#8123 = ( GEOMETRIC_REPRESENTATION_CONTEXT(2) 
PARAMETRIC_REPRESENTATION_CONTEXT() REPRESENTATION_CONTEXT('2D SPACE',''
  ) );
#8124 = ORIENTED_EDGE('',*,*,#7898,.T.);
#8125 = ORIENTED_EDGE('',*,*,#8065,.F.);
#8126 = ORIENTED_EDGE('',*,*,#7618,.F.);
#8127 = ADVANCED_FACE('',(#8128),#7589,.F.);
#8128 = FACE_BOUND('',#8129,.F.);
#8129 = EDGE_LOOP('',(#8130,#8131,#8132,#8133));
#8130 = ORIENTED_EDGE('',*,*,#8097,.T.);
#8131 = ORIENTED_EDGE('',*,*,#7970,.T.);
#8132 = ORIENTED_EDGE('',*,*,#8031,.F.);
#8133 = ORIENTED_EDGE('',*,*,#7565,.F.);
#8134 = ( GEOMETRIC_REPRESENTATION_CONTEXT(3) 
GLOBAL_UNCERTAINTY_ASSIGNED_CONTEXT((#8138)) 
GLOBAL_UNIT_ASSIGNED_CONTEXT((#8135,#8136,#8137)) REPRESENTATION_CONTEXT
('Context #1','3D Context with UNIT and UNCERTAINTY') );
#8135 = ( LENGTH_UNIT() NAMED_UNIT(*) SI_UNIT(.MILLI.,.METRE.) );
#8136 = ( NAMED_UNIT(*) PLANE_ANGLE_UNIT() SI_UNIT($,.RADIAN.) );
#8137 = ( NAMED_UNIT(*) SI_UNIT($,.STERADIAN.) SOLID_ANGLE_UNIT() );
#8138 = UNCERTAINTY_MEASURE_WITH_UNIT(LENGTH_MEASURE(1.E-05),#8135,
  'distance_accuracy_value','confusion accuracy');
#8139 = CONTEXT_DEPENDENT_SHAPE_REPRESENTATION(#8140,#8142);
#8140 = ( REPRESENTATION_RELATIONSHIP('','',#4383,#10) 
REPRESENTATION_RELATIONSHIP_WITH_TRANSFORMATION(#8141) 
SHAPE_REPRESENTATION_RELATIONSHIP() );
#8141 = ITEM_DEFINED_TRANSFORMATION('','',#11,#19);
#8142 = PRODUCT_DEFINITION_SHAPE('Placement','Placement of an item',
  #8143);
#8143 = NEXT_ASSEMBLY_USAGE_OCCURRENCE('2','','',#5,#4378,$);
#8144 = PRODUCT_RELATED_PRODUCT_CATEGORY('part',$,(#4380));
ENDSEC;
END-ISO-10303-21;
