ISO-10303-21;
HEADER;
FILE_DESCRIPTION(('Open CASCADE Model'),'2;1');
FILE_NAME('Open CASCADE Shape Model','2026-09-23T15:11:13',('Author'),(
    'Open CASCADE'),'Open CASCADE STEP processor 7.9','Open CASCADE 7.9'
  ,'Unknown');
FILE_SCHEMA(('AUTOMOTIVE_DESIGN { 1 0 10303 214 1 1 1 1 }'));
ENDSEC;
DATA;
#1 = APPLICATION_PROTOCOL_DEFINITION('international standard',
  'automotive_design',2000,#2);
#2 = APPLICATION_CONTEXT(
  'core data for automotive mechanical design processes');
#3 = SHAPE_DEFINITION_REPRESENTATION(#4,#10);
#4 = PRODUCT_DEFINITION_SHAPE('','',#5);
#5 = PRODUCT_DEFINITION('design','',#6,#9);
#6 = PRODUCT_DEFINITION_FORMATION('','',#7);
#7 = PRODUCT('Open CASCADE STEP translator 7.9 1',
  'Open CASCADE STEP translator 7.9 1','',(#8));
#8 = PRODUCT_CONTEXT('',#2,'mechanical');
#9 = PRODUCT_DEFINITION_CONTEXT('part definition',#2,'design');
#10 = SHAPE_REPRESENTATION('',(#11,#15,#19),#23);
#11 = AXIS2_PLACEMENT_3D('',#12,#13,#14);
#12 = CARTESIAN_POINT('',(0.,0.,0.));
#13 = DIRECTION('',(0.,0.,1.));
#14 = DIRECTION('',(1.,0.,-0.));
#15 = AXIS2_PLACEMENT_3D('',#16,#17,#18);
#16 = CARTESIAN_POINT('',(0.,0.,0.));
#17 = DIRECTION('',(0.,0.,1.));
#18 = DIRECTION('',(1.,0.,-0.));
#19 = AXIS2_PLACEMENT_3D('',#20,#21,#22);
#20 = CARTESIAN_POINT('',(0.,0.,0.));
#21 = DIRECTION('',(0.,0.,1.));
#22 = DIRECTION('',(1.,0.,-0.));
#23 = ( GEOMETRIC_REPRESENTATION_CONTEXT(3) 
GLOBAL_UNCERTAINTY_ASSIGNED_CONTEXT((#27)) GLOBAL_UNIT_ASSIGNED_CONTEXT(
(#24,#25,#26)) REPRESENTATION_CONTEXT('Context #1',
  '3D Context with UNIT and UNCERTAINTY') );
#24 = ( LENGTH_UNIT() NAMED_UNIT(*) SI_UNIT(.MILLI.,.METRE.) );
#25 = ( NAMED_UNIT(*) PLANE_ANGLE_UNIT() SI_UNIT($,.RADIAN.) );
#26 = ( NAMED_UNIT(*) SI_UNIT($,.STERADIAN.) SOLID_ANGLE_UNIT() );
#27 = UNCERTAINTY_MEASURE_WITH_UNIT(LENGTH_MEASURE(2.E-07),#24,
  'distance_accuracy_value','confusion accuracy');
#28 = PRODUCT_RELATED_PRODUCT_CATEGORY('part',$,(#7));
#29 = SHAPE_DEFINITION_REPRESENTATION(#30,#36);
#30 = PRODUCT_DEFINITION_SHAPE('','',#31);
#31 = PRODUCT_DEFINITION('design','',#32,#35);
#32 = PRODUCT_DEFINITION_FORMATION('','',#33);
#33 = PRODUCT('Open CASCADE STEP translator 7.9 1.1',
  'Open CASCADE STEP translator 7.9 1.1','',(#34));
#34 = PRODUCT_CONTEXT('',#2,'mechanical');
#35 = PRODUCT_DEFINITION_CONTEXT('part definition',#2,'design');
#36 = ADVANCED_BREP_SHAPE_REPRESENTATION('',(#11,#37),#6467);
#37 = MANIFOLD_SOLID_BREP('',#38);
#38 = CLOSED_SHELL('',(#39,#2213,#2294,#2376,#2425,#2496,#2545,#2635,
    #2834,#2918,#2972,#3023,#3094,#3143,#3192,#3241,#3290,#3317,#3388,
    #3437,#3486,#3535,#3584,#3611,#3682,#3731,#3780,#3829,#3878,#3905,
    #3976,#4025,#4074,#4123,#4172,#4199,#4270,#4319,#4368,#4417,#4466,
    #4493,#4564,#4613,#4662,#4711,#4760,#4787,#4858,#4907,#4956,#5005,
    #5054,#5081,#5152,#5201,#5250,#5299,#5348,#5375,#5851,#5911,#5941,
    #5990,#6020,#6091,#6162,#6200,#6235,#6279,#6342,#6397,#6403,#6429,
    #6455,#6461));
#39 = ADVANCED_FACE('',(#40,#853,#1023,#1193,#1363,#1533,#1703,#1873,
    #2043),#54,.F.);
#40 = FACE_BOUND('',#41,.F.);
#41 = EDGE_LOOP('',(#42,#77,#105,#133,#169,#197,#484,#512,#540,#568));
#42 = ORIENTED_EDGE('',*,*,#43,.T.);
#43 = EDGE_CURVE('',#44,#46,#48,.T.);
#44 = VERTEX_POINT('',#45);
#45 = CARTESIAN_POINT('',(207.9625,25.558047970125,-2.654126918245E-16)
  );
#46 = VERTEX_POINT('',#47);
#47 = CARTESIAN_POINT('',(207.9625,0.,0.));
#48 = SURFACE_CURVE('',#49,(#53,#65),.PCURVE_S1.);
#49 = LINE('',#50,#51);
#50 = CARTESIAN_POINT('',(207.9625,30.660588717974,0.));
#51 = VECTOR('',#52,1.);
#52 = DIRECTION('',(0.,-1.,0.));
#53 = PCURVE('',#54,#59);
#54 = PLANE('',#55);
#55 = AXIS2_PLACEMENT_3D('',#56,#57,#58);
#56 = CARTESIAN_POINT('',(217.64725266008,53.255729267513,0.));
#57 = DIRECTION('',(0.,0.,1.));
#58 = DIRECTION('',(1.,0.,-0.));
#59 = DEFINITIONAL_REPRESENTATION('',(#60),#64);
#60 = LINE('',#61,#62);
#61 = CARTESIAN_POINT('',(-9.68475266008,-22.59514054953));
#62 = VECTOR('',#63,1.);
#63 = DIRECTION('',(0.,-1.));
#64 = ( GEOMETRIC_REPRESENTATION_CONTEXT(2) 
PARAMETRIC_REPRESENTATION_CONTEXT() REPRESENTATION_CONTEXT('2D SPACE',''
  ) );
#65 = PCURVE('',#66,#71);
#66 = PLANE('',#67);
#67 = AXIS2_PLACEMENT_3D('',#68,#69,#70);
#68 = CARTESIAN_POINT('',(207.9625,8.065448168434,6.387113397674));
#69 = DIRECTION('',(-1.,-0.,-0.));
#70 = DIRECTION('',(0.,0.,-1.));
#71 = DEFINITIONAL_REPRESENTATION('',(#72),#76);
#72 = LINE('',#73,#74);
#73 = CARTESIAN_POINT('',(6.387113397674,-22.59514054954));
#74 = VECTOR('',#75,1.);
#75 = DIRECTION('',(0.,1.));
#76 = ( GEOMETRIC_REPRESENTATION_CONTEXT(2) 
PARAMETRIC_REPRESENTATION_CONTEXT() REPRESENTATION_CONTEXT('2D SPACE',''
  ) );
#77 = ORIENTED_EDGE('',*,*,#78,.T.);
#78 = EDGE_CURVE('',#46,#79,#81,.T.);
#79 = VERTEX_POINT('',#80);
#80 = CARTESIAN_POINT('',(403.225,0.,0.));
#81 = SURFACE_CURVE('',#82,(#86,#93),.PCURVE_S1.);
#82 = LINE('',#83,#84);
#83 = CARTESIAN_POINT('',(0.,0.,0.));
#84 = VECTOR('',#85,1.);
#85 = DIRECTION('',(1.,0.,0.));
#86 = PCURVE('',#54,#87);
#87 = DEFINITIONAL_REPRESENTATION('',(#88),#92);
#88 = LINE('',#89,#90);
#89 = CARTESIAN_POINT('',(-217.64725266,-53.25572926751));
#90 = VECTOR('',#91,1.);
#91 = DIRECTION('',(1.,0.));
#92 = ( GEOMETRIC_REPRESENTATION_CONTEXT(2) 
PARAMETRIC_REPRESENTATION_CONTEXT() REPRESENTATION_CONTEXT('2D SPACE',''
  ) );
#93 = PCURVE('',#94,#99);
#94 = PLANE('',#95);
#95 = AXIS2_PLACEMENT_3D('',#96,#97,#98);
#96 = CARTESIAN_POINT('',(0.,0.,0.));
#97 = DIRECTION('',(0.,1.,0.));
#98 = DIRECTION('',(1.,0.,0.));
#99 = DEFINITIONAL_REPRESENTATION('',(#100),#104);
#100 = LINE('',#101,#102);
#101 = CARTESIAN_POINT('',(0.,0.));
#102 = VECTOR('',#103,1.);
#103 = DIRECTION('',(1.,0.));
#104 = ( GEOMETRIC_REPRESENTATION_CONTEXT(2) 
PARAMETRIC_REPRESENTATION_CONTEXT() REPRESENTATION_CONTEXT('2D SPACE',''
  ) );
#105 = ORIENTED_EDGE('',*,*,#106,.T.);
#106 = EDGE_CURVE('',#79,#107,#109,.T.);
#107 = VERTEX_POINT('',#108);
#108 = CARTESIAN_POINT('',(403.225,152.4,0.));
#109 = SURFACE_CURVE('',#110,(#114,#121),.PCURVE_S1.);
#110 = LINE('',#111,#112);
#111 = CARTESIAN_POINT('',(403.225,0.,0.));
#112 = VECTOR('',#113,1.);
#113 = DIRECTION('',(0.,1.,0.));
#114 = PCURVE('',#54,#115);
#115 = DEFINITIONAL_REPRESENTATION('',(#116),#120);
#116 = LINE('',#117,#118);
#117 = CARTESIAN_POINT('',(185.57774733992,-53.25572926751));
#118 = VECTOR('',#119,1.);
#119 = DIRECTION('',(0.,1.));
#120 = ( GEOMETRIC_REPRESENTATION_CONTEXT(2) 
PARAMETRIC_REPRESENTATION_CONTEXT() REPRESENTATION_CONTEXT('2D SPACE',''
  ) );
#121 = PCURVE('',#122,#127);
#122 = PLANE('',#123);
#123 = AXIS2_PLACEMENT_3D('',#124,#125,#126);
#124 = CARTESIAN_POINT('',(403.225,0.,0.));
#125 = DIRECTION('',(-1.,0.,0.));
#126 = DIRECTION('',(0.,1.,0.));
#127 = DEFINITIONAL_REPRESENTATION('',(#128),#132);
#128 = LINE('',#129,#130);
#129 = CARTESIAN_POINT('',(0.,0.));
#130 = VECTOR('',#131,1.);
#131 = DIRECTION('',(1.,0.));
#132 = ( GEOMETRIC_REPRESENTATION_CONTEXT(2) 
PARAMETRIC_REPRESENTATION_CONTEXT() REPRESENTATION_CONTEXT('2D SPACE',''
  ) );
#133 = ORIENTED_EDGE('',*,*,#134,.T.);
#134 = EDGE_CURVE('',#107,#135,#137,.T.);
#135 = VERTEX_POINT('',#136);
#136 = CARTESIAN_POINT('',(207.9625,90.41019696742,0.));
#137 = SURFACE_CURVE('',#138,(#143,#154),.PCURVE_S1.);
#138 = ELLIPSE('',#139,424.44736842105,110.79605803202);
#139 = AXIS2_PLACEMENT_3D('',#140,#141,#142);
#140 = CARTESIAN_POINT('',(0.,186.99605803202,0.));
#141 = DIRECTION('',(0.,0.,-1.));
#142 = DIRECTION('',(1.,0.,0.));
#143 = PCURVE('',#54,#144);
#144 = DEFINITIONAL_REPRESENTATION('',(#145),#153);
#145 = ( BOUNDED_CURVE() B_SPLINE_CURVE(2,(#146,#147,#148,#149,#150,#151
,#152),.UNSPECIFIED.,.T.,.F.) B_SPLINE_CURVE_WITH_KNOTS((1,2,2,2,2,1),(
    -2.094395102393,0.,2.094395102393,4.188790204786,6.28318530718,
8.377580409573),.UNSPECIFIED.) CURVE() GEOMETRIC_REPRESENTATION_ITEM() 
RATIONAL_B_SPLINE_CURVE((1.,0.5,1.,0.5,1.,0.5,1.)) REPRESENTATION_ITEM(
  '') );
#146 = CARTESIAN_POINT('',(206.80011576097,133.7403287645));
#147 = CARTESIAN_POINT('',(206.80011576097,-58.1640730253));
#148 = CARTESIAN_POINT('',(-429.8709368706,37.788127869603));
#149 = CARTESIAN_POINT('',(-1.066541989502E+03,133.7403287645));
#150 = CARTESIAN_POINT('',(-429.8709368706,229.69252965941));
#151 = CARTESIAN_POINT('',(206.80011576096,325.64473055431));
#152 = CARTESIAN_POINT('',(206.80011576097,133.7403287645));
#153 = ( GEOMETRIC_REPRESENTATION_CONTEXT(2) 
PARAMETRIC_REPRESENTATION_CONTEXT() REPRESENTATION_CONTEXT('2D SPACE',''
  ) );
#154 = PCURVE('',#155,#163);
#155 = SURFACE_OF_LINEAR_EXTRUSION('',#156,#161);
#156 = ELLIPSE('',#157,424.44736842105,110.79605803202);
#157 = AXIS2_PLACEMENT_3D('',#158,#159,#160);
#158 = CARTESIAN_POINT('',(0.,186.99605803202,0.));
#159 = DIRECTION('',(0.,0.,-1.));
#160 = DIRECTION('',(1.,0.,0.));
#161 = VECTOR('',#162,1.);
#162 = DIRECTION('',(-0.,-0.,-1.));
#163 = DEFINITIONAL_REPRESENTATION('',(#164),#168);
#164 = LINE('',#165,#166);
#165 = CARTESIAN_POINT('',(0.,0.));
#166 = VECTOR('',#167,1.);
#167 = DIRECTION('',(1.,0.));
#168 = ( GEOMETRIC_REPRESENTATION_CONTEXT(2) 
PARAMETRIC_REPRESENTATION_CONTEXT() REPRESENTATION_CONTEXT('2D SPACE',''
  ) );
#169 = ORIENTED_EDGE('',*,*,#170,.T.);
#170 = EDGE_CURVE('',#135,#171,#173,.T.);
#171 = VERTEX_POINT('',#172);
#172 = CARTESIAN_POINT('',(207.9625,64.912070489875,-8.847089727482E-17)
  );
#173 = SURFACE_CURVE('',#174,(#178,#185),.PCURVE_S1.);
#174 = LINE('',#175,#176);
#175 = CARTESIAN_POINT('',(207.9625,92.712670164539,0.));
#176 = VECTOR('',#177,1.);
#177 = DIRECTION('',(0.,-1.,0.));
#178 = PCURVE('',#54,#179);
#179 = DEFINITIONAL_REPRESENTATION('',(#180),#184);
#180 = LINE('',#181,#182);
#181 = CARTESIAN_POINT('',(-9.68475266008,39.456940897026));
#182 = VECTOR('',#183,1.);
#183 = DIRECTION('',(0.,-1.));
#184 = ( GEOMETRIC_REPRESENTATION_CONTEXT(2) 
PARAMETRIC_REPRESENTATION_CONTEXT() REPRESENTATION_CONTEXT('2D SPACE',''
  ) );
#185 = PCURVE('',#186,#191);
#186 = PLANE('',#187);
#187 = AXIS2_PLACEMENT_3D('',#188,#189,#190);
#188 = CARTESIAN_POINT('',(207.9625,132.16961106156,6.362546538376));
#189 = DIRECTION('',(-1.,-0.,-0.));
#190 = DIRECTION('',(0.,0.,-1.));
#191 = DEFINITIONAL_REPRESENTATION('',(#192),#196);
#192 = LINE('',#193,#194);
#193 = CARTESIAN_POINT('',(6.362546538376,39.456940897021));
#194 = VECTOR('',#195,1.);
#195 = DIRECTION('',(0.,1.));
#196 = ( GEOMETRIC_REPRESENTATION_CONTEXT(2) 
PARAMETRIC_REPRESENTATION_CONTEXT() REPRESENTATION_CONTEXT('2D SPACE',''
  ) );
#197 = ORIENTED_EDGE('',*,*,#198,.F.);
#198 = EDGE_CURVE('',#199,#171,#201,.T.);
#199 = VERTEX_POINT('',#200);
#200 = CARTESIAN_POINT('',(207.51249998266,64.468317626726,
    5.551115123126E-17));
#201 = SURFACE_CURVE('',#202,(#233,#267),.PCURVE_S1.);
#202 = B_SPLINE_CURVE_WITH_KNOTS('',8,(#203,#204,#205,#206,#207,#208,
    #209,#210,#211,#212,#213,#214,#215,#216,#217,#218,#219,#220,#221,
    #222,#223,#224,#225,#226,#227,#228,#229,#230,#231,#232),
  .UNSPECIFIED.,.F.,.F.,(9,7,7,7,9),(0.,0.125,0.25,0.5,1.),
  .UNSPECIFIED.);
#203 = CARTESIAN_POINT('',(207.51249998266,64.468317626726,
    5.551115123126E-17));
#204 = CARTESIAN_POINT('',(207.52206166297,64.462793822566,
    5.551115123126E-17));
#205 = CARTESIAN_POINT('',(207.53225345199,64.458703097211,
    5.326143172335E-17));
#206 = CARTESIAN_POINT('',(207.54294483958,64.455975105111,
    5.21365719694E-17));
#207 = CARTESIAN_POINT('',(207.55407333964,64.454633981813,
    5.101171221544E-17));
#208 = CARTESIAN_POINT('',(207.56518315919,64.454485428374,
    4.988685246149E-17));
#209 = CARTESIAN_POINT('',(207.57602440401,64.455273200656,
    4.876199270754E-17));
#210 = CARTESIAN_POINT('',(207.5869237047,64.456886010066,
    4.763713295358E-17));
#211 = CARTESIAN_POINT('',(207.60835058967,64.461505674646,
    4.538741344567E-17));
#212 = CARTESIAN_POINT('',(207.61889938157,64.464501532429,
    4.426255369172E-17));
#213 = CARTESIAN_POINT('',(207.62927767357,64.468078042928,
    4.313769393777E-17));
#214 = CARTESIAN_POINT('',(207.63948136962,64.472145642261,
    4.201283418382E-17));
#215 = CARTESIAN_POINT('',(207.64950812682,64.476630575453,
    4.088797442986E-17));
#216 = CARTESIAN_POINT('',(207.65935735551,64.48147489642,
    3.976311467591E-17));
#217 = CARTESIAN_POINT('',(207.66903021924,64.486636467984,
    3.863825492195E-17));
#218 = CARTESIAN_POINT('',(207.69752846584,64.502993949619,
    3.526367566009E-17));
#219 = CARTESIAN_POINT('',(207.71586787985,64.515059544934,
    3.301395615218E-17));
#220 = CARTESIAN_POINT('',(207.73357874184,64.528032934994,
    3.076423664428E-17));
#221 = CARTESIAN_POINT('',(207.75069499342,64.541756442536,
    2.851451713637E-17));
#222 = CARTESIAN_POINT('',(207.76724647466,64.556139849369,
    2.626479762846E-17));
#223 = CARTESIAN_POINT('',(207.78325174579,64.571132719988,
    2.401507812055E-17));
#224 = CARTESIAN_POINT('',(207.79871090911,64.586696725078,
    2.176535861265E-17));
#225 = CARTESIAN_POINT('',(207.8433734739,64.634940445199,
    1.501620008892E-17));
#226 = CARTESIAN_POINT('',(207.87086458601,64.66919741229,
    1.051676107311E-17));
#227 = CARTESIAN_POINT('',(207.8959686565,64.705177207634,
    6.017322057294E-18));
#228 = CARTESIAN_POINT('',(207.9186242865,64.7434297689,
    1.51788304148E-18));
#229 = CARTESIAN_POINT('',(207.93764463325,64.782690484192,
    -2.981555974335E-18));
#230 = CARTESIAN_POINT('',(207.95320167834,64.824556055611,
    -7.48099499015E-18));
#231 = CARTESIAN_POINT('',(207.9625,64.868244682589,-1.647987302178E-17)
  );
#232 = CARTESIAN_POINT('',(207.9625,64.912070489875,-1.647987302178E-17)
  );
#233 = PCURVE('',#54,#234);
#234 = DEFINITIONAL_REPRESENTATION('',(#235),#266);
#235 = B_SPLINE_CURVE_WITH_KNOTS('',8,(#236,#237,#238,#239,#240,#241,
    #242,#243,#244,#245,#246,#247,#248,#249,#250,#251,#252,#253,#254,
    #255,#256,#257,#258,#259,#260,#261,#262,#263,#264,#265),
  .UNSPECIFIED.,.F.,.F.,(9,7,7,7,9),(0.,0.125,0.25,0.5,1.),
  .UNSPECIFIED.);
#236 = CARTESIAN_POINT('',(-10.13475267742,11.212588359213));
#237 = CARTESIAN_POINT('',(-10.12519099711,11.207064555053));
#238 = CARTESIAN_POINT('',(-10.11499920809,11.202973829698));
#239 = CARTESIAN_POINT('',(-10.1043078205,11.200245837598));
#240 = CARTESIAN_POINT('',(-10.09317932044,11.1989047143));
#241 = CARTESIAN_POINT('',(-10.08206950089,11.198756160861));
#242 = CARTESIAN_POINT('',(-10.07122825607,11.199543933143));
#243 = CARTESIAN_POINT('',(-10.06032895538,11.201156742553));
#244 = CARTESIAN_POINT('',(-10.03890207041,11.205776407133));
#245 = CARTESIAN_POINT('',(-10.02835327851,11.208772264916));
#246 = CARTESIAN_POINT('',(-10.01797498651,11.212348775415));
#247 = CARTESIAN_POINT('',(-10.00777129046,11.216416374748));
#248 = CARTESIAN_POINT('',(-9.99774453326,11.22090130794));
#249 = CARTESIAN_POINT('',(-9.98789530457,11.225745628907));
#250 = CARTESIAN_POINT('',(-9.97822244084,11.230907200471));
#251 = CARTESIAN_POINT('',(-9.94972419424,11.247264682106));
#252 = CARTESIAN_POINT('',(-9.93138478023,11.259330277421));
#253 = CARTESIAN_POINT('',(-9.91367391824,11.272303667481));
#254 = CARTESIAN_POINT('',(-9.89655766666,11.286027175023));
#255 = CARTESIAN_POINT('',(-9.88000618542,11.300410581856));
#256 = CARTESIAN_POINT('',(-9.86400091429,11.315403452475));
#257 = CARTESIAN_POINT('',(-9.84854175097,11.330967457565));
#258 = CARTESIAN_POINT('',(-9.80387918618,11.379211177686));
#259 = CARTESIAN_POINT('',(-9.77638807407,11.413468144777));
#260 = CARTESIAN_POINT('',(-9.75128400358,11.449447940121));
#261 = CARTESIAN_POINT('',(-9.72862837358,11.487700501387));
#262 = CARTESIAN_POINT('',(-9.70960802683,11.526961216679));
#263 = CARTESIAN_POINT('',(-9.69405098174,11.568826788098));
#264 = CARTESIAN_POINT('',(-9.68475266008,11.612515415076));
#265 = CARTESIAN_POINT('',(-9.68475266008,11.656341222362));
#266 = ( GEOMETRIC_REPRESENTATION_CONTEXT(2) 
PARAMETRIC_REPRESENTATION_CONTEXT() REPRESENTATION_CONTEXT('2D SPACE',''
  ) );
#267 = PCURVE('',#268,#479);
#268 = B_SPLINE_SURFACE_WITH_KNOTS('',6,8,(
    (#269,#270,#271,#272,#273,#274,#275,#276,#277,#278,#279,#280,#281
      ,#282,#283,#284,#285,#286,#287,#288,#289,#290,#291,#292,#293,#294
      ,#295,#296,#297,#298)
    ,(#299,#300,#301,#302,#303,#304,#305,#306,#307,#308,#309,#310,#311
      ,#312,#313,#314,#315,#316,#317,#318,#319,#320,#321,#322,#323,#324
      ,#325,#326,#327,#328)
    ,(#329,#330,#331,#332,#333,#334,#335,#336,#337,#338,#339,#340,#341
      ,#342,#343,#344,#345,#346,#347,#348,#349,#350,#351,#352,#353,#354
      ,#355,#356,#357,#358)
    ,(#359,#360,#361,#362,#363,#364,#365,#366,#367,#368,#369,#370,#371
      ,#372,#373,#374,#375,#376,#377,#378,#379,#380,#381,#382,#383,#384
      ,#385,#386,#387,#388)
    ,(#389,#390,#391,#392,#393,#394,#395,#396,#397,#398,#399,#400,#401
      ,#402,#403,#404,#405,#406,#407,#408,#409,#410,#411,#412,#413,#414
      ,#415,#416,#417,#418)
    ,(#419,#420,#421,#422,#423,#424,#425,#426,#427,#428,#429,#430,#431
      ,#432,#433,#434,#435,#436,#437,#438,#439,#440,#441,#442,#443,#444
      ,#445,#446,#447,#448)
    ,(#449,#450,#451,#452,#453,#454,#455,#456,#457,#458,#459,#460,#461
      ,#462,#463,#464,#465,#466,#467,#468,#469,#470,#471,#472,#473,#474
      ,#475,#476,#477,#478
  )),.UNSPECIFIED.,.F.,.F.,.F.,(7,7),(9,7,7,7,9),(0.,1.),(0.,0.125,0.25,
    0.5,1.),.UNSPECIFIED.);
#269 = CARTESIAN_POINT('',(207.51249998266,64.468317626726,
    5.551115123126E-17));
#270 = CARTESIAN_POINT('',(207.52206166297,64.462793822566,
    5.551115123126E-17));
#271 = CARTESIAN_POINT('',(207.53225345199,64.458703097211,
    5.326143172335E-17));
#272 = CARTESIAN_POINT('',(207.54294483958,64.455975105111,
    5.21365719694E-17));
#273 = CARTESIAN_POINT('',(207.55407333964,64.454633981813,
    5.101171221544E-17));
#274 = CARTESIAN_POINT('',(207.56518315919,64.454485428374,
    4.988685246149E-17));
#275 = CARTESIAN_POINT('',(207.57602440401,64.455273200656,
    4.876199270754E-17));
#276 = CARTESIAN_POINT('',(207.5869237047,64.456886010066,
    4.763713295358E-17));
#277 = CARTESIAN_POINT('',(207.60835058967,64.461505674646,
    4.538741344567E-17));
#278 = CARTESIAN_POINT('',(207.61889938157,64.464501532429,
    4.426255369172E-17));
#279 = CARTESIAN_POINT('',(207.62927767357,64.468078042928,
    4.313769393777E-17));
#280 = CARTESIAN_POINT('',(207.63948136962,64.472145642261,
    4.201283418382E-17));
#281 = CARTESIAN_POINT('',(207.64950812682,64.476630575453,
    4.088797442986E-17));
#282 = CARTESIAN_POINT('',(207.65935735551,64.48147489642,
    3.976311467591E-17));
#283 = CARTESIAN_POINT('',(207.66903021924,64.486636467984,
    3.863825492195E-17));
#284 = CARTESIAN_POINT('',(207.69752846584,64.502993949619,
    3.526367566009E-17));
#285 = CARTESIAN_POINT('',(207.71586787985,64.515059544934,
    3.301395615218E-17));
#286 = CARTESIAN_POINT('',(207.73357874184,64.528032934994,
    3.076423664428E-17));
#287 = CARTESIAN_POINT('',(207.75069499342,64.541756442536,
    2.851451713637E-17));
#288 = CARTESIAN_POINT('',(207.76724647466,64.556139849369,
    2.626479762846E-17));
#289 = CARTESIAN_POINT('',(207.78325174579,64.571132719988,
    2.401507812055E-17));
#290 = CARTESIAN_POINT('',(207.79871090911,64.586696725078,
    2.176535861265E-17));
#291 = CARTESIAN_POINT('',(207.8433734739,64.634940445199,
    1.501620008892E-17));
#292 = CARTESIAN_POINT('',(207.87086458601,64.66919741229,
    1.051676107311E-17));
#293 = CARTESIAN_POINT('',(207.8959686565,64.705177207634,
    6.017322057294E-18));
#294 = CARTESIAN_POINT('',(207.9186242865,64.7434297689,
    1.51788304148E-18));
#295 = CARTESIAN_POINT('',(207.93764463325,64.782690484192,
    -2.981555974335E-18));
#296 = CARTESIAN_POINT('',(207.95320167834,64.824556055611,
    -7.48099499015E-18));
#297 = CARTESIAN_POINT('',(207.9625,64.868244682589,-1.647987302178E-17)
  );
#298 = CARTESIAN_POINT('',(207.9625,64.912070489875,-1.647987302178E-17)
  );
#299 = CARTESIAN_POINT('',(207.5525438988,64.537633466526,
    5.551115123126E-17));
#300 = CARTESIAN_POINT('',(207.56122159172,64.532106979506,
    4.010099803724E-17));
#301 = CARTESIAN_POINT('',(207.57044477374,64.52781003452,
    2.219826863007E-17));
#302 = CARTESIAN_POINT('',(207.58010314477,64.524684899783,
    7.230813535417E-18));
#303 = CARTESIAN_POINT('',(207.59014304483,64.522752497094,
    -6.658987894961E-18));
#304 = CARTESIAN_POINT('',(207.60018301694,64.521851635788,
    -1.95064825978E-17));
#305 = CARTESIAN_POINT('',(207.61001315057,64.521769417901,
    -3.134704668357E-17));
#306 = CARTESIAN_POINT('',(207.61990394258,64.522413653358,
    -4.221692773914E-17));
#307 = CARTESIAN_POINT('',(207.639396881,64.524942594768,
    -6.208647087134E-17));
#308 = CARTESIAN_POINT('',(207.64901670645,64.526818135317,
    -7.108614123564E-17));
#309 = CARTESIAN_POINT('',(207.65850328224,64.52921739748,
    -7.918657212614E-17));
#310 = CARTESIAN_POINT('',(207.66785145137,64.532066114862,
    -8.642364874823E-17));
#311 = CARTESIAN_POINT('',(207.67705750563,64.535303102916,
    -9.283327978475E-17));
#312 = CARTESIAN_POINT('',(207.68611918572,64.538880258929,
    -9.845139739591E-17));
#313 = CARTESIAN_POINT('',(207.6950356812,64.542762562033,
    -1.033139572194E-16));
#314 = CARTESIAN_POINT('',(207.72135152895,64.555259095533,
    -1.157429006718E-16));
#315 = CARTESIAN_POINT('',(207.738345915,64.564720371821,
    -1.211505855894E-16));
#316 = CARTESIAN_POINT('',(207.75480226335,64.575101248822,
    -1.239677937338E-16));
#317 = CARTESIAN_POINT('',(207.77073462091,64.586268819561,
    -1.244824732561E-16));
#318 = CARTESIAN_POINT('',(207.78615381293,64.598144909901,
    -1.229826759797E-16));
#319 = CARTESIAN_POINT('',(207.80106164892,64.61068306521,
    -1.197565135324E-16));
#320 = CARTESIAN_POINT('',(207.81544512881,64.623845536911,
    -1.150921134781E-16));
#321 = CARTESIAN_POINT('',(207.85692168902,64.665049733599,
    -9.764849939119E-17));
#322 = CARTESIAN_POINT('',(207.88234307748,64.694829559103,
    -8.141888857554E-17));
#323 = CARTESIAN_POINT('',(207.90535022513,64.72655310091,
    -6.289392835334E-17));
#324 = CARTESIAN_POINT('',(207.92580523451,64.760601062266,
    -4.437867277101E-17));
#325 = CARTESIAN_POINT('',(207.94264967358,64.795824484858,
    -2.817802894238E-17));
#326 = CARTESIAN_POINT('',(207.95597913624,64.833446333796,
    -1.659497617479E-17));
#327 = CARTESIAN_POINT('',(207.96344024465,64.872701253406,
    -1.921597200644E-17));
#328 = CARTESIAN_POINT('',(207.9625,64.912070489875,-1.647987302178E-17)
  );
#329 = CARTESIAN_POINT('',(207.59258404329,64.606942777619,
    2.562618700803E-02));
#330 = CARTESIAN_POINT('',(207.6005075263,64.601638251959,
    2.533845961667E-02));
#331 = CARTESIAN_POINT('',(207.609313893,64.598182499792,
    2.640768081114E-02));
#332 = CARTESIAN_POINT('',(207.61807333811,64.59504076563,
    2.670811225715E-02));
#333 = CARTESIAN_POINT('',(207.62704586843,64.592721064105,
    2.695077596841E-02));
#334 = CARTESIAN_POINT('',(207.63599821312,64.591135111564,
    2.713814710601E-02));
#335 = CARTESIAN_POINT('',(207.64480330727,64.590160710864,
    2.727267385529E-02));
#336 = CARTESIAN_POINT('',(207.6536326178,64.589734772217,
    2.735617246848E-02));
#337 = CARTESIAN_POINT('',(207.6710837322,64.589862942538,
    2.742570135015E-02));
#338 = CARTESIAN_POINT('',(207.67971688773,64.590411012896,
    2.741172560383E-02));
#339 = CARTESIAN_POINT('',(207.68825359206,64.591390786227,
    2.735109684037E-02));
#340 = CARTESIAN_POINT('',(207.69669010016,64.592757633802,
    2.724587892963E-02));
#341 = CARTESIAN_POINT('',(207.70502297145,64.594474580384,
    2.70981124413E-02));
#342 = CARTESIAN_POINT('',(207.71324906981,64.596512304229,
    2.690981464488E-02));
#343 = CARTESIAN_POINT('',(207.72136556361,64.598849137086,
    2.668297950973E-02));
#344 = CARTESIAN_POINT('',(207.74537864975,64.606714918414,
    2.589277409555E-02));
#345 = CARTESIAN_POINT('',(207.76095832358,64.613096706301,
    2.521967630704E-02));
#346 = CARTESIAN_POINT('',(207.77609579026,64.6204825209,
    2.441607390219E-02));
#347 = CARTESIAN_POINT('',(207.79077743642,64.628781253728,
    2.349754341103E-02));
#348 = CARTESIAN_POINT('',(207.80498673129,64.637930896987,
    2.247948334373E-02));
#349 = CARTESIAN_POINT('',(207.81870176553,64.647884845846,
    2.137714920353E-02));
#350 = CARTESIAN_POINT('',(207.83189279029,64.658598200643,
    2.020568849959E-02));
#351 = CARTESIAN_POINT('',(207.86977368774,64.692845806178,
    1.652915028047E-02));
#352 = CARTESIAN_POINT('',(207.89277160033,64.718500965495,
    1.386190641716E-02));
#353 = CARTESIAN_POINT('',(207.91324996662,64.746548779065,
    1.10987746902E-02));
#354 = CARTESIAN_POINT('',(207.9309971361,64.776986619946,
    8.358737742551E-03));
#355 = CARTESIAN_POINT('',(207.94531612828,64.808791004511,
    5.759658915271E-03));
#356 = CARTESIAN_POINT('',(207.95626317079,64.842464107367,
    3.419912440028E-03));
#357 = CARTESIAN_POINT('',(207.96362829358,64.879253233088,
    4.295634074625E-03));
#358 = CARTESIAN_POINT('',(207.9625,64.912070489875,-2.584737979205E-17)
  );
#359 = CARTESIAN_POINT('',(207.6275148405,64.667407831408,
    7.692268342237E-02));
#360 = CARTESIAN_POINT('',(207.63471026532,64.662370535621,
    7.610596750528E-02));
#361 = CARTESIAN_POINT('',(207.64208505803,64.657928816186,
    7.542601285012E-02));
#362 = CARTESIAN_POINT('',(207.64972229618,64.654280128754,
    7.462154195096E-02));
#363 = CARTESIAN_POINT('',(207.65755937314,64.651348262204,
    7.378083284747E-02));
#364 = CARTESIAN_POINT('',(207.66539308333,64.649069521939,
    7.290622741193E-02));
#365 = CARTESIAN_POINT('',(207.67311517344,64.647347554447,
    7.200001134195E-02));
#366 = CARTESIAN_POINT('',(207.68088561844,64.646117820597,
    7.106305311605E-02));
#367 = CARTESIAN_POINT('',(207.69629462508,64.644558683618,
    6.913154843709E-02));
#368 = CARTESIAN_POINT('',(207.70394386273,64.644223394803,
    6.813698849862E-02));
#369 = CARTESIAN_POINT('',(207.71153575293,64.644288312892,
    6.71151036144E-02));
#370 = CARTESIAN_POINT('',(207.71906771182,64.644715823644,
    6.6067328844E-02));
#371 = CARTESIAN_POINT('',(207.72653665343,64.645474771348,
    6.499505165338E-02));
#372 = CARTESIAN_POINT('',(207.73393898968,64.646540458818,
    6.389961191485E-02));
#373 = CARTESIAN_POINT('',(207.74127063041,64.647894647401,
    6.278230190708E-02));
#374 = CARTESIAN_POINT('',(207.76303968922,64.6527873761,
    5.936849513122E-02));
#375 = CARTESIAN_POINT('',(207.7772709178,64.657152772527,
    5.701006026858E-02));
#376 = CARTESIAN_POINT('',(207.79119424278,64.66250796312,
    5.457907292141E-02));
#377 = CARTESIAN_POINT('',(207.80478002962,64.668773926514,
    5.20851452794E-02));
#378 = CARTESIAN_POINT('',(207.81799430287,64.675894790606,
    4.953756667156E-02));
#379 = CARTESIAN_POINT('',(207.83079761368,64.683826220126,
    4.694537970977E-02));
#380 = CARTESIAN_POINT('',(207.84314390713,64.692523804122,
    4.431745643262E-02));
#381 = CARTESIAN_POINT('',(207.87865035489,64.720746722331,
    3.635281048174E-02));
#382 = CARTESIAN_POINT('',(207.9002767485,64.742414318776,
    3.093518709649E-02));
#383 = CARTESIAN_POINT('',(207.91948556202,64.76649797669,
    2.547931750072E-02));
#384 = CARTESIAN_POINT('',(207.93595193602,64.792947781679,
    2.005286379799E-02));
#385 = CARTESIAN_POINT('',(207.94898962273,64.820744948359,
    1.472188826718E-02));
#386 = CARTESIAN_POINT('',(207.95858439688,64.850341768747,
    9.554257711906E-03));
#387 = CARTESIAN_POINT('',(207.96334622018,64.880748576445,
    4.969969515734E-03));
#388 = CARTESIAN_POINT('',(207.9625,64.912070489875,-2.844946500602E-17)
  );
#389 = CARTESIAN_POINT('',(207.65210734731,64.709977350741,
    0.148270833363));
#390 = CARTESIAN_POINT('',(207.6585415613,64.70514989777,0.146176082284)
  );
#391 = CARTESIAN_POINT('',(207.664549596,64.699809093975,0.142907170429)
  );
#392 = CARTESIAN_POINT('',(207.67112535316,64.695715678446,0.14025601031
    ));
#393 = CARTESIAN_POINT('',(207.67791183685,64.692267995209,0.13762388503
    ));
#394 = CARTESIAN_POINT('',(207.68472905145,64.689419499448,
    0.135011672006));
#395 = CARTESIAN_POINT('',(207.69148245324,64.687092559211,
    0.132420173752));
#396 = CARTESIAN_POINT('',(207.69831985523,64.685223041328,
    0.129848303157));
#397 = CARTESIAN_POINT('',(207.71195515138,64.682337340424,
    0.124744521905));
#398 = CARTESIAN_POINT('',(207.71876303387,64.681315510028,
    0.122212593266));
#399 = CARTESIAN_POINT('',(207.72555941305,64.680676742243,
    0.119700358405));
#400 = CARTESIAN_POINT('',(207.73234154079,64.680388603005,
    0.117207485652));
#401 = CARTESIAN_POINT('',(207.7391056586,64.680424181639,0.11473357988)
  );
#402 = CARTESIAN_POINT('',(207.74584699758,64.680762090852,
    0.112278182505));
#403 = CARTESIAN_POINT('',(207.75255977846,64.681386466738,
    0.109840771482));
#404 = CARTESIAN_POINT('',(207.77259207779,64.684087972848,0.10258074097
    ));
#405 = CARTESIAN_POINT('',(207.78582488881,64.686989697175,
    9.7810242246E-02));
#406 = CARTESIAN_POINT('',(207.7988934969,64.690891787184,
    9.310465274538E-02));
#407 = CARTESIAN_POINT('',(207.81175085459,64.695722436896,
    8.845882806924E-02));
#408 = CARTESIAN_POINT('',(207.8243447899,64.701428400643,
    8.386719333738E-02));
#409 = CARTESIAN_POINT('',(207.83661778156,64.707965004851,
    7.932384471345E-02));
#410 = CARTESIAN_POINT('',(207.84850673426,64.71528615975,
    7.482265093002E-02));
#411 = CARTESIAN_POINT('',(207.8828147931,64.739430793937,
    6.142676258025E-02));
#412 = CARTESIAN_POINT('',(207.90387280916,64.758446437613,
    5.263972822492E-02));
#413 = CARTESIAN_POINT('',(207.92262191769,64.779926006191,
    4.394538413981E-02));
#414 = CARTESIAN_POINT('',(207.93861354523,64.803761525993,
    3.529026124543E-02));
#415 = CARTESIAN_POINT('',(207.95112848777,64.828930134808,
    2.661875736268E-02));
#416 = CARTESIAN_POINT('',(207.96005446849,64.855808148081,
    1.787767634547E-02));
#417 = CARTESIAN_POINT('',(207.96287609786,64.881351284411,
    6.626626020979E-03));
#418 = CARTESIAN_POINT('',(207.9625,64.912070489875,-3.243932900077E-17)
  );
#419 = CARTESIAN_POINT('',(207.66371027438,64.730061965623,
    0.229052486999));
#420 = CARTESIAN_POINT('',(207.66969542829,64.725984687,0.225304353507)
  );
#421 = CARTESIAN_POINT('',(207.67577625108,64.722256637584,
    0.221560074665));
#422 = CARTESIAN_POINT('',(207.68194269415,64.718865464896,
    0.217819628536));
#423 = CARTESIAN_POINT('',(207.68819672802,64.71580479452,0.214082652047
    ));
#424 = CARTESIAN_POINT('',(207.69448688048,64.713080234179,0.21035047187
    ));
#425 = CARTESIAN_POINT('',(207.70078705049,64.710685049849,
    0.206624344221));
#426 = CARTESIAN_POINT('',(207.70714491428,64.708591337906,
    0.202903942398));
#427 = CARTESIAN_POINT('',(207.71990556624,64.705013695674,
    0.195476319271));
#428 = CARTESIAN_POINT('',(207.72631197925,64.70352750097,0.191769082898
    ));
#429 = CARTESIAN_POINT('',(207.73274133002,64.702336322183,
    0.188068769235));
#430 = CARTESIAN_POINT('',(207.73918920927,64.701433423315,
    0.184375664328));
#431 = CARTESIAN_POINT('',(207.74564994783,64.700812942876,
    0.180689992754));
#432 = CARTESIAN_POINT('',(207.75211661654,64.700469893867,
    0.177011917616));
#433 = CARTESIAN_POINT('',(207.75858102635,64.700400163797,
    0.173341540546));
#434 = CARTESIAN_POINT('',(207.77793913194,64.701001216423,
    0.162353624025));
#435 = CARTESIAN_POINT('',(207.79080623871,64.702479749327,
    0.155059230152));
#436 = CARTESIAN_POINT('',(207.80356813809,64.705004925965,
    0.147796102403));
#437 = CARTESIAN_POINT('',(207.81615317245,64.708544630334,
    0.140564036962));
#438 = CARTESIAN_POINT('',(207.82848678309,64.713063762005,
    0.133362333178));
#439 = CARTESIAN_POINT('',(207.84049335657,64.718522180303,
    0.126189882848));
#440 = CARTESIAN_POINT('',(207.85209807081,64.724872648452,0.11904525951
    ));
#441 = CARTESIAN_POINT('',(207.88549008263,64.746431036364,
    9.768990416537E-02));
#442 = CARTESIAN_POINT('',(207.90585273379,64.764149493907,
    8.3557662261E-02));
#443 = CARTESIAN_POINT('',(207.92376348987,64.784754129497,
    6.951618083349E-02));
#444 = CARTESIAN_POINT('',(207.93872631021,64.807821377226,
    5.55474679279E-02));
#445 = CARTESIAN_POINT('',(207.95031017646,64.832527577816,
    4.163012093136E-02));
#446 = CARTESIAN_POINT('',(207.95833845073,64.858550027715,
    2.774357777705E-02));
#447 = CARTESIAN_POINT('',(207.9625,64.885225357918,1.386922328801E-02)
  );
#448 = CARTESIAN_POINT('',(207.9625,64.912070489875,-4.597017211339E-17)
  );
#449 = CARTESIAN_POINT('',(207.66249999306,64.727966974077,
    0.309067155008));
#450 = CARTESIAN_POINT('',(207.66816811605,64.724868411687,
    0.304029322833));
#451 = CARTESIAN_POINT('',(207.67395862998,64.721981707467,
    0.298998888909));
#452 = CARTESIAN_POINT('',(207.67986228516,64.719312198481,0.29397603961
    ));
#453 = CARTESIAN_POINT('',(207.68586955229,64.71686473776,0.288960944407
    ));
#454 = CARTESIAN_POINT('',(207.69197065411,64.714643676053,
    0.283953755232));
#455 = CARTESIAN_POINT('',(207.69815559881,64.712652846246,
    0.278954605932));
#456 = CARTESIAN_POINT('',(207.7044142144,64.710895550867,0.273963611833
    ));
#457 = CARTESIAN_POINT('',(207.71705815402,64.707853554285,
    0.263998126989));
#458 = CARTESIAN_POINT('',(207.7234435142,64.706568847595,0.259023636052
    ));
#459 = CARTESIAN_POINT('',(207.7298818759,64.705523207006,0.254057493486
    ));
#460 = CARTESIAN_POINT('',(207.73636277736,64.70471885356,0.249099776854
    ));
#461 = CARTESIAN_POINT('',(207.74287568393,64.704157454854,
    0.244150544388));
#462 = CARTESIAN_POINT('',(207.74940998802,64.703840125024,
    0.239209834995));
#463 = CARTESIAN_POINT('',(207.75595500917,64.70376742476,0.234277668254
    ));
#464 = CARTESIAN_POINT('',(207.77558996363,64.704283234369,
    0.219506796749));
#465 = CARTESIAN_POINT('',(207.78867994387,64.705605593382,0.20969371856
    ));
#466 = CARTESIAN_POINT('',(207.8016844579,64.707906582948,0.199914814904
    ));
#467 = CARTESIAN_POINT('',(207.81451807931,64.711177147524,
    0.190169769553));
#468 = CARTESIAN_POINT('',(207.82709655917,64.71539933326,0.180457955545
    ));
#469 = CARTESIAN_POINT('',(207.83933795347,64.720546589874,
    0.170778445724));
#470 = CARTESIAN_POINT('',(207.85116375016,64.726584072492,0.16113002328
    ));
#471 = CARTESIAN_POINT('',(207.88517248928,64.747238685585,
    0.132273530315));
#472 = CARTESIAN_POINT('',(207.90588672741,64.764398158873,
    0.113154240361));
#473 = CARTESIAN_POINT('',(207.92405072877,64.784605788711,
    9.414139437892E-02));
#474 = CARTESIAN_POINT('',(207.93914410293,64.807396106237,
    7.521873783873E-02));
#475 = CARTESIAN_POINT('',(207.95075047148,64.832198421037,
    5.63663417912E-02));
#476 = CARTESIAN_POINT('',(207.95858348996,64.858367013291,
    3.756165720402E-02));
#477 = CARTESIAN_POINT('',(207.9625,64.885218751775,1.878082860869E-02)
  );
#478 = CARTESIAN_POINT('',(207.9625,64.912070489875,-5.290906601729E-17)
  );
#479 = DEFINITIONAL_REPRESENTATION('',(#480),#483);
#480 = B_SPLINE_CURVE_WITH_KNOTS('',1,(#481,#482),.UNSPECIFIED.,.F.,.F.,
  (2,2),(0.,1.),.PIECEWISE_BEZIER_KNOTS.);
#481 = CARTESIAN_POINT('',(0.,0.));
#482 = CARTESIAN_POINT('',(0.,1.));
#483 = ( GEOMETRIC_REPRESENTATION_CONTEXT(2) 
PARAMETRIC_REPRESENTATION_CONTEXT() REPRESENTATION_CONTEXT('2D SPACE',''
  ) );
#484 = ORIENTED_EDGE('',*,*,#485,.T.);
#485 = EDGE_CURVE('',#199,#486,#488,.T.);
#486 = VERTEX_POINT('',#487);
#487 = CARTESIAN_POINT('',(195.6625,71.314089198188,-5.551115123126E-17)
  );
#488 = SURFACE_CURVE('',#489,(#493,#500),.PCURVE_S1.);
#489 = LINE('',#490,#491);
#490 = CARTESIAN_POINT('',(207.8078251192,64.297707632888,
    1.665334536938E-16));
#491 = VECTOR('',#492,1.);
#492 = DIRECTION('',(-0.865893403497,0.50022856154,0.));
#493 = PCURVE('',#54,#494);
#494 = DEFINITIONAL_REPRESENTATION('',(#495),#499);
#495 = LINE('',#496,#497);
#496 = CARTESIAN_POINT('',(-9.83942754088,11.041978365375));
#497 = VECTOR('',#498,1.);
#498 = DIRECTION('',(-0.865893403497,0.50022856154));
#499 = ( GEOMETRIC_REPRESENTATION_CONTEXT(2) 
PARAMETRIC_REPRESENTATION_CONTEXT() REPRESENTATION_CONTEXT('2D SPACE',''
  ) );
#500 = PCURVE('',#501,#506);
#501 = CYLINDRICAL_SURFACE('',#502,0.3);
#502 = AXIS2_PLACEMENT_3D('',#503,#504,#505);
#503 = CARTESIAN_POINT('',(207.8078251192,64.297707632888,0.3));
#504 = DIRECTION('',(-0.865893403497,0.50022856154,0.));
#505 = DIRECTION('',(0.,0.,-1.));
#506 = DEFINITIONAL_REPRESENTATION('',(#507),#511);
#507 = LINE('',#508,#509);
#508 = CARTESIAN_POINT('',(6.28318530718,0.));
#509 = VECTOR('',#510,1.);
#510 = DIRECTION('',(-0.,1.));
#511 = ( GEOMETRIC_REPRESENTATION_CONTEXT(2) 
PARAMETRIC_REPRESENTATION_CONTEXT() REPRESENTATION_CONTEXT('2D SPACE',''
  ) );
#512 = ORIENTED_EDGE('',*,*,#513,.T.);
#513 = EDGE_CURVE('',#486,#514,#516,.T.);
#514 = VERTEX_POINT('',#515);
#515 = CARTESIAN_POINT('',(195.6625,19.156029261813,-1.665334536938E-16)
  );
#516 = SURFACE_CURVE('',#517,(#521,#528),.PCURVE_S1.);
#517 = LINE('',#518,#519);
#518 = CARTESIAN_POINT('',(195.6625,71.844497423848,-5.551115123126E-17)
  );
#519 = VECTOR('',#520,1.);
#520 = DIRECTION('',(0.,-1.,0.));
#521 = PCURVE('',#54,#522);
#522 = DEFINITIONAL_REPRESENTATION('',(#523),#527);
#523 = LINE('',#524,#525);
#524 = CARTESIAN_POINT('',(-21.98475266008,18.588768156335));
#525 = VECTOR('',#526,1.);
#526 = DIRECTION('',(0.,-1.));
#527 = ( GEOMETRIC_REPRESENTATION_CONTEXT(2) 
PARAMETRIC_REPRESENTATION_CONTEXT() REPRESENTATION_CONTEXT('2D SPACE',''
  ) );
#528 = PCURVE('',#529,#534);
#529 = CYLINDRICAL_SURFACE('',#530,0.3);
#530 = AXIS2_PLACEMENT_3D('',#531,#532,#533);
#531 = CARTESIAN_POINT('',(195.6625,71.844497423848,0.3));
#532 = DIRECTION('',(0.,-1.,0.));
#533 = DIRECTION('',(-0.,-0.,-1.));
#534 = DEFINITIONAL_REPRESENTATION('',(#535),#539);
#535 = LINE('',#536,#537);
#536 = CARTESIAN_POINT('',(6.28318530718,0.));
#537 = VECTOR('',#538,1.);
#538 = DIRECTION('',(-0.,1.));
#539 = ( GEOMETRIC_REPRESENTATION_CONTEXT(2) 
PARAMETRIC_REPRESENTATION_CONTEXT() REPRESENTATION_CONTEXT('2D SPACE',''
  ) );
#540 = ORIENTED_EDGE('',*,*,#541,.T.);
#541 = EDGE_CURVE('',#514,#542,#544,.T.);
#542 = VERTEX_POINT('',#543);
#543 = CARTESIAN_POINT('',(207.51249998266,26.001800833274,
    -1.110223024625E-16));
#544 = SURFACE_CURVE('',#545,(#549,#556),.PCURVE_S1.);
#545 = LINE('',#546,#547);
#546 = CARTESIAN_POINT('',(195.2078251192,18.893362563264,
    -1.665334536938E-16));
#547 = VECTOR('',#548,1.);
#548 = DIRECTION('',(0.865893403497,0.50022856154,-0.));
#549 = PCURVE('',#54,#550);
#550 = DEFINITIONAL_REPRESENTATION('',(#551),#555);
#551 = LINE('',#552,#553);
#552 = CARTESIAN_POINT('',(-22.43942754088,-34.36236670424));
#553 = VECTOR('',#554,1.);
#554 = DIRECTION('',(0.865893403497,0.50022856154));
#555 = ( GEOMETRIC_REPRESENTATION_CONTEXT(2) 
PARAMETRIC_REPRESENTATION_CONTEXT() REPRESENTATION_CONTEXT('2D SPACE',''
  ) );
#556 = PCURVE('',#557,#562);
#557 = CYLINDRICAL_SURFACE('',#558,0.3);
#558 = AXIS2_PLACEMENT_3D('',#559,#560,#561);
#559 = CARTESIAN_POINT('',(195.2078251192,18.893362563264,0.3));
#560 = DIRECTION('',(0.865893403497,0.50022856154,-0.));
#561 = DIRECTION('',(0.,-0.,-1.));
#562 = DEFINITIONAL_REPRESENTATION('',(#563),#567);
#563 = LINE('',#564,#565);
#564 = CARTESIAN_POINT('',(6.28318530718,0.));
#565 = VECTOR('',#566,1.);
#566 = DIRECTION('',(-0.,1.));
#567 = ( GEOMETRIC_REPRESENTATION_CONTEXT(2) 
PARAMETRIC_REPRESENTATION_CONTEXT() REPRESENTATION_CONTEXT('2D SPACE',''
  ) );
#568 = ORIENTED_EDGE('',*,*,#569,.T.);
#569 = EDGE_CURVE('',#542,#44,#570,.T.);
#570 = SURFACE_CURVE('',#571,(#602,#636),.PCURVE_S1.);
#571 = B_SPLINE_CURVE_WITH_KNOTS('',8,(#572,#573,#574,#575,#576,#577,
    #578,#579,#580,#581,#582,#583,#584,#585,#586,#587,#588,#589,#590,
    #591,#592,#593,#594,#595,#596,#597,#598,#599,#600,#601),
  .UNSPECIFIED.,.F.,.F.,(9,7,7,7,9),(0.,0.125,0.25,0.5,1.),
  .UNSPECIFIED.);
#572 = CARTESIAN_POINT('',(207.51249998266,26.001800833274,
    -1.110223024625E-16));
#573 = CARTESIAN_POINT('',(207.52206166297,26.007324637434,
    -1.10805462028E-16));
#574 = CARTESIAN_POINT('',(207.53225345199,26.011415362789,
    -1.090320170459E-16));
#575 = CARTESIAN_POINT('',(207.54294483958,26.014143354889,
    -1.080596232224E-16));
#576 = CARTESIAN_POINT('',(207.55407333964,26.015484478187,
    -1.071017499638E-16));
#577 = CARTESIAN_POINT('',(207.56518315919,26.015633031625,
    -1.061579132511E-16));
#578 = CARTESIAN_POINT('',(207.57602440401,26.014845259344,
    -1.052276290656E-16));
#579 = CARTESIAN_POINT('',(207.5869237047,26.013232449933,
    -1.043104133885E-16));
#580 = CARTESIAN_POINT('',(207.60835058967,26.008612785354,
    -1.025011510131E-16));
#581 = CARTESIAN_POINT('',(207.61889938157,26.00561692757,
    -1.01609104315E-16));
#582 = CARTESIAN_POINT('',(207.62927767358,26.002040417073,
    -1.007291580875E-16));
#583 = CARTESIAN_POINT('',(207.63948136962,25.997972817738,
    -9.986082831184E-17));
#584 = CARTESIAN_POINT('',(207.64950812682,25.993487884548,
    -9.900363096922E-17));
#585 = CARTESIAN_POINT('',(207.65935735551,25.988643563579,
    -9.815708204079E-17));
#586 = CARTESIAN_POINT('',(207.66903021924,25.983481992016,
    -9.732069750773E-17));
#587 = CARTESIAN_POINT('',(207.69752846584,25.967124510381,
    -9.484058503817E-17));
#588 = CARTESIAN_POINT('',(207.71586787985,25.955058915067,
    -9.322589823129E-17));
#589 = CARTESIAN_POINT('',(207.73357874184,25.942085525004,
    -9.164606077995E-17));
#590 = CARTESIAN_POINT('',(207.75069499343,25.928362017467,
    -9.009720053354E-17));
#591 = CARTESIAN_POINT('',(207.76724647467,25.913978610628,
    -8.857544534145E-17));
#592 = CARTESIAN_POINT('',(207.78325174579,25.898985740013,
    -8.707692305305E-17));
#593 = CARTESIAN_POINT('',(207.79871090911,25.883421734922,
    -8.559776151773E-17));
#594 = CARTESIAN_POINT('',(207.8433734739,25.835178014801,
    -8.120674271916E-17));
#595 = CARTESIAN_POINT('',(207.87086458601,25.80092104771,
    -7.834135126331E-17));
#596 = CARTESIAN_POINT('',(207.8959686565,25.764941252365,
    -7.550693701238E-17));
#597 = CARTESIAN_POINT('',(207.91862428651,25.726688691101,
    -7.267252276146E-17));
#598 = CARTESIAN_POINT('',(207.93764463325,25.687427975807,
    -6.98071313056E-17));
#599 = CARTESIAN_POINT('',(207.95320167834,25.64556240439,
    -6.687978543989E-17));
#600 = CARTESIAN_POINT('',(207.9625,25.601873777411,-6.071532165919E-17)
  );
#601 = CARTESIAN_POINT('',(207.9625,25.558047970125,-6.071532165919E-17)
  );
#602 = PCURVE('',#54,#603);
#603 = DEFINITIONAL_REPRESENTATION('',(#604),#635);
#604 = B_SPLINE_CURVE_WITH_KNOTS('',8,(#605,#606,#607,#608,#609,#610,
    #611,#612,#613,#614,#615,#616,#617,#618,#619,#620,#621,#622,#623,
    #624,#625,#626,#627,#628,#629,#630,#631,#632,#633,#634),
  .UNSPECIFIED.,.F.,.F.,(9,7,7,7,9),(0.,0.125,0.25,0.5,1.),
  .UNSPECIFIED.);
#605 = CARTESIAN_POINT('',(-10.13475267742,-27.25392843423));
#606 = CARTESIAN_POINT('',(-10.12519099711,-27.24840463007));
#607 = CARTESIAN_POINT('',(-10.11499920809,-27.24431390472));
#608 = CARTESIAN_POINT('',(-10.1043078205,-27.24158591262));
#609 = CARTESIAN_POINT('',(-10.09317932044,-27.24024478932));
#610 = CARTESIAN_POINT('',(-10.08206950089,-27.24009623588));
#611 = CARTESIAN_POINT('',(-10.07122825607,-27.24088400816));
#612 = CARTESIAN_POINT('',(-10.06032895538,-27.24249681758));
#613 = CARTESIAN_POINT('',(-10.03890207041,-27.24711648215));
#614 = CARTESIAN_POINT('',(-10.02835327851,-27.25011233994));
#615 = CARTESIAN_POINT('',(-10.0179749865,-27.25368885044));
#616 = CARTESIAN_POINT('',(-10.00777129046,-27.25775644977));
#617 = CARTESIAN_POINT('',(-9.99774453326,-27.26224138296));
#618 = CARTESIAN_POINT('',(-9.98789530457,-27.26708570393));
#619 = CARTESIAN_POINT('',(-9.97822244084,-27.27224727549));
#620 = CARTESIAN_POINT('',(-9.94972419424,-27.28860475713));
#621 = CARTESIAN_POINT('',(-9.93138478023,-27.30067035244));
#622 = CARTESIAN_POINT('',(-9.91367391824,-27.3136437425));
#623 = CARTESIAN_POINT('',(-9.89655766665,-27.32736725004));
#624 = CARTESIAN_POINT('',(-9.88000618541,-27.34175065688));
#625 = CARTESIAN_POINT('',(-9.86400091429,-27.3567435275));
#626 = CARTESIAN_POINT('',(-9.84854175097,-27.37230753259));
#627 = CARTESIAN_POINT('',(-9.80387918618,-27.42055125271));
#628 = CARTESIAN_POINT('',(-9.77638807407,-27.4548082198));
#629 = CARTESIAN_POINT('',(-9.75128400358,-27.49078801514));
#630 = CARTESIAN_POINT('',(-9.72862837357,-27.52904057641));
#631 = CARTESIAN_POINT('',(-9.70960802683,-27.5683012917));
#632 = CARTESIAN_POINT('',(-9.69405098174,-27.61016686312));
#633 = CARTESIAN_POINT('',(-9.68475266008,-27.6538554901));
#634 = CARTESIAN_POINT('',(-9.68475266008,-27.69768129738));
#635 = ( GEOMETRIC_REPRESENTATION_CONTEXT(2) 
PARAMETRIC_REPRESENTATION_CONTEXT() REPRESENTATION_CONTEXT('2D SPACE',''
  ) );
#636 = PCURVE('',#637,#848);
#637 = B_SPLINE_SURFACE_WITH_KNOTS('',6,8,(
    (#638,#639,#640,#641,#642,#643,#644,#645,#646,#647,#648,#649,#650
      ,#651,#652,#653,#654,#655,#656,#657,#658,#659,#660,#661,#662,#663
      ,#664,#665,#666,#667)
    ,(#668,#669,#670,#671,#672,#673,#674,#675,#676,#677,#678,#679,#680
      ,#681,#682,#683,#684,#685,#686,#687,#688,#689,#690,#691,#692,#693
      ,#694,#695,#696,#697)
    ,(#698,#699,#700,#701,#702,#703,#704,#705,#706,#707,#708,#709,#710
      ,#711,#712,#713,#714,#715,#716,#717,#718,#719,#720,#721,#722,#723
      ,#724,#725,#726,#727)
    ,(#728,#729,#730,#731,#732,#733,#734,#735,#736,#737,#738,#739,#740
      ,#741,#742,#743,#744,#745,#746,#747,#748,#749,#750,#751,#752,#753
      ,#754,#755,#756,#757)
    ,(#758,#759,#760,#761,#762,#763,#764,#765,#766,#767,#768,#769,#770
      ,#771,#772,#773,#774,#775,#776,#777,#778,#779,#780,#781,#782,#783
      ,#784,#785,#786,#787)
    ,(#788,#789,#790,#791,#792,#793,#794,#795,#796,#797,#798,#799,#800
      ,#801,#802,#803,#804,#805,#806,#807,#808,#809,#810,#811,#812,#813
      ,#814,#815,#816,#817)
    ,(#818,#819,#820,#821,#822,#823,#824,#825,#826,#827,#828,#829,#830
      ,#831,#832,#833,#834,#835,#836,#837,#838,#839,#840,#841,#842,#843
      ,#844,#845,#846,#847
  )),.UNSPECIFIED.,.F.,.F.,.F.,(7,7),(9,7,7,7,9),(0.,1.),(0.,0.125,0.25,
    0.5,1.),.UNSPECIFIED.);
#638 = CARTESIAN_POINT('',(207.51249998266,26.001800833274,
    -1.110223024625E-16));
#639 = CARTESIAN_POINT('',(207.52206166297,26.007324637434,
    -1.10805462028E-16));
#640 = CARTESIAN_POINT('',(207.53225345199,26.011415362789,
    -1.090320170459E-16));
#641 = CARTESIAN_POINT('',(207.54294483958,26.014143354889,
    -1.080596232224E-16));
#642 = CARTESIAN_POINT('',(207.55407333964,26.015484478187,
    -1.071017499638E-16));
#643 = CARTESIAN_POINT('',(207.56518315919,26.015633031625,
    -1.061579132511E-16));
#644 = CARTESIAN_POINT('',(207.57602440401,26.014845259344,
    -1.052276290656E-16));
#645 = CARTESIAN_POINT('',(207.5869237047,26.013232449933,
    -1.043104133885E-16));
#646 = CARTESIAN_POINT('',(207.60835058967,26.008612785354,
    -1.025011510131E-16));
#647 = CARTESIAN_POINT('',(207.61889938157,26.00561692757,
    -1.01609104315E-16));
#648 = CARTESIAN_POINT('',(207.62927767358,26.002040417073,
    -1.007291580875E-16));
#649 = CARTESIAN_POINT('',(207.63948136962,25.997972817738,
    -9.986082831184E-17));
#650 = CARTESIAN_POINT('',(207.64950812682,25.993487884548,
    -9.900363096922E-17));
#651 = CARTESIAN_POINT('',(207.65935735551,25.988643563579,
    -9.815708204079E-17));
#652 = CARTESIAN_POINT('',(207.66903021924,25.983481992016,
    -9.732069750773E-17));
#653 = CARTESIAN_POINT('',(207.69752846584,25.967124510381,
    -9.484058503817E-17));
#654 = CARTESIAN_POINT('',(207.71586787985,25.955058915067,
    -9.322589823129E-17));
#655 = CARTESIAN_POINT('',(207.73357874184,25.942085525004,
    -9.164606077995E-17));
#656 = CARTESIAN_POINT('',(207.75069499343,25.928362017467,
    -9.009720053354E-17));
#657 = CARTESIAN_POINT('',(207.76724647467,25.913978610628,
    -8.857544534145E-17));
#658 = CARTESIAN_POINT('',(207.78325174579,25.898985740013,
    -8.707692305305E-17));
#659 = CARTESIAN_POINT('',(207.79871090911,25.883421734922,
    -8.559776151773E-17));
#660 = CARTESIAN_POINT('',(207.8433734739,25.835178014801,
    -8.120674271916E-17));
#661 = CARTESIAN_POINT('',(207.87086458601,25.80092104771,
    -7.834135126331E-17));
#662 = CARTESIAN_POINT('',(207.8959686565,25.764941252365,
    -7.550693701238E-17));
#663 = CARTESIAN_POINT('',(207.91862428651,25.726688691101,
    -7.267252276146E-17));
#664 = CARTESIAN_POINT('',(207.93764463325,25.687427975807,
    -6.98071313056E-17));
#665 = CARTESIAN_POINT('',(207.95320167834,25.64556240439,
    -6.687978543989E-17));
#666 = CARTESIAN_POINT('',(207.9625,25.601873777411,-6.071532165919E-17)
  );
#667 = CARTESIAN_POINT('',(207.9625,25.558047970125,-6.071532165919E-17)
  );
#668 = CARTESIAN_POINT('',(207.5525438988,25.932484993474,
    -1.110223024625E-16));
#669 = CARTESIAN_POINT('',(207.56122159172,25.938011480494,
    -1.076391207127E-16));
#670 = CARTESIAN_POINT('',(207.57044477374,25.94230842548,
    -1.042690835855E-16));
#671 = CARTESIAN_POINT('',(207.58010314477,25.945433560217,
    -1.011751101338E-16));
#672 = CARTESIAN_POINT('',(207.59014304484,25.947365962906,
    -9.826196526853E-17));
#673 = CARTESIAN_POINT('',(207.60018301694,25.948266824211,
    -9.552304651807E-17));
#674 = CARTESIAN_POINT('',(207.61001315057,25.948349042099,
    -9.295178058453E-17));
#675 = CARTESIAN_POINT('',(207.61990394258,25.947704806642,
    -9.054246564642E-17));
#676 = CARTESIAN_POINT('',(207.639396881,25.945175865232,
    -8.603498602581E-17));
#677 = CARTESIAN_POINT('',(207.64901670645,25.943300324682,
    -8.393682963099E-17));
#678 = CARTESIAN_POINT('',(207.65850328225,25.940901062521,
    -8.198816897128E-17));
#679 = CARTESIAN_POINT('',(207.66785145137,25.938052345137,
    -8.018293984372E-17));
#680 = CARTESIAN_POINT('',(207.67705750563,25.934815357085,
    -7.851510152279E-17));
#681 = CARTESIAN_POINT('',(207.68611918572,25.931238201071,
    -7.697863676036E-17));
#682 = CARTESIAN_POINT('',(207.6950356812,25.927355897967,
    -7.556755178571E-17));
#683 = CARTESIAN_POINT('',(207.72135152895,25.914859364467,
    -7.169252534527E-17));
#684 = CARTESIAN_POINT('',(207.73834591501,25.90539808818,
    -6.958684966942E-17));
#685 = CARTESIAN_POINT('',(207.75480226335,25.895017211175,
    -6.791105462207E-17));
#686 = CARTESIAN_POINT('',(207.77073462091,25.883849640442,
    -6.66174930875E-17));
#687 = CARTESIAN_POINT('',(207.78615381293,25.871973550097,
    -6.565862162225E-17));
#688 = CARTESIAN_POINT('',(207.80106164893,25.859435394792,
    -6.498695658712E-17));
#689 = CARTESIAN_POINT('',(207.81544512881,25.846272923089,
    -6.455503027927E-17));
#690 = CARTESIAN_POINT('',(207.85692168902,25.805068726401,
    -6.383598063407E-17));
#691 = CARTESIAN_POINT('',(207.88234307748,25.775288900897,
    -6.412560371588E-17));
#692 = CARTESIAN_POINT('',(207.90535022513,25.743565359089,
    -6.480463952595E-17));
#693 = CARTESIAN_POINT('',(207.92580523451,25.709517397734,
    -6.54933799759E-17));
#694 = CARTESIAN_POINT('',(207.94264967357,25.674293975142,
    -6.581197004473E-17));
#695 = CARTESIAN_POINT('',(207.95597913625,25.636672126204,
    -6.537862690492E-17));
#696 = CARTESIAN_POINT('',(207.96344024465,25.597417206594,
    -6.345142064385E-17));
#697 = CARTESIAN_POINT('',(207.9625,25.558047970125,-6.071532165919E-17)
  );
#698 = CARTESIAN_POINT('',(207.59258404329,25.86317568238,
    2.562618700803E-02));
#699 = CARTESIAN_POINT('',(207.6005075263,25.86848020804,
    2.533845961667E-02));
#700 = CARTESIAN_POINT('',(207.609313893,25.871935960206,
    2.640768081114E-02));
#701 = CARTESIAN_POINT('',(207.61807333811,25.875077694369,
    2.670811225715E-02));
#702 = CARTESIAN_POINT('',(207.62704586843,25.877397395893,
    2.695077596841E-02));
#703 = CARTESIAN_POINT('',(207.63599821312,25.878983348435,
    2.713814710601E-02));
#704 = CARTESIAN_POINT('',(207.64480330727,25.879957749134,
    2.727267385528E-02));
#705 = CARTESIAN_POINT('',(207.6536326178,25.880383687782,
    2.735617246847E-02));
#706 = CARTESIAN_POINT('',(207.6710837322,25.88025551746,
    2.742570135015E-02));
#707 = CARTESIAN_POINT('',(207.67971688773,25.879707447102,
    2.741172560382E-02));
#708 = CARTESIAN_POINT('',(207.68825359206,25.878727673772,
    2.735109684037E-02));
#709 = CARTESIAN_POINT('',(207.69669010016,25.877360826196,
    2.724587892963E-02));
#710 = CARTESIAN_POINT('',(207.70502297145,25.875643879614,
    2.70981124413E-02));
#711 = CARTESIAN_POINT('',(207.71324906981,25.873606155769,
    2.690981464488E-02));
#712 = CARTESIAN_POINT('',(207.72136556361,25.871269322912,
    2.668297950972E-02));
#713 = CARTESIAN_POINT('',(207.74537864975,25.863403541583,
    2.589277409555E-02));
#714 = CARTESIAN_POINT('',(207.76095832359,25.857021753697,
    2.521967630703E-02));
#715 = CARTESIAN_POINT('',(207.77609579026,25.849635939096,
    2.441607390219E-02));
#716 = CARTESIAN_POINT('',(207.79077743643,25.841337206272,
    2.349754341102E-02));
#717 = CARTESIAN_POINT('',(207.80498673129,25.83218756301,
    2.247948334373E-02));
#718 = CARTESIAN_POINT('',(207.81870176553,25.822233614153,
    2.137714920353E-02));
#719 = CARTESIAN_POINT('',(207.83189279029,25.811520259356,
    2.020568849959E-02));
#720 = CARTESIAN_POINT('',(207.86977368774,25.777272653821,
    1.652915028047E-02));
#721 = CARTESIAN_POINT('',(207.89277160034,25.751617494504,
    1.386190641715E-02));
#722 = CARTESIAN_POINT('',(207.91324996662,25.723569680933,
    1.109877469021E-02));
#723 = CARTESIAN_POINT('',(207.9309971361,25.693131840055,
    8.358737742529E-03));
#724 = CARTESIAN_POINT('',(207.94531612828,25.661327455488,
    5.759658915289E-03));
#725 = CARTESIAN_POINT('',(207.95626317079,25.627654352633,
    3.419912440016E-03));
#726 = CARTESIAN_POINT('',(207.96362829358,25.590865226911,
    4.295634074627E-03));
#727 = CARTESIAN_POINT('',(207.9625,25.558047970125,-9.147775129984E-17)
  );
#728 = CARTESIAN_POINT('',(207.6275148405,25.802710628592,
    7.692268342237E-02));
#729 = CARTESIAN_POINT('',(207.63471026532,25.807747924379,
    7.610596750528E-02));
#730 = CARTESIAN_POINT('',(207.64208505803,25.812189643814,
    7.542601285013E-02));
#731 = CARTESIAN_POINT('',(207.64972229618,25.815838331247,
    7.462154195096E-02));
#732 = CARTESIAN_POINT('',(207.65755937314,25.818770197795,
    7.378083284748E-02));
#733 = CARTESIAN_POINT('',(207.66539308333,25.821048938062,
    7.290622741193E-02));
#734 = CARTESIAN_POINT('',(207.67311517344,25.822770905552,
    7.200001134196E-02));
#735 = CARTESIAN_POINT('',(207.68088561844,25.824000639403,
    7.106305311605E-02));
#736 = CARTESIAN_POINT('',(207.69629462508,25.825559776381,
    6.913154843709E-02));
#737 = CARTESIAN_POINT('',(207.70394386273,25.825895065196,
    6.813698849863E-02));
#738 = CARTESIAN_POINT('',(207.71153575294,25.825830147108,
    6.71151036144E-02));
#739 = CARTESIAN_POINT('',(207.71906771182,25.825402636355,
    6.606732884401E-02));
#740 = CARTESIAN_POINT('',(207.72653665343,25.824643688652,
    6.499505165338E-02));
#741 = CARTESIAN_POINT('',(207.73393898968,25.823578001181,
    6.389961191485E-02));
#742 = CARTESIAN_POINT('',(207.74127063041,25.822223812598,
    6.278230190709E-02));
#743 = CARTESIAN_POINT('',(207.76303968923,25.817331083899,
    5.936849513122E-02));
#744 = CARTESIAN_POINT('',(207.7772709178,25.812965687473,
    5.701006026859E-02));
#745 = CARTESIAN_POINT('',(207.79119424278,25.807610496878,
    5.457907292141E-02));
#746 = CARTESIAN_POINT('',(207.80478002962,25.801344533487,
    5.208514527941E-02));
#747 = CARTESIAN_POINT('',(207.81799430288,25.794223669392,
    4.953756667156E-02));
#748 = CARTESIAN_POINT('',(207.83079761368,25.786292239874,
    4.694537970978E-02));
#749 = CARTESIAN_POINT('',(207.84314390713,25.777594655877,
    4.431745643262E-02));
#750 = CARTESIAN_POINT('',(207.87865035489,25.749371737668,
    3.635281048175E-02));
#751 = CARTESIAN_POINT('',(207.9002767485,25.727704141224,
    3.093518709649E-02));
#752 = CARTESIAN_POINT('',(207.91948556202,25.703620483309,
    2.547931750074E-02));
#753 = CARTESIAN_POINT('',(207.93595193602,25.677170678322,
    2.005286379796E-02));
#754 = CARTESIAN_POINT('',(207.94898962273,25.649373511639,
    1.47218882672E-02));
#755 = CARTESIAN_POINT('',(207.95858439688,25.619776691253,
    9.554257711893E-03));
#756 = CARTESIAN_POINT('',(207.96334622018,25.589369883554,
    4.969969515737E-03));
#757 = CARTESIAN_POINT('',(207.9625,25.558047970125,-1.01307850997E-16)
  );
#758 = CARTESIAN_POINT('',(207.65210734731,25.760141109258,
    0.148270833363));
#759 = CARTESIAN_POINT('',(207.6585415613,25.764968562229,0.146176082284
    ));
#760 = CARTESIAN_POINT('',(207.664549596,25.770309366023,0.142907170429)
  );
#761 = CARTESIAN_POINT('',(207.67112535316,25.774402781554,0.14025601031
    ));
#762 = CARTESIAN_POINT('',(207.67791183685,25.777850464788,0.13762388503
    ));
#763 = CARTESIAN_POINT('',(207.68472905145,25.780698960551,
    0.135011672006));
#764 = CARTESIAN_POINT('',(207.69148245324,25.783025900787,
    0.132420173752));
#765 = CARTESIAN_POINT('',(207.69831985523,25.78489541867,0.129848303157
    ));
#766 = CARTESIAN_POINT('',(207.71195515138,25.787781119574,
    0.124744521905));
#767 = CARTESIAN_POINT('',(207.71876303387,25.788802949969,
    0.122212593266));
#768 = CARTESIAN_POINT('',(207.72555941305,25.789441717755,
    0.119700358405));
#769 = CARTESIAN_POINT('',(207.73234154079,25.789729856992,
    0.117207485652));
#770 = CARTESIAN_POINT('',(207.7391056586,25.789694278359,0.11473357988)
  );
#771 = CARTESIAN_POINT('',(207.74584699758,25.789356369145,
    0.112278182505));
#772 = CARTESIAN_POINT('',(207.75255977846,25.788731993259,
    0.109840771482));
#773 = CARTESIAN_POINT('',(207.77259207779,25.786030487149,0.10258074097
    ));
#774 = CARTESIAN_POINT('',(207.78582488881,25.783128762823,
    9.7810242246E-02));
#775 = CARTESIAN_POINT('',(207.7988934969,25.779226672812,
    9.310465274538E-02));
#776 = CARTESIAN_POINT('',(207.81175085459,25.774396023103,
    8.845882806924E-02));
#777 = CARTESIAN_POINT('',(207.8243447899,25.768690059354,
    8.386719333738E-02));
#778 = CARTESIAN_POINT('',(207.83661778156,25.762153455147,
    7.932384471345E-02));
#779 = CARTESIAN_POINT('',(207.84850673426,25.754832300248,
    7.482265093002E-02));
#780 = CARTESIAN_POINT('',(207.8828147931,25.730687666061,
    6.142676258025E-02));
#781 = CARTESIAN_POINT('',(207.90387280916,25.711672022386,
    5.263972822492E-02));
#782 = CARTESIAN_POINT('',(207.92262191768,25.690192453807,
    4.394538413983E-02));
#783 = CARTESIAN_POINT('',(207.93861354523,25.666356934008,
    3.529026124539E-02));
#784 = CARTESIAN_POINT('',(207.95112848777,25.641188325191,
    2.661875736272E-02));
#785 = CARTESIAN_POINT('',(207.9600544685,25.614310311919,
    1.787767634545E-02));
#786 = CARTESIAN_POINT('',(207.96287609786,25.588767175589,
    6.626626020982E-03));
#787 = CARTESIAN_POINT('',(207.9625,25.558047970125,-1.148386941097E-16)
  );
#788 = CARTESIAN_POINT('',(207.66371027438,25.740056494377,
    0.229052486999));
#789 = CARTESIAN_POINT('',(207.66969542829,25.744133773,0.225304353507)
  );
#790 = CARTESIAN_POINT('',(207.67577625108,25.747861822415,
    0.221560074665));
#791 = CARTESIAN_POINT('',(207.68194269415,25.751252995106,
    0.217819628536));
#792 = CARTESIAN_POINT('',(207.68819672802,25.754313665476,
    0.214082652047));
#793 = CARTESIAN_POINT('',(207.69448688048,25.757038225823,0.21035047187
    ));
#794 = CARTESIAN_POINT('',(207.70078705049,25.759433410148,
    0.206624344221));
#795 = CARTESIAN_POINT('',(207.70714491428,25.761527122092,
    0.202903942398));
#796 = CARTESIAN_POINT('',(207.71990556623,25.765104764324,
    0.195476319271));
#797 = CARTESIAN_POINT('',(207.72631197925,25.766590959028,
    0.191769082898));
#798 = CARTESIAN_POINT('',(207.73274133002,25.767782137815,
    0.188068769235));
#799 = CARTESIAN_POINT('',(207.73918920926,25.768685036682,
    0.184375664328));
#800 = CARTESIAN_POINT('',(207.74564994783,25.769305517122,
    0.180689992754));
#801 = CARTESIAN_POINT('',(207.75211661654,25.76964856613,0.177011917616
    ));
#802 = CARTESIAN_POINT('',(207.75858102635,25.7697182962,0.173341540546)
  );
#803 = CARTESIAN_POINT('',(207.77793913194,25.769117243575,
    0.162353624025));
#804 = CARTESIAN_POINT('',(207.79080623871,25.76763871067,0.155059230152
    ));
#805 = CARTESIAN_POINT('',(207.80356813809,25.765113534032,
    0.147796102403));
#806 = CARTESIAN_POINT('',(207.81615317245,25.761573829664,
    0.140564036962));
#807 = CARTESIAN_POINT('',(207.82848678309,25.757054697993,
    0.133362333178));
#808 = CARTESIAN_POINT('',(207.84049335657,25.751596279695,
    0.126189882848));
#809 = CARTESIAN_POINT('',(207.85209807081,25.745245811546,0.11904525951
    ));
#810 = CARTESIAN_POINT('',(207.88549008263,25.723687423634,
    9.768990416537E-02));
#811 = CARTESIAN_POINT('',(207.90585273379,25.705968966093,
    8.3557662261E-02));
#812 = CARTESIAN_POINT('',(207.92376348987,25.6853643305,
    6.951618083353E-02));
#813 = CARTESIAN_POINT('',(207.93872631021,25.662297082775,
    5.554746792783E-02));
#814 = CARTESIAN_POINT('',(207.95031017646,25.637590882182,
    4.163012093142E-02));
#815 = CARTESIAN_POINT('',(207.95833845073,25.611568432285,
    2.774357777701E-02));
#816 = CARTESIAN_POINT('',(207.9625,25.584893102082,1.386922328802E-02)
  );
#817 = CARTESIAN_POINT('',(207.9625,25.558047970125,-1.567033539966E-16)
  );
#818 = CARTESIAN_POINT('',(207.66249999306,25.742151485923,
    0.309067155008));
#819 = CARTESIAN_POINT('',(207.66816811605,25.745250048313,
    0.304029322833));
#820 = CARTESIAN_POINT('',(207.67395862998,25.748136752531,
    0.298998888909));
#821 = CARTESIAN_POINT('',(207.67986228516,25.750806261521,0.29397603961
    ));
#822 = CARTESIAN_POINT('',(207.68586955229,25.753253722235,
    0.288960944407));
#823 = CARTESIAN_POINT('',(207.69197065411,25.755474783948,
    0.283953755232));
#824 = CARTESIAN_POINT('',(207.6981555988,25.757465613751,0.278954605932
    ));
#825 = CARTESIAN_POINT('',(207.7044142144,25.759222909131,0.273963611833
    ));
#826 = CARTESIAN_POINT('',(207.71705815402,25.762264905713,
    0.263998126989));
#827 = CARTESIAN_POINT('',(207.7234435142,25.763549612403,0.259023636052
    ));
#828 = CARTESIAN_POINT('',(207.7298818759,25.764595252993,0.254057493486
    ));
#829 = CARTESIAN_POINT('',(207.73636277735,25.765399606437,
    0.249099776854));
#830 = CARTESIAN_POINT('',(207.74287568393,25.765961005144,
    0.244150544388));
#831 = CARTESIAN_POINT('',(207.74940998802,25.766278334973,
    0.239209834995));
#832 = CARTESIAN_POINT('',(207.75595500917,25.766351035237,
    0.234277668254));
#833 = CARTESIAN_POINT('',(207.77558996363,25.765835225628,
    0.219506796749));
#834 = CARTESIAN_POINT('',(207.78867994387,25.764512866615,0.20969371856
    ));
#835 = CARTESIAN_POINT('',(207.8016844579,25.762211877049,0.199914814904
    ));
#836 = CARTESIAN_POINT('',(207.81451807931,25.758941312473,
    0.190169769553));
#837 = CARTESIAN_POINT('',(207.82709655917,25.754719126737,
    0.180457955545));
#838 = CARTESIAN_POINT('',(207.83933795347,25.749571870124,
    0.170778445724));
#839 = CARTESIAN_POINT('',(207.85116375016,25.743534387506,0.16113002328
    ));
#840 = CARTESIAN_POINT('',(207.88517248928,25.722879774413,
    0.132273530315));
#841 = CARTESIAN_POINT('',(207.90588672741,25.705720301127,
    0.113154240361));
#842 = CARTESIAN_POINT('',(207.92405072877,25.685512671287,
    9.414139437897E-02));
#843 = CARTESIAN_POINT('',(207.93914410293,25.662722353764,
    7.521873783865E-02));
#844 = CARTESIAN_POINT('',(207.95075047148,25.637920038962,
    5.636634179127E-02));
#845 = CARTESIAN_POINT('',(207.95858348996,25.611751446709,
    3.756165720398E-02));
#846 = CARTESIAN_POINT('',(207.9625,25.584899708225,1.87808286087E-02));
#847 = CARTESIAN_POINT('',(207.9625,25.558047970125,-1.752070710737E-16)
  );
#848 = DEFINITIONAL_REPRESENTATION('',(#849),#852);
#849 = B_SPLINE_CURVE_WITH_KNOTS('',1,(#850,#851),.UNSPECIFIED.,.F.,.F.,
  (2,2),(0.,1.),.PIECEWISE_BEZIER_KNOTS.);
#850 = CARTESIAN_POINT('',(0.,0.));
#851 = CARTESIAN_POINT('',(0.,1.));
#852 = ( GEOMETRIC_REPRESENTATION_CONTEXT(2) 
PARAMETRIC_REPRESENTATION_CONTEXT() REPRESENTATION_CONTEXT('2D SPACE',''
  ) );
#853 = FACE_BOUND('',#854,.F.);
#854 = EDGE_LOOP('',(#855,#885,#913,#941,#969,#997));
#855 = ORIENTED_EDGE('',*,*,#856,.F.);
#856 = EDGE_CURVE('',#857,#859,#861,.T.);
#857 = VERTEX_POINT('',#858);
#858 = CARTESIAN_POINT('',(286.89718910334,26.,0.));
#859 = VERTEX_POINT('',#860);
#860 = CARTESIAN_POINT('',(279.62257571155,38.6,0.));
#861 = SURFACE_CURVE('',#862,(#866,#873),.PCURVE_S1.);
#862 = LINE('',#863,#864);
#863 = CARTESIAN_POINT('',(286.89718910334,26.,0.));
#864 = VECTOR('',#865,1.);
#865 = DIRECTION('',(-0.5,0.866025403784,0.));
#866 = PCURVE('',#54,#867);
#867 = DEFINITIONAL_REPRESENTATION('',(#868),#872);
#868 = LINE('',#869,#870);
#869 = CARTESIAN_POINT('',(69.24993644326,-27.25572926751));
#870 = VECTOR('',#871,1.);
#871 = DIRECTION('',(-0.5,0.866025403784));
#872 = ( GEOMETRIC_REPRESENTATION_CONTEXT(2) 
PARAMETRIC_REPRESENTATION_CONTEXT() REPRESENTATION_CONTEXT('2D SPACE',''
  ) );
#873 = PCURVE('',#874,#879);
#874 = PLANE('',#875);
#875 = AXIS2_PLACEMENT_3D('',#876,#877,#878);
#876 = CARTESIAN_POINT('',(286.89718910334,26.,0.));
#877 = DIRECTION('',(-0.866025403784,-0.5,0.));
#878 = DIRECTION('',(-0.5,0.866025403784,0.));
#879 = DEFINITIONAL_REPRESENTATION('',(#880),#884);
#880 = LINE('',#881,#882);
#881 = CARTESIAN_POINT('',(0.,0.));
#882 = VECTOR('',#883,1.);
#883 = DIRECTION('',(1.,0.));
#884 = ( GEOMETRIC_REPRESENTATION_CONTEXT(2) 
PARAMETRIC_REPRESENTATION_CONTEXT() REPRESENTATION_CONTEXT('2D SPACE',''
  ) );
#885 = ORIENTED_EDGE('',*,*,#886,.F.);
#886 = EDGE_CURVE('',#887,#857,#889,.T.);
#887 = VERTEX_POINT('',#888);
#888 = CARTESIAN_POINT('',(279.62257571155,13.4,0.));
#889 = SURFACE_CURVE('',#890,(#894,#901),.PCURVE_S1.);
#890 = LINE('',#891,#892);
#891 = CARTESIAN_POINT('',(279.62257571155,13.4,0.));
#892 = VECTOR('',#893,1.);
#893 = DIRECTION('',(0.5,0.866025403784,0.));
#894 = PCURVE('',#54,#895);
#895 = DEFINITIONAL_REPRESENTATION('',(#896),#900);
#896 = LINE('',#897,#898);
#897 = CARTESIAN_POINT('',(61.97532305147,-39.85572926751));
#898 = VECTOR('',#899,1.);
#899 = DIRECTION('',(0.5,0.866025403784));
#900 = ( GEOMETRIC_REPRESENTATION_CONTEXT(2) 
PARAMETRIC_REPRESENTATION_CONTEXT() REPRESENTATION_CONTEXT('2D SPACE',''
  ) );
#901 = PCURVE('',#902,#907);
#902 = PLANE('',#903);
#903 = AXIS2_PLACEMENT_3D('',#904,#905,#906);
#904 = CARTESIAN_POINT('',(279.62257571155,13.4,0.));
#905 = DIRECTION('',(-0.866025403784,0.5,0.));
#906 = DIRECTION('',(0.5,0.866025403784,0.));
#907 = DEFINITIONAL_REPRESENTATION('',(#908),#912);
#908 = LINE('',#909,#910);
#909 = CARTESIAN_POINT('',(0.,0.));
#910 = VECTOR('',#911,1.);
#911 = DIRECTION('',(1.,0.));
#912 = ( GEOMETRIC_REPRESENTATION_CONTEXT(2) 
PARAMETRIC_REPRESENTATION_CONTEXT() REPRESENTATION_CONTEXT('2D SPACE',''
  ) );
#913 = ORIENTED_EDGE('',*,*,#914,.F.);
#914 = EDGE_CURVE('',#915,#887,#917,.T.);
#915 = VERTEX_POINT('',#916);
#916 = CARTESIAN_POINT('',(265.07334892797,13.4,0.));
#917 = SURFACE_CURVE('',#918,(#922,#929),.PCURVE_S1.);
#918 = LINE('',#919,#920);
#919 = CARTESIAN_POINT('',(265.07334892797,13.4,0.));
#920 = VECTOR('',#921,1.);
#921 = DIRECTION('',(1.,-2.441857379535E-16,0.));
#922 = PCURVE('',#54,#923);
#923 = DEFINITIONAL_REPRESENTATION('',(#924),#928);
#924 = LINE('',#925,#926);
#925 = CARTESIAN_POINT('',(47.42609626789,-39.85572926751));
#926 = VECTOR('',#927,1.);
#927 = DIRECTION('',(1.,-2.441857379535E-16));
#928 = ( GEOMETRIC_REPRESENTATION_CONTEXT(2) 
PARAMETRIC_REPRESENTATION_CONTEXT() REPRESENTATION_CONTEXT('2D SPACE',''
  ) );
#929 = PCURVE('',#930,#935);
#930 = PLANE('',#931);
#931 = AXIS2_PLACEMENT_3D('',#932,#933,#934);
#932 = CARTESIAN_POINT('',(265.07334892797,13.4,0.));
#933 = DIRECTION('',(2.441857379535E-16,1.,-0.));
#934 = DIRECTION('',(1.,-2.441857379535E-16,0.));
#935 = DEFINITIONAL_REPRESENTATION('',(#936),#940);
#936 = LINE('',#937,#938);
#937 = CARTESIAN_POINT('',(0.,0.));
#938 = VECTOR('',#939,1.);
#939 = DIRECTION('',(1.,0.));
#940 = ( GEOMETRIC_REPRESENTATION_CONTEXT(2) 
PARAMETRIC_REPRESENTATION_CONTEXT() REPRESENTATION_CONTEXT('2D SPACE',''
  ) );
#941 = ORIENTED_EDGE('',*,*,#942,.F.);
#942 = EDGE_CURVE('',#943,#915,#945,.T.);
#943 = VERTEX_POINT('',#944);
#944 = CARTESIAN_POINT('',(257.79873553618,26.,0.));
#945 = SURFACE_CURVE('',#946,(#950,#957),.PCURVE_S1.);
#946 = LINE('',#947,#948);
#947 = CARTESIAN_POINT('',(257.79873553618,26.,0.));
#948 = VECTOR('',#949,1.);
#949 = DIRECTION('',(0.5,-0.866025403784,0.));
#950 = PCURVE('',#54,#951);
#951 = DEFINITIONAL_REPRESENTATION('',(#952),#956);
#952 = LINE('',#953,#954);
#953 = CARTESIAN_POINT('',(40.1514828761,-27.25572926751));
#954 = VECTOR('',#955,1.);
#955 = DIRECTION('',(0.5,-0.866025403784));
#956 = ( GEOMETRIC_REPRESENTATION_CONTEXT(2) 
PARAMETRIC_REPRESENTATION_CONTEXT() REPRESENTATION_CONTEXT('2D SPACE',''
  ) );
#957 = PCURVE('',#958,#963);
#958 = PLANE('',#959);
#959 = AXIS2_PLACEMENT_3D('',#960,#961,#962);
#960 = CARTESIAN_POINT('',(257.79873553618,26.,0.));
#961 = DIRECTION('',(0.866025403784,0.5,-0.));
#962 = DIRECTION('',(0.5,-0.866025403784,0.));
#963 = DEFINITIONAL_REPRESENTATION('',(#964),#968);
#964 = LINE('',#965,#966);
#965 = CARTESIAN_POINT('',(0.,0.));
#966 = VECTOR('',#967,1.);
#967 = DIRECTION('',(1.,0.));
#968 = ( GEOMETRIC_REPRESENTATION_CONTEXT(2) 
PARAMETRIC_REPRESENTATION_CONTEXT() REPRESENTATION_CONTEXT('2D SPACE',''
  ) );
#969 = ORIENTED_EDGE('',*,*,#970,.F.);
#970 = EDGE_CURVE('',#971,#943,#973,.T.);
#971 = VERTEX_POINT('',#972);
#972 = CARTESIAN_POINT('',(265.07334892797,38.6,0.));
#973 = SURFACE_CURVE('',#974,(#978,#985),.PCURVE_S1.);
#974 = LINE('',#975,#976);
#975 = CARTESIAN_POINT('',(265.07334892797,38.6,0.));
#976 = VECTOR('',#977,1.);
#977 = DIRECTION('',(-0.5,-0.866025403784,0.));
#978 = PCURVE('',#54,#979);
#979 = DEFINITIONAL_REPRESENTATION('',(#980),#984);
#980 = LINE('',#981,#982);
#981 = CARTESIAN_POINT('',(47.42609626789,-14.65572926751));
#982 = VECTOR('',#983,1.);
#983 = DIRECTION('',(-0.5,-0.866025403784));
#984 = ( GEOMETRIC_REPRESENTATION_CONTEXT(2) 
PARAMETRIC_REPRESENTATION_CONTEXT() REPRESENTATION_CONTEXT('2D SPACE',''
  ) );
#985 = PCURVE('',#986,#991);
#986 = PLANE('',#987);
#987 = AXIS2_PLACEMENT_3D('',#988,#989,#990);
#988 = CARTESIAN_POINT('',(265.07334892797,38.6,0.));
#989 = DIRECTION('',(0.866025403784,-0.5,0.));
#990 = DIRECTION('',(-0.5,-0.866025403784,0.));
#991 = DEFINITIONAL_REPRESENTATION('',(#992),#996);
#992 = LINE('',#993,#994);
#993 = CARTESIAN_POINT('',(0.,0.));
#994 = VECTOR('',#995,1.);
#995 = DIRECTION('',(1.,0.));
#996 = ( GEOMETRIC_REPRESENTATION_CONTEXT(2) 
PARAMETRIC_REPRESENTATION_CONTEXT() REPRESENTATION_CONTEXT('2D SPACE',''
  ) );
#997 = ORIENTED_EDGE('',*,*,#998,.F.);
#998 = EDGE_CURVE('',#859,#971,#999,.T.);
#999 = SURFACE_CURVE('',#1000,(#1004,#1011),.PCURVE_S1.);
#1000 = LINE('',#1001,#1002);
#1001 = CARTESIAN_POINT('',(279.62257571155,38.6,0.));
#1002 = VECTOR('',#1003,1.);
#1003 = DIRECTION('',(-1.,0.,0.));
#1004 = PCURVE('',#54,#1005);
#1005 = DEFINITIONAL_REPRESENTATION('',(#1006),#1010);
#1006 = LINE('',#1007,#1008);
#1007 = CARTESIAN_POINT('',(61.97532305147,-14.65572926751));
#1008 = VECTOR('',#1009,1.);
#1009 = DIRECTION('',(-1.,0.));
#1010 = ( GEOMETRIC_REPRESENTATION_CONTEXT(2) 
PARAMETRIC_REPRESENTATION_CONTEXT() REPRESENTATION_CONTEXT('2D SPACE',''
  ) );
#1011 = PCURVE('',#1012,#1017);
#1012 = PLANE('',#1013);
#1013 = AXIS2_PLACEMENT_3D('',#1014,#1015,#1016);
#1014 = CARTESIAN_POINT('',(279.62257571155,38.6,0.));
#1015 = DIRECTION('',(0.,-1.,0.));
#1016 = DIRECTION('',(-1.,0.,0.));
#1017 = DEFINITIONAL_REPRESENTATION('',(#1018),#1022);
#1018 = LINE('',#1019,#1020);
#1019 = CARTESIAN_POINT('',(0.,-0.));
#1020 = VECTOR('',#1021,1.);
#1021 = DIRECTION('',(1.,0.));
#1022 = ( GEOMETRIC_REPRESENTATION_CONTEXT(2) 
PARAMETRIC_REPRESENTATION_CONTEXT() REPRESENTATION_CONTEXT('2D SPACE',''
  ) );
#1023 = FACE_BOUND('',#1024,.F.);
#1024 = EDGE_LOOP('',(#1025,#1055,#1083,#1111,#1139,#1167));
#1025 = ORIENTED_EDGE('',*,*,#1026,.F.);
#1026 = EDGE_CURVE('',#1027,#1029,#1031,.T.);
#1027 = VERTEX_POINT('',#1028);
#1028 = CARTESIAN_POINT('',(347.86537752976,26.,0.));
#1029 = VERTEX_POINT('',#1030);
#1030 = CARTESIAN_POINT('',(340.59076413798,38.6,0.));
#1031 = SURFACE_CURVE('',#1032,(#1036,#1043),.PCURVE_S1.);
#1032 = LINE('',#1033,#1034);
#1033 = CARTESIAN_POINT('',(347.86537752976,26.,0.));
#1034 = VECTOR('',#1035,1.);
#1035 = DIRECTION('',(-0.5,0.866025403784,0.));
#1036 = PCURVE('',#54,#1037);
#1037 = DEFINITIONAL_REPRESENTATION('',(#1038),#1042);
#1038 = LINE('',#1039,#1040);
#1039 = CARTESIAN_POINT('',(130.21812486968,-27.25572926751));
#1040 = VECTOR('',#1041,1.);
#1041 = DIRECTION('',(-0.5,0.866025403784));
#1042 = ( GEOMETRIC_REPRESENTATION_CONTEXT(2) 
PARAMETRIC_REPRESENTATION_CONTEXT() REPRESENTATION_CONTEXT('2D SPACE',''
  ) );
#1043 = PCURVE('',#1044,#1049);
#1044 = PLANE('',#1045);
#1045 = AXIS2_PLACEMENT_3D('',#1046,#1047,#1048);
#1046 = CARTESIAN_POINT('',(347.86537752976,26.,0.));
#1047 = DIRECTION('',(-0.866025403784,-0.5,0.));
#1048 = DIRECTION('',(-0.5,0.866025403784,0.));
#1049 = DEFINITIONAL_REPRESENTATION('',(#1050),#1054);
#1050 = LINE('',#1051,#1052);
#1051 = CARTESIAN_POINT('',(0.,0.));
#1052 = VECTOR('',#1053,1.);
#1053 = DIRECTION('',(1.,0.));
#1054 = ( GEOMETRIC_REPRESENTATION_CONTEXT(2) 
PARAMETRIC_REPRESENTATION_CONTEXT() REPRESENTATION_CONTEXT('2D SPACE',''
  ) );
#1055 = ORIENTED_EDGE('',*,*,#1056,.F.);
#1056 = EDGE_CURVE('',#1057,#1027,#1059,.T.);
#1057 = VERTEX_POINT('',#1058);
#1058 = CARTESIAN_POINT('',(340.59076413798,13.4,0.));
#1059 = SURFACE_CURVE('',#1060,(#1064,#1071),.PCURVE_S1.);
#1060 = LINE('',#1061,#1062);
#1061 = CARTESIAN_POINT('',(340.59076413798,13.4,0.));
#1062 = VECTOR('',#1063,1.);
#1063 = DIRECTION('',(0.5,0.866025403784,0.));
#1064 = PCURVE('',#54,#1065);
#1065 = DEFINITIONAL_REPRESENTATION('',(#1066),#1070);
#1066 = LINE('',#1067,#1068);
#1067 = CARTESIAN_POINT('',(122.9435114779,-39.85572926751));
#1068 = VECTOR('',#1069,1.);
#1069 = DIRECTION('',(0.5,0.866025403784));
#1070 = ( GEOMETRIC_REPRESENTATION_CONTEXT(2) 
PARAMETRIC_REPRESENTATION_CONTEXT() REPRESENTATION_CONTEXT('2D SPACE',''
  ) );
#1071 = PCURVE('',#1072,#1077);
#1072 = PLANE('',#1073);
#1073 = AXIS2_PLACEMENT_3D('',#1074,#1075,#1076);
#1074 = CARTESIAN_POINT('',(340.59076413798,13.4,0.));
#1075 = DIRECTION('',(-0.866025403784,0.5,0.));
#1076 = DIRECTION('',(0.5,0.866025403784,0.));
#1077 = DEFINITIONAL_REPRESENTATION('',(#1078),#1082);
#1078 = LINE('',#1079,#1080);
#1079 = CARTESIAN_POINT('',(0.,0.));
#1080 = VECTOR('',#1081,1.);
#1081 = DIRECTION('',(1.,0.));
#1082 = ( GEOMETRIC_REPRESENTATION_CONTEXT(2) 
PARAMETRIC_REPRESENTATION_CONTEXT() REPRESENTATION_CONTEXT('2D SPACE',''
  ) );
#1083 = ORIENTED_EDGE('',*,*,#1084,.F.);
#1084 = EDGE_CURVE('',#1085,#1057,#1087,.T.);
#1085 = VERTEX_POINT('',#1086);
#1086 = CARTESIAN_POINT('',(326.0415373544,13.4,0.));
#1087 = SURFACE_CURVE('',#1088,(#1092,#1099),.PCURVE_S1.);
#1088 = LINE('',#1089,#1090);
#1089 = CARTESIAN_POINT('',(326.0415373544,13.4,0.));
#1090 = VECTOR('',#1091,1.);
#1091 = DIRECTION('',(1.,-2.441857379535E-16,0.));
#1092 = PCURVE('',#54,#1093);
#1093 = DEFINITIONAL_REPRESENTATION('',(#1094),#1098);
#1094 = LINE('',#1095,#1096);
#1095 = CARTESIAN_POINT('',(108.39428469432,-39.85572926751));
#1096 = VECTOR('',#1097,1.);
#1097 = DIRECTION('',(1.,-2.441857379535E-16));
#1098 = ( GEOMETRIC_REPRESENTATION_CONTEXT(2) 
PARAMETRIC_REPRESENTATION_CONTEXT() REPRESENTATION_CONTEXT('2D SPACE',''
  ) );
#1099 = PCURVE('',#1100,#1105);
#1100 = PLANE('',#1101);
#1101 = AXIS2_PLACEMENT_3D('',#1102,#1103,#1104);
#1102 = CARTESIAN_POINT('',(326.0415373544,13.4,0.));
#1103 = DIRECTION('',(2.441857379535E-16,1.,-0.));
#1104 = DIRECTION('',(1.,-2.441857379535E-16,0.));
#1105 = DEFINITIONAL_REPRESENTATION('',(#1106),#1110);
#1106 = LINE('',#1107,#1108);
#1107 = CARTESIAN_POINT('',(0.,0.));
#1108 = VECTOR('',#1109,1.);
#1109 = DIRECTION('',(1.,0.));
#1110 = ( GEOMETRIC_REPRESENTATION_CONTEXT(2) 
PARAMETRIC_REPRESENTATION_CONTEXT() REPRESENTATION_CONTEXT('2D SPACE',''
  ) );
#1111 = ORIENTED_EDGE('',*,*,#1112,.F.);
#1112 = EDGE_CURVE('',#1113,#1085,#1115,.T.);
#1113 = VERTEX_POINT('',#1114);
#1114 = CARTESIAN_POINT('',(318.76692396261,26.,0.));
#1115 = SURFACE_CURVE('',#1116,(#1120,#1127),.PCURVE_S1.);
#1116 = LINE('',#1117,#1118);
#1117 = CARTESIAN_POINT('',(318.76692396261,26.,0.));
#1118 = VECTOR('',#1119,1.);
#1119 = DIRECTION('',(0.5,-0.866025403784,0.));
#1120 = PCURVE('',#54,#1121);
#1121 = DEFINITIONAL_REPRESENTATION('',(#1122),#1126);
#1122 = LINE('',#1123,#1124);
#1123 = CARTESIAN_POINT('',(101.11967130253,-27.25572926751));
#1124 = VECTOR('',#1125,1.);
#1125 = DIRECTION('',(0.5,-0.866025403784));
#1126 = ( GEOMETRIC_REPRESENTATION_CONTEXT(2) 
PARAMETRIC_REPRESENTATION_CONTEXT() REPRESENTATION_CONTEXT('2D SPACE',''
  ) );
#1127 = PCURVE('',#1128,#1133);
#1128 = PLANE('',#1129);
#1129 = AXIS2_PLACEMENT_3D('',#1130,#1131,#1132);
#1130 = CARTESIAN_POINT('',(318.76692396261,26.,0.));
#1131 = DIRECTION('',(0.866025403784,0.5,-0.));
#1132 = DIRECTION('',(0.5,-0.866025403784,0.));
#1133 = DEFINITIONAL_REPRESENTATION('',(#1134),#1138);
#1134 = LINE('',#1135,#1136);
#1135 = CARTESIAN_POINT('',(0.,0.));
#1136 = VECTOR('',#1137,1.);
#1137 = DIRECTION('',(1.,0.));
#1138 = ( GEOMETRIC_REPRESENTATION_CONTEXT(2) 
PARAMETRIC_REPRESENTATION_CONTEXT() REPRESENTATION_CONTEXT('2D SPACE',''
  ) );
#1139 = ORIENTED_EDGE('',*,*,#1140,.F.);
#1140 = EDGE_CURVE('',#1141,#1113,#1143,.T.);
#1141 = VERTEX_POINT('',#1142);
#1142 = CARTESIAN_POINT('',(326.0415373544,38.6,0.));
#1143 = SURFACE_CURVE('',#1144,(#1148,#1155),.PCURVE_S1.);
#1144 = LINE('',#1145,#1146);
#1145 = CARTESIAN_POINT('',(326.0415373544,38.6,0.));
#1146 = VECTOR('',#1147,1.);
#1147 = DIRECTION('',(-0.5,-0.866025403784,0.));
#1148 = PCURVE('',#54,#1149);
#1149 = DEFINITIONAL_REPRESENTATION('',(#1150),#1154);
#1150 = LINE('',#1151,#1152);
#1151 = CARTESIAN_POINT('',(108.39428469432,-14.65572926751));
#1152 = VECTOR('',#1153,1.);
#1153 = DIRECTION('',(-0.5,-0.866025403784));
#1154 = ( GEOMETRIC_REPRESENTATION_CONTEXT(2) 
PARAMETRIC_REPRESENTATION_CONTEXT() REPRESENTATION_CONTEXT('2D SPACE',''
  ) );
#1155 = PCURVE('',#1156,#1161);
#1156 = PLANE('',#1157);
#1157 = AXIS2_PLACEMENT_3D('',#1158,#1159,#1160);
#1158 = CARTESIAN_POINT('',(326.0415373544,38.6,0.));
#1159 = DIRECTION('',(0.866025403784,-0.5,0.));
#1160 = DIRECTION('',(-0.5,-0.866025403784,0.));
#1161 = DEFINITIONAL_REPRESENTATION('',(#1162),#1166);
#1162 = LINE('',#1163,#1164);
#1163 = CARTESIAN_POINT('',(0.,0.));
#1164 = VECTOR('',#1165,1.);
#1165 = DIRECTION('',(1.,0.));
#1166 = ( GEOMETRIC_REPRESENTATION_CONTEXT(2) 
PARAMETRIC_REPRESENTATION_CONTEXT() REPRESENTATION_CONTEXT('2D SPACE',''
  ) );
#1167 = ORIENTED_EDGE('',*,*,#1168,.F.);
#1168 = EDGE_CURVE('',#1029,#1141,#1169,.T.);
#1169 = SURFACE_CURVE('',#1170,(#1174,#1181),.PCURVE_S1.);
#1170 = LINE('',#1171,#1172);
#1171 = CARTESIAN_POINT('',(340.59076413798,38.6,0.));
#1172 = VECTOR('',#1173,1.);
#1173 = DIRECTION('',(-1.,0.,0.));
#1174 = PCURVE('',#54,#1175);
#1175 = DEFINITIONAL_REPRESENTATION('',(#1176),#1180);
#1176 = LINE('',#1177,#1178);
#1177 = CARTESIAN_POINT('',(122.9435114779,-14.65572926751));
#1178 = VECTOR('',#1179,1.);
#1179 = DIRECTION('',(-1.,0.));
#1180 = ( GEOMETRIC_REPRESENTATION_CONTEXT(2) 
PARAMETRIC_REPRESENTATION_CONTEXT() REPRESENTATION_CONTEXT('2D SPACE',''
  ) );
#1181 = PCURVE('',#1182,#1187);
#1182 = PLANE('',#1183);
#1183 = AXIS2_PLACEMENT_3D('',#1184,#1185,#1186);
#1184 = CARTESIAN_POINT('',(340.59076413798,38.6,0.));
#1185 = DIRECTION('',(0.,-1.,0.));
#1186 = DIRECTION('',(-1.,0.,0.));
#1187 = DEFINITIONAL_REPRESENTATION('',(#1188),#1192);
#1188 = LINE('',#1189,#1190);
#1189 = CARTESIAN_POINT('',(0.,-0.));
#1190 = VECTOR('',#1191,1.);
#1191 = DIRECTION('',(1.,0.));
#1192 = ( GEOMETRIC_REPRESENTATION_CONTEXT(2) 
PARAMETRIC_REPRESENTATION_CONTEXT() REPRESENTATION_CONTEXT('2D SPACE',''
  ) );
#1193 = FACE_BOUND('',#1194,.F.);
#1194 = EDGE_LOOP('',(#1195,#1225,#1253,#1281,#1309,#1337));
#1195 = ORIENTED_EDGE('',*,*,#1196,.F.);
#1196 = EDGE_CURVE('',#1197,#1199,#1201,.T.);
#1197 = VERTEX_POINT('',#1198);
#1198 = CARTESIAN_POINT('',(317.38128331655,43.6,0.));
#1199 = VERTEX_POINT('',#1200);
#1200 = CARTESIAN_POINT('',(310.10666992476,56.2,0.));
#1201 = SURFACE_CURVE('',#1202,(#1206,#1213),.PCURVE_S1.);
#1202 = LINE('',#1203,#1204);
#1203 = CARTESIAN_POINT('',(317.38128331655,43.6,0.));
#1204 = VECTOR('',#1205,1.);
#1205 = DIRECTION('',(-0.5,0.866025403784,0.));
#1206 = PCURVE('',#54,#1207);
#1207 = DEFINITIONAL_REPRESENTATION('',(#1208),#1212);
#1208 = LINE('',#1209,#1210);
#1209 = CARTESIAN_POINT('',(99.73403065647,-9.655729267513));
#1210 = VECTOR('',#1211,1.);
#1211 = DIRECTION('',(-0.5,0.866025403784));
#1212 = ( GEOMETRIC_REPRESENTATION_CONTEXT(2) 
PARAMETRIC_REPRESENTATION_CONTEXT() REPRESENTATION_CONTEXT('2D SPACE',''
  ) );
#1213 = PCURVE('',#1214,#1219);
#1214 = PLANE('',#1215);
#1215 = AXIS2_PLACEMENT_3D('',#1216,#1217,#1218);
#1216 = CARTESIAN_POINT('',(317.38128331655,43.6,0.));
#1217 = DIRECTION('',(-0.866025403784,-0.5,0.));
#1218 = DIRECTION('',(-0.5,0.866025403784,0.));
#1219 = DEFINITIONAL_REPRESENTATION('',(#1220),#1224);
#1220 = LINE('',#1221,#1222);
#1221 = CARTESIAN_POINT('',(0.,0.));
#1222 = VECTOR('',#1223,1.);
#1223 = DIRECTION('',(1.,0.));
#1224 = ( GEOMETRIC_REPRESENTATION_CONTEXT(2) 
PARAMETRIC_REPRESENTATION_CONTEXT() REPRESENTATION_CONTEXT('2D SPACE',''
  ) );
#1225 = ORIENTED_EDGE('',*,*,#1226,.F.);
#1226 = EDGE_CURVE('',#1227,#1197,#1229,.T.);
#1227 = VERTEX_POINT('',#1228);
#1228 = CARTESIAN_POINT('',(310.10666992476,31.,0.));
#1229 = SURFACE_CURVE('',#1230,(#1234,#1241),.PCURVE_S1.);
#1230 = LINE('',#1231,#1232);
#1231 = CARTESIAN_POINT('',(310.10666992476,31.,0.));
#1232 = VECTOR('',#1233,1.);
#1233 = DIRECTION('',(0.5,0.866025403784,0.));
#1234 = PCURVE('',#54,#1235);
#1235 = DEFINITIONAL_REPRESENTATION('',(#1236),#1240);
#1236 = LINE('',#1237,#1238);
#1237 = CARTESIAN_POINT('',(92.45941726468,-22.25572926751));
#1238 = VECTOR('',#1239,1.);
#1239 = DIRECTION('',(0.5,0.866025403784));
#1240 = ( GEOMETRIC_REPRESENTATION_CONTEXT(2) 
PARAMETRIC_REPRESENTATION_CONTEXT() REPRESENTATION_CONTEXT('2D SPACE',''
  ) );
#1241 = PCURVE('',#1242,#1247);
#1242 = PLANE('',#1243);
#1243 = AXIS2_PLACEMENT_3D('',#1244,#1245,#1246);
#1244 = CARTESIAN_POINT('',(310.10666992476,31.,0.));
#1245 = DIRECTION('',(-0.866025403784,0.5,0.));
#1246 = DIRECTION('',(0.5,0.866025403784,0.));
#1247 = DEFINITIONAL_REPRESENTATION('',(#1248),#1252);
#1248 = LINE('',#1249,#1250);
#1249 = CARTESIAN_POINT('',(0.,0.));
#1250 = VECTOR('',#1251,1.);
#1251 = DIRECTION('',(1.,0.));
#1252 = ( GEOMETRIC_REPRESENTATION_CONTEXT(2) 
PARAMETRIC_REPRESENTATION_CONTEXT() REPRESENTATION_CONTEXT('2D SPACE',''
  ) );
#1253 = ORIENTED_EDGE('',*,*,#1254,.F.);
#1254 = EDGE_CURVE('',#1255,#1227,#1257,.T.);
#1255 = VERTEX_POINT('',#1256);
#1256 = CARTESIAN_POINT('',(295.55744314118,31.,0.));
#1257 = SURFACE_CURVE('',#1258,(#1262,#1269),.PCURVE_S1.);
#1258 = LINE('',#1259,#1260);
#1259 = CARTESIAN_POINT('',(295.55744314118,31.,0.));
#1260 = VECTOR('',#1261,1.);
#1261 = DIRECTION('',(1.,-2.441857379535E-16,0.));
#1262 = PCURVE('',#54,#1263);
#1263 = DEFINITIONAL_REPRESENTATION('',(#1264),#1268);
#1264 = LINE('',#1265,#1266);
#1265 = CARTESIAN_POINT('',(77.9101904811,-22.25572926751));
#1266 = VECTOR('',#1267,1.);
#1267 = DIRECTION('',(1.,-2.441857379535E-16));
#1268 = ( GEOMETRIC_REPRESENTATION_CONTEXT(2) 
PARAMETRIC_REPRESENTATION_CONTEXT() REPRESENTATION_CONTEXT('2D SPACE',''
  ) );
#1269 = PCURVE('',#1270,#1275);
#1270 = PLANE('',#1271);
#1271 = AXIS2_PLACEMENT_3D('',#1272,#1273,#1274);
#1272 = CARTESIAN_POINT('',(295.55744314118,31.,0.));
#1273 = DIRECTION('',(2.441857379535E-16,1.,-0.));
#1274 = DIRECTION('',(1.,-2.441857379535E-16,0.));
#1275 = DEFINITIONAL_REPRESENTATION('',(#1276),#1280);
#1276 = LINE('',#1277,#1278);
#1277 = CARTESIAN_POINT('',(0.,0.));
#1278 = VECTOR('',#1279,1.);
#1279 = DIRECTION('',(1.,0.));
#1280 = ( GEOMETRIC_REPRESENTATION_CONTEXT(2) 
PARAMETRIC_REPRESENTATION_CONTEXT() REPRESENTATION_CONTEXT('2D SPACE',''
  ) );
#1281 = ORIENTED_EDGE('',*,*,#1282,.F.);
#1282 = EDGE_CURVE('',#1283,#1255,#1285,.T.);
#1283 = VERTEX_POINT('',#1284);
#1284 = CARTESIAN_POINT('',(288.2828297494,43.6,0.));
#1285 = SURFACE_CURVE('',#1286,(#1290,#1297),.PCURVE_S1.);
#1286 = LINE('',#1287,#1288);
#1287 = CARTESIAN_POINT('',(288.2828297494,43.6,0.));
#1288 = VECTOR('',#1289,1.);
#1289 = DIRECTION('',(0.5,-0.866025403784,0.));
#1290 = PCURVE('',#54,#1291);
#1291 = DEFINITIONAL_REPRESENTATION('',(#1292),#1296);
#1292 = LINE('',#1293,#1294);
#1293 = CARTESIAN_POINT('',(70.63557708932,-9.655729267513));
#1294 = VECTOR('',#1295,1.);
#1295 = DIRECTION('',(0.5,-0.866025403784));
#1296 = ( GEOMETRIC_REPRESENTATION_CONTEXT(2) 
PARAMETRIC_REPRESENTATION_CONTEXT() REPRESENTATION_CONTEXT('2D SPACE',''
  ) );
#1297 = PCURVE('',#1298,#1303);
#1298 = PLANE('',#1299);
#1299 = AXIS2_PLACEMENT_3D('',#1300,#1301,#1302);
#1300 = CARTESIAN_POINT('',(288.2828297494,43.6,0.));
#1301 = DIRECTION('',(0.866025403784,0.5,-0.));
#1302 = DIRECTION('',(0.5,-0.866025403784,0.));
#1303 = DEFINITIONAL_REPRESENTATION('',(#1304),#1308);
#1304 = LINE('',#1305,#1306);
#1305 = CARTESIAN_POINT('',(0.,0.));
#1306 = VECTOR('',#1307,1.);
#1307 = DIRECTION('',(1.,0.));
#1308 = ( GEOMETRIC_REPRESENTATION_CONTEXT(2) 
PARAMETRIC_REPRESENTATION_CONTEXT() REPRESENTATION_CONTEXT('2D SPACE',''
  ) );
#1309 = ORIENTED_EDGE('',*,*,#1310,.F.);
#1310 = EDGE_CURVE('',#1311,#1283,#1313,.T.);
#1311 = VERTEX_POINT('',#1312);
#1312 = CARTESIAN_POINT('',(295.55744314118,56.2,0.));
#1313 = SURFACE_CURVE('',#1314,(#1318,#1325),.PCURVE_S1.);
#1314 = LINE('',#1315,#1316);
#1315 = CARTESIAN_POINT('',(295.55744314118,56.2,0.));
#1316 = VECTOR('',#1317,1.);
#1317 = DIRECTION('',(-0.5,-0.866025403784,0.));
#1318 = PCURVE('',#54,#1319);
#1319 = DEFINITIONAL_REPRESENTATION('',(#1320),#1324);
#1320 = LINE('',#1321,#1322);
#1321 = CARTESIAN_POINT('',(77.9101904811,2.944270732487));
#1322 = VECTOR('',#1323,1.);
#1323 = DIRECTION('',(-0.5,-0.866025403784));
#1324 = ( GEOMETRIC_REPRESENTATION_CONTEXT(2) 
PARAMETRIC_REPRESENTATION_CONTEXT() REPRESENTATION_CONTEXT('2D SPACE',''
  ) );
#1325 = PCURVE('',#1326,#1331);
#1326 = PLANE('',#1327);
#1327 = AXIS2_PLACEMENT_3D('',#1328,#1329,#1330);
#1328 = CARTESIAN_POINT('',(295.55744314118,56.2,0.));
#1329 = DIRECTION('',(0.866025403784,-0.5,0.));
#1330 = DIRECTION('',(-0.5,-0.866025403784,0.));
#1331 = DEFINITIONAL_REPRESENTATION('',(#1332),#1336);
#1332 = LINE('',#1333,#1334);
#1333 = CARTESIAN_POINT('',(0.,0.));
#1334 = VECTOR('',#1335,1.);
#1335 = DIRECTION('',(1.,0.));
#1336 = ( GEOMETRIC_REPRESENTATION_CONTEXT(2) 
PARAMETRIC_REPRESENTATION_CONTEXT() REPRESENTATION_CONTEXT('2D SPACE',''
  ) );
#1337 = ORIENTED_EDGE('',*,*,#1338,.F.);
#1338 = EDGE_CURVE('',#1199,#1311,#1339,.T.);
#1339 = SURFACE_CURVE('',#1340,(#1344,#1351),.PCURVE_S1.);
#1340 = LINE('',#1341,#1342);
#1341 = CARTESIAN_POINT('',(310.10666992476,56.2,0.));
#1342 = VECTOR('',#1343,1.);
#1343 = DIRECTION('',(-1.,0.,0.));
#1344 = PCURVE('',#54,#1345);
#1345 = DEFINITIONAL_REPRESENTATION('',(#1346),#1350);
#1346 = LINE('',#1347,#1348);
#1347 = CARTESIAN_POINT('',(92.45941726468,2.944270732487));
#1348 = VECTOR('',#1349,1.);
#1349 = DIRECTION('',(-1.,0.));
#1350 = ( GEOMETRIC_REPRESENTATION_CONTEXT(2) 
PARAMETRIC_REPRESENTATION_CONTEXT() REPRESENTATION_CONTEXT('2D SPACE',''
  ) );
#1351 = PCURVE('',#1352,#1357);
#1352 = PLANE('',#1353);
#1353 = AXIS2_PLACEMENT_3D('',#1354,#1355,#1356);
#1354 = CARTESIAN_POINT('',(310.10666992476,56.2,0.));
#1355 = DIRECTION('',(0.,-1.,0.));
#1356 = DIRECTION('',(-1.,0.,0.));
#1357 = DEFINITIONAL_REPRESENTATION('',(#1358),#1362);
#1358 = LINE('',#1359,#1360);
#1359 = CARTESIAN_POINT('',(0.,-0.));
#1360 = VECTOR('',#1361,1.);
#1361 = DIRECTION('',(1.,0.));
#1362 = ( GEOMETRIC_REPRESENTATION_CONTEXT(2) 
PARAMETRIC_REPRESENTATION_CONTEXT() REPRESENTATION_CONTEXT('2D SPACE',''
  ) );
#1363 = FACE_BOUND('',#1364,.F.);
#1364 = EDGE_LOOP('',(#1365,#1395,#1423,#1451,#1479,#1507));
#1365 = ORIENTED_EDGE('',*,*,#1366,.F.);
#1366 = EDGE_CURVE('',#1367,#1369,#1371,.T.);
#1367 = VERTEX_POINT('',#1368);
#1368 = CARTESIAN_POINT('',(378.34947174298,43.6,0.));
#1369 = VERTEX_POINT('',#1370);
#1370 = CARTESIAN_POINT('',(371.07485835119,56.2,0.));
#1371 = SURFACE_CURVE('',#1372,(#1376,#1383),.PCURVE_S1.);
#1372 = LINE('',#1373,#1374);
#1373 = CARTESIAN_POINT('',(378.34947174298,43.6,0.));
#1374 = VECTOR('',#1375,1.);
#1375 = DIRECTION('',(-0.5,0.866025403784,0.));
#1376 = PCURVE('',#54,#1377);
#1377 = DEFINITIONAL_REPRESENTATION('',(#1378),#1382);
#1378 = LINE('',#1379,#1380);
#1379 = CARTESIAN_POINT('',(160.7022190829,-9.655729267513));
#1380 = VECTOR('',#1381,1.);
#1381 = DIRECTION('',(-0.5,0.866025403784));
#1382 = ( GEOMETRIC_REPRESENTATION_CONTEXT(2) 
PARAMETRIC_REPRESENTATION_CONTEXT() REPRESENTATION_CONTEXT('2D SPACE',''
  ) );
#1383 = PCURVE('',#1384,#1389);
#1384 = PLANE('',#1385);
#1385 = AXIS2_PLACEMENT_3D('',#1386,#1387,#1388);
#1386 = CARTESIAN_POINT('',(378.34947174298,43.6,0.));
#1387 = DIRECTION('',(-0.866025403784,-0.5,0.));
#1388 = DIRECTION('',(-0.5,0.866025403784,0.));
#1389 = DEFINITIONAL_REPRESENTATION('',(#1390),#1394);
#1390 = LINE('',#1391,#1392);
#1391 = CARTESIAN_POINT('',(0.,0.));
#1392 = VECTOR('',#1393,1.);
#1393 = DIRECTION('',(1.,0.));
#1394 = ( GEOMETRIC_REPRESENTATION_CONTEXT(2) 
PARAMETRIC_REPRESENTATION_CONTEXT() REPRESENTATION_CONTEXT('2D SPACE',''
  ) );
#1395 = ORIENTED_EDGE('',*,*,#1396,.F.);
#1396 = EDGE_CURVE('',#1397,#1367,#1399,.T.);
#1397 = VERTEX_POINT('',#1398);
#1398 = CARTESIAN_POINT('',(371.07485835119,31.,0.));
#1399 = SURFACE_CURVE('',#1400,(#1404,#1411),.PCURVE_S1.);
#1400 = LINE('',#1401,#1402);
#1401 = CARTESIAN_POINT('',(371.07485835119,31.,0.));
#1402 = VECTOR('',#1403,1.);
#1403 = DIRECTION('',(0.5,0.866025403784,0.));
#1404 = PCURVE('',#54,#1405);
#1405 = DEFINITIONAL_REPRESENTATION('',(#1406),#1410);
#1406 = LINE('',#1407,#1408);
#1407 = CARTESIAN_POINT('',(153.42760569111,-22.25572926751));
#1408 = VECTOR('',#1409,1.);
#1409 = DIRECTION('',(0.5,0.866025403784));
#1410 = ( GEOMETRIC_REPRESENTATION_CONTEXT(2) 
PARAMETRIC_REPRESENTATION_CONTEXT() REPRESENTATION_CONTEXT('2D SPACE',''
  ) );
#1411 = PCURVE('',#1412,#1417);
#1412 = PLANE('',#1413);
#1413 = AXIS2_PLACEMENT_3D('',#1414,#1415,#1416);
#1414 = CARTESIAN_POINT('',(371.07485835119,31.,0.));
#1415 = DIRECTION('',(-0.866025403784,0.5,0.));
#1416 = DIRECTION('',(0.5,0.866025403784,0.));
#1417 = DEFINITIONAL_REPRESENTATION('',(#1418),#1422);
#1418 = LINE('',#1419,#1420);
#1419 = CARTESIAN_POINT('',(0.,0.));
#1420 = VECTOR('',#1421,1.);
#1421 = DIRECTION('',(1.,0.));
#1422 = ( GEOMETRIC_REPRESENTATION_CONTEXT(2) 
PARAMETRIC_REPRESENTATION_CONTEXT() REPRESENTATION_CONTEXT('2D SPACE',''
  ) );
#1423 = ORIENTED_EDGE('',*,*,#1424,.F.);
#1424 = EDGE_CURVE('',#1425,#1397,#1427,.T.);
#1425 = VERTEX_POINT('',#1426);
#1426 = CARTESIAN_POINT('',(356.52563156761,31.,0.));
#1427 = SURFACE_CURVE('',#1428,(#1432,#1439),.PCURVE_S1.);
#1428 = LINE('',#1429,#1430);
#1429 = CARTESIAN_POINT('',(356.52563156761,31.,0.));
#1430 = VECTOR('',#1431,1.);
#1431 = DIRECTION('',(1.,-2.441857379535E-16,0.));
#1432 = PCURVE('',#54,#1433);
#1433 = DEFINITIONAL_REPRESENTATION('',(#1434),#1438);
#1434 = LINE('',#1435,#1436);
#1435 = CARTESIAN_POINT('',(138.87837890753,-22.25572926751));
#1436 = VECTOR('',#1437,1.);
#1437 = DIRECTION('',(1.,-2.441857379535E-16));
#1438 = ( GEOMETRIC_REPRESENTATION_CONTEXT(2) 
PARAMETRIC_REPRESENTATION_CONTEXT() REPRESENTATION_CONTEXT('2D SPACE',''
  ) );
#1439 = PCURVE('',#1440,#1445);
#1440 = PLANE('',#1441);
#1441 = AXIS2_PLACEMENT_3D('',#1442,#1443,#1444);
#1442 = CARTESIAN_POINT('',(356.52563156761,31.,0.));
#1443 = DIRECTION('',(2.441857379535E-16,1.,-0.));
#1444 = DIRECTION('',(1.,-2.441857379535E-16,0.));
#1445 = DEFINITIONAL_REPRESENTATION('',(#1446),#1450);
#1446 = LINE('',#1447,#1448);
#1447 = CARTESIAN_POINT('',(0.,0.));
#1448 = VECTOR('',#1449,1.);
#1449 = DIRECTION('',(1.,0.));
#1450 = ( GEOMETRIC_REPRESENTATION_CONTEXT(2) 
PARAMETRIC_REPRESENTATION_CONTEXT() REPRESENTATION_CONTEXT('2D SPACE',''
  ) );
#1451 = ORIENTED_EDGE('',*,*,#1452,.F.);
#1452 = EDGE_CURVE('',#1453,#1425,#1455,.T.);
#1453 = VERTEX_POINT('',#1454);
#1454 = CARTESIAN_POINT('',(349.25101817582,43.6,0.));
#1455 = SURFACE_CURVE('',#1456,(#1460,#1467),.PCURVE_S1.);
#1456 = LINE('',#1457,#1458);
#1457 = CARTESIAN_POINT('',(349.25101817582,43.6,0.));
#1458 = VECTOR('',#1459,1.);
#1459 = DIRECTION('',(0.5,-0.866025403784,0.));
#1460 = PCURVE('',#54,#1461);
#1461 = DEFINITIONAL_REPRESENTATION('',(#1462),#1466);
#1462 = LINE('',#1463,#1464);
#1463 = CARTESIAN_POINT('',(131.60376551574,-9.655729267513));
#1464 = VECTOR('',#1465,1.);
#1465 = DIRECTION('',(0.5,-0.866025403784));
#1466 = ( GEOMETRIC_REPRESENTATION_CONTEXT(2) 
PARAMETRIC_REPRESENTATION_CONTEXT() REPRESENTATION_CONTEXT('2D SPACE',''
  ) );
#1467 = PCURVE('',#1468,#1473);
#1468 = PLANE('',#1469);
#1469 = AXIS2_PLACEMENT_3D('',#1470,#1471,#1472);
#1470 = CARTESIAN_POINT('',(349.25101817582,43.6,0.));
#1471 = DIRECTION('',(0.866025403784,0.5,-0.));
#1472 = DIRECTION('',(0.5,-0.866025403784,0.));
#1473 = DEFINITIONAL_REPRESENTATION('',(#1474),#1478);
#1474 = LINE('',#1475,#1476);
#1475 = CARTESIAN_POINT('',(0.,0.));
#1476 = VECTOR('',#1477,1.);
#1477 = DIRECTION('',(1.,0.));
#1478 = ( GEOMETRIC_REPRESENTATION_CONTEXT(2) 
PARAMETRIC_REPRESENTATION_CONTEXT() REPRESENTATION_CONTEXT('2D SPACE',''
  ) );
#1479 = ORIENTED_EDGE('',*,*,#1480,.F.);
#1480 = EDGE_CURVE('',#1481,#1453,#1483,.T.);
#1481 = VERTEX_POINT('',#1482);
#1482 = CARTESIAN_POINT('',(356.52563156761,56.2,0.));
#1483 = SURFACE_CURVE('',#1484,(#1488,#1495),.PCURVE_S1.);
#1484 = LINE('',#1485,#1486);
#1485 = CARTESIAN_POINT('',(356.52563156761,56.2,0.));
#1486 = VECTOR('',#1487,1.);
#1487 = DIRECTION('',(-0.5,-0.866025403784,0.));
#1488 = PCURVE('',#54,#1489);
#1489 = DEFINITIONAL_REPRESENTATION('',(#1490),#1494);
#1490 = LINE('',#1491,#1492);
#1491 = CARTESIAN_POINT('',(138.87837890753,2.944270732487));
#1492 = VECTOR('',#1493,1.);
#1493 = DIRECTION('',(-0.5,-0.866025403784));
#1494 = ( GEOMETRIC_REPRESENTATION_CONTEXT(2) 
PARAMETRIC_REPRESENTATION_CONTEXT() REPRESENTATION_CONTEXT('2D SPACE',''
  ) );
#1495 = PCURVE('',#1496,#1501);
#1496 = PLANE('',#1497);
#1497 = AXIS2_PLACEMENT_3D('',#1498,#1499,#1500);
#1498 = CARTESIAN_POINT('',(356.52563156761,56.2,0.));
#1499 = DIRECTION('',(0.866025403784,-0.5,0.));
#1500 = DIRECTION('',(-0.5,-0.866025403784,0.));
#1501 = DEFINITIONAL_REPRESENTATION('',(#1502),#1506);
#1502 = LINE('',#1503,#1504);
#1503 = CARTESIAN_POINT('',(0.,0.));
#1504 = VECTOR('',#1505,1.);
#1505 = DIRECTION('',(1.,0.));
#1506 = ( GEOMETRIC_REPRESENTATION_CONTEXT(2) 
PARAMETRIC_REPRESENTATION_CONTEXT() REPRESENTATION_CONTEXT('2D SPACE',''
  ) );
#1507 = ORIENTED_EDGE('',*,*,#1508,.F.);
#1508 = EDGE_CURVE('',#1369,#1481,#1509,.T.);
#1509 = SURFACE_CURVE('',#1510,(#1514,#1521),.PCURVE_S1.);
#1510 = LINE('',#1511,#1512);
#1511 = CARTESIAN_POINT('',(371.07485835119,56.2,0.));
#1512 = VECTOR('',#1513,1.);
#1513 = DIRECTION('',(-1.,0.,0.));
#1514 = PCURVE('',#54,#1515);
#1515 = DEFINITIONAL_REPRESENTATION('',(#1516),#1520);
#1516 = LINE('',#1517,#1518);
#1517 = CARTESIAN_POINT('',(153.42760569111,2.944270732487));
#1518 = VECTOR('',#1519,1.);
#1519 = DIRECTION('',(-1.,0.));
#1520 = ( GEOMETRIC_REPRESENTATION_CONTEXT(2) 
PARAMETRIC_REPRESENTATION_CONTEXT() REPRESENTATION_CONTEXT('2D SPACE',''
  ) );
#1521 = PCURVE('',#1522,#1527);
#1522 = PLANE('',#1523);
#1523 = AXIS2_PLACEMENT_3D('',#1524,#1525,#1526);
#1524 = CARTESIAN_POINT('',(371.07485835119,56.2,0.));
#1525 = DIRECTION('',(0.,-1.,0.));
#1526 = DIRECTION('',(-1.,0.,0.));
#1527 = DEFINITIONAL_REPRESENTATION('',(#1528),#1532);
#1528 = LINE('',#1529,#1530);
#1529 = CARTESIAN_POINT('',(0.,-0.));
#1530 = VECTOR('',#1531,1.);
#1531 = DIRECTION('',(1.,0.));
#1532 = ( GEOMETRIC_REPRESENTATION_CONTEXT(2) 
PARAMETRIC_REPRESENTATION_CONTEXT() REPRESENTATION_CONTEXT('2D SPACE',''
  ) );
#1533 = FACE_BOUND('',#1534,.F.);
#1534 = EDGE_LOOP('',(#1535,#1565,#1593,#1621,#1649,#1677));
#1535 = ORIENTED_EDGE('',*,*,#1536,.F.);
#1536 = EDGE_CURVE('',#1537,#1539,#1541,.T.);
#1537 = VERTEX_POINT('',#1538);
#1538 = CARTESIAN_POINT('',(286.89718910334,61.2,0.));
#1539 = VERTEX_POINT('',#1540);
#1540 = CARTESIAN_POINT('',(279.62257571155,73.8,0.));
#1541 = SURFACE_CURVE('',#1542,(#1546,#1553),.PCURVE_S1.);
#1542 = LINE('',#1543,#1544);
#1543 = CARTESIAN_POINT('',(286.89718910334,61.2,0.));
#1544 = VECTOR('',#1545,1.);
#1545 = DIRECTION('',(-0.5,0.866025403784,0.));
#1546 = PCURVE('',#54,#1547);
#1547 = DEFINITIONAL_REPRESENTATION('',(#1548),#1552);
#1548 = LINE('',#1549,#1550);
#1549 = CARTESIAN_POINT('',(69.24993644326,7.944270732487));
#1550 = VECTOR('',#1551,1.);
#1551 = DIRECTION('',(-0.5,0.866025403784));
#1552 = ( GEOMETRIC_REPRESENTATION_CONTEXT(2) 
PARAMETRIC_REPRESENTATION_CONTEXT() REPRESENTATION_CONTEXT('2D SPACE',''
  ) );
#1553 = PCURVE('',#1554,#1559);
#1554 = PLANE('',#1555);
#1555 = AXIS2_PLACEMENT_3D('',#1556,#1557,#1558);
#1556 = CARTESIAN_POINT('',(286.89718910334,61.2,0.));
#1557 = DIRECTION('',(-0.866025403784,-0.5,0.));
#1558 = DIRECTION('',(-0.5,0.866025403784,0.));
#1559 = DEFINITIONAL_REPRESENTATION('',(#1560),#1564);
#1560 = LINE('',#1561,#1562);
#1561 = CARTESIAN_POINT('',(0.,0.));
#1562 = VECTOR('',#1563,1.);
#1563 = DIRECTION('',(1.,0.));
#1564 = ( GEOMETRIC_REPRESENTATION_CONTEXT(2) 
PARAMETRIC_REPRESENTATION_CONTEXT() REPRESENTATION_CONTEXT('2D SPACE',''
  ) );
#1565 = ORIENTED_EDGE('',*,*,#1566,.F.);
#1566 = EDGE_CURVE('',#1567,#1537,#1569,.T.);
#1567 = VERTEX_POINT('',#1568);
#1568 = CARTESIAN_POINT('',(279.62257571155,48.6,0.));
#1569 = SURFACE_CURVE('',#1570,(#1574,#1581),.PCURVE_S1.);
#1570 = LINE('',#1571,#1572);
#1571 = CARTESIAN_POINT('',(279.62257571155,48.6,0.));
#1572 = VECTOR('',#1573,1.);
#1573 = DIRECTION('',(0.5,0.866025403784,0.));
#1574 = PCURVE('',#54,#1575);
#1575 = DEFINITIONAL_REPRESENTATION('',(#1576),#1580);
#1576 = LINE('',#1577,#1578);
#1577 = CARTESIAN_POINT('',(61.97532305147,-4.655729267513));
#1578 = VECTOR('',#1579,1.);
#1579 = DIRECTION('',(0.5,0.866025403784));
#1580 = ( GEOMETRIC_REPRESENTATION_CONTEXT(2) 
PARAMETRIC_REPRESENTATION_CONTEXT() REPRESENTATION_CONTEXT('2D SPACE',''
  ) );
#1581 = PCURVE('',#1582,#1587);
#1582 = PLANE('',#1583);
#1583 = AXIS2_PLACEMENT_3D('',#1584,#1585,#1586);
#1584 = CARTESIAN_POINT('',(279.62257571155,48.6,0.));
#1585 = DIRECTION('',(-0.866025403784,0.5,0.));
#1586 = DIRECTION('',(0.5,0.866025403784,0.));
#1587 = DEFINITIONAL_REPRESENTATION('',(#1588),#1592);
#1588 = LINE('',#1589,#1590);
#1589 = CARTESIAN_POINT('',(0.,0.));
#1590 = VECTOR('',#1591,1.);
#1591 = DIRECTION('',(1.,0.));
#1592 = ( GEOMETRIC_REPRESENTATION_CONTEXT(2) 
PARAMETRIC_REPRESENTATION_CONTEXT() REPRESENTATION_CONTEXT('2D SPACE',''
  ) );
#1593 = ORIENTED_EDGE('',*,*,#1594,.F.);
#1594 = EDGE_CURVE('',#1595,#1567,#1597,.T.);
#1595 = VERTEX_POINT('',#1596);
#1596 = CARTESIAN_POINT('',(265.07334892797,48.6,0.));
#1597 = SURFACE_CURVE('',#1598,(#1602,#1609),.PCURVE_S1.);
#1598 = LINE('',#1599,#1600);
#1599 = CARTESIAN_POINT('',(265.07334892797,48.6,0.));
#1600 = VECTOR('',#1601,1.);
#1601 = DIRECTION('',(1.,-4.883714759069E-16,0.));
#1602 = PCURVE('',#54,#1603);
#1603 = DEFINITIONAL_REPRESENTATION('',(#1604),#1608);
#1604 = LINE('',#1605,#1606);
#1605 = CARTESIAN_POINT('',(47.42609626789,-4.655729267513));
#1606 = VECTOR('',#1607,1.);
#1607 = DIRECTION('',(1.,-4.883714759069E-16));
#1608 = ( GEOMETRIC_REPRESENTATION_CONTEXT(2) 
PARAMETRIC_REPRESENTATION_CONTEXT() REPRESENTATION_CONTEXT('2D SPACE',''
  ) );
#1609 = PCURVE('',#1610,#1615);
#1610 = PLANE('',#1611);
#1611 = AXIS2_PLACEMENT_3D('',#1612,#1613,#1614);
#1612 = CARTESIAN_POINT('',(265.07334892797,48.6,0.));
#1613 = DIRECTION('',(4.883714759069E-16,1.,-0.));
#1614 = DIRECTION('',(1.,-4.883714759069E-16,0.));
#1615 = DEFINITIONAL_REPRESENTATION('',(#1616),#1620);
#1616 = LINE('',#1617,#1618);
#1617 = CARTESIAN_POINT('',(0.,0.));
#1618 = VECTOR('',#1619,1.);
#1619 = DIRECTION('',(1.,0.));
#1620 = ( GEOMETRIC_REPRESENTATION_CONTEXT(2) 
PARAMETRIC_REPRESENTATION_CONTEXT() REPRESENTATION_CONTEXT('2D SPACE',''
  ) );
#1621 = ORIENTED_EDGE('',*,*,#1622,.F.);
#1622 = EDGE_CURVE('',#1623,#1595,#1625,.T.);
#1623 = VERTEX_POINT('',#1624);
#1624 = CARTESIAN_POINT('',(257.79873553618,61.2,0.));
#1625 = SURFACE_CURVE('',#1626,(#1630,#1637),.PCURVE_S1.);
#1626 = LINE('',#1627,#1628);
#1627 = CARTESIAN_POINT('',(257.79873553618,61.2,0.));
#1628 = VECTOR('',#1629,1.);
#1629 = DIRECTION('',(0.5,-0.866025403784,0.));
#1630 = PCURVE('',#54,#1631);
#1631 = DEFINITIONAL_REPRESENTATION('',(#1632),#1636);
#1632 = LINE('',#1633,#1634);
#1633 = CARTESIAN_POINT('',(40.1514828761,7.944270732487));
#1634 = VECTOR('',#1635,1.);
#1635 = DIRECTION('',(0.5,-0.866025403784));
#1636 = ( GEOMETRIC_REPRESENTATION_CONTEXT(2) 
PARAMETRIC_REPRESENTATION_CONTEXT() REPRESENTATION_CONTEXT('2D SPACE',''
  ) );
#1637 = PCURVE('',#1638,#1643);
#1638 = PLANE('',#1639);
#1639 = AXIS2_PLACEMENT_3D('',#1640,#1641,#1642);
#1640 = CARTESIAN_POINT('',(257.79873553618,61.2,0.));
#1641 = DIRECTION('',(0.866025403784,0.5,-0.));
#1642 = DIRECTION('',(0.5,-0.866025403784,0.));
#1643 = DEFINITIONAL_REPRESENTATION('',(#1644),#1648);
#1644 = LINE('',#1645,#1646);
#1645 = CARTESIAN_POINT('',(0.,0.));
#1646 = VECTOR('',#1647,1.);
#1647 = DIRECTION('',(1.,0.));
#1648 = ( GEOMETRIC_REPRESENTATION_CONTEXT(2) 
PARAMETRIC_REPRESENTATION_CONTEXT() REPRESENTATION_CONTEXT('2D SPACE',''
  ) );
#1649 = ORIENTED_EDGE('',*,*,#1650,.F.);
#1650 = EDGE_CURVE('',#1651,#1623,#1653,.T.);
#1651 = VERTEX_POINT('',#1652);
#1652 = CARTESIAN_POINT('',(265.07334892797,73.8,0.));
#1653 = SURFACE_CURVE('',#1654,(#1658,#1665),.PCURVE_S1.);
#1654 = LINE('',#1655,#1656);
#1655 = CARTESIAN_POINT('',(265.07334892797,73.8,0.));
#1656 = VECTOR('',#1657,1.);
#1657 = DIRECTION('',(-0.5,-0.866025403784,0.));
#1658 = PCURVE('',#54,#1659);
#1659 = DEFINITIONAL_REPRESENTATION('',(#1660),#1664);
#1660 = LINE('',#1661,#1662);
#1661 = CARTESIAN_POINT('',(47.42609626789,20.544270732487));
#1662 = VECTOR('',#1663,1.);
#1663 = DIRECTION('',(-0.5,-0.866025403784));
#1664 = ( GEOMETRIC_REPRESENTATION_CONTEXT(2) 
PARAMETRIC_REPRESENTATION_CONTEXT() REPRESENTATION_CONTEXT('2D SPACE',''
  ) );
#1665 = PCURVE('',#1666,#1671);
#1666 = PLANE('',#1667);
#1667 = AXIS2_PLACEMENT_3D('',#1668,#1669,#1670);
#1668 = CARTESIAN_POINT('',(265.07334892797,73.8,0.));
#1669 = DIRECTION('',(0.866025403784,-0.5,0.));
#1670 = DIRECTION('',(-0.5,-0.866025403784,0.));
#1671 = DEFINITIONAL_REPRESENTATION('',(#1672),#1676);
#1672 = LINE('',#1673,#1674);
#1673 = CARTESIAN_POINT('',(0.,0.));
#1674 = VECTOR('',#1675,1.);
#1675 = DIRECTION('',(1.,0.));
#1676 = ( GEOMETRIC_REPRESENTATION_CONTEXT(2) 
PARAMETRIC_REPRESENTATION_CONTEXT() REPRESENTATION_CONTEXT('2D SPACE',''
  ) );
#1677 = ORIENTED_EDGE('',*,*,#1678,.F.);
#1678 = EDGE_CURVE('',#1539,#1651,#1679,.T.);
#1679 = SURFACE_CURVE('',#1680,(#1684,#1691),.PCURVE_S1.);
#1680 = LINE('',#1681,#1682);
#1681 = CARTESIAN_POINT('',(279.62257571155,73.8,0.));
#1682 = VECTOR('',#1683,1.);
#1683 = DIRECTION('',(-1.,0.,0.));
#1684 = PCURVE('',#54,#1685);
#1685 = DEFINITIONAL_REPRESENTATION('',(#1686),#1690);
#1686 = LINE('',#1687,#1688);
#1687 = CARTESIAN_POINT('',(61.97532305147,20.544270732487));
#1688 = VECTOR('',#1689,1.);
#1689 = DIRECTION('',(-1.,0.));
#1690 = ( GEOMETRIC_REPRESENTATION_CONTEXT(2) 
PARAMETRIC_REPRESENTATION_CONTEXT() REPRESENTATION_CONTEXT('2D SPACE',''
  ) );
#1691 = PCURVE('',#1692,#1697);
#1692 = PLANE('',#1693);
#1693 = AXIS2_PLACEMENT_3D('',#1694,#1695,#1696);
#1694 = CARTESIAN_POINT('',(279.62257571155,73.8,0.));
#1695 = DIRECTION('',(0.,-1.,0.));
#1696 = DIRECTION('',(-1.,0.,0.));
#1697 = DEFINITIONAL_REPRESENTATION('',(#1698),#1702);
#1698 = LINE('',#1699,#1700);
#1699 = CARTESIAN_POINT('',(0.,-0.));
#1700 = VECTOR('',#1701,1.);
#1701 = DIRECTION('',(1.,0.));
#1702 = ( GEOMETRIC_REPRESENTATION_CONTEXT(2) 
PARAMETRIC_REPRESENTATION_CONTEXT() REPRESENTATION_CONTEXT('2D SPACE',''
  ) );
#1703 = FACE_BOUND('',#1704,.F.);
#1704 = EDGE_LOOP('',(#1705,#1735,#1763,#1791,#1819,#1847));
#1705 = ORIENTED_EDGE('',*,*,#1706,.F.);
#1706 = EDGE_CURVE('',#1707,#1709,#1711,.T.);
#1707 = VERTEX_POINT('',#1708);
#1708 = CARTESIAN_POINT('',(347.86537752976,61.2,0.));
#1709 = VERTEX_POINT('',#1710);
#1710 = CARTESIAN_POINT('',(340.59076413798,73.8,0.));
#1711 = SURFACE_CURVE('',#1712,(#1716,#1723),.PCURVE_S1.);
#1712 = LINE('',#1713,#1714);
#1713 = CARTESIAN_POINT('',(347.86537752976,61.2,0.));
#1714 = VECTOR('',#1715,1.);
#1715 = DIRECTION('',(-0.5,0.866025403784,0.));
#1716 = PCURVE('',#54,#1717);
#1717 = DEFINITIONAL_REPRESENTATION('',(#1718),#1722);
#1718 = LINE('',#1719,#1720);
#1719 = CARTESIAN_POINT('',(130.21812486968,7.944270732487));
#1720 = VECTOR('',#1721,1.);
#1721 = DIRECTION('',(-0.5,0.866025403784));
#1722 = ( GEOMETRIC_REPRESENTATION_CONTEXT(2) 
PARAMETRIC_REPRESENTATION_CONTEXT() REPRESENTATION_CONTEXT('2D SPACE',''
  ) );
#1723 = PCURVE('',#1724,#1729);
#1724 = PLANE('',#1725);
#1725 = AXIS2_PLACEMENT_3D('',#1726,#1727,#1728);
#1726 = CARTESIAN_POINT('',(347.86537752976,61.2,0.));
#1727 = DIRECTION('',(-0.866025403784,-0.5,0.));
#1728 = DIRECTION('',(-0.5,0.866025403784,0.));
#1729 = DEFINITIONAL_REPRESENTATION('',(#1730),#1734);
#1730 = LINE('',#1731,#1732);
#1731 = CARTESIAN_POINT('',(0.,0.));
#1732 = VECTOR('',#1733,1.);
#1733 = DIRECTION('',(1.,0.));
#1734 = ( GEOMETRIC_REPRESENTATION_CONTEXT(2) 
PARAMETRIC_REPRESENTATION_CONTEXT() REPRESENTATION_CONTEXT('2D SPACE',''
  ) );
#1735 = ORIENTED_EDGE('',*,*,#1736,.F.);
#1736 = EDGE_CURVE('',#1737,#1707,#1739,.T.);
#1737 = VERTEX_POINT('',#1738);
#1738 = CARTESIAN_POINT('',(340.59076413798,48.6,0.));
#1739 = SURFACE_CURVE('',#1740,(#1744,#1751),.PCURVE_S1.);
#1740 = LINE('',#1741,#1742);
#1741 = CARTESIAN_POINT('',(340.59076413798,48.6,0.));
#1742 = VECTOR('',#1743,1.);
#1743 = DIRECTION('',(0.5,0.866025403784,0.));
#1744 = PCURVE('',#54,#1745);
#1745 = DEFINITIONAL_REPRESENTATION('',(#1746),#1750);
#1746 = LINE('',#1747,#1748);
#1747 = CARTESIAN_POINT('',(122.9435114779,-4.655729267513));
#1748 = VECTOR('',#1749,1.);
#1749 = DIRECTION('',(0.5,0.866025403784));
#1750 = ( GEOMETRIC_REPRESENTATION_CONTEXT(2) 
PARAMETRIC_REPRESENTATION_CONTEXT() REPRESENTATION_CONTEXT('2D SPACE',''
  ) );
#1751 = PCURVE('',#1752,#1757);
#1752 = PLANE('',#1753);
#1753 = AXIS2_PLACEMENT_3D('',#1754,#1755,#1756);
#1754 = CARTESIAN_POINT('',(340.59076413798,48.6,0.));
#1755 = DIRECTION('',(-0.866025403784,0.5,0.));
#1756 = DIRECTION('',(0.5,0.866025403784,0.));
#1757 = DEFINITIONAL_REPRESENTATION('',(#1758),#1762);
#1758 = LINE('',#1759,#1760);
#1759 = CARTESIAN_POINT('',(0.,0.));
#1760 = VECTOR('',#1761,1.);
#1761 = DIRECTION('',(1.,0.));
#1762 = ( GEOMETRIC_REPRESENTATION_CONTEXT(2) 
PARAMETRIC_REPRESENTATION_CONTEXT() REPRESENTATION_CONTEXT('2D SPACE',''
  ) );
#1763 = ORIENTED_EDGE('',*,*,#1764,.F.);
#1764 = EDGE_CURVE('',#1765,#1737,#1767,.T.);
#1765 = VERTEX_POINT('',#1766);
#1766 = CARTESIAN_POINT('',(326.0415373544,48.6,0.));
#1767 = SURFACE_CURVE('',#1768,(#1772,#1779),.PCURVE_S1.);
#1768 = LINE('',#1769,#1770);
#1769 = CARTESIAN_POINT('',(326.0415373544,48.6,0.));
#1770 = VECTOR('',#1771,1.);
#1771 = DIRECTION('',(1.,-4.883714759069E-16,0.));
#1772 = PCURVE('',#54,#1773);
#1773 = DEFINITIONAL_REPRESENTATION('',(#1774),#1778);
#1774 = LINE('',#1775,#1776);
#1775 = CARTESIAN_POINT('',(108.39428469432,-4.655729267513));
#1776 = VECTOR('',#1777,1.);
#1777 = DIRECTION('',(1.,-4.883714759069E-16));
#1778 = ( GEOMETRIC_REPRESENTATION_CONTEXT(2) 
PARAMETRIC_REPRESENTATION_CONTEXT() REPRESENTATION_CONTEXT('2D SPACE',''
  ) );
#1779 = PCURVE('',#1780,#1785);
#1780 = PLANE('',#1781);
#1781 = AXIS2_PLACEMENT_3D('',#1782,#1783,#1784);
#1782 = CARTESIAN_POINT('',(326.0415373544,48.6,0.));
#1783 = DIRECTION('',(4.883714759069E-16,1.,-0.));
#1784 = DIRECTION('',(1.,-4.883714759069E-16,0.));
#1785 = DEFINITIONAL_REPRESENTATION('',(#1786),#1790);
#1786 = LINE('',#1787,#1788);
#1787 = CARTESIAN_POINT('',(0.,0.));
#1788 = VECTOR('',#1789,1.);
#1789 = DIRECTION('',(1.,0.));
#1790 = ( GEOMETRIC_REPRESENTATION_CONTEXT(2) 
PARAMETRIC_REPRESENTATION_CONTEXT() REPRESENTATION_CONTEXT('2D SPACE',''
  ) );
#1791 = ORIENTED_EDGE('',*,*,#1792,.F.);
#1792 = EDGE_CURVE('',#1793,#1765,#1795,.T.);
#1793 = VERTEX_POINT('',#1794);
#1794 = CARTESIAN_POINT('',(318.76692396261,61.2,0.));
#1795 = SURFACE_CURVE('',#1796,(#1800,#1807),.PCURVE_S1.);
#1796 = LINE('',#1797,#1798);
#1797 = CARTESIAN_POINT('',(318.76692396261,61.2,0.));
#1798 = VECTOR('',#1799,1.);
#1799 = DIRECTION('',(0.5,-0.866025403784,0.));
#1800 = PCURVE('',#54,#1801);
#1801 = DEFINITIONAL_REPRESENTATION('',(#1802),#1806);
#1802 = LINE('',#1803,#1804);
#1803 = CARTESIAN_POINT('',(101.11967130253,7.944270732487));
#1804 = VECTOR('',#1805,1.);
#1805 = DIRECTION('',(0.5,-0.866025403784));
#1806 = ( GEOMETRIC_REPRESENTATION_CONTEXT(2) 
PARAMETRIC_REPRESENTATION_CONTEXT() REPRESENTATION_CONTEXT('2D SPACE',''
  ) );
#1807 = PCURVE('',#1808,#1813);
#1808 = PLANE('',#1809);
#1809 = AXIS2_PLACEMENT_3D('',#1810,#1811,#1812);
#1810 = CARTESIAN_POINT('',(318.76692396261,61.2,0.));
#1811 = DIRECTION('',(0.866025403784,0.5,-0.));
#1812 = DIRECTION('',(0.5,-0.866025403784,0.));
#1813 = DEFINITIONAL_REPRESENTATION('',(#1814),#1818);
#1814 = LINE('',#1815,#1816);
#1815 = CARTESIAN_POINT('',(0.,0.));
#1816 = VECTOR('',#1817,1.);
#1817 = DIRECTION('',(1.,0.));
#1818 = ( GEOMETRIC_REPRESENTATION_CONTEXT(2) 
PARAMETRIC_REPRESENTATION_CONTEXT() REPRESENTATION_CONTEXT('2D SPACE',''
  ) );
#1819 = ORIENTED_EDGE('',*,*,#1820,.F.);
#1820 = EDGE_CURVE('',#1821,#1793,#1823,.T.);
#1821 = VERTEX_POINT('',#1822);
#1822 = CARTESIAN_POINT('',(326.0415373544,73.8,0.));
#1823 = SURFACE_CURVE('',#1824,(#1828,#1835),.PCURVE_S1.);
#1824 = LINE('',#1825,#1826);
#1825 = CARTESIAN_POINT('',(326.0415373544,73.8,0.));
#1826 = VECTOR('',#1827,1.);
#1827 = DIRECTION('',(-0.5,-0.866025403784,0.));
#1828 = PCURVE('',#54,#1829);
#1829 = DEFINITIONAL_REPRESENTATION('',(#1830),#1834);
#1830 = LINE('',#1831,#1832);
#1831 = CARTESIAN_POINT('',(108.39428469432,20.544270732487));
#1832 = VECTOR('',#1833,1.);
#1833 = DIRECTION('',(-0.5,-0.866025403784));
#1834 = ( GEOMETRIC_REPRESENTATION_CONTEXT(2) 
PARAMETRIC_REPRESENTATION_CONTEXT() REPRESENTATION_CONTEXT('2D SPACE',''
  ) );
#1835 = PCURVE('',#1836,#1841);
#1836 = PLANE('',#1837);
#1837 = AXIS2_PLACEMENT_3D('',#1838,#1839,#1840);
#1838 = CARTESIAN_POINT('',(326.0415373544,73.8,0.));
#1839 = DIRECTION('',(0.866025403784,-0.5,0.));
#1840 = DIRECTION('',(-0.5,-0.866025403784,0.));
#1841 = DEFINITIONAL_REPRESENTATION('',(#1842),#1846);
#1842 = LINE('',#1843,#1844);
#1843 = CARTESIAN_POINT('',(0.,0.));
#1844 = VECTOR('',#1845,1.);
#1845 = DIRECTION('',(1.,0.));
#1846 = ( GEOMETRIC_REPRESENTATION_CONTEXT(2) 
PARAMETRIC_REPRESENTATION_CONTEXT() REPRESENTATION_CONTEXT('2D SPACE',''
  ) );
#1847 = ORIENTED_EDGE('',*,*,#1848,.F.);
#1848 = EDGE_CURVE('',#1709,#1821,#1849,.T.);
#1849 = SURFACE_CURVE('',#1850,(#1854,#1861),.PCURVE_S1.);
#1850 = LINE('',#1851,#1852);
#1851 = CARTESIAN_POINT('',(340.59076413798,73.8,0.));
#1852 = VECTOR('',#1853,1.);
#1853 = DIRECTION('',(-1.,0.,0.));
#1854 = PCURVE('',#54,#1855);
#1855 = DEFINITIONAL_REPRESENTATION('',(#1856),#1860);
#1856 = LINE('',#1857,#1858);
#1857 = CARTESIAN_POINT('',(122.9435114779,20.544270732487));
#1858 = VECTOR('',#1859,1.);
#1859 = DIRECTION('',(-1.,0.));
#1860 = ( GEOMETRIC_REPRESENTATION_CONTEXT(2) 
PARAMETRIC_REPRESENTATION_CONTEXT() REPRESENTATION_CONTEXT('2D SPACE',''
  ) );
#1861 = PCURVE('',#1862,#1867);
#1862 = PLANE('',#1863);
#1863 = AXIS2_PLACEMENT_3D('',#1864,#1865,#1866);
#1864 = CARTESIAN_POINT('',(340.59076413798,73.8,0.));
#1865 = DIRECTION('',(0.,-1.,0.));
#1866 = DIRECTION('',(-1.,0.,0.));
#1867 = DEFINITIONAL_REPRESENTATION('',(#1868),#1872);
#1868 = LINE('',#1869,#1870);
#1869 = CARTESIAN_POINT('',(0.,-0.));
#1870 = VECTOR('',#1871,1.);
#1871 = DIRECTION('',(1.,0.));
#1872 = ( GEOMETRIC_REPRESENTATION_CONTEXT(2) 
PARAMETRIC_REPRESENTATION_CONTEXT() REPRESENTATION_CONTEXT('2D SPACE',''
  ) );
#1873 = FACE_BOUND('',#1874,.F.);
#1874 = EDGE_LOOP('',(#1875,#1905,#1933,#1961,#1989,#2017));
#1875 = ORIENTED_EDGE('',*,*,#1876,.F.);
#1876 = EDGE_CURVE('',#1877,#1879,#1881,.T.);
#1877 = VERTEX_POINT('',#1878);
#1878 = CARTESIAN_POINT('',(317.38128331655,78.8,0.));
#1879 = VERTEX_POINT('',#1880);
#1880 = CARTESIAN_POINT('',(310.10666992476,91.4,0.));
#1881 = SURFACE_CURVE('',#1882,(#1886,#1893),.PCURVE_S1.);
#1882 = LINE('',#1883,#1884);
#1883 = CARTESIAN_POINT('',(317.38128331655,78.8,0.));
#1884 = VECTOR('',#1885,1.);
#1885 = DIRECTION('',(-0.5,0.866025403784,0.));
#1886 = PCURVE('',#54,#1887);
#1887 = DEFINITIONAL_REPRESENTATION('',(#1888),#1892);
#1888 = LINE('',#1889,#1890);
#1889 = CARTESIAN_POINT('',(99.73403065647,25.544270732487));
#1890 = VECTOR('',#1891,1.);
#1891 = DIRECTION('',(-0.5,0.866025403784));
#1892 = ( GEOMETRIC_REPRESENTATION_CONTEXT(2) 
PARAMETRIC_REPRESENTATION_CONTEXT() REPRESENTATION_CONTEXT('2D SPACE',''
  ) );
#1893 = PCURVE('',#1894,#1899);
#1894 = PLANE('',#1895);
#1895 = AXIS2_PLACEMENT_3D('',#1896,#1897,#1898);
#1896 = CARTESIAN_POINT('',(317.38128331655,78.8,0.));
#1897 = DIRECTION('',(-0.866025403784,-0.5,0.));
#1898 = DIRECTION('',(-0.5,0.866025403784,0.));
#1899 = DEFINITIONAL_REPRESENTATION('',(#1900),#1904);
#1900 = LINE('',#1901,#1902);
#1901 = CARTESIAN_POINT('',(0.,0.));
#1902 = VECTOR('',#1903,1.);
#1903 = DIRECTION('',(1.,0.));
#1904 = ( GEOMETRIC_REPRESENTATION_CONTEXT(2) 
PARAMETRIC_REPRESENTATION_CONTEXT() REPRESENTATION_CONTEXT('2D SPACE',''
  ) );
#1905 = ORIENTED_EDGE('',*,*,#1906,.F.);
#1906 = EDGE_CURVE('',#1907,#1877,#1909,.T.);
#1907 = VERTEX_POINT('',#1908);
#1908 = CARTESIAN_POINT('',(310.10666992476,66.2,0.));
#1909 = SURFACE_CURVE('',#1910,(#1914,#1921),.PCURVE_S1.);
#1910 = LINE('',#1911,#1912);
#1911 = CARTESIAN_POINT('',(310.10666992476,66.2,0.));
#1912 = VECTOR('',#1913,1.);
#1913 = DIRECTION('',(0.5,0.866025403784,0.));
#1914 = PCURVE('',#54,#1915);
#1915 = DEFINITIONAL_REPRESENTATION('',(#1916),#1920);
#1916 = LINE('',#1917,#1918);
#1917 = CARTESIAN_POINT('',(92.45941726468,12.944270732487));
#1918 = VECTOR('',#1919,1.);
#1919 = DIRECTION('',(0.5,0.866025403784));
#1920 = ( GEOMETRIC_REPRESENTATION_CONTEXT(2) 
PARAMETRIC_REPRESENTATION_CONTEXT() REPRESENTATION_CONTEXT('2D SPACE',''
  ) );
#1921 = PCURVE('',#1922,#1927);
#1922 = PLANE('',#1923);
#1923 = AXIS2_PLACEMENT_3D('',#1924,#1925,#1926);
#1924 = CARTESIAN_POINT('',(310.10666992476,66.2,0.));
#1925 = DIRECTION('',(-0.866025403784,0.5,0.));
#1926 = DIRECTION('',(0.5,0.866025403784,0.));
#1927 = DEFINITIONAL_REPRESENTATION('',(#1928),#1932);
#1928 = LINE('',#1929,#1930);
#1929 = CARTESIAN_POINT('',(0.,0.));
#1930 = VECTOR('',#1931,1.);
#1931 = DIRECTION('',(1.,0.));
#1932 = ( GEOMETRIC_REPRESENTATION_CONTEXT(2) 
PARAMETRIC_REPRESENTATION_CONTEXT() REPRESENTATION_CONTEXT('2D SPACE',''
  ) );
#1933 = ORIENTED_EDGE('',*,*,#1934,.F.);
#1934 = EDGE_CURVE('',#1935,#1907,#1937,.T.);
#1935 = VERTEX_POINT('',#1936);
#1936 = CARTESIAN_POINT('',(295.55744314118,66.2,0.));
#1937 = SURFACE_CURVE('',#1938,(#1942,#1949),.PCURVE_S1.);
#1938 = LINE('',#1939,#1940);
#1939 = CARTESIAN_POINT('',(295.55744314118,66.2,0.));
#1940 = VECTOR('',#1941,1.);
#1941 = DIRECTION('',(1.,0.,0.));
#1942 = PCURVE('',#54,#1943);
#1943 = DEFINITIONAL_REPRESENTATION('',(#1944),#1948);
#1944 = LINE('',#1945,#1946);
#1945 = CARTESIAN_POINT('',(77.9101904811,12.944270732487));
#1946 = VECTOR('',#1947,1.);
#1947 = DIRECTION('',(1.,0.));
#1948 = ( GEOMETRIC_REPRESENTATION_CONTEXT(2) 
PARAMETRIC_REPRESENTATION_CONTEXT() REPRESENTATION_CONTEXT('2D SPACE',''
  ) );
#1949 = PCURVE('',#1950,#1955);
#1950 = PLANE('',#1951);
#1951 = AXIS2_PLACEMENT_3D('',#1952,#1953,#1954);
#1952 = CARTESIAN_POINT('',(295.55744314118,66.2,0.));
#1953 = DIRECTION('',(0.,1.,0.));
#1954 = DIRECTION('',(1.,0.,0.));
#1955 = DEFINITIONAL_REPRESENTATION('',(#1956),#1960);
#1956 = LINE('',#1957,#1958);
#1957 = CARTESIAN_POINT('',(0.,0.));
#1958 = VECTOR('',#1959,1.);
#1959 = DIRECTION('',(1.,0.));
#1960 = ( GEOMETRIC_REPRESENTATION_CONTEXT(2) 
PARAMETRIC_REPRESENTATION_CONTEXT() REPRESENTATION_CONTEXT('2D SPACE',''
  ) );
#1961 = ORIENTED_EDGE('',*,*,#1962,.F.);
#1962 = EDGE_CURVE('',#1963,#1935,#1965,.T.);
#1963 = VERTEX_POINT('',#1964);
#1964 = CARTESIAN_POINT('',(288.2828297494,78.8,0.));
#1965 = SURFACE_CURVE('',#1966,(#1970,#1977),.PCURVE_S1.);
#1966 = LINE('',#1967,#1968);
#1967 = CARTESIAN_POINT('',(288.2828297494,78.8,0.));
#1968 = VECTOR('',#1969,1.);
#1969 = DIRECTION('',(0.5,-0.866025403784,0.));
#1970 = PCURVE('',#54,#1971);
#1971 = DEFINITIONAL_REPRESENTATION('',(#1972),#1976);
#1972 = LINE('',#1973,#1974);
#1973 = CARTESIAN_POINT('',(70.63557708932,25.544270732487));
#1974 = VECTOR('',#1975,1.);
#1975 = DIRECTION('',(0.5,-0.866025403784));
#1976 = ( GEOMETRIC_REPRESENTATION_CONTEXT(2) 
PARAMETRIC_REPRESENTATION_CONTEXT() REPRESENTATION_CONTEXT('2D SPACE',''
  ) );
#1977 = PCURVE('',#1978,#1983);
#1978 = PLANE('',#1979);
#1979 = AXIS2_PLACEMENT_3D('',#1980,#1981,#1982);
#1980 = CARTESIAN_POINT('',(288.2828297494,78.8,0.));
#1981 = DIRECTION('',(0.866025403784,0.5,-0.));
#1982 = DIRECTION('',(0.5,-0.866025403784,0.));
#1983 = DEFINITIONAL_REPRESENTATION('',(#1984),#1988);
#1984 = LINE('',#1985,#1986);
#1985 = CARTESIAN_POINT('',(0.,0.));
#1986 = VECTOR('',#1987,1.);
#1987 = DIRECTION('',(1.,0.));
#1988 = ( GEOMETRIC_REPRESENTATION_CONTEXT(2) 
PARAMETRIC_REPRESENTATION_CONTEXT() REPRESENTATION_CONTEXT('2D SPACE',''
  ) );
#1989 = ORIENTED_EDGE('',*,*,#1990,.F.);
#1990 = EDGE_CURVE('',#1991,#1963,#1993,.T.);
#1991 = VERTEX_POINT('',#1992);
#1992 = CARTESIAN_POINT('',(295.55744314118,91.4,0.));
#1993 = SURFACE_CURVE('',#1994,(#1998,#2005),.PCURVE_S1.);
#1994 = LINE('',#1995,#1996);
#1995 = CARTESIAN_POINT('',(295.55744314118,91.4,0.));
#1996 = VECTOR('',#1997,1.);
#1997 = DIRECTION('',(-0.5,-0.866025403784,0.));
#1998 = PCURVE('',#54,#1999);
#1999 = DEFINITIONAL_REPRESENTATION('',(#2000),#2004);
#2000 = LINE('',#2001,#2002);
#2001 = CARTESIAN_POINT('',(77.9101904811,38.144270732487));
#2002 = VECTOR('',#2003,1.);
#2003 = DIRECTION('',(-0.5,-0.866025403784));
#2004 = ( GEOMETRIC_REPRESENTATION_CONTEXT(2) 
PARAMETRIC_REPRESENTATION_CONTEXT() REPRESENTATION_CONTEXT('2D SPACE',''
  ) );
#2005 = PCURVE('',#2006,#2011);
#2006 = PLANE('',#2007);
#2007 = AXIS2_PLACEMENT_3D('',#2008,#2009,#2010);
#2008 = CARTESIAN_POINT('',(295.55744314118,91.4,0.));
#2009 = DIRECTION('',(0.866025403784,-0.5,0.));
#2010 = DIRECTION('',(-0.5,-0.866025403784,0.));
#2011 = DEFINITIONAL_REPRESENTATION('',(#2012),#2016);
#2012 = LINE('',#2013,#2014);
#2013 = CARTESIAN_POINT('',(0.,0.));
#2014 = VECTOR('',#2015,1.);
#2015 = DIRECTION('',(1.,0.));
#2016 = ( GEOMETRIC_REPRESENTATION_CONTEXT(2) 
PARAMETRIC_REPRESENTATION_CONTEXT() REPRESENTATION_CONTEXT('2D SPACE',''
  ) );
#2017 = ORIENTED_EDGE('',*,*,#2018,.F.);
#2018 = EDGE_CURVE('',#1879,#1991,#2019,.T.);
#2019 = SURFACE_CURVE('',#2020,(#2024,#2031),.PCURVE_S1.);
#2020 = LINE('',#2021,#2022);
#2021 = CARTESIAN_POINT('',(310.10666992476,91.4,0.));
#2022 = VECTOR('',#2023,1.);
#2023 = DIRECTION('',(-1.,9.767429518139E-16,0.));
#2024 = PCURVE('',#54,#2025);
#2025 = DEFINITIONAL_REPRESENTATION('',(#2026),#2030);
#2026 = LINE('',#2027,#2028);
#2027 = CARTESIAN_POINT('',(92.45941726468,38.144270732487));
#2028 = VECTOR('',#2029,1.);
#2029 = DIRECTION('',(-1.,9.767429518139E-16));
#2030 = ( GEOMETRIC_REPRESENTATION_CONTEXT(2) 
PARAMETRIC_REPRESENTATION_CONTEXT() REPRESENTATION_CONTEXT('2D SPACE',''
  ) );
#2031 = PCURVE('',#2032,#2037);
#2032 = PLANE('',#2033);
#2033 = AXIS2_PLACEMENT_3D('',#2034,#2035,#2036);
#2034 = CARTESIAN_POINT('',(310.10666992476,91.4,0.));
#2035 = DIRECTION('',(-9.767429518139E-16,-1.,0.));
#2036 = DIRECTION('',(-1.,9.767429518139E-16,0.));
#2037 = DEFINITIONAL_REPRESENTATION('',(#2038),#2042);
#2038 = LINE('',#2039,#2040);
#2039 = CARTESIAN_POINT('',(0.,0.));
#2040 = VECTOR('',#2041,1.);
#2041 = DIRECTION('',(1.,0.));
#2042 = ( GEOMETRIC_REPRESENTATION_CONTEXT(2) 
PARAMETRIC_REPRESENTATION_CONTEXT() REPRESENTATION_CONTEXT('2D SPACE',''
  ) );
#2043 = FACE_BOUND('',#2044,.F.);
#2044 = EDGE_LOOP('',(#2045,#2075,#2103,#2131,#2159,#2187));
#2045 = ORIENTED_EDGE('',*,*,#2046,.F.);
#2046 = EDGE_CURVE('',#2047,#2049,#2051,.T.);
#2047 = VERTEX_POINT('',#2048);
#2048 = CARTESIAN_POINT('',(378.34947174298,78.8,0.));
#2049 = VERTEX_POINT('',#2050);
#2050 = CARTESIAN_POINT('',(371.07485835119,91.4,0.));
#2051 = SURFACE_CURVE('',#2052,(#2056,#2063),.PCURVE_S1.);
#2052 = LINE('',#2053,#2054);
#2053 = CARTESIAN_POINT('',(378.34947174298,78.8,0.));
#2054 = VECTOR('',#2055,1.);
#2055 = DIRECTION('',(-0.5,0.866025403784,0.));
#2056 = PCURVE('',#54,#2057);
#2057 = DEFINITIONAL_REPRESENTATION('',(#2058),#2062);
#2058 = LINE('',#2059,#2060);
#2059 = CARTESIAN_POINT('',(160.7022190829,25.544270732487));
#2060 = VECTOR('',#2061,1.);
#2061 = DIRECTION('',(-0.5,0.866025403784));
#2062 = ( GEOMETRIC_REPRESENTATION_CONTEXT(2) 
PARAMETRIC_REPRESENTATION_CONTEXT() REPRESENTATION_CONTEXT('2D SPACE',''
  ) );
#2063 = PCURVE('',#2064,#2069);
#2064 = PLANE('',#2065);
#2065 = AXIS2_PLACEMENT_3D('',#2066,#2067,#2068);
#2066 = CARTESIAN_POINT('',(378.34947174298,78.8,0.));
#2067 = DIRECTION('',(-0.866025403784,-0.5,0.));
#2068 = DIRECTION('',(-0.5,0.866025403784,0.));
#2069 = DEFINITIONAL_REPRESENTATION('',(#2070),#2074);
#2070 = LINE('',#2071,#2072);
#2071 = CARTESIAN_POINT('',(0.,0.));
#2072 = VECTOR('',#2073,1.);
#2073 = DIRECTION('',(1.,0.));
#2074 = ( GEOMETRIC_REPRESENTATION_CONTEXT(2) 
PARAMETRIC_REPRESENTATION_CONTEXT() REPRESENTATION_CONTEXT('2D SPACE',''
  ) );
#2075 = ORIENTED_EDGE('',*,*,#2076,.F.);
#2076 = EDGE_CURVE('',#2077,#2047,#2079,.T.);
#2077 = VERTEX_POINT('',#2078);
#2078 = CARTESIAN_POINT('',(371.07485835119,66.2,0.));
#2079 = SURFACE_CURVE('',#2080,(#2084,#2091),.PCURVE_S1.);
#2080 = LINE('',#2081,#2082);
#2081 = CARTESIAN_POINT('',(371.07485835119,66.2,0.));
#2082 = VECTOR('',#2083,1.);
#2083 = DIRECTION('',(0.5,0.866025403784,0.));
#2084 = PCURVE('',#54,#2085);
#2085 = DEFINITIONAL_REPRESENTATION('',(#2086),#2090);
#2086 = LINE('',#2087,#2088);
#2087 = CARTESIAN_POINT('',(153.42760569111,12.944270732487));
#2088 = VECTOR('',#2089,1.);
#2089 = DIRECTION('',(0.5,0.866025403784));
#2090 = ( GEOMETRIC_REPRESENTATION_CONTEXT(2) 
PARAMETRIC_REPRESENTATION_CONTEXT() REPRESENTATION_CONTEXT('2D SPACE',''
  ) );
#2091 = PCURVE('',#2092,#2097);
#2092 = PLANE('',#2093);
#2093 = AXIS2_PLACEMENT_3D('',#2094,#2095,#2096);
#2094 = CARTESIAN_POINT('',(371.07485835119,66.2,0.));
#2095 = DIRECTION('',(-0.866025403784,0.5,0.));
#2096 = DIRECTION('',(0.5,0.866025403784,0.));
#2097 = DEFINITIONAL_REPRESENTATION('',(#2098),#2102);
#2098 = LINE('',#2099,#2100);
#2099 = CARTESIAN_POINT('',(0.,0.));
#2100 = VECTOR('',#2101,1.);
#2101 = DIRECTION('',(1.,0.));
#2102 = ( GEOMETRIC_REPRESENTATION_CONTEXT(2) 
PARAMETRIC_REPRESENTATION_CONTEXT() REPRESENTATION_CONTEXT('2D SPACE',''
  ) );
#2103 = ORIENTED_EDGE('',*,*,#2104,.F.);
#2104 = EDGE_CURVE('',#2105,#2077,#2107,.T.);
#2105 = VERTEX_POINT('',#2106);
#2106 = CARTESIAN_POINT('',(356.52563156761,66.2,0.));
#2107 = SURFACE_CURVE('',#2108,(#2112,#2119),.PCURVE_S1.);
#2108 = LINE('',#2109,#2110);
#2109 = CARTESIAN_POINT('',(356.52563156761,66.2,0.));
#2110 = VECTOR('',#2111,1.);
#2111 = DIRECTION('',(1.,0.,0.));
#2112 = PCURVE('',#54,#2113);
#2113 = DEFINITIONAL_REPRESENTATION('',(#2114),#2118);
#2114 = LINE('',#2115,#2116);
#2115 = CARTESIAN_POINT('',(138.87837890753,12.944270732487));
#2116 = VECTOR('',#2117,1.);
#2117 = DIRECTION('',(1.,0.));
#2118 = ( GEOMETRIC_REPRESENTATION_CONTEXT(2) 
PARAMETRIC_REPRESENTATION_CONTEXT() REPRESENTATION_CONTEXT('2D SPACE',''
  ) );
#2119 = PCURVE('',#2120,#2125);
#2120 = PLANE('',#2121);
#2121 = AXIS2_PLACEMENT_3D('',#2122,#2123,#2124);
#2122 = CARTESIAN_POINT('',(356.52563156761,66.2,0.));
#2123 = DIRECTION('',(0.,1.,0.));
#2124 = DIRECTION('',(1.,0.,0.));
#2125 = DEFINITIONAL_REPRESENTATION('',(#2126),#2130);
#2126 = LINE('',#2127,#2128);
#2127 = CARTESIAN_POINT('',(0.,0.));
#2128 = VECTOR('',#2129,1.);
#2129 = DIRECTION('',(1.,0.));
#2130 = ( GEOMETRIC_REPRESENTATION_CONTEXT(2) 
PARAMETRIC_REPRESENTATION_CONTEXT() REPRESENTATION_CONTEXT('2D SPACE',''
  ) );
#2131 = ORIENTED_EDGE('',*,*,#2132,.F.);
#2132 = EDGE_CURVE('',#2133,#2105,#2135,.T.);
#2133 = VERTEX_POINT('',#2134);
#2134 = CARTESIAN_POINT('',(349.25101817582,78.8,0.));
#2135 = SURFACE_CURVE('',#2136,(#2140,#2147),.PCURVE_S1.);
#2136 = LINE('',#2137,#2138);
#2137 = CARTESIAN_POINT('',(349.25101817582,78.8,0.));
#2138 = VECTOR('',#2139,1.);
#2139 = DIRECTION('',(0.5,-0.866025403784,0.));
#2140 = PCURVE('',#54,#2141);
#2141 = DEFINITIONAL_REPRESENTATION('',(#2142),#2146);
#2142 = LINE('',#2143,#2144);
#2143 = CARTESIAN_POINT('',(131.60376551574,25.544270732487));
#2144 = VECTOR('',#2145,1.);
#2145 = DIRECTION('',(0.5,-0.866025403784));
#2146 = ( GEOMETRIC_REPRESENTATION_CONTEXT(2) 
PARAMETRIC_REPRESENTATION_CONTEXT() REPRESENTATION_CONTEXT('2D SPACE',''
  ) );
#2147 = PCURVE('',#2148,#2153);
#2148 = PLANE('',#2149);
#2149 = AXIS2_PLACEMENT_3D('',#2150,#2151,#2152);
#2150 = CARTESIAN_POINT('',(349.25101817582,78.8,0.));
#2151 = DIRECTION('',(0.866025403784,0.5,-0.));
#2152 = DIRECTION('',(0.5,-0.866025403784,0.));
#2153 = DEFINITIONAL_REPRESENTATION('',(#2154),#2158);
#2154 = LINE('',#2155,#2156);
#2155 = CARTESIAN_POINT('',(0.,0.));
#2156 = VECTOR('',#2157,1.);
#2157 = DIRECTION('',(1.,0.));
#2158 = ( GEOMETRIC_REPRESENTATION_CONTEXT(2) 
PARAMETRIC_REPRESENTATION_CONTEXT() REPRESENTATION_CONTEXT('2D SPACE',''
  ) );
#2159 = ORIENTED_EDGE('',*,*,#2160,.F.);
#2160 = EDGE_CURVE('',#2161,#2133,#2163,.T.);
#2161 = VERTEX_POINT('',#2162);
#2162 = CARTESIAN_POINT('',(356.52563156761,91.4,0.));
#2163 = SURFACE_CURVE('',#2164,(#2168,#2175),.PCURVE_S1.);
#2164 = LINE('',#2165,#2166);
#2165 = CARTESIAN_POINT('',(356.52563156761,91.4,0.));
#2166 = VECTOR('',#2167,1.);
#2167 = DIRECTION('',(-0.5,-0.866025403784,0.));
#2168 = PCURVE('',#54,#2169);
#2169 = DEFINITIONAL_REPRESENTATION('',(#2170),#2174);
#2170 = LINE('',#2171,#2172);
#2171 = CARTESIAN_POINT('',(138.87837890753,38.144270732487));
#2172 = VECTOR('',#2173,1.);
#2173 = DIRECTION('',(-0.5,-0.866025403784));
#2174 = ( GEOMETRIC_REPRESENTATION_CONTEXT(2) 
PARAMETRIC_REPRESENTATION_CONTEXT() REPRESENTATION_CONTEXT('2D SPACE',''
  ) );
#2175 = PCURVE('',#2176,#2181);
#2176 = PLANE('',#2177);
#2177 = AXIS2_PLACEMENT_3D('',#2178,#2179,#2180);
#2178 = CARTESIAN_POINT('',(356.52563156761,91.4,0.));
#2179 = DIRECTION('',(0.866025403784,-0.5,0.));
#2180 = DIRECTION('',(-0.5,-0.866025403784,0.));
#2181 = DEFINITIONAL_REPRESENTATION('',(#2182),#2186);
#2182 = LINE('',#2183,#2184);
#2183 = CARTESIAN_POINT('',(0.,0.));
#2184 = VECTOR('',#2185,1.);
#2185 = DIRECTION('',(1.,0.));
#2186 = ( GEOMETRIC_REPRESENTATION_CONTEXT(2) 
PARAMETRIC_REPRESENTATION_CONTEXT() REPRESENTATION_CONTEXT('2D SPACE',''
  ) );
#2187 = ORIENTED_EDGE('',*,*,#2188,.F.);
#2188 = EDGE_CURVE('',#2049,#2161,#2189,.T.);
#2189 = SURFACE_CURVE('',#2190,(#2194,#2201),.PCURVE_S1.);
#2190 = LINE('',#2191,#2192);
#2191 = CARTESIAN_POINT('',(371.07485835119,91.4,0.));
#2192 = VECTOR('',#2193,1.);
#2193 = DIRECTION('',(-1.,9.767429518139E-16,0.));
#2194 = PCURVE('',#54,#2195);
#2195 = DEFINITIONAL_REPRESENTATION('',(#2196),#2200);
#2196 = LINE('',#2197,#2198);
#2197 = CARTESIAN_POINT('',(153.42760569111,38.144270732487));
#2198 = VECTOR('',#2199,1.);
#2199 = DIRECTION('',(-1.,9.767429518139E-16));
#2200 = ( GEOMETRIC_REPRESENTATION_CONTEXT(2) 
PARAMETRIC_REPRESENTATION_CONTEXT() REPRESENTATION_CONTEXT('2D SPACE',''
  ) );
#2201 = PCURVE('',#2202,#2207);
#2202 = PLANE('',#2203);
#2203 = AXIS2_PLACEMENT_3D('',#2204,#2205,#2206);
#2204 = CARTESIAN_POINT('',(371.07485835119,91.4,0.));
#2205 = DIRECTION('',(-9.767429518139E-16,-1.,0.));
#2206 = DIRECTION('',(-1.,9.767429518139E-16,0.));
#2207 = DEFINITIONAL_REPRESENTATION('',(#2208),#2212);
#2208 = LINE('',#2209,#2210);
#2209 = CARTESIAN_POINT('',(0.,0.));
#2210 = VECTOR('',#2211,1.);
#2211 = DIRECTION('',(1.,0.));
#2212 = ( GEOMETRIC_REPRESENTATION_CONTEXT(2) 
PARAMETRIC_REPRESENTATION_CONTEXT() REPRESENTATION_CONTEXT('2D SPACE',''
  ) );
#2213 = ADVANCED_FACE('',(#2214),#66,.T.);
#2214 = FACE_BOUND('',#2215,.T.);
#2215 = EDGE_LOOP('',(#2216,#2246,#2272,#2273));
#2216 = ORIENTED_EDGE('',*,*,#2217,.F.);
#2217 = EDGE_CURVE('',#2218,#2220,#2222,.T.);
#2218 = VERTEX_POINT('',#2219);
#2219 = CARTESIAN_POINT('',(207.9625,26.00154174267,12.7));
#2220 = VERTEX_POINT('',#2221);
#2221 = CARTESIAN_POINT('',(207.9625,0.,12.7));
#2222 = SURFACE_CURVE('',#2223,(#2227,#2234),.PCURVE_S1.);
#2223 = LINE('',#2224,#2225);
#2224 = CARTESIAN_POINT('',(207.9625,4.032724084217,12.7));
#2225 = VECTOR('',#2226,1.);
#2226 = DIRECTION('',(0.,-1.,0.));
#2227 = PCURVE('',#66,#2228);
#2228 = DEFINITIONAL_REPRESENTATION('',(#2229),#2233);
#2229 = LINE('',#2230,#2231);
#2230 = CARTESIAN_POINT('',(-6.312886602326,4.032724084217));
#2231 = VECTOR('',#2232,1.);
#2232 = DIRECTION('',(0.,1.));
#2233 = ( GEOMETRIC_REPRESENTATION_CONTEXT(2) 
PARAMETRIC_REPRESENTATION_CONTEXT() REPRESENTATION_CONTEXT('2D SPACE',''
  ) );
#2234 = PCURVE('',#2235,#2240);
#2235 = PLANE('',#2236);
#2236 = AXIS2_PLACEMENT_3D('',#2237,#2238,#2239);
#2237 = CARTESIAN_POINT('',(0.,0.,12.7));
#2238 = DIRECTION('',(0.,0.,1.));
#2239 = DIRECTION('',(1.,0.,-0.));
#2240 = DEFINITIONAL_REPRESENTATION('',(#2241),#2245);
#2241 = LINE('',#2242,#2243);
#2242 = CARTESIAN_POINT('',(207.9625,4.032724084217));
#2243 = VECTOR('',#2244,1.);
#2244 = DIRECTION('',(0.,-1.));
#2245 = ( GEOMETRIC_REPRESENTATION_CONTEXT(2) 
PARAMETRIC_REPRESENTATION_CONTEXT() REPRESENTATION_CONTEXT('2D SPACE',''
  ) );
#2246 = ORIENTED_EDGE('',*,*,#2247,.F.);
#2247 = EDGE_CURVE('',#44,#2218,#2248,.T.);
#2248 = SURFACE_CURVE('',#2249,(#2253,#2260),.PCURVE_S1.);
#2249 = LINE('',#2250,#2251);
#2250 = CARTESIAN_POINT('',(207.9625,25.558470146194,1.20895408483E-02)
  );
#2251 = VECTOR('',#2252,1.);
#2252 = DIRECTION('',(0.,3.48994967025E-02,0.999390827019));
#2253 = PCURVE('',#66,#2254);
#2254 = DEFINITIONAL_REPRESENTATION('',(#2255),#2259);
#2255 = LINE('',#2256,#2257);
#2256 = CARTESIAN_POINT('',(6.375023856826,-17.49302197776));
#2257 = VECTOR('',#2258,1.);
#2258 = DIRECTION('',(-0.999390827019,-3.48994967025E-02));
#2259 = ( GEOMETRIC_REPRESENTATION_CONTEXT(2) 
PARAMETRIC_REPRESENTATION_CONTEXT() REPRESENTATION_CONTEXT('2D SPACE',''
  ) );
#2260 = PCURVE('',#2261,#2266);
#2261 = CYLINDRICAL_SURFACE('',#2262,0.2);
#2262 = AXIS2_PLACEMENT_3D('',#2263,#2264,#2265);
#2263 = CARTESIAN_POINT('',(207.7625,25.558470146194,1.20895408483E-02)
  );
#2264 = DIRECTION('',(0.,3.48994967025E-02,0.999390827019));
#2265 = DIRECTION('',(1.,0.,-0.));
#2266 = DEFINITIONAL_REPRESENTATION('',(#2267),#2271);
#2267 = LINE('',#2268,#2269);
#2268 = CARTESIAN_POINT('',(0.,0.));
#2269 = VECTOR('',#2270,1.);
#2270 = DIRECTION('',(0.,1.));
#2271 = ( GEOMETRIC_REPRESENTATION_CONTEXT(2) 
PARAMETRIC_REPRESENTATION_CONTEXT() REPRESENTATION_CONTEXT('2D SPACE',''
  ) );
#2272 = ORIENTED_EDGE('',*,*,#43,.T.);
#2273 = ORIENTED_EDGE('',*,*,#2274,.T.);
#2274 = EDGE_CURVE('',#46,#2220,#2275,.T.);
#2275 = SURFACE_CURVE('',#2276,(#2280,#2287),.PCURVE_S1.);
#2276 = LINE('',#2277,#2278);
#2277 = CARTESIAN_POINT('',(207.9625,0.,3.193556698837));
#2278 = VECTOR('',#2279,1.);
#2279 = DIRECTION('',(0.,0.,1.));
#2280 = PCURVE('',#66,#2281);
#2281 = DEFINITIONAL_REPRESENTATION('',(#2282),#2286);
#2282 = LINE('',#2283,#2284);
#2283 = CARTESIAN_POINT('',(3.193556698837,8.065448168434));
#2284 = VECTOR('',#2285,1.);
#2285 = DIRECTION('',(-1.,0.));
#2286 = ( GEOMETRIC_REPRESENTATION_CONTEXT(2) 
PARAMETRIC_REPRESENTATION_CONTEXT() REPRESENTATION_CONTEXT('2D SPACE',''
  ) );
#2287 = PCURVE('',#94,#2288);
#2288 = DEFINITIONAL_REPRESENTATION('',(#2289),#2293);
#2289 = LINE('',#2290,#2291);
#2290 = CARTESIAN_POINT('',(207.9625,-3.193556698837));
#2291 = VECTOR('',#2292,1.);
#2292 = DIRECTION('',(0.,-1.));
#2293 = ( GEOMETRIC_REPRESENTATION_CONTEXT(2) 
PARAMETRIC_REPRESENTATION_CONTEXT() REPRESENTATION_CONTEXT('2D SPACE',''
  ) );
#2294 = ADVANCED_FACE('',(#2295),#637,.F.);
#2295 = FACE_BOUND('',#2296,.F.);
#2296 = EDGE_LOOP('',(#2297,#2298,#2330));
#2297 = ORIENTED_EDGE('',*,*,#569,.F.);
#2298 = ORIENTED_EDGE('',*,*,#2299,.T.);
#2299 = EDGE_CURVE('',#542,#2300,#2302,.T.);
#2300 = VERTEX_POINT('',#2301);
#2301 = CARTESIAN_POINT('',(207.66249999306,25.742151485923,
    0.309067155008));
#2302 = SURFACE_CURVE('',#2303,(#2311,#2318),.PCURVE_S1.);
#2303 = B_SPLINE_CURVE_WITH_KNOTS('',6,(#2304,#2305,#2306,#2307,#2308,
    #2309,#2310),.UNSPECIFIED.,.F.,.F.,(7,7),(0.,1.),
  .PIECEWISE_BEZIER_KNOTS.);
#2304 = CARTESIAN_POINT('',(207.51249998266,26.001800833274,
    -1.110223024625E-16));
#2305 = CARTESIAN_POINT('',(207.5525438988,25.932484993474,
    -1.110223024625E-16));
#2306 = CARTESIAN_POINT('',(207.59258404329,25.86317568238,
    2.562618700803E-02));
#2307 = CARTESIAN_POINT('',(207.6275148405,25.802710628592,
    7.692268342237E-02));
#2308 = CARTESIAN_POINT('',(207.65210734731,25.760141109258,
    0.148270833363));
#2309 = CARTESIAN_POINT('',(207.66371027438,25.740056494377,
    0.229052486999));
#2310 = CARTESIAN_POINT('',(207.66249999306,25.742151485923,
    0.309067155008));
#2311 = PCURVE('',#637,#2312);
#2312 = DEFINITIONAL_REPRESENTATION('',(#2313),#2317);
#2313 = LINE('',#2314,#2315);
#2314 = CARTESIAN_POINT('',(0.,0.));
#2315 = VECTOR('',#2316,1.);
#2316 = DIRECTION('',(1.,0.));
#2317 = ( GEOMETRIC_REPRESENTATION_CONTEXT(2) 
PARAMETRIC_REPRESENTATION_CONTEXT() REPRESENTATION_CONTEXT('2D SPACE',''
  ) );
#2318 = PCURVE('',#557,#2319);
#2319 = DEFINITIONAL_REPRESENTATION('',(#2320),#2329);
#2320 = B_SPLINE_CURVE_WITH_KNOTS('',7,(#2321,#2322,#2323,#2324,#2325,
    #2326,#2327,#2328),.UNSPECIFIED.,.F.,.F.,(8,8),(0.,1.),
  .PIECEWISE_BEZIER_KNOTS.);
#2321 = CARTESIAN_POINT('',(6.28318530718,14.210380647054));
#2322 = CARTESIAN_POINT('',(6.054467481437,14.210380647054));
#2323 = CARTESIAN_POINT('',(5.825770773477,14.210380647053));
#2324 = CARTESIAN_POINT('',(5.596978097399,14.210380647055));
#2325 = CARTESIAN_POINT('',(5.368367736762,14.210380647053));
#2326 = CARTESIAN_POINT('',(5.139575060687,14.210380647054));
#2327 = CARTESIAN_POINT('',(4.910878352724,14.210380647054));
#2328 = CARTESIAN_POINT('',(4.682160526981,14.210380647054));
#2329 = ( GEOMETRIC_REPRESENTATION_CONTEXT(2) 
PARAMETRIC_REPRESENTATION_CONTEXT() REPRESENTATION_CONTEXT('2D SPACE',''
  ) );
#2330 = ORIENTED_EDGE('',*,*,#2331,.T.);
#2331 = EDGE_CURVE('',#2300,#44,#2332,.T.);
#2332 = SURFACE_CURVE('',#2333,(#2364,#2370),.PCURVE_S1.);
#2333 = B_SPLINE_CURVE_WITH_KNOTS('',8,(#2334,#2335,#2336,#2337,#2338,
    #2339,#2340,#2341,#2342,#2343,#2344,#2345,#2346,#2347,#2348,#2349,
    #2350,#2351,#2352,#2353,#2354,#2355,#2356,#2357,#2358,#2359,#2360,
    #2361,#2362,#2363),.UNSPECIFIED.,.F.,.F.,(9,7,7,7,9),(0.,0.125,0.25,
    0.5,1.),.UNSPECIFIED.);
#2334 = CARTESIAN_POINT('',(207.66249999306,25.742151485923,
    0.309067155008));
#2335 = CARTESIAN_POINT('',(207.66816811605,25.745250048313,
    0.304029322833));
#2336 = CARTESIAN_POINT('',(207.67395862998,25.748136752531,
    0.298998888909));
#2337 = CARTESIAN_POINT('',(207.67986228516,25.750806261521,
    0.29397603961));
#2338 = CARTESIAN_POINT('',(207.68586955229,25.753253722235,
    0.288960944407));
#2339 = CARTESIAN_POINT('',(207.69197065411,25.755474783948,
    0.283953755232));
#2340 = CARTESIAN_POINT('',(207.6981555988,25.757465613751,
    0.278954605932));
#2341 = CARTESIAN_POINT('',(207.7044142144,25.759222909131,
    0.273963611833));
#2342 = CARTESIAN_POINT('',(207.71705815402,25.762264905713,
    0.263998126989));
#2343 = CARTESIAN_POINT('',(207.7234435142,25.763549612403,
    0.259023636052));
#2344 = CARTESIAN_POINT('',(207.7298818759,25.764595252993,
    0.254057493486));
#2345 = CARTESIAN_POINT('',(207.73636277735,25.765399606437,
    0.249099776854));
#2346 = CARTESIAN_POINT('',(207.74287568393,25.765961005144,
    0.244150544388));
#2347 = CARTESIAN_POINT('',(207.74940998802,25.766278334973,
    0.239209834995));
#2348 = CARTESIAN_POINT('',(207.75595500917,25.766351035237,
    0.234277668254));
#2349 = CARTESIAN_POINT('',(207.77558996363,25.765835225628,
    0.219506796749));
#2350 = CARTESIAN_POINT('',(207.78867994387,25.764512866615,
    0.20969371856));
#2351 = CARTESIAN_POINT('',(207.8016844579,25.762211877049,
    0.199914814904));
#2352 = CARTESIAN_POINT('',(207.81451807931,25.758941312473,
    0.190169769553));
#2353 = CARTESIAN_POINT('',(207.82709655917,25.754719126737,
    0.180457955545));
#2354 = CARTESIAN_POINT('',(207.83933795347,25.749571870124,
    0.170778445724));
#2355 = CARTESIAN_POINT('',(207.85116375016,25.743534387506,
    0.16113002328));
#2356 = CARTESIAN_POINT('',(207.88517248928,25.722879774413,
    0.132273530315));
#2357 = CARTESIAN_POINT('',(207.90588672741,25.705720301127,
    0.113154240361));
#2358 = CARTESIAN_POINT('',(207.92405072877,25.685512671287,
    9.414139437897E-02));
#2359 = CARTESIAN_POINT('',(207.93914410293,25.662722353764,
    7.521873783865E-02));
#2360 = CARTESIAN_POINT('',(207.95075047148,25.637920038962,
    5.636634179127E-02));
#2361 = CARTESIAN_POINT('',(207.95858348996,25.611751446709,
    3.756165720398E-02));
#2362 = CARTESIAN_POINT('',(207.9625,25.584899708225,1.87808286087E-02)
  );
#2363 = CARTESIAN_POINT('',(207.9625,25.558047970125,-1.752070710737E-16
    ));
#2364 = PCURVE('',#637,#2365);
#2365 = DEFINITIONAL_REPRESENTATION('',(#2366),#2369);
#2366 = B_SPLINE_CURVE_WITH_KNOTS('',1,(#2367,#2368),.UNSPECIFIED.,.F.,
  .F.,(2,2),(0.,1.),.PIECEWISE_BEZIER_KNOTS.);
#2367 = CARTESIAN_POINT('',(1.,0.));
#2368 = CARTESIAN_POINT('',(1.,1.));
#2369 = ( GEOMETRIC_REPRESENTATION_CONTEXT(2) 
PARAMETRIC_REPRESENTATION_CONTEXT() REPRESENTATION_CONTEXT('2D SPACE',''
  ) );
#2370 = PCURVE('',#2261,#2371);
#2371 = DEFINITIONAL_REPRESENTATION('',(#2372),#2375);
#2372 = B_SPLINE_CURVE_WITH_KNOTS('',1,(#2373,#2374),.UNSPECIFIED.,.F.,
  .F.,(2,2),(0.,1.),.PIECEWISE_BEZIER_KNOTS.);
#2373 = CARTESIAN_POINT('',(2.094395142425,0.303207089731));
#2374 = CARTESIAN_POINT('',(0.,-1.209690995899E-02));
#2375 = ( GEOMETRIC_REPRESENTATION_CONTEXT(2) 
PARAMETRIC_REPRESENTATION_CONTEXT() REPRESENTATION_CONTEXT('2D SPACE',''
  ) );
#2376 = ADVANCED_FACE('',(#2377),#94,.F.);
#2377 = FACE_BOUND('',#2378,.F.);
#2378 = EDGE_LOOP('',(#2379,#2380,#2381,#2404));
#2379 = ORIENTED_EDGE('',*,*,#78,.F.);
#2380 = ORIENTED_EDGE('',*,*,#2274,.T.);
#2381 = ORIENTED_EDGE('',*,*,#2382,.T.);
#2382 = EDGE_CURVE('',#2220,#2383,#2385,.T.);
#2383 = VERTEX_POINT('',#2384);
#2384 = CARTESIAN_POINT('',(403.225,0.,12.7));
#2385 = SURFACE_CURVE('',#2386,(#2390,#2397),.PCURVE_S1.);
#2386 = LINE('',#2387,#2388);
#2387 = CARTESIAN_POINT('',(0.,0.,12.7));
#2388 = VECTOR('',#2389,1.);
#2389 = DIRECTION('',(1.,0.,0.));
#2390 = PCURVE('',#94,#2391);
#2391 = DEFINITIONAL_REPRESENTATION('',(#2392),#2396);
#2392 = LINE('',#2393,#2394);
#2393 = CARTESIAN_POINT('',(0.,-12.7));
#2394 = VECTOR('',#2395,1.);
#2395 = DIRECTION('',(1.,0.));
#2396 = ( GEOMETRIC_REPRESENTATION_CONTEXT(2) 
PARAMETRIC_REPRESENTATION_CONTEXT() REPRESENTATION_CONTEXT('2D SPACE',''
  ) );
#2397 = PCURVE('',#2235,#2398);
#2398 = DEFINITIONAL_REPRESENTATION('',(#2399),#2403);
#2399 = LINE('',#2400,#2401);
#2400 = CARTESIAN_POINT('',(0.,0.));
#2401 = VECTOR('',#2402,1.);
#2402 = DIRECTION('',(1.,0.));
#2403 = ( GEOMETRIC_REPRESENTATION_CONTEXT(2) 
PARAMETRIC_REPRESENTATION_CONTEXT() REPRESENTATION_CONTEXT('2D SPACE',''
  ) );
#2404 = ORIENTED_EDGE('',*,*,#2405,.F.);
#2405 = EDGE_CURVE('',#79,#2383,#2406,.T.);
#2406 = SURFACE_CURVE('',#2407,(#2411,#2418),.PCURVE_S1.);
#2407 = LINE('',#2408,#2409);
#2408 = CARTESIAN_POINT('',(403.225,0.,0.));
#2409 = VECTOR('',#2410,1.);
#2410 = DIRECTION('',(0.,0.,1.));
#2411 = PCURVE('',#94,#2412);
#2412 = DEFINITIONAL_REPRESENTATION('',(#2413),#2417);
#2413 = LINE('',#2414,#2415);
#2414 = CARTESIAN_POINT('',(403.225,0.));
#2415 = VECTOR('',#2416,1.);
#2416 = DIRECTION('',(0.,-1.));
#2417 = ( GEOMETRIC_REPRESENTATION_CONTEXT(2) 
PARAMETRIC_REPRESENTATION_CONTEXT() REPRESENTATION_CONTEXT('2D SPACE',''
  ) );
#2418 = PCURVE('',#122,#2419);
#2419 = DEFINITIONAL_REPRESENTATION('',(#2420),#2424);
#2420 = LINE('',#2421,#2422);
#2421 = CARTESIAN_POINT('',(0.,0.));
#2422 = VECTOR('',#2423,1.);
#2423 = DIRECTION('',(0.,-1.));
#2424 = ( GEOMETRIC_REPRESENTATION_CONTEXT(2) 
PARAMETRIC_REPRESENTATION_CONTEXT() REPRESENTATION_CONTEXT('2D SPACE',''
  ) );
#2425 = ADVANCED_FACE('',(#2426),#557,.T.);
#2426 = FACE_BOUND('',#2427,.T.);
#2427 = EDGE_LOOP('',(#2428,#2429,#2457,#2495));
#2428 = ORIENTED_EDGE('',*,*,#2299,.T.);
#2429 = ORIENTED_EDGE('',*,*,#2430,.F.);
#2430 = EDGE_CURVE('',#2431,#2300,#2433,.T.);
#2431 = VERTEX_POINT('',#2432);
#2432 = CARTESIAN_POINT('',(195.8125000104,18.896379914461,
    0.309067155008));
#2433 = SURFACE_CURVE('',#2434,(#2438,#2445),.PCURVE_S1.);
#2434 = LINE('',#2435,#2436);
#2435 = CARTESIAN_POINT('',(195.3578251296,18.633713215913,
    0.309067155008));
#2436 = VECTOR('',#2437,1.);
#2437 = DIRECTION('',(0.865893403497,0.50022856154,-0.));
#2438 = PCURVE('',#557,#2439);
#2439 = DEFINITIONAL_REPRESENTATION('',(#2440),#2444);
#2440 = LINE('',#2441,#2442);
#2441 = CARTESIAN_POINT('',(4.682160526981,0.));
#2442 = VECTOR('',#2443,1.);
#2443 = DIRECTION('',(-0.,1.));
#2444 = ( GEOMETRIC_REPRESENTATION_CONTEXT(2) 
PARAMETRIC_REPRESENTATION_CONTEXT() REPRESENTATION_CONTEXT('2D SPACE',''
  ) );
#2445 = PCURVE('',#2446,#2451);
#2446 = PLANE('',#2447);
#2447 = AXIS2_PLACEMENT_3D('',#2448,#2449,#2450);
#2448 = CARTESIAN_POINT('',(201.6625,22.486892054349,6.35));
#2449 = DIRECTION('',(0.500000034668,-0.865497824504,3.022385002513E-02)
  );
#2450 = DIRECTION('',(-0.865893403497,-0.50022856154,-1.03601641079E-14)
  );
#2451 = DEFINITIONAL_REPRESENTATION('',(#2452),#2456);
#2452 = LINE('',#2453,#2454);
#2453 = CARTESIAN_POINT('',(7.38664648918,6.04369387577));
#2454 = VECTOR('',#2455,1.);
#2455 = DIRECTION('',(-1.,-1.605268984088E-18));
#2456 = ( GEOMETRIC_REPRESENTATION_CONTEXT(2) 
PARAMETRIC_REPRESENTATION_CONTEXT() REPRESENTATION_CONTEXT('2D SPACE',''
  ) );
#2457 = ORIENTED_EDGE('',*,*,#2458,.F.);
#2458 = EDGE_CURVE('',#514,#2431,#2459,.T.);
#2459 = SURFACE_CURVE('',#2460,(#2465,#2472),.PCURVE_S1.);
#2460 = CIRCLE('',#2461,0.3);
#2461 = AXIS2_PLACEMENT_3D('',#2462,#2463,#2464);
#2462 = CARTESIAN_POINT('',(195.6625,19.156029261813,0.3));
#2463 = DIRECTION('',(-0.865893403497,-0.50022856154,-8.795779855002E-14
    ));
#2464 = DIRECTION('',(9.473903143468E-14,1.184237892934E-14,-1.));
#2465 = PCURVE('',#557,#2466);
#2466 = DEFINITIONAL_REPRESENTATION('',(#2467),#2471);
#2467 = LINE('',#2468,#2469);
#2468 = CARTESIAN_POINT('',(6.28318530718,0.5250933648));
#2469 = VECTOR('',#2470,1.);
#2470 = DIRECTION('',(-1.,1.525579544042E-14));
#2471 = ( GEOMETRIC_REPRESENTATION_CONTEXT(2) 
PARAMETRIC_REPRESENTATION_CONTEXT() REPRESENTATION_CONTEXT('2D SPACE',''
  ) );
#2472 = PCURVE('',#2473,#2478);
#2473 = SPHERICAL_SURFACE('',#2474,0.3);
#2474 = AXIS2_PLACEMENT_3D('',#2475,#2476,#2477);
#2475 = CARTESIAN_POINT('',(195.6625,19.156029261813,0.3));
#2476 = DIRECTION('',(1.,-1.184237892934E-14,-7.401486830835E-16));
#2477 = DIRECTION('',(-7.401486830834E-16,1.184237892934E-14,-1.));
#2478 = DEFINITIONAL_REPRESENTATION('',(#2479),#2494);
#2479 = B_SPLINE_CURVE_WITH_KNOTS('',7,(#2480,#2481,#2482,#2483,#2484,
    #2485,#2486,#2487,#2488,#2489,#2490,#2491,#2492,#2493),
  .UNSPECIFIED.,.F.,.F.,(8,6,8),(0.,0.800512390099,1.601024780199),
  .UNSPECIFIED.);
#2480 = CARTESIAN_POINT('',(6.28318530718,9.473903143468E-14));
#2481 = CARTESIAN_POINT('',(6.184162678893,5.7205594485E-02));
#2482 = CARTESIAN_POINT('',(6.085141101845,0.114412119873));
#2483 = CARTESIAN_POINT('',(5.985055529467,0.170698098717));
#2484 = CARTESIAN_POINT('',(5.882864836546,0.225159618948));
#2485 = CARTESIAN_POINT('',(5.777539505094,0.276805628865));
#2486 = CARTESIAN_POINT('',(5.668219889264,0.324538270019));
#2487 = CARTESIAN_POINT('',(5.440870229373,0.409898226015));
#2488 = CARTESIAN_POINT('',(5.322839162096,0.447526965725));
#2489 = CARTESIAN_POINT('',(5.200106044864,0.478968240985));
#2490 = CARTESIAN_POINT('',(5.072773630431,0.503083445722));
#2491 = CARTESIAN_POINT('',(4.941895693997,0.518785572118));
#2492 = CARTESIAN_POINT('',(4.809512572497,0.525595262086));
#2493 = CARTESIAN_POINT('',(4.677482395345,0.52359881563));
#2494 = ( GEOMETRIC_REPRESENTATION_CONTEXT(2) 
PARAMETRIC_REPRESENTATION_CONTEXT() REPRESENTATION_CONTEXT('2D SPACE',''
  ) );
#2495 = ORIENTED_EDGE('',*,*,#541,.T.);
#2496 = ADVANCED_FACE('',(#2497),#122,.F.);
#2497 = FACE_BOUND('',#2498,.F.);
#2498 = EDGE_LOOP('',(#2499,#2500,#2501,#2524));
#2499 = ORIENTED_EDGE('',*,*,#106,.F.);
#2500 = ORIENTED_EDGE('',*,*,#2405,.T.);
#2501 = ORIENTED_EDGE('',*,*,#2502,.T.);
#2502 = EDGE_CURVE('',#2383,#2503,#2505,.T.);
#2503 = VERTEX_POINT('',#2504);
#2504 = CARTESIAN_POINT('',(403.225,152.4,12.7));
#2505 = SURFACE_CURVE('',#2506,(#2510,#2517),.PCURVE_S1.);
#2506 = LINE('',#2507,#2508);
#2507 = CARTESIAN_POINT('',(403.225,0.,12.7));
#2508 = VECTOR('',#2509,1.);
#2509 = DIRECTION('',(0.,1.,-0.));
#2510 = PCURVE('',#122,#2511);
#2511 = DEFINITIONAL_REPRESENTATION('',(#2512),#2516);
#2512 = LINE('',#2513,#2514);
#2513 = CARTESIAN_POINT('',(0.,-12.7));
#2514 = VECTOR('',#2515,1.);
#2515 = DIRECTION('',(1.,0.));
#2516 = ( GEOMETRIC_REPRESENTATION_CONTEXT(2) 
PARAMETRIC_REPRESENTATION_CONTEXT() REPRESENTATION_CONTEXT('2D SPACE',''
  ) );
#2517 = PCURVE('',#2235,#2518);
#2518 = DEFINITIONAL_REPRESENTATION('',(#2519),#2523);
#2519 = LINE('',#2520,#2521);
#2520 = CARTESIAN_POINT('',(403.225,0.));
#2521 = VECTOR('',#2522,1.);
#2522 = DIRECTION('',(0.,1.));
#2523 = ( GEOMETRIC_REPRESENTATION_CONTEXT(2) 
PARAMETRIC_REPRESENTATION_CONTEXT() REPRESENTATION_CONTEXT('2D SPACE',''
  ) );
#2524 = ORIENTED_EDGE('',*,*,#2525,.F.);
#2525 = EDGE_CURVE('',#107,#2503,#2526,.T.);
#2526 = SURFACE_CURVE('',#2527,(#2531,#2538),.PCURVE_S1.);
#2527 = LINE('',#2528,#2529);
#2528 = CARTESIAN_POINT('',(403.225,152.4,0.));
#2529 = VECTOR('',#2530,1.);
#2530 = DIRECTION('',(0.,0.,1.));
#2531 = PCURVE('',#122,#2532);
#2532 = DEFINITIONAL_REPRESENTATION('',(#2533),#2537);
#2533 = LINE('',#2534,#2535);
#2534 = CARTESIAN_POINT('',(152.4,0.));
#2535 = VECTOR('',#2536,1.);
#2536 = DIRECTION('',(0.,-1.));
#2537 = ( GEOMETRIC_REPRESENTATION_CONTEXT(2) 
PARAMETRIC_REPRESENTATION_CONTEXT() REPRESENTATION_CONTEXT('2D SPACE',''
  ) );
#2538 = PCURVE('',#155,#2539);
#2539 = DEFINITIONAL_REPRESENTATION('',(#2540),#2544);
#2540 = LINE('',#2541,#2542);
#2541 = CARTESIAN_POINT('',(0.317560429292,0.));
#2542 = VECTOR('',#2543,1.);
#2543 = DIRECTION('',(0.,-1.));
#2544 = ( GEOMETRIC_REPRESENTATION_CONTEXT(2) 
PARAMETRIC_REPRESENTATION_CONTEXT() REPRESENTATION_CONTEXT('2D SPACE',''
  ) );
#2545 = ADVANCED_FACE('',(#2546),#529,.T.);
#2546 = FACE_BOUND('',#2547,.T.);
#2547 = EDGE_LOOP('',(#2548,#2570,#2598,#2634));
#2548 = ORIENTED_EDGE('',*,*,#2549,.F.);
#2549 = EDGE_CURVE('',#2550,#514,#2552,.T.);
#2550 = VERTEX_POINT('',#2551);
#2551 = CARTESIAN_POINT('',(195.3625,19.156029261813,0.3));
#2552 = SURFACE_CURVE('',#2553,(#2558,#2564),.PCURVE_S1.);
#2553 = CIRCLE('',#2554,0.3);
#2554 = AXIS2_PLACEMENT_3D('',#2555,#2556,#2557);
#2555 = CARTESIAN_POINT('',(195.6625,19.156029261813,0.3));
#2556 = DIRECTION('',(-1.184237892934E-14,-1.,-1.184237892934E-14));
#2557 = DIRECTION('',(-7.401486830833E-16,1.184237892934E-14,-1.));
#2558 = PCURVE('',#529,#2559);
#2559 = DEFINITIONAL_REPRESENTATION('',(#2560),#2563);
#2560 = B_SPLINE_CURVE_WITH_KNOTS('',1,(#2561,#2562),.UNSPECIFIED.,.F.,
  .F.,(2,2),(4.712388980385,6.28318530718),.PIECEWISE_BEZIER_KNOTS.);
#2561 = CARTESIAN_POINT('',(4.712388980385,52.688468162035));
#2562 = CARTESIAN_POINT('',(6.28318530718,52.688468162035));
#2563 = ( GEOMETRIC_REPRESENTATION_CONTEXT(2) 
PARAMETRIC_REPRESENTATION_CONTEXT() REPRESENTATION_CONTEXT('2D SPACE',''
  ) );
#2564 = PCURVE('',#2473,#2565);
#2565 = DEFINITIONAL_REPRESENTATION('',(#2566),#2569);
#2566 = B_SPLINE_CURVE_WITH_KNOTS('',1,(#2567,#2568),.UNSPECIFIED.,.F.,
  .F.,(2,2),(4.712388980385,6.28318530718),.PIECEWISE_BEZIER_KNOTS.);
#2567 = CARTESIAN_POINT('',(6.28318530718,-1.570796326795));
#2568 = CARTESIAN_POINT('',(6.28318530718,9.503509090791E-14));
#2569 = ( GEOMETRIC_REPRESENTATION_CONTEXT(2) 
PARAMETRIC_REPRESENTATION_CONTEXT() REPRESENTATION_CONTEXT('2D SPACE',''
  ) );
#2570 = ORIENTED_EDGE('',*,*,#2571,.F.);
#2571 = EDGE_CURVE('',#2572,#2550,#2574,.T.);
#2572 = VERTEX_POINT('',#2573);
#2573 = CARTESIAN_POINT('',(195.3625,71.314089198188,0.3));
#2574 = SURFACE_CURVE('',#2575,(#2579,#2586),.PCURVE_S1.);
#2575 = LINE('',#2576,#2577);
#2576 = CARTESIAN_POINT('',(195.3625,71.844497423848,0.3));
#2577 = VECTOR('',#2578,1.);
#2578 = DIRECTION('',(0.,-1.,0.));
#2579 = PCURVE('',#529,#2580);
#2580 = DEFINITIONAL_REPRESENTATION('',(#2581),#2585);
#2581 = LINE('',#2582,#2583);
#2582 = CARTESIAN_POINT('',(4.712388980385,0.));
#2583 = VECTOR('',#2584,1.);
#2584 = DIRECTION('',(-0.,1.));
#2585 = ( GEOMETRIC_REPRESENTATION_CONTEXT(2) 
PARAMETRIC_REPRESENTATION_CONTEXT() REPRESENTATION_CONTEXT('2D SPACE',''
  ) );
#2586 = PCURVE('',#2587,#2592);
#2587 = PLANE('',#2588);
#2588 = AXIS2_PLACEMENT_3D('',#2589,#2590,#2591);
#2589 = CARTESIAN_POINT('',(195.3625,45.23505923,6.294090519716));
#2590 = DIRECTION('',(-1.,-0.,-0.));
#2591 = DIRECTION('',(0.,0.,-1.));
#2592 = DEFINITIONAL_REPRESENTATION('',(#2593),#2597);
#2593 = LINE('',#2594,#2595);
#2594 = CARTESIAN_POINT('',(5.994090519716,-26.60943819384));
#2595 = VECTOR('',#2596,1.);
#2596 = DIRECTION('',(0.,1.));
#2597 = ( GEOMETRIC_REPRESENTATION_CONTEXT(2) 
PARAMETRIC_REPRESENTATION_CONTEXT() REPRESENTATION_CONTEXT('2D SPACE',''
  ) );
#2598 = ORIENTED_EDGE('',*,*,#2599,.F.);
#2599 = EDGE_CURVE('',#486,#2572,#2600,.T.);
#2600 = SURFACE_CURVE('',#2601,(#2606,#2613),.PCURVE_S1.);
#2601 = CIRCLE('',#2602,0.3);
#2602 = AXIS2_PLACEMENT_3D('',#2603,#2604,#2605);
#2603 = CARTESIAN_POINT('',(195.6625,71.314089198188,0.3));
#2604 = DIRECTION('',(0.,1.,0.));
#2605 = DIRECTION('',(9.473903143468E-14,0.,-1.));
#2606 = PCURVE('',#529,#2607);
#2607 = DEFINITIONAL_REPRESENTATION('',(#2608),#2612);
#2608 = LINE('',#2609,#2610);
#2609 = CARTESIAN_POINT('',(6.28318530718,0.53040822566));
#2610 = VECTOR('',#2611,1.);
#2611 = DIRECTION('',(-1.,2.120369787642E-16));
#2612 = ( GEOMETRIC_REPRESENTATION_CONTEXT(2) 
PARAMETRIC_REPRESENTATION_CONTEXT() REPRESENTATION_CONTEXT('2D SPACE',''
  ) );
#2613 = PCURVE('',#2614,#2619);
#2614 = SPHERICAL_SURFACE('',#2615,0.3);
#2615 = AXIS2_PLACEMENT_3D('',#2616,#2617,#2618);
#2616 = CARTESIAN_POINT('',(195.6625,71.314089198188,0.3));
#2617 = DIRECTION('',(-0.500000034668,-0.865497824504,
    -3.022385002511E-02));
#2618 = DIRECTION('',(1.511883302233E-02,2.617063236498E-02,
    -0.999543155091));
#2619 = DEFINITIONAL_REPRESENTATION('',(#2620),#2633);
#2620 = B_SPLINE_CURVE_WITH_KNOTS('',6,(#2621,#2622,#2623,#2624,#2625,
    #2626,#2627,#2628,#2629,#2630,#2631,#2632),.UNSPECIFIED.,.F.,.F.,(7,
    5,7),(0.,0.785398163397,1.570796326795),.UNSPECIFIED.);
#2621 = CARTESIAN_POINT('',(6.28318530718,3.022845340356E-02));
#2622 = CARTESIAN_POINT('',(6.169788320877,9.570821898898E-02));
#2623 = CARTESIAN_POINT('',(6.055853532968,0.160723030123));
#2624 = CARTESIAN_POINT('',(5.939622445107,0.223745830215));
#2625 = CARTESIAN_POINT('',(5.819405535566,0.283258467553));
#2626 = CARTESIAN_POINT('',(5.693583084411,0.337411893072));
#2627 = CARTESIAN_POINT('',(5.429935910569,0.431219644385));
#2628 = CARTESIAN_POINT('',(5.292106355701,0.470870165252));
#2629 = CARTESIAN_POINT('',(5.147909825039,0.501426538801));
#2630 = CARTESIAN_POINT('',(4.998000147197,0.520884680758));
#2631 = CARTESIAN_POINT('',(4.845988242505,0.528167149066));
#2632 = CARTESIAN_POINT('',(4.694930368458,0.52359881563));
#2633 = ( GEOMETRIC_REPRESENTATION_CONTEXT(2) 
PARAMETRIC_REPRESENTATION_CONTEXT() REPRESENTATION_CONTEXT('2D SPACE',''
  ) );
#2634 = ORIENTED_EDGE('',*,*,#513,.T.);
#2635 = ADVANCED_FACE('',(#2636),#155,.F.);
#2636 = FACE_BOUND('',#2637,.F.);
#2637 = EDGE_LOOP('',(#2638,#2639,#2640,#2807));
#2638 = ORIENTED_EDGE('',*,*,#134,.F.);
#2639 = ORIENTED_EDGE('',*,*,#2525,.T.);
#2640 = ORIENTED_EDGE('',*,*,#2641,.F.);
#2641 = EDGE_CURVE('',#2642,#2503,#2644,.T.);
#2642 = VERTEX_POINT('',#2643);
#2643 = CARTESIAN_POINT('',(207.9625,90.410196957194,12.7));
#2644 = SURFACE_CURVE('',#2645,(#2697,#2752),.PCURVE_S1.);
#2645 = B_SPLINE_CURVE_WITH_KNOTS('',8,(#2646,#2647,#2648,#2649,#2650,
    #2651,#2652,#2653,#2654,#2655,#2656,#2657,#2658,#2659,#2660,#2661,
    #2662,#2663,#2664,#2665,#2666,#2667,#2668,#2669,#2670,#2671,#2672,
    #2673,#2674,#2675,#2676,#2677,#2678,#2679,#2680,#2681,#2682,#2683,
    #2684,#2685,#2686,#2687,#2688,#2689,#2690,#2691,#2692,#2693,#2694,
    #2695,#2696),.UNSPECIFIED.,.F.,.F.,(9,7,7,7,7,7,7,9),(0.,
    0.213683802857,0.419775631631,0.60751072154,0.770858336379,
    0.867872563734,0.94940045527,1.),.UNSPECIFIED.);
#2646 = CARTESIAN_POINT('',(-4.38927617708E-11,76.2,12.7));
#2647 = CARTESIAN_POINT('',(11.093899923116,76.2,12.7));
#2648 = CARTESIAN_POINT('',(22.187766370482,76.286504351476,12.7));
#2649 = CARTESIAN_POINT('',(33.280858547151,76.459511354054,12.7));
#2650 = CARTESIAN_POINT('',(44.372395004459,76.719367138886,12.7));
#2651 = CARTESIAN_POINT('',(55.461553709316,77.066759510801,12.7));
#2652 = CARTESIAN_POINT('',(66.547471420915,77.502734292548,12.7));
#2653 = CARTESIAN_POINT('',(77.629242374833,78.028734171142,12.7));
#2654 = CARTESIAN_POINT('',(99.389046910581,79.242631626526,12.7));
#2655 = CARTESIAN_POINT('',(110.06734283196,79.924108076178,12.7));
#2656 = CARTESIAN_POINT('',(120.73999038733,80.692795895866,12.7));
#2657 = CARTESIAN_POINT('',(131.40602988724,81.550794456941,12.7));
#2658 = CARTESIAN_POINT('',(142.06435047046,82.500650921073,12.7));
#2659 = CARTESIAN_POINT('',(152.71368384884,83.545429728161,12.7));
#2660 = CARTESIAN_POINT('',(163.35259343489,84.688834397755,12.7));
#2661 = CARTESIAN_POINT('',(183.65977548379,87.07097021057,12.7));
#2662 = CARTESIAN_POINT('',(193.32990098246,88.292115783537,12.7));
#2663 = CARTESIAN_POINT('',(202.9887205826,89.602309041927,12.7));
#2664 = CARTESIAN_POINT('',(212.6347833364,91.005562729818,12.7));
#2665 = CARTESIAN_POINT('',(222.26627524077,92.506593359853,12.7));
#2666 = CARTESIAN_POINT('',(231.88099528891,94.110973940616,12.7));
#2667 = CARTESIAN_POINT('',(241.47630884073,95.825431902012,12.7));
#2668 = CARTESIAN_POINT('',(259.37826865579,99.253312409417,12.7));
#2669 = CARTESIAN_POINT('',(267.68987026017,100.93783782429,12.7));
#2670 = CARTESIAN_POINT('',(275.98214817103,102.71762856028,12.7));
#2671 = CARTESIAN_POINT('',(284.2525628622,104.59923790039,12.7));
#2672 = CARTESIAN_POINT('',(292.49769380766,106.59037232105,12.7));
#2673 = CARTESIAN_POINT('',(300.71311833848,108.70037540301,12.7));
#2674 = CARTESIAN_POINT('',(308.89328310997,110.9407553632,12.7));
#2675 = CARTESIAN_POINT('',(321.86416991386,114.74429140918,12.7));
#2676 = CARTESIAN_POINT('',(326.68201474165,116.21291081111,12.7));
#2677 = CARTESIAN_POINT('',(331.4831888781,117.73617682961,12.7));
#2678 = CARTESIAN_POINT('',(336.26582220495,119.31777805222,12.7));
#2679 = CARTESIAN_POINT('',(341.0275181814,120.9619568204,12.7));
#2680 = CARTESIAN_POINT('',(345.76530671892,122.67364521411,12.7));
#2681 = CARTESIAN_POINT('',(350.47554526889,124.45875037222,12.7));
#2682 = CARTESIAN_POINT('',(359.08510827199,127.89286653839,12.7));
#2683 = CARTESIAN_POINT('',(362.9932202662,129.51786273318,12.7));
#2684 = CARTESIAN_POINT('',(366.87582224248,131.20430872558,12.7));
#2685 = CARTESIAN_POINT('',(370.72960870368,132.95735855368,12.7));
#2686 = CARTESIAN_POINT('',(374.55012138585,134.78289813892,12.7));
#2687 = CARTESIAN_POINT('',(378.331571066,136.6879058076,12.7));
#2688 = CARTESIAN_POINT('',(382.06665826451,138.68082471402,12.7));
#2689 = CARTESIAN_POINT('',(388.02934571533,142.07149548404,12.7));
#2690 = CARTESIAN_POINT('',(390.29084956094,143.40796755409,12.7));
#2691 = CARTESIAN_POINT('',(392.52828307925,144.78519922835,12.7));
#2692 = CARTESIAN_POINT('',(394.73880422656,146.20617167035,12.7));
#2693 = CARTESIAN_POINT('',(396.91876726624,147.67415917973,12.7));
#2694 = CARTESIAN_POINT('',(399.06366502215,149.19281451176,12.7));
#2695 = CARTESIAN_POINT('',(401.16799913293,150.76636046146,12.7));
#2696 = CARTESIAN_POINT('',(403.22499999999,152.4,12.7));
#2697 = PCURVE('',#155,#2698);
#2698 = DEFINITIONAL_REPRESENTATION('',(#2699),#2751);
#2699 = B_SPLINE_CURVE_WITH_KNOTS('',8,(#2700,#2701,#2702,#2703,#2704,
    #2705,#2706,#2707,#2708,#2709,#2710,#2711,#2712,#2713,#2714,#2715,
    #2716,#2717,#2718,#2719,#2720,#2721,#2722,#2723,#2724,#2725,#2726,
    #2727,#2728,#2729,#2730,#2731,#2732,#2733,#2734,#2735,#2736,#2737,
    #2738,#2739,#2740,#2741,#2742,#2743,#2744,#2745,#2746,#2747,#2748,
    #2749,#2750),.UNSPECIFIED.,.F.,.F.,(9,7,7,7,7,7,7,9),(0.,
    0.213683802857,0.419775631631,0.60751072154,0.770858336379,
    0.867872563734,0.94940045527,1.),.UNSPECIFIED.);
#2700 = CARTESIAN_POINT('',(1.570796326795,-12.7));
#2701 = CARTESIAN_POINT('',(1.544659046301,-12.7));
#2702 = CARTESIAN_POINT('',(1.518521841687,-12.7));
#2703 = CARTESIAN_POINT('',(1.492359262883,-12.7));
#2704 = CARTESIAN_POINT('',(1.466145920387,-12.7));
#2705 = CARTESIAN_POINT('',(1.439856056602,-12.7));
#2706 = CARTESIAN_POINT('',(1.413463026379,-12.7));
#2707 = CARTESIAN_POINT('',(1.386938686774,-12.7));
#2708 = CARTESIAN_POINT('',(1.334514832101,-12.7));
#2709 = CARTESIAN_POINT('',(1.308626822389,-12.7));
#2710 = CARTESIAN_POINT('',(1.282561338381,-12.7));
#2711 = CARTESIAN_POINT('',(1.256289387134,-12.7));
#2712 = CARTESIAN_POINT('',(1.229779626342,-12.7));
#2713 = CARTESIAN_POINT('',(1.202997611253,-12.7));
#2714 = CARTESIAN_POINT('',(1.175904635672,-12.7));
#2715 = CARTESIAN_POINT('',(1.123451906784,-12.7));
#2716 = CARTESIAN_POINT('',(1.098153231685,-12.7));
#2717 = CARTESIAN_POINT('',(1.072525584775,-12.7));
#2718 = CARTESIAN_POINT('',(1.04653109117,-12.7));
#2719 = CARTESIAN_POINT('',(1.020126859112,-12.7));
#2720 = CARTESIAN_POINT('',(0.993263572991,-12.7));
#2721 = CARTESIAN_POINT('',(0.965882853592,-12.7));
#2722 = CARTESIAN_POINT('',(0.913575033949,-12.7));
#2723 = CARTESIAN_POINT('',(0.888792781493,-12.7));
#2724 = CARTESIAN_POINT('',(0.863516716119,-12.7));
#2725 = CARTESIAN_POINT('',(0.837691308987,-12.7));
#2726 = CARTESIAN_POINT('',(0.811252124102,-12.7));
#2727 = CARTESIAN_POINT('',(0.784121455363,-12.7));
#2728 = CARTESIAN_POINT('',(0.756203619722,-12.7));
#2729 = CARTESIAN_POINT('',(0.710243063444,-12.7));
#2730 = CARTESIAN_POINT('',(0.692795169592,-12.7));
#2731 = CARTESIAN_POINT('',(0.674997333274,-12.7));
#2732 = CARTESIAN_POINT('',(0.656818773254,-12.7));
#2733 = CARTESIAN_POINT('',(0.638224192537,-12.7));
#2734 = CARTESIAN_POINT('',(0.619172527471,-12.7));
#2735 = CARTESIAN_POINT('',(0.599614374024,-12.7));
#2736 = CARTESIAN_POINT('',(0.562572055836,-12.7));
#2737 = CARTESIAN_POINT('',(0.545257914966,-12.7));
#2738 = CARTESIAN_POINT('',(0.527505238696,-12.7));
#2739 = CARTESIAN_POINT('',(0.509270517369,-12.7));
#2740 = CARTESIAN_POINT('',(0.490504281668,-12.7));
#2741 = CARTESIAN_POINT('',(0.471147745129,-12.7));
#2742 = CARTESIAN_POINT('',(0.451129340945,-12.7));
#2743 = CARTESIAN_POINT('',(0.417456181315,-12.7));
#2744 = CARTESIAN_POINT('',(0.404270757625,-12.7));
#2745 = CARTESIAN_POINT('',(0.390771386308,-12.7));
#2746 = CARTESIAN_POINT('',(0.376932531051,-12.7));
#2747 = CARTESIAN_POINT('',(0.362726217078,-12.7));
#2748 = CARTESIAN_POINT('',(0.348121176615,-12.7));
#2749 = CARTESIAN_POINT('',(0.33308102269,-12.7));
#2750 = CARTESIAN_POINT('',(0.317560429292,-12.7));
#2751 = ( GEOMETRIC_REPRESENTATION_CONTEXT(2) 
PARAMETRIC_REPRESENTATION_CONTEXT() REPRESENTATION_CONTEXT('2D SPACE',''
  ) );
#2752 = PCURVE('',#2235,#2753);
#2753 = DEFINITIONAL_REPRESENTATION('',(#2754),#2806);
#2754 = B_SPLINE_CURVE_WITH_KNOTS('',8,(#2755,#2756,#2757,#2758,#2759,
    #2760,#2761,#2762,#2763,#2764,#2765,#2766,#2767,#2768,#2769,#2770,
    #2771,#2772,#2773,#2774,#2775,#2776,#2777,#2778,#2779,#2780,#2781,
    #2782,#2783,#2784,#2785,#2786,#2787,#2788,#2789,#2790,#2791,#2792,
    #2793,#2794,#2795,#2796,#2797,#2798,#2799,#2800,#2801,#2802,#2803,
    #2804,#2805),.UNSPECIFIED.,.F.,.F.,(9,7,7,7,7,7,7,9),(0.,
    0.213683802857,0.419775631631,0.60751072154,0.770858336379,
    0.867872563734,0.94940045527,1.),.UNSPECIFIED.);
#2755 = CARTESIAN_POINT('',(-4.38927617708E-11,76.2));
#2756 = CARTESIAN_POINT('',(11.093899923116,76.2));
#2757 = CARTESIAN_POINT('',(22.187766370482,76.286504351476));
#2758 = CARTESIAN_POINT('',(33.280858547151,76.459511354054));
#2759 = CARTESIAN_POINT('',(44.372395004459,76.719367138886));
#2760 = CARTESIAN_POINT('',(55.461553709316,77.066759510801));
#2761 = CARTESIAN_POINT('',(66.547471420915,77.502734292548));
#2762 = CARTESIAN_POINT('',(77.629242374833,78.028734171142));
#2763 = CARTESIAN_POINT('',(99.389046910581,79.242631626526));
#2764 = CARTESIAN_POINT('',(110.06734283196,79.924108076178));
#2765 = CARTESIAN_POINT('',(120.73999038733,80.692795895866));
#2766 = CARTESIAN_POINT('',(131.40602988724,81.550794456941));
#2767 = CARTESIAN_POINT('',(142.06435047046,82.500650921073));
#2768 = CARTESIAN_POINT('',(152.71368384884,83.545429728161));
#2769 = CARTESIAN_POINT('',(163.35259343489,84.688834397755));
#2770 = CARTESIAN_POINT('',(183.65977548379,87.07097021057));
#2771 = CARTESIAN_POINT('',(193.32990098246,88.292115783537));
#2772 = CARTESIAN_POINT('',(202.9887205826,89.602309041927));
#2773 = CARTESIAN_POINT('',(212.6347833364,91.005562729818));
#2774 = CARTESIAN_POINT('',(222.26627524077,92.506593359853));
#2775 = CARTESIAN_POINT('',(231.88099528891,94.110973940616));
#2776 = CARTESIAN_POINT('',(241.47630884073,95.825431902012));
#2777 = CARTESIAN_POINT('',(259.37826865579,99.253312409417));
#2778 = CARTESIAN_POINT('',(267.68987026017,100.93783782429));
#2779 = CARTESIAN_POINT('',(275.98214817103,102.71762856028));
#2780 = CARTESIAN_POINT('',(284.2525628622,104.59923790039));
#2781 = CARTESIAN_POINT('',(292.49769380766,106.59037232105));
#2782 = CARTESIAN_POINT('',(300.71311833848,108.70037540301));
#2783 = CARTESIAN_POINT('',(308.89328310997,110.9407553632));
#2784 = CARTESIAN_POINT('',(321.86416991386,114.74429140918));
#2785 = CARTESIAN_POINT('',(326.68201474165,116.21291081111));
#2786 = CARTESIAN_POINT('',(331.4831888781,117.73617682961));
#2787 = CARTESIAN_POINT('',(336.26582220495,119.31777805222));
#2788 = CARTESIAN_POINT('',(341.0275181814,120.9619568204));
#2789 = CARTESIAN_POINT('',(345.76530671892,122.67364521411));
#2790 = CARTESIAN_POINT('',(350.47554526889,124.45875037222));
#2791 = CARTESIAN_POINT('',(359.08510827199,127.89286653839));
#2792 = CARTESIAN_POINT('',(362.9932202662,129.51786273318));
#2793 = CARTESIAN_POINT('',(366.87582224248,131.20430872558));
#2794 = CARTESIAN_POINT('',(370.72960870368,132.95735855368));
#2795 = CARTESIAN_POINT('',(374.55012138585,134.78289813892));
#2796 = CARTESIAN_POINT('',(378.331571066,136.6879058076));
#2797 = CARTESIAN_POINT('',(382.06665826451,138.68082471402));
#2798 = CARTESIAN_POINT('',(388.02934571533,142.07149548404));
#2799 = CARTESIAN_POINT('',(390.29084956094,143.40796755409));
#2800 = CARTESIAN_POINT('',(392.52828307925,144.78519922835));
#2801 = CARTESIAN_POINT('',(394.73880422656,146.20617167035));
#2802 = CARTESIAN_POINT('',(396.91876726624,147.67415917973));
#2803 = CARTESIAN_POINT('',(399.06366502215,149.19281451176));
#2804 = CARTESIAN_POINT('',(401.16799913293,150.76636046146));
#2805 = CARTESIAN_POINT('',(403.22499999999,152.4));
#2806 = ( GEOMETRIC_REPRESENTATION_CONTEXT(2) 
PARAMETRIC_REPRESENTATION_CONTEXT() REPRESENTATION_CONTEXT('2D SPACE',''
  ) );
#2807 = ORIENTED_EDGE('',*,*,#2808,.T.);
#2808 = EDGE_CURVE('',#2642,#135,#2809,.T.);
#2809 = SURFACE_CURVE('',#2810,(#2816,#2825),.PCURVE_S1.);
#2810 = B_SPLINE_CURVE_WITH_KNOTS('',4,(#2811,#2812,#2813,#2814,#2815),
  .UNSPECIFIED.,.F.,.F.,(5,5),(0.,1.),.PIECEWISE_BEZIER_KNOTS.);
#2811 = CARTESIAN_POINT('',(207.9625,90.41019696742,12.7000006));
#2812 = CARTESIAN_POINT('',(207.9625,90.41019696742,9.5250003));
#2813 = CARTESIAN_POINT('',(207.9625,90.41019696742,6.35));
#2814 = CARTESIAN_POINT('',(207.9625,90.41019696742,3.1749997));
#2815 = CARTESIAN_POINT('',(207.9625,90.41019696742,-5.999999999062E-07)
  );
#2816 = PCURVE('',#155,#2817);
#2817 = DEFINITIONAL_REPRESENTATION('',(#2818),#2824);
#2818 = B_SPLINE_CURVE_WITH_KNOTS('',4,(#2819,#2820,#2821,#2822,#2823),
  .UNSPECIFIED.,.F.,.F.,(5,5),(0.,1.),.PIECEWISE_BEZIER_KNOTS.);
#2819 = CARTESIAN_POINT('',(1.058751736836,-12.7000006));
#2820 = CARTESIAN_POINT('',(1.058751736836,-9.5250003));
#2821 = CARTESIAN_POINT('',(1.058751736836,-6.35));
#2822 = CARTESIAN_POINT('',(1.058751736836,-3.1749997));
#2823 = CARTESIAN_POINT('',(1.058751736836,5.999999999062E-07));
#2824 = ( GEOMETRIC_REPRESENTATION_CONTEXT(2) 
PARAMETRIC_REPRESENTATION_CONTEXT() REPRESENTATION_CONTEXT('2D SPACE',''
  ) );
#2825 = PCURVE('',#186,#2826);
#2826 = DEFINITIONAL_REPRESENTATION('',(#2827),#2833);
#2827 = B_SPLINE_CURVE_WITH_KNOTS('',4,(#2828,#2829,#2830,#2831,#2832),
  .UNSPECIFIED.,.F.,.F.,(5,5),(0.,1.),.PIECEWISE_BEZIER_KNOTS.);
#2828 = CARTESIAN_POINT('',(-6.337454061624,41.75941409414));
#2829 = CARTESIAN_POINT('',(-3.162453761624,41.75941409414));
#2830 = CARTESIAN_POINT('',(1.2546538376E-02,41.75941409414));
#2831 = CARTESIAN_POINT('',(3.187546838376,41.75941409414));
#2832 = CARTESIAN_POINT('',(6.362547138376,41.75941409414));
#2833 = ( GEOMETRIC_REPRESENTATION_CONTEXT(2) 
PARAMETRIC_REPRESENTATION_CONTEXT() REPRESENTATION_CONTEXT('2D SPACE',''
  ) );
#2834 = ADVANCED_FACE('',(#2835),#501,.T.);
#2835 = FACE_BOUND('',#2836,.T.);
#2836 = EDGE_LOOP('',(#2837,#2859,#2887,#2917));
#2837 = ORIENTED_EDGE('',*,*,#2838,.F.);
#2838 = EDGE_CURVE('',#2839,#486,#2841,.T.);
#2839 = VERTEX_POINT('',#2840);
#2840 = CARTESIAN_POINT('',(195.8125000104,71.573738545539,
    0.309067155008));
#2841 = SURFACE_CURVE('',#2842,(#2847,#2853),.PCURVE_S1.);
#2842 = CIRCLE('',#2843,0.3);
#2843 = AXIS2_PLACEMENT_3D('',#2844,#2845,#2846);
#2844 = CARTESIAN_POINT('',(195.6625,71.314089198188,0.3));
#2845 = DIRECTION('',(-0.865893403497,0.50022856154,-8.203235044526E-14)
  );
#2846 = DIRECTION('',(1.511883302233E-02,2.617063236499E-02,
    -0.999543155091));
#2847 = PCURVE('',#501,#2848);
#2848 = DEFINITIONAL_REPRESENTATION('',(#2849),#2852);
#2849 = B_SPLINE_CURVE_WITH_KNOTS('',1,(#2850,#2851),.UNSPECIFIED.,.F.,
  .F.,(2,2),(4.712388980385,6.313413760583),.PIECEWISE_BEZIER_KNOTS.);
#2850 = CARTESIAN_POINT('',(4.682160526981,14.026351361667));
#2851 = CARTESIAN_POINT('',(6.283185307179,14.026351361667));
#2852 = ( GEOMETRIC_REPRESENTATION_CONTEXT(2) 
PARAMETRIC_REPRESENTATION_CONTEXT() REPRESENTATION_CONTEXT('2D SPACE',''
  ) );
#2853 = PCURVE('',#2614,#2854);
#2854 = DEFINITIONAL_REPRESENTATION('',(#2855),#2858);
#2855 = B_SPLINE_CURVE_WITH_KNOTS('',1,(#2856,#2857),.UNSPECIFIED.,.F.,
  .F.,(2,2),(4.712388980385,6.313413760583),.PIECEWISE_BEZIER_KNOTS.);
#2856 = CARTESIAN_POINT('',(6.28318530718,-1.570796326795));
#2857 = CARTESIAN_POINT('',(6.28318530718,3.022845340356E-02));
#2858 = ( GEOMETRIC_REPRESENTATION_CONTEXT(2) 
PARAMETRIC_REPRESENTATION_CONTEXT() REPRESENTATION_CONTEXT('2D SPACE',''
  ) );
#2859 = ORIENTED_EDGE('',*,*,#2860,.F.);
#2860 = EDGE_CURVE('',#2861,#2839,#2863,.T.);
#2861 = VERTEX_POINT('',#2862);
#2862 = CARTESIAN_POINT('',(207.66249999306,64.727966974077,
    0.309067155008));
#2863 = SURFACE_CURVE('',#2864,(#2868,#2875),.PCURVE_S1.);
#2864 = LINE('',#2865,#2866);
#2865 = CARTESIAN_POINT('',(207.9578251296,64.557356980239,
    0.309067155008));
#2866 = VECTOR('',#2867,1.);
#2867 = DIRECTION('',(-0.865893403497,0.50022856154,0.));
#2868 = PCURVE('',#501,#2869);
#2869 = DEFINITIONAL_REPRESENTATION('',(#2870),#2874);
#2870 = LINE('',#2871,#2872);
#2871 = CARTESIAN_POINT('',(4.682160526981,0.));
#2872 = VECTOR('',#2873,1.);
#2873 = DIRECTION('',(-0.,1.));
#2874 = ( GEOMETRIC_REPRESENTATION_CONTEXT(2) 
PARAMETRIC_REPRESENTATION_CONTEXT() REPRESENTATION_CONTEXT('2D SPACE',''
  ) );
#2875 = PCURVE('',#2876,#2881);
#2876 = PLANE('',#2877);
#2877 = AXIS2_PLACEMENT_3D('',#2878,#2879,#2880);
#2878 = CARTESIAN_POINT('',(201.6625,67.983226405651,6.35));
#2879 = DIRECTION('',(0.500000034668,0.865497824504,3.022385002513E-02)
  );
#2880 = DIRECTION('',(0.865893403497,-0.50022856154,1.03601641079E-14));
#2881 = DEFINITIONAL_REPRESENTATION('',(#2882),#2886);
#2882 = LINE('',#2883,#2884);
#2883 = CARTESIAN_POINT('',(7.164798237287,6.04369387577));
#2884 = VECTOR('',#2885,1.);
#2885 = DIRECTION('',(-1.,1.605268984088E-18));
#2886 = ( GEOMETRIC_REPRESENTATION_CONTEXT(2) 
PARAMETRIC_REPRESENTATION_CONTEXT() REPRESENTATION_CONTEXT('2D SPACE',''
  ) );
#2887 = ORIENTED_EDGE('',*,*,#2888,.F.);
#2888 = EDGE_CURVE('',#199,#2861,#2889,.T.);
#2889 = SURFACE_CURVE('',#2890,(#2898,#2910),.PCURVE_S1.);
#2890 = B_SPLINE_CURVE_WITH_KNOTS('',6,(#2891,#2892,#2893,#2894,#2895,
    #2896,#2897),.UNSPECIFIED.,.F.,.F.,(7,7),(0.,1.),
  .PIECEWISE_BEZIER_KNOTS.);
#2891 = CARTESIAN_POINT('',(207.51249998266,64.468317626726,
    5.551115123126E-17));
#2892 = CARTESIAN_POINT('',(207.5525438988,64.537633466526,
    5.551115123126E-17));
#2893 = CARTESIAN_POINT('',(207.59258404329,64.606942777619,
    2.562618700803E-02));
#2894 = CARTESIAN_POINT('',(207.6275148405,64.667407831408,
    7.692268342237E-02));
#2895 = CARTESIAN_POINT('',(207.65210734731,64.709977350741,
    0.148270833363));
#2896 = CARTESIAN_POINT('',(207.66371027438,64.730061965623,
    0.229052486999));
#2897 = CARTESIAN_POINT('',(207.66249999306,64.727966974077,
    0.309067155008));
#2898 = PCURVE('',#501,#2899);
#2899 = DEFINITIONAL_REPRESENTATION('',(#2900),#2909);
#2900 = B_SPLINE_CURVE_WITH_KNOTS('',7,(#2901,#2902,#2903,#2904,#2905,
    #2906,#2907,#2908),.UNSPECIFIED.,.F.,.F.,(8,8),(0.,1.),
  .PIECEWISE_BEZIER_KNOTS.);
#2901 = CARTESIAN_POINT('',(6.28318530718,0.341064079413));
#2902 = CARTESIAN_POINT('',(6.054467481437,0.341064079413));
#2903 = CARTESIAN_POINT('',(5.82577077348,0.341064079413));
#2904 = CARTESIAN_POINT('',(5.596978097397,0.341064079413));
#2905 = CARTESIAN_POINT('',(5.368367736765,0.341064079413));
#2906 = CARTESIAN_POINT('',(5.139575060686,0.341064079413));
#2907 = CARTESIAN_POINT('',(4.910878352724,0.341064079413));
#2908 = CARTESIAN_POINT('',(4.682160526981,0.341064079413));
#2909 = ( GEOMETRIC_REPRESENTATION_CONTEXT(2) 
PARAMETRIC_REPRESENTATION_CONTEXT() REPRESENTATION_CONTEXT('2D SPACE',''
  ) );
#2910 = PCURVE('',#268,#2911);
#2911 = DEFINITIONAL_REPRESENTATION('',(#2912),#2916);
#2912 = LINE('',#2913,#2914);
#2913 = CARTESIAN_POINT('',(0.,0.));
#2914 = VECTOR('',#2915,1.);
#2915 = DIRECTION('',(1.,0.));
#2916 = ( GEOMETRIC_REPRESENTATION_CONTEXT(2) 
PARAMETRIC_REPRESENTATION_CONTEXT() REPRESENTATION_CONTEXT('2D SPACE',''
  ) );
#2917 = ORIENTED_EDGE('',*,*,#485,.T.);
#2918 = ADVANCED_FACE('',(#2919),#186,.T.);
#2919 = FACE_BOUND('',#2920,.T.);
#2920 = EDGE_LOOP('',(#2921,#2922,#2950,#2971));
#2921 = ORIENTED_EDGE('',*,*,#170,.T.);
#2922 = ORIENTED_EDGE('',*,*,#2923,.T.);
#2923 = EDGE_CURVE('',#171,#2924,#2926,.T.);
#2924 = VERTEX_POINT('',#2925);
#2925 = CARTESIAN_POINT('',(207.9625,64.46857671733,12.7));
#2926 = SURFACE_CURVE('',#2927,(#2931,#2938),.PCURVE_S1.);
#2927 = LINE('',#2928,#2929);
#2928 = CARTESIAN_POINT('',(207.9625,64.911648313806,1.20895408483E-02)
  );
#2929 = VECTOR('',#2930,1.);
#2930 = DIRECTION('',(0.,-3.48994967025E-02,0.999390827019));
#2931 = PCURVE('',#186,#2932);
#2932 = DEFINITIONAL_REPRESENTATION('',(#2933),#2937);
#2933 = LINE('',#2934,#2935);
#2934 = CARTESIAN_POINT('',(6.350456997528,67.257962747754));
#2935 = VECTOR('',#2936,1.);
#2936 = DIRECTION('',(-0.999390827019,3.48994967025E-02));
#2937 = ( GEOMETRIC_REPRESENTATION_CONTEXT(2) 
PARAMETRIC_REPRESENTATION_CONTEXT() REPRESENTATION_CONTEXT('2D SPACE',''
  ) );
#2938 = PCURVE('',#2939,#2944);
#2939 = CYLINDRICAL_SURFACE('',#2940,0.2);
#2940 = AXIS2_PLACEMENT_3D('',#2941,#2942,#2943);
#2941 = CARTESIAN_POINT('',(207.7625,64.911648313806,1.20895408483E-02)
  );
#2942 = DIRECTION('',(0.,-3.48994967025E-02,0.999390827019));
#2943 = DIRECTION('',(-0.500000034668,-0.865497824504,
    -3.022385002512E-02));
#2944 = DEFINITIONAL_REPRESENTATION('',(#2945),#2949);
#2945 = LINE('',#2946,#2947);
#2946 = CARTESIAN_POINT('',(2.094395142425,0.));
#2947 = VECTOR('',#2948,1.);
#2948 = DIRECTION('',(0.,1.));
#2949 = ( GEOMETRIC_REPRESENTATION_CONTEXT(2) 
PARAMETRIC_REPRESENTATION_CONTEXT() REPRESENTATION_CONTEXT('2D SPACE',''
  ) );
#2950 = ORIENTED_EDGE('',*,*,#2951,.F.);
#2951 = EDGE_CURVE('',#2642,#2924,#2952,.T.);
#2952 = SURFACE_CURVE('',#2953,(#2957,#2964),.PCURVE_S1.);
#2953 = LINE('',#2954,#2955);
#2954 = CARTESIAN_POINT('',(207.9625,66.084805530783,12.7));
#2955 = VECTOR('',#2956,1.);
#2956 = DIRECTION('',(0.,-1.,0.));
#2957 = PCURVE('',#186,#2958);
#2958 = DEFINITIONAL_REPRESENTATION('',(#2959),#2963);
#2959 = LINE('',#2960,#2961);
#2960 = CARTESIAN_POINT('',(-6.337453461624,66.084805530777));
#2961 = VECTOR('',#2962,1.);
#2962 = DIRECTION('',(0.,1.));
#2963 = ( GEOMETRIC_REPRESENTATION_CONTEXT(2) 
PARAMETRIC_REPRESENTATION_CONTEXT() REPRESENTATION_CONTEXT('2D SPACE',''
  ) );
#2964 = PCURVE('',#2235,#2965);
#2965 = DEFINITIONAL_REPRESENTATION('',(#2966),#2970);
#2966 = LINE('',#2967,#2968);
#2967 = CARTESIAN_POINT('',(207.9625,66.084805530783));
#2968 = VECTOR('',#2969,1.);
#2969 = DIRECTION('',(0.,-1.));
#2970 = ( GEOMETRIC_REPRESENTATION_CONTEXT(2) 
PARAMETRIC_REPRESENTATION_CONTEXT() REPRESENTATION_CONTEXT('2D SPACE',''
  ) );
#2971 = ORIENTED_EDGE('',*,*,#2808,.T.);
#2972 = ADVANCED_FACE('',(#2973),#268,.T.);
#2973 = FACE_BOUND('',#2974,.T.);
#2974 = EDGE_LOOP('',(#2975,#2976,#2977));
#2975 = ORIENTED_EDGE('',*,*,#198,.F.);
#2976 = ORIENTED_EDGE('',*,*,#2888,.T.);
#2977 = ORIENTED_EDGE('',*,*,#2978,.T.);
#2978 = EDGE_CURVE('',#2861,#171,#2979,.T.);
#2979 = SURFACE_CURVE('',#2980,(#3011,#3017),.PCURVE_S1.);
#2980 = B_SPLINE_CURVE_WITH_KNOTS('',8,(#2981,#2982,#2983,#2984,#2985,
    #2986,#2987,#2988,#2989,#2990,#2991,#2992,#2993,#2994,#2995,#2996,
    #2997,#2998,#2999,#3000,#3001,#3002,#3003,#3004,#3005,#3006,#3007,
    #3008,#3009,#3010),.UNSPECIFIED.,.F.,.F.,(9,7,7,7,9),(0.,0.125,0.25,
    0.5,1.),.UNSPECIFIED.);
#2981 = CARTESIAN_POINT('',(207.66249999306,64.727966974077,
    0.309067155008));
#2982 = CARTESIAN_POINT('',(207.66816811605,64.724868411687,
    0.304029322833));
#2983 = CARTESIAN_POINT('',(207.67395862998,64.721981707467,
    0.298998888909));
#2984 = CARTESIAN_POINT('',(207.67986228516,64.719312198481,
    0.29397603961));
#2985 = CARTESIAN_POINT('',(207.68586955229,64.71686473776,
    0.288960944407));
#2986 = CARTESIAN_POINT('',(207.69197065411,64.714643676053,
    0.283953755232));
#2987 = CARTESIAN_POINT('',(207.69815559881,64.712652846246,
    0.278954605932));
#2988 = CARTESIAN_POINT('',(207.7044142144,64.710895550867,
    0.273963611833));
#2989 = CARTESIAN_POINT('',(207.71705815402,64.707853554285,
    0.263998126989));
#2990 = CARTESIAN_POINT('',(207.7234435142,64.706568847595,
    0.259023636052));
#2991 = CARTESIAN_POINT('',(207.7298818759,64.705523207006,
    0.254057493486));
#2992 = CARTESIAN_POINT('',(207.73636277736,64.70471885356,
    0.249099776854));
#2993 = CARTESIAN_POINT('',(207.74287568393,64.704157454854,
    0.244150544388));
#2994 = CARTESIAN_POINT('',(207.74940998802,64.703840125024,
    0.239209834995));
#2995 = CARTESIAN_POINT('',(207.75595500917,64.70376742476,
    0.234277668254));
#2996 = CARTESIAN_POINT('',(207.77558996363,64.704283234369,
    0.219506796749));
#2997 = CARTESIAN_POINT('',(207.78867994387,64.705605593382,
    0.20969371856));
#2998 = CARTESIAN_POINT('',(207.8016844579,64.707906582948,
    0.199914814904));
#2999 = CARTESIAN_POINT('',(207.81451807931,64.711177147524,
    0.190169769553));
#3000 = CARTESIAN_POINT('',(207.82709655917,64.71539933326,
    0.180457955545));
#3001 = CARTESIAN_POINT('',(207.83933795347,64.720546589874,
    0.170778445724));
#3002 = CARTESIAN_POINT('',(207.85116375016,64.726584072492,
    0.16113002328));
#3003 = CARTESIAN_POINT('',(207.88517248928,64.747238685585,
    0.132273530315));
#3004 = CARTESIAN_POINT('',(207.90588672741,64.764398158873,
    0.113154240361));
#3005 = CARTESIAN_POINT('',(207.92405072877,64.784605788711,
    9.414139437892E-02));
#3006 = CARTESIAN_POINT('',(207.93914410293,64.807396106237,
    7.521873783873E-02));
#3007 = CARTESIAN_POINT('',(207.95075047148,64.832198421037,
    5.63663417912E-02));
#3008 = CARTESIAN_POINT('',(207.95858348996,64.858367013291,
    3.756165720402E-02));
#3009 = CARTESIAN_POINT('',(207.9625,64.885218751775,1.878082860869E-02)
  );
#3010 = CARTESIAN_POINT('',(207.9625,64.912070489875,-5.290906601729E-17
    ));
#3011 = PCURVE('',#268,#3012);
#3012 = DEFINITIONAL_REPRESENTATION('',(#3013),#3016);
#3013 = B_SPLINE_CURVE_WITH_KNOTS('',1,(#3014,#3015),.UNSPECIFIED.,.F.,
  .F.,(2,2),(0.,1.),.PIECEWISE_BEZIER_KNOTS.);
#3014 = CARTESIAN_POINT('',(1.,0.));
#3015 = CARTESIAN_POINT('',(1.,1.));
#3016 = ( GEOMETRIC_REPRESENTATION_CONTEXT(2) 
PARAMETRIC_REPRESENTATION_CONTEXT() REPRESENTATION_CONTEXT('2D SPACE',''
  ) );
#3017 = PCURVE('',#2939,#3018);
#3018 = DEFINITIONAL_REPRESENTATION('',(#3019),#3022);
#3019 = B_SPLINE_CURVE_WITH_KNOTS('',1,(#3020,#3021),.UNSPECIFIED.,.F.,
  .F.,(2,2),(0.,1.),.PIECEWISE_BEZIER_KNOTS.);
#3020 = CARTESIAN_POINT('',(0.,0.303207089731));
#3021 = CARTESIAN_POINT('',(2.094395142425,-1.2096909959E-02));
#3022 = ( GEOMETRIC_REPRESENTATION_CONTEXT(2) 
PARAMETRIC_REPRESENTATION_CONTEXT() REPRESENTATION_CONTEXT('2D SPACE',''
  ) );
#3023 = ADVANCED_FACE('',(#3024),#874,.T.);
#3024 = FACE_BOUND('',#3025,.T.);
#3025 = EDGE_LOOP('',(#3026,#3027,#3050,#3073));
#3026 = ORIENTED_EDGE('',*,*,#856,.F.);
#3027 = ORIENTED_EDGE('',*,*,#3028,.T.);
#3028 = EDGE_CURVE('',#857,#3029,#3031,.T.);
#3029 = VERTEX_POINT('',#3030);
#3030 = CARTESIAN_POINT('',(286.89718910334,26.,12.7));
#3031 = SURFACE_CURVE('',#3032,(#3036,#3043),.PCURVE_S1.);
#3032 = LINE('',#3033,#3034);
#3033 = CARTESIAN_POINT('',(286.89718910334,26.,0.));
#3034 = VECTOR('',#3035,1.);
#3035 = DIRECTION('',(0.,0.,1.));
#3036 = PCURVE('',#874,#3037);
#3037 = DEFINITIONAL_REPRESENTATION('',(#3038),#3042);
#3038 = LINE('',#3039,#3040);
#3039 = CARTESIAN_POINT('',(0.,0.));
#3040 = VECTOR('',#3041,1.);
#3041 = DIRECTION('',(0.,-1.));
#3042 = ( GEOMETRIC_REPRESENTATION_CONTEXT(2) 
PARAMETRIC_REPRESENTATION_CONTEXT() REPRESENTATION_CONTEXT('2D SPACE',''
  ) );
#3043 = PCURVE('',#902,#3044);
#3044 = DEFINITIONAL_REPRESENTATION('',(#3045),#3049);
#3045 = LINE('',#3046,#3047);
#3046 = CARTESIAN_POINT('',(14.549226783579,0.));
#3047 = VECTOR('',#3048,1.);
#3048 = DIRECTION('',(0.,-1.));
#3049 = ( GEOMETRIC_REPRESENTATION_CONTEXT(2) 
PARAMETRIC_REPRESENTATION_CONTEXT() REPRESENTATION_CONTEXT('2D SPACE',''
  ) );
#3050 = ORIENTED_EDGE('',*,*,#3051,.T.);
#3051 = EDGE_CURVE('',#3029,#3052,#3054,.T.);
#3052 = VERTEX_POINT('',#3053);
#3053 = CARTESIAN_POINT('',(279.62257571155,38.6,12.7));
#3054 = SURFACE_CURVE('',#3055,(#3059,#3066),.PCURVE_S1.);
#3055 = LINE('',#3056,#3057);
#3056 = CARTESIAN_POINT('',(256.66420558999,78.365063509478,12.7));
#3057 = VECTOR('',#3058,1.);
#3058 = DIRECTION('',(-0.5,0.866025403784,0.));
#3059 = PCURVE('',#874,#3060);
#3060 = DEFINITIONAL_REPRESENTATION('',(#3061),#3065);
#3061 = LINE('',#3062,#3063);
#3062 = CARTESIAN_POINT('',(60.465967026668,-12.7));
#3063 = VECTOR('',#3064,1.);
#3064 = DIRECTION('',(1.,0.));
#3065 = ( GEOMETRIC_REPRESENTATION_CONTEXT(2) 
PARAMETRIC_REPRESENTATION_CONTEXT() REPRESENTATION_CONTEXT('2D SPACE',''
  ) );
#3066 = PCURVE('',#2235,#3067);
#3067 = DEFINITIONAL_REPRESENTATION('',(#3068),#3072);
#3068 = LINE('',#3069,#3070);
#3069 = CARTESIAN_POINT('',(256.66420558999,78.365063509478));
#3070 = VECTOR('',#3071,1.);
#3071 = DIRECTION('',(-0.5,0.866025403784));
#3072 = ( GEOMETRIC_REPRESENTATION_CONTEXT(2) 
PARAMETRIC_REPRESENTATION_CONTEXT() REPRESENTATION_CONTEXT('2D SPACE',''
  ) );
#3073 = ORIENTED_EDGE('',*,*,#3074,.F.);
#3074 = EDGE_CURVE('',#859,#3052,#3075,.T.);
#3075 = SURFACE_CURVE('',#3076,(#3080,#3087),.PCURVE_S1.);
#3076 = LINE('',#3077,#3078);
#3077 = CARTESIAN_POINT('',(279.62257571155,38.6,0.));
#3078 = VECTOR('',#3079,1.);
#3079 = DIRECTION('',(0.,0.,1.));
#3080 = PCURVE('',#874,#3081);
#3081 = DEFINITIONAL_REPRESENTATION('',(#3082),#3086);
#3082 = LINE('',#3083,#3084);
#3083 = CARTESIAN_POINT('',(14.549226783579,0.));
#3084 = VECTOR('',#3085,1.);
#3085 = DIRECTION('',(0.,-1.));
#3086 = ( GEOMETRIC_REPRESENTATION_CONTEXT(2) 
PARAMETRIC_REPRESENTATION_CONTEXT() REPRESENTATION_CONTEXT('2D SPACE',''
  ) );
#3087 = PCURVE('',#1012,#3088);
#3088 = DEFINITIONAL_REPRESENTATION('',(#3089),#3093);
#3089 = LINE('',#3090,#3091);
#3090 = CARTESIAN_POINT('',(0.,-0.));
#3091 = VECTOR('',#3092,1.);
#3092 = DIRECTION('',(0.,-1.));
#3093 = ( GEOMETRIC_REPRESENTATION_CONTEXT(2) 
PARAMETRIC_REPRESENTATION_CONTEXT() REPRESENTATION_CONTEXT('2D SPACE',''
  ) );
#3094 = ADVANCED_FACE('',(#3095),#902,.T.);
#3095 = FACE_BOUND('',#3096,.T.);
#3096 = EDGE_LOOP('',(#3097,#3098,#3121,#3142));
#3097 = ORIENTED_EDGE('',*,*,#886,.F.);
#3098 = ORIENTED_EDGE('',*,*,#3099,.T.);
#3099 = EDGE_CURVE('',#887,#3100,#3102,.T.);
#3100 = VERTEX_POINT('',#3101);
#3101 = CARTESIAN_POINT('',(279.62257571155,13.4,12.7));
#3102 = SURFACE_CURVE('',#3103,(#3107,#3114),.PCURVE_S1.);
#3103 = LINE('',#3104,#3105);
#3104 = CARTESIAN_POINT('',(279.62257571155,13.4,0.));
#3105 = VECTOR('',#3106,1.);
#3106 = DIRECTION('',(0.,0.,1.));
#3107 = PCURVE('',#902,#3108);
#3108 = DEFINITIONAL_REPRESENTATION('',(#3109),#3113);
#3109 = LINE('',#3110,#3111);
#3110 = CARTESIAN_POINT('',(0.,0.));
#3111 = VECTOR('',#3112,1.);
#3112 = DIRECTION('',(0.,-1.));
#3113 = ( GEOMETRIC_REPRESENTATION_CONTEXT(2) 
PARAMETRIC_REPRESENTATION_CONTEXT() REPRESENTATION_CONTEXT('2D SPACE',''
  ) );
#3114 = PCURVE('',#930,#3115);
#3115 = DEFINITIONAL_REPRESENTATION('',(#3116),#3120);
#3116 = LINE('',#3117,#3118);
#3117 = CARTESIAN_POINT('',(14.54922678358,0.));
#3118 = VECTOR('',#3119,1.);
#3119 = DIRECTION('',(0.,-1.));
#3120 = ( GEOMETRIC_REPRESENTATION_CONTEXT(2) 
PARAMETRIC_REPRESENTATION_CONTEXT() REPRESENTATION_CONTEXT('2D SPACE',''
  ) );
#3121 = ORIENTED_EDGE('',*,*,#3122,.T.);
#3122 = EDGE_CURVE('',#3100,#3029,#3123,.T.);
#3123 = SURFACE_CURVE('',#3124,(#3128,#3135),.PCURVE_S1.);
#3124 = LINE('',#3125,#3126);
#3125 = CARTESIAN_POINT('',(241.7685686449,-52.16506350947,12.7));
#3126 = VECTOR('',#3127,1.);
#3127 = DIRECTION('',(0.5,0.866025403784,-0.));
#3128 = PCURVE('',#902,#3129);
#3129 = DEFINITIONAL_REPRESENTATION('',(#3130),#3134);
#3130 = LINE('',#3131,#3132);
#3131 = CARTESIAN_POINT('',(-75.70801413326,-12.7));
#3132 = VECTOR('',#3133,1.);
#3133 = DIRECTION('',(1.,0.));
#3134 = ( GEOMETRIC_REPRESENTATION_CONTEXT(2) 
PARAMETRIC_REPRESENTATION_CONTEXT() REPRESENTATION_CONTEXT('2D SPACE',''
  ) );
#3135 = PCURVE('',#2235,#3136);
#3136 = DEFINITIONAL_REPRESENTATION('',(#3137),#3141);
#3137 = LINE('',#3138,#3139);
#3138 = CARTESIAN_POINT('',(241.7685686449,-52.16506350947));
#3139 = VECTOR('',#3140,1.);
#3140 = DIRECTION('',(0.5,0.866025403784));
#3141 = ( GEOMETRIC_REPRESENTATION_CONTEXT(2) 
PARAMETRIC_REPRESENTATION_CONTEXT() REPRESENTATION_CONTEXT('2D SPACE',''
  ) );
#3142 = ORIENTED_EDGE('',*,*,#3028,.F.);
#3143 = ADVANCED_FACE('',(#3144),#1012,.T.);
#3144 = FACE_BOUND('',#3145,.T.);
#3145 = EDGE_LOOP('',(#3146,#3147,#3148,#3171));
#3146 = ORIENTED_EDGE('',*,*,#998,.F.);
#3147 = ORIENTED_EDGE('',*,*,#3074,.T.);
#3148 = ORIENTED_EDGE('',*,*,#3149,.T.);
#3149 = EDGE_CURVE('',#3052,#3150,#3152,.T.);
#3150 = VERTEX_POINT('',#3151);
#3151 = CARTESIAN_POINT('',(265.07334892797,38.6,12.7));
#3152 = SURFACE_CURVE('',#3153,(#3157,#3164),.PCURVE_S1.);
#3153 = LINE('',#3154,#3155);
#3154 = CARTESIAN_POINT('',(139.81128785577,38.6,12.7));
#3155 = VECTOR('',#3156,1.);
#3156 = DIRECTION('',(-1.,0.,0.));
#3157 = PCURVE('',#1012,#3158);
#3158 = DEFINITIONAL_REPRESENTATION('',(#3159),#3163);
#3159 = LINE('',#3160,#3161);
#3160 = CARTESIAN_POINT('',(139.81128785578,-12.7));
#3161 = VECTOR('',#3162,1.);
#3162 = DIRECTION('',(1.,0.));
#3163 = ( GEOMETRIC_REPRESENTATION_CONTEXT(2) 
PARAMETRIC_REPRESENTATION_CONTEXT() REPRESENTATION_CONTEXT('2D SPACE',''
  ) );
#3164 = PCURVE('',#2235,#3165);
#3165 = DEFINITIONAL_REPRESENTATION('',(#3166),#3170);
#3166 = LINE('',#3167,#3168);
#3167 = CARTESIAN_POINT('',(139.81128785577,38.6));
#3168 = VECTOR('',#3169,1.);
#3169 = DIRECTION('',(-1.,0.));
#3170 = ( GEOMETRIC_REPRESENTATION_CONTEXT(2) 
PARAMETRIC_REPRESENTATION_CONTEXT() REPRESENTATION_CONTEXT('2D SPACE',''
  ) );
#3171 = ORIENTED_EDGE('',*,*,#3172,.F.);
#3172 = EDGE_CURVE('',#971,#3150,#3173,.T.);
#3173 = SURFACE_CURVE('',#3174,(#3178,#3185),.PCURVE_S1.);
#3174 = LINE('',#3175,#3176);
#3175 = CARTESIAN_POINT('',(265.07334892797,38.6,0.));
#3176 = VECTOR('',#3177,1.);
#3177 = DIRECTION('',(0.,0.,1.));
#3178 = PCURVE('',#1012,#3179);
#3179 = DEFINITIONAL_REPRESENTATION('',(#3180),#3184);
#3180 = LINE('',#3181,#3182);
#3181 = CARTESIAN_POINT('',(14.54922678358,0.));
#3182 = VECTOR('',#3183,1.);
#3183 = DIRECTION('',(0.,-1.));
#3184 = ( GEOMETRIC_REPRESENTATION_CONTEXT(2) 
PARAMETRIC_REPRESENTATION_CONTEXT() REPRESENTATION_CONTEXT('2D SPACE',''
  ) );
#3185 = PCURVE('',#986,#3186);
#3186 = DEFINITIONAL_REPRESENTATION('',(#3187),#3191);
#3187 = LINE('',#3188,#3189);
#3188 = CARTESIAN_POINT('',(0.,0.));
#3189 = VECTOR('',#3190,1.);
#3190 = DIRECTION('',(0.,-1.));
#3191 = ( GEOMETRIC_REPRESENTATION_CONTEXT(2) 
PARAMETRIC_REPRESENTATION_CONTEXT() REPRESENTATION_CONTEXT('2D SPACE',''
  ) );
#3192 = ADVANCED_FACE('',(#3193),#930,.T.);
#3193 = FACE_BOUND('',#3194,.T.);
#3194 = EDGE_LOOP('',(#3195,#3196,#3219,#3240));
#3195 = ORIENTED_EDGE('',*,*,#914,.F.);
#3196 = ORIENTED_EDGE('',*,*,#3197,.T.);
#3197 = EDGE_CURVE('',#915,#3198,#3200,.T.);
#3198 = VERTEX_POINT('',#3199);
#3199 = CARTESIAN_POINT('',(265.07334892797,13.4,12.7));
#3200 = SURFACE_CURVE('',#3201,(#3205,#3212),.PCURVE_S1.);
#3201 = LINE('',#3202,#3203);
#3202 = CARTESIAN_POINT('',(265.07334892797,13.4,0.));
#3203 = VECTOR('',#3204,1.);
#3204 = DIRECTION('',(0.,0.,1.));
#3205 = PCURVE('',#930,#3206);
#3206 = DEFINITIONAL_REPRESENTATION('',(#3207),#3211);
#3207 = LINE('',#3208,#3209);
#3208 = CARTESIAN_POINT('',(0.,0.));
#3209 = VECTOR('',#3210,1.);
#3210 = DIRECTION('',(0.,-1.));
#3211 = ( GEOMETRIC_REPRESENTATION_CONTEXT(2) 
PARAMETRIC_REPRESENTATION_CONTEXT() REPRESENTATION_CONTEXT('2D SPACE',''
  ) );
#3212 = PCURVE('',#958,#3213);
#3213 = DEFINITIONAL_REPRESENTATION('',(#3214),#3218);
#3214 = LINE('',#3215,#3216);
#3215 = CARTESIAN_POINT('',(14.549226783579,0.));
#3216 = VECTOR('',#3217,1.);
#3217 = DIRECTION('',(0.,-1.));
#3218 = ( GEOMETRIC_REPRESENTATION_CONTEXT(2) 
PARAMETRIC_REPRESENTATION_CONTEXT() REPRESENTATION_CONTEXT('2D SPACE',''
  ) );
#3219 = ORIENTED_EDGE('',*,*,#3220,.T.);
#3220 = EDGE_CURVE('',#3198,#3100,#3221,.T.);
#3221 = SURFACE_CURVE('',#3222,(#3226,#3233),.PCURVE_S1.);
#3222 = LINE('',#3223,#3224);
#3223 = CARTESIAN_POINT('',(132.53667446398,13.4,12.7));
#3224 = VECTOR('',#3225,1.);
#3225 = DIRECTION('',(1.,-2.441857379535E-16,0.));
#3226 = PCURVE('',#930,#3227);
#3227 = DEFINITIONAL_REPRESENTATION('',(#3228),#3232);
#3228 = LINE('',#3229,#3230);
#3229 = CARTESIAN_POINT('',(-132.5366744639,-12.7));
#3230 = VECTOR('',#3231,1.);
#3231 = DIRECTION('',(1.,0.));
#3232 = ( GEOMETRIC_REPRESENTATION_CONTEXT(2) 
PARAMETRIC_REPRESENTATION_CONTEXT() REPRESENTATION_CONTEXT('2D SPACE',''
  ) );
#3233 = PCURVE('',#2235,#3234);
#3234 = DEFINITIONAL_REPRESENTATION('',(#3235),#3239);
#3235 = LINE('',#3236,#3237);
#3236 = CARTESIAN_POINT('',(132.53667446398,13.4));
#3237 = VECTOR('',#3238,1.);
#3238 = DIRECTION('',(1.,-2.441857379535E-16));
#3239 = ( GEOMETRIC_REPRESENTATION_CONTEXT(2) 
PARAMETRIC_REPRESENTATION_CONTEXT() REPRESENTATION_CONTEXT('2D SPACE',''
  ) );
#3240 = ORIENTED_EDGE('',*,*,#3099,.F.);
#3241 = ADVANCED_FACE('',(#3242),#986,.T.);
#3242 = FACE_BOUND('',#3243,.T.);
#3243 = EDGE_LOOP('',(#3244,#3245,#3246,#3269));
#3244 = ORIENTED_EDGE('',*,*,#970,.F.);
#3245 = ORIENTED_EDGE('',*,*,#3172,.T.);
#3246 = ORIENTED_EDGE('',*,*,#3247,.T.);
#3247 = EDGE_CURVE('',#3150,#3248,#3250,.T.);
#3248 = VERTEX_POINT('',#3249);
#3249 = CARTESIAN_POINT('',(257.79873553618,26.,12.7));
#3250 = SURFACE_CURVE('',#3251,(#3255,#3262),.PCURVE_S1.);
#3251 = LINE('',#3252,#3253);
#3252 = CARTESIAN_POINT('',(223.58203516542,-33.26506350947,12.7));
#3253 = VECTOR('',#3254,1.);
#3254 = DIRECTION('',(-0.5,-0.866025403784,0.));
#3255 = PCURVE('',#986,#3256);
#3256 = DEFINITIONAL_REPRESENTATION('',(#3257),#3261);
#3257 = LINE('',#3258,#3259);
#3258 = CARTESIAN_POINT('',(82.982627525058,-12.7));
#3259 = VECTOR('',#3260,1.);
#3260 = DIRECTION('',(1.,0.));
#3261 = ( GEOMETRIC_REPRESENTATION_CONTEXT(2) 
PARAMETRIC_REPRESENTATION_CONTEXT() REPRESENTATION_CONTEXT('2D SPACE',''
  ) );
#3262 = PCURVE('',#2235,#3263);
#3263 = DEFINITIONAL_REPRESENTATION('',(#3264),#3268);
#3264 = LINE('',#3265,#3266);
#3265 = CARTESIAN_POINT('',(223.58203516542,-33.26506350947));
#3266 = VECTOR('',#3267,1.);
#3267 = DIRECTION('',(-0.5,-0.866025403784));
#3268 = ( GEOMETRIC_REPRESENTATION_CONTEXT(2) 
PARAMETRIC_REPRESENTATION_CONTEXT() REPRESENTATION_CONTEXT('2D SPACE',''
  ) );
#3269 = ORIENTED_EDGE('',*,*,#3270,.F.);
#3270 = EDGE_CURVE('',#943,#3248,#3271,.T.);
#3271 = SURFACE_CURVE('',#3272,(#3276,#3283),.PCURVE_S1.);
#3272 = LINE('',#3273,#3274);
#3273 = CARTESIAN_POINT('',(257.79873553618,26.,0.));
#3274 = VECTOR('',#3275,1.);
#3275 = DIRECTION('',(0.,0.,1.));
#3276 = PCURVE('',#986,#3277);
#3277 = DEFINITIONAL_REPRESENTATION('',(#3278),#3282);
#3278 = LINE('',#3279,#3280);
#3279 = CARTESIAN_POINT('',(14.549226783579,0.));
#3280 = VECTOR('',#3281,1.);
#3281 = DIRECTION('',(0.,-1.));
#3282 = ( GEOMETRIC_REPRESENTATION_CONTEXT(2) 
PARAMETRIC_REPRESENTATION_CONTEXT() REPRESENTATION_CONTEXT('2D SPACE',''
  ) );
#3283 = PCURVE('',#958,#3284);
#3284 = DEFINITIONAL_REPRESENTATION('',(#3285),#3289);
#3285 = LINE('',#3286,#3287);
#3286 = CARTESIAN_POINT('',(0.,0.));
#3287 = VECTOR('',#3288,1.);
#3288 = DIRECTION('',(0.,-1.));
#3289 = ( GEOMETRIC_REPRESENTATION_CONTEXT(2) 
PARAMETRIC_REPRESENTATION_CONTEXT() REPRESENTATION_CONTEXT('2D SPACE',''
  ) );
#3290 = ADVANCED_FACE('',(#3291),#958,.T.);
#3291 = FACE_BOUND('',#3292,.T.);
#3292 = EDGE_LOOP('',(#3293,#3294,#3295,#3316));
#3293 = ORIENTED_EDGE('',*,*,#942,.F.);
#3294 = ORIENTED_EDGE('',*,*,#3270,.T.);
#3295 = ORIENTED_EDGE('',*,*,#3296,.T.);
#3296 = EDGE_CURVE('',#3248,#3198,#3297,.T.);
#3297 = SURFACE_CURVE('',#3298,(#3302,#3309),.PCURVE_S1.);
#3298 = LINE('',#3299,#3300);
#3299 = CARTESIAN_POINT('',(231.20305871873,72.065063509476,12.7));
#3300 = VECTOR('',#3301,1.);
#3301 = DIRECTION('',(0.5,-0.866025403784,0.));
#3302 = PCURVE('',#958,#3303);
#3303 = DEFINITIONAL_REPRESENTATION('',(#3304),#3308);
#3304 = LINE('',#3305,#3306);
#3305 = CARTESIAN_POINT('',(-53.19135363487,-12.7));
#3306 = VECTOR('',#3307,1.);
#3307 = DIRECTION('',(1.,0.));
#3308 = ( GEOMETRIC_REPRESENTATION_CONTEXT(2) 
PARAMETRIC_REPRESENTATION_CONTEXT() REPRESENTATION_CONTEXT('2D SPACE',''
  ) );
#3309 = PCURVE('',#2235,#3310);
#3310 = DEFINITIONAL_REPRESENTATION('',(#3311),#3315);
#3311 = LINE('',#3312,#3313);
#3312 = CARTESIAN_POINT('',(231.20305871873,72.065063509476));
#3313 = VECTOR('',#3314,1.);
#3314 = DIRECTION('',(0.5,-0.866025403784));
#3315 = ( GEOMETRIC_REPRESENTATION_CONTEXT(2) 
PARAMETRIC_REPRESENTATION_CONTEXT() REPRESENTATION_CONTEXT('2D SPACE',''
  ) );
#3316 = ORIENTED_EDGE('',*,*,#3197,.F.);
#3317 = ADVANCED_FACE('',(#3318),#1044,.T.);
#3318 = FACE_BOUND('',#3319,.T.);
#3319 = EDGE_LOOP('',(#3320,#3321,#3344,#3367));
#3320 = ORIENTED_EDGE('',*,*,#1026,.F.);
#3321 = ORIENTED_EDGE('',*,*,#3322,.T.);
#3322 = EDGE_CURVE('',#1027,#3323,#3325,.T.);
#3323 = VERTEX_POINT('',#3324);
#3324 = CARTESIAN_POINT('',(347.86537752976,26.,12.7));
#3325 = SURFACE_CURVE('',#3326,(#3330,#3337),.PCURVE_S1.);
#3326 = LINE('',#3327,#3328);
#3327 = CARTESIAN_POINT('',(347.86537752976,26.,0.));
#3328 = VECTOR('',#3329,1.);
#3329 = DIRECTION('',(0.,0.,1.));
#3330 = PCURVE('',#1044,#3331);
#3331 = DEFINITIONAL_REPRESENTATION('',(#3332),#3336);
#3332 = LINE('',#3333,#3334);
#3333 = CARTESIAN_POINT('',(0.,0.));
#3334 = VECTOR('',#3335,1.);
#3335 = DIRECTION('',(0.,-1.));
#3336 = ( GEOMETRIC_REPRESENTATION_CONTEXT(2) 
PARAMETRIC_REPRESENTATION_CONTEXT() REPRESENTATION_CONTEXT('2D SPACE',''
  ) );
#3337 = PCURVE('',#1072,#3338);
#3338 = DEFINITIONAL_REPRESENTATION('',(#3339),#3343);
#3339 = LINE('',#3340,#3341);
#3340 = CARTESIAN_POINT('',(14.549226783574,0.));
#3341 = VECTOR('',#3342,1.);
#3342 = DIRECTION('',(0.,-1.));
#3343 = ( GEOMETRIC_REPRESENTATION_CONTEXT(2) 
PARAMETRIC_REPRESENTATION_CONTEXT() REPRESENTATION_CONTEXT('2D SPACE',''
  ) );
#3344 = ORIENTED_EDGE('',*,*,#3345,.T.);
#3345 = EDGE_CURVE('',#3323,#3346,#3348,.T.);
#3346 = VERTEX_POINT('',#3347);
#3347 = CARTESIAN_POINT('',(340.59076413798,38.6,12.7));
#3348 = SURFACE_CURVE('',#3349,(#3353,#3360),.PCURVE_S1.);
#3349 = LINE('',#3350,#3351);
#3350 = CARTESIAN_POINT('',(310.0113704631,91.565063509481,12.7));
#3351 = VECTOR('',#3352,1.);
#3352 = DIRECTION('',(-0.5,0.866025403784,0.));
#3353 = PCURVE('',#1044,#3354);
#3354 = DEFINITIONAL_REPRESENTATION('',(#3355),#3359);
#3355 = LINE('',#3356,#3357);
#3356 = CARTESIAN_POINT('',(75.708014133281,-12.7));
#3357 = VECTOR('',#3358,1.);
#3358 = DIRECTION('',(1.,0.));
#3359 = ( GEOMETRIC_REPRESENTATION_CONTEXT(2) 
PARAMETRIC_REPRESENTATION_CONTEXT() REPRESENTATION_CONTEXT('2D SPACE',''
  ) );
#3360 = PCURVE('',#2235,#3361);
#3361 = DEFINITIONAL_REPRESENTATION('',(#3362),#3366);
#3362 = LINE('',#3363,#3364);
#3363 = CARTESIAN_POINT('',(310.0113704631,91.565063509481));
#3364 = VECTOR('',#3365,1.);
#3365 = DIRECTION('',(-0.5,0.866025403784));
#3366 = ( GEOMETRIC_REPRESENTATION_CONTEXT(2) 
PARAMETRIC_REPRESENTATION_CONTEXT() REPRESENTATION_CONTEXT('2D SPACE',''
  ) );
#3367 = ORIENTED_EDGE('',*,*,#3368,.F.);
#3368 = EDGE_CURVE('',#1029,#3346,#3369,.T.);
#3369 = SURFACE_CURVE('',#3370,(#3374,#3381),.PCURVE_S1.);
#3370 = LINE('',#3371,#3372);
#3371 = CARTESIAN_POINT('',(340.59076413798,38.6,0.));
#3372 = VECTOR('',#3373,1.);
#3373 = DIRECTION('',(0.,0.,1.));
#3374 = PCURVE('',#1044,#3375);
#3375 = DEFINITIONAL_REPRESENTATION('',(#3376),#3380);
#3376 = LINE('',#3377,#3378);
#3377 = CARTESIAN_POINT('',(14.549226783574,0.));
#3378 = VECTOR('',#3379,1.);
#3379 = DIRECTION('',(0.,-1.));
#3380 = ( GEOMETRIC_REPRESENTATION_CONTEXT(2) 
PARAMETRIC_REPRESENTATION_CONTEXT() REPRESENTATION_CONTEXT('2D SPACE',''
  ) );
#3381 = PCURVE('',#1182,#3382);
#3382 = DEFINITIONAL_REPRESENTATION('',(#3383),#3387);
#3383 = LINE('',#3384,#3385);
#3384 = CARTESIAN_POINT('',(0.,-0.));
#3385 = VECTOR('',#3386,1.);
#3386 = DIRECTION('',(0.,-1.));
#3387 = ( GEOMETRIC_REPRESENTATION_CONTEXT(2) 
PARAMETRIC_REPRESENTATION_CONTEXT() REPRESENTATION_CONTEXT('2D SPACE',''
  ) );
#3388 = ADVANCED_FACE('',(#3389),#1072,.T.);
#3389 = FACE_BOUND('',#3390,.T.);
#3390 = EDGE_LOOP('',(#3391,#3392,#3415,#3436));
#3391 = ORIENTED_EDGE('',*,*,#1056,.F.);
#3392 = ORIENTED_EDGE('',*,*,#3393,.T.);
#3393 = EDGE_CURVE('',#1057,#3394,#3396,.T.);
#3394 = VERTEX_POINT('',#3395);
#3395 = CARTESIAN_POINT('',(340.59076413798,13.4,12.7));
#3396 = SURFACE_CURVE('',#3397,(#3401,#3408),.PCURVE_S1.);
#3397 = LINE('',#3398,#3399);
#3398 = CARTESIAN_POINT('',(340.59076413798,13.4,0.));
#3399 = VECTOR('',#3400,1.);
#3400 = DIRECTION('',(0.,0.,1.));
#3401 = PCURVE('',#1072,#3402);
#3402 = DEFINITIONAL_REPRESENTATION('',(#3403),#3407);
#3403 = LINE('',#3404,#3405);
#3404 = CARTESIAN_POINT('',(0.,0.));
#3405 = VECTOR('',#3406,1.);
#3406 = DIRECTION('',(0.,-1.));
#3407 = ( GEOMETRIC_REPRESENTATION_CONTEXT(2) 
PARAMETRIC_REPRESENTATION_CONTEXT() REPRESENTATION_CONTEXT('2D SPACE',''
  ) );
#3408 = PCURVE('',#1100,#3409);
#3409 = DEFINITIONAL_REPRESENTATION('',(#3410),#3414);
#3410 = LINE('',#3411,#3412);
#3411 = CARTESIAN_POINT('',(14.54922678358,0.));
#3412 = VECTOR('',#3413,1.);
#3413 = DIRECTION('',(0.,-1.));
#3414 = ( GEOMETRIC_REPRESENTATION_CONTEXT(2) 
PARAMETRIC_REPRESENTATION_CONTEXT() REPRESENTATION_CONTEXT('2D SPACE',''
  ) );
#3415 = ORIENTED_EDGE('',*,*,#3416,.T.);
#3416 = EDGE_CURVE('',#3394,#3323,#3417,.T.);
#3417 = SURFACE_CURVE('',#3418,(#3422,#3429),.PCURVE_S1.);
#3418 = LINE('',#3419,#3420);
#3419 = CARTESIAN_POINT('',(295.11573351802,-65.36506350947,12.7));
#3420 = VECTOR('',#3421,1.);
#3421 = DIRECTION('',(0.5,0.866025403784,-0.));
#3422 = PCURVE('',#1072,#3423);
#3423 = DEFINITIONAL_REPRESENTATION('',(#3424),#3428);
#3424 = LINE('',#3425,#3426);
#3425 = CARTESIAN_POINT('',(-90.95006123987,-12.7));
#3426 = VECTOR('',#3427,1.);
#3427 = DIRECTION('',(1.,0.));
#3428 = ( GEOMETRIC_REPRESENTATION_CONTEXT(2) 
PARAMETRIC_REPRESENTATION_CONTEXT() REPRESENTATION_CONTEXT('2D SPACE',''
  ) );
#3429 = PCURVE('',#2235,#3430);
#3430 = DEFINITIONAL_REPRESENTATION('',(#3431),#3435);
#3431 = LINE('',#3432,#3433);
#3432 = CARTESIAN_POINT('',(295.11573351802,-65.36506350947));
#3433 = VECTOR('',#3434,1.);
#3434 = DIRECTION('',(0.5,0.866025403784));
#3435 = ( GEOMETRIC_REPRESENTATION_CONTEXT(2) 
PARAMETRIC_REPRESENTATION_CONTEXT() REPRESENTATION_CONTEXT('2D SPACE',''
  ) );
#3436 = ORIENTED_EDGE('',*,*,#3322,.F.);
#3437 = ADVANCED_FACE('',(#3438),#1182,.T.);
#3438 = FACE_BOUND('',#3439,.T.);
#3439 = EDGE_LOOP('',(#3440,#3441,#3442,#3465));
#3440 = ORIENTED_EDGE('',*,*,#1168,.F.);
#3441 = ORIENTED_EDGE('',*,*,#3368,.T.);
#3442 = ORIENTED_EDGE('',*,*,#3443,.T.);
#3443 = EDGE_CURVE('',#3346,#3444,#3446,.T.);
#3444 = VERTEX_POINT('',#3445);
#3445 = CARTESIAN_POINT('',(326.0415373544,38.6,12.7));
#3446 = SURFACE_CURVE('',#3447,(#3451,#3458),.PCURVE_S1.);
#3447 = LINE('',#3448,#3449);
#3448 = CARTESIAN_POINT('',(170.29538206899,38.6,12.7));
#3449 = VECTOR('',#3450,1.);
#3450 = DIRECTION('',(-1.,0.,0.));
#3451 = PCURVE('',#1182,#3452);
#3452 = DEFINITIONAL_REPRESENTATION('',(#3453),#3457);
#3453 = LINE('',#3454,#3455);
#3454 = CARTESIAN_POINT('',(170.29538206899,-12.7));
#3455 = VECTOR('',#3456,1.);
#3456 = DIRECTION('',(1.,0.));
#3457 = ( GEOMETRIC_REPRESENTATION_CONTEXT(2) 
PARAMETRIC_REPRESENTATION_CONTEXT() REPRESENTATION_CONTEXT('2D SPACE',''
  ) );
#3458 = PCURVE('',#2235,#3459);
#3459 = DEFINITIONAL_REPRESENTATION('',(#3460),#3464);
#3460 = LINE('',#3461,#3462);
#3461 = CARTESIAN_POINT('',(170.29538206899,38.6));
#3462 = VECTOR('',#3463,1.);
#3463 = DIRECTION('',(-1.,0.));
#3464 = ( GEOMETRIC_REPRESENTATION_CONTEXT(2) 
PARAMETRIC_REPRESENTATION_CONTEXT() REPRESENTATION_CONTEXT('2D SPACE',''
  ) );
#3465 = ORIENTED_EDGE('',*,*,#3466,.F.);
#3466 = EDGE_CURVE('',#1141,#3444,#3467,.T.);
#3467 = SURFACE_CURVE('',#3468,(#3472,#3479),.PCURVE_S1.);
#3468 = LINE('',#3469,#3470);
#3469 = CARTESIAN_POINT('',(326.0415373544,38.6,0.));
#3470 = VECTOR('',#3471,1.);
#3471 = DIRECTION('',(0.,0.,1.));
#3472 = PCURVE('',#1182,#3473);
#3473 = DEFINITIONAL_REPRESENTATION('',(#3474),#3478);
#3474 = LINE('',#3475,#3476);
#3475 = CARTESIAN_POINT('',(14.54922678358,0.));
#3476 = VECTOR('',#3477,1.);
#3477 = DIRECTION('',(0.,-1.));
#3478 = ( GEOMETRIC_REPRESENTATION_CONTEXT(2) 
PARAMETRIC_REPRESENTATION_CONTEXT() REPRESENTATION_CONTEXT('2D SPACE',''
  ) );
#3479 = PCURVE('',#1156,#3480);
#3480 = DEFINITIONAL_REPRESENTATION('',(#3481),#3485);
#3481 = LINE('',#3482,#3483);
#3482 = CARTESIAN_POINT('',(0.,0.));
#3483 = VECTOR('',#3484,1.);
#3484 = DIRECTION('',(0.,-1.));
#3485 = ( GEOMETRIC_REPRESENTATION_CONTEXT(2) 
PARAMETRIC_REPRESENTATION_CONTEXT() REPRESENTATION_CONTEXT('2D SPACE',''
  ) );
#3486 = ADVANCED_FACE('',(#3487),#1100,.T.);
#3487 = FACE_BOUND('',#3488,.T.);
#3488 = EDGE_LOOP('',(#3489,#3490,#3513,#3534));
#3489 = ORIENTED_EDGE('',*,*,#1084,.F.);
#3490 = ORIENTED_EDGE('',*,*,#3491,.T.);
#3491 = EDGE_CURVE('',#1085,#3492,#3494,.T.);
#3492 = VERTEX_POINT('',#3493);
#3493 = CARTESIAN_POINT('',(326.0415373544,13.4,12.7));
#3494 = SURFACE_CURVE('',#3495,(#3499,#3506),.PCURVE_S1.);
#3495 = LINE('',#3496,#3497);
#3496 = CARTESIAN_POINT('',(326.0415373544,13.4,0.));
#3497 = VECTOR('',#3498,1.);
#3498 = DIRECTION('',(0.,0.,1.));
#3499 = PCURVE('',#1100,#3500);
#3500 = DEFINITIONAL_REPRESENTATION('',(#3501),#3505);
#3501 = LINE('',#3502,#3503);
#3502 = CARTESIAN_POINT('',(0.,0.));
#3503 = VECTOR('',#3504,1.);
#3504 = DIRECTION('',(0.,-1.));
#3505 = ( GEOMETRIC_REPRESENTATION_CONTEXT(2) 
PARAMETRIC_REPRESENTATION_CONTEXT() REPRESENTATION_CONTEXT('2D SPACE',''
  ) );
#3506 = PCURVE('',#1128,#3507);
#3507 = DEFINITIONAL_REPRESENTATION('',(#3508),#3512);
#3508 = LINE('',#3509,#3510);
#3509 = CARTESIAN_POINT('',(14.549226783579,0.));
#3510 = VECTOR('',#3511,1.);
#3511 = DIRECTION('',(0.,-1.));
#3512 = ( GEOMETRIC_REPRESENTATION_CONTEXT(2) 
PARAMETRIC_REPRESENTATION_CONTEXT() REPRESENTATION_CONTEXT('2D SPACE',''
  ) );
#3513 = ORIENTED_EDGE('',*,*,#3514,.T.);
#3514 = EDGE_CURVE('',#3492,#3394,#3515,.T.);
#3515 = SURFACE_CURVE('',#3516,(#3520,#3527),.PCURVE_S1.);
#3516 = LINE('',#3517,#3518);
#3517 = CARTESIAN_POINT('',(163.0207686772,13.4,12.7));
#3518 = VECTOR('',#3519,1.);
#3519 = DIRECTION('',(1.,-2.441857379535E-16,0.));
#3520 = PCURVE('',#1100,#3521);
#3521 = DEFINITIONAL_REPRESENTATION('',(#3522),#3526);
#3522 = LINE('',#3523,#3524);
#3523 = CARTESIAN_POINT('',(-163.0207686772,-12.7));
#3524 = VECTOR('',#3525,1.);
#3525 = DIRECTION('',(1.,0.));
#3526 = ( GEOMETRIC_REPRESENTATION_CONTEXT(2) 
PARAMETRIC_REPRESENTATION_CONTEXT() REPRESENTATION_CONTEXT('2D SPACE',''
  ) );
#3527 = PCURVE('',#2235,#3528);
#3528 = DEFINITIONAL_REPRESENTATION('',(#3529),#3533);
#3529 = LINE('',#3530,#3531);
#3530 = CARTESIAN_POINT('',(163.0207686772,13.4));
#3531 = VECTOR('',#3532,1.);
#3532 = DIRECTION('',(1.,-2.441857379535E-16));
#3533 = ( GEOMETRIC_REPRESENTATION_CONTEXT(2) 
PARAMETRIC_REPRESENTATION_CONTEXT() REPRESENTATION_CONTEXT('2D SPACE',''
  ) );
#3534 = ORIENTED_EDGE('',*,*,#3393,.F.);
#3535 = ADVANCED_FACE('',(#3536),#1156,.T.);
#3536 = FACE_BOUND('',#3537,.T.);
#3537 = EDGE_LOOP('',(#3538,#3539,#3540,#3563));
#3538 = ORIENTED_EDGE('',*,*,#1140,.F.);
#3539 = ORIENTED_EDGE('',*,*,#3466,.T.);
#3540 = ORIENTED_EDGE('',*,*,#3541,.T.);
#3541 = EDGE_CURVE('',#3444,#3542,#3544,.T.);
#3542 = VERTEX_POINT('',#3543);
#3543 = CARTESIAN_POINT('',(318.76692396261,26.,12.7));
#3544 = SURFACE_CURVE('',#3545,(#3549,#3556),.PCURVE_S1.);
#3545 = LINE('',#3546,#3547);
#3546 = CARTESIAN_POINT('',(276.92920003854,-46.46506350947,12.7));
#3547 = VECTOR('',#3548,1.);
#3548 = DIRECTION('',(-0.5,-0.866025403784,0.));
#3549 = PCURVE('',#1156,#3550);
#3550 = DEFINITIONAL_REPRESENTATION('',(#3551),#3555);
#3551 = LINE('',#3552,#3553);
#3552 = CARTESIAN_POINT('',(98.224674631668,-12.7));
#3553 = VECTOR('',#3554,1.);
#3554 = DIRECTION('',(1.,0.));
#3555 = ( GEOMETRIC_REPRESENTATION_CONTEXT(2) 
PARAMETRIC_REPRESENTATION_CONTEXT() REPRESENTATION_CONTEXT('2D SPACE',''
  ) );
#3556 = PCURVE('',#2235,#3557);
#3557 = DEFINITIONAL_REPRESENTATION('',(#3558),#3562);
#3558 = LINE('',#3559,#3560);
#3559 = CARTESIAN_POINT('',(276.92920003854,-46.46506350947));
#3560 = VECTOR('',#3561,1.);
#3561 = DIRECTION('',(-0.5,-0.866025403784));
#3562 = ( GEOMETRIC_REPRESENTATION_CONTEXT(2) 
PARAMETRIC_REPRESENTATION_CONTEXT() REPRESENTATION_CONTEXT('2D SPACE',''
  ) );
#3563 = ORIENTED_EDGE('',*,*,#3564,.F.);
#3564 = EDGE_CURVE('',#1113,#3542,#3565,.T.);
#3565 = SURFACE_CURVE('',#3566,(#3570,#3577),.PCURVE_S1.);
#3566 = LINE('',#3567,#3568);
#3567 = CARTESIAN_POINT('',(318.76692396261,26.,0.));
#3568 = VECTOR('',#3569,1.);
#3569 = DIRECTION('',(0.,0.,1.));
#3570 = PCURVE('',#1156,#3571);
#3571 = DEFINITIONAL_REPRESENTATION('',(#3572),#3576);
#3572 = LINE('',#3573,#3574);
#3573 = CARTESIAN_POINT('',(14.549226783579,0.));
#3574 = VECTOR('',#3575,1.);
#3575 = DIRECTION('',(0.,-1.));
#3576 = ( GEOMETRIC_REPRESENTATION_CONTEXT(2) 
PARAMETRIC_REPRESENTATION_CONTEXT() REPRESENTATION_CONTEXT('2D SPACE',''
  ) );
#3577 = PCURVE('',#1128,#3578);
#3578 = DEFINITIONAL_REPRESENTATION('',(#3579),#3583);
#3579 = LINE('',#3580,#3581);
#3580 = CARTESIAN_POINT('',(0.,0.));
#3581 = VECTOR('',#3582,1.);
#3582 = DIRECTION('',(0.,-1.));
#3583 = ( GEOMETRIC_REPRESENTATION_CONTEXT(2) 
PARAMETRIC_REPRESENTATION_CONTEXT() REPRESENTATION_CONTEXT('2D SPACE',''
  ) );
#3584 = ADVANCED_FACE('',(#3585),#1128,.T.);
#3585 = FACE_BOUND('',#3586,.T.);
#3586 = EDGE_LOOP('',(#3587,#3588,#3589,#3610));
#3587 = ORIENTED_EDGE('',*,*,#1112,.F.);
#3588 = ORIENTED_EDGE('',*,*,#3564,.T.);
#3589 = ORIENTED_EDGE('',*,*,#3590,.T.);
#3590 = EDGE_CURVE('',#3542,#3492,#3591,.T.);
#3591 = SURFACE_CURVE('',#3592,(#3596,#3603),.PCURVE_S1.);
#3592 = LINE('',#3593,#3594);
#3593 = CARTESIAN_POINT('',(284.55022359185,85.265063509481,12.7));
#3594 = VECTOR('',#3595,1.);
#3595 = DIRECTION('',(0.5,-0.866025403784,0.));
#3596 = PCURVE('',#1128,#3597);
#3597 = DEFINITIONAL_REPRESENTATION('',(#3598),#3602);
#3598 = LINE('',#3599,#3600);
#3599 = CARTESIAN_POINT('',(-68.43340074148,-12.7));
#3600 = VECTOR('',#3601,1.);
#3601 = DIRECTION('',(1.,0.));
#3602 = ( GEOMETRIC_REPRESENTATION_CONTEXT(2) 
PARAMETRIC_REPRESENTATION_CONTEXT() REPRESENTATION_CONTEXT('2D SPACE',''
  ) );
#3603 = PCURVE('',#2235,#3604);
#3604 = DEFINITIONAL_REPRESENTATION('',(#3605),#3609);
#3605 = LINE('',#3606,#3607);
#3606 = CARTESIAN_POINT('',(284.55022359185,85.265063509481));
#3607 = VECTOR('',#3608,1.);
#3608 = DIRECTION('',(0.5,-0.866025403784));
#3609 = ( GEOMETRIC_REPRESENTATION_CONTEXT(2) 
PARAMETRIC_REPRESENTATION_CONTEXT() REPRESENTATION_CONTEXT('2D SPACE',''
  ) );
#3610 = ORIENTED_EDGE('',*,*,#3491,.F.);
#3611 = ADVANCED_FACE('',(#3612),#1214,.T.);
#3612 = FACE_BOUND('',#3613,.T.);
#3613 = EDGE_LOOP('',(#3614,#3615,#3638,#3661));
#3614 = ORIENTED_EDGE('',*,*,#1196,.F.);
#3615 = ORIENTED_EDGE('',*,*,#3616,.T.);
#3616 = EDGE_CURVE('',#1197,#3617,#3619,.T.);
#3617 = VERTEX_POINT('',#3618);
#3618 = CARTESIAN_POINT('',(317.38128331655,43.6,12.7));
#3619 = SURFACE_CURVE('',#3620,(#3624,#3631),.PCURVE_S1.);
#3620 = LINE('',#3621,#3622);
#3621 = CARTESIAN_POINT('',(317.38128331655,43.6,0.));
#3622 = VECTOR('',#3623,1.);
#3623 = DIRECTION('',(0.,0.,1.));
#3624 = PCURVE('',#1214,#3625);
#3625 = DEFINITIONAL_REPRESENTATION('',(#3626),#3630);
#3626 = LINE('',#3627,#3628);
#3627 = CARTESIAN_POINT('',(0.,0.));
#3628 = VECTOR('',#3629,1.);
#3629 = DIRECTION('',(0.,-1.));
#3630 = ( GEOMETRIC_REPRESENTATION_CONTEXT(2) 
PARAMETRIC_REPRESENTATION_CONTEXT() REPRESENTATION_CONTEXT('2D SPACE',''
  ) );
#3631 = PCURVE('',#1242,#3632);
#3632 = DEFINITIONAL_REPRESENTATION('',(#3633),#3637);
#3633 = LINE('',#3634,#3635);
#3634 = CARTESIAN_POINT('',(14.549226783579,0.));
#3635 = VECTOR('',#3636,1.);
#3636 = DIRECTION('',(0.,-1.));
#3637 = ( GEOMETRIC_REPRESENTATION_CONTEXT(2) 
PARAMETRIC_REPRESENTATION_CONTEXT() REPRESENTATION_CONTEXT('2D SPACE',''
  ) );
#3638 = ORIENTED_EDGE('',*,*,#3639,.T.);
#3639 = EDGE_CURVE('',#3617,#3640,#3642,.T.);
#3640 = VERTEX_POINT('',#3641);
#3641 = CARTESIAN_POINT('',(310.10666992476,56.2,12.7));
#3642 = SURFACE_CURVE('',#3643,(#3647,#3654),.PCURVE_S1.);
#3643 = LINE('',#3644,#3645);
#3644 = CARTESIAN_POINT('',(287.1482998032,95.965063509481,12.7));
#3645 = VECTOR('',#3646,1.);
#3646 = DIRECTION('',(-0.5,0.866025403784,0.));
#3647 = PCURVE('',#1214,#3648);
#3648 = DEFINITIONAL_REPRESENTATION('',(#3649),#3653);
#3649 = LINE('',#3650,#3651);
#3650 = CARTESIAN_POINT('',(60.465967026671,-12.7));
#3651 = VECTOR('',#3652,1.);
#3652 = DIRECTION('',(1.,0.));
#3653 = ( GEOMETRIC_REPRESENTATION_CONTEXT(2) 
PARAMETRIC_REPRESENTATION_CONTEXT() REPRESENTATION_CONTEXT('2D SPACE',''
  ) );
#3654 = PCURVE('',#2235,#3655);
#3655 = DEFINITIONAL_REPRESENTATION('',(#3656),#3660);
#3656 = LINE('',#3657,#3658);
#3657 = CARTESIAN_POINT('',(287.1482998032,95.965063509481));
#3658 = VECTOR('',#3659,1.);
#3659 = DIRECTION('',(-0.5,0.866025403784));
#3660 = ( GEOMETRIC_REPRESENTATION_CONTEXT(2) 
PARAMETRIC_REPRESENTATION_CONTEXT() REPRESENTATION_CONTEXT('2D SPACE',''
  ) );
#3661 = ORIENTED_EDGE('',*,*,#3662,.F.);
#3662 = EDGE_CURVE('',#1199,#3640,#3663,.T.);
#3663 = SURFACE_CURVE('',#3664,(#3668,#3675),.PCURVE_S1.);
#3664 = LINE('',#3665,#3666);
#3665 = CARTESIAN_POINT('',(310.10666992476,56.2,0.));
#3666 = VECTOR('',#3667,1.);
#3667 = DIRECTION('',(0.,0.,1.));
#3668 = PCURVE('',#1214,#3669);
#3669 = DEFINITIONAL_REPRESENTATION('',(#3670),#3674);
#3670 = LINE('',#3671,#3672);
#3671 = CARTESIAN_POINT('',(14.549226783579,0.));
#3672 = VECTOR('',#3673,1.);
#3673 = DIRECTION('',(0.,-1.));
#3674 = ( GEOMETRIC_REPRESENTATION_CONTEXT(2) 
PARAMETRIC_REPRESENTATION_CONTEXT() REPRESENTATION_CONTEXT('2D SPACE',''
  ) );
#3675 = PCURVE('',#1352,#3676);
#3676 = DEFINITIONAL_REPRESENTATION('',(#3677),#3681);
#3677 = LINE('',#3678,#3679);
#3678 = CARTESIAN_POINT('',(0.,-0.));
#3679 = VECTOR('',#3680,1.);
#3680 = DIRECTION('',(0.,-1.));
#3681 = ( GEOMETRIC_REPRESENTATION_CONTEXT(2) 
PARAMETRIC_REPRESENTATION_CONTEXT() REPRESENTATION_CONTEXT('2D SPACE',''
  ) );
#3682 = ADVANCED_FACE('',(#3683),#1242,.T.);
#3683 = FACE_BOUND('',#3684,.T.);
#3684 = EDGE_LOOP('',(#3685,#3686,#3709,#3730));
#3685 = ORIENTED_EDGE('',*,*,#1226,.F.);
#3686 = ORIENTED_EDGE('',*,*,#3687,.T.);
#3687 = EDGE_CURVE('',#1227,#3688,#3690,.T.);
#3688 = VERTEX_POINT('',#3689);
#3689 = CARTESIAN_POINT('',(310.10666992476,31.,12.7));
#3690 = SURFACE_CURVE('',#3691,(#3695,#3702),.PCURVE_S1.);
#3691 = LINE('',#3692,#3693);
#3692 = CARTESIAN_POINT('',(310.10666992476,31.,0.));
#3693 = VECTOR('',#3694,1.);
#3694 = DIRECTION('',(0.,0.,1.));
#3695 = PCURVE('',#1242,#3696);
#3696 = DEFINITIONAL_REPRESENTATION('',(#3697),#3701);
#3697 = LINE('',#3698,#3699);
#3698 = CARTESIAN_POINT('',(0.,0.));
#3699 = VECTOR('',#3700,1.);
#3700 = DIRECTION('',(0.,-1.));
#3701 = ( GEOMETRIC_REPRESENTATION_CONTEXT(2) 
PARAMETRIC_REPRESENTATION_CONTEXT() REPRESENTATION_CONTEXT('2D SPACE',''
  ) );
#3702 = PCURVE('',#1270,#3703);
#3703 = DEFINITIONAL_REPRESENTATION('',(#3704),#3708);
#3704 = LINE('',#3705,#3706);
#3705 = CARTESIAN_POINT('',(14.54922678358,0.));
#3706 = VECTOR('',#3707,1.);
#3707 = DIRECTION('',(0.,-1.));
#3708 = ( GEOMETRIC_REPRESENTATION_CONTEXT(2) 
PARAMETRIC_REPRESENTATION_CONTEXT() REPRESENTATION_CONTEXT('2D SPACE',''
  ) );
#3709 = ORIENTED_EDGE('',*,*,#3710,.T.);
#3710 = EDGE_CURVE('',#3688,#3617,#3711,.T.);
#3711 = SURFACE_CURVE('',#3712,(#3716,#3723),.PCURVE_S1.);
#3712 = LINE('',#3713,#3714);
#3713 = CARTESIAN_POINT('',(264.6316393048,-47.76506350947,12.7));
#3714 = VECTOR('',#3715,1.);
#3715 = DIRECTION('',(0.5,0.866025403784,-0.));
#3716 = PCURVE('',#1242,#3717);
#3717 = DEFINITIONAL_REPRESENTATION('',(#3718),#3722);
#3718 = LINE('',#3719,#3720);
#3719 = CARTESIAN_POINT('',(-90.95006123987,-12.7));
#3720 = VECTOR('',#3721,1.);
#3721 = DIRECTION('',(1.,0.));
#3722 = ( GEOMETRIC_REPRESENTATION_CONTEXT(2) 
PARAMETRIC_REPRESENTATION_CONTEXT() REPRESENTATION_CONTEXT('2D SPACE',''
  ) );
#3723 = PCURVE('',#2235,#3724);
#3724 = DEFINITIONAL_REPRESENTATION('',(#3725),#3729);
#3725 = LINE('',#3726,#3727);
#3726 = CARTESIAN_POINT('',(264.6316393048,-47.76506350947));
#3727 = VECTOR('',#3728,1.);
#3728 = DIRECTION('',(0.5,0.866025403784));
#3729 = ( GEOMETRIC_REPRESENTATION_CONTEXT(2) 
PARAMETRIC_REPRESENTATION_CONTEXT() REPRESENTATION_CONTEXT('2D SPACE',''
  ) );
#3730 = ORIENTED_EDGE('',*,*,#3616,.F.);
#3731 = ADVANCED_FACE('',(#3732),#1352,.T.);
#3732 = FACE_BOUND('',#3733,.T.);
#3733 = EDGE_LOOP('',(#3734,#3735,#3736,#3759));
#3734 = ORIENTED_EDGE('',*,*,#1338,.F.);
#3735 = ORIENTED_EDGE('',*,*,#3662,.T.);
#3736 = ORIENTED_EDGE('',*,*,#3737,.T.);
#3737 = EDGE_CURVE('',#3640,#3738,#3740,.T.);
#3738 = VERTEX_POINT('',#3739);
#3739 = CARTESIAN_POINT('',(295.55744314118,56.2,12.7));
#3740 = SURFACE_CURVE('',#3741,(#3745,#3752),.PCURVE_S1.);
#3741 = LINE('',#3742,#3743);
#3742 = CARTESIAN_POINT('',(155.05333496238,56.2,12.7));
#3743 = VECTOR('',#3744,1.);
#3744 = DIRECTION('',(-1.,0.,0.));
#3745 = PCURVE('',#1352,#3746);
#3746 = DEFINITIONAL_REPRESENTATION('',(#3747),#3751);
#3747 = LINE('',#3748,#3749);
#3748 = CARTESIAN_POINT('',(155.05333496238,-12.7));
#3749 = VECTOR('',#3750,1.);
#3750 = DIRECTION('',(1.,0.));
#3751 = ( GEOMETRIC_REPRESENTATION_CONTEXT(2) 
PARAMETRIC_REPRESENTATION_CONTEXT() REPRESENTATION_CONTEXT('2D SPACE',''
  ) );
#3752 = PCURVE('',#2235,#3753);
#3753 = DEFINITIONAL_REPRESENTATION('',(#3754),#3758);
#3754 = LINE('',#3755,#3756);
#3755 = CARTESIAN_POINT('',(155.05333496238,56.2));
#3756 = VECTOR('',#3757,1.);
#3757 = DIRECTION('',(-1.,0.));
#3758 = ( GEOMETRIC_REPRESENTATION_CONTEXT(2) 
PARAMETRIC_REPRESENTATION_CONTEXT() REPRESENTATION_CONTEXT('2D SPACE',''
  ) );
#3759 = ORIENTED_EDGE('',*,*,#3760,.F.);
#3760 = EDGE_CURVE('',#1311,#3738,#3761,.T.);
#3761 = SURFACE_CURVE('',#3762,(#3766,#3773),.PCURVE_S1.);
#3762 = LINE('',#3763,#3764);
#3763 = CARTESIAN_POINT('',(295.55744314118,56.2,0.));
#3764 = VECTOR('',#3765,1.);
#3765 = DIRECTION('',(0.,0.,1.));
#3766 = PCURVE('',#1352,#3767);
#3767 = DEFINITIONAL_REPRESENTATION('',(#3768),#3772);
#3768 = LINE('',#3769,#3770);
#3769 = CARTESIAN_POINT('',(14.54922678358,0.));
#3770 = VECTOR('',#3771,1.);
#3771 = DIRECTION('',(0.,-1.));
#3772 = ( GEOMETRIC_REPRESENTATION_CONTEXT(2) 
PARAMETRIC_REPRESENTATION_CONTEXT() REPRESENTATION_CONTEXT('2D SPACE',''
  ) );
#3773 = PCURVE('',#1326,#3774);
#3774 = DEFINITIONAL_REPRESENTATION('',(#3775),#3779);
#3775 = LINE('',#3776,#3777);
#3776 = CARTESIAN_POINT('',(0.,0.));
#3777 = VECTOR('',#3778,1.);
#3778 = DIRECTION('',(0.,-1.));
#3779 = ( GEOMETRIC_REPRESENTATION_CONTEXT(2) 
PARAMETRIC_REPRESENTATION_CONTEXT() REPRESENTATION_CONTEXT('2D SPACE',''
  ) );
#3780 = ADVANCED_FACE('',(#3781),#1270,.T.);
#3781 = FACE_BOUND('',#3782,.T.);
#3782 = EDGE_LOOP('',(#3783,#3784,#3807,#3828));
#3783 = ORIENTED_EDGE('',*,*,#1254,.F.);
#3784 = ORIENTED_EDGE('',*,*,#3785,.T.);
#3785 = EDGE_CURVE('',#1255,#3786,#3788,.T.);
#3786 = VERTEX_POINT('',#3787);
#3787 = CARTESIAN_POINT('',(295.55744314118,31.,12.7));
#3788 = SURFACE_CURVE('',#3789,(#3793,#3800),.PCURVE_S1.);
#3789 = LINE('',#3790,#3791);
#3790 = CARTESIAN_POINT('',(295.55744314118,31.,0.));
#3791 = VECTOR('',#3792,1.);
#3792 = DIRECTION('',(0.,0.,1.));
#3793 = PCURVE('',#1270,#3794);
#3794 = DEFINITIONAL_REPRESENTATION('',(#3795),#3799);
#3795 = LINE('',#3796,#3797);
#3796 = CARTESIAN_POINT('',(0.,0.));
#3797 = VECTOR('',#3798,1.);
#3798 = DIRECTION('',(0.,-1.));
#3799 = ( GEOMETRIC_REPRESENTATION_CONTEXT(2) 
PARAMETRIC_REPRESENTATION_CONTEXT() REPRESENTATION_CONTEXT('2D SPACE',''
  ) );
#3800 = PCURVE('',#1298,#3801);
#3801 = DEFINITIONAL_REPRESENTATION('',(#3802),#3806);
#3802 = LINE('',#3803,#3804);
#3803 = CARTESIAN_POINT('',(14.549226783574,0.));
#3804 = VECTOR('',#3805,1.);
#3805 = DIRECTION('',(0.,-1.));
#3806 = ( GEOMETRIC_REPRESENTATION_CONTEXT(2) 
PARAMETRIC_REPRESENTATION_CONTEXT() REPRESENTATION_CONTEXT('2D SPACE',''
  ) );
#3807 = ORIENTED_EDGE('',*,*,#3808,.T.);
#3808 = EDGE_CURVE('',#3786,#3688,#3809,.T.);
#3809 = SURFACE_CURVE('',#3810,(#3814,#3821),.PCURVE_S1.);
#3810 = LINE('',#3811,#3812);
#3811 = CARTESIAN_POINT('',(147.77872157059,31.,12.7));
#3812 = VECTOR('',#3813,1.);
#3813 = DIRECTION('',(1.,-2.441857379535E-16,0.));
#3814 = PCURVE('',#1270,#3815);
#3815 = DEFINITIONAL_REPRESENTATION('',(#3816),#3820);
#3816 = LINE('',#3817,#3818);
#3817 = CARTESIAN_POINT('',(-147.7787215705,-12.7));
#3818 = VECTOR('',#3819,1.);
#3819 = DIRECTION('',(1.,0.));
#3820 = ( GEOMETRIC_REPRESENTATION_CONTEXT(2) 
PARAMETRIC_REPRESENTATION_CONTEXT() REPRESENTATION_CONTEXT('2D SPACE',''
  ) );
#3821 = PCURVE('',#2235,#3822);
#3822 = DEFINITIONAL_REPRESENTATION('',(#3823),#3827);
#3823 = LINE('',#3824,#3825);
#3824 = CARTESIAN_POINT('',(147.77872157059,31.));
#3825 = VECTOR('',#3826,1.);
#3826 = DIRECTION('',(1.,-2.441857379535E-16));
#3827 = ( GEOMETRIC_REPRESENTATION_CONTEXT(2) 
PARAMETRIC_REPRESENTATION_CONTEXT() REPRESENTATION_CONTEXT('2D SPACE',''
  ) );
#3828 = ORIENTED_EDGE('',*,*,#3687,.F.);
#3829 = ADVANCED_FACE('',(#3830),#1326,.T.);
#3830 = FACE_BOUND('',#3831,.T.);
#3831 = EDGE_LOOP('',(#3832,#3833,#3834,#3857));
#3832 = ORIENTED_EDGE('',*,*,#1310,.F.);
#3833 = ORIENTED_EDGE('',*,*,#3760,.T.);
#3834 = ORIENTED_EDGE('',*,*,#3835,.T.);
#3835 = EDGE_CURVE('',#3738,#3836,#3838,.T.);
#3836 = VERTEX_POINT('',#3837);
#3837 = CARTESIAN_POINT('',(288.2828297494,43.6,12.7));
#3838 = SURFACE_CURVE('',#3839,(#3843,#3850),.PCURVE_S1.);
#3839 = LINE('',#3840,#3841);
#3840 = CARTESIAN_POINT('',(246.44510582533,-28.86506350947,12.7));
#3841 = VECTOR('',#3842,1.);
#3842 = DIRECTION('',(-0.5,-0.866025403784,0.));
#3843 = PCURVE('',#1326,#3844);
#3844 = DEFINITIONAL_REPRESENTATION('',(#3845),#3849);
#3845 = LINE('',#3846,#3847);
#3846 = CARTESIAN_POINT('',(98.224674631663,-12.7));
#3847 = VECTOR('',#3848,1.);
#3848 = DIRECTION('',(1.,0.));
#3849 = ( GEOMETRIC_REPRESENTATION_CONTEXT(2) 
PARAMETRIC_REPRESENTATION_CONTEXT() REPRESENTATION_CONTEXT('2D SPACE',''
  ) );
#3850 = PCURVE('',#2235,#3851);
#3851 = DEFINITIONAL_REPRESENTATION('',(#3852),#3856);
#3852 = LINE('',#3853,#3854);
#3853 = CARTESIAN_POINT('',(246.44510582533,-28.86506350947));
#3854 = VECTOR('',#3855,1.);
#3855 = DIRECTION('',(-0.5,-0.866025403784));
#3856 = ( GEOMETRIC_REPRESENTATION_CONTEXT(2) 
PARAMETRIC_REPRESENTATION_CONTEXT() REPRESENTATION_CONTEXT('2D SPACE',''
  ) );
#3857 = ORIENTED_EDGE('',*,*,#3858,.F.);
#3858 = EDGE_CURVE('',#1283,#3836,#3859,.T.);
#3859 = SURFACE_CURVE('',#3860,(#3864,#3871),.PCURVE_S1.);
#3860 = LINE('',#3861,#3862);
#3861 = CARTESIAN_POINT('',(288.2828297494,43.6,0.));
#3862 = VECTOR('',#3863,1.);
#3863 = DIRECTION('',(0.,0.,1.));
#3864 = PCURVE('',#1326,#3865);
#3865 = DEFINITIONAL_REPRESENTATION('',(#3866),#3870);
#3866 = LINE('',#3867,#3868);
#3867 = CARTESIAN_POINT('',(14.549226783574,0.));
#3868 = VECTOR('',#3869,1.);
#3869 = DIRECTION('',(0.,-1.));
#3870 = ( GEOMETRIC_REPRESENTATION_CONTEXT(2) 
PARAMETRIC_REPRESENTATION_CONTEXT() REPRESENTATION_CONTEXT('2D SPACE',''
  ) );
#3871 = PCURVE('',#1298,#3872);
#3872 = DEFINITIONAL_REPRESENTATION('',(#3873),#3877);
#3873 = LINE('',#3874,#3875);
#3874 = CARTESIAN_POINT('',(0.,0.));
#3875 = VECTOR('',#3876,1.);
#3876 = DIRECTION('',(0.,-1.));
#3877 = ( GEOMETRIC_REPRESENTATION_CONTEXT(2) 
PARAMETRIC_REPRESENTATION_CONTEXT() REPRESENTATION_CONTEXT('2D SPACE',''
  ) );
#3878 = ADVANCED_FACE('',(#3879),#1298,.T.);
#3879 = FACE_BOUND('',#3880,.T.);
#3880 = EDGE_LOOP('',(#3881,#3882,#3883,#3904));
#3881 = ORIENTED_EDGE('',*,*,#1282,.F.);
#3882 = ORIENTED_EDGE('',*,*,#3858,.T.);
#3883 = ORIENTED_EDGE('',*,*,#3884,.T.);
#3884 = EDGE_CURVE('',#3836,#3786,#3885,.T.);
#3885 = SURFACE_CURVE('',#3886,(#3890,#3897),.PCURVE_S1.);
#3886 = LINE('',#3887,#3888);
#3887 = CARTESIAN_POINT('',(261.68715293195,89.665063509481,12.7));
#3888 = VECTOR('',#3889,1.);
#3889 = DIRECTION('',(0.5,-0.866025403784,0.));
#3890 = PCURVE('',#1298,#3891);
#3891 = DEFINITIONAL_REPRESENTATION('',(#3892),#3896);
#3892 = LINE('',#3893,#3894);
#3893 = CARTESIAN_POINT('',(-53.19135363487,-12.7));
#3894 = VECTOR('',#3895,1.);
#3895 = DIRECTION('',(1.,0.));
#3896 = ( GEOMETRIC_REPRESENTATION_CONTEXT(2) 
PARAMETRIC_REPRESENTATION_CONTEXT() REPRESENTATION_CONTEXT('2D SPACE',''
  ) );
#3897 = PCURVE('',#2235,#3898);
#3898 = DEFINITIONAL_REPRESENTATION('',(#3899),#3903);
#3899 = LINE('',#3900,#3901);
#3900 = CARTESIAN_POINT('',(261.68715293195,89.665063509481));
#3901 = VECTOR('',#3902,1.);
#3902 = DIRECTION('',(0.5,-0.866025403784));
#3903 = ( GEOMETRIC_REPRESENTATION_CONTEXT(2) 
PARAMETRIC_REPRESENTATION_CONTEXT() REPRESENTATION_CONTEXT('2D SPACE',''
  ) );
#3904 = ORIENTED_EDGE('',*,*,#3785,.F.);
#3905 = ADVANCED_FACE('',(#3906),#1384,.T.);
#3906 = FACE_BOUND('',#3907,.T.);
#3907 = EDGE_LOOP('',(#3908,#3909,#3932,#3955));
#3908 = ORIENTED_EDGE('',*,*,#1366,.F.);
#3909 = ORIENTED_EDGE('',*,*,#3910,.T.);
#3910 = EDGE_CURVE('',#1367,#3911,#3913,.T.);
#3911 = VERTEX_POINT('',#3912);
#3912 = CARTESIAN_POINT('',(378.34947174298,43.6,12.7));
#3913 = SURFACE_CURVE('',#3914,(#3918,#3925),.PCURVE_S1.);
#3914 = LINE('',#3915,#3916);
#3915 = CARTESIAN_POINT('',(378.34947174298,43.6,0.));
#3916 = VECTOR('',#3917,1.);
#3917 = DIRECTION('',(0.,0.,1.));
#3918 = PCURVE('',#1384,#3919);
#3919 = DEFINITIONAL_REPRESENTATION('',(#3920),#3924);
#3920 = LINE('',#3921,#3922);
#3921 = CARTESIAN_POINT('',(0.,0.));
#3922 = VECTOR('',#3923,1.);
#3923 = DIRECTION('',(0.,-1.));
#3924 = ( GEOMETRIC_REPRESENTATION_CONTEXT(2) 
PARAMETRIC_REPRESENTATION_CONTEXT() REPRESENTATION_CONTEXT('2D SPACE',''
  ) );
#3925 = PCURVE('',#1412,#3926);
#3926 = DEFINITIONAL_REPRESENTATION('',(#3927),#3931);
#3927 = LINE('',#3928,#3929);
#3928 = CARTESIAN_POINT('',(14.549226783579,0.));
#3929 = VECTOR('',#3930,1.);
#3930 = DIRECTION('',(0.,-1.));
#3931 = ( GEOMETRIC_REPRESENTATION_CONTEXT(2) 
PARAMETRIC_REPRESENTATION_CONTEXT() REPRESENTATION_CONTEXT('2D SPACE',''
  ) );
#3932 = ORIENTED_EDGE('',*,*,#3933,.T.);
#3933 = EDGE_CURVE('',#3911,#3934,#3936,.T.);
#3934 = VERTEX_POINT('',#3935);
#3935 = CARTESIAN_POINT('',(371.07485835119,56.2,12.7));
#3936 = SURFACE_CURVE('',#3937,(#3941,#3948),.PCURVE_S1.);
#3937 = LINE('',#3938,#3939);
#3938 = CARTESIAN_POINT('',(340.49546467632,109.16506350948,12.7));
#3939 = VECTOR('',#3940,1.);
#3940 = DIRECTION('',(-0.5,0.866025403784,0.));
#3941 = PCURVE('',#1384,#3942);
#3942 = DEFINITIONAL_REPRESENTATION('',(#3943),#3947);
#3943 = LINE('',#3944,#3945);
#3944 = CARTESIAN_POINT('',(75.70801413328,-12.7));
#3945 = VECTOR('',#3946,1.);
#3946 = DIRECTION('',(1.,0.));
#3947 = ( GEOMETRIC_REPRESENTATION_CONTEXT(2) 
PARAMETRIC_REPRESENTATION_CONTEXT() REPRESENTATION_CONTEXT('2D SPACE',''
  ) );
#3948 = PCURVE('',#2235,#3949);
#3949 = DEFINITIONAL_REPRESENTATION('',(#3950),#3954);
#3950 = LINE('',#3951,#3952);
#3951 = CARTESIAN_POINT('',(340.49546467632,109.16506350948));
#3952 = VECTOR('',#3953,1.);
#3953 = DIRECTION('',(-0.5,0.866025403784));
#3954 = ( GEOMETRIC_REPRESENTATION_CONTEXT(2) 
PARAMETRIC_REPRESENTATION_CONTEXT() REPRESENTATION_CONTEXT('2D SPACE',''
  ) );
#3955 = ORIENTED_EDGE('',*,*,#3956,.F.);
#3956 = EDGE_CURVE('',#1369,#3934,#3957,.T.);
#3957 = SURFACE_CURVE('',#3958,(#3962,#3969),.PCURVE_S1.);
#3958 = LINE('',#3959,#3960);
#3959 = CARTESIAN_POINT('',(371.07485835119,56.2,0.));
#3960 = VECTOR('',#3961,1.);
#3961 = DIRECTION('',(0.,0.,1.));
#3962 = PCURVE('',#1384,#3963);
#3963 = DEFINITIONAL_REPRESENTATION('',(#3964),#3968);
#3964 = LINE('',#3965,#3966);
#3965 = CARTESIAN_POINT('',(14.549226783579,0.));
#3966 = VECTOR('',#3967,1.);
#3967 = DIRECTION('',(0.,-1.));
#3968 = ( GEOMETRIC_REPRESENTATION_CONTEXT(2) 
PARAMETRIC_REPRESENTATION_CONTEXT() REPRESENTATION_CONTEXT('2D SPACE',''
  ) );
#3969 = PCURVE('',#1522,#3970);
#3970 = DEFINITIONAL_REPRESENTATION('',(#3971),#3975);
#3971 = LINE('',#3972,#3973);
#3972 = CARTESIAN_POINT('',(0.,-0.));
#3973 = VECTOR('',#3974,1.);
#3974 = DIRECTION('',(0.,-1.));
#3975 = ( GEOMETRIC_REPRESENTATION_CONTEXT(2) 
PARAMETRIC_REPRESENTATION_CONTEXT() REPRESENTATION_CONTEXT('2D SPACE',''
  ) );
#3976 = ADVANCED_FACE('',(#3977),#1412,.T.);
#3977 = FACE_BOUND('',#3978,.T.);
#3978 = EDGE_LOOP('',(#3979,#3980,#4003,#4024));
#3979 = ORIENTED_EDGE('',*,*,#1396,.F.);
#3980 = ORIENTED_EDGE('',*,*,#3981,.T.);
#3981 = EDGE_CURVE('',#1397,#3982,#3984,.T.);
#3982 = VERTEX_POINT('',#3983);
#3983 = CARTESIAN_POINT('',(371.07485835119,31.,12.7));
#3984 = SURFACE_CURVE('',#3985,(#3989,#3996),.PCURVE_S1.);
#3985 = LINE('',#3986,#3987);
#3986 = CARTESIAN_POINT('',(371.07485835119,31.,0.));
#3987 = VECTOR('',#3988,1.);
#3988 = DIRECTION('',(0.,0.,1.));
#3989 = PCURVE('',#1412,#3990);
#3990 = DEFINITIONAL_REPRESENTATION('',(#3991),#3995);
#3991 = LINE('',#3992,#3993);
#3992 = CARTESIAN_POINT('',(0.,0.));
#3993 = VECTOR('',#3994,1.);
#3994 = DIRECTION('',(0.,-1.));
#3995 = ( GEOMETRIC_REPRESENTATION_CONTEXT(2) 
PARAMETRIC_REPRESENTATION_CONTEXT() REPRESENTATION_CONTEXT('2D SPACE',''
  ) );
#3996 = PCURVE('',#1440,#3997);
#3997 = DEFINITIONAL_REPRESENTATION('',(#3998),#4002);
#3998 = LINE('',#3999,#4000);
#3999 = CARTESIAN_POINT('',(14.54922678358,0.));
#4000 = VECTOR('',#4001,1.);
#4001 = DIRECTION('',(0.,-1.));
#4002 = ( GEOMETRIC_REPRESENTATION_CONTEXT(2) 
PARAMETRIC_REPRESENTATION_CONTEXT() REPRESENTATION_CONTEXT('2D SPACE',''
  ) );
#4003 = ORIENTED_EDGE('',*,*,#4004,.T.);
#4004 = EDGE_CURVE('',#3982,#3911,#4005,.T.);
#4005 = SURFACE_CURVE('',#4006,(#4010,#4017),.PCURVE_S1.);
#4006 = LINE('',#4007,#4008);
#4007 = CARTESIAN_POINT('',(317.97880417792,-60.96506350947,12.7));
#4008 = VECTOR('',#4009,1.);
#4009 = DIRECTION('',(0.5,0.866025403784,-0.));
#4010 = PCURVE('',#1412,#4011);
#4011 = DEFINITIONAL_REPRESENTATION('',(#4012),#4016);
#4012 = LINE('',#4013,#4014);
#4013 = CARTESIAN_POINT('',(-106.1921083464,-12.7));
#4014 = VECTOR('',#4015,1.);
#4015 = DIRECTION('',(1.,0.));
#4016 = ( GEOMETRIC_REPRESENTATION_CONTEXT(2) 
PARAMETRIC_REPRESENTATION_CONTEXT() REPRESENTATION_CONTEXT('2D SPACE',''
  ) );
#4017 = PCURVE('',#2235,#4018);
#4018 = DEFINITIONAL_REPRESENTATION('',(#4019),#4023);
#4019 = LINE('',#4020,#4021);
#4020 = CARTESIAN_POINT('',(317.97880417792,-60.96506350947));
#4021 = VECTOR('',#4022,1.);
#4022 = DIRECTION('',(0.5,0.866025403784));
#4023 = ( GEOMETRIC_REPRESENTATION_CONTEXT(2) 
PARAMETRIC_REPRESENTATION_CONTEXT() REPRESENTATION_CONTEXT('2D SPACE',''
  ) );
#4024 = ORIENTED_EDGE('',*,*,#3910,.F.);
#4025 = ADVANCED_FACE('',(#4026),#1522,.T.);
#4026 = FACE_BOUND('',#4027,.T.);
#4027 = EDGE_LOOP('',(#4028,#4029,#4030,#4053));
#4028 = ORIENTED_EDGE('',*,*,#1508,.F.);
#4029 = ORIENTED_EDGE('',*,*,#3956,.T.);
#4030 = ORIENTED_EDGE('',*,*,#4031,.T.);
#4031 = EDGE_CURVE('',#3934,#4032,#4034,.T.);
#4032 = VERTEX_POINT('',#4033);
#4033 = CARTESIAN_POINT('',(356.52563156761,56.2,12.7));
#4034 = SURFACE_CURVE('',#4035,(#4039,#4046),.PCURVE_S1.);
#4035 = LINE('',#4036,#4037);
#4036 = CARTESIAN_POINT('',(185.53742917559,56.2,12.7));
#4037 = VECTOR('',#4038,1.);
#4038 = DIRECTION('',(-1.,0.,0.));
#4039 = PCURVE('',#1522,#4040);
#4040 = DEFINITIONAL_REPRESENTATION('',(#4041),#4045);
#4041 = LINE('',#4042,#4043);
#4042 = CARTESIAN_POINT('',(185.5374291756,-12.7));
#4043 = VECTOR('',#4044,1.);
#4044 = DIRECTION('',(1.,0.));
#4045 = ( GEOMETRIC_REPRESENTATION_CONTEXT(2) 
PARAMETRIC_REPRESENTATION_CONTEXT() REPRESENTATION_CONTEXT('2D SPACE',''
  ) );
#4046 = PCURVE('',#2235,#4047);
#4047 = DEFINITIONAL_REPRESENTATION('',(#4048),#4052);
#4048 = LINE('',#4049,#4050);
#4049 = CARTESIAN_POINT('',(185.53742917559,56.2));
#4050 = VECTOR('',#4051,1.);
#4051 = DIRECTION('',(-1.,0.));
#4052 = ( GEOMETRIC_REPRESENTATION_CONTEXT(2) 
PARAMETRIC_REPRESENTATION_CONTEXT() REPRESENTATION_CONTEXT('2D SPACE',''
  ) );
#4053 = ORIENTED_EDGE('',*,*,#4054,.F.);
#4054 = EDGE_CURVE('',#1481,#4032,#4055,.T.);
#4055 = SURFACE_CURVE('',#4056,(#4060,#4067),.PCURVE_S1.);
#4056 = LINE('',#4057,#4058);
#4057 = CARTESIAN_POINT('',(356.52563156761,56.2,0.));
#4058 = VECTOR('',#4059,1.);
#4059 = DIRECTION('',(0.,0.,1.));
#4060 = PCURVE('',#1522,#4061);
#4061 = DEFINITIONAL_REPRESENTATION('',(#4062),#4066);
#4062 = LINE('',#4063,#4064);
#4063 = CARTESIAN_POINT('',(14.54922678358,0.));
#4064 = VECTOR('',#4065,1.);
#4065 = DIRECTION('',(0.,-1.));
#4066 = ( GEOMETRIC_REPRESENTATION_CONTEXT(2) 
PARAMETRIC_REPRESENTATION_CONTEXT() REPRESENTATION_CONTEXT('2D SPACE',''
  ) );
#4067 = PCURVE('',#1496,#4068);
#4068 = DEFINITIONAL_REPRESENTATION('',(#4069),#4073);
#4069 = LINE('',#4070,#4071);
#4070 = CARTESIAN_POINT('',(0.,0.));
#4071 = VECTOR('',#4072,1.);
#4072 = DIRECTION('',(0.,-1.));
#4073 = ( GEOMETRIC_REPRESENTATION_CONTEXT(2) 
PARAMETRIC_REPRESENTATION_CONTEXT() REPRESENTATION_CONTEXT('2D SPACE',''
  ) );
#4074 = ADVANCED_FACE('',(#4075),#1440,.T.);
#4075 = FACE_BOUND('',#4076,.T.);
#4076 = EDGE_LOOP('',(#4077,#4078,#4101,#4122));
#4077 = ORIENTED_EDGE('',*,*,#1424,.F.);
#4078 = ORIENTED_EDGE('',*,*,#4079,.T.);
#4079 = EDGE_CURVE('',#1425,#4080,#4082,.T.);
#4080 = VERTEX_POINT('',#4081);
#4081 = CARTESIAN_POINT('',(356.52563156761,31.,12.7));
#4082 = SURFACE_CURVE('',#4083,(#4087,#4094),.PCURVE_S1.);
#4083 = LINE('',#4084,#4085);
#4084 = CARTESIAN_POINT('',(356.52563156761,31.,0.));
#4085 = VECTOR('',#4086,1.);
#4086 = DIRECTION('',(0.,0.,1.));
#4087 = PCURVE('',#1440,#4088);
#4088 = DEFINITIONAL_REPRESENTATION('',(#4089),#4093);
#4089 = LINE('',#4090,#4091);
#4090 = CARTESIAN_POINT('',(0.,0.));
#4091 = VECTOR('',#4092,1.);
#4092 = DIRECTION('',(0.,-1.));
#4093 = ( GEOMETRIC_REPRESENTATION_CONTEXT(2) 
PARAMETRIC_REPRESENTATION_CONTEXT() REPRESENTATION_CONTEXT('2D SPACE',''
  ) );
#4094 = PCURVE('',#1468,#4095);
#4095 = DEFINITIONAL_REPRESENTATION('',(#4096),#4100);
#4096 = LINE('',#4097,#4098);
#4097 = CARTESIAN_POINT('',(14.549226783579,0.));
#4098 = VECTOR('',#4099,1.);
#4099 = DIRECTION('',(0.,-1.));
#4100 = ( GEOMETRIC_REPRESENTATION_CONTEXT(2) 
PARAMETRIC_REPRESENTATION_CONTEXT() REPRESENTATION_CONTEXT('2D SPACE',''
  ) );
#4101 = ORIENTED_EDGE('',*,*,#4102,.T.);
#4102 = EDGE_CURVE('',#4080,#3982,#4103,.T.);
#4103 = SURFACE_CURVE('',#4104,(#4108,#4115),.PCURVE_S1.);
#4104 = LINE('',#4105,#4106);
#4105 = CARTESIAN_POINT('',(178.2628157838,31.,12.7));
#4106 = VECTOR('',#4107,1.);
#4107 = DIRECTION('',(1.,-2.441857379535E-16,0.));
#4108 = PCURVE('',#1440,#4109);
#4109 = DEFINITIONAL_REPRESENTATION('',(#4110),#4114);
#4110 = LINE('',#4111,#4112);
#4111 = CARTESIAN_POINT('',(-178.2628157838,-12.7));
#4112 = VECTOR('',#4113,1.);
#4113 = DIRECTION('',(1.,0.));
#4114 = ( GEOMETRIC_REPRESENTATION_CONTEXT(2) 
PARAMETRIC_REPRESENTATION_CONTEXT() REPRESENTATION_CONTEXT('2D SPACE',''
  ) );
#4115 = PCURVE('',#2235,#4116);
#4116 = DEFINITIONAL_REPRESENTATION('',(#4117),#4121);
#4117 = LINE('',#4118,#4119);
#4118 = CARTESIAN_POINT('',(178.2628157838,31.));
#4119 = VECTOR('',#4120,1.);
#4120 = DIRECTION('',(1.,-2.441857379535E-16));
#4121 = ( GEOMETRIC_REPRESENTATION_CONTEXT(2) 
PARAMETRIC_REPRESENTATION_CONTEXT() REPRESENTATION_CONTEXT('2D SPACE',''
  ) );
#4122 = ORIENTED_EDGE('',*,*,#3981,.F.);
#4123 = ADVANCED_FACE('',(#4124),#1496,.T.);
#4124 = FACE_BOUND('',#4125,.T.);
#4125 = EDGE_LOOP('',(#4126,#4127,#4128,#4151));
#4126 = ORIENTED_EDGE('',*,*,#1480,.F.);
#4127 = ORIENTED_EDGE('',*,*,#4054,.T.);
#4128 = ORIENTED_EDGE('',*,*,#4129,.T.);
#4129 = EDGE_CURVE('',#4032,#4130,#4132,.T.);
#4130 = VERTEX_POINT('',#4131);
#4131 = CARTESIAN_POINT('',(349.25101817582,43.6,12.7));
#4132 = SURFACE_CURVE('',#4133,(#4137,#4144),.PCURVE_S1.);
#4133 = LINE('',#4134,#4135);
#4134 = CARTESIAN_POINT('',(299.79227069845,-42.06506350947,12.7));
#4135 = VECTOR('',#4136,1.);
#4136 = DIRECTION('',(-0.5,-0.866025403784,0.));
#4137 = PCURVE('',#1496,#4138);
#4138 = DEFINITIONAL_REPRESENTATION('',(#4139),#4143);
#4139 = LINE('',#4140,#4141);
#4140 = CARTESIAN_POINT('',(113.46672173827,-12.7));
#4141 = VECTOR('',#4142,1.);
#4142 = DIRECTION('',(1.,0.));
#4143 = ( GEOMETRIC_REPRESENTATION_CONTEXT(2) 
PARAMETRIC_REPRESENTATION_CONTEXT() REPRESENTATION_CONTEXT('2D SPACE',''
  ) );
#4144 = PCURVE('',#2235,#4145);
#4145 = DEFINITIONAL_REPRESENTATION('',(#4146),#4150);
#4146 = LINE('',#4147,#4148);
#4147 = CARTESIAN_POINT('',(299.79227069845,-42.06506350947));
#4148 = VECTOR('',#4149,1.);
#4149 = DIRECTION('',(-0.5,-0.866025403784));
#4150 = ( GEOMETRIC_REPRESENTATION_CONTEXT(2) 
PARAMETRIC_REPRESENTATION_CONTEXT() REPRESENTATION_CONTEXT('2D SPACE',''
  ) );
#4151 = ORIENTED_EDGE('',*,*,#4152,.F.);
#4152 = EDGE_CURVE('',#1453,#4130,#4153,.T.);
#4153 = SURFACE_CURVE('',#4154,(#4158,#4165),.PCURVE_S1.);
#4154 = LINE('',#4155,#4156);
#4155 = CARTESIAN_POINT('',(349.25101817582,43.6,0.));
#4156 = VECTOR('',#4157,1.);
#4157 = DIRECTION('',(0.,0.,1.));
#4158 = PCURVE('',#1496,#4159);
#4159 = DEFINITIONAL_REPRESENTATION('',(#4160),#4164);
#4160 = LINE('',#4161,#4162);
#4161 = CARTESIAN_POINT('',(14.549226783579,0.));
#4162 = VECTOR('',#4163,1.);
#4163 = DIRECTION('',(0.,-1.));
#4164 = ( GEOMETRIC_REPRESENTATION_CONTEXT(2) 
PARAMETRIC_REPRESENTATION_CONTEXT() REPRESENTATION_CONTEXT('2D SPACE',''
  ) );
#4165 = PCURVE('',#1468,#4166);
#4166 = DEFINITIONAL_REPRESENTATION('',(#4167),#4171);
#4167 = LINE('',#4168,#4169);
#4168 = CARTESIAN_POINT('',(0.,0.));
#4169 = VECTOR('',#4170,1.);
#4170 = DIRECTION('',(0.,-1.));
#4171 = ( GEOMETRIC_REPRESENTATION_CONTEXT(2) 
PARAMETRIC_REPRESENTATION_CONTEXT() REPRESENTATION_CONTEXT('2D SPACE',''
  ) );
#4172 = ADVANCED_FACE('',(#4173),#1468,.T.);
#4173 = FACE_BOUND('',#4174,.T.);
#4174 = EDGE_LOOP('',(#4175,#4176,#4177,#4198));
#4175 = ORIENTED_EDGE('',*,*,#1452,.F.);
#4176 = ORIENTED_EDGE('',*,*,#4152,.T.);
#4177 = ORIENTED_EDGE('',*,*,#4178,.T.);
#4178 = EDGE_CURVE('',#4130,#4080,#4179,.T.);
#4179 = SURFACE_CURVE('',#4180,(#4184,#4191),.PCURVE_S1.);
#4180 = LINE('',#4181,#4182);
#4181 = CARTESIAN_POINT('',(315.03431780506,102.86506350948,12.7));
#4182 = VECTOR('',#4183,1.);
#4183 = DIRECTION('',(0.5,-0.866025403784,0.));
#4184 = PCURVE('',#1468,#4185);
#4185 = DEFINITIONAL_REPRESENTATION('',(#4186),#4190);
#4186 = LINE('',#4187,#4188);
#4187 = CARTESIAN_POINT('',(-68.43340074148,-12.7));
#4188 = VECTOR('',#4189,1.);
#4189 = DIRECTION('',(1.,0.));
#4190 = ( GEOMETRIC_REPRESENTATION_CONTEXT(2) 
PARAMETRIC_REPRESENTATION_CONTEXT() REPRESENTATION_CONTEXT('2D SPACE',''
  ) );
#4191 = PCURVE('',#2235,#4192);
#4192 = DEFINITIONAL_REPRESENTATION('',(#4193),#4197);
#4193 = LINE('',#4194,#4195);
#4194 = CARTESIAN_POINT('',(315.03431780506,102.86506350948));
#4195 = VECTOR('',#4196,1.);
#4196 = DIRECTION('',(0.5,-0.866025403784));
#4197 = ( GEOMETRIC_REPRESENTATION_CONTEXT(2) 
PARAMETRIC_REPRESENTATION_CONTEXT() REPRESENTATION_CONTEXT('2D SPACE',''
  ) );
#4198 = ORIENTED_EDGE('',*,*,#4079,.F.);
#4199 = ADVANCED_FACE('',(#4200),#1554,.T.);
#4200 = FACE_BOUND('',#4201,.T.);
#4201 = EDGE_LOOP('',(#4202,#4203,#4226,#4249));
#4202 = ORIENTED_EDGE('',*,*,#1536,.F.);
#4203 = ORIENTED_EDGE('',*,*,#4204,.T.);
#4204 = EDGE_CURVE('',#1537,#4205,#4207,.T.);
#4205 = VERTEX_POINT('',#4206);
#4206 = CARTESIAN_POINT('',(286.89718910334,61.2,12.7));
#4207 = SURFACE_CURVE('',#4208,(#4212,#4219),.PCURVE_S1.);
#4208 = LINE('',#4209,#4210);
#4209 = CARTESIAN_POINT('',(286.89718910334,61.2,0.));
#4210 = VECTOR('',#4211,1.);
#4211 = DIRECTION('',(0.,0.,1.));
#4212 = PCURVE('',#1554,#4213);
#4213 = DEFINITIONAL_REPRESENTATION('',(#4214),#4218);
#4214 = LINE('',#4215,#4216);
#4215 = CARTESIAN_POINT('',(0.,0.));
#4216 = VECTOR('',#4217,1.);
#4217 = DIRECTION('',(0.,-1.));
#4218 = ( GEOMETRIC_REPRESENTATION_CONTEXT(2) 
PARAMETRIC_REPRESENTATION_CONTEXT() REPRESENTATION_CONTEXT('2D SPACE',''
  ) );
#4219 = PCURVE('',#1582,#4220);
#4220 = DEFINITIONAL_REPRESENTATION('',(#4221),#4225);
#4221 = LINE('',#4222,#4223);
#4222 = CARTESIAN_POINT('',(14.549226783579,0.));
#4223 = VECTOR('',#4224,1.);
#4224 = DIRECTION('',(0.,-1.));
#4225 = ( GEOMETRIC_REPRESENTATION_CONTEXT(2) 
PARAMETRIC_REPRESENTATION_CONTEXT() REPRESENTATION_CONTEXT('2D SPACE',''
  ) );
#4226 = ORIENTED_EDGE('',*,*,#4227,.T.);
#4227 = EDGE_CURVE('',#4205,#4228,#4230,.T.);
#4228 = VERTEX_POINT('',#4229);
#4229 = CARTESIAN_POINT('',(279.62257571155,73.8,12.7));
#4230 = SURFACE_CURVE('',#4231,(#4235,#4242),.PCURVE_S1.);
#4231 = LINE('',#4232,#4233);
#4232 = CARTESIAN_POINT('',(264.2852291433,100.36506350948,12.7));
#4233 = VECTOR('',#4234,1.);
#4234 = DIRECTION('',(-0.5,0.866025403784,0.));
#4235 = PCURVE('',#1554,#4236);
#4236 = DEFINITIONAL_REPRESENTATION('',(#4237),#4241);
#4237 = LINE('',#4238,#4239);
#4238 = CARTESIAN_POINT('',(45.223919920061,-12.7));
#4239 = VECTOR('',#4240,1.);
#4240 = DIRECTION('',(1.,0.));
#4241 = ( GEOMETRIC_REPRESENTATION_CONTEXT(2) 
PARAMETRIC_REPRESENTATION_CONTEXT() REPRESENTATION_CONTEXT('2D SPACE',''
  ) );
#4242 = PCURVE('',#2235,#4243);
#4243 = DEFINITIONAL_REPRESENTATION('',(#4244),#4248);
#4244 = LINE('',#4245,#4246);
#4245 = CARTESIAN_POINT('',(264.2852291433,100.36506350948));
#4246 = VECTOR('',#4247,1.);
#4247 = DIRECTION('',(-0.5,0.866025403784));
#4248 = ( GEOMETRIC_REPRESENTATION_CONTEXT(2) 
PARAMETRIC_REPRESENTATION_CONTEXT() REPRESENTATION_CONTEXT('2D SPACE',''
  ) );
#4249 = ORIENTED_EDGE('',*,*,#4250,.F.);
#4250 = EDGE_CURVE('',#1539,#4228,#4251,.T.);
#4251 = SURFACE_CURVE('',#4252,(#4256,#4263),.PCURVE_S1.);
#4252 = LINE('',#4253,#4254);
#4253 = CARTESIAN_POINT('',(279.62257571155,73.8,0.));
#4254 = VECTOR('',#4255,1.);
#4255 = DIRECTION('',(0.,0.,1.));
#4256 = PCURVE('',#1554,#4257);
#4257 = DEFINITIONAL_REPRESENTATION('',(#4258),#4262);
#4258 = LINE('',#4259,#4260);
#4259 = CARTESIAN_POINT('',(14.549226783579,0.));
#4260 = VECTOR('',#4261,1.);
#4261 = DIRECTION('',(0.,-1.));
#4262 = ( GEOMETRIC_REPRESENTATION_CONTEXT(2) 
PARAMETRIC_REPRESENTATION_CONTEXT() REPRESENTATION_CONTEXT('2D SPACE',''
  ) );
#4263 = PCURVE('',#1692,#4264);
#4264 = DEFINITIONAL_REPRESENTATION('',(#4265),#4269);
#4265 = LINE('',#4266,#4267);
#4266 = CARTESIAN_POINT('',(0.,-0.));
#4267 = VECTOR('',#4268,1.);
#4268 = DIRECTION('',(0.,-1.));
#4269 = ( GEOMETRIC_REPRESENTATION_CONTEXT(2) 
PARAMETRIC_REPRESENTATION_CONTEXT() REPRESENTATION_CONTEXT('2D SPACE',''
  ) );
#4270 = ADVANCED_FACE('',(#4271),#1582,.T.);
#4271 = FACE_BOUND('',#4272,.T.);
#4272 = EDGE_LOOP('',(#4273,#4274,#4297,#4318));
#4273 = ORIENTED_EDGE('',*,*,#1566,.F.);
#4274 = ORIENTED_EDGE('',*,*,#4275,.T.);
#4275 = EDGE_CURVE('',#1567,#4276,#4278,.T.);
#4276 = VERTEX_POINT('',#4277);
#4277 = CARTESIAN_POINT('',(279.62257571155,48.6,12.7));
#4278 = SURFACE_CURVE('',#4279,(#4283,#4290),.PCURVE_S1.);
#4279 = LINE('',#4280,#4281);
#4280 = CARTESIAN_POINT('',(279.62257571155,48.6,0.));
#4281 = VECTOR('',#4282,1.);
#4282 = DIRECTION('',(0.,0.,1.));
#4283 = PCURVE('',#1582,#4284);
#4284 = DEFINITIONAL_REPRESENTATION('',(#4285),#4289);
#4285 = LINE('',#4286,#4287);
#4286 = CARTESIAN_POINT('',(0.,0.));
#4287 = VECTOR('',#4288,1.);
#4288 = DIRECTION('',(0.,-1.));
#4289 = ( GEOMETRIC_REPRESENTATION_CONTEXT(2) 
PARAMETRIC_REPRESENTATION_CONTEXT() REPRESENTATION_CONTEXT('2D SPACE',''
  ) );
#4290 = PCURVE('',#1610,#4291);
#4291 = DEFINITIONAL_REPRESENTATION('',(#4292),#4296);
#4292 = LINE('',#4293,#4294);
#4293 = CARTESIAN_POINT('',(14.54922678358,0.));
#4294 = VECTOR('',#4295,1.);
#4295 = DIRECTION('',(0.,-1.));
#4296 = ( GEOMETRIC_REPRESENTATION_CONTEXT(2) 
PARAMETRIC_REPRESENTATION_CONTEXT() REPRESENTATION_CONTEXT('2D SPACE',''
  ) );
#4297 = ORIENTED_EDGE('',*,*,#4298,.T.);
#4298 = EDGE_CURVE('',#4276,#4205,#4299,.T.);
#4299 = SURFACE_CURVE('',#4300,(#4304,#4311),.PCURVE_S1.);
#4300 = LINE('',#4301,#4302);
#4301 = CARTESIAN_POINT('',(234.14754509159,-30.16506350947,12.7));
#4302 = VECTOR('',#4303,1.);
#4303 = DIRECTION('',(0.5,0.866025403784,-0.));
#4304 = PCURVE('',#1582,#4305);
#4305 = DEFINITIONAL_REPRESENTATION('',(#4306),#4310);
#4306 = LINE('',#4307,#4308);
#4307 = CARTESIAN_POINT('',(-90.95006123987,-12.7));
#4308 = VECTOR('',#4309,1.);
#4309 = DIRECTION('',(1.,0.));
#4310 = ( GEOMETRIC_REPRESENTATION_CONTEXT(2) 
PARAMETRIC_REPRESENTATION_CONTEXT() REPRESENTATION_CONTEXT('2D SPACE',''
  ) );
#4311 = PCURVE('',#2235,#4312);
#4312 = DEFINITIONAL_REPRESENTATION('',(#4313),#4317);
#4313 = LINE('',#4314,#4315);
#4314 = CARTESIAN_POINT('',(234.14754509159,-30.16506350947));
#4315 = VECTOR('',#4316,1.);
#4316 = DIRECTION('',(0.5,0.866025403784));
#4317 = ( GEOMETRIC_REPRESENTATION_CONTEXT(2) 
PARAMETRIC_REPRESENTATION_CONTEXT() REPRESENTATION_CONTEXT('2D SPACE',''
  ) );
#4318 = ORIENTED_EDGE('',*,*,#4204,.F.);
#4319 = ADVANCED_FACE('',(#4320),#1692,.T.);
#4320 = FACE_BOUND('',#4321,.T.);
#4321 = EDGE_LOOP('',(#4322,#4323,#4324,#4347));
#4322 = ORIENTED_EDGE('',*,*,#1678,.F.);
#4323 = ORIENTED_EDGE('',*,*,#4250,.T.);
#4324 = ORIENTED_EDGE('',*,*,#4325,.T.);
#4325 = EDGE_CURVE('',#4228,#4326,#4328,.T.);
#4326 = VERTEX_POINT('',#4327);
#4327 = CARTESIAN_POINT('',(265.07334892797,73.8,12.7));
#4328 = SURFACE_CURVE('',#4329,(#4333,#4340),.PCURVE_S1.);
#4329 = LINE('',#4330,#4331);
#4330 = CARTESIAN_POINT('',(139.81128785577,73.8,12.7));
#4331 = VECTOR('',#4332,1.);
#4332 = DIRECTION('',(-1.,0.,0.));
#4333 = PCURVE('',#1692,#4334);
#4334 = DEFINITIONAL_REPRESENTATION('',(#4335),#4339);
#4335 = LINE('',#4336,#4337);
#4336 = CARTESIAN_POINT('',(139.81128785578,-12.7));
#4337 = VECTOR('',#4338,1.);
#4338 = DIRECTION('',(1.,0.));
#4339 = ( GEOMETRIC_REPRESENTATION_CONTEXT(2) 
PARAMETRIC_REPRESENTATION_CONTEXT() REPRESENTATION_CONTEXT('2D SPACE',''
  ) );
#4340 = PCURVE('',#2235,#4341);
#4341 = DEFINITIONAL_REPRESENTATION('',(#4342),#4346);
#4342 = LINE('',#4343,#4344);
#4343 = CARTESIAN_POINT('',(139.81128785577,73.8));
#4344 = VECTOR('',#4345,1.);
#4345 = DIRECTION('',(-1.,0.));
#4346 = ( GEOMETRIC_REPRESENTATION_CONTEXT(2) 
PARAMETRIC_REPRESENTATION_CONTEXT() REPRESENTATION_CONTEXT('2D SPACE',''
  ) );
#4347 = ORIENTED_EDGE('',*,*,#4348,.F.);
#4348 = EDGE_CURVE('',#1651,#4326,#4349,.T.);
#4349 = SURFACE_CURVE('',#4350,(#4354,#4361),.PCURVE_S1.);
#4350 = LINE('',#4351,#4352);
#4351 = CARTESIAN_POINT('',(265.07334892797,73.8,0.));
#4352 = VECTOR('',#4353,1.);
#4353 = DIRECTION('',(0.,0.,1.));
#4354 = PCURVE('',#1692,#4355);
#4355 = DEFINITIONAL_REPRESENTATION('',(#4356),#4360);
#4356 = LINE('',#4357,#4358);
#4357 = CARTESIAN_POINT('',(14.54922678358,0.));
#4358 = VECTOR('',#4359,1.);
#4359 = DIRECTION('',(0.,-1.));
#4360 = ( GEOMETRIC_REPRESENTATION_CONTEXT(2) 
PARAMETRIC_REPRESENTATION_CONTEXT() REPRESENTATION_CONTEXT('2D SPACE',''
  ) );
#4361 = PCURVE('',#1666,#4362);
#4362 = DEFINITIONAL_REPRESENTATION('',(#4363),#4367);
#4363 = LINE('',#4364,#4365);
#4364 = CARTESIAN_POINT('',(0.,0.));
#4365 = VECTOR('',#4366,1.);
#4366 = DIRECTION('',(0.,-1.));
#4367 = ( GEOMETRIC_REPRESENTATION_CONTEXT(2) 
PARAMETRIC_REPRESENTATION_CONTEXT() REPRESENTATION_CONTEXT('2D SPACE',''
  ) );
#4368 = ADVANCED_FACE('',(#4369),#1610,.T.);
#4369 = FACE_BOUND('',#4370,.T.);
#4370 = EDGE_LOOP('',(#4371,#4372,#4395,#4416));
#4371 = ORIENTED_EDGE('',*,*,#1594,.F.);
#4372 = ORIENTED_EDGE('',*,*,#4373,.T.);
#4373 = EDGE_CURVE('',#1595,#4374,#4376,.T.);
#4374 = VERTEX_POINT('',#4375);
#4375 = CARTESIAN_POINT('',(265.07334892797,48.6,12.7));
#4376 = SURFACE_CURVE('',#4377,(#4381,#4388),.PCURVE_S1.);
#4377 = LINE('',#4378,#4379);
#4378 = CARTESIAN_POINT('',(265.07334892797,48.6,0.));
#4379 = VECTOR('',#4380,1.);
#4380 = DIRECTION('',(0.,0.,1.));
#4381 = PCURVE('',#1610,#4382);
#4382 = DEFINITIONAL_REPRESENTATION('',(#4383),#4387);
#4383 = LINE('',#4384,#4385);
#4384 = CARTESIAN_POINT('',(0.,0.));
#4385 = VECTOR('',#4386,1.);
#4386 = DIRECTION('',(0.,-1.));
#4387 = ( GEOMETRIC_REPRESENTATION_CONTEXT(2) 
PARAMETRIC_REPRESENTATION_CONTEXT() REPRESENTATION_CONTEXT('2D SPACE',''
  ) );
#4388 = PCURVE('',#1638,#4389);
#4389 = DEFINITIONAL_REPRESENTATION('',(#4390),#4394);
#4390 = LINE('',#4391,#4392);
#4391 = CARTESIAN_POINT('',(14.549226783579,0.));
#4392 = VECTOR('',#4393,1.);
#4393 = DIRECTION('',(0.,-1.));
#4394 = ( GEOMETRIC_REPRESENTATION_CONTEXT(2) 
PARAMETRIC_REPRESENTATION_CONTEXT() REPRESENTATION_CONTEXT('2D SPACE',''
  ) );
#4395 = ORIENTED_EDGE('',*,*,#4396,.T.);
#4396 = EDGE_CURVE('',#4374,#4276,#4397,.T.);
#4397 = SURFACE_CURVE('',#4398,(#4402,#4409),.PCURVE_S1.);
#4398 = LINE('',#4399,#4400);
#4399 = CARTESIAN_POINT('',(132.53667446398,48.6,12.7));
#4400 = VECTOR('',#4401,1.);
#4401 = DIRECTION('',(1.,-4.883714759069E-16,0.));
#4402 = PCURVE('',#1610,#4403);
#4403 = DEFINITIONAL_REPRESENTATION('',(#4404),#4408);
#4404 = LINE('',#4405,#4406);
#4405 = CARTESIAN_POINT('',(-132.5366744639,-12.7));
#4406 = VECTOR('',#4407,1.);
#4407 = DIRECTION('',(1.,0.));
#4408 = ( GEOMETRIC_REPRESENTATION_CONTEXT(2) 
PARAMETRIC_REPRESENTATION_CONTEXT() REPRESENTATION_CONTEXT('2D SPACE',''
  ) );
#4409 = PCURVE('',#2235,#4410);
#4410 = DEFINITIONAL_REPRESENTATION('',(#4411),#4415);
#4411 = LINE('',#4412,#4413);
#4412 = CARTESIAN_POINT('',(132.53667446398,48.6));
#4413 = VECTOR('',#4414,1.);
#4414 = DIRECTION('',(1.,-4.883714759069E-16));
#4415 = ( GEOMETRIC_REPRESENTATION_CONTEXT(2) 
PARAMETRIC_REPRESENTATION_CONTEXT() REPRESENTATION_CONTEXT('2D SPACE',''
  ) );
#4416 = ORIENTED_EDGE('',*,*,#4275,.F.);
#4417 = ADVANCED_FACE('',(#4418),#1666,.T.);
#4418 = FACE_BOUND('',#4419,.T.);
#4419 = EDGE_LOOP('',(#4420,#4421,#4422,#4445));
#4420 = ORIENTED_EDGE('',*,*,#1650,.F.);
#4421 = ORIENTED_EDGE('',*,*,#4348,.T.);
#4422 = ORIENTED_EDGE('',*,*,#4423,.T.);
#4423 = EDGE_CURVE('',#4326,#4424,#4426,.T.);
#4424 = VERTEX_POINT('',#4425);
#4425 = CARTESIAN_POINT('',(257.79873553618,61.2,12.7));
#4426 = SURFACE_CURVE('',#4427,(#4431,#4438),.PCURVE_S1.);
#4427 = LINE('',#4428,#4429);
#4428 = CARTESIAN_POINT('',(215.96101161212,-11.26506350946,12.7));
#4429 = VECTOR('',#4430,1.);
#4430 = DIRECTION('',(-0.5,-0.866025403784,0.));
#4431 = PCURVE('',#1666,#4432);
#4432 = DEFINITIONAL_REPRESENTATION('',(#4433),#4437);
#4433 = LINE('',#4434,#4435);
#4434 = CARTESIAN_POINT('',(98.224674631654,-12.7));
#4435 = VECTOR('',#4436,1.);
#4436 = DIRECTION('',(1.,0.));
#4437 = ( GEOMETRIC_REPRESENTATION_CONTEXT(2) 
PARAMETRIC_REPRESENTATION_CONTEXT() REPRESENTATION_CONTEXT('2D SPACE',''
  ) );
#4438 = PCURVE('',#2235,#4439);
#4439 = DEFINITIONAL_REPRESENTATION('',(#4440),#4444);
#4440 = LINE('',#4441,#4442);
#4441 = CARTESIAN_POINT('',(215.96101161212,-11.26506350946));
#4442 = VECTOR('',#4443,1.);
#4443 = DIRECTION('',(-0.5,-0.866025403784));
#4444 = ( GEOMETRIC_REPRESENTATION_CONTEXT(2) 
PARAMETRIC_REPRESENTATION_CONTEXT() REPRESENTATION_CONTEXT('2D SPACE',''
  ) );
#4445 = ORIENTED_EDGE('',*,*,#4446,.F.);
#4446 = EDGE_CURVE('',#1623,#4424,#4447,.T.);
#4447 = SURFACE_CURVE('',#4448,(#4452,#4459),.PCURVE_S1.);
#4448 = LINE('',#4449,#4450);
#4449 = CARTESIAN_POINT('',(257.79873553618,61.2,0.));
#4450 = VECTOR('',#4451,1.);
#4451 = DIRECTION('',(0.,0.,1.));
#4452 = PCURVE('',#1666,#4453);
#4453 = DEFINITIONAL_REPRESENTATION('',(#4454),#4458);
#4454 = LINE('',#4455,#4456);
#4455 = CARTESIAN_POINT('',(14.549226783579,0.));
#4456 = VECTOR('',#4457,1.);
#4457 = DIRECTION('',(0.,-1.));
#4458 = ( GEOMETRIC_REPRESENTATION_CONTEXT(2) 
PARAMETRIC_REPRESENTATION_CONTEXT() REPRESENTATION_CONTEXT('2D SPACE',''
  ) );
#4459 = PCURVE('',#1638,#4460);
#4460 = DEFINITIONAL_REPRESENTATION('',(#4461),#4465);
#4461 = LINE('',#4462,#4463);
#4462 = CARTESIAN_POINT('',(0.,0.));
#4463 = VECTOR('',#4464,1.);
#4464 = DIRECTION('',(0.,-1.));
#4465 = ( GEOMETRIC_REPRESENTATION_CONTEXT(2) 
PARAMETRIC_REPRESENTATION_CONTEXT() REPRESENTATION_CONTEXT('2D SPACE',''
  ) );
#4466 = ADVANCED_FACE('',(#4467),#1638,.T.);
#4467 = FACE_BOUND('',#4468,.T.);
#4468 = EDGE_LOOP('',(#4469,#4470,#4471,#4492));
#4469 = ORIENTED_EDGE('',*,*,#1622,.F.);
#4470 = ORIENTED_EDGE('',*,*,#4446,.T.);
#4471 = ORIENTED_EDGE('',*,*,#4472,.T.);
#4472 = EDGE_CURVE('',#4424,#4374,#4473,.T.);
#4473 = SURFACE_CURVE('',#4474,(#4478,#4485),.PCURVE_S1.);
#4474 = LINE('',#4475,#4476);
#4475 = CARTESIAN_POINT('',(238.82408227203,94.065063509479,12.7));
#4476 = VECTOR('',#4477,1.);
#4477 = DIRECTION('',(0.5,-0.866025403784,0.));
#4478 = PCURVE('',#1638,#4479);
#4479 = DEFINITIONAL_REPRESENTATION('',(#4480),#4484);
#4480 = LINE('',#4481,#4482);
#4481 = CARTESIAN_POINT('',(-37.94930652827,-12.7));
#4482 = VECTOR('',#4483,1.);
#4483 = DIRECTION('',(1.,0.));
#4484 = ( GEOMETRIC_REPRESENTATION_CONTEXT(2) 
PARAMETRIC_REPRESENTATION_CONTEXT() REPRESENTATION_CONTEXT('2D SPACE',''
  ) );
#4485 = PCURVE('',#2235,#4486);
#4486 = DEFINITIONAL_REPRESENTATION('',(#4487),#4491);
#4487 = LINE('',#4488,#4489);
#4488 = CARTESIAN_POINT('',(238.82408227203,94.065063509479));
#4489 = VECTOR('',#4490,1.);
#4490 = DIRECTION('',(0.5,-0.866025403784));
#4491 = ( GEOMETRIC_REPRESENTATION_CONTEXT(2) 
PARAMETRIC_REPRESENTATION_CONTEXT() REPRESENTATION_CONTEXT('2D SPACE',''
  ) );
#4492 = ORIENTED_EDGE('',*,*,#4373,.F.);
#4493 = ADVANCED_FACE('',(#4494),#1724,.T.);
#4494 = FACE_BOUND('',#4495,.T.);
#4495 = EDGE_LOOP('',(#4496,#4497,#4520,#4543));
#4496 = ORIENTED_EDGE('',*,*,#1706,.F.);
#4497 = ORIENTED_EDGE('',*,*,#4498,.T.);
#4498 = EDGE_CURVE('',#1707,#4499,#4501,.T.);
#4499 = VERTEX_POINT('',#4500);
#4500 = CARTESIAN_POINT('',(347.86537752976,61.2,12.7));
#4501 = SURFACE_CURVE('',#4502,(#4506,#4513),.PCURVE_S1.);
#4502 = LINE('',#4503,#4504);
#4503 = CARTESIAN_POINT('',(347.86537752976,61.2,0.));
#4504 = VECTOR('',#4505,1.);
#4505 = DIRECTION('',(0.,0.,1.));
#4506 = PCURVE('',#1724,#4507);
#4507 = DEFINITIONAL_REPRESENTATION('',(#4508),#4512);
#4508 = LINE('',#4509,#4510);
#4509 = CARTESIAN_POINT('',(0.,0.));
#4510 = VECTOR('',#4511,1.);
#4511 = DIRECTION('',(0.,-1.));
#4512 = ( GEOMETRIC_REPRESENTATION_CONTEXT(2) 
PARAMETRIC_REPRESENTATION_CONTEXT() REPRESENTATION_CONTEXT('2D SPACE',''
  ) );
#4513 = PCURVE('',#1752,#4514);
#4514 = DEFINITIONAL_REPRESENTATION('',(#4515),#4519);
#4515 = LINE('',#4516,#4517);
#4516 = CARTESIAN_POINT('',(14.549226783574,0.));
#4517 = VECTOR('',#4518,1.);
#4518 = DIRECTION('',(0.,-1.));
#4519 = ( GEOMETRIC_REPRESENTATION_CONTEXT(2) 
PARAMETRIC_REPRESENTATION_CONTEXT() REPRESENTATION_CONTEXT('2D SPACE',''
  ) );
#4520 = ORIENTED_EDGE('',*,*,#4521,.T.);
#4521 = EDGE_CURVE('',#4499,#4522,#4524,.T.);
#4522 = VERTEX_POINT('',#4523);
#4523 = CARTESIAN_POINT('',(340.59076413798,73.8,12.7));
#4524 = SURFACE_CURVE('',#4525,(#4529,#4536),.PCURVE_S1.);
#4525 = LINE('',#4526,#4527);
#4526 = CARTESIAN_POINT('',(317.63239401641,113.56506350948,12.7));
#4527 = VECTOR('',#4528,1.);
#4528 = DIRECTION('',(-0.5,0.866025403784,0.));
#4529 = PCURVE('',#1724,#4530);
#4530 = DEFINITIONAL_REPRESENTATION('',(#4531),#4535);
#4531 = LINE('',#4532,#4533);
#4532 = CARTESIAN_POINT('',(60.46596702667,-12.7));
#4533 = VECTOR('',#4534,1.);
#4534 = DIRECTION('',(1.,0.));
#4535 = ( GEOMETRIC_REPRESENTATION_CONTEXT(2) 
PARAMETRIC_REPRESENTATION_CONTEXT() REPRESENTATION_CONTEXT('2D SPACE',''
  ) );
#4536 = PCURVE('',#2235,#4537);
#4537 = DEFINITIONAL_REPRESENTATION('',(#4538),#4542);
#4538 = LINE('',#4539,#4540);
#4539 = CARTESIAN_POINT('',(317.63239401641,113.56506350948));
#4540 = VECTOR('',#4541,1.);
#4541 = DIRECTION('',(-0.5,0.866025403784));
#4542 = ( GEOMETRIC_REPRESENTATION_CONTEXT(2) 
PARAMETRIC_REPRESENTATION_CONTEXT() REPRESENTATION_CONTEXT('2D SPACE',''
  ) );
#4543 = ORIENTED_EDGE('',*,*,#4544,.F.);
#4544 = EDGE_CURVE('',#1709,#4522,#4545,.T.);
#4545 = SURFACE_CURVE('',#4546,(#4550,#4557),.PCURVE_S1.);
#4546 = LINE('',#4547,#4548);
#4547 = CARTESIAN_POINT('',(340.59076413798,73.8,0.));
#4548 = VECTOR('',#4549,1.);
#4549 = DIRECTION('',(0.,0.,1.));
#4550 = PCURVE('',#1724,#4551);
#4551 = DEFINITIONAL_REPRESENTATION('',(#4552),#4556);
#4552 = LINE('',#4553,#4554);
#4553 = CARTESIAN_POINT('',(14.549226783574,0.));
#4554 = VECTOR('',#4555,1.);
#4555 = DIRECTION('',(0.,-1.));
#4556 = ( GEOMETRIC_REPRESENTATION_CONTEXT(2) 
PARAMETRIC_REPRESENTATION_CONTEXT() REPRESENTATION_CONTEXT('2D SPACE',''
  ) );
#4557 = PCURVE('',#1862,#4558);
#4558 = DEFINITIONAL_REPRESENTATION('',(#4559),#4563);
#4559 = LINE('',#4560,#4561);
#4560 = CARTESIAN_POINT('',(0.,-0.));
#4561 = VECTOR('',#4562,1.);
#4562 = DIRECTION('',(0.,-1.));
#4563 = ( GEOMETRIC_REPRESENTATION_CONTEXT(2) 
PARAMETRIC_REPRESENTATION_CONTEXT() REPRESENTATION_CONTEXT('2D SPACE',''
  ) );
#4564 = ADVANCED_FACE('',(#4565),#1752,.T.);
#4565 = FACE_BOUND('',#4566,.T.);
#4566 = EDGE_LOOP('',(#4567,#4568,#4591,#4612));
#4567 = ORIENTED_EDGE('',*,*,#1736,.F.);
#4568 = ORIENTED_EDGE('',*,*,#4569,.T.);
#4569 = EDGE_CURVE('',#1737,#4570,#4572,.T.);
#4570 = VERTEX_POINT('',#4571);
#4571 = CARTESIAN_POINT('',(340.59076413798,48.6,12.7));
#4572 = SURFACE_CURVE('',#4573,(#4577,#4584),.PCURVE_S1.);
#4573 = LINE('',#4574,#4575);
#4574 = CARTESIAN_POINT('',(340.59076413798,48.6,0.));
#4575 = VECTOR('',#4576,1.);
#4576 = DIRECTION('',(0.,0.,1.));
#4577 = PCURVE('',#1752,#4578);
#4578 = DEFINITIONAL_REPRESENTATION('',(#4579),#4583);
#4579 = LINE('',#4580,#4581);
#4580 = CARTESIAN_POINT('',(0.,0.));
#4581 = VECTOR('',#4582,1.);
#4582 = DIRECTION('',(0.,-1.));
#4583 = ( GEOMETRIC_REPRESENTATION_CONTEXT(2) 
PARAMETRIC_REPRESENTATION_CONTEXT() REPRESENTATION_CONTEXT('2D SPACE',''
  ) );
#4584 = PCURVE('',#1780,#4585);
#4585 = DEFINITIONAL_REPRESENTATION('',(#4586),#4590);
#4586 = LINE('',#4587,#4588);
#4587 = CARTESIAN_POINT('',(14.54922678358,0.));
#4588 = VECTOR('',#4589,1.);
#4589 = DIRECTION('',(0.,-1.));
#4590 = ( GEOMETRIC_REPRESENTATION_CONTEXT(2) 
PARAMETRIC_REPRESENTATION_CONTEXT() REPRESENTATION_CONTEXT('2D SPACE',''
  ) );
#4591 = ORIENTED_EDGE('',*,*,#4592,.T.);
#4592 = EDGE_CURVE('',#4570,#4499,#4593,.T.);
#4593 = SURFACE_CURVE('',#4594,(#4598,#4605),.PCURVE_S1.);
#4594 = LINE('',#4595,#4596);
#4595 = CARTESIAN_POINT('',(287.49470996471,-43.36506350947,12.7));
#4596 = VECTOR('',#4597,1.);
#4597 = DIRECTION('',(0.5,0.866025403784,-0.));
#4598 = PCURVE('',#1752,#4599);
#4599 = DEFINITIONAL_REPRESENTATION('',(#4600),#4604);
#4600 = LINE('',#4601,#4602);
#4601 = CARTESIAN_POINT('',(-106.1921083464,-12.7));
#4602 = VECTOR('',#4603,1.);
#4603 = DIRECTION('',(1.,0.));
#4604 = ( GEOMETRIC_REPRESENTATION_CONTEXT(2) 
PARAMETRIC_REPRESENTATION_CONTEXT() REPRESENTATION_CONTEXT('2D SPACE',''
  ) );
#4605 = PCURVE('',#2235,#4606);
#4606 = DEFINITIONAL_REPRESENTATION('',(#4607),#4611);
#4607 = LINE('',#4608,#4609);
#4608 = CARTESIAN_POINT('',(287.49470996471,-43.36506350947));
#4609 = VECTOR('',#4610,1.);
#4610 = DIRECTION('',(0.5,0.866025403784));
#4611 = ( GEOMETRIC_REPRESENTATION_CONTEXT(2) 
PARAMETRIC_REPRESENTATION_CONTEXT() REPRESENTATION_CONTEXT('2D SPACE',''
  ) );
#4612 = ORIENTED_EDGE('',*,*,#4498,.F.);
#4613 = ADVANCED_FACE('',(#4614),#1862,.T.);
#4614 = FACE_BOUND('',#4615,.T.);
#4615 = EDGE_LOOP('',(#4616,#4617,#4618,#4641));
#4616 = ORIENTED_EDGE('',*,*,#1848,.F.);
#4617 = ORIENTED_EDGE('',*,*,#4544,.T.);
#4618 = ORIENTED_EDGE('',*,*,#4619,.T.);
#4619 = EDGE_CURVE('',#4522,#4620,#4622,.T.);
#4620 = VERTEX_POINT('',#4621);
#4621 = CARTESIAN_POINT('',(326.0415373544,73.8,12.7));
#4622 = SURFACE_CURVE('',#4623,(#4627,#4634),.PCURVE_S1.);
#4623 = LINE('',#4624,#4625);
#4624 = CARTESIAN_POINT('',(170.29538206899,73.8,12.7));
#4625 = VECTOR('',#4626,1.);
#4626 = DIRECTION('',(-1.,0.,0.));
#4627 = PCURVE('',#1862,#4628);
#4628 = DEFINITIONAL_REPRESENTATION('',(#4629),#4633);
#4629 = LINE('',#4630,#4631);
#4630 = CARTESIAN_POINT('',(170.29538206899,-12.7));
#4631 = VECTOR('',#4632,1.);
#4632 = DIRECTION('',(1.,0.));
#4633 = ( GEOMETRIC_REPRESENTATION_CONTEXT(2) 
PARAMETRIC_REPRESENTATION_CONTEXT() REPRESENTATION_CONTEXT('2D SPACE',''
  ) );
#4634 = PCURVE('',#2235,#4635);
#4635 = DEFINITIONAL_REPRESENTATION('',(#4636),#4640);
#4636 = LINE('',#4637,#4638);
#4637 = CARTESIAN_POINT('',(170.29538206899,73.8));
#4638 = VECTOR('',#4639,1.);
#4639 = DIRECTION('',(-1.,0.));
#4640 = ( GEOMETRIC_REPRESENTATION_CONTEXT(2) 
PARAMETRIC_REPRESENTATION_CONTEXT() REPRESENTATION_CONTEXT('2D SPACE',''
  ) );
#4641 = ORIENTED_EDGE('',*,*,#4642,.F.);
#4642 = EDGE_CURVE('',#1821,#4620,#4643,.T.);
#4643 = SURFACE_CURVE('',#4644,(#4648,#4655),.PCURVE_S1.);
#4644 = LINE('',#4645,#4646);
#4645 = CARTESIAN_POINT('',(326.0415373544,73.8,0.));
#4646 = VECTOR('',#4647,1.);
#4647 = DIRECTION('',(0.,0.,1.));
#4648 = PCURVE('',#1862,#4649);
#4649 = DEFINITIONAL_REPRESENTATION('',(#4650),#4654);
#4650 = LINE('',#4651,#4652);
#4651 = CARTESIAN_POINT('',(14.54922678358,0.));
#4652 = VECTOR('',#4653,1.);
#4653 = DIRECTION('',(0.,-1.));
#4654 = ( GEOMETRIC_REPRESENTATION_CONTEXT(2) 
PARAMETRIC_REPRESENTATION_CONTEXT() REPRESENTATION_CONTEXT('2D SPACE',''
  ) );
#4655 = PCURVE('',#1836,#4656);
#4656 = DEFINITIONAL_REPRESENTATION('',(#4657),#4661);
#4657 = LINE('',#4658,#4659);
#4658 = CARTESIAN_POINT('',(0.,0.));
#4659 = VECTOR('',#4660,1.);
#4660 = DIRECTION('',(0.,-1.));
#4661 = ( GEOMETRIC_REPRESENTATION_CONTEXT(2) 
PARAMETRIC_REPRESENTATION_CONTEXT() REPRESENTATION_CONTEXT('2D SPACE',''
  ) );
#4662 = ADVANCED_FACE('',(#4663),#1780,.T.);
#4663 = FACE_BOUND('',#4664,.T.);
#4664 = EDGE_LOOP('',(#4665,#4666,#4689,#4710));
#4665 = ORIENTED_EDGE('',*,*,#1764,.F.);
#4666 = ORIENTED_EDGE('',*,*,#4667,.T.);
#4667 = EDGE_CURVE('',#1765,#4668,#4670,.T.);
#4668 = VERTEX_POINT('',#4669);
#4669 = CARTESIAN_POINT('',(326.0415373544,48.6,12.7));
#4670 = SURFACE_CURVE('',#4671,(#4675,#4682),.PCURVE_S1.);
#4671 = LINE('',#4672,#4673);
#4672 = CARTESIAN_POINT('',(326.0415373544,48.6,0.));
#4673 = VECTOR('',#4674,1.);
#4674 = DIRECTION('',(0.,0.,1.));
#4675 = PCURVE('',#1780,#4676);
#4676 = DEFINITIONAL_REPRESENTATION('',(#4677),#4681);
#4677 = LINE('',#4678,#4679);
#4678 = CARTESIAN_POINT('',(0.,0.));
#4679 = VECTOR('',#4680,1.);
#4680 = DIRECTION('',(0.,-1.));
#4681 = ( GEOMETRIC_REPRESENTATION_CONTEXT(2) 
PARAMETRIC_REPRESENTATION_CONTEXT() REPRESENTATION_CONTEXT('2D SPACE',''
  ) );
#4682 = PCURVE('',#1808,#4683);
#4683 = DEFINITIONAL_REPRESENTATION('',(#4684),#4688);
#4684 = LINE('',#4685,#4686);
#4685 = CARTESIAN_POINT('',(14.549226783579,0.));
#4686 = VECTOR('',#4687,1.);
#4687 = DIRECTION('',(0.,-1.));
#4688 = ( GEOMETRIC_REPRESENTATION_CONTEXT(2) 
PARAMETRIC_REPRESENTATION_CONTEXT() REPRESENTATION_CONTEXT('2D SPACE',''
  ) );
#4689 = ORIENTED_EDGE('',*,*,#4690,.T.);
#4690 = EDGE_CURVE('',#4668,#4570,#4691,.T.);
#4691 = SURFACE_CURVE('',#4692,(#4696,#4703),.PCURVE_S1.);
#4692 = LINE('',#4693,#4694);
#4693 = CARTESIAN_POINT('',(163.0207686772,48.6,12.7));
#4694 = VECTOR('',#4695,1.);
#4695 = DIRECTION('',(1.,-4.883714759069E-16,0.));
#4696 = PCURVE('',#1780,#4697);
#4697 = DEFINITIONAL_REPRESENTATION('',(#4698),#4702);
#4698 = LINE('',#4699,#4700);
#4699 = CARTESIAN_POINT('',(-163.0207686772,-12.7));
#4700 = VECTOR('',#4701,1.);
#4701 = DIRECTION('',(1.,0.));
#4702 = ( GEOMETRIC_REPRESENTATION_CONTEXT(2) 
PARAMETRIC_REPRESENTATION_CONTEXT() REPRESENTATION_CONTEXT('2D SPACE',''
  ) );
#4703 = PCURVE('',#2235,#4704);
#4704 = DEFINITIONAL_REPRESENTATION('',(#4705),#4709);
#4705 = LINE('',#4706,#4707);
#4706 = CARTESIAN_POINT('',(163.0207686772,48.6));
#4707 = VECTOR('',#4708,1.);
#4708 = DIRECTION('',(1.,-4.883714759069E-16));
#4709 = ( GEOMETRIC_REPRESENTATION_CONTEXT(2) 
PARAMETRIC_REPRESENTATION_CONTEXT() REPRESENTATION_CONTEXT('2D SPACE',''
  ) );
#4710 = ORIENTED_EDGE('',*,*,#4569,.F.);
#4711 = ADVANCED_FACE('',(#4712),#1836,.T.);
#4712 = FACE_BOUND('',#4713,.T.);
#4713 = EDGE_LOOP('',(#4714,#4715,#4716,#4739));
#4714 = ORIENTED_EDGE('',*,*,#1820,.F.);
#4715 = ORIENTED_EDGE('',*,*,#4642,.T.);
#4716 = ORIENTED_EDGE('',*,*,#4717,.T.);
#4717 = EDGE_CURVE('',#4620,#4718,#4720,.T.);
#4718 = VERTEX_POINT('',#4719);
#4719 = CARTESIAN_POINT('',(318.76692396261,61.2,12.7));
#4720 = SURFACE_CURVE('',#4721,(#4725,#4732),.PCURVE_S1.);
#4721 = LINE('',#4722,#4723);
#4722 = CARTESIAN_POINT('',(269.30817648524,-24.46506350947,12.7));
#4723 = VECTOR('',#4724,1.);
#4724 = DIRECTION('',(-0.5,-0.866025403784,0.));
#4725 = PCURVE('',#1836,#4726);
#4726 = DEFINITIONAL_REPRESENTATION('',(#4727),#4731);
#4727 = LINE('',#4728,#4729);
#4728 = CARTESIAN_POINT('',(113.46672173827,-12.7));
#4729 = VECTOR('',#4730,1.);
#4730 = DIRECTION('',(1.,0.));
#4731 = ( GEOMETRIC_REPRESENTATION_CONTEXT(2) 
PARAMETRIC_REPRESENTATION_CONTEXT() REPRESENTATION_CONTEXT('2D SPACE',''
  ) );
#4732 = PCURVE('',#2235,#4733);
#4733 = DEFINITIONAL_REPRESENTATION('',(#4734),#4738);
#4734 = LINE('',#4735,#4736);
#4735 = CARTESIAN_POINT('',(269.30817648524,-24.46506350947));
#4736 = VECTOR('',#4737,1.);
#4737 = DIRECTION('',(-0.5,-0.866025403784));
#4738 = ( GEOMETRIC_REPRESENTATION_CONTEXT(2) 
PARAMETRIC_REPRESENTATION_CONTEXT() REPRESENTATION_CONTEXT('2D SPACE',''
  ) );
#4739 = ORIENTED_EDGE('',*,*,#4740,.F.);
#4740 = EDGE_CURVE('',#1793,#4718,#4741,.T.);
#4741 = SURFACE_CURVE('',#4742,(#4746,#4753),.PCURVE_S1.);
#4742 = LINE('',#4743,#4744);
#4743 = CARTESIAN_POINT('',(318.76692396261,61.2,0.));
#4744 = VECTOR('',#4745,1.);
#4745 = DIRECTION('',(0.,0.,1.));
#4746 = PCURVE('',#1836,#4747);
#4747 = DEFINITIONAL_REPRESENTATION('',(#4748),#4752);
#4748 = LINE('',#4749,#4750);
#4749 = CARTESIAN_POINT('',(14.549226783579,0.));
#4750 = VECTOR('',#4751,1.);
#4751 = DIRECTION('',(0.,-1.));
#4752 = ( GEOMETRIC_REPRESENTATION_CONTEXT(2) 
PARAMETRIC_REPRESENTATION_CONTEXT() REPRESENTATION_CONTEXT('2D SPACE',''
  ) );
#4753 = PCURVE('',#1808,#4754);
#4754 = DEFINITIONAL_REPRESENTATION('',(#4755),#4759);
#4755 = LINE('',#4756,#4757);
#4756 = CARTESIAN_POINT('',(0.,0.));
#4757 = VECTOR('',#4758,1.);
#4758 = DIRECTION('',(0.,-1.));
#4759 = ( GEOMETRIC_REPRESENTATION_CONTEXT(2) 
PARAMETRIC_REPRESENTATION_CONTEXT() REPRESENTATION_CONTEXT('2D SPACE',''
  ) );
#4760 = ADVANCED_FACE('',(#4761),#1808,.T.);
#4761 = FACE_BOUND('',#4762,.T.);
#4762 = EDGE_LOOP('',(#4763,#4764,#4765,#4786));
#4763 = ORIENTED_EDGE('',*,*,#1792,.F.);
#4764 = ORIENTED_EDGE('',*,*,#4740,.T.);
#4765 = ORIENTED_EDGE('',*,*,#4766,.T.);
#4766 = EDGE_CURVE('',#4718,#4668,#4767,.T.);
#4767 = SURFACE_CURVE('',#4768,(#4772,#4779),.PCURVE_S1.);
#4768 = LINE('',#4769,#4770);
#4769 = CARTESIAN_POINT('',(292.17124714515,107.26506350948,12.7));
#4770 = VECTOR('',#4771,1.);
#4771 = DIRECTION('',(0.5,-0.866025403784,0.));
#4772 = PCURVE('',#1808,#4773);
#4773 = DEFINITIONAL_REPRESENTATION('',(#4774),#4778);
#4774 = LINE('',#4775,#4776);
#4775 = CARTESIAN_POINT('',(-53.19135363488,-12.7));
#4776 = VECTOR('',#4777,1.);
#4777 = DIRECTION('',(1.,0.));
#4778 = ( GEOMETRIC_REPRESENTATION_CONTEXT(2) 
PARAMETRIC_REPRESENTATION_CONTEXT() REPRESENTATION_CONTEXT('2D SPACE',''
  ) );
#4779 = PCURVE('',#2235,#4780);
#4780 = DEFINITIONAL_REPRESENTATION('',(#4781),#4785);
#4781 = LINE('',#4782,#4783);
#4782 = CARTESIAN_POINT('',(292.17124714515,107.26506350948));
#4783 = VECTOR('',#4784,1.);
#4784 = DIRECTION('',(0.5,-0.866025403784));
#4785 = ( GEOMETRIC_REPRESENTATION_CONTEXT(2) 
PARAMETRIC_REPRESENTATION_CONTEXT() REPRESENTATION_CONTEXT('2D SPACE',''
  ) );
#4786 = ORIENTED_EDGE('',*,*,#4667,.F.);
#4787 = ADVANCED_FACE('',(#4788),#1894,.T.);
#4788 = FACE_BOUND('',#4789,.T.);
#4789 = EDGE_LOOP('',(#4790,#4791,#4814,#4837));
#4790 = ORIENTED_EDGE('',*,*,#1876,.F.);
#4791 = ORIENTED_EDGE('',*,*,#4792,.T.);
#4792 = EDGE_CURVE('',#1877,#4793,#4795,.T.);
#4793 = VERTEX_POINT('',#4794);
#4794 = CARTESIAN_POINT('',(317.38128331655,78.8,12.7));
#4795 = SURFACE_CURVE('',#4796,(#4800,#4807),.PCURVE_S1.);
#4796 = LINE('',#4797,#4798);
#4797 = CARTESIAN_POINT('',(317.38128331655,78.8,0.));
#4798 = VECTOR('',#4799,1.);
#4799 = DIRECTION('',(0.,0.,1.));
#4800 = PCURVE('',#1894,#4801);
#4801 = DEFINITIONAL_REPRESENTATION('',(#4802),#4806);
#4802 = LINE('',#4803,#4804);
#4803 = CARTESIAN_POINT('',(0.,0.));
#4804 = VECTOR('',#4805,1.);
#4805 = DIRECTION('',(0.,-1.));
#4806 = ( GEOMETRIC_REPRESENTATION_CONTEXT(2) 
PARAMETRIC_REPRESENTATION_CONTEXT() REPRESENTATION_CONTEXT('2D SPACE',''
  ) );
#4807 = PCURVE('',#1922,#4808);
#4808 = DEFINITIONAL_REPRESENTATION('',(#4809),#4813);
#4809 = LINE('',#4810,#4811);
#4810 = CARTESIAN_POINT('',(14.549226783579,0.));
#4811 = VECTOR('',#4812,1.);
#4812 = DIRECTION('',(0.,-1.));
#4813 = ( GEOMETRIC_REPRESENTATION_CONTEXT(2) 
PARAMETRIC_REPRESENTATION_CONTEXT() REPRESENTATION_CONTEXT('2D SPACE',''
  ) );
#4814 = ORIENTED_EDGE('',*,*,#4815,.T.);
#4815 = EDGE_CURVE('',#4793,#4816,#4818,.T.);
#4816 = VERTEX_POINT('',#4817);
#4817 = CARTESIAN_POINT('',(310.10666992476,91.4,12.7));
#4818 = SURFACE_CURVE('',#4819,(#4823,#4830),.PCURVE_S1.);
#4819 = LINE('',#4820,#4821);
#4820 = CARTESIAN_POINT('',(294.7693233565,117.96506350948,12.7));
#4821 = VECTOR('',#4822,1.);
#4822 = DIRECTION('',(-0.5,0.866025403784,0.));
#4823 = PCURVE('',#1894,#4824);
#4824 = DEFINITIONAL_REPRESENTATION('',(#4825),#4829);
#4825 = LINE('',#4826,#4827);
#4826 = CARTESIAN_POINT('',(45.223919920066,-12.7));
#4827 = VECTOR('',#4828,1.);
#4828 = DIRECTION('',(1.,0.));
#4829 = ( GEOMETRIC_REPRESENTATION_CONTEXT(2) 
PARAMETRIC_REPRESENTATION_CONTEXT() REPRESENTATION_CONTEXT('2D SPACE',''
  ) );
#4830 = PCURVE('',#2235,#4831);
#4831 = DEFINITIONAL_REPRESENTATION('',(#4832),#4836);
#4832 = LINE('',#4833,#4834);
#4833 = CARTESIAN_POINT('',(294.7693233565,117.96506350948));
#4834 = VECTOR('',#4835,1.);
#4835 = DIRECTION('',(-0.5,0.866025403784));
#4836 = ( GEOMETRIC_REPRESENTATION_CONTEXT(2) 
PARAMETRIC_REPRESENTATION_CONTEXT() REPRESENTATION_CONTEXT('2D SPACE',''
  ) );
#4837 = ORIENTED_EDGE('',*,*,#4838,.F.);
#4838 = EDGE_CURVE('',#1879,#4816,#4839,.T.);
#4839 = SURFACE_CURVE('',#4840,(#4844,#4851),.PCURVE_S1.);
#4840 = LINE('',#4841,#4842);
#4841 = CARTESIAN_POINT('',(310.10666992476,91.4,0.));
#4842 = VECTOR('',#4843,1.);
#4843 = DIRECTION('',(0.,0.,1.));
#4844 = PCURVE('',#1894,#4845);
#4845 = DEFINITIONAL_REPRESENTATION('',(#4846),#4850);
#4846 = LINE('',#4847,#4848);
#4847 = CARTESIAN_POINT('',(14.549226783579,0.));
#4848 = VECTOR('',#4849,1.);
#4849 = DIRECTION('',(0.,-1.));
#4850 = ( GEOMETRIC_REPRESENTATION_CONTEXT(2) 
PARAMETRIC_REPRESENTATION_CONTEXT() REPRESENTATION_CONTEXT('2D SPACE',''
  ) );
#4851 = PCURVE('',#2032,#4852);
#4852 = DEFINITIONAL_REPRESENTATION('',(#4853),#4857);
#4853 = LINE('',#4854,#4855);
#4854 = CARTESIAN_POINT('',(0.,0.));
#4855 = VECTOR('',#4856,1.);
#4856 = DIRECTION('',(0.,-1.));
#4857 = ( GEOMETRIC_REPRESENTATION_CONTEXT(2) 
PARAMETRIC_REPRESENTATION_CONTEXT() REPRESENTATION_CONTEXT('2D SPACE',''
  ) );
#4858 = ADVANCED_FACE('',(#4859),#1922,.T.);
#4859 = FACE_BOUND('',#4860,.T.);
#4860 = EDGE_LOOP('',(#4861,#4862,#4885,#4906));
#4861 = ORIENTED_EDGE('',*,*,#1906,.F.);
#4862 = ORIENTED_EDGE('',*,*,#4863,.T.);
#4863 = EDGE_CURVE('',#1907,#4864,#4866,.T.);
#4864 = VERTEX_POINT('',#4865);
#4865 = CARTESIAN_POINT('',(310.10666992476,66.2,12.7));
#4866 = SURFACE_CURVE('',#4867,(#4871,#4878),.PCURVE_S1.);
#4867 = LINE('',#4868,#4869);
#4868 = CARTESIAN_POINT('',(310.10666992476,66.2,0.));
#4869 = VECTOR('',#4870,1.);
#4870 = DIRECTION('',(0.,0.,1.));
#4871 = PCURVE('',#1922,#4872);
#4872 = DEFINITIONAL_REPRESENTATION('',(#4873),#4877);
#4873 = LINE('',#4874,#4875);
#4874 = CARTESIAN_POINT('',(0.,0.));
#4875 = VECTOR('',#4876,1.);
#4876 = DIRECTION('',(0.,-1.));
#4877 = ( GEOMETRIC_REPRESENTATION_CONTEXT(2) 
PARAMETRIC_REPRESENTATION_CONTEXT() REPRESENTATION_CONTEXT('2D SPACE',''
  ) );
#4878 = PCURVE('',#1950,#4879);
#4879 = DEFINITIONAL_REPRESENTATION('',(#4880),#4884);
#4880 = LINE('',#4881,#4882);
#4881 = CARTESIAN_POINT('',(14.54922678358,0.));
#4882 = VECTOR('',#4883,1.);
#4883 = DIRECTION('',(0.,-1.));
#4884 = ( GEOMETRIC_REPRESENTATION_CONTEXT(2) 
PARAMETRIC_REPRESENTATION_CONTEXT() REPRESENTATION_CONTEXT('2D SPACE',''
  ) );
#4885 = ORIENTED_EDGE('',*,*,#4886,.T.);
#4886 = EDGE_CURVE('',#4864,#4793,#4887,.T.);
#4887 = SURFACE_CURVE('',#4888,(#4892,#4899),.PCURVE_S1.);
#4888 = LINE('',#4889,#4890);
#4889 = CARTESIAN_POINT('',(257.01061575149,-25.76506350947,12.7));
#4890 = VECTOR('',#4891,1.);
#4891 = DIRECTION('',(0.5,0.866025403784,-0.));
#4892 = PCURVE('',#1922,#4893);
#4893 = DEFINITIONAL_REPRESENTATION('',(#4894),#4898);
#4894 = LINE('',#4895,#4896);
#4895 = CARTESIAN_POINT('',(-106.1921083464,-12.7));
#4896 = VECTOR('',#4897,1.);
#4897 = DIRECTION('',(1.,0.));
#4898 = ( GEOMETRIC_REPRESENTATION_CONTEXT(2) 
PARAMETRIC_REPRESENTATION_CONTEXT() REPRESENTATION_CONTEXT('2D SPACE',''
  ) );
#4899 = PCURVE('',#2235,#4900);
#4900 = DEFINITIONAL_REPRESENTATION('',(#4901),#4905);
#4901 = LINE('',#4902,#4903);
#4902 = CARTESIAN_POINT('',(257.01061575149,-25.76506350947));
#4903 = VECTOR('',#4904,1.);
#4904 = DIRECTION('',(0.5,0.866025403784));
#4905 = ( GEOMETRIC_REPRESENTATION_CONTEXT(2) 
PARAMETRIC_REPRESENTATION_CONTEXT() REPRESENTATION_CONTEXT('2D SPACE',''
  ) );
#4906 = ORIENTED_EDGE('',*,*,#4792,.F.);
#4907 = ADVANCED_FACE('',(#4908),#2032,.T.);
#4908 = FACE_BOUND('',#4909,.T.);
#4909 = EDGE_LOOP('',(#4910,#4911,#4912,#4935));
#4910 = ORIENTED_EDGE('',*,*,#2018,.F.);
#4911 = ORIENTED_EDGE('',*,*,#4838,.T.);
#4912 = ORIENTED_EDGE('',*,*,#4913,.T.);
#4913 = EDGE_CURVE('',#4816,#4914,#4916,.T.);
#4914 = VERTEX_POINT('',#4915);
#4915 = CARTESIAN_POINT('',(295.55744314118,91.4,12.7));
#4916 = SURFACE_CURVE('',#4917,(#4921,#4928),.PCURVE_S1.);
#4917 = LINE('',#4918,#4919);
#4918 = CARTESIAN_POINT('',(155.05333496238,91.4,12.7));
#4919 = VECTOR('',#4920,1.);
#4920 = DIRECTION('',(-1.,9.767429518139E-16,0.));
#4921 = PCURVE('',#2032,#4922);
#4922 = DEFINITIONAL_REPRESENTATION('',(#4923),#4927);
#4923 = LINE('',#4924,#4925);
#4924 = CARTESIAN_POINT('',(155.05333496238,-12.7));
#4925 = VECTOR('',#4926,1.);
#4926 = DIRECTION('',(1.,0.));
#4927 = ( GEOMETRIC_REPRESENTATION_CONTEXT(2) 
PARAMETRIC_REPRESENTATION_CONTEXT() REPRESENTATION_CONTEXT('2D SPACE',''
  ) );
#4928 = PCURVE('',#2235,#4929);
#4929 = DEFINITIONAL_REPRESENTATION('',(#4930),#4934);
#4930 = LINE('',#4931,#4932);
#4931 = CARTESIAN_POINT('',(155.05333496238,91.4));
#4932 = VECTOR('',#4933,1.);
#4933 = DIRECTION('',(-1.,9.767429518139E-16));
#4934 = ( GEOMETRIC_REPRESENTATION_CONTEXT(2) 
PARAMETRIC_REPRESENTATION_CONTEXT() REPRESENTATION_CONTEXT('2D SPACE',''
  ) );
#4935 = ORIENTED_EDGE('',*,*,#4936,.F.);
#4936 = EDGE_CURVE('',#1991,#4914,#4937,.T.);
#4937 = SURFACE_CURVE('',#4938,(#4942,#4949),.PCURVE_S1.);
#4938 = LINE('',#4939,#4940);
#4939 = CARTESIAN_POINT('',(295.55744314118,91.4,0.));
#4940 = VECTOR('',#4941,1.);
#4941 = DIRECTION('',(0.,0.,1.));
#4942 = PCURVE('',#2032,#4943);
#4943 = DEFINITIONAL_REPRESENTATION('',(#4944),#4948);
#4944 = LINE('',#4945,#4946);
#4945 = CARTESIAN_POINT('',(14.54922678358,0.));
#4946 = VECTOR('',#4947,1.);
#4947 = DIRECTION('',(0.,-1.));
#4948 = ( GEOMETRIC_REPRESENTATION_CONTEXT(2) 
PARAMETRIC_REPRESENTATION_CONTEXT() REPRESENTATION_CONTEXT('2D SPACE',''
  ) );
#4949 = PCURVE('',#2006,#4950);
#4950 = DEFINITIONAL_REPRESENTATION('',(#4951),#4955);
#4951 = LINE('',#4952,#4953);
#4952 = CARTESIAN_POINT('',(0.,0.));
#4953 = VECTOR('',#4954,1.);
#4954 = DIRECTION('',(0.,-1.));
#4955 = ( GEOMETRIC_REPRESENTATION_CONTEXT(2) 
PARAMETRIC_REPRESENTATION_CONTEXT() REPRESENTATION_CONTEXT('2D SPACE',''
  ) );
#4956 = ADVANCED_FACE('',(#4957),#1950,.T.);
#4957 = FACE_BOUND('',#4958,.T.);
#4958 = EDGE_LOOP('',(#4959,#4960,#4983,#5004));
#4959 = ORIENTED_EDGE('',*,*,#1934,.F.);
#4960 = ORIENTED_EDGE('',*,*,#4961,.T.);
#4961 = EDGE_CURVE('',#1935,#4962,#4964,.T.);
#4962 = VERTEX_POINT('',#4963);
#4963 = CARTESIAN_POINT('',(295.55744314118,66.2,12.7));
#4964 = SURFACE_CURVE('',#4965,(#4969,#4976),.PCURVE_S1.);
#4965 = LINE('',#4966,#4967);
#4966 = CARTESIAN_POINT('',(295.55744314118,66.2,0.));
#4967 = VECTOR('',#4968,1.);
#4968 = DIRECTION('',(0.,0.,1.));
#4969 = PCURVE('',#1950,#4970);
#4970 = DEFINITIONAL_REPRESENTATION('',(#4971),#4975);
#4971 = LINE('',#4972,#4973);
#4972 = CARTESIAN_POINT('',(0.,0.));
#4973 = VECTOR('',#4974,1.);
#4974 = DIRECTION('',(0.,-1.));
#4975 = ( GEOMETRIC_REPRESENTATION_CONTEXT(2) 
PARAMETRIC_REPRESENTATION_CONTEXT() REPRESENTATION_CONTEXT('2D SPACE',''
  ) );
#4976 = PCURVE('',#1978,#4977);
#4977 = DEFINITIONAL_REPRESENTATION('',(#4978),#4982);
#4978 = LINE('',#4979,#4980);
#4979 = CARTESIAN_POINT('',(14.549226783574,0.));
#4980 = VECTOR('',#4981,1.);
#4981 = DIRECTION('',(0.,-1.));
#4982 = ( GEOMETRIC_REPRESENTATION_CONTEXT(2) 
PARAMETRIC_REPRESENTATION_CONTEXT() REPRESENTATION_CONTEXT('2D SPACE',''
  ) );
#4983 = ORIENTED_EDGE('',*,*,#4984,.T.);
#4984 = EDGE_CURVE('',#4962,#4864,#4985,.T.);
#4985 = SURFACE_CURVE('',#4986,(#4990,#4997),.PCURVE_S1.);
#4986 = LINE('',#4987,#4988);
#4987 = CARTESIAN_POINT('',(147.77872157059,66.2,12.7));
#4988 = VECTOR('',#4989,1.);
#4989 = DIRECTION('',(1.,0.,0.));
#4990 = PCURVE('',#1950,#4991);
#4991 = DEFINITIONAL_REPRESENTATION('',(#4992),#4996);
#4992 = LINE('',#4993,#4994);
#4993 = CARTESIAN_POINT('',(-147.7787215705,-12.7));
#4994 = VECTOR('',#4995,1.);
#4995 = DIRECTION('',(1.,0.));
#4996 = ( GEOMETRIC_REPRESENTATION_CONTEXT(2) 
PARAMETRIC_REPRESENTATION_CONTEXT() REPRESENTATION_CONTEXT('2D SPACE',''
  ) );
#4997 = PCURVE('',#2235,#4998);
#4998 = DEFINITIONAL_REPRESENTATION('',(#4999),#5003);
#4999 = LINE('',#5000,#5001);
#5000 = CARTESIAN_POINT('',(147.77872157059,66.2));
#5001 = VECTOR('',#5002,1.);
#5002 = DIRECTION('',(1.,0.));
#5003 = ( GEOMETRIC_REPRESENTATION_CONTEXT(2) 
PARAMETRIC_REPRESENTATION_CONTEXT() REPRESENTATION_CONTEXT('2D SPACE',''
  ) );
#5004 = ORIENTED_EDGE('',*,*,#4863,.F.);
#5005 = ADVANCED_FACE('',(#5006),#2006,.T.);
#5006 = FACE_BOUND('',#5007,.T.);
#5007 = EDGE_LOOP('',(#5008,#5009,#5010,#5033));
#5008 = ORIENTED_EDGE('',*,*,#1990,.F.);
#5009 = ORIENTED_EDGE('',*,*,#4936,.T.);
#5010 = ORIENTED_EDGE('',*,*,#5011,.T.);
#5011 = EDGE_CURVE('',#4914,#5012,#5014,.T.);
#5012 = VERTEX_POINT('',#5013);
#5013 = CARTESIAN_POINT('',(288.2828297494,78.8,12.7));
#5014 = SURFACE_CURVE('',#5015,(#5019,#5026),.PCURVE_S1.);
#5015 = LINE('',#5016,#5017);
#5016 = CARTESIAN_POINT('',(238.82408227202,-6.865063509467,12.7));
#5017 = VECTOR('',#5018,1.);
#5018 = DIRECTION('',(-0.5,-0.866025403784,0.));
#5019 = PCURVE('',#2006,#5020);
#5020 = DEFINITIONAL_REPRESENTATION('',(#5021),#5025);
#5021 = LINE('',#5022,#5023);
#5022 = CARTESIAN_POINT('',(113.46672173827,-12.7));
#5023 = VECTOR('',#5024,1.);
#5024 = DIRECTION('',(1.,0.));
#5025 = ( GEOMETRIC_REPRESENTATION_CONTEXT(2) 
PARAMETRIC_REPRESENTATION_CONTEXT() REPRESENTATION_CONTEXT('2D SPACE',''
  ) );
#5026 = PCURVE('',#2235,#5027);
#5027 = DEFINITIONAL_REPRESENTATION('',(#5028),#5032);
#5028 = LINE('',#5029,#5030);
#5029 = CARTESIAN_POINT('',(238.82408227202,-6.865063509467));
#5030 = VECTOR('',#5031,1.);
#5031 = DIRECTION('',(-0.5,-0.866025403784));
#5032 = ( GEOMETRIC_REPRESENTATION_CONTEXT(2) 
PARAMETRIC_REPRESENTATION_CONTEXT() REPRESENTATION_CONTEXT('2D SPACE',''
  ) );
#5033 = ORIENTED_EDGE('',*,*,#5034,.F.);
#5034 = EDGE_CURVE('',#1963,#5012,#5035,.T.);
#5035 = SURFACE_CURVE('',#5036,(#5040,#5047),.PCURVE_S1.);
#5036 = LINE('',#5037,#5038);
#5037 = CARTESIAN_POINT('',(288.2828297494,78.8,0.));
#5038 = VECTOR('',#5039,1.);
#5039 = DIRECTION('',(0.,0.,1.));
#5040 = PCURVE('',#2006,#5041);
#5041 = DEFINITIONAL_REPRESENTATION('',(#5042),#5046);
#5042 = LINE('',#5043,#5044);
#5043 = CARTESIAN_POINT('',(14.549226783574,0.));
#5044 = VECTOR('',#5045,1.);
#5045 = DIRECTION('',(0.,-1.));
#5046 = ( GEOMETRIC_REPRESENTATION_CONTEXT(2) 
PARAMETRIC_REPRESENTATION_CONTEXT() REPRESENTATION_CONTEXT('2D SPACE',''
  ) );
#5047 = PCURVE('',#1978,#5048);
#5048 = DEFINITIONAL_REPRESENTATION('',(#5049),#5053);
#5049 = LINE('',#5050,#5051);
#5050 = CARTESIAN_POINT('',(0.,0.));
#5051 = VECTOR('',#5052,1.);
#5052 = DIRECTION('',(0.,-1.));
#5053 = ( GEOMETRIC_REPRESENTATION_CONTEXT(2) 
PARAMETRIC_REPRESENTATION_CONTEXT() REPRESENTATION_CONTEXT('2D SPACE',''
  ) );
#5054 = ADVANCED_FACE('',(#5055),#1978,.T.);
#5055 = FACE_BOUND('',#5056,.T.);
#5056 = EDGE_LOOP('',(#5057,#5058,#5059,#5080));
#5057 = ORIENTED_EDGE('',*,*,#1962,.F.);
#5058 = ORIENTED_EDGE('',*,*,#5034,.T.);
#5059 = ORIENTED_EDGE('',*,*,#5060,.T.);
#5060 = EDGE_CURVE('',#5012,#4962,#5061,.T.);
#5061 = SURFACE_CURVE('',#5062,(#5066,#5073),.PCURVE_S1.);
#5062 = LINE('',#5063,#5064);
#5063 = CARTESIAN_POINT('',(269.30817648525,111.66506350948,12.7));
#5064 = VECTOR('',#5065,1.);
#5065 = DIRECTION('',(0.5,-0.866025403784,0.));
#5066 = PCURVE('',#1978,#5067);
#5067 = DEFINITIONAL_REPRESENTATION('',(#5068),#5072);
#5068 = LINE('',#5069,#5070);
#5069 = CARTESIAN_POINT('',(-37.94930652827,-12.7));
#5070 = VECTOR('',#5071,1.);
#5071 = DIRECTION('',(1.,0.));
#5072 = ( GEOMETRIC_REPRESENTATION_CONTEXT(2) 
PARAMETRIC_REPRESENTATION_CONTEXT() REPRESENTATION_CONTEXT('2D SPACE',''
  ) );
#5073 = PCURVE('',#2235,#5074);
#5074 = DEFINITIONAL_REPRESENTATION('',(#5075),#5079);
#5075 = LINE('',#5076,#5077);
#5076 = CARTESIAN_POINT('',(269.30817648525,111.66506350948));
#5077 = VECTOR('',#5078,1.);
#5078 = DIRECTION('',(0.5,-0.866025403784));
#5079 = ( GEOMETRIC_REPRESENTATION_CONTEXT(2) 
PARAMETRIC_REPRESENTATION_CONTEXT() REPRESENTATION_CONTEXT('2D SPACE',''
  ) );
#5080 = ORIENTED_EDGE('',*,*,#4961,.F.);
#5081 = ADVANCED_FACE('',(#5082),#2064,.T.);
#5082 = FACE_BOUND('',#5083,.T.);
#5083 = EDGE_LOOP('',(#5084,#5085,#5108,#5131));
#5084 = ORIENTED_EDGE('',*,*,#2046,.F.);
#5085 = ORIENTED_EDGE('',*,*,#5086,.T.);
#5086 = EDGE_CURVE('',#2047,#5087,#5089,.T.);
#5087 = VERTEX_POINT('',#5088);
#5088 = CARTESIAN_POINT('',(378.34947174298,78.8,12.7));
#5089 = SURFACE_CURVE('',#5090,(#5094,#5101),.PCURVE_S1.);
#5090 = LINE('',#5091,#5092);
#5091 = CARTESIAN_POINT('',(378.34947174298,78.8,0.));
#5092 = VECTOR('',#5093,1.);
#5093 = DIRECTION('',(0.,0.,1.));
#5094 = PCURVE('',#2064,#5095);
#5095 = DEFINITIONAL_REPRESENTATION('',(#5096),#5100);
#5096 = LINE('',#5097,#5098);
#5097 = CARTESIAN_POINT('',(0.,0.));
#5098 = VECTOR('',#5099,1.);
#5099 = DIRECTION('',(0.,-1.));
#5100 = ( GEOMETRIC_REPRESENTATION_CONTEXT(2) 
PARAMETRIC_REPRESENTATION_CONTEXT() REPRESENTATION_CONTEXT('2D SPACE',''
  ) );
#5101 = PCURVE('',#2092,#5102);
#5102 = DEFINITIONAL_REPRESENTATION('',(#5103),#5107);
#5103 = LINE('',#5104,#5105);
#5104 = CARTESIAN_POINT('',(14.549226783579,0.));
#5105 = VECTOR('',#5106,1.);
#5106 = DIRECTION('',(0.,-1.));
#5107 = ( GEOMETRIC_REPRESENTATION_CONTEXT(2) 
PARAMETRIC_REPRESENTATION_CONTEXT() REPRESENTATION_CONTEXT('2D SPACE',''
  ) );
#5108 = ORIENTED_EDGE('',*,*,#5109,.T.);
#5109 = EDGE_CURVE('',#5087,#5110,#5112,.T.);
#5110 = VERTEX_POINT('',#5111);
#5111 = CARTESIAN_POINT('',(371.07485835119,91.4,12.7));
#5112 = SURFACE_CURVE('',#5113,(#5117,#5124),.PCURVE_S1.);
#5113 = LINE('',#5114,#5115);
#5114 = CARTESIAN_POINT('',(348.11648822962,131.16506350948,12.7));
#5115 = VECTOR('',#5116,1.);
#5116 = DIRECTION('',(-0.5,0.866025403784,0.));
#5117 = PCURVE('',#2064,#5118);
#5118 = DEFINITIONAL_REPRESENTATION('',(#5119),#5123);
#5119 = LINE('',#5120,#5121);
#5120 = CARTESIAN_POINT('',(60.465967026675,-12.7));
#5121 = VECTOR('',#5122,1.);
#5122 = DIRECTION('',(1.,0.));
#5123 = ( GEOMETRIC_REPRESENTATION_CONTEXT(2) 
PARAMETRIC_REPRESENTATION_CONTEXT() REPRESENTATION_CONTEXT('2D SPACE',''
  ) );
#5124 = PCURVE('',#2235,#5125);
#5125 = DEFINITIONAL_REPRESENTATION('',(#5126),#5130);
#5126 = LINE('',#5127,#5128);
#5127 = CARTESIAN_POINT('',(348.11648822962,131.16506350948));
#5128 = VECTOR('',#5129,1.);
#5129 = DIRECTION('',(-0.5,0.866025403784));
#5130 = ( GEOMETRIC_REPRESENTATION_CONTEXT(2) 
PARAMETRIC_REPRESENTATION_CONTEXT() REPRESENTATION_CONTEXT('2D SPACE',''
  ) );
#5131 = ORIENTED_EDGE('',*,*,#5132,.F.);
#5132 = EDGE_CURVE('',#2049,#5110,#5133,.T.);
#5133 = SURFACE_CURVE('',#5134,(#5138,#5145),.PCURVE_S1.);
#5134 = LINE('',#5135,#5136);
#5135 = CARTESIAN_POINT('',(371.07485835119,91.4,0.));
#5136 = VECTOR('',#5137,1.);
#5137 = DIRECTION('',(0.,0.,1.));
#5138 = PCURVE('',#2064,#5139);
#5139 = DEFINITIONAL_REPRESENTATION('',(#5140),#5144);
#5140 = LINE('',#5141,#5142);
#5141 = CARTESIAN_POINT('',(14.549226783579,0.));
#5142 = VECTOR('',#5143,1.);
#5143 = DIRECTION('',(0.,-1.));
#5144 = ( GEOMETRIC_REPRESENTATION_CONTEXT(2) 
PARAMETRIC_REPRESENTATION_CONTEXT() REPRESENTATION_CONTEXT('2D SPACE',''
  ) );
#5145 = PCURVE('',#2202,#5146);
#5146 = DEFINITIONAL_REPRESENTATION('',(#5147),#5151);
#5147 = LINE('',#5148,#5149);
#5148 = CARTESIAN_POINT('',(0.,0.));
#5149 = VECTOR('',#5150,1.);
#5150 = DIRECTION('',(0.,-1.));
#5151 = ( GEOMETRIC_REPRESENTATION_CONTEXT(2) 
PARAMETRIC_REPRESENTATION_CONTEXT() REPRESENTATION_CONTEXT('2D SPACE',''
  ) );
#5152 = ADVANCED_FACE('',(#5153),#2092,.T.);
#5153 = FACE_BOUND('',#5154,.T.);
#5154 = EDGE_LOOP('',(#5155,#5156,#5179,#5200));
#5155 = ORIENTED_EDGE('',*,*,#2076,.F.);
#5156 = ORIENTED_EDGE('',*,*,#5157,.T.);
#5157 = EDGE_CURVE('',#2077,#5158,#5160,.T.);
#5158 = VERTEX_POINT('',#5159);
#5159 = CARTESIAN_POINT('',(371.07485835119,66.2,12.7));
#5160 = SURFACE_CURVE('',#5161,(#5165,#5172),.PCURVE_S1.);
#5161 = LINE('',#5162,#5163);
#5162 = CARTESIAN_POINT('',(371.07485835119,66.2,0.));
#5163 = VECTOR('',#5164,1.);
#5164 = DIRECTION('',(0.,0.,1.));
#5165 = PCURVE('',#2092,#5166);
#5166 = DEFINITIONAL_REPRESENTATION('',(#5167),#5171);
#5167 = LINE('',#5168,#5169);
#5168 = CARTESIAN_POINT('',(0.,0.));
#5169 = VECTOR('',#5170,1.);
#5170 = DIRECTION('',(0.,-1.));
#5171 = ( GEOMETRIC_REPRESENTATION_CONTEXT(2) 
PARAMETRIC_REPRESENTATION_CONTEXT() REPRESENTATION_CONTEXT('2D SPACE',''
  ) );
#5172 = PCURVE('',#2120,#5173);
#5173 = DEFINITIONAL_REPRESENTATION('',(#5174),#5178);
#5174 = LINE('',#5175,#5176);
#5175 = CARTESIAN_POINT('',(14.54922678358,0.));
#5176 = VECTOR('',#5177,1.);
#5177 = DIRECTION('',(0.,-1.));
#5178 = ( GEOMETRIC_REPRESENTATION_CONTEXT(2) 
PARAMETRIC_REPRESENTATION_CONTEXT() REPRESENTATION_CONTEXT('2D SPACE',''
  ) );
#5179 = ORIENTED_EDGE('',*,*,#5180,.T.);
#5180 = EDGE_CURVE('',#5158,#5087,#5181,.T.);
#5181 = SURFACE_CURVE('',#5182,(#5186,#5193),.PCURVE_S1.);
#5182 = LINE('',#5183,#5184);
#5183 = CARTESIAN_POINT('',(310.35778062462,-38.96506350947,12.7));
#5184 = VECTOR('',#5185,1.);
#5185 = DIRECTION('',(0.5,0.866025403784,-0.));
#5186 = PCURVE('',#2092,#5187);
#5187 = DEFINITIONAL_REPRESENTATION('',(#5188),#5192);
#5188 = LINE('',#5189,#5190);
#5189 = CARTESIAN_POINT('',(-121.434155453,-12.7));
#5190 = VECTOR('',#5191,1.);
#5191 = DIRECTION('',(1.,0.));
#5192 = ( GEOMETRIC_REPRESENTATION_CONTEXT(2) 
PARAMETRIC_REPRESENTATION_CONTEXT() REPRESENTATION_CONTEXT('2D SPACE',''
  ) );
#5193 = PCURVE('',#2235,#5194);
#5194 = DEFINITIONAL_REPRESENTATION('',(#5195),#5199);
#5195 = LINE('',#5196,#5197);
#5196 = CARTESIAN_POINT('',(310.35778062462,-38.96506350947));
#5197 = VECTOR('',#5198,1.);
#5198 = DIRECTION('',(0.5,0.866025403784));
#5199 = ( GEOMETRIC_REPRESENTATION_CONTEXT(2) 
PARAMETRIC_REPRESENTATION_CONTEXT() REPRESENTATION_CONTEXT('2D SPACE',''
  ) );
#5200 = ORIENTED_EDGE('',*,*,#5086,.F.);
#5201 = ADVANCED_FACE('',(#5202),#2202,.T.);
#5202 = FACE_BOUND('',#5203,.T.);
#5203 = EDGE_LOOP('',(#5204,#5205,#5206,#5229));
#5204 = ORIENTED_EDGE('',*,*,#2188,.F.);
#5205 = ORIENTED_EDGE('',*,*,#5132,.T.);
#5206 = ORIENTED_EDGE('',*,*,#5207,.T.);
#5207 = EDGE_CURVE('',#5110,#5208,#5210,.T.);
#5208 = VERTEX_POINT('',#5209);
#5209 = CARTESIAN_POINT('',(356.52563156761,91.4,12.7));
#5210 = SURFACE_CURVE('',#5211,(#5215,#5222),.PCURVE_S1.);
#5211 = LINE('',#5212,#5213);
#5212 = CARTESIAN_POINT('',(185.53742917559,91.4,12.7));
#5213 = VECTOR('',#5214,1.);
#5214 = DIRECTION('',(-1.,9.767429518139E-16,0.));
#5215 = PCURVE('',#2202,#5216);
#5216 = DEFINITIONAL_REPRESENTATION('',(#5217),#5221);
#5217 = LINE('',#5218,#5219);
#5218 = CARTESIAN_POINT('',(185.5374291756,-12.7));
#5219 = VECTOR('',#5220,1.);
#5220 = DIRECTION('',(1.,0.));
#5221 = ( GEOMETRIC_REPRESENTATION_CONTEXT(2) 
PARAMETRIC_REPRESENTATION_CONTEXT() REPRESENTATION_CONTEXT('2D SPACE',''
  ) );
#5222 = PCURVE('',#2235,#5223);
#5223 = DEFINITIONAL_REPRESENTATION('',(#5224),#5228);
#5224 = LINE('',#5225,#5226);
#5225 = CARTESIAN_POINT('',(185.53742917559,91.4));
#5226 = VECTOR('',#5227,1.);
#5227 = DIRECTION('',(-1.,9.767429518139E-16));
#5228 = ( GEOMETRIC_REPRESENTATION_CONTEXT(2) 
PARAMETRIC_REPRESENTATION_CONTEXT() REPRESENTATION_CONTEXT('2D SPACE',''
  ) );
#5229 = ORIENTED_EDGE('',*,*,#5230,.F.);
#5230 = EDGE_CURVE('',#2161,#5208,#5231,.T.);
#5231 = SURFACE_CURVE('',#5232,(#5236,#5243),.PCURVE_S1.);
#5232 = LINE('',#5233,#5234);
#5233 = CARTESIAN_POINT('',(356.52563156761,91.4,0.));
#5234 = VECTOR('',#5235,1.);
#5235 = DIRECTION('',(0.,0.,1.));
#5236 = PCURVE('',#2202,#5237);
#5237 = DEFINITIONAL_REPRESENTATION('',(#5238),#5242);
#5238 = LINE('',#5239,#5240);
#5239 = CARTESIAN_POINT('',(14.54922678358,0.));
#5240 = VECTOR('',#5241,1.);
#5241 = DIRECTION('',(0.,-1.));
#5242 = ( GEOMETRIC_REPRESENTATION_CONTEXT(2) 
PARAMETRIC_REPRESENTATION_CONTEXT() REPRESENTATION_CONTEXT('2D SPACE',''
  ) );
#5243 = PCURVE('',#2176,#5244);
#5244 = DEFINITIONAL_REPRESENTATION('',(#5245),#5249);
#5245 = LINE('',#5246,#5247);
#5246 = CARTESIAN_POINT('',(0.,0.));
#5247 = VECTOR('',#5248,1.);
#5248 = DIRECTION('',(0.,-1.));
#5249 = ( GEOMETRIC_REPRESENTATION_CONTEXT(2) 
PARAMETRIC_REPRESENTATION_CONTEXT() REPRESENTATION_CONTEXT('2D SPACE',''
  ) );
#5250 = ADVANCED_FACE('',(#5251),#2120,.T.);
#5251 = FACE_BOUND('',#5252,.T.);
#5252 = EDGE_LOOP('',(#5253,#5254,#5277,#5298));
#5253 = ORIENTED_EDGE('',*,*,#2104,.F.);
#5254 = ORIENTED_EDGE('',*,*,#5255,.T.);
#5255 = EDGE_CURVE('',#2105,#5256,#5258,.T.);
#5256 = VERTEX_POINT('',#5257);
#5257 = CARTESIAN_POINT('',(356.52563156761,66.2,12.7));
#5258 = SURFACE_CURVE('',#5259,(#5263,#5270),.PCURVE_S1.);
#5259 = LINE('',#5260,#5261);
#5260 = CARTESIAN_POINT('',(356.52563156761,66.2,0.));
#5261 = VECTOR('',#5262,1.);
#5262 = DIRECTION('',(0.,0.,1.));
#5263 = PCURVE('',#2120,#5264);
#5264 = DEFINITIONAL_REPRESENTATION('',(#5265),#5269);
#5265 = LINE('',#5266,#5267);
#5266 = CARTESIAN_POINT('',(0.,0.));
#5267 = VECTOR('',#5268,1.);
#5268 = DIRECTION('',(0.,-1.));
#5269 = ( GEOMETRIC_REPRESENTATION_CONTEXT(2) 
PARAMETRIC_REPRESENTATION_CONTEXT() REPRESENTATION_CONTEXT('2D SPACE',''
  ) );
#5270 = PCURVE('',#2148,#5271);
#5271 = DEFINITIONAL_REPRESENTATION('',(#5272),#5276);
#5272 = LINE('',#5273,#5274);
#5273 = CARTESIAN_POINT('',(14.549226783579,0.));
#5274 = VECTOR('',#5275,1.);
#5275 = DIRECTION('',(0.,-1.));
#5276 = ( GEOMETRIC_REPRESENTATION_CONTEXT(2) 
PARAMETRIC_REPRESENTATION_CONTEXT() REPRESENTATION_CONTEXT('2D SPACE',''
  ) );
#5277 = ORIENTED_EDGE('',*,*,#5278,.T.);
#5278 = EDGE_CURVE('',#5256,#5158,#5279,.T.);
#5279 = SURFACE_CURVE('',#5280,(#5284,#5291),.PCURVE_S1.);
#5280 = LINE('',#5281,#5282);
#5281 = CARTESIAN_POINT('',(178.2628157838,66.2,12.7));
#5282 = VECTOR('',#5283,1.);
#5283 = DIRECTION('',(1.,0.,0.));
#5284 = PCURVE('',#2120,#5285);
#5285 = DEFINITIONAL_REPRESENTATION('',(#5286),#5290);
#5286 = LINE('',#5287,#5288);
#5287 = CARTESIAN_POINT('',(-178.2628157838,-12.7));
#5288 = VECTOR('',#5289,1.);
#5289 = DIRECTION('',(1.,0.));
#5290 = ( GEOMETRIC_REPRESENTATION_CONTEXT(2) 
PARAMETRIC_REPRESENTATION_CONTEXT() REPRESENTATION_CONTEXT('2D SPACE',''
  ) );
#5291 = PCURVE('',#2235,#5292);
#5292 = DEFINITIONAL_REPRESENTATION('',(#5293),#5297);
#5293 = LINE('',#5294,#5295);
#5294 = CARTESIAN_POINT('',(178.2628157838,66.2));
#5295 = VECTOR('',#5296,1.);
#5296 = DIRECTION('',(1.,0.));
#5297 = ( GEOMETRIC_REPRESENTATION_CONTEXT(2) 
PARAMETRIC_REPRESENTATION_CONTEXT() REPRESENTATION_CONTEXT('2D SPACE',''
  ) );
#5298 = ORIENTED_EDGE('',*,*,#5157,.F.);
#5299 = ADVANCED_FACE('',(#5300),#2176,.T.);
#5300 = FACE_BOUND('',#5301,.T.);
#5301 = EDGE_LOOP('',(#5302,#5303,#5304,#5327));
#5302 = ORIENTED_EDGE('',*,*,#2160,.F.);
#5303 = ORIENTED_EDGE('',*,*,#5230,.T.);
#5304 = ORIENTED_EDGE('',*,*,#5305,.T.);
#5305 = EDGE_CURVE('',#5208,#5306,#5308,.T.);
#5306 = VERTEX_POINT('',#5307);
#5307 = CARTESIAN_POINT('',(349.25101817582,78.8,12.7));
#5308 = SURFACE_CURVE('',#5309,(#5313,#5320),.PCURVE_S1.);
#5309 = LINE('',#5310,#5311);
#5310 = CARTESIAN_POINT('',(292.17124714514,-20.06506350947,12.7));
#5311 = VECTOR('',#5312,1.);
#5312 = DIRECTION('',(-0.5,-0.866025403784,0.));
#5313 = PCURVE('',#2176,#5314);
#5314 = DEFINITIONAL_REPRESENTATION('',(#5315),#5319);
#5315 = LINE('',#5316,#5317);
#5316 = CARTESIAN_POINT('',(128.70876884488,-12.7));
#5317 = VECTOR('',#5318,1.);
#5318 = DIRECTION('',(1.,0.));
#5319 = ( GEOMETRIC_REPRESENTATION_CONTEXT(2) 
PARAMETRIC_REPRESENTATION_CONTEXT() REPRESENTATION_CONTEXT('2D SPACE',''
  ) );
#5320 = PCURVE('',#2235,#5321);
#5321 = DEFINITIONAL_REPRESENTATION('',(#5322),#5326);
#5322 = LINE('',#5323,#5324);
#5323 = CARTESIAN_POINT('',(292.17124714514,-20.06506350947));
#5324 = VECTOR('',#5325,1.);
#5325 = DIRECTION('',(-0.5,-0.866025403784));
#5326 = ( GEOMETRIC_REPRESENTATION_CONTEXT(2) 
PARAMETRIC_REPRESENTATION_CONTEXT() REPRESENTATION_CONTEXT('2D SPACE',''
  ) );
#5327 = ORIENTED_EDGE('',*,*,#5328,.F.);
#5328 = EDGE_CURVE('',#2133,#5306,#5329,.T.);
#5329 = SURFACE_CURVE('',#5330,(#5334,#5341),.PCURVE_S1.);
#5330 = LINE('',#5331,#5332);
#5331 = CARTESIAN_POINT('',(349.25101817582,78.8,0.));
#5332 = VECTOR('',#5333,1.);
#5333 = DIRECTION('',(0.,0.,1.));
#5334 = PCURVE('',#2176,#5335);
#5335 = DEFINITIONAL_REPRESENTATION('',(#5336),#5340);
#5336 = LINE('',#5337,#5338);
#5337 = CARTESIAN_POINT('',(14.549226783579,0.));
#5338 = VECTOR('',#5339,1.);
#5339 = DIRECTION('',(0.,-1.));
#5340 = ( GEOMETRIC_REPRESENTATION_CONTEXT(2) 
PARAMETRIC_REPRESENTATION_CONTEXT() REPRESENTATION_CONTEXT('2D SPACE',''
  ) );
#5341 = PCURVE('',#2148,#5342);
#5342 = DEFINITIONAL_REPRESENTATION('',(#5343),#5347);
#5343 = LINE('',#5344,#5345);
#5344 = CARTESIAN_POINT('',(0.,0.));
#5345 = VECTOR('',#5346,1.);
#5346 = DIRECTION('',(0.,-1.));
#5347 = ( GEOMETRIC_REPRESENTATION_CONTEXT(2) 
PARAMETRIC_REPRESENTATION_CONTEXT() REPRESENTATION_CONTEXT('2D SPACE',''
  ) );
#5348 = ADVANCED_FACE('',(#5349),#2148,.T.);
#5349 = FACE_BOUND('',#5350,.T.);
#5350 = EDGE_LOOP('',(#5351,#5352,#5353,#5374));
#5351 = ORIENTED_EDGE('',*,*,#2132,.F.);
#5352 = ORIENTED_EDGE('',*,*,#5328,.T.);
#5353 = ORIENTED_EDGE('',*,*,#5354,.T.);
#5354 = EDGE_CURVE('',#5306,#5256,#5355,.T.);
#5355 = SURFACE_CURVE('',#5356,(#5360,#5367),.PCURVE_S1.);
#5356 = LINE('',#5357,#5358);
#5357 = CARTESIAN_POINT('',(322.65534135836,124.86506350948,12.7));
#5358 = VECTOR('',#5359,1.);
#5359 = DIRECTION('',(0.5,-0.866025403784,0.));
#5360 = PCURVE('',#2148,#5361);
#5361 = DEFINITIONAL_REPRESENTATION('',(#5362),#5366);
#5362 = LINE('',#5363,#5364);
#5363 = CARTESIAN_POINT('',(-53.19135363488,-12.7));
#5364 = VECTOR('',#5365,1.);
#5365 = DIRECTION('',(1.,0.));
#5366 = ( GEOMETRIC_REPRESENTATION_CONTEXT(2) 
PARAMETRIC_REPRESENTATION_CONTEXT() REPRESENTATION_CONTEXT('2D SPACE',''
  ) );
#5367 = PCURVE('',#2235,#5368);
#5368 = DEFINITIONAL_REPRESENTATION('',(#5369),#5373);
#5369 = LINE('',#5370,#5371);
#5370 = CARTESIAN_POINT('',(322.65534135836,124.86506350948));
#5371 = VECTOR('',#5372,1.);
#5372 = DIRECTION('',(0.5,-0.866025403784));
#5373 = ( GEOMETRIC_REPRESENTATION_CONTEXT(2) 
PARAMETRIC_REPRESENTATION_CONTEXT() REPRESENTATION_CONTEXT('2D SPACE',''
  ) );
#5374 = ORIENTED_EDGE('',*,*,#5255,.F.);
#5375 = ADVANCED_FACE('',(#5376,#5787,#5795,#5803,#5811,#5819,#5827,
    #5835,#5843),#2235,.T.);
#5376 = FACE_BOUND('',#5377,.T.);
#5377 = EDGE_LOOP('',(#5378,#5379,#5380,#5381,#5382,#5383,#5544,#5572,
    #5600,#5628));
#5378 = ORIENTED_EDGE('',*,*,#2217,.T.);
#5379 = ORIENTED_EDGE('',*,*,#2382,.T.);
#5380 = ORIENTED_EDGE('',*,*,#2502,.T.);
#5381 = ORIENTED_EDGE('',*,*,#2641,.F.);
#5382 = ORIENTED_EDGE('',*,*,#2951,.T.);
#5383 = ORIENTED_EDGE('',*,*,#5384,.F.);
#5384 = EDGE_CURVE('',#5385,#2924,#5387,.T.);
#5385 = VERTEX_POINT('',#5386);
#5386 = CARTESIAN_POINT('',(207.51249998266,64.045776315876,12.7));
#5387 = SURFACE_CURVE('',#5388,(#5405,#5425),.PCURVE_S1.);
#5388 = B_SPLINE_CURVE_WITH_KNOTS('',8,(#5389,#5390,#5391,#5392,#5393,
    #5394,#5395,#5396,#5397,#5398,#5399,#5400,#5401,#5402,#5403,#5404),
  .UNSPECIFIED.,.F.,.F.,(9,7,9),(0.,0.5,1.),.UNSPECIFIED.);
#5389 = CARTESIAN_POINT('',(207.51249998266,64.045776315876,12.7));
#5390 = CARTESIAN_POINT('',(207.54984185447,64.02420383277,12.7));
#5391 = CARTESIAN_POINT('',(207.59844608816,64.024886303282,12.7));
#5392 = CARTESIAN_POINT('',(207.64037176672,64.04705971321,12.7));
#5393 = CARTESIAN_POINT('',(207.67584234229,64.059431366935,12.7));
#5394 = CARTESIAN_POINT('',(207.71500225721,64.08733064216,12.7));
#5395 = CARTESIAN_POINT('',(207.74770278224,64.111536418669,12.7));
#5396 = CARTESIAN_POINT('',(207.78016319508,64.140305499351,12.7));
#5397 = CARTESIAN_POINT('',(207.84011609584,64.201282975354,12.7));
#5398 = CARTESIAN_POINT('',(207.86803468082,64.234021859285,12.7));
#5399 = CARTESIAN_POINT('',(207.89354462025,64.268396397729,12.7));
#5400 = CARTESIAN_POINT('',(207.91650518299,64.30451940863,12.7));
#5401 = CARTESIAN_POINT('',(207.93654120906,64.342773311316,12.7));
#5402 = CARTESIAN_POINT('',(207.95259863181,64.383352418571,12.7));
#5403 = CARTESIAN_POINT('',(207.96249999999,64.425805228646,12.7));
#5404 = CARTESIAN_POINT('',(207.9625,64.46857671733,12.7));
#5405 = PCURVE('',#2235,#5406);
#5406 = DEFINITIONAL_REPRESENTATION('',(#5407),#5424);
#5407 = B_SPLINE_CURVE_WITH_KNOTS('',8,(#5408,#5409,#5410,#5411,#5412,
    #5413,#5414,#5415,#5416,#5417,#5418,#5419,#5420,#5421,#5422,#5423),
  .UNSPECIFIED.,.F.,.F.,(9,7,9),(0.,0.5,1.),.UNSPECIFIED.);
#5408 = CARTESIAN_POINT('',(207.51249998266,64.045776315876));
#5409 = CARTESIAN_POINT('',(207.54984185447,64.02420383277));
#5410 = CARTESIAN_POINT('',(207.59844608816,64.024886303282));
#5411 = CARTESIAN_POINT('',(207.64037176672,64.04705971321));
#5412 = CARTESIAN_POINT('',(207.67584234229,64.059431366935));
#5413 = CARTESIAN_POINT('',(207.71500225721,64.08733064216));
#5414 = CARTESIAN_POINT('',(207.74770278224,64.111536418669));
#5415 = CARTESIAN_POINT('',(207.78016319508,64.140305499351));
#5416 = CARTESIAN_POINT('',(207.84011609584,64.201282975354));
#5417 = CARTESIAN_POINT('',(207.86803468082,64.234021859285));
#5418 = CARTESIAN_POINT('',(207.89354462025,64.268396397729));
#5419 = CARTESIAN_POINT('',(207.91650518299,64.30451940863));
#5420 = CARTESIAN_POINT('',(207.93654120906,64.342773311316));
#5421 = CARTESIAN_POINT('',(207.95259863181,64.383352418571));
#5422 = CARTESIAN_POINT('',(207.96249999999,64.425805228646));
#5423 = CARTESIAN_POINT('',(207.9625,64.46857671733));
#5424 = ( GEOMETRIC_REPRESENTATION_CONTEXT(2) 
PARAMETRIC_REPRESENTATION_CONTEXT() REPRESENTATION_CONTEXT('2D SPACE',''
  ) );
#5425 = PCURVE('',#5426,#5539);
#5426 = B_SPLINE_SURFACE_WITH_KNOTS('',6,8,(
    (#5427,#5428,#5429,#5430,#5431,#5432,#5433,#5434,#5435,#5436,#5437
      ,#5438,#5439,#5440,#5441,#5442)
    ,(#5443,#5444,#5445,#5446,#5447,#5448,#5449,#5450,#5451,#5452,#5453
      ,#5454,#5455,#5456,#5457,#5458)
    ,(#5459,#5460,#5461,#5462,#5463,#5464,#5465,#5466,#5467,#5468,#5469
      ,#5470,#5471,#5472,#5473,#5474)
    ,(#5475,#5476,#5477,#5478,#5479,#5480,#5481,#5482,#5483,#5484,#5485
      ,#5486,#5487,#5488,#5489,#5490)
    ,(#5491,#5492,#5493,#5494,#5495,#5496,#5497,#5498,#5499,#5500,#5501
      ,#5502,#5503,#5504,#5505,#5506)
    ,(#5507,#5508,#5509,#5510,#5511,#5512,#5513,#5514,#5515,#5516,#5517
      ,#5518,#5519,#5520,#5521,#5522)
    ,(#5523,#5524,#5525,#5526,#5527,#5528,#5529,#5530,#5531,#5532,#5533
      ,#5534,#5535,#5536,#5537,#5538
    )),.UNSPECIFIED.,.F.,.F.,.F.,(7,7),(9,7,9),(0.,1.),(0.,0.5,1.),
  .UNSPECIFIED.);
#5427 = CARTESIAN_POINT('',(207.51249998266,64.045776315876,12.7));
#5428 = CARTESIAN_POINT('',(207.54984185447,64.02420383277,12.7));
#5429 = CARTESIAN_POINT('',(207.59844608816,64.024886303282,12.7));
#5430 = CARTESIAN_POINT('',(207.64037176672,64.04705971321,12.7));
#5431 = CARTESIAN_POINT('',(207.67584234229,64.059431366935,12.7));
#5432 = CARTESIAN_POINT('',(207.71500225721,64.08733064216,12.7));
#5433 = CARTESIAN_POINT('',(207.74770278224,64.111536418669,12.7));
#5434 = CARTESIAN_POINT('',(207.78016319508,64.140305499351,12.7));
#5435 = CARTESIAN_POINT('',(207.84011609584,64.201282975354,12.7));
#5436 = CARTESIAN_POINT('',(207.86803468082,64.234021859285,12.7));
#5437 = CARTESIAN_POINT('',(207.89354462025,64.268396397729,12.7));
#5438 = CARTESIAN_POINT('',(207.91650518299,64.30451940863,12.7));
#5439 = CARTESIAN_POINT('',(207.93654120906,64.342773311316,12.7));
#5440 = CARTESIAN_POINT('',(207.95259863181,64.383352418571,12.7));
#5441 = CARTESIAN_POINT('',(207.96249999999,64.425805228646,12.7));
#5442 = CARTESIAN_POINT('',(207.9625,64.46857671733,12.7));
#5443 = CARTESIAN_POINT('',(207.55103178522,64.112474693836,12.7));
#5444 = CARTESIAN_POINT('',(207.58508302284,64.090749693591,12.7));
#5445 = CARTESIAN_POINT('',(207.62884593794,64.088135443148,12.7));
#5446 = CARTESIAN_POINT('',(207.66727110239,64.104052192664,12.7));
#5447 = CARTESIAN_POINT('',(207.70043413484,64.112458972853,12.7));
#5448 = CARTESIAN_POINT('',(207.73667161677,64.134476103372,12.7));
#5449 = CARTESIAN_POINT('',(207.76740915334,64.154073479143,12.7));
#5450 = CARTESIAN_POINT('',(207.7977188845,64.178095492185,12.7));
#5451 = CARTESIAN_POINT('',(207.85354565761,64.23013552408,12.7));
#5452 = CARTESIAN_POINT('',(207.87941818779,64.258595346033,12.7));
#5453 = CARTESIAN_POINT('',(207.90285760396,64.288926870473,12.7));
#5454 = CARTESIAN_POINT('',(207.92366080515,64.321145731483,12.7));
#5455 = CARTESIAN_POINT('',(207.94144652695,64.355475205704,12.7));
#5456 = CARTESIAN_POINT('',(207.95528802155,64.391970117348,12.7));
#5457 = CARTESIAN_POINT('',(207.96334573755,64.43014074314,12.7));
#5458 = CARTESIAN_POINT('',(207.9625,64.46857671733,12.7));
#5459 = CARTESIAN_POINT('',(207.58956063381,64.179167958476,
    12.676271410733));
#5460 = CARTESIAN_POINT('',(207.62079382543,64.158108489155,
    12.677427626736));
#5461 = CARTESIAN_POINT('',(207.65994516846,64.154205117145,
    12.67408108781));
#5462 = CARTESIAN_POINT('',(207.69448823723,64.161067185121,
    12.67409423102));
#5463 = CARTESIAN_POINT('',(207.72593638352,64.165539556558,
    12.674767011098));
#5464 = CARTESIAN_POINT('',(207.75876032011,64.179785502713,
    12.675953890901));
#5465 = CARTESIAN_POINT('',(207.78779183375,64.194523401137,
    12.677591235884));
#5466 = CARTESIAN_POINT('',(207.81578605703,64.213503949141,
    12.679559746193));
#5467 = CARTESIAN_POINT('',(207.86702514159,64.256759500503,
    12.683962326028));
#5468 = CARTESIAN_POINT('',(207.89048864142,64.281290879575,
    12.686395479699));
#5469 = CARTESIAN_POINT('',(207.91137358003,64.308182782879,
    12.68895730555));
#5470 = CARTESIAN_POINT('',(207.92944086093,64.33718241739,
    12.691542140037));
#5471 = CARTESIAN_POINT('',(207.94440853737,64.36813467434,
    12.694043423102));
#5472 = CARTESIAN_POINT('',(207.95572554009,64.400789527391,
    12.696355273625));
#5473 = CARTESIAN_POINT('',(207.96351488506,64.436633795793,
    12.695720830866));
#5474 = CARTESIAN_POINT('',(207.9625,64.46857671733,12.7));
#5475 = CARTESIAN_POINT('',(207.62353485905,64.237977190459,
    12.628781539809));
#5476 = CARTESIAN_POINT('',(207.65215986567,64.2179465205,12.63189491884
    ));
#5477 = CARTESIAN_POINT('',(207.68538047502,64.208850026659,
    12.634782353521));
#5478 = CARTESIAN_POINT('',(207.71607831541,64.211174797853,
    12.638324086205));
#5479 = CARTESIAN_POINT('',(207.74492240206,64.212366298089,
    12.642276442151));
#5480 = CARTESIAN_POINT('',(207.7750942688,64.222094349164,
    12.646484488507));
#5481 = CARTESIAN_POINT('',(207.80229308595,64.233045642938,
    12.650978883317));
#5482 = CARTESIAN_POINT('',(207.82856640139,64.248073492672,
    12.655666282885));
#5483 = CARTESIAN_POINT('',(207.87671042761,64.28360832431,
    12.665336681275));
#5484 = CARTESIAN_POINT('',(207.89877346297,64.304321702995,
    12.670317633606));
#5485 = CARTESIAN_POINT('',(207.91828924637,64.327448442694,
    12.675388273554));
#5486 = CARTESIAN_POINT('',(207.93493858713,64.352673735464,
    12.680488144569));
#5487 = CARTESIAN_POINT('',(207.94841324174,64.379770025335,
    12.685555664749));
#5488 = CARTESIAN_POINT('',(207.95820777766,64.40846646641,
    12.690531392505));
#5489 = CARTESIAN_POINT('',(207.96326116379,64.438058258776,
    12.695051662296));
#5490 = CARTESIAN_POINT('',(207.9625,64.46857671733,12.7));
#5491 = CARTESIAN_POINT('',(207.64830662804,64.280857011837,
    12.562330490409));
#5492 = CARTESIAN_POINT('',(207.67416488457,64.26158066577,
    12.569500001474));
#5493 = CARTESIAN_POINT('',(207.70202630745,64.247924999976,
    12.580844816161));
#5494 = CARTESIAN_POINT('',(207.72946258785,64.246683122386,
    12.589637970763));
#5495 = CARTESIAN_POINT('',(207.75615887133,64.24533867389,
    12.598331836114));
#5496 = CARTESIAN_POINT('',(207.78433295247,64.251713098343,
    12.6068276329));
#5497 = CARTESIAN_POINT('',(207.8102847755,64.259913773773,
    12.615274036336));
#5498 = CARTESIAN_POINT('',(207.83549996348,64.272127006515,
    12.623654385981));
#5499 = CARTESIAN_POINT('',(207.88193221997,64.302250280058,
    12.640378026324));
#5500 = CARTESIAN_POINT('',(207.90332017597,64.320329635437,
    12.648718588365));
#5501 = CARTESIAN_POINT('',(207.92222331105,64.340888521363,
    12.657070936073));
#5502 = CARTESIAN_POINT('',(207.93822378548,64.363551562608,
    12.665462258537));
#5503 = CARTESIAN_POINT('',(207.95095148635,64.38801941984,
    12.673918244377));
#5504 = CARTESIAN_POINT('',(207.95989294567,64.413982012715,
    12.682467435962));
#5505 = CARTESIAN_POINT('',(207.96283829502,64.438674190558,
    12.693402216395));
#5506 = CARTESIAN_POINT('',(207.9625,64.46857671733,12.7));
#5507 = CARTESIAN_POINT('',(207.66133541364,64.303409781454,
    12.486060358648));
#5508 = CARTESIAN_POINT('',(207.68532023119,64.28643407683,
    12.498757648436));
#5509 = CARTESIAN_POINT('',(207.71103581201,64.274691269809,
    12.511508148352));
#5510 = CARTESIAN_POINT('',(207.73686872144,64.268220134696,
    12.524317659083));
#5511 = CARTESIAN_POINT('',(207.76344225708,64.265562695541,
    12.537317394491));
#5512 = CARTESIAN_POINT('',(207.79013538916,64.267606367232,
    12.550390923557));
#5513 = CARTESIAN_POINT('',(207.8159051396,64.273651930901,
    12.563625698408));
#5514 = CARTESIAN_POINT('',(207.84040782886,64.28357093444,
    12.576969177743));
#5515 = CARTESIAN_POINT('',(207.88542869826,64.310151976771,
    12.603871591142));
#5516 = CARTESIAN_POINT('',(207.90599554684,64.326836592953,
    12.617428226113));
#5517 = CARTESIAN_POINT('',(207.92397476766,64.34644175479,
    12.631077329067));
#5518 = CARTESIAN_POINT('',(207.93890758578,64.368415807731,
    12.644798979186));
#5519 = CARTESIAN_POINT('',(207.95046721321,64.392170823449,
    12.658570419834));
#5520 = CARTESIAN_POINT('',(207.95840556911,64.417124431274,
    12.67237018325));
#5521 = CARTESIAN_POINT('',(207.9625,64.442741649603,12.686182215266));
#5522 = CARTESIAN_POINT('',(207.9625,64.46857671733,12.7));
#5523 = CARTESIAN_POINT('',(207.66249999306,64.305425663227,
    12.409067155008));
#5524 = CARTESIAN_POINT('',(207.68517248502,64.291721884811,
    12.42641582631));
#5525 = CARTESIAN_POINT('',(207.70980323247,64.281407837116,
    12.443882869618));
#5526 = CARTESIAN_POINT('',(207.73580025168,64.274825092102,
    12.461480212887));
#5527 = CARTESIAN_POINT('',(207.76249999387,64.272191312132,
    12.479215457054));
#5528 = CARTESIAN_POINT('',(207.78919973618,64.27358152665,
    12.497091222204));
#5529 = CARTESIAN_POINT('',(207.81519675575,64.278920706255,
    12.515104888255));
#5530 = CARTESIAN_POINT('',(207.83982750378,64.287991188621,
    12.533248854269));
#5531 = CARTESIAN_POINT('',(207.88517248928,64.312911615032,
    12.569773530315));
#5532 = CARTESIAN_POINT('',(207.90588917074,64.32875993462,
    12.58815418362));
#5533 = CARTESIAN_POINT('',(207.92405039593,64.347660196566,
    12.606641413101));
#5534 = CARTESIAN_POINT('',(207.93914121466,64.369142115644,
    12.625218796035));
#5535 = CARTESIAN_POINT('',(207.95074984049,64.39263325507,
    12.64386634249));
#5536 = CARTESIAN_POINT('',(207.95858611964,64.417490996182,
    12.662561611727));
#5537 = CARTESIAN_POINT('',(207.9625,64.443034508086,12.681280828609));
#5538 = CARTESIAN_POINT('',(207.9625,64.46857671733,12.7));
#5539 = DEFINITIONAL_REPRESENTATION('',(#5540),#5543);
#5540 = B_SPLINE_CURVE_WITH_KNOTS('',1,(#5541,#5542),.UNSPECIFIED.,.F.,
  .F.,(2,2),(0.,1.),.PIECEWISE_BEZIER_KNOTS.);
#5541 = CARTESIAN_POINT('',(0.,0.));
#5542 = CARTESIAN_POINT('',(0.,1.));
#5543 = ( GEOMETRIC_REPRESENTATION_CONTEXT(2) 
PARAMETRIC_REPRESENTATION_CONTEXT() REPRESENTATION_CONTEXT('2D SPACE',''
  ) );
#5544 = ORIENTED_EDGE('',*,*,#5545,.T.);
#5545 = EDGE_CURVE('',#5385,#5546,#5548,.T.);
#5546 = VERTEX_POINT('',#5547);
#5547 = CARTESIAN_POINT('',(195.6625,70.891547887337,12.7));
#5548 = SURFACE_CURVE('',#5549,(#5553,#5560),.PCURVE_S1.);
#5549 = LINE('',#5550,#5551);
#5550 = CARTESIAN_POINT('',(207.81690056508,63.869923416592,12.7));
#5551 = VECTOR('',#5552,1.);
#5552 = DIRECTION('',(-0.865893403497,0.50022856154,0.));
#5553 = PCURVE('',#2235,#5554);
#5554 = DEFINITIONAL_REPRESENTATION('',(#5555),#5559);
#5555 = LINE('',#5556,#5557);
#5556 = CARTESIAN_POINT('',(207.81690056508,63.869923416592));
#5557 = VECTOR('',#5558,1.);
#5558 = DIRECTION('',(-0.865893403497,0.50022856154));
#5559 = ( GEOMETRIC_REPRESENTATION_CONTEXT(2) 
PARAMETRIC_REPRESENTATION_CONTEXT() REPRESENTATION_CONTEXT('2D SPACE',''
  ) );
#5560 = PCURVE('',#5561,#5566);
#5561 = CYLINDRICAL_SURFACE('',#5562,0.3);
#5562 = AXIS2_PLACEMENT_3D('',#5563,#5564,#5565);
#5563 = CARTESIAN_POINT('',(207.81690056508,63.869923416592,12.4));
#5564 = DIRECTION('',(-0.865893403497,0.50022856154,0.));
#5565 = DIRECTION('',(0.,0.,1.));
#5566 = DEFINITIONAL_REPRESENTATION('',(#5567),#5571);
#5567 = LINE('',#5568,#5569);
#5568 = CARTESIAN_POINT('',(0.,0.));
#5569 = VECTOR('',#5570,1.);
#5570 = DIRECTION('',(0.,1.));
#5571 = ( GEOMETRIC_REPRESENTATION_CONTEXT(2) 
PARAMETRIC_REPRESENTATION_CONTEXT() REPRESENTATION_CONTEXT('2D SPACE',''
  ) );
#5572 = ORIENTED_EDGE('',*,*,#5573,.T.);
#5573 = EDGE_CURVE('',#5546,#5574,#5576,.T.);
#5574 = VERTEX_POINT('',#5575);
#5575 = CARTESIAN_POINT('',(195.6625,19.578570572663,12.7));
#5576 = SURFACE_CURVE('',#5577,(#5581,#5588),.PCURVE_S1.);
#5577 = LINE('',#5578,#5579);
#5578 = CARTESIAN_POINT('',(195.6625,71.401003651303,12.7));
#5579 = VECTOR('',#5580,1.);
#5580 = DIRECTION('',(0.,-1.,0.));
#5581 = PCURVE('',#2235,#5582);
#5582 = DEFINITIONAL_REPRESENTATION('',(#5583),#5587);
#5583 = LINE('',#5584,#5585);
#5584 = CARTESIAN_POINT('',(195.6625,71.401003651303));
#5585 = VECTOR('',#5586,1.);
#5586 = DIRECTION('',(0.,-1.));
#5587 = ( GEOMETRIC_REPRESENTATION_CONTEXT(2) 
PARAMETRIC_REPRESENTATION_CONTEXT() REPRESENTATION_CONTEXT('2D SPACE',''
  ) );
#5588 = PCURVE('',#5589,#5594);
#5589 = CYLINDRICAL_SURFACE('',#5590,0.3);
#5590 = AXIS2_PLACEMENT_3D('',#5591,#5592,#5593);
#5591 = CARTESIAN_POINT('',(195.6625,71.401003651303,12.4));
#5592 = DIRECTION('',(0.,-1.,0.));
#5593 = DIRECTION('',(0.,0.,1.));
#5594 = DEFINITIONAL_REPRESENTATION('',(#5595),#5599);
#5595 = LINE('',#5596,#5597);
#5596 = CARTESIAN_POINT('',(0.,0.));
#5597 = VECTOR('',#5598,1.);
#5598 = DIRECTION('',(0.,1.));
#5599 = ( GEOMETRIC_REPRESENTATION_CONTEXT(2) 
PARAMETRIC_REPRESENTATION_CONTEXT() REPRESENTATION_CONTEXT('2D SPACE',''
  ) );
#5600 = ORIENTED_EDGE('',*,*,#5601,.T.);
#5601 = EDGE_CURVE('',#5574,#5602,#5604,.T.);
#5602 = VERTEX_POINT('',#5603);
#5603 = CARTESIAN_POINT('',(207.51249998266,26.424342144125,12.7));
#5604 = SURFACE_CURVE('',#5605,(#5609,#5616),.PCURVE_S1.);
#5605 = LINE('',#5606,#5607);
#5606 = CARTESIAN_POINT('',(195.21690056508,19.32114677956,12.7));
#5607 = VECTOR('',#5608,1.);
#5608 = DIRECTION('',(0.865893403497,0.50022856154,-0.));
#5609 = PCURVE('',#2235,#5610);
#5610 = DEFINITIONAL_REPRESENTATION('',(#5611),#5615);
#5611 = LINE('',#5612,#5613);
#5612 = CARTESIAN_POINT('',(195.21690056508,19.32114677956));
#5613 = VECTOR('',#5614,1.);
#5614 = DIRECTION('',(0.865893403497,0.50022856154));
#5615 = ( GEOMETRIC_REPRESENTATION_CONTEXT(2) 
PARAMETRIC_REPRESENTATION_CONTEXT() REPRESENTATION_CONTEXT('2D SPACE',''
  ) );
#5616 = PCURVE('',#5617,#5622);
#5617 = CYLINDRICAL_SURFACE('',#5618,0.3);
#5618 = AXIS2_PLACEMENT_3D('',#5619,#5620,#5621);
#5619 = CARTESIAN_POINT('',(195.21690056508,19.32114677956,12.4));
#5620 = DIRECTION('',(0.865893403497,0.50022856154,-0.));
#5621 = DIRECTION('',(0.,0.,1.));
#5622 = DEFINITIONAL_REPRESENTATION('',(#5623),#5627);
#5623 = LINE('',#5624,#5625);
#5624 = CARTESIAN_POINT('',(0.,0.));
#5625 = VECTOR('',#5626,1.);
#5626 = DIRECTION('',(0.,1.));
#5627 = ( GEOMETRIC_REPRESENTATION_CONTEXT(2) 
PARAMETRIC_REPRESENTATION_CONTEXT() REPRESENTATION_CONTEXT('2D SPACE',''
  ) );
#5628 = ORIENTED_EDGE('',*,*,#5629,.T.);
#5629 = EDGE_CURVE('',#5602,#2218,#5630,.T.);
#5630 = SURFACE_CURVE('',#5631,(#5648,#5668),.PCURVE_S1.);
#5631 = B_SPLINE_CURVE_WITH_KNOTS('',8,(#5632,#5633,#5634,#5635,#5636,
    #5637,#5638,#5639,#5640,#5641,#5642,#5643,#5644,#5645,#5646,#5647),
  .UNSPECIFIED.,.F.,.F.,(9,7,9),(0.,0.5,1.),.UNSPECIFIED.);
#5632 = CARTESIAN_POINT('',(207.51249998266,26.424342144125,12.7));
#5633 = CARTESIAN_POINT('',(207.54984185447,26.44591462723,12.7));
#5634 = CARTESIAN_POINT('',(207.59844608816,26.445232156717,12.7));
#5635 = CARTESIAN_POINT('',(207.64037176673,26.42305874679,12.7));
#5636 = CARTESIAN_POINT('',(207.67584234228,26.410687093064,12.7));
#5637 = CARTESIAN_POINT('',(207.71500225721,26.38278781784,12.7));
#5638 = CARTESIAN_POINT('',(207.74770278223,26.358582041331,12.7));
#5639 = CARTESIAN_POINT('',(207.78016319508,26.329812960648,12.7));
#5640 = CARTESIAN_POINT('',(207.84011609583,26.268835484646,12.7));
#5641 = CARTESIAN_POINT('',(207.86803468082,26.236096600715,12.7));
#5642 = CARTESIAN_POINT('',(207.89354462025,26.20172206227,12.7));
#5643 = CARTESIAN_POINT('',(207.91650518299,26.165599051371,12.7));
#5644 = CARTESIAN_POINT('',(207.93654120906,26.127345148683,12.7));
#5645 = CARTESIAN_POINT('',(207.9525986318,26.08676604143,12.7));
#5646 = CARTESIAN_POINT('',(207.9625,26.044313231354,12.7));
#5647 = CARTESIAN_POINT('',(207.9625,26.00154174267,12.7));
#5648 = PCURVE('',#2235,#5649);
#5649 = DEFINITIONAL_REPRESENTATION('',(#5650),#5667);
#5650 = B_SPLINE_CURVE_WITH_KNOTS('',8,(#5651,#5652,#5653,#5654,#5655,
    #5656,#5657,#5658,#5659,#5660,#5661,#5662,#5663,#5664,#5665,#5666),
  .UNSPECIFIED.,.F.,.F.,(9,7,9),(0.,0.5,1.),.UNSPECIFIED.);
#5651 = CARTESIAN_POINT('',(207.51249998266,26.424342144125));
#5652 = CARTESIAN_POINT('',(207.54984185447,26.44591462723));
#5653 = CARTESIAN_POINT('',(207.59844608816,26.445232156717));
#5654 = CARTESIAN_POINT('',(207.64037176673,26.42305874679));
#5655 = CARTESIAN_POINT('',(207.67584234228,26.410687093064));
#5656 = CARTESIAN_POINT('',(207.71500225721,26.38278781784));
#5657 = CARTESIAN_POINT('',(207.74770278223,26.358582041331));
#5658 = CARTESIAN_POINT('',(207.78016319508,26.329812960648));
#5659 = CARTESIAN_POINT('',(207.84011609583,26.268835484646));
#5660 = CARTESIAN_POINT('',(207.86803468082,26.236096600715));
#5661 = CARTESIAN_POINT('',(207.89354462025,26.20172206227));
#5662 = CARTESIAN_POINT('',(207.91650518299,26.165599051371));
#5663 = CARTESIAN_POINT('',(207.93654120906,26.127345148683));
#5664 = CARTESIAN_POINT('',(207.9525986318,26.08676604143));
#5665 = CARTESIAN_POINT('',(207.9625,26.044313231354));
#5666 = CARTESIAN_POINT('',(207.9625,26.00154174267));
#5667 = ( GEOMETRIC_REPRESENTATION_CONTEXT(2) 
PARAMETRIC_REPRESENTATION_CONTEXT() REPRESENTATION_CONTEXT('2D SPACE',''
  ) );
#5668 = PCURVE('',#5669,#5782);
#5669 = B_SPLINE_SURFACE_WITH_KNOTS('',6,8,(
    (#5670,#5671,#5672,#5673,#5674,#5675,#5676,#5677,#5678,#5679,#5680
      ,#5681,#5682,#5683,#5684,#5685)
    ,(#5686,#5687,#5688,#5689,#5690,#5691,#5692,#5693,#5694,#5695,#5696
      ,#5697,#5698,#5699,#5700,#5701)
    ,(#5702,#5703,#5704,#5705,#5706,#5707,#5708,#5709,#5710,#5711,#5712
      ,#5713,#5714,#5715,#5716,#5717)
    ,(#5718,#5719,#5720,#5721,#5722,#5723,#5724,#5725,#5726,#5727,#5728
      ,#5729,#5730,#5731,#5732,#5733)
    ,(#5734,#5735,#5736,#5737,#5738,#5739,#5740,#5741,#5742,#5743,#5744
      ,#5745,#5746,#5747,#5748,#5749)
    ,(#5750,#5751,#5752,#5753,#5754,#5755,#5756,#5757,#5758,#5759,#5760
      ,#5761,#5762,#5763,#5764,#5765)
    ,(#5766,#5767,#5768,#5769,#5770,#5771,#5772,#5773,#5774,#5775,#5776
      ,#5777,#5778,#5779,#5780,#5781
    )),.UNSPECIFIED.,.F.,.F.,.F.,(7,7),(9,7,9),(0.,1.),(0.,0.5,1.),
  .UNSPECIFIED.);
#5670 = CARTESIAN_POINT('',(207.51249998266,26.424342144125,12.7));
#5671 = CARTESIAN_POINT('',(207.54984185447,26.44591462723,12.7));
#5672 = CARTESIAN_POINT('',(207.59844608816,26.445232156717,12.7));
#5673 = CARTESIAN_POINT('',(207.64037176673,26.42305874679,12.7));
#5674 = CARTESIAN_POINT('',(207.67584234228,26.410687093064,12.7));
#5675 = CARTESIAN_POINT('',(207.71500225721,26.38278781784,12.7));
#5676 = CARTESIAN_POINT('',(207.74770278223,26.358582041331,12.7));
#5677 = CARTESIAN_POINT('',(207.78016319508,26.329812960648,12.7));
#5678 = CARTESIAN_POINT('',(207.84011609583,26.268835484646,12.7));
#5679 = CARTESIAN_POINT('',(207.86803468082,26.236096600715,12.7));
#5680 = CARTESIAN_POINT('',(207.89354462025,26.20172206227,12.7));
#5681 = CARTESIAN_POINT('',(207.91650518299,26.165599051371,12.7));
#5682 = CARTESIAN_POINT('',(207.93654120906,26.127345148683,12.7));
#5683 = CARTESIAN_POINT('',(207.9525986318,26.08676604143,12.7));
#5684 = CARTESIAN_POINT('',(207.9625,26.044313231354,12.7));
#5685 = CARTESIAN_POINT('',(207.9625,26.00154174267,12.7));
#5686 = CARTESIAN_POINT('',(207.55103178522,26.357643766164,12.7));
#5687 = CARTESIAN_POINT('',(207.58508302284,26.379368766409,12.7));
#5688 = CARTESIAN_POINT('',(207.62884593794,26.381983016851,12.7));
#5689 = CARTESIAN_POINT('',(207.66727110239,26.366066267336,12.7));
#5690 = CARTESIAN_POINT('',(207.70043413483,26.357659487146,12.7));
#5691 = CARTESIAN_POINT('',(207.73667161677,26.335642356628,12.7));
#5692 = CARTESIAN_POINT('',(207.76740915334,26.316044980857,12.7));
#5693 = CARTESIAN_POINT('',(207.7977188845,26.292022967815,12.7));
#5694 = CARTESIAN_POINT('',(207.8535456576,26.239982935919,12.7));
#5695 = CARTESIAN_POINT('',(207.87941818779,26.211523113967,12.7));
#5696 = CARTESIAN_POINT('',(207.90285760396,26.181191589526,12.7));
#5697 = CARTESIAN_POINT('',(207.92366080514,26.148972728518,12.7));
#5698 = CARTESIAN_POINT('',(207.94144652696,26.114643254295,12.7));
#5699 = CARTESIAN_POINT('',(207.95528802155,26.078148342653,12.7));
#5700 = CARTESIAN_POINT('',(207.96334573755,26.03997771686,12.7));
#5701 = CARTESIAN_POINT('',(207.9625,26.00154174267,12.7));
#5702 = CARTESIAN_POINT('',(207.58956063381,26.290950501523,
    12.676271410733));
#5703 = CARTESIAN_POINT('',(207.62079382543,26.312009970844,
    12.677427626736));
#5704 = CARTESIAN_POINT('',(207.65994516846,26.315913342853,
    12.67408108781));
#5705 = CARTESIAN_POINT('',(207.69448823724,26.309051274878,
    12.67409423102));
#5706 = CARTESIAN_POINT('',(207.72593638351,26.304578903439,
    12.674767011098));
#5707 = CARTESIAN_POINT('',(207.75876032011,26.290332957286,
    12.675953890901));
#5708 = CARTESIAN_POINT('',(207.78779183374,26.275595058862,
    12.677591235884));
#5709 = CARTESIAN_POINT('',(207.81578605703,26.256614510858,
    12.679559746193));
#5710 = CARTESIAN_POINT('',(207.86702514159,26.213358959496,
    12.683962326028));
#5711 = CARTESIAN_POINT('',(207.89048864141,26.188827580425,
    12.686395479699));
#5712 = CARTESIAN_POINT('',(207.91137358003,26.161935677119,
    12.68895730555));
#5713 = CARTESIAN_POINT('',(207.92944086093,26.13293604261,
    12.691542140037));
#5714 = CARTESIAN_POINT('',(207.94440853738,26.101983785659,
    12.694043423102));
#5715 = CARTESIAN_POINT('',(207.95572554009,26.069328932609,
    12.696355273625));
#5716 = CARTESIAN_POINT('',(207.96351488506,26.033484664207,
    12.695720830866));
#5717 = CARTESIAN_POINT('',(207.9625,26.00154174267,12.7));
#5718 = CARTESIAN_POINT('',(207.62353485905,26.232141269542,
    12.628781539809));
#5719 = CARTESIAN_POINT('',(207.65215986567,26.252171939501,
    12.63189491884));
#5720 = CARTESIAN_POINT('',(207.68538047502,26.261268433341,
    12.634782353521));
#5721 = CARTESIAN_POINT('',(207.71607831541,26.258943662148,
    12.638324086205));
#5722 = CARTESIAN_POINT('',(207.74492240205,26.25775216191,
    12.642276442151));
#5723 = CARTESIAN_POINT('',(207.77509426881,26.248024110837,
    12.646484488507));
#5724 = CARTESIAN_POINT('',(207.80229308595,26.237072817061,
    12.650978883317));
#5725 = CARTESIAN_POINT('',(207.82856640139,26.222044967328,
    12.655666282885));
#5726 = CARTESIAN_POINT('',(207.87671042761,26.18651013569,
    12.665336681275));
#5727 = CARTESIAN_POINT('',(207.89877346297,26.165796757005,
    12.670317633606));
#5728 = CARTESIAN_POINT('',(207.91828924637,26.142670017306,
    12.675388273554));
#5729 = CARTESIAN_POINT('',(207.93493858713,26.117444724537,
    12.680488144569));
#5730 = CARTESIAN_POINT('',(207.94841324175,26.090348434665,
    12.68555566475));
#5731 = CARTESIAN_POINT('',(207.95820777766,26.06165199359,
    12.690531392505));
#5732 = CARTESIAN_POINT('',(207.96326116379,26.032060201223,
    12.695051662296));
#5733 = CARTESIAN_POINT('',(207.9625,26.00154174267,12.7));
#5734 = CARTESIAN_POINT('',(207.64830662804,26.189261448163,
    12.562330490409));
#5735 = CARTESIAN_POINT('',(207.67416488457,26.208537794229,
    12.569500001474));
#5736 = CARTESIAN_POINT('',(207.70202630744,26.222193460023,
    12.580844816161));
#5737 = CARTESIAN_POINT('',(207.72946258786,26.223435337614,
    12.589637970763));
#5738 = CARTESIAN_POINT('',(207.75615887132,26.224779786108,
    12.598331836114));
#5739 = CARTESIAN_POINT('',(207.78433295248,26.218405361657,
    12.6068276329));
#5740 = CARTESIAN_POINT('',(207.8102847755,26.210204686226,
    12.615274036336));
#5741 = CARTESIAN_POINT('',(207.83549996348,26.197991453484,
    12.623654385981));
#5742 = CARTESIAN_POINT('',(207.88193221997,26.167868179942,
    12.640378026324));
#5743 = CARTESIAN_POINT('',(207.90332017597,26.149788824563,
    12.648718588365));
#5744 = CARTESIAN_POINT('',(207.92222331106,26.129229938636,
    12.657070936073));
#5745 = CARTESIAN_POINT('',(207.93822378548,26.106566897392,
    12.665462258537));
#5746 = CARTESIAN_POINT('',(207.95095148635,26.08209904016,
    12.673918244377));
#5747 = CARTESIAN_POINT('',(207.95989294567,26.056136447286,
    12.682467435961));
#5748 = CARTESIAN_POINT('',(207.96283829502,26.031444269442,
    12.693402216395));
#5749 = CARTESIAN_POINT('',(207.9625,26.00154174267,12.7));
#5750 = CARTESIAN_POINT('',(207.66133541364,26.166708678546,
    12.486060358648));
#5751 = CARTESIAN_POINT('',(207.68532023119,26.18368438317,
    12.498757648436));
#5752 = CARTESIAN_POINT('',(207.71103581201,26.19542719019,
    12.511508148352));
#5753 = CARTESIAN_POINT('',(207.73686872144,26.201898325304,
    12.524317659083));
#5754 = CARTESIAN_POINT('',(207.76344225707,26.204555764457,
    12.537317394491));
#5755 = CARTESIAN_POINT('',(207.79013538916,26.202512092769,
    12.550390923557));
#5756 = CARTESIAN_POINT('',(207.8159051396,26.196466529098,
    12.563625698408));
#5757 = CARTESIAN_POINT('',(207.84040782886,26.18654752556,
    12.576969177743));
#5758 = CARTESIAN_POINT('',(207.88542869826,26.159966483229,
    12.603871591142));
#5759 = CARTESIAN_POINT('',(207.90599554684,26.143281867047,
    12.617428226112));
#5760 = CARTESIAN_POINT('',(207.92397476766,26.12367670521,
    12.631077329067));
#5761 = CARTESIAN_POINT('',(207.93890758578,26.10170265227,
    12.644798979186));
#5762 = CARTESIAN_POINT('',(207.95046721321,26.077947636551,
    12.658570419834));
#5763 = CARTESIAN_POINT('',(207.95840556911,26.052994028726,
    12.67237018325));
#5764 = CARTESIAN_POINT('',(207.9625,26.027376810396,12.686182215266));
#5765 = CARTESIAN_POINT('',(207.9625,26.00154174267,12.7));
#5766 = CARTESIAN_POINT('',(207.66249999306,26.164692796773,
    12.409067155008));
#5767 = CARTESIAN_POINT('',(207.68517248502,26.17839657519,
    12.42641582631));
#5768 = CARTESIAN_POINT('',(207.70980323247,26.188710622883,
    12.443882869618));
#5769 = CARTESIAN_POINT('',(207.73580025169,26.195293367899,
    12.461480212887));
#5770 = CARTESIAN_POINT('',(207.76249999386,26.197927147866,
    12.479215457054));
#5771 = CARTESIAN_POINT('',(207.78919973618,26.196536933351,
    12.497091222204));
#5772 = CARTESIAN_POINT('',(207.81519675574,26.191197753745,
    12.515104888255));
#5773 = CARTESIAN_POINT('',(207.83982750378,26.182127271379,
    12.533248854269));
#5774 = CARTESIAN_POINT('',(207.88517248927,26.157206844967,
    12.569773530315));
#5775 = CARTESIAN_POINT('',(207.90588917074,26.141358525381,
    12.58815418362));
#5776 = CARTESIAN_POINT('',(207.92405039593,26.122458263433,
    12.606641413101));
#5777 = CARTESIAN_POINT('',(207.93914121466,26.100976344356,
    12.625218796034));
#5778 = CARTESIAN_POINT('',(207.95074984049,26.077485204929,
    12.643866342491));
#5779 = CARTESIAN_POINT('',(207.95858611964,26.052627463818,
    12.662561611727));
#5780 = CARTESIAN_POINT('',(207.9625,26.027083951914,12.681280828609));
#5781 = CARTESIAN_POINT('',(207.9625,26.00154174267,12.7));
#5782 = DEFINITIONAL_REPRESENTATION('',(#5783),#5786);
#5783 = B_SPLINE_CURVE_WITH_KNOTS('',1,(#5784,#5785),.UNSPECIFIED.,.F.,
  .F.,(2,2),(0.,1.),.PIECEWISE_BEZIER_KNOTS.);
#5784 = CARTESIAN_POINT('',(0.,0.));
#5785 = CARTESIAN_POINT('',(0.,1.));
#5786 = ( GEOMETRIC_REPRESENTATION_CONTEXT(2) 
PARAMETRIC_REPRESENTATION_CONTEXT() REPRESENTATION_CONTEXT('2D SPACE',''
  ) );
#5787 = FACE_BOUND('',#5788,.T.);
#5788 = EDGE_LOOP('',(#5789,#5790,#5791,#5792,#5793,#5794));
#5789 = ORIENTED_EDGE('',*,*,#3051,.F.);
#5790 = ORIENTED_EDGE('',*,*,#3122,.F.);
#5791 = ORIENTED_EDGE('',*,*,#3220,.F.);
#5792 = ORIENTED_EDGE('',*,*,#3296,.F.);
#5793 = ORIENTED_EDGE('',*,*,#3247,.F.);
#5794 = ORIENTED_EDGE('',*,*,#3149,.F.);
#5795 = FACE_BOUND('',#5796,.T.);
#5796 = EDGE_LOOP('',(#5797,#5798,#5799,#5800,#5801,#5802));
#5797 = ORIENTED_EDGE('',*,*,#3345,.F.);
#5798 = ORIENTED_EDGE('',*,*,#3416,.F.);
#5799 = ORIENTED_EDGE('',*,*,#3514,.F.);
#5800 = ORIENTED_EDGE('',*,*,#3590,.F.);
#5801 = ORIENTED_EDGE('',*,*,#3541,.F.);
#5802 = ORIENTED_EDGE('',*,*,#3443,.F.);
#5803 = FACE_BOUND('',#5804,.T.);
#5804 = EDGE_LOOP('',(#5805,#5806,#5807,#5808,#5809,#5810));
#5805 = ORIENTED_EDGE('',*,*,#3639,.F.);
#5806 = ORIENTED_EDGE('',*,*,#3710,.F.);
#5807 = ORIENTED_EDGE('',*,*,#3808,.F.);
#5808 = ORIENTED_EDGE('',*,*,#3884,.F.);
#5809 = ORIENTED_EDGE('',*,*,#3835,.F.);
#5810 = ORIENTED_EDGE('',*,*,#3737,.F.);
#5811 = FACE_BOUND('',#5812,.T.);
#5812 = EDGE_LOOP('',(#5813,#5814,#5815,#5816,#5817,#5818));
#5813 = ORIENTED_EDGE('',*,*,#3933,.F.);
#5814 = ORIENTED_EDGE('',*,*,#4004,.F.);
#5815 = ORIENTED_EDGE('',*,*,#4102,.F.);
#5816 = ORIENTED_EDGE('',*,*,#4178,.F.);
#5817 = ORIENTED_EDGE('',*,*,#4129,.F.);
#5818 = ORIENTED_EDGE('',*,*,#4031,.F.);
#5819 = FACE_BOUND('',#5820,.T.);
#5820 = EDGE_LOOP('',(#5821,#5822,#5823,#5824,#5825,#5826));
#5821 = ORIENTED_EDGE('',*,*,#4227,.F.);
#5822 = ORIENTED_EDGE('',*,*,#4298,.F.);
#5823 = ORIENTED_EDGE('',*,*,#4396,.F.);
#5824 = ORIENTED_EDGE('',*,*,#4472,.F.);
#5825 = ORIENTED_EDGE('',*,*,#4423,.F.);
#5826 = ORIENTED_EDGE('',*,*,#4325,.F.);
#5827 = FACE_BOUND('',#5828,.T.);
#5828 = EDGE_LOOP('',(#5829,#5830,#5831,#5832,#5833,#5834));
#5829 = ORIENTED_EDGE('',*,*,#4521,.F.);
#5830 = ORIENTED_EDGE('',*,*,#4592,.F.);
#5831 = ORIENTED_EDGE('',*,*,#4690,.F.);
#5832 = ORIENTED_EDGE('',*,*,#4766,.F.);
#5833 = ORIENTED_EDGE('',*,*,#4717,.F.);
#5834 = ORIENTED_EDGE('',*,*,#4619,.F.);
#5835 = FACE_BOUND('',#5836,.T.);
#5836 = EDGE_LOOP('',(#5837,#5838,#5839,#5840,#5841,#5842));
#5837 = ORIENTED_EDGE('',*,*,#4815,.F.);
#5838 = ORIENTED_EDGE('',*,*,#4886,.F.);
#5839 = ORIENTED_EDGE('',*,*,#4984,.F.);
#5840 = ORIENTED_EDGE('',*,*,#5060,.F.);
#5841 = ORIENTED_EDGE('',*,*,#5011,.F.);
#5842 = ORIENTED_EDGE('',*,*,#4913,.F.);
#5843 = FACE_BOUND('',#5844,.T.);
#5844 = EDGE_LOOP('',(#5845,#5846,#5847,#5848,#5849,#5850));
#5845 = ORIENTED_EDGE('',*,*,#5109,.F.);
#5846 = ORIENTED_EDGE('',*,*,#5180,.F.);
#5847 = ORIENTED_EDGE('',*,*,#5278,.F.);
#5848 = ORIENTED_EDGE('',*,*,#5354,.F.);
#5849 = ORIENTED_EDGE('',*,*,#5305,.F.);
#5850 = ORIENTED_EDGE('',*,*,#5207,.F.);
#5851 = ADVANCED_FACE('',(#5852),#2261,.F.);
#5852 = FACE_BOUND('',#5853,.F.);
#5853 = EDGE_LOOP('',(#5854,#5855,#5878,#5910));
#5854 = ORIENTED_EDGE('',*,*,#2331,.F.);
#5855 = ORIENTED_EDGE('',*,*,#5856,.T.);
#5856 = EDGE_CURVE('',#2300,#5857,#5859,.T.);
#5857 = VERTEX_POINT('',#5858);
#5858 = CARTESIAN_POINT('',(207.66249999306,26.164692796773,
    12.409067155008));
#5859 = SURFACE_CURVE('',#5860,(#5864,#5871),.PCURVE_S1.);
#5860 = LINE('',#5861,#5862);
#5861 = CARTESIAN_POINT('',(207.66249999306,25.731569711095,
    6.044770843272E-03));
#5862 = VECTOR('',#5863,1.);
#5863 = DIRECTION('',(0.,3.48994967025E-02,0.999390827019));
#5864 = PCURVE('',#2261,#5865);
#5865 = DEFINITIONAL_REPRESENTATION('',(#5866),#5870);
#5866 = LINE('',#5867,#5868);
#5867 = CARTESIAN_POINT('',(2.094395142425,0.));
#5868 = VECTOR('',#5869,1.);
#5869 = DIRECTION('',(0.,1.));
#5870 = ( GEOMETRIC_REPRESENTATION_CONTEXT(2) 
PARAMETRIC_REPRESENTATION_CONTEXT() REPRESENTATION_CONTEXT('2D SPACE',''
  ) );
#5871 = PCURVE('',#2446,#5872);
#5872 = DEFINITIONAL_REPRESENTATION('',(#5873),#5877);
#5873 = LINE('',#5874,#5875);
#5874 = CARTESIAN_POINT('',(-6.818440851868,6.34685475744));
#5875 = VECTOR('',#5876,1.);
#5876 = DIRECTION('',(-1.745772503396E-02,-0.999847602306));
#5877 = ( GEOMETRIC_REPRESENTATION_CONTEXT(2) 
PARAMETRIC_REPRESENTATION_CONTEXT() REPRESENTATION_CONTEXT('2D SPACE',''
  ) );
#5878 = ORIENTED_EDGE('',*,*,#5879,.T.);
#5879 = EDGE_CURVE('',#5857,#2218,#5880,.T.);
#5880 = SURFACE_CURVE('',#5881,(#5898,#5904),.PCURVE_S1.);
#5881 = B_SPLINE_CURVE_WITH_KNOTS('',8,(#5882,#5883,#5884,#5885,#5886,
    #5887,#5888,#5889,#5890,#5891,#5892,#5893,#5894,#5895,#5896,#5897),
  .UNSPECIFIED.,.F.,.F.,(9,7,9),(0.,0.5,1.),.UNSPECIFIED.);
#5882 = CARTESIAN_POINT('',(207.66249999306,26.164692796773,
    12.409067155008));
#5883 = CARTESIAN_POINT('',(207.68517248502,26.17839657519,
    12.42641582631));
#5884 = CARTESIAN_POINT('',(207.70980323247,26.188710622883,
    12.443882869618));
#5885 = CARTESIAN_POINT('',(207.73580025169,26.195293367899,
    12.461480212887));
#5886 = CARTESIAN_POINT('',(207.76249999386,26.197927147866,
    12.479215457054));
#5887 = CARTESIAN_POINT('',(207.78919973618,26.196536933351,
    12.497091222204));
#5888 = CARTESIAN_POINT('',(207.81519675574,26.191197753745,
    12.515104888255));
#5889 = CARTESIAN_POINT('',(207.83982750378,26.182127271379,
    12.533248854269));
#5890 = CARTESIAN_POINT('',(207.88517248927,26.157206844967,
    12.569773530315));
#5891 = CARTESIAN_POINT('',(207.90588917074,26.141358525381,
    12.58815418362));
#5892 = CARTESIAN_POINT('',(207.92405039593,26.122458263433,
    12.606641413101));
#5893 = CARTESIAN_POINT('',(207.93914121466,26.100976344356,
    12.625218796034));
#5894 = CARTESIAN_POINT('',(207.95074984049,26.077485204929,
    12.643866342491));
#5895 = CARTESIAN_POINT('',(207.95858611964,26.052627463818,
    12.662561611727));
#5896 = CARTESIAN_POINT('',(207.9625,26.027083951914,12.681280828609));
#5897 = CARTESIAN_POINT('',(207.9625,26.00154174267,12.7));
#5898 = PCURVE('',#2261,#5899);
#5899 = DEFINITIONAL_REPRESENTATION('',(#5900),#5903);
#5900 = B_SPLINE_CURVE_WITH_KNOTS('',1,(#5901,#5902),.UNSPECIFIED.,.F.,
  .F.,(2,2),(0.,1.),.PIECEWISE_BEZIER_KNOTS.);
#5901 = CARTESIAN_POINT('',(2.094395142425,12.410582575747));
#5902 = CARTESIAN_POINT('',(-2.142730437527E-12,12.695644302636));
#5903 = ( GEOMETRIC_REPRESENTATION_CONTEXT(2) 
PARAMETRIC_REPRESENTATION_CONTEXT() REPRESENTATION_CONTEXT('2D SPACE',''
  ) );
#5904 = PCURVE('',#5669,#5905);
#5905 = DEFINITIONAL_REPRESENTATION('',(#5906),#5909);
#5906 = B_SPLINE_CURVE_WITH_KNOTS('',1,(#5907,#5908),.UNSPECIFIED.,.F.,
  .F.,(2,2),(0.,1.),.PIECEWISE_BEZIER_KNOTS.);
#5907 = CARTESIAN_POINT('',(1.,0.));
#5908 = CARTESIAN_POINT('',(1.,1.));
#5909 = ( GEOMETRIC_REPRESENTATION_CONTEXT(2) 
PARAMETRIC_REPRESENTATION_CONTEXT() REPRESENTATION_CONTEXT('2D SPACE',''
  ) );
#5910 = ORIENTED_EDGE('',*,*,#2247,.F.);
#5911 = ADVANCED_FACE('',(#5912),#2473,.T.);
#5912 = FACE_BOUND('',#5913,.T.);
#5913 = EDGE_LOOP('',(#5914,#5915,#5940));
#5914 = ORIENTED_EDGE('',*,*,#2458,.T.);
#5915 = ORIENTED_EDGE('',*,*,#5916,.F.);
#5916 = EDGE_CURVE('',#2550,#2431,#5917,.T.);
#5917 = SURFACE_CURVE('',#5918,(#5923,#5929),.PCURVE_S1.);
#5918 = CIRCLE('',#5919,0.3);
#5919 = AXIS2_PLACEMENT_3D('',#5920,#5921,#5922);
#5920 = CARTESIAN_POINT('',(195.6625,19.156029261813,0.3));
#5921 = DIRECTION('',(1.152990868898E-15,3.489949670251E-02,
    0.999390827019));
#5922 = DIRECTION('',(-1.180933405554E-14,-0.999390827019,
    3.489949670251E-02));
#5923 = PCURVE('',#2473,#5924);
#5924 = DEFINITIONAL_REPRESENTATION('',(#5925),#5928);
#5925 = B_SPLINE_CURVE_WITH_KNOTS('',1,(#5926,#5927),.UNSPECIFIED.,.F.,
  .F.,(2,2),(4.712388980385,6.80678412281),.PIECEWISE_BEZIER_KNOTS.);
#5926 = CARTESIAN_POINT('',(4.677482395345,-1.570796326795));
#5927 = CARTESIAN_POINT('',(4.677482395345,0.52359881563));
#5928 = ( GEOMETRIC_REPRESENTATION_CONTEXT(2) 
PARAMETRIC_REPRESENTATION_CONTEXT() REPRESENTATION_CONTEXT('2D SPACE',''
  ) );
#5929 = PCURVE('',#5930,#5935);
#5930 = CYLINDRICAL_SURFACE('',#5931,0.3);
#5931 = AXIS2_PLACEMENT_3D('',#5932,#5933,#5934);
#5932 = CARTESIAN_POINT('',(195.6625,19.144919766861,-1.813431127244E-02
    ));
#5933 = DIRECTION('',(0.,3.48994967025E-02,0.999390827019));
#5934 = DIRECTION('',(0.500000034668,-0.865497824504,3.022385002512E-02)
  );
#5935 = DEFINITIONAL_REPRESENTATION('',(#5936),#5939);
#5936 = B_SPLINE_CURVE_WITH_KNOTS('',1,(#5937,#5938),.UNSPECIFIED.,.F.,
  .F.,(2,2),(4.712388980385,6.80678412281),.PIECEWISE_BEZIER_KNOTS.);
#5937 = CARTESIAN_POINT('',(4.188790164755,0.318328228228));
#5938 = CARTESIAN_POINT('',(6.28318530718,0.318328228228));
#5939 = ( GEOMETRIC_REPRESENTATION_CONTEXT(2) 
PARAMETRIC_REPRESENTATION_CONTEXT() REPRESENTATION_CONTEXT('2D SPACE',''
  ) );
#5940 = ORIENTED_EDGE('',*,*,#2549,.T.);
#5941 = ADVANCED_FACE('',(#5942),#2446,.T.);
#5942 = FACE_BOUND('',#5943,.T.);
#5943 = EDGE_LOOP('',(#5944,#5945,#5946,#5969));
#5944 = ORIENTED_EDGE('',*,*,#2430,.T.);
#5945 = ORIENTED_EDGE('',*,*,#5856,.T.);
#5946 = ORIENTED_EDGE('',*,*,#5947,.F.);
#5947 = EDGE_CURVE('',#5948,#5857,#5950,.T.);
#5948 = VERTEX_POINT('',#5949);
#5949 = CARTESIAN_POINT('',(195.8125000104,19.318921225311,
    12.409067155008));
#5950 = SURFACE_CURVE('',#5951,(#5955,#5962),.PCURVE_S1.);
#5951 = LINE('',#5952,#5953);
#5952 = CARTESIAN_POINT('',(195.36690057548,19.061497432209,
    12.409067155008));
#5953 = VECTOR('',#5954,1.);
#5954 = DIRECTION('',(0.865893403497,0.50022856154,-0.));
#5955 = PCURVE('',#2446,#5956);
#5956 = DEFINITIONAL_REPRESENTATION('',(#5957),#5961);
#5957 = LINE('',#5958,#5959);
#5958 = CARTESIAN_POINT('',(7.164798237291,-6.061836474139));
#5959 = VECTOR('',#5960,1.);
#5960 = DIRECTION('',(-1.,-1.605268984088E-18));
#5961 = ( GEOMETRIC_REPRESENTATION_CONTEXT(2) 
PARAMETRIC_REPRESENTATION_CONTEXT() REPRESENTATION_CONTEXT('2D SPACE',''
  ) );
#5962 = PCURVE('',#5617,#5963);
#5963 = DEFINITIONAL_REPRESENTATION('',(#5964),#5968);
#5964 = LINE('',#5965,#5966);
#5965 = CARTESIAN_POINT('',(1.540567873391,0.));
#5966 = VECTOR('',#5967,1.);
#5967 = DIRECTION('',(0.,1.));
#5968 = ( GEOMETRIC_REPRESENTATION_CONTEXT(2) 
PARAMETRIC_REPRESENTATION_CONTEXT() REPRESENTATION_CONTEXT('2D SPACE',''
  ) );
#5969 = ORIENTED_EDGE('',*,*,#5970,.F.);
#5970 = EDGE_CURVE('',#2431,#5948,#5971,.T.);
#5971 = SURFACE_CURVE('',#5972,(#5976,#5983),.PCURVE_S1.);
#5972 = LINE('',#5973,#5974);
#5973 = CARTESIAN_POINT('',(195.8125000104,18.88527041951,
    -9.067156264905E-03));
#5974 = VECTOR('',#5975,1.);
#5975 = DIRECTION('',(0.,3.48994967025E-02,0.999390827019));
#5976 = PCURVE('',#2446,#5977);
#5977 = DEFINITIONAL_REPRESENTATION('',(#5978),#5982);
#5978 = LINE('',#5979,#5980);
#5979 = CARTESIAN_POINT('',(6.867110411059,6.36197359151));
#5980 = VECTOR('',#5981,1.);
#5981 = DIRECTION('',(-1.745772503396E-02,-0.999847602306));
#5982 = ( GEOMETRIC_REPRESENTATION_CONTEXT(2) 
PARAMETRIC_REPRESENTATION_CONTEXT() REPRESENTATION_CONTEXT('2D SPACE',''
  ) );
#5983 = PCURVE('',#5930,#5984);
#5984 = DEFINITIONAL_REPRESENTATION('',(#5985),#5989);
#5985 = LINE('',#5986,#5987);
#5986 = CARTESIAN_POINT('',(6.28318530718,0.));
#5987 = VECTOR('',#5988,1.);
#5988 = DIRECTION('',(-0.,1.));
#5989 = ( GEOMETRIC_REPRESENTATION_CONTEXT(2) 
PARAMETRIC_REPRESENTATION_CONTEXT() REPRESENTATION_CONTEXT('2D SPACE',''
  ) );
#5990 = ADVANCED_FACE('',(#5991),#2614,.T.);
#5991 = FACE_BOUND('',#5992,.T.);
#5992 = EDGE_LOOP('',(#5993,#5994,#6019));
#5993 = ORIENTED_EDGE('',*,*,#2599,.T.);
#5994 = ORIENTED_EDGE('',*,*,#5995,.F.);
#5995 = EDGE_CURVE('',#2839,#2572,#5996,.T.);
#5996 = SURFACE_CURVE('',#5997,(#6002,#6008),.PCURVE_S1.);
#5997 = CIRCLE('',#5998,0.3);
#5998 = AXIS2_PLACEMENT_3D('',#5999,#6000,#6001);
#5999 = CARTESIAN_POINT('',(195.6625,71.314089198188,0.3));
#6000 = DIRECTION('',(-3.843734278943E-15,-3.489949670249E-02,
    0.999390827019));
#6001 = DIRECTION('',(-0.866025383769,0.499695448157,1.744974956115E-02)
  );
#6002 = PCURVE('',#2614,#6003);
#6003 = DEFINITIONAL_REPRESENTATION('',(#6004),#6007);
#6004 = B_SPLINE_CURVE_WITH_KNOTS('',1,(#6005,#6006),.UNSPECIFIED.,.F.,
  .F.,(2,2),(4.712388980385,6.80678412281),.PIECEWISE_BEZIER_KNOTS.);
#6005 = CARTESIAN_POINT('',(4.694930368458,-1.570796326795));
#6006 = CARTESIAN_POINT('',(4.694930368458,0.52359881563));
#6007 = ( GEOMETRIC_REPRESENTATION_CONTEXT(2) 
PARAMETRIC_REPRESENTATION_CONTEXT() REPRESENTATION_CONTEXT('2D SPACE',''
  ) );
#6008 = PCURVE('',#6009,#6014);
#6009 = CYLINDRICAL_SURFACE('',#6010,0.3);
#6010 = AXIS2_PLACEMENT_3D('',#6011,#6012,#6013);
#6011 = CARTESIAN_POINT('',(195.6625,71.325198693139,-1.813431127244E-02
    ));
#6012 = DIRECTION('',(0.,-3.48994967025E-02,0.999390827019));
#6013 = DIRECTION('',(-1.,0.,0.));
#6014 = DEFINITIONAL_REPRESENTATION('',(#6015),#6018);
#6015 = B_SPLINE_CURVE_WITH_KNOTS('',1,(#6016,#6017),.UNSPECIFIED.,.F.,
  .F.,(2,2),(4.712388980385,6.80678412281),.PIECEWISE_BEZIER_KNOTS.);
#6016 = CARTESIAN_POINT('',(4.188790164755,0.318328228228));
#6017 = CARTESIAN_POINT('',(6.28318530718,0.318328228228));
#6018 = ( GEOMETRIC_REPRESENTATION_CONTEXT(2) 
PARAMETRIC_REPRESENTATION_CONTEXT() REPRESENTATION_CONTEXT('2D SPACE',''
  ) );
#6019 = ORIENTED_EDGE('',*,*,#2838,.T.);
#6020 = ADVANCED_FACE('',(#6021),#2587,.T.);
#6021 = FACE_BOUND('',#6022,.T.);
#6022 = EDGE_LOOP('',(#6023,#6024,#6047,#6070));
#6023 = ORIENTED_EDGE('',*,*,#2571,.T.);
#6024 = ORIENTED_EDGE('',*,*,#6025,.T.);
#6025 = EDGE_CURVE('',#2550,#6026,#6028,.T.);
#6026 = VERTEX_POINT('',#6027);
#6027 = CARTESIAN_POINT('',(195.3625,19.578570572663,12.4));
#6028 = SURFACE_CURVE('',#6029,(#6033,#6040),.PCURVE_S1.);
#6029 = LINE('',#6030,#6031);
#6030 = CARTESIAN_POINT('',(195.3625,19.144919766861,-1.813431127244E-02
    ));
#6031 = VECTOR('',#6032,1.);
#6032 = DIRECTION('',(0.,3.48994967025E-02,0.999390827019));
#6033 = PCURVE('',#2587,#6034);
#6034 = DEFINITIONAL_REPRESENTATION('',(#6035),#6039);
#6035 = LINE('',#6036,#6037);
#6036 = CARTESIAN_POINT('',(6.312224830988,26.090139463139));
#6037 = VECTOR('',#6038,1.);
#6038 = DIRECTION('',(-0.999390827019,-3.48994967025E-02));
#6039 = ( GEOMETRIC_REPRESENTATION_CONTEXT(2) 
PARAMETRIC_REPRESENTATION_CONTEXT() REPRESENTATION_CONTEXT('2D SPACE',''
  ) );
#6040 = PCURVE('',#5930,#6041);
#6041 = DEFINITIONAL_REPRESENTATION('',(#6042),#6046);
#6042 = LINE('',#6043,#6044);
#6043 = CARTESIAN_POINT('',(4.188790164755,0.));
#6044 = VECTOR('',#6045,1.);
#6045 = DIRECTION('',(-0.,1.));
#6046 = ( GEOMETRIC_REPRESENTATION_CONTEXT(2) 
PARAMETRIC_REPRESENTATION_CONTEXT() REPRESENTATION_CONTEXT('2D SPACE',''
  ) );
#6047 = ORIENTED_EDGE('',*,*,#6048,.F.);
#6048 = EDGE_CURVE('',#6049,#6026,#6051,.T.);
#6049 = VERTEX_POINT('',#6050);
#6050 = CARTESIAN_POINT('',(195.3625,70.891547887337,12.4));
#6051 = SURFACE_CURVE('',#6052,(#6056,#6063),.PCURVE_S1.);
#6052 = LINE('',#6053,#6054);
#6053 = CARTESIAN_POINT('',(195.3625,71.401003651303,12.4));
#6054 = VECTOR('',#6055,1.);
#6055 = DIRECTION('',(0.,-1.,0.));
#6056 = PCURVE('',#2587,#6057);
#6057 = DEFINITIONAL_REPRESENTATION('',(#6058),#6062);
#6058 = LINE('',#6059,#6060);
#6059 = CARTESIAN_POINT('',(-6.105909480284,-26.1659444213));
#6060 = VECTOR('',#6061,1.);
#6061 = DIRECTION('',(0.,1.));
#6062 = ( GEOMETRIC_REPRESENTATION_CONTEXT(2) 
PARAMETRIC_REPRESENTATION_CONTEXT() REPRESENTATION_CONTEXT('2D SPACE',''
  ) );
#6063 = PCURVE('',#5589,#6064);
#6064 = DEFINITIONAL_REPRESENTATION('',(#6065),#6069);
#6065 = LINE('',#6066,#6067);
#6066 = CARTESIAN_POINT('',(1.570796326795,0.));
#6067 = VECTOR('',#6068,1.);
#6068 = DIRECTION('',(0.,1.));
#6069 = ( GEOMETRIC_REPRESENTATION_CONTEXT(2) 
PARAMETRIC_REPRESENTATION_CONTEXT() REPRESENTATION_CONTEXT('2D SPACE',''
  ) );
#6070 = ORIENTED_EDGE('',*,*,#6071,.F.);
#6071 = EDGE_CURVE('',#2572,#6049,#6072,.T.);
#6072 = SURFACE_CURVE('',#6073,(#6077,#6084),.PCURVE_S1.);
#6073 = LINE('',#6074,#6075);
#6074 = CARTESIAN_POINT('',(195.3625,71.325198693139,-1.813431127244E-02
    ));
#6075 = VECTOR('',#6076,1.);
#6076 = DIRECTION('',(0.,-3.48994967025E-02,0.999390827019));
#6077 = PCURVE('',#2587,#6078);
#6078 = DEFINITIONAL_REPRESENTATION('',(#6079),#6083);
#6079 = LINE('',#6080,#6081);
#6080 = CARTESIAN_POINT('',(6.312224830988,-26.09013946313));
#6081 = VECTOR('',#6082,1.);
#6082 = DIRECTION('',(-0.999390827019,3.48994967025E-02));
#6083 = ( GEOMETRIC_REPRESENTATION_CONTEXT(2) 
PARAMETRIC_REPRESENTATION_CONTEXT() REPRESENTATION_CONTEXT('2D SPACE',''
  ) );
#6084 = PCURVE('',#6009,#6085);
#6085 = DEFINITIONAL_REPRESENTATION('',(#6086),#6090);
#6086 = LINE('',#6087,#6088);
#6087 = CARTESIAN_POINT('',(6.28318530718,0.));
#6088 = VECTOR('',#6089,1.);
#6089 = DIRECTION('',(-0.,1.));
#6090 = ( GEOMETRIC_REPRESENTATION_CONTEXT(2) 
PARAMETRIC_REPRESENTATION_CONTEXT() REPRESENTATION_CONTEXT('2D SPACE',''
  ) );
#6091 = ADVANCED_FACE('',(#6092),#2876,.T.);
#6092 = FACE_BOUND('',#6093,.T.);
#6093 = EDGE_LOOP('',(#6094,#6095,#6118,#6141));
#6094 = ORIENTED_EDGE('',*,*,#2860,.T.);
#6095 = ORIENTED_EDGE('',*,*,#6096,.T.);
#6096 = EDGE_CURVE('',#2839,#6097,#6099,.T.);
#6097 = VERTEX_POINT('',#6098);
#6098 = CARTESIAN_POINT('',(195.8125000104,71.151197234689,
    12.409067155008));
#6099 = SURFACE_CURVE('',#6100,(#6104,#6111),.PCURVE_S1.);
#6100 = LINE('',#6101,#6102);
#6101 = CARTESIAN_POINT('',(195.8125000104,71.58484804049,
    -9.067156264905E-03));
#6102 = VECTOR('',#6103,1.);
#6103 = DIRECTION('',(0.,-3.48994967025E-02,0.999390827019));
#6104 = PCURVE('',#2876,#6105);
#6105 = DEFINITIONAL_REPRESENTATION('',(#6106),#6110);
#6106 = LINE('',#6107,#6108);
#6107 = CARTESIAN_POINT('',(-6.867110411059,6.36197359151));
#6108 = VECTOR('',#6109,1.);
#6109 = DIRECTION('',(1.745772503396E-02,-0.999847602306));
#6110 = ( GEOMETRIC_REPRESENTATION_CONTEXT(2) 
PARAMETRIC_REPRESENTATION_CONTEXT() REPRESENTATION_CONTEXT('2D SPACE',''
  ) );
#6111 = PCURVE('',#6009,#6112);
#6112 = DEFINITIONAL_REPRESENTATION('',(#6113),#6117);
#6113 = LINE('',#6114,#6115);
#6114 = CARTESIAN_POINT('',(4.188790164755,0.));
#6115 = VECTOR('',#6116,1.);
#6116 = DIRECTION('',(-0.,1.));
#6117 = ( GEOMETRIC_REPRESENTATION_CONTEXT(2) 
PARAMETRIC_REPRESENTATION_CONTEXT() REPRESENTATION_CONTEXT('2D SPACE',''
  ) );
#6118 = ORIENTED_EDGE('',*,*,#6119,.F.);
#6119 = EDGE_CURVE('',#6120,#6097,#6122,.T.);
#6120 = VERTEX_POINT('',#6121);
#6121 = CARTESIAN_POINT('',(207.66249999306,64.305425663227,
    12.409067155008));
#6122 = SURFACE_CURVE('',#6123,(#6127,#6134),.PCURVE_S1.);
#6123 = LINE('',#6124,#6125);
#6124 = CARTESIAN_POINT('',(207.96690057548,64.129572763944,
    12.409067155008));
#6125 = VECTOR('',#6126,1.);
#6126 = DIRECTION('',(-0.865893403497,0.50022856154,0.));
#6127 = PCURVE('',#2876,#6128);
#6128 = DEFINITIONAL_REPRESENTATION('',(#6129),#6133);
#6129 = LINE('',#6130,#6131);
#6130 = CARTESIAN_POINT('',(7.386646489175,-6.061836474139));
#6131 = VECTOR('',#6132,1.);
#6132 = DIRECTION('',(-1.,1.605268984088E-18));
#6133 = ( GEOMETRIC_REPRESENTATION_CONTEXT(2) 
PARAMETRIC_REPRESENTATION_CONTEXT() REPRESENTATION_CONTEXT('2D SPACE',''
  ) );
#6134 = PCURVE('',#5561,#6135);
#6135 = DEFINITIONAL_REPRESENTATION('',(#6136),#6140);
#6136 = LINE('',#6137,#6138);
#6137 = CARTESIAN_POINT('',(1.540567873391,0.));
#6138 = VECTOR('',#6139,1.);
#6139 = DIRECTION('',(0.,1.));
#6140 = ( GEOMETRIC_REPRESENTATION_CONTEXT(2) 
PARAMETRIC_REPRESENTATION_CONTEXT() REPRESENTATION_CONTEXT('2D SPACE',''
  ) );
#6141 = ORIENTED_EDGE('',*,*,#6142,.F.);
#6142 = EDGE_CURVE('',#2861,#6120,#6143,.T.);
#6143 = SURFACE_CURVE('',#6144,(#6148,#6155),.PCURVE_S1.);
#6144 = LINE('',#6145,#6146);
#6145 = CARTESIAN_POINT('',(207.66249999306,64.738548748905,
    6.044770843273E-03));
#6146 = VECTOR('',#6147,1.);
#6147 = DIRECTION('',(0.,-3.48994967025E-02,0.999390827019));
#6148 = PCURVE('',#2876,#6149);
#6149 = DEFINITIONAL_REPRESENTATION('',(#6150),#6154);
#6150 = LINE('',#6151,#6152);
#6151 = CARTESIAN_POINT('',(6.818440851868,6.34685475744));
#6152 = VECTOR('',#6153,1.);
#6153 = DIRECTION('',(1.745772503396E-02,-0.999847602306));
#6154 = ( GEOMETRIC_REPRESENTATION_CONTEXT(2) 
PARAMETRIC_REPRESENTATION_CONTEXT() REPRESENTATION_CONTEXT('2D SPACE',''
  ) );
#6155 = PCURVE('',#2939,#6156);
#6156 = DEFINITIONAL_REPRESENTATION('',(#6157),#6161);
#6157 = LINE('',#6158,#6159);
#6158 = CARTESIAN_POINT('',(0.,0.));
#6159 = VECTOR('',#6160,1.);
#6160 = DIRECTION('',(0.,1.));
#6161 = ( GEOMETRIC_REPRESENTATION_CONTEXT(2) 
PARAMETRIC_REPRESENTATION_CONTEXT() REPRESENTATION_CONTEXT('2D SPACE',''
  ) );
#6162 = ADVANCED_FACE('',(#6163),#2939,.F.);
#6163 = FACE_BOUND('',#6164,.F.);
#6164 = EDGE_LOOP('',(#6165,#6166,#6167,#6199));
#6165 = ORIENTED_EDGE('',*,*,#2978,.T.);
#6166 = ORIENTED_EDGE('',*,*,#2923,.T.);
#6167 = ORIENTED_EDGE('',*,*,#6168,.F.);
#6168 = EDGE_CURVE('',#6120,#2924,#6169,.T.);
#6169 = SURFACE_CURVE('',#6170,(#6187,#6193),.PCURVE_S1.);
#6170 = B_SPLINE_CURVE_WITH_KNOTS('',8,(#6171,#6172,#6173,#6174,#6175,
    #6176,#6177,#6178,#6179,#6180,#6181,#6182,#6183,#6184,#6185,#6186),
  .UNSPECIFIED.,.F.,.F.,(9,7,9),(0.,0.5,1.),.UNSPECIFIED.);
#6171 = CARTESIAN_POINT('',(207.66249999306,64.305425663227,
    12.409067155008));
#6172 = CARTESIAN_POINT('',(207.68517248502,64.291721884811,
    12.42641582631));
#6173 = CARTESIAN_POINT('',(207.70980323247,64.281407837116,
    12.443882869618));
#6174 = CARTESIAN_POINT('',(207.73580025168,64.274825092102,
    12.461480212887));
#6175 = CARTESIAN_POINT('',(207.76249999387,64.272191312132,
    12.479215457054));
#6176 = CARTESIAN_POINT('',(207.78919973618,64.27358152665,
    12.497091222204));
#6177 = CARTESIAN_POINT('',(207.81519675575,64.278920706255,
    12.515104888255));
#6178 = CARTESIAN_POINT('',(207.83982750378,64.287991188621,
    12.533248854269));
#6179 = CARTESIAN_POINT('',(207.88517248928,64.312911615032,
    12.569773530315));
#6180 = CARTESIAN_POINT('',(207.90588917074,64.32875993462,
    12.58815418362));
#6181 = CARTESIAN_POINT('',(207.92405039593,64.347660196566,
    12.606641413101));
#6182 = CARTESIAN_POINT('',(207.93914121466,64.369142115644,
    12.625218796035));
#6183 = CARTESIAN_POINT('',(207.95074984049,64.39263325507,
    12.64386634249));
#6184 = CARTESIAN_POINT('',(207.95858611964,64.417490996182,
    12.662561611727));
#6185 = CARTESIAN_POINT('',(207.9625,64.443034508086,12.681280828609));
#6186 = CARTESIAN_POINT('',(207.9625,64.46857671733,12.7));
#6187 = PCURVE('',#2939,#6188);
#6188 = DEFINITIONAL_REPRESENTATION('',(#6189),#6192);
#6189 = B_SPLINE_CURVE_WITH_KNOTS('',1,(#6190,#6191),.UNSPECIFIED.,.F.,
  .F.,(2,2),(0.,1.),.PIECEWISE_BEZIER_KNOTS.);
#6190 = CARTESIAN_POINT('',(8.746336987997E-13,12.410582575747));
#6191 = CARTESIAN_POINT('',(2.094395142421,12.695644302636));
#6192 = ( GEOMETRIC_REPRESENTATION_CONTEXT(2) 
PARAMETRIC_REPRESENTATION_CONTEXT() REPRESENTATION_CONTEXT('2D SPACE',''
  ) );
#6193 = PCURVE('',#5426,#6194);
#6194 = DEFINITIONAL_REPRESENTATION('',(#6195),#6198);
#6195 = B_SPLINE_CURVE_WITH_KNOTS('',1,(#6196,#6197),.UNSPECIFIED.,.F.,
  .F.,(2,2),(0.,1.),.PIECEWISE_BEZIER_KNOTS.);
#6196 = CARTESIAN_POINT('',(1.,0.));
#6197 = CARTESIAN_POINT('',(1.,1.));
#6198 = ( GEOMETRIC_REPRESENTATION_CONTEXT(2) 
PARAMETRIC_REPRESENTATION_CONTEXT() REPRESENTATION_CONTEXT('2D SPACE',''
  ) );
#6199 = ORIENTED_EDGE('',*,*,#6142,.F.);
#6200 = ADVANCED_FACE('',(#6201),#5669,.T.);
#6201 = FACE_BOUND('',#6202,.T.);
#6202 = EDGE_LOOP('',(#6203,#6204,#6234));
#6203 = ORIENTED_EDGE('',*,*,#5629,.F.);
#6204 = ORIENTED_EDGE('',*,*,#6205,.T.);
#6205 = EDGE_CURVE('',#5602,#5857,#6206,.T.);
#6206 = SURFACE_CURVE('',#6207,(#6215,#6222),.PCURVE_S1.);
#6207 = B_SPLINE_CURVE_WITH_KNOTS('',6,(#6208,#6209,#6210,#6211,#6212,
    #6213,#6214),.UNSPECIFIED.,.F.,.F.,(7,7),(0.,1.),
  .PIECEWISE_BEZIER_KNOTS.);
#6208 = CARTESIAN_POINT('',(207.51249998266,26.424342144125,12.7));
#6209 = CARTESIAN_POINT('',(207.55103178522,26.357643766164,12.7));
#6210 = CARTESIAN_POINT('',(207.58956063381,26.290950501523,
    12.676271410733));
#6211 = CARTESIAN_POINT('',(207.62353485905,26.232141269542,
    12.628781539809));
#6212 = CARTESIAN_POINT('',(207.64830662804,26.189261448163,
    12.562330490409));
#6213 = CARTESIAN_POINT('',(207.66133541364,26.166708678546,
    12.486060358648));
#6214 = CARTESIAN_POINT('',(207.66249999306,26.164692796773,
    12.409067155008));
#6215 = PCURVE('',#5669,#6216);
#6216 = DEFINITIONAL_REPRESENTATION('',(#6217),#6221);
#6217 = LINE('',#6218,#6219);
#6218 = CARTESIAN_POINT('',(0.,0.));
#6219 = VECTOR('',#6220,1.);
#6220 = DIRECTION('',(1.,0.));
#6221 = ( GEOMETRIC_REPRESENTATION_CONTEXT(2) 
PARAMETRIC_REPRESENTATION_CONTEXT() REPRESENTATION_CONTEXT('2D SPACE',''
  ) );
#6222 = PCURVE('',#5617,#6223);
#6223 = DEFINITIONAL_REPRESENTATION('',(#6224),#6233);
#6224 = B_SPLINE_CURVE_WITH_KNOTS('',7,(#6225,#6226,#6227,#6228,#6229,
    #6230,#6231,#6232),.UNSPECIFIED.,.F.,.F.,(8,8),(0.,1.),
  .PIECEWISE_BEZIER_KNOTS.);
#6225 = CARTESIAN_POINT('',(-1.110223024625E-16,14.199899627279));
#6226 = CARTESIAN_POINT('',(0.22008112477,14.199899627279));
#6227 = CARTESIAN_POINT('',(0.440145939228,14.199899627279));
#6228 = CARTESIAN_POINT('',(0.660284848693,14.19989962728));
#6229 = CARTESIAN_POINT('',(0.880283024698,14.199899627279));
#6230 = CARTESIAN_POINT('',(1.100421934164,14.19989962728));
#6231 = CARTESIAN_POINT('',(1.320486748621,14.199899627279));
#6232 = CARTESIAN_POINT('',(1.540567873391,14.199899627279));
#6233 = ( GEOMETRIC_REPRESENTATION_CONTEXT(2) 
PARAMETRIC_REPRESENTATION_CONTEXT() REPRESENTATION_CONTEXT('2D SPACE',''
  ) );
#6234 = ORIENTED_EDGE('',*,*,#5879,.T.);
#6235 = ADVANCED_FACE('',(#6236),#5617,.T.);
#6236 = FACE_BOUND('',#6237,.T.);
#6237 = EDGE_LOOP('',(#6238,#6239,#6277,#6278));
#6238 = ORIENTED_EDGE('',*,*,#5601,.F.);
#6239 = ORIENTED_EDGE('',*,*,#6240,.T.);
#6240 = EDGE_CURVE('',#5574,#5948,#6241,.T.);
#6241 = SURFACE_CURVE('',#6242,(#6247,#6254),.PCURVE_S1.);
#6242 = CIRCLE('',#6243,0.3);
#6243 = AXIS2_PLACEMENT_3D('',#6244,#6245,#6246);
#6244 = CARTESIAN_POINT('',(195.6625,19.578570572663,12.4));
#6245 = DIRECTION('',(0.865893403497,0.50022856154,-9.388169472705E-14)
  );
#6246 = DIRECTION('',(9.473903143468E-14,2.368475785867E-14,1.));
#6247 = PCURVE('',#5617,#6248);
#6248 = DEFINITIONAL_REPRESENTATION('',(#6249),#6253);
#6249 = LINE('',#6250,#6251);
#6250 = CARTESIAN_POINT('',(0.,0.514612345026));
#6251 = VECTOR('',#6252,1.);
#6252 = DIRECTION('',(1.,5.332871419771E-15));
#6253 = ( GEOMETRIC_REPRESENTATION_CONTEXT(2) 
PARAMETRIC_REPRESENTATION_CONTEXT() REPRESENTATION_CONTEXT('2D SPACE',''
  ) );
#6254 = PCURVE('',#6255,#6260);
#6255 = SPHERICAL_SURFACE('',#6256,0.3);
#6256 = AXIS2_PLACEMENT_3D('',#6257,#6258,#6259);
#6257 = CARTESIAN_POINT('',(195.6625,19.578570572663,12.4));
#6258 = DIRECTION('',(1.,-3.552713678801E-14,0.));
#6259 = DIRECTION('',(8.414516322359E-28,2.368475785867E-14,1.));
#6260 = DEFINITIONAL_REPRESENTATION('',(#6261),#6276);
#6261 = B_SPLINE_CURVE_WITH_KNOTS('',7,(#6262,#6263,#6264,#6265,#6266,
    #6267,#6268,#6269,#6270,#6271,#6272,#6273,#6274,#6275),
  .UNSPECIFIED.,.F.,.F.,(8,6,8),(0.,0.770283936696,1.540567873391),
  .UNSPECIFIED.);
#6262 = CARTESIAN_POINT('',(0.,9.473903143468E-14));
#6263 = CARTESIAN_POINT('',(9.528339708634E-02,5.504543223304E-02));
#6264 = CARTESIAN_POINT('',(0.190565929943,0.110091557373));
#6265 = CARTESIAN_POINT('',(0.286795988995,0.164318169803));
#6266 = CARTESIAN_POINT('',(0.38490273665,0.216918149429));
#6267 = CARTESIAN_POINT('',(0.485804042585,0.267014511661));
#6268 = CARTESIAN_POINT('',(0.590281468682,0.313641186983));
#6269 = CARTESIAN_POINT('',(0.807163138486,0.397933873207));
#6270 = CARTESIAN_POINT('',(0.919567688378,0.435601022653));
#6271 = CARTESIAN_POINT('',(1.036313933174,0.467780090771));
#6272 = CARTESIAN_POINT('',(1.157406745939,0.493449175808));
#6273 = CARTESIAN_POINT('',(1.28213077066,0.511603160043));
#6274 = CARTESIAN_POINT('',(1.408845206434,0.521677757749));
#6275 = CARTESIAN_POINT('',(1.535889741755,0.52359881563));
#6276 = ( GEOMETRIC_REPRESENTATION_CONTEXT(2) 
PARAMETRIC_REPRESENTATION_CONTEXT() REPRESENTATION_CONTEXT('2D SPACE',''
  ) );
#6277 = ORIENTED_EDGE('',*,*,#5947,.T.);
#6278 = ORIENTED_EDGE('',*,*,#6205,.F.);
#6279 = ADVANCED_FACE('',(#6280),#5589,.T.);
#6280 = FACE_BOUND('',#6281,.T.);
#6281 = EDGE_LOOP('',(#6282,#6283,#6321,#6322));
#6282 = ORIENTED_EDGE('',*,*,#5573,.F.);
#6283 = ORIENTED_EDGE('',*,*,#6284,.T.);
#6284 = EDGE_CURVE('',#5546,#6049,#6285,.T.);
#6285 = SURFACE_CURVE('',#6286,(#6291,#6298),.PCURVE_S1.);
#6286 = CIRCLE('',#6287,0.3);
#6287 = AXIS2_PLACEMENT_3D('',#6288,#6289,#6290);
#6288 = CARTESIAN_POINT('',(195.6625,70.891547887337,12.4));
#6289 = DIRECTION('',(-4.736951571734E-14,-1.,4.736951571734E-14));
#6290 = DIRECTION('',(9.473903143468E-14,4.736951571734E-14,1.));
#6291 = PCURVE('',#5589,#6292);
#6292 = DEFINITIONAL_REPRESENTATION('',(#6293),#6297);
#6293 = LINE('',#6294,#6295);
#6294 = CARTESIAN_POINT('',(0.,0.509455763965));
#6295 = VECTOR('',#6296,1.);
#6296 = DIRECTION('',(1.,-9.895059008998E-16));
#6297 = ( GEOMETRIC_REPRESENTATION_CONTEXT(2) 
PARAMETRIC_REPRESENTATION_CONTEXT() REPRESENTATION_CONTEXT('2D SPACE',''
  ) );
#6298 = PCURVE('',#6299,#6304);
#6299 = SPHERICAL_SURFACE('',#6300,0.3);
#6300 = AXIS2_PLACEMENT_3D('',#6301,#6302,#6303);
#6301 = CARTESIAN_POINT('',(195.6625,70.891547887337,12.4));
#6302 = DIRECTION('',(-0.500000034668,-0.865497824504,
    -3.022385002513E-02));
#6303 = DIRECTION('',(-1.511883302222E-02,-2.617063236507E-02,
    0.999543155091));
#6304 = DEFINITIONAL_REPRESENTATION('',(#6305),#6320);
#6305 = B_SPLINE_CURVE_WITH_KNOTS('',7,(#6306,#6307,#6308,#6309,#6310,
    #6311,#6312,#6313,#6314,#6315,#6316,#6317,#6318,#6319),
  .UNSPECIFIED.,.F.,.F.,(8,6,8),(0.,0.785398163397,1.570796326795),
  .UNSPECIFIED.);
#6306 = CARTESIAN_POINT('',(0.,-3.022845340375E-02));
#6307 = CARTESIAN_POINT('',(9.71974168314E-02,2.589705995517E-02));
#6308 = CARTESIAN_POINT('',(0.194008775979,8.235625945305E-02));
#6309 = CARTESIAN_POINT('',(0.291441243411,0.138277452074));
#6310 = CARTESIAN_POINT('',(0.390489024849,0.192815268663));
#6311 = CARTESIAN_POINT('',(0.492148821958,0.245061884138));
#6312 = CARTESIAN_POINT('',(0.597300607248,0.294016904487));
#6313 = CARTESIAN_POINT('',(0.815606828133,0.383214936675));
#6314 = CARTESIAN_POINT('',(0.928761025215,0.423459231945));
#6315 = CARTESIAN_POINT('',(1.046415774766,0.458285602761));
#6316 = CARTESIAN_POINT('',(1.16870488118,0.486603282581));
#6317 = CARTESIAN_POINT('',(1.295065591935,0.507298595675));
#6318 = CARTESIAN_POINT('',(1.423859537113,0.519683101256));
#6319 = CARTESIAN_POINT('',(1.553337714868,0.52359881563));
#6320 = ( GEOMETRIC_REPRESENTATION_CONTEXT(2) 
PARAMETRIC_REPRESENTATION_CONTEXT() REPRESENTATION_CONTEXT('2D SPACE',''
  ) );
#6321 = ORIENTED_EDGE('',*,*,#6048,.T.);
#6322 = ORIENTED_EDGE('',*,*,#6323,.T.);
#6323 = EDGE_CURVE('',#6026,#5574,#6324,.T.);
#6324 = SURFACE_CURVE('',#6325,(#6330,#6336),.PCURVE_S1.);
#6325 = CIRCLE('',#6326,0.3);
#6326 = AXIS2_PLACEMENT_3D('',#6327,#6328,#6329);
#6327 = CARTESIAN_POINT('',(195.6625,19.578570572663,12.4));
#6328 = DIRECTION('',(3.552713678801E-14,1.,-2.368475785867E-14));
#6329 = DIRECTION('',(8.414516322359E-28,2.368475785867E-14,1.));
#6330 = PCURVE('',#5589,#6331);
#6331 = DEFINITIONAL_REPRESENTATION('',(#6332),#6335);
#6332 = B_SPLINE_CURVE_WITH_KNOTS('',1,(#6333,#6334),.UNSPECIFIED.,.F.,
  .F.,(2,2),(4.712388980385,6.28318530718),.PIECEWISE_BEZIER_KNOTS.);
#6333 = CARTESIAN_POINT('',(1.570796326795,51.82243307864));
#6334 = CARTESIAN_POINT('',(-9.503509090791E-14,51.82243307864));
#6335 = ( GEOMETRIC_REPRESENTATION_CONTEXT(2) 
PARAMETRIC_REPRESENTATION_CONTEXT() REPRESENTATION_CONTEXT('2D SPACE',''
  ) );
#6336 = PCURVE('',#6255,#6337);
#6337 = DEFINITIONAL_REPRESENTATION('',(#6338),#6341);
#6338 = B_SPLINE_CURVE_WITH_KNOTS('',1,(#6339,#6340),.UNSPECIFIED.,.F.,
  .F.,(2,2),(4.712388980385,6.28318530718),.PIECEWISE_BEZIER_KNOTS.);
#6339 = CARTESIAN_POINT('',(0.,-1.570796326795));
#6340 = CARTESIAN_POINT('',(0.,9.503509090791E-14));
#6341 = ( GEOMETRIC_REPRESENTATION_CONTEXT(2) 
PARAMETRIC_REPRESENTATION_CONTEXT() REPRESENTATION_CONTEXT('2D SPACE',''
  ) );
#6342 = ADVANCED_FACE('',(#6343),#5561,.T.);
#6343 = FACE_BOUND('',#6344,.T.);
#6344 = EDGE_LOOP('',(#6345,#6346,#6376,#6377));
#6345 = ORIENTED_EDGE('',*,*,#5545,.F.);
#6346 = ORIENTED_EDGE('',*,*,#6347,.T.);
#6347 = EDGE_CURVE('',#5385,#6120,#6348,.T.);
#6348 = SURFACE_CURVE('',#6349,(#6357,#6369),.PCURVE_S1.);
#6349 = B_SPLINE_CURVE_WITH_KNOTS('',6,(#6350,#6351,#6352,#6353,#6354,
    #6355,#6356),.UNSPECIFIED.,.F.,.F.,(7,7),(0.,1.),
  .PIECEWISE_BEZIER_KNOTS.);
#6350 = CARTESIAN_POINT('',(207.51249998266,64.045776315876,12.7));
#6351 = CARTESIAN_POINT('',(207.55103178522,64.112474693836,12.7));
#6352 = CARTESIAN_POINT('',(207.58956063381,64.179167958476,
    12.676271410733));
#6353 = CARTESIAN_POINT('',(207.62353485905,64.237977190459,
    12.628781539809));
#6354 = CARTESIAN_POINT('',(207.64830662804,64.280857011837,
    12.562330490409));
#6355 = CARTESIAN_POINT('',(207.66133541364,64.303409781454,
    12.486060358648));
#6356 = CARTESIAN_POINT('',(207.66249999306,64.305425663227,
    12.409067155008));
#6357 = PCURVE('',#5561,#6358);
#6358 = DEFINITIONAL_REPRESENTATION('',(#6359),#6368);
#6359 = B_SPLINE_CURVE_WITH_KNOTS('',7,(#6360,#6361,#6362,#6363,#6364,
    #6365,#6366,#6367),.UNSPECIFIED.,.F.,.F.,(8,8),(0.,1.),
  .PIECEWISE_BEZIER_KNOTS.);
#6360 = CARTESIAN_POINT('',(1.110223024625E-16,0.351545099188));
#6361 = CARTESIAN_POINT('',(0.22008112477,0.351545099188));
#6362 = CARTESIAN_POINT('',(0.440145939227,0.351545099188));
#6363 = CARTESIAN_POINT('',(0.660284848693,0.351545099188));
#6364 = CARTESIAN_POINT('',(0.880283024698,0.351545099188));
#6365 = CARTESIAN_POINT('',(1.100421934164,0.351545099188));
#6366 = CARTESIAN_POINT('',(1.320486748621,0.351545099188));
#6367 = CARTESIAN_POINT('',(1.540567873391,0.351545099188));
#6368 = ( GEOMETRIC_REPRESENTATION_CONTEXT(2) 
PARAMETRIC_REPRESENTATION_CONTEXT() REPRESENTATION_CONTEXT('2D SPACE',''
  ) );
#6369 = PCURVE('',#5426,#6370);
#6370 = DEFINITIONAL_REPRESENTATION('',(#6371),#6375);
#6371 = LINE('',#6372,#6373);
#6372 = CARTESIAN_POINT('',(0.,0.));
#6373 = VECTOR('',#6374,1.);
#6374 = DIRECTION('',(1.,0.));
#6375 = ( GEOMETRIC_REPRESENTATION_CONTEXT(2) 
PARAMETRIC_REPRESENTATION_CONTEXT() REPRESENTATION_CONTEXT('2D SPACE',''
  ) );
#6376 = ORIENTED_EDGE('',*,*,#6119,.T.);
#6377 = ORIENTED_EDGE('',*,*,#6378,.T.);
#6378 = EDGE_CURVE('',#6097,#5546,#6379,.T.);
#6379 = SURFACE_CURVE('',#6380,(#6385,#6391),.PCURVE_S1.);
#6380 = CIRCLE('',#6381,0.3);
#6381 = AXIS2_PLACEMENT_3D('',#6382,#6383,#6384);
#6382 = CARTESIAN_POINT('',(195.6625,70.891547887337,12.4));
#6383 = DIRECTION('',(0.865893403497,-0.50022856154,-5.833905632623E-14)
  );
#6384 = DIRECTION('',(-1.511883302222E-02,-2.617063236506E-02,
    0.999543155091));
#6385 = PCURVE('',#5561,#6386);
#6386 = DEFINITIONAL_REPRESENTATION('',(#6387),#6390);
#6387 = B_SPLINE_CURVE_WITH_KNOTS('',1,(#6388,#6389),.UNSPECIFIED.,.F.,
  .F.,(2,2),(4.712388980385,6.252956853776),.PIECEWISE_BEZIER_KNOTS.);
#6388 = CARTESIAN_POINT('',(1.540567873391,14.036832381441));
#6389 = CARTESIAN_POINT('',(7.283063041541E-14,14.036832381441));
#6390 = ( GEOMETRIC_REPRESENTATION_CONTEXT(2) 
PARAMETRIC_REPRESENTATION_CONTEXT() REPRESENTATION_CONTEXT('2D SPACE',''
  ) );
#6391 = PCURVE('',#6299,#6392);
#6392 = DEFINITIONAL_REPRESENTATION('',(#6393),#6396);
#6393 = B_SPLINE_CURVE_WITH_KNOTS('',1,(#6394,#6395),.UNSPECIFIED.,.F.,
  .F.,(2,2),(4.712388980385,6.252956853776),.PIECEWISE_BEZIER_KNOTS.);
#6394 = CARTESIAN_POINT('',(0.,-1.570796326795));
#6395 = CARTESIAN_POINT('',(0.,-3.022845340375E-02));
#6396 = ( GEOMETRIC_REPRESENTATION_CONTEXT(2) 
PARAMETRIC_REPRESENTATION_CONTEXT() REPRESENTATION_CONTEXT('2D SPACE',''
  ) );
#6397 = ADVANCED_FACE('',(#6398),#5426,.F.);
#6398 = FACE_BOUND('',#6399,.F.);
#6399 = EDGE_LOOP('',(#6400,#6401,#6402));
#6400 = ORIENTED_EDGE('',*,*,#5384,.F.);
#6401 = ORIENTED_EDGE('',*,*,#6347,.T.);
#6402 = ORIENTED_EDGE('',*,*,#6168,.T.);
#6403 = ADVANCED_FACE('',(#6404),#5930,.T.);
#6404 = FACE_BOUND('',#6405,.T.);
#6405 = EDGE_LOOP('',(#6406,#6407,#6427,#6428));
#6406 = ORIENTED_EDGE('',*,*,#5970,.T.);
#6407 = ORIENTED_EDGE('',*,*,#6408,.F.);
#6408 = EDGE_CURVE('',#6026,#5948,#6409,.T.);
#6409 = SURFACE_CURVE('',#6410,(#6415,#6421),.PCURVE_S1.);
#6410 = CIRCLE('',#6411,0.3);
#6411 = AXIS2_PLACEMENT_3D('',#6412,#6413,#6414);
#6412 = CARTESIAN_POINT('',(195.6625,19.578570572663,12.4));
#6413 = DIRECTION('',(1.239879193183E-15,3.489949670251E-02,
    0.999390827019));
#6414 = DIRECTION('',(-3.550549461619E-14,-0.999390827019,
    3.489949670251E-02));
#6415 = PCURVE('',#5930,#6416);
#6416 = DEFINITIONAL_REPRESENTATION('',(#6417),#6420);
#6417 = B_SPLINE_CURVE_WITH_KNOTS('',1,(#6418,#6419),.UNSPECIFIED.,.F.,
  .F.,(2,2),(4.712388980385,6.80678412281),.PIECEWISE_BEZIER_KNOTS.);
#6418 = CARTESIAN_POINT('',(4.188790164755,12.425703714244));
#6419 = CARTESIAN_POINT('',(6.28318530718,12.425703714244));
#6420 = ( GEOMETRIC_REPRESENTATION_CONTEXT(2) 
PARAMETRIC_REPRESENTATION_CONTEXT() REPRESENTATION_CONTEXT('2D SPACE',''
  ) );
#6421 = PCURVE('',#6255,#6422);
#6422 = DEFINITIONAL_REPRESENTATION('',(#6423),#6426);
#6423 = B_SPLINE_CURVE_WITH_KNOTS('',1,(#6424,#6425),.UNSPECIFIED.,.F.,
  .F.,(2,2),(4.712388980385,6.80678412281),.PIECEWISE_BEZIER_KNOTS.);
#6424 = CARTESIAN_POINT('',(1.535889741755,-1.570796326795));
#6425 = CARTESIAN_POINT('',(1.535889741755,0.52359881563));
#6426 = ( GEOMETRIC_REPRESENTATION_CONTEXT(2) 
PARAMETRIC_REPRESENTATION_CONTEXT() REPRESENTATION_CONTEXT('2D SPACE',''
  ) );
#6427 = ORIENTED_EDGE('',*,*,#6025,.F.);
#6428 = ORIENTED_EDGE('',*,*,#5916,.T.);
#6429 = ADVANCED_FACE('',(#6430),#6009,.T.);
#6430 = FACE_BOUND('',#6431,.T.);
#6431 = EDGE_LOOP('',(#6432,#6433,#6453,#6454));
#6432 = ORIENTED_EDGE('',*,*,#6071,.T.);
#6433 = ORIENTED_EDGE('',*,*,#6434,.F.);
#6434 = EDGE_CURVE('',#6097,#6049,#6435,.T.);
#6435 = SURFACE_CURVE('',#6436,(#6441,#6447),.PCURVE_S1.);
#6436 = CIRCLE('',#6437,0.3);
#6437 = AXIS2_PLACEMENT_3D('',#6438,#6439,#6440);
#6438 = CARTESIAN_POINT('',(195.6625,70.891547887337,12.4));
#6439 = DIRECTION('',(-3.088232423972E-15,-3.48994967025E-02,
    0.999390827019));
#6440 = DIRECTION('',(-0.866025383769,0.499695448157,1.744974956116E-02)
  );
#6441 = PCURVE('',#6009,#6442);
#6442 = DEFINITIONAL_REPRESENTATION('',(#6443),#6446);
#6443 = B_SPLINE_CURVE_WITH_KNOTS('',1,(#6444,#6445),.UNSPECIFIED.,.F.,
  .F.,(2,2),(4.712388980385,6.806784122809),.PIECEWISE_BEZIER_KNOTS.);
#6444 = CARTESIAN_POINT('',(4.188790164755,12.425703714244));
#6445 = CARTESIAN_POINT('',(6.28318530718,12.425703714244));
#6446 = ( GEOMETRIC_REPRESENTATION_CONTEXT(2) 
PARAMETRIC_REPRESENTATION_CONTEXT() REPRESENTATION_CONTEXT('2D SPACE',''
  ) );
#6447 = PCURVE('',#6299,#6448);
#6448 = DEFINITIONAL_REPRESENTATION('',(#6449),#6452);
#6449 = B_SPLINE_CURVE_WITH_KNOTS('',1,(#6450,#6451),.UNSPECIFIED.,.F.,
  .F.,(2,2),(4.712388980385,6.806784122809),.PIECEWISE_BEZIER_KNOTS.);
#6450 = CARTESIAN_POINT('',(1.553337714868,-1.570796326795));
#6451 = CARTESIAN_POINT('',(1.553337714868,0.52359881563));
#6452 = ( GEOMETRIC_REPRESENTATION_CONTEXT(2) 
PARAMETRIC_REPRESENTATION_CONTEXT() REPRESENTATION_CONTEXT('2D SPACE',''
  ) );
#6453 = ORIENTED_EDGE('',*,*,#6096,.F.);
#6454 = ORIENTED_EDGE('',*,*,#5995,.T.);
#6455 = ADVANCED_FACE('',(#6456),#6255,.T.);
#6456 = FACE_BOUND('',#6457,.T.);
#6457 = EDGE_LOOP('',(#6458,#6459,#6460));
#6458 = ORIENTED_EDGE('',*,*,#6323,.F.);
#6459 = ORIENTED_EDGE('',*,*,#6408,.T.);
#6460 = ORIENTED_EDGE('',*,*,#6240,.F.);
#6461 = ADVANCED_FACE('',(#6462),#6299,.T.);
#6462 = FACE_BOUND('',#6463,.T.);
#6463 = EDGE_LOOP('',(#6464,#6465,#6466));
#6464 = ORIENTED_EDGE('',*,*,#6378,.F.);
#6465 = ORIENTED_EDGE('',*,*,#6434,.T.);
#6466 = ORIENTED_EDGE('',*,*,#6284,.F.);
#6467 = ( GEOMETRIC_REPRESENTATION_CONTEXT(3) 
GLOBAL_UNCERTAINTY_ASSIGNED_CONTEXT((#6471)) 
GLOBAL_UNIT_ASSIGNED_CONTEXT((#6468,#6469,#6470)) REPRESENTATION_CONTEXT
('Context #1','3D Context with UNIT and UNCERTAINTY') );
#6468 = ( LENGTH_UNIT() NAMED_UNIT(*) SI_UNIT(.MILLI.,.METRE.) );
#6469 = ( NAMED_UNIT(*) PLANE_ANGLE_UNIT() SI_UNIT($,.RADIAN.) );
#6470 = ( NAMED_UNIT(*) SI_UNIT($,.STERADIAN.) SOLID_ANGLE_UNIT() );
#6471 = UNCERTAINTY_MEASURE_WITH_UNIT(LENGTH_MEASURE(1.E-07),#6468,
  'distance_accuracy_value','confusion accuracy');
#6472 = CONTEXT_DEPENDENT_SHAPE_REPRESENTATION(#6473,#6475);
#6473 = ( REPRESENTATION_RELATIONSHIP('','',#36,#10) 
REPRESENTATION_RELATIONSHIP_WITH_TRANSFORMATION(#6474) 
SHAPE_REPRESENTATION_RELATIONSHIP() );
#6474 = ITEM_DEFINED_TRANSFORMATION('','',#11,#15);
#6475 = PRODUCT_DEFINITION_SHAPE('Placement','Placement of an item',
  #6476);
#6476 = NEXT_ASSEMBLY_USAGE_OCCURRENCE('1','','',#5,#31,$);
#6477 = PRODUCT_RELATED_PRODUCT_CATEGORY('part',$,(#33));
#6478 = SHAPE_DEFINITION_REPRESENTATION(#6479,#6485);
#6479 = PRODUCT_DEFINITION_SHAPE('','',#6480);
#6480 = PRODUCT_DEFINITION('design','',#6481,#6484);
#6481 = PRODUCT_DEFINITION_FORMATION('','',#6482);
#6482 = PRODUCT('Open CASCADE STEP translator 7.9 1.2',
  'Open CASCADE STEP translator 7.9 1.2','',(#6483));
#6483 = PRODUCT_CONTEXT('',#2,'mechanical');
#6484 = PRODUCT_DEFINITION_CONTEXT('part definition',#2,'design');
#6485 = ADVANCED_BREP_SHAPE_REPRESENTATION('',(#11,#6486),#10324);
#6486 = MANIFOLD_SOLID_BREP('',#6487);
#6487 = CLOSED_SHELL('',(#6488,#7582,#7664,#7800,#7993,#8048,#8097,#8165
    ,#8214,#8274,#8323,#8391,#8523,#8550,#8621,#8670,#8719,#8768,#8817,
    #8844,#8915,#8964,#9013,#9062,#9111,#9138,#9209,#9258,#9307,#9356,
    #9405,#9432,#9503,#9552,#9601,#9650,#9699,#9726,#9946,#9995,#10028,
    #10085,#10134,#10191,#10218,#10251,#10284,#10317));
#6488 = ADVANCED_FACE('',(#6489,#6902,#7072,#7242,#7412),#6503,.F.);
#6489 = FACE_BOUND('',#6490,.F.);
#6490 = EDGE_LOOP('',(#6491,#6526,#6562,#6590,#6618,#6646,#6682,#6710,
    #6763,#6791,#6844,#6872));
#6491 = ORIENTED_EDGE('',*,*,#6492,.T.);
#6492 = EDGE_CURVE('',#6493,#6495,#6497,.T.);
#6493 = VERTEX_POINT('',#6494);
#6494 = CARTESIAN_POINT('',(207.9625,65.185381154813,-9.367506770275E-17
    ));
#6495 = VERTEX_POINT('',#6496);
#6496 = CARTESIAN_POINT('',(207.9625,90.41019696742,0.));
#6497 = SURFACE_CURVE('',#6498,(#6502,#6514),.PCURVE_S1.);
#6498 = LINE('',#6499,#6500);
#6499 = CARTESIAN_POINT('',(207.9625,92.737670164539,0.));
#6500 = VECTOR('',#6501,1.);
#6501 = DIRECTION('',(0.,1.,0.));
#6502 = PCURVE('',#6503,#6508);
#6503 = PLANE('',#6504);
#6504 = AXIS2_PLACEMENT_3D('',#6505,#6506,#6507);
#6505 = CARTESIAN_POINT('',(217.64725266008,53.255729267513,0.));
#6506 = DIRECTION('',(0.,0.,1.));
#6507 = DIRECTION('',(1.,0.,-0.));
#6508 = DEFINITIONAL_REPRESENTATION('',(#6509),#6513);
#6509 = LINE('',#6510,#6511);
#6510 = CARTESIAN_POINT('',(-9.68475266008,39.481940897026));
#6511 = VECTOR('',#6512,1.);
#6512 = DIRECTION('',(0.,1.));
#6513 = ( GEOMETRIC_REPRESENTATION_CONTEXT(2) 
PARAMETRIC_REPRESENTATION_CONTEXT() REPRESENTATION_CONTEXT('2D SPACE',''
  ) );
#6514 = PCURVE('',#6515,#6520);
#6515 = PLANE('',#6516);
#6516 = AXIS2_PLACEMENT_3D('',#6517,#6518,#6519);
#6517 = CARTESIAN_POINT('',(207.9625,132.21961106156,6.362554888218));
#6518 = DIRECTION('',(1.,0.,0.));
#6519 = DIRECTION('',(-0.,0.,1.));
#6520 = DEFINITIONAL_REPRESENTATION('',(#6521),#6525);
#6521 = LINE('',#6522,#6523);
#6522 = CARTESIAN_POINT('',(-6.362554888218,39.481940897021));
#6523 = VECTOR('',#6524,1.);
#6524 = DIRECTION('',(0.,-1.));
#6525 = ( GEOMETRIC_REPRESENTATION_CONTEXT(2) 
PARAMETRIC_REPRESENTATION_CONTEXT() REPRESENTATION_CONTEXT('2D SPACE',''
  ) );
#6526 = ORIENTED_EDGE('',*,*,#6527,.T.);
#6527 = EDGE_CURVE('',#6495,#6528,#6530,.T.);
#6528 = VERTEX_POINT('',#6529);
#6529 = CARTESIAN_POINT('',(1.299495277635E-14,76.2,0.));
#6530 = SURFACE_CURVE('',#6531,(#6536,#6547),.PCURVE_S1.);
#6531 = ELLIPSE('',#6532,424.44736842105,110.79605803202);
#6532 = AXIS2_PLACEMENT_3D('',#6533,#6534,#6535);
#6533 = CARTESIAN_POINT('',(0.,186.99605803202,0.));
#6534 = DIRECTION('',(0.,0.,-1.));
#6535 = DIRECTION('',(1.,0.,0.));
#6536 = PCURVE('',#6503,#6537);
#6537 = DEFINITIONAL_REPRESENTATION('',(#6538),#6546);
#6538 = ( BOUNDED_CURVE() B_SPLINE_CURVE(2,(#6539,#6540,#6541,#6542,
#6543,#6544,#6545),.UNSPECIFIED.,.T.,.F.) B_SPLINE_CURVE_WITH_KNOTS((1,2
    ,2,2,2,1),(-2.094395102393,0.,2.094395102393,4.188790204786,
6.28318530718,8.377580409573),.UNSPECIFIED.) CURVE() 
GEOMETRIC_REPRESENTATION_ITEM() RATIONAL_B_SPLINE_CURVE((1.,0.5,1.,0.5,
1.,0.5,1.)) REPRESENTATION_ITEM('') );
#6539 = CARTESIAN_POINT('',(206.80011576097,133.7403287645));
#6540 = CARTESIAN_POINT('',(206.80011576097,-58.1640730253));
#6541 = CARTESIAN_POINT('',(-429.8709368706,37.788127869603));
#6542 = CARTESIAN_POINT('',(-1.066541989502E+03,133.7403287645));
#6543 = CARTESIAN_POINT('',(-429.8709368706,229.69252965941));
#6544 = CARTESIAN_POINT('',(206.80011576096,325.64473055431));
#6545 = CARTESIAN_POINT('',(206.80011576097,133.7403287645));
#6546 = ( GEOMETRIC_REPRESENTATION_CONTEXT(2) 
PARAMETRIC_REPRESENTATION_CONTEXT() REPRESENTATION_CONTEXT('2D SPACE',''
  ) );
#6547 = PCURVE('',#6548,#6556);
#6548 = SURFACE_OF_LINEAR_EXTRUSION('',#6549,#6554);
#6549 = ELLIPSE('',#6550,424.44736842105,110.79605803202);
#6550 = AXIS2_PLACEMENT_3D('',#6551,#6552,#6553);
#6551 = CARTESIAN_POINT('',(0.,186.99605803202,0.));
#6552 = DIRECTION('',(0.,0.,-1.));
#6553 = DIRECTION('',(1.,0.,0.));
#6554 = VECTOR('',#6555,1.);
#6555 = DIRECTION('',(-0.,-0.,-1.));
#6556 = DEFINITIONAL_REPRESENTATION('',(#6557),#6561);
#6557 = LINE('',#6558,#6559);
#6558 = CARTESIAN_POINT('',(0.,0.));
#6559 = VECTOR('',#6560,1.);
#6560 = DIRECTION('',(1.,0.));
#6561 = ( GEOMETRIC_REPRESENTATION_CONTEXT(2) 
PARAMETRIC_REPRESENTATION_CONTEXT() REPRESENTATION_CONTEXT('2D SPACE',''
  ) );
#6562 = ORIENTED_EDGE('',*,*,#6563,.T.);
#6563 = EDGE_CURVE('',#6528,#6564,#6566,.T.);
#6564 = VERTEX_POINT('',#6565);
#6565 = CARTESIAN_POINT('',(0.,0.,0.));
#6566 = SURFACE_CURVE('',#6567,(#6571,#6578),.PCURVE_S1.);
#6567 = LINE('',#6568,#6569);
#6568 = CARTESIAN_POINT('',(0.,76.2,0.));
#6569 = VECTOR('',#6570,1.);
#6570 = DIRECTION('',(0.,-1.,0.));
#6571 = PCURVE('',#6503,#6572);
#6572 = DEFINITIONAL_REPRESENTATION('',(#6573),#6577);
#6573 = LINE('',#6574,#6575);
#6574 = CARTESIAN_POINT('',(-217.64725266,22.944270732487));
#6575 = VECTOR('',#6576,1.);
#6576 = DIRECTION('',(0.,-1.));
#6577 = ( GEOMETRIC_REPRESENTATION_CONTEXT(2) 
PARAMETRIC_REPRESENTATION_CONTEXT() REPRESENTATION_CONTEXT('2D SPACE',''
  ) );
#6578 = PCURVE('',#6579,#6584);
#6579 = PLANE('',#6580);
#6580 = AXIS2_PLACEMENT_3D('',#6581,#6582,#6583);
#6581 = CARTESIAN_POINT('',(0.,76.2,0.));
#6582 = DIRECTION('',(1.,0.,-0.));
#6583 = DIRECTION('',(0.,-1.,0.));
#6584 = DEFINITIONAL_REPRESENTATION('',(#6585),#6589);
#6585 = LINE('',#6586,#6587);
#6586 = CARTESIAN_POINT('',(0.,0.));
#6587 = VECTOR('',#6588,1.);
#6588 = DIRECTION('',(1.,0.));
#6589 = ( GEOMETRIC_REPRESENTATION_CONTEXT(2) 
PARAMETRIC_REPRESENTATION_CONTEXT() REPRESENTATION_CONTEXT('2D SPACE',''
  ) );
#6590 = ORIENTED_EDGE('',*,*,#6591,.T.);
#6591 = EDGE_CURVE('',#6564,#6592,#6594,.T.);
#6592 = VERTEX_POINT('',#6593);
#6593 = CARTESIAN_POINT('',(207.9625,0.,0.));
#6594 = SURFACE_CURVE('',#6595,(#6599,#6606),.PCURVE_S1.);
#6595 = LINE('',#6596,#6597);
#6596 = CARTESIAN_POINT('',(0.,0.,0.));
#6597 = VECTOR('',#6598,1.);
#6598 = DIRECTION('',(1.,0.,0.));
#6599 = PCURVE('',#6503,#6600);
#6600 = DEFINITIONAL_REPRESENTATION('',(#6601),#6605);
#6601 = LINE('',#6602,#6603);
#6602 = CARTESIAN_POINT('',(-217.64725266,-53.25572926751));
#6603 = VECTOR('',#6604,1.);
#6604 = DIRECTION('',(1.,0.));
#6605 = ( GEOMETRIC_REPRESENTATION_CONTEXT(2) 
PARAMETRIC_REPRESENTATION_CONTEXT() REPRESENTATION_CONTEXT('2D SPACE',''
  ) );
#6606 = PCURVE('',#6607,#6612);
#6607 = PLANE('',#6608);
#6608 = AXIS2_PLACEMENT_3D('',#6609,#6610,#6611);
#6609 = CARTESIAN_POINT('',(0.,0.,0.));
#6610 = DIRECTION('',(0.,1.,0.));
#6611 = DIRECTION('',(1.,0.,0.));
#6612 = DEFINITIONAL_REPRESENTATION('',(#6613),#6617);
#6613 = LINE('',#6614,#6615);
#6614 = CARTESIAN_POINT('',(0.,0.));
#6615 = VECTOR('',#6616,1.);
#6616 = DIRECTION('',(1.,0.));
#6617 = ( GEOMETRIC_REPRESENTATION_CONTEXT(2) 
PARAMETRIC_REPRESENTATION_CONTEXT() REPRESENTATION_CONTEXT('2D SPACE',''
  ) );
#6618 = ORIENTED_EDGE('',*,*,#6619,.T.);
#6619 = EDGE_CURVE('',#6592,#6620,#6622,.T.);
#6620 = VERTEX_POINT('',#6621);
#6621 = CARTESIAN_POINT('',(207.9625,25.284737305187,-2.636779683485E-16
    ));
#6622 = SURFACE_CURVE('',#6623,(#6627,#6634),.PCURVE_S1.);
#6623 = LINE('',#6624,#6625);
#6624 = CARTESIAN_POINT('',(207.9625,30.635588717974,0.));
#6625 = VECTOR('',#6626,1.);
#6626 = DIRECTION('',(0.,1.,0.));
#6627 = PCURVE('',#6503,#6628);
#6628 = DEFINITIONAL_REPRESENTATION('',(#6629),#6633);
#6629 = LINE('',#6630,#6631);
#6630 = CARTESIAN_POINT('',(-9.68475266008,-22.62014054953));
#6631 = VECTOR('',#6632,1.);
#6632 = DIRECTION('',(0.,1.));
#6633 = ( GEOMETRIC_REPRESENTATION_CONTEXT(2) 
PARAMETRIC_REPRESENTATION_CONTEXT() REPRESENTATION_CONTEXT('2D SPACE',''
  ) );
#6634 = PCURVE('',#6635,#6640);
#6635 = PLANE('',#6636);
#6636 = AXIS2_PLACEMENT_3D('',#6637,#6638,#6639);
#6637 = CARTESIAN_POINT('',(207.9625,8.015448168434,6.38718655506));
#6638 = DIRECTION('',(1.,0.,0.));
#6639 = DIRECTION('',(-0.,0.,1.));
#6640 = DEFINITIONAL_REPRESENTATION('',(#6641),#6645);
#6641 = LINE('',#6642,#6643);
#6642 = CARTESIAN_POINT('',(-6.38718655506,-22.62014054954));
#6643 = VECTOR('',#6644,1.);
#6644 = DIRECTION('',(0.,-1.));
#6645 = ( GEOMETRIC_REPRESENTATION_CONTEXT(2) 
PARAMETRIC_REPRESENTATION_CONTEXT() REPRESENTATION_CONTEXT('2D SPACE',''
  ) );
#6646 = ORIENTED_EDGE('',*,*,#6647,.F.);
#6647 = EDGE_CURVE('',#6648,#6620,#6650,.T.);
#6648 = VERTEX_POINT('',#6649);
#6649 = CARTESIAN_POINT('',(207.91765534551,25.442617351491,
    -6.106226635438E-16));
#6650 = SURFACE_CURVE('',#6651,(#6656,#6667),.PCURVE_S1.);
#6651 = ELLIPSE('',#6652,0.30018286329,0.3);
#6652 = AXIS2_PLACEMENT_3D('',#6653,#6654,#6655);
#6653 = CARTESIAN_POINT('',(207.6625,25.284737305187,1.37227662929E-18)
  );
#6654 = DIRECTION('',(0.,0.,-1.));
#6655 = DIRECTION('',(0.,1.,0.));
#6656 = PCURVE('',#6503,#6657);
#6657 = DEFINITIONAL_REPRESENTATION('',(#6658),#6666);
#6658 = ( BOUNDED_CURVE() B_SPLINE_CURVE(2,(#6659,#6660,#6661,#6662,
#6663,#6664,#6665),.UNSPECIFIED.,.T.,.F.) B_SPLINE_CURVE_WITH_KNOTS((1,2
    ,2,2,2,1),(-2.094395102393,0.,2.094395102393,4.188790204786,
6.28318530718,8.377580409573),.UNSPECIFIED.) CURVE() 
GEOMETRIC_REPRESENTATION_ITEM() RATIONAL_B_SPLINE_CURVE((1.,0.5,1.,0.5,
1.,0.5,1.)) REPRESENTATION_ITEM('') );
#6659 = CARTESIAN_POINT('',(-9.98475266008,-27.67080909903));
#6660 = CARTESIAN_POINT('',(-9.465137417809,-27.67080909903));
#6661 = CARTESIAN_POINT('',(-9.724945038945,-28.12108339397));
#6662 = CARTESIAN_POINT('',(-9.98475266008,-28.5713576889));
#6663 = CARTESIAN_POINT('',(-10.24456028121,-28.12108339397));
#6664 = CARTESIAN_POINT('',(-10.50436790235,-27.67080909903));
#6665 = CARTESIAN_POINT('',(-9.98475266008,-27.67080909903));
#6666 = ( GEOMETRIC_REPRESENTATION_CONTEXT(2) 
PARAMETRIC_REPRESENTATION_CONTEXT() REPRESENTATION_CONTEXT('2D SPACE',''
  ) );
#6667 = PCURVE('',#6668,#6673);
#6668 = CYLINDRICAL_SURFACE('',#6669,0.3);
#6669 = AXIS2_PLACEMENT_3D('',#6670,#6671,#6672);
#6670 = CARTESIAN_POINT('',(207.6625,25.285370569291,1.813431127244E-02)
  );
#6671 = DIRECTION('',(0.,3.48994967025E-02,0.999390827019));
#6672 = DIRECTION('',(1.,0.,-0.));
#6673 = DEFINITIONAL_REPRESENTATION('',(#6674),#6681);
#6674 = B_SPLINE_CURVE_WITH_KNOTS('',5,(#6675,#6676,#6677,#6678,#6679,
    #6680),.UNSPECIFIED.,.F.,.F.,(6,6),(1.01696905776,1.570796326795),
  .PIECEWISE_BEZIER_KNOTS.);
#6675 = CARTESIAN_POINT('',(0.553827269035,-1.263543078279E-02));
#6676 = CARTESIAN_POINT('',(0.443061815228,-1.3622375456E-02));
#6677 = CARTESIAN_POINT('',(0.332296361421,-1.469381898232E-02));
#6678 = CARTESIAN_POINT('',(0.221530907614,-1.582455378258E-02));
#6679 = CARTESIAN_POINT('',(0.110765453807,-1.698496047448E-02));
#6680 = CARTESIAN_POINT('',(0.,-1.814536493849E-02));
#6681 = ( GEOMETRIC_REPRESENTATION_CONTEXT(2) 
PARAMETRIC_REPRESENTATION_CONTEXT() REPRESENTATION_CONTEXT('2D SPACE',''
  ) );
#6682 = ORIENTED_EDGE('',*,*,#6683,.T.);
#6683 = EDGE_CURVE('',#6648,#6684,#6686,.T.);
#6684 = VERTEX_POINT('',#6685);
#6685 = CARTESIAN_POINT('',(195.71250001733,18.391671740257,0.));
#6686 = SURFACE_CURVE('',#6687,(#6691,#6698),.PCURVE_S1.);
#6687 = LINE('',#6688,#6689);
#6688 = CARTESIAN_POINT('',(208.10809943491,25.552637329138,
    -6.106226635438E-16));
#6689 = VECTOR('',#6690,1.);
#6690 = DIRECTION('',(-0.865893403497,-0.50022856154,0.));
#6691 = PCURVE('',#6503,#6692);
#6692 = DEFINITIONAL_REPRESENTATION('',(#6693),#6697);
#6693 = LINE('',#6694,#6695);
#6694 = CARTESIAN_POINT('',(-9.53915322517,-27.70309193837));
#6695 = VECTOR('',#6696,1.);
#6696 = DIRECTION('',(-0.865893403497,-0.50022856154));
#6697 = ( GEOMETRIC_REPRESENTATION_CONTEXT(2) 
PARAMETRIC_REPRESENTATION_CONTEXT() REPRESENTATION_CONTEXT('2D SPACE',''
  ) );
#6698 = PCURVE('',#6699,#6704);
#6699 = CYLINDRICAL_SURFACE('',#6700,0.3);
#6700 = AXIS2_PLACEMENT_3D('',#6701,#6702,#6703);
#6701 = CARTESIAN_POINT('',(208.10809943491,25.552637329138,0.3));
#6702 = DIRECTION('',(-0.865893403497,-0.50022856154,0.));
#6703 = DIRECTION('',(-0.,0.,-1.));
#6704 = DEFINITIONAL_REPRESENTATION('',(#6705),#6709);
#6705 = LINE('',#6706,#6707);
#6706 = CARTESIAN_POINT('',(6.28318530718,0.));
#6707 = VECTOR('',#6708,1.);
#6708 = DIRECTION('',(-0.,1.));
#6709 = ( GEOMETRIC_REPRESENTATION_CONTEXT(2) 
PARAMETRIC_REPRESENTATION_CONTEXT() REPRESENTATION_CONTEXT('2D SPACE',''
  ) );
#6710 = ORIENTED_EDGE('',*,*,#6711,.F.);
#6711 = EDGE_CURVE('',#6712,#6684,#6714,.T.);
#6712 = VERTEX_POINT('',#6713);
#6713 = CARTESIAN_POINT('',(194.9625,18.824948372559,0.));
#6714 = SURFACE_CURVE('',#6715,(#6723,#6734),.PCURVE_S1.);
#6715 = B_SPLINE_CURVE_WITH_KNOTS('',6,(#6716,#6717,#6718,#6719,#6720,
    #6721,#6722),.UNSPECIFIED.,.F.,.F.,(7,7),(0.,2.09465904264),
  .PIECEWISE_BEZIER_KNOTS.);
#6716 = CARTESIAN_POINT('',(194.9625,18.824948372559,0.));
#6717 = CARTESIAN_POINT('',(194.9625,18.65049988373,0.));
#6718 = CARTESIAN_POINT('',(195.03537368331,18.476139522753,
    2.775557561563E-17));
#6719 = CARTESIAN_POINT('',(195.18160580325,18.339313116188,
    -2.775557561563E-17));
#6720 = CARTESIAN_POINT('',(195.37343981789,18.280259757776,
    8.326672684689E-17));
#6721 = CARTESIAN_POINT('',(195.56123888136,18.304287842704,
    -5.551115123126E-17));
#6722 = CARTESIAN_POINT('',(195.71250001733,18.391671740257,0.));
#6723 = PCURVE('',#6503,#6724);
#6724 = DEFINITIONAL_REPRESENTATION('',(#6725),#6733);
#6725 = B_SPLINE_CURVE_WITH_KNOTS('',6,(#6726,#6727,#6728,#6729,#6730,
    #6731,#6732),.UNSPECIFIED.,.F.,.F.,(7,7),(0.,2.09465904264),
  .PIECEWISE_BEZIER_KNOTS.);
#6726 = CARTESIAN_POINT('',(-22.68475266008,-34.43078089495));
#6727 = CARTESIAN_POINT('',(-22.68475266008,-34.60522938378));
#6728 = CARTESIAN_POINT('',(-22.61187897677,-34.77958974476));
#6729 = CARTESIAN_POINT('',(-22.46564685683,-34.91641615132));
#6730 = CARTESIAN_POINT('',(-22.27381284219,-34.97546950973));
#6731 = CARTESIAN_POINT('',(-22.08601377872,-34.9514414248));
#6732 = CARTESIAN_POINT('',(-21.93475264275,-34.86405752725));
#6733 = ( GEOMETRIC_REPRESENTATION_CONTEXT(2) 
PARAMETRIC_REPRESENTATION_CONTEXT() REPRESENTATION_CONTEXT('2D SPACE',''
  ) );
#6734 = PCURVE('',#6735,#6757);
#6735 = ( BOUNDED_SURFACE() B_SPLINE_SURFACE(2,6,(
    (#6736,#6737,#6738,#6739,#6740,#6741,#6742)
    ,(#6743,#6744,#6745,#6746,#6747,#6748,#6749)
    ,(#6750,#6751,#6752,#6753,#6754,#6755,#6756
)),.UNSPECIFIED.,.F.,.F.,.F.) B_SPLINE_SURFACE_WITH_KNOTS((3,3),(7,7),(
    0.,2.09465904264),(0.,2.09465904264),.PIECEWISE_BEZIER_KNOTS.) 
GEOMETRIC_REPRESENTATION_ITEM() RATIONAL_B_SPLINE_SURFACE((
    (1.,1.,1.,1.,1.,1.,1.)
    ,(0.707106781187,0.711397365029,0.715653893219,0.718972705005
      ,0.720417185422,0.719839159044,0.717712982335)
,(1.,1.,1.,1.,1.,1.,1.))) REPRESENTATION_ITEM('') SURFACE() );
#6736 = CARTESIAN_POINT('',(194.9625,18.824948372559,0.));
#6737 = CARTESIAN_POINT('',(194.9625,18.65049988373,0.));
#6738 = CARTESIAN_POINT('',(195.03537368331,18.476139522753,
    2.775557561563E-17));
#6739 = CARTESIAN_POINT('',(195.18160580325,18.339313116188,
    -2.775557561563E-17));
#6740 = CARTESIAN_POINT('',(195.37343981789,18.280259757776,
    8.326672684689E-17));
#6741 = CARTESIAN_POINT('',(195.56123888136,18.304287842704,
    -5.551115123126E-17));
#6742 = CARTESIAN_POINT('',(195.71250001733,18.391671740257,0.));
#6743 = CARTESIAN_POINT('',(195.2625,18.824948372559,-1.110223024625E-16
    ));
#6744 = CARTESIAN_POINT('',(195.25888127658,18.755653304604,
    -1.942890293094E-16));
#6745 = CARTESIAN_POINT('',(195.28396567158,18.683375849607,
    8.326672684689E-16));
#6746 = CARTESIAN_POINT('',(195.34159230344,18.621293594046,
    -8.326672684689E-16));
#6747 = CARTESIAN_POINT('',(195.42508446286,18.594207636138,
    5.551115123126E-16));
#6748 = CARTESIAN_POINT('',(195.50470009494,18.605722730946,0.));
#6749 = CARTESIAN_POINT('',(195.56690058241,18.643703711119,0.));
#6750 = CARTESIAN_POINT('',(195.2625,18.824948372559,0.3));
#6751 = CARTESIAN_POINT('',(195.2625,18.755232835862,0.296359318883));
#6752 = CARTESIAN_POINT('',(195.2915022,18.685581601083,0.292722005996)
  );
#6753 = CARTESIAN_POINT('',(195.34959580951,18.630564618254,
    0.289848789175));
#6754 = CARTESIAN_POINT('',(195.42661743643,18.606583254714,
    0.288596555463));
#6755 = CARTESIAN_POINT('',(195.50191271117,18.616255724669,
    0.28910166344));
#6756 = CARTESIAN_POINT('',(195.56250000693,18.651321087608,
    0.290932844992));
#6757 = DEFINITIONAL_REPRESENTATION('',(#6758),#6762);
#6758 = LINE('',#6759,#6760);
#6759 = CARTESIAN_POINT('',(0.,0.));
#6760 = VECTOR('',#6761,1.);
#6761 = DIRECTION('',(0.,1.));
#6762 = ( GEOMETRIC_REPRESENTATION_CONTEXT(2) 
PARAMETRIC_REPRESENTATION_CONTEXT() REPRESENTATION_CONTEXT('2D SPACE',''
  ) );
#6763 = ORIENTED_EDGE('',*,*,#6764,.T.);
#6764 = EDGE_CURVE('',#6712,#6765,#6767,.T.);
#6765 = VERTEX_POINT('',#6766);
#6766 = CARTESIAN_POINT('',(194.9625,71.645170087441,0.));
#6767 = SURFACE_CURVE('',#6768,(#6772,#6779),.PCURVE_S1.);
#6768 = LINE('',#6769,#6770);
#6769 = CARTESIAN_POINT('',(194.9625,18.467850811836,-5.551115123126E-17
    ));
#6770 = VECTOR('',#6771,1.);
#6771 = DIRECTION('',(0.,1.,0.));
#6772 = PCURVE('',#6503,#6773);
#6773 = DEFINITIONAL_REPRESENTATION('',(#6774),#6778);
#6774 = LINE('',#6775,#6776);
#6775 = CARTESIAN_POINT('',(-22.68475266008,-34.78787845567));
#6776 = VECTOR('',#6777,1.);
#6777 = DIRECTION('',(0.,1.));
#6778 = ( GEOMETRIC_REPRESENTATION_CONTEXT(2) 
PARAMETRIC_REPRESENTATION_CONTEXT() REPRESENTATION_CONTEXT('2D SPACE',''
  ) );
#6779 = PCURVE('',#6780,#6785);
#6780 = CYLINDRICAL_SURFACE('',#6781,0.3);
#6781 = AXIS2_PLACEMENT_3D('',#6782,#6783,#6784);
#6782 = CARTESIAN_POINT('',(194.9625,18.467850811836,0.3));
#6783 = DIRECTION('',(0.,1.,0.));
#6784 = DIRECTION('',(0.,0.,-1.));
#6785 = DEFINITIONAL_REPRESENTATION('',(#6786),#6790);
#6786 = LINE('',#6787,#6788);
#6787 = CARTESIAN_POINT('',(6.28318530718,0.));
#6788 = VECTOR('',#6789,1.);
#6789 = DIRECTION('',(-0.,1.));
#6790 = ( GEOMETRIC_REPRESENTATION_CONTEXT(2) 
PARAMETRIC_REPRESENTATION_CONTEXT() REPRESENTATION_CONTEXT('2D SPACE',''
  ) );
#6791 = ORIENTED_EDGE('',*,*,#6792,.F.);
#6792 = EDGE_CURVE('',#6793,#6765,#6795,.T.);
#6793 = VERTEX_POINT('',#6794);
#6794 = CARTESIAN_POINT('',(195.71250001733,72.078446719743,0.));
#6795 = SURFACE_CURVE('',#6796,(#6804,#6815),.PCURVE_S1.);
#6796 = B_SPLINE_CURVE_WITH_KNOTS('',6,(#6797,#6798,#6799,#6800,#6801,
    #6802,#6803),.UNSPECIFIED.,.F.,.F.,(7,7),(4.575796127198E-14,
    2.09465904264),.PIECEWISE_BEZIER_KNOTS.);
#6797 = CARTESIAN_POINT('',(195.71250001733,72.078446719743,0.));
#6798 = CARTESIAN_POINT('',(195.56123888136,72.165830617296,
    -5.551115123126E-17));
#6799 = CARTESIAN_POINT('',(195.37343981789,72.189858702224,
    1.665334536938E-16));
#6800 = CARTESIAN_POINT('',(195.18160580325,72.130805343812,
    -2.498001805407E-16));
#6801 = CARTESIAN_POINT('',(195.03537368331,71.993978937247,
    1.110223024625E-16));
#6802 = CARTESIAN_POINT('',(194.9625,71.81961857627,-2.775557561563E-17)
  );
#6803 = CARTESIAN_POINT('',(194.9625,71.645170087441,0.));
#6804 = PCURVE('',#6503,#6805);
#6805 = DEFINITIONAL_REPRESENTATION('',(#6806),#6814);
#6806 = B_SPLINE_CURVE_WITH_KNOTS('',6,(#6807,#6808,#6809,#6810,#6811,
    #6812,#6813),.UNSPECIFIED.,.F.,.F.,(7,7),(4.575796127198E-14,
    2.09465904264),.PIECEWISE_BEZIER_KNOTS.);
#6807 = CARTESIAN_POINT('',(-21.93475264275,18.82271745223));
#6808 = CARTESIAN_POINT('',(-22.08601377872,18.910101349783));
#6809 = CARTESIAN_POINT('',(-22.27381284219,18.934129434711));
#6810 = CARTESIAN_POINT('',(-22.46564685683,18.875076076299));
#6811 = CARTESIAN_POINT('',(-22.61187897677,18.738249669734));
#6812 = CARTESIAN_POINT('',(-22.68475266008,18.563889308757));
#6813 = CARTESIAN_POINT('',(-22.68475266008,18.389440819928));
#6814 = ( GEOMETRIC_REPRESENTATION_CONTEXT(2) 
PARAMETRIC_REPRESENTATION_CONTEXT() REPRESENTATION_CONTEXT('2D SPACE',''
  ) );
#6815 = PCURVE('',#6816,#6838);
#6816 = ( BOUNDED_SURFACE() B_SPLINE_SURFACE(2,6,(
    (#6817,#6818,#6819,#6820,#6821,#6822,#6823)
    ,(#6824,#6825,#6826,#6827,#6828,#6829,#6830)
    ,(#6831,#6832,#6833,#6834,#6835,#6836,#6837
)),.UNSPECIFIED.,.F.,.F.,.F.) B_SPLINE_SURFACE_WITH_KNOTS((3,3),(7,7),(
    0.,2.09465904264),(4.575796127198E-14,2.09465904264),
.PIECEWISE_BEZIER_KNOTS.) GEOMETRIC_REPRESENTATION_ITEM() 
RATIONAL_B_SPLINE_SURFACE((
    (1.,1.,1.,1.,1.,1.,1.)
    ,(0.717712982335,0.719839159044,0.720417185422,0.718972705005
      ,0.715653893219,0.711397365029,0.707106781187)
,(1.,1.,1.,1.,1.,1.,1.))) REPRESENTATION_ITEM('') SURFACE() );
#6817 = CARTESIAN_POINT('',(195.71250001733,72.078446719743,0.));
#6818 = CARTESIAN_POINT('',(195.56123888136,72.165830617296,
    -5.551115123126E-17));
#6819 = CARTESIAN_POINT('',(195.37343981789,72.189858702224,
    1.665334536938E-16));
#6820 = CARTESIAN_POINT('',(195.18160580325,72.130805343812,
    -2.498001805407E-16));
#6821 = CARTESIAN_POINT('',(195.03537368331,71.993978937247,
    1.110223024625E-16));
#6822 = CARTESIAN_POINT('',(194.9625,71.81961857627,-2.775557561563E-17)
  );
#6823 = CARTESIAN_POINT('',(194.9625,71.645170087441,0.));
#6824 = CARTESIAN_POINT('',(195.56690058241,71.826414748881,
    -8.326672684689E-17));
#6825 = CARTESIAN_POINT('',(195.50470009494,71.864395729054,
    1.942890293094E-16));
#6826 = CARTESIAN_POINT('',(195.42508446286,71.875910823862,
    -6.383782391595E-16));
#6827 = CARTESIAN_POINT('',(195.34159230344,71.848824865954,
    3.608224830032E-16));
#6828 = CARTESIAN_POINT('',(195.28396567158,71.786742610393,
    -3.330669073875E-16));
#6829 = CARTESIAN_POINT('',(195.25888127658,71.714465155396,
    2.498001805407E-16));
#6830 = CARTESIAN_POINT('',(195.2625,71.645170087441,2.775557561563E-17)
  );
#6831 = CARTESIAN_POINT('',(195.56250000693,71.818797372392,
    0.290932844992));
#6832 = CARTESIAN_POINT('',(195.50191271117,71.853862735331,
    0.28910166344));
#6833 = CARTESIAN_POINT('',(195.42661743643,71.863535205286,
    0.288596555463));
#6834 = CARTESIAN_POINT('',(195.34959580951,71.839553841746,
    0.289848789175));
#6835 = CARTESIAN_POINT('',(195.2915022,71.784536858917,0.292722005996)
  );
#6836 = CARTESIAN_POINT('',(195.2625,71.714885624138,0.296359318883));
#6837 = CARTESIAN_POINT('',(195.2625,71.645170087441,0.3));
#6838 = DEFINITIONAL_REPRESENTATION('',(#6839),#6843);
#6839 = LINE('',#6840,#6841);
#6840 = CARTESIAN_POINT('',(0.,0.));
#6841 = VECTOR('',#6842,1.);
#6842 = DIRECTION('',(0.,1.));
#6843 = ( GEOMETRIC_REPRESENTATION_CONTEXT(2) 
PARAMETRIC_REPRESENTATION_CONTEXT() REPRESENTATION_CONTEXT('2D SPACE',''
  ) );
#6844 = ORIENTED_EDGE('',*,*,#6845,.T.);
#6845 = EDGE_CURVE('',#6793,#6846,#6848,.T.);
#6846 = VERTEX_POINT('',#6847);
#6847 = CARTESIAN_POINT('',(207.91765534552,65.0275011085,
    -2.22044604925E-16));
#6848 = SURFACE_CURVE('',#6849,(#6853,#6860),.PCURVE_S1.);
#6849 = LINE('',#6850,#6851);
#6850 = CARTESIAN_POINT('',(195.40809943491,72.254299619026,
    -2.22044604925E-16));
#6851 = VECTOR('',#6852,1.);
#6852 = DIRECTION('',(0.865893403497,-0.50022856154,0.));
#6853 = PCURVE('',#6503,#6854);
#6854 = DEFINITIONAL_REPRESENTATION('',(#6855),#6859);
#6855 = LINE('',#6856,#6857);
#6856 = CARTESIAN_POINT('',(-22.23915322517,18.998570351513));
#6857 = VECTOR('',#6858,1.);
#6858 = DIRECTION('',(0.865893403497,-0.50022856154));
#6859 = ( GEOMETRIC_REPRESENTATION_CONTEXT(2) 
PARAMETRIC_REPRESENTATION_CONTEXT() REPRESENTATION_CONTEXT('2D SPACE',''
  ) );
#6860 = PCURVE('',#6861,#6866);
#6861 = CYLINDRICAL_SURFACE('',#6862,0.3);
#6862 = AXIS2_PLACEMENT_3D('',#6863,#6864,#6865);
#6863 = CARTESIAN_POINT('',(195.40809943491,72.254299619026,0.3));
#6864 = DIRECTION('',(0.865893403497,-0.50022856154,0.));
#6865 = DIRECTION('',(0.,-0.,-1.));
#6866 = DEFINITIONAL_REPRESENTATION('',(#6867),#6871);
#6867 = LINE('',#6868,#6869);
#6868 = CARTESIAN_POINT('',(6.28318530718,0.));
#6869 = VECTOR('',#6870,1.);
#6870 = DIRECTION('',(-0.,1.));
#6871 = ( GEOMETRIC_REPRESENTATION_CONTEXT(2) 
PARAMETRIC_REPRESENTATION_CONTEXT() REPRESENTATION_CONTEXT('2D SPACE',''
  ) );
#6872 = ORIENTED_EDGE('',*,*,#6873,.T.);
#6873 = EDGE_CURVE('',#6846,#6493,#6874,.T.);
#6874 = SURFACE_CURVE('',#6875,(#6880,#6887),.PCURVE_S1.);
#6875 = ELLIPSE('',#6876,0.30018286329,0.3);
#6876 = AXIS2_PLACEMENT_3D('',#6877,#6878,#6879);
#6877 = CARTESIAN_POINT('',(207.6625,65.185381154813,9.34783507535E-19)
  );
#6878 = DIRECTION('',(0.,0.,1.));
#6879 = DIRECTION('',(0.,-1.,0.));
#6880 = PCURVE('',#6503,#6881);
#6881 = DEFINITIONAL_REPRESENTATION('',(#6882),#6886);
#6882 = ELLIPSE('',#6883,0.30018286329,0.3);
#6883 = AXIS2_PLACEMENT_2D('',#6884,#6885);
#6884 = CARTESIAN_POINT('',(-9.98475266008,11.9296518873));
#6885 = DIRECTION('',(0.,-1.));
#6886 = ( GEOMETRIC_REPRESENTATION_CONTEXT(2) 
PARAMETRIC_REPRESENTATION_CONTEXT() REPRESENTATION_CONTEXT('2D SPACE',''
  ) );
#6887 = PCURVE('',#6888,#6893);
#6888 = CYLINDRICAL_SURFACE('',#6889,0.3);
#6889 = AXIS2_PLACEMENT_3D('',#6890,#6891,#6892);
#6890 = CARTESIAN_POINT('',(207.6625,65.184747890709,1.813431127244E-02)
  );
#6891 = DIRECTION('',(0.,-3.48994967025E-02,0.999390827019));
#6892 = DIRECTION('',(1.,0.,0.));
#6893 = DEFINITIONAL_REPRESENTATION('',(#6894),#6901);
#6894 = B_SPLINE_CURVE_WITH_KNOTS('',5,(#6895,#6896,#6897,#6898,#6899,
    #6900),.UNSPECIFIED.,.F.,.F.,(6,6),(1.016969057761,1.570796326795),
  .PIECEWISE_BEZIER_KNOTS.);
#6895 = CARTESIAN_POINT('',(5.729358038146,-1.26354307828E-02));
#6896 = CARTESIAN_POINT('',(5.840123491953,-1.362237545602E-02));
#6897 = CARTESIAN_POINT('',(5.95088894576,-1.469381898233E-02));
#6898 = CARTESIAN_POINT('',(6.061654399566,-1.582455378259E-02));
#6899 = CARTESIAN_POINT('',(6.172419853373,-1.698496047448E-02));
#6900 = CARTESIAN_POINT('',(6.28318530718,-1.814536493849E-02));
#6901 = ( GEOMETRIC_REPRESENTATION_CONTEXT(2) 
PARAMETRIC_REPRESENTATION_CONTEXT() REPRESENTATION_CONTEXT('2D SPACE',''
  ) );
#6902 = FACE_BOUND('',#6903,.F.);
#6903 = EDGE_LOOP('',(#6904,#6934,#6962,#6990,#7018,#7046));
#6904 = ORIENTED_EDGE('',*,*,#6905,.F.);
#6905 = EDGE_CURVE('',#6906,#6908,#6910,.T.);
#6906 = VERTEX_POINT('',#6907);
#6907 = CARTESIAN_POINT('',(43.024435397647,26.,0.));
#6908 = VERTEX_POINT('',#6909);
#6909 = CARTESIAN_POINT('',(35.749822005857,38.6,0.));
#6910 = SURFACE_CURVE('',#6911,(#6915,#6922),.PCURVE_S1.);
#6911 = LINE('',#6912,#6913);
#6912 = CARTESIAN_POINT('',(43.024435397647,26.,0.));
#6913 = VECTOR('',#6914,1.);
#6914 = DIRECTION('',(-0.5,0.866025403784,0.));
#6915 = PCURVE('',#6503,#6916);
#6916 = DEFINITIONAL_REPRESENTATION('',(#6917),#6921);
#6917 = LINE('',#6918,#6919);
#6918 = CARTESIAN_POINT('',(-174.6228172624,-27.25572926751));
#6919 = VECTOR('',#6920,1.);
#6920 = DIRECTION('',(-0.5,0.866025403784));
#6921 = ( GEOMETRIC_REPRESENTATION_CONTEXT(2) 
PARAMETRIC_REPRESENTATION_CONTEXT() REPRESENTATION_CONTEXT('2D SPACE',''
  ) );
#6922 = PCURVE('',#6923,#6928);
#6923 = PLANE('',#6924);
#6924 = AXIS2_PLACEMENT_3D('',#6925,#6926,#6927);
#6925 = CARTESIAN_POINT('',(43.024435397647,26.,0.));
#6926 = DIRECTION('',(-0.866025403784,-0.5,0.));
#6927 = DIRECTION('',(-0.5,0.866025403784,0.));
#6928 = DEFINITIONAL_REPRESENTATION('',(#6929),#6933);
#6929 = LINE('',#6930,#6931);
#6930 = CARTESIAN_POINT('',(0.,0.));
#6931 = VECTOR('',#6932,1.);
#6932 = DIRECTION('',(1.,0.));
#6933 = ( GEOMETRIC_REPRESENTATION_CONTEXT(2) 
PARAMETRIC_REPRESENTATION_CONTEXT() REPRESENTATION_CONTEXT('2D SPACE',''
  ) );
#6934 = ORIENTED_EDGE('',*,*,#6935,.F.);
#6935 = EDGE_CURVE('',#6936,#6906,#6938,.T.);
#6936 = VERTEX_POINT('',#6937);
#6937 = CARTESIAN_POINT('',(35.749822005857,13.4,0.));
#6938 = SURFACE_CURVE('',#6939,(#6943,#6950),.PCURVE_S1.);
#6939 = LINE('',#6940,#6941);
#6940 = CARTESIAN_POINT('',(35.749822005857,13.4,0.));
#6941 = VECTOR('',#6942,1.);
#6942 = DIRECTION('',(0.5,0.866025403784,0.));
#6943 = PCURVE('',#6503,#6944);
#6944 = DEFINITIONAL_REPRESENTATION('',(#6945),#6949);
#6945 = LINE('',#6946,#6947);
#6946 = CARTESIAN_POINT('',(-181.8974306542,-39.85572926751));
#6947 = VECTOR('',#6948,1.);
#6948 = DIRECTION('',(0.5,0.866025403784));
#6949 = ( GEOMETRIC_REPRESENTATION_CONTEXT(2) 
PARAMETRIC_REPRESENTATION_CONTEXT() REPRESENTATION_CONTEXT('2D SPACE',''
  ) );
#6950 = PCURVE('',#6951,#6956);
#6951 = PLANE('',#6952);
#6952 = AXIS2_PLACEMENT_3D('',#6953,#6954,#6955);
#6953 = CARTESIAN_POINT('',(35.749822005857,13.4,0.));
#6954 = DIRECTION('',(-0.866025403784,0.5,0.));
#6955 = DIRECTION('',(0.5,0.866025403784,0.));
#6956 = DEFINITIONAL_REPRESENTATION('',(#6957),#6961);
#6957 = LINE('',#6958,#6959);
#6958 = CARTESIAN_POINT('',(0.,0.));
#6959 = VECTOR('',#6960,1.);
#6960 = DIRECTION('',(1.,0.));
#6961 = ( GEOMETRIC_REPRESENTATION_CONTEXT(2) 
PARAMETRIC_REPRESENTATION_CONTEXT() REPRESENTATION_CONTEXT('2D SPACE',''
  ) );
#6962 = ORIENTED_EDGE('',*,*,#6963,.F.);
#6963 = EDGE_CURVE('',#6964,#6936,#6966,.T.);
#6964 = VERTEX_POINT('',#6965);
#6965 = CARTESIAN_POINT('',(21.200595222279,13.4,0.));
#6966 = SURFACE_CURVE('',#6967,(#6971,#6978),.PCURVE_S1.);
#6967 = LINE('',#6968,#6969);
#6968 = CARTESIAN_POINT('',(21.200595222279,13.4,0.));
#6969 = VECTOR('',#6970,1.);
#6970 = DIRECTION('',(1.,-2.441857379535E-16,0.));
#6971 = PCURVE('',#6503,#6972);
#6972 = DEFINITIONAL_REPRESENTATION('',(#6973),#6977);
#6973 = LINE('',#6974,#6975);
#6974 = CARTESIAN_POINT('',(-196.4466574378,-39.85572926751));
#6975 = VECTOR('',#6976,1.);
#6976 = DIRECTION('',(1.,-2.441857379535E-16));
#6977 = ( GEOMETRIC_REPRESENTATION_CONTEXT(2) 
PARAMETRIC_REPRESENTATION_CONTEXT() REPRESENTATION_CONTEXT('2D SPACE',''
  ) );
#6978 = PCURVE('',#6979,#6984);
#6979 = PLANE('',#6980);
#6980 = AXIS2_PLACEMENT_3D('',#6981,#6982,#6983);
#6981 = CARTESIAN_POINT('',(21.200595222279,13.4,0.));
#6982 = DIRECTION('',(2.441857379535E-16,1.,-0.));
#6983 = DIRECTION('',(1.,-2.441857379535E-16,0.));
#6984 = DEFINITIONAL_REPRESENTATION('',(#6985),#6989);
#6985 = LINE('',#6986,#6987);
#6986 = CARTESIAN_POINT('',(0.,0.));
#6987 = VECTOR('',#6988,1.);
#6988 = DIRECTION('',(1.,0.));
#6989 = ( GEOMETRIC_REPRESENTATION_CONTEXT(2) 
PARAMETRIC_REPRESENTATION_CONTEXT() REPRESENTATION_CONTEXT('2D SPACE',''
  ) );
#6990 = ORIENTED_EDGE('',*,*,#6991,.F.);
#6991 = EDGE_CURVE('',#6992,#6964,#6994,.T.);
#6992 = VERTEX_POINT('',#6993);
#6993 = CARTESIAN_POINT('',(13.925981830489,26.,0.));
#6994 = SURFACE_CURVE('',#6995,(#6999,#7006),.PCURVE_S1.);
#6995 = LINE('',#6996,#6997);
#6996 = CARTESIAN_POINT('',(13.925981830489,26.,0.));
#6997 = VECTOR('',#6998,1.);
#6998 = DIRECTION('',(0.5,-0.866025403784,0.));
#6999 = PCURVE('',#6503,#7000);
#7000 = DEFINITIONAL_REPRESENTATION('',(#7001),#7005);
#7001 = LINE('',#7002,#7003);
#7002 = CARTESIAN_POINT('',(-203.7212708295,-27.25572926751));
#7003 = VECTOR('',#7004,1.);
#7004 = DIRECTION('',(0.5,-0.866025403784));
#7005 = ( GEOMETRIC_REPRESENTATION_CONTEXT(2) 
PARAMETRIC_REPRESENTATION_CONTEXT() REPRESENTATION_CONTEXT('2D SPACE',''
  ) );
#7006 = PCURVE('',#7007,#7012);
#7007 = PLANE('',#7008);
#7008 = AXIS2_PLACEMENT_3D('',#7009,#7010,#7011);
#7009 = CARTESIAN_POINT('',(13.925981830489,26.,0.));
#7010 = DIRECTION('',(0.866025403784,0.5,-0.));
#7011 = DIRECTION('',(0.5,-0.866025403784,0.));
#7012 = DEFINITIONAL_REPRESENTATION('',(#7013),#7017);
#7013 = LINE('',#7014,#7015);
#7014 = CARTESIAN_POINT('',(0.,0.));
#7015 = VECTOR('',#7016,1.);
#7016 = DIRECTION('',(1.,0.));
#7017 = ( GEOMETRIC_REPRESENTATION_CONTEXT(2) 
PARAMETRIC_REPRESENTATION_CONTEXT() REPRESENTATION_CONTEXT('2D SPACE',''
  ) );
#7018 = ORIENTED_EDGE('',*,*,#7019,.F.);
#7019 = EDGE_CURVE('',#7020,#6992,#7022,.T.);
#7020 = VERTEX_POINT('',#7021);
#7021 = CARTESIAN_POINT('',(21.200595222279,38.6,0.));
#7022 = SURFACE_CURVE('',#7023,(#7027,#7034),.PCURVE_S1.);
#7023 = LINE('',#7024,#7025);
#7024 = CARTESIAN_POINT('',(21.200595222279,38.6,0.));
#7025 = VECTOR('',#7026,1.);
#7026 = DIRECTION('',(-0.5,-0.866025403784,0.));
#7027 = PCURVE('',#6503,#7028);
#7028 = DEFINITIONAL_REPRESENTATION('',(#7029),#7033);
#7029 = LINE('',#7030,#7031);
#7030 = CARTESIAN_POINT('',(-196.4466574378,-14.65572926751));
#7031 = VECTOR('',#7032,1.);
#7032 = DIRECTION('',(-0.5,-0.866025403784));
#7033 = ( GEOMETRIC_REPRESENTATION_CONTEXT(2) 
PARAMETRIC_REPRESENTATION_CONTEXT() REPRESENTATION_CONTEXT('2D SPACE',''
  ) );
#7034 = PCURVE('',#7035,#7040);
#7035 = PLANE('',#7036);
#7036 = AXIS2_PLACEMENT_3D('',#7037,#7038,#7039);
#7037 = CARTESIAN_POINT('',(21.200595222279,38.6,0.));
#7038 = DIRECTION('',(0.866025403784,-0.5,0.));
#7039 = DIRECTION('',(-0.5,-0.866025403784,0.));
#7040 = DEFINITIONAL_REPRESENTATION('',(#7041),#7045);
#7041 = LINE('',#7042,#7043);
#7042 = CARTESIAN_POINT('',(0.,0.));
#7043 = VECTOR('',#7044,1.);
#7044 = DIRECTION('',(1.,0.));
#7045 = ( GEOMETRIC_REPRESENTATION_CONTEXT(2) 
PARAMETRIC_REPRESENTATION_CONTEXT() REPRESENTATION_CONTEXT('2D SPACE',''
  ) );
#7046 = ORIENTED_EDGE('',*,*,#7047,.F.);
#7047 = EDGE_CURVE('',#6908,#7020,#7048,.T.);
#7048 = SURFACE_CURVE('',#7049,(#7053,#7060),.PCURVE_S1.);
#7049 = LINE('',#7050,#7051);
#7050 = CARTESIAN_POINT('',(35.749822005857,38.6,0.));
#7051 = VECTOR('',#7052,1.);
#7052 = DIRECTION('',(-1.,0.,0.));
#7053 = PCURVE('',#6503,#7054);
#7054 = DEFINITIONAL_REPRESENTATION('',(#7055),#7059);
#7055 = LINE('',#7056,#7057);
#7056 = CARTESIAN_POINT('',(-181.8974306542,-14.65572926751));
#7057 = VECTOR('',#7058,1.);
#7058 = DIRECTION('',(-1.,0.));
#7059 = ( GEOMETRIC_REPRESENTATION_CONTEXT(2) 
PARAMETRIC_REPRESENTATION_CONTEXT() REPRESENTATION_CONTEXT('2D SPACE',''
  ) );
#7060 = PCURVE('',#7061,#7066);
#7061 = PLANE('',#7062);
#7062 = AXIS2_PLACEMENT_3D('',#7063,#7064,#7065);
#7063 = CARTESIAN_POINT('',(35.749822005857,38.6,0.));
#7064 = DIRECTION('',(0.,-1.,0.));
#7065 = DIRECTION('',(-1.,0.,0.));
#7066 = DEFINITIONAL_REPRESENTATION('',(#7067),#7071);
#7067 = LINE('',#7068,#7069);
#7068 = CARTESIAN_POINT('',(0.,-0.));
#7069 = VECTOR('',#7070,1.);
#7070 = DIRECTION('',(1.,0.));
#7071 = ( GEOMETRIC_REPRESENTATION_CONTEXT(2) 
PARAMETRIC_REPRESENTATION_CONTEXT() REPRESENTATION_CONTEXT('2D SPACE',''
  ) );
#7072 = FACE_BOUND('',#7073,.F.);
#7073 = EDGE_LOOP('',(#7074,#7104,#7132,#7160,#7188,#7216));
#7074 = ORIENTED_EDGE('',*,*,#7075,.F.);
#7075 = EDGE_CURVE('',#7076,#7078,#7080,.T.);
#7076 = VERTEX_POINT('',#7077);
#7077 = CARTESIAN_POINT('',(103.99262382407,26.,0.));
#7078 = VERTEX_POINT('',#7079);
#7079 = CARTESIAN_POINT('',(96.718010432282,38.6,0.));
#7080 = SURFACE_CURVE('',#7081,(#7085,#7092),.PCURVE_S1.);
#7081 = LINE('',#7082,#7083);
#7082 = CARTESIAN_POINT('',(103.99262382407,26.,0.));
#7083 = VECTOR('',#7084,1.);
#7084 = DIRECTION('',(-0.5,0.866025403784,0.));
#7085 = PCURVE('',#6503,#7086);
#7086 = DEFINITIONAL_REPRESENTATION('',(#7087),#7091);
#7087 = LINE('',#7088,#7089);
#7088 = CARTESIAN_POINT('',(-113.654628836,-27.25572926751));
#7089 = VECTOR('',#7090,1.);
#7090 = DIRECTION('',(-0.5,0.866025403784));
#7091 = ( GEOMETRIC_REPRESENTATION_CONTEXT(2) 
PARAMETRIC_REPRESENTATION_CONTEXT() REPRESENTATION_CONTEXT('2D SPACE',''
  ) );
#7092 = PCURVE('',#7093,#7098);
#7093 = PLANE('',#7094);
#7094 = AXIS2_PLACEMENT_3D('',#7095,#7096,#7097);
#7095 = CARTESIAN_POINT('',(103.99262382407,26.,0.));
#7096 = DIRECTION('',(-0.866025403784,-0.5,0.));
#7097 = DIRECTION('',(-0.5,0.866025403784,0.));
#7098 = DEFINITIONAL_REPRESENTATION('',(#7099),#7103);
#7099 = LINE('',#7100,#7101);
#7100 = CARTESIAN_POINT('',(0.,0.));
#7101 = VECTOR('',#7102,1.);
#7102 = DIRECTION('',(1.,0.));
#7103 = ( GEOMETRIC_REPRESENTATION_CONTEXT(2) 
PARAMETRIC_REPRESENTATION_CONTEXT() REPRESENTATION_CONTEXT('2D SPACE',''
  ) );
#7104 = ORIENTED_EDGE('',*,*,#7105,.F.);
#7105 = EDGE_CURVE('',#7106,#7076,#7108,.T.);
#7106 = VERTEX_POINT('',#7107);
#7107 = CARTESIAN_POINT('',(96.718010432282,13.4,0.));
#7108 = SURFACE_CURVE('',#7109,(#7113,#7120),.PCURVE_S1.);
#7109 = LINE('',#7110,#7111);
#7110 = CARTESIAN_POINT('',(96.718010432282,13.4,0.));
#7111 = VECTOR('',#7112,1.);
#7112 = DIRECTION('',(0.5,0.866025403784,0.));
#7113 = PCURVE('',#6503,#7114);
#7114 = DEFINITIONAL_REPRESENTATION('',(#7115),#7119);
#7115 = LINE('',#7116,#7117);
#7116 = CARTESIAN_POINT('',(-120.9292422277,-39.85572926751));
#7117 = VECTOR('',#7118,1.);
#7118 = DIRECTION('',(0.5,0.866025403784));
#7119 = ( GEOMETRIC_REPRESENTATION_CONTEXT(2) 
PARAMETRIC_REPRESENTATION_CONTEXT() REPRESENTATION_CONTEXT('2D SPACE',''
  ) );
#7120 = PCURVE('',#7121,#7126);
#7121 = PLANE('',#7122);
#7122 = AXIS2_PLACEMENT_3D('',#7123,#7124,#7125);
#7123 = CARTESIAN_POINT('',(96.718010432282,13.4,0.));
#7124 = DIRECTION('',(-0.866025403784,0.5,0.));
#7125 = DIRECTION('',(0.5,0.866025403784,0.));
#7126 = DEFINITIONAL_REPRESENTATION('',(#7127),#7131);
#7127 = LINE('',#7128,#7129);
#7128 = CARTESIAN_POINT('',(0.,0.));
#7129 = VECTOR('',#7130,1.);
#7130 = DIRECTION('',(1.,0.));
#7131 = ( GEOMETRIC_REPRESENTATION_CONTEXT(2) 
PARAMETRIC_REPRESENTATION_CONTEXT() REPRESENTATION_CONTEXT('2D SPACE',''
  ) );
#7132 = ORIENTED_EDGE('',*,*,#7133,.F.);
#7133 = EDGE_CURVE('',#7134,#7106,#7136,.T.);
#7134 = VERTEX_POINT('',#7135);
#7135 = CARTESIAN_POINT('',(82.168783648703,13.4,0.));
#7136 = SURFACE_CURVE('',#7137,(#7141,#7148),.PCURVE_S1.);
#7137 = LINE('',#7138,#7139);
#7138 = CARTESIAN_POINT('',(82.168783648703,13.4,0.));
#7139 = VECTOR('',#7140,1.);
#7140 = DIRECTION('',(1.,-2.441857379535E-16,0.));
#7141 = PCURVE('',#6503,#7142);
#7142 = DEFINITIONAL_REPRESENTATION('',(#7143),#7147);
#7143 = LINE('',#7144,#7145);
#7144 = CARTESIAN_POINT('',(-135.4784690113,-39.85572926751));
#7145 = VECTOR('',#7146,1.);
#7146 = DIRECTION('',(1.,-2.441857379535E-16));
#7147 = ( GEOMETRIC_REPRESENTATION_CONTEXT(2) 
PARAMETRIC_REPRESENTATION_CONTEXT() REPRESENTATION_CONTEXT('2D SPACE',''
  ) );
#7148 = PCURVE('',#7149,#7154);
#7149 = PLANE('',#7150);
#7150 = AXIS2_PLACEMENT_3D('',#7151,#7152,#7153);
#7151 = CARTESIAN_POINT('',(82.168783648703,13.4,0.));
#7152 = DIRECTION('',(2.441857379535E-16,1.,-0.));
#7153 = DIRECTION('',(1.,-2.441857379535E-16,0.));
#7154 = DEFINITIONAL_REPRESENTATION('',(#7155),#7159);
#7155 = LINE('',#7156,#7157);
#7156 = CARTESIAN_POINT('',(0.,0.));
#7157 = VECTOR('',#7158,1.);
#7158 = DIRECTION('',(1.,0.));
#7159 = ( GEOMETRIC_REPRESENTATION_CONTEXT(2) 
PARAMETRIC_REPRESENTATION_CONTEXT() REPRESENTATION_CONTEXT('2D SPACE',''
  ) );
#7160 = ORIENTED_EDGE('',*,*,#7161,.F.);
#7161 = EDGE_CURVE('',#7162,#7134,#7164,.T.);
#7162 = VERTEX_POINT('',#7163);
#7163 = CARTESIAN_POINT('',(74.894170256914,26.,0.));
#7164 = SURFACE_CURVE('',#7165,(#7169,#7176),.PCURVE_S1.);
#7165 = LINE('',#7166,#7167);
#7166 = CARTESIAN_POINT('',(74.894170256914,26.,0.));
#7167 = VECTOR('',#7168,1.);
#7168 = DIRECTION('',(0.5,-0.866025403784,0.));
#7169 = PCURVE('',#6503,#7170);
#7170 = DEFINITIONAL_REPRESENTATION('',(#7171),#7175);
#7171 = LINE('',#7172,#7173);
#7172 = CARTESIAN_POINT('',(-142.7530824031,-27.25572926751));
#7173 = VECTOR('',#7174,1.);
#7174 = DIRECTION('',(0.5,-0.866025403784));
#7175 = ( GEOMETRIC_REPRESENTATION_CONTEXT(2) 
PARAMETRIC_REPRESENTATION_CONTEXT() REPRESENTATION_CONTEXT('2D SPACE',''
  ) );
#7176 = PCURVE('',#7177,#7182);
#7177 = PLANE('',#7178);
#7178 = AXIS2_PLACEMENT_3D('',#7179,#7180,#7181);
#7179 = CARTESIAN_POINT('',(74.894170256914,26.,0.));
#7180 = DIRECTION('',(0.866025403784,0.5,-0.));
#7181 = DIRECTION('',(0.5,-0.866025403784,0.));
#7182 = DEFINITIONAL_REPRESENTATION('',(#7183),#7187);
#7183 = LINE('',#7184,#7185);
#7184 = CARTESIAN_POINT('',(0.,0.));
#7185 = VECTOR('',#7186,1.);
#7186 = DIRECTION('',(1.,0.));
#7187 = ( GEOMETRIC_REPRESENTATION_CONTEXT(2) 
PARAMETRIC_REPRESENTATION_CONTEXT() REPRESENTATION_CONTEXT('2D SPACE',''
  ) );
#7188 = ORIENTED_EDGE('',*,*,#7189,.F.);
#7189 = EDGE_CURVE('',#7190,#7162,#7192,.T.);
#7190 = VERTEX_POINT('',#7191);
#7191 = CARTESIAN_POINT('',(82.168783648703,38.6,0.));
#7192 = SURFACE_CURVE('',#7193,(#7197,#7204),.PCURVE_S1.);
#7193 = LINE('',#7194,#7195);
#7194 = CARTESIAN_POINT('',(82.168783648703,38.6,0.));
#7195 = VECTOR('',#7196,1.);
#7196 = DIRECTION('',(-0.5,-0.866025403784,0.));
#7197 = PCURVE('',#6503,#7198);
#7198 = DEFINITIONAL_REPRESENTATION('',(#7199),#7203);
#7199 = LINE('',#7200,#7201);
#7200 = CARTESIAN_POINT('',(-135.4784690113,-14.65572926751));
#7201 = VECTOR('',#7202,1.);
#7202 = DIRECTION('',(-0.5,-0.866025403784));
#7203 = ( GEOMETRIC_REPRESENTATION_CONTEXT(2) 
PARAMETRIC_REPRESENTATION_CONTEXT() REPRESENTATION_CONTEXT('2D SPACE',''
  ) );
#7204 = PCURVE('',#7205,#7210);
#7205 = PLANE('',#7206);
#7206 = AXIS2_PLACEMENT_3D('',#7207,#7208,#7209);
#7207 = CARTESIAN_POINT('',(82.168783648703,38.6,0.));
#7208 = DIRECTION('',(0.866025403784,-0.5,0.));
#7209 = DIRECTION('',(-0.5,-0.866025403784,0.));
#7210 = DEFINITIONAL_REPRESENTATION('',(#7211),#7215);
#7211 = LINE('',#7212,#7213);
#7212 = CARTESIAN_POINT('',(0.,0.));
#7213 = VECTOR('',#7214,1.);
#7214 = DIRECTION('',(1.,0.));
#7215 = ( GEOMETRIC_REPRESENTATION_CONTEXT(2) 
PARAMETRIC_REPRESENTATION_CONTEXT() REPRESENTATION_CONTEXT('2D SPACE',''
  ) );
#7216 = ORIENTED_EDGE('',*,*,#7217,.F.);
#7217 = EDGE_CURVE('',#7078,#7190,#7218,.T.);
#7218 = SURFACE_CURVE('',#7219,(#7223,#7230),.PCURVE_S1.);
#7219 = LINE('',#7220,#7221);
#7220 = CARTESIAN_POINT('',(96.718010432282,38.6,0.));
#7221 = VECTOR('',#7222,1.);
#7222 = DIRECTION('',(-1.,0.,0.));
#7223 = PCURVE('',#6503,#7224);
#7224 = DEFINITIONAL_REPRESENTATION('',(#7225),#7229);
#7225 = LINE('',#7226,#7227);
#7226 = CARTESIAN_POINT('',(-120.9292422277,-14.65572926751));
#7227 = VECTOR('',#7228,1.);
#7228 = DIRECTION('',(-1.,0.));
#7229 = ( GEOMETRIC_REPRESENTATION_CONTEXT(2) 
PARAMETRIC_REPRESENTATION_CONTEXT() REPRESENTATION_CONTEXT('2D SPACE',''
  ) );
#7230 = PCURVE('',#7231,#7236);
#7231 = PLANE('',#7232);
#7232 = AXIS2_PLACEMENT_3D('',#7233,#7234,#7235);
#7233 = CARTESIAN_POINT('',(96.718010432282,38.6,0.));
#7234 = DIRECTION('',(0.,-1.,0.));
#7235 = DIRECTION('',(-1.,0.,0.));
#7236 = DEFINITIONAL_REPRESENTATION('',(#7237),#7241);
#7237 = LINE('',#7238,#7239);
#7238 = CARTESIAN_POINT('',(0.,-0.));
#7239 = VECTOR('',#7240,1.);
#7240 = DIRECTION('',(1.,0.));
#7241 = ( GEOMETRIC_REPRESENTATION_CONTEXT(2) 
PARAMETRIC_REPRESENTATION_CONTEXT() REPRESENTATION_CONTEXT('2D SPACE',''
  ) );
#7242 = FACE_BOUND('',#7243,.F.);
#7243 = EDGE_LOOP('',(#7244,#7274,#7302,#7330,#7358,#7386));
#7244 = ORIENTED_EDGE('',*,*,#7245,.F.);
#7245 = EDGE_CURVE('',#7246,#7248,#7250,.T.);
#7246 = VERTEX_POINT('',#7247);
#7247 = CARTESIAN_POINT('',(73.508529610859,43.6,0.));
#7248 = VERTEX_POINT('',#7249);
#7249 = CARTESIAN_POINT('',(66.23391621907,56.2,0.));
#7250 = SURFACE_CURVE('',#7251,(#7255,#7262),.PCURVE_S1.);
#7251 = LINE('',#7252,#7253);
#7252 = CARTESIAN_POINT('',(73.508529610859,43.6,0.));
#7253 = VECTOR('',#7254,1.);
#7254 = DIRECTION('',(-0.5,0.866025403784,0.));
#7255 = PCURVE('',#6503,#7256);
#7256 = DEFINITIONAL_REPRESENTATION('',(#7257),#7261);
#7257 = LINE('',#7258,#7259);
#7258 = CARTESIAN_POINT('',(-144.1387230492,-9.655729267513));
#7259 = VECTOR('',#7260,1.);
#7260 = DIRECTION('',(-0.5,0.866025403784));
#7261 = ( GEOMETRIC_REPRESENTATION_CONTEXT(2) 
PARAMETRIC_REPRESENTATION_CONTEXT() REPRESENTATION_CONTEXT('2D SPACE',''
  ) );
#7262 = PCURVE('',#7263,#7268);
#7263 = PLANE('',#7264);
#7264 = AXIS2_PLACEMENT_3D('',#7265,#7266,#7267);
#7265 = CARTESIAN_POINT('',(73.508529610859,43.6,0.));
#7266 = DIRECTION('',(-0.866025403784,-0.5,0.));
#7267 = DIRECTION('',(-0.5,0.866025403784,0.));
#7268 = DEFINITIONAL_REPRESENTATION('',(#7269),#7273);
#7269 = LINE('',#7270,#7271);
#7270 = CARTESIAN_POINT('',(0.,0.));
#7271 = VECTOR('',#7272,1.);
#7272 = DIRECTION('',(1.,0.));
#7273 = ( GEOMETRIC_REPRESENTATION_CONTEXT(2) 
PARAMETRIC_REPRESENTATION_CONTEXT() REPRESENTATION_CONTEXT('2D SPACE',''
  ) );
#7274 = ORIENTED_EDGE('',*,*,#7275,.F.);
#7275 = EDGE_CURVE('',#7276,#7246,#7278,.T.);
#7276 = VERTEX_POINT('',#7277);
#7277 = CARTESIAN_POINT('',(66.23391621907,31.,0.));
#7278 = SURFACE_CURVE('',#7279,(#7283,#7290),.PCURVE_S1.);
#7279 = LINE('',#7280,#7281);
#7280 = CARTESIAN_POINT('',(66.23391621907,31.,0.));
#7281 = VECTOR('',#7282,1.);
#7282 = DIRECTION('',(0.5,0.866025403784,0.));
#7283 = PCURVE('',#6503,#7284);
#7284 = DEFINITIONAL_REPRESENTATION('',(#7285),#7289);
#7285 = LINE('',#7286,#7287);
#7286 = CARTESIAN_POINT('',(-151.413336441,-22.25572926751));
#7287 = VECTOR('',#7288,1.);
#7288 = DIRECTION('',(0.5,0.866025403784));
#7289 = ( GEOMETRIC_REPRESENTATION_CONTEXT(2) 
PARAMETRIC_REPRESENTATION_CONTEXT() REPRESENTATION_CONTEXT('2D SPACE',''
  ) );
#7290 = PCURVE('',#7291,#7296);
#7291 = PLANE('',#7292);
#7292 = AXIS2_PLACEMENT_3D('',#7293,#7294,#7295);
#7293 = CARTESIAN_POINT('',(66.23391621907,31.,0.));
#7294 = DIRECTION('',(-0.866025403784,0.5,0.));
#7295 = DIRECTION('',(0.5,0.866025403784,0.));
#7296 = DEFINITIONAL_REPRESENTATION('',(#7297),#7301);
#7297 = LINE('',#7298,#7299);
#7298 = CARTESIAN_POINT('',(0.,0.));
#7299 = VECTOR('',#7300,1.);
#7300 = DIRECTION('',(1.,0.));
#7301 = ( GEOMETRIC_REPRESENTATION_CONTEXT(2) 
PARAMETRIC_REPRESENTATION_CONTEXT() REPRESENTATION_CONTEXT('2D SPACE',''
  ) );
#7302 = ORIENTED_EDGE('',*,*,#7303,.F.);
#7303 = EDGE_CURVE('',#7304,#7276,#7306,.T.);
#7304 = VERTEX_POINT('',#7305);
#7305 = CARTESIAN_POINT('',(51.684689435491,31.,0.));
#7306 = SURFACE_CURVE('',#7307,(#7311,#7318),.PCURVE_S1.);
#7307 = LINE('',#7308,#7309);
#7308 = CARTESIAN_POINT('',(51.684689435491,31.,0.));
#7309 = VECTOR('',#7310,1.);
#7310 = DIRECTION('',(1.,-2.441857379535E-16,0.));
#7311 = PCURVE('',#6503,#7312);
#7312 = DEFINITIONAL_REPRESENTATION('',(#7313),#7317);
#7313 = LINE('',#7314,#7315);
#7314 = CARTESIAN_POINT('',(-165.9625632245,-22.25572926751));
#7315 = VECTOR('',#7316,1.);
#7316 = DIRECTION('',(1.,-2.441857379535E-16));
#7317 = ( GEOMETRIC_REPRESENTATION_CONTEXT(2) 
PARAMETRIC_REPRESENTATION_CONTEXT() REPRESENTATION_CONTEXT('2D SPACE',''
  ) );
#7318 = PCURVE('',#7319,#7324);
#7319 = PLANE('',#7320);
#7320 = AXIS2_PLACEMENT_3D('',#7321,#7322,#7323);
#7321 = CARTESIAN_POINT('',(51.684689435491,31.,0.));
#7322 = DIRECTION('',(2.441857379535E-16,1.,-0.));
#7323 = DIRECTION('',(1.,-2.441857379535E-16,0.));
#7324 = DEFINITIONAL_REPRESENTATION('',(#7325),#7329);
#7325 = LINE('',#7326,#7327);
#7326 = CARTESIAN_POINT('',(0.,0.));
#7327 = VECTOR('',#7328,1.);
#7328 = DIRECTION('',(1.,0.));
#7329 = ( GEOMETRIC_REPRESENTATION_CONTEXT(2) 
PARAMETRIC_REPRESENTATION_CONTEXT() REPRESENTATION_CONTEXT('2D SPACE',''
  ) );
#7330 = ORIENTED_EDGE('',*,*,#7331,.F.);
#7331 = EDGE_CURVE('',#7332,#7304,#7334,.T.);
#7332 = VERTEX_POINT('',#7333);
#7333 = CARTESIAN_POINT('',(44.410076043702,43.6,0.));
#7334 = SURFACE_CURVE('',#7335,(#7339,#7346),.PCURVE_S1.);
#7335 = LINE('',#7336,#7337);
#7336 = CARTESIAN_POINT('',(44.410076043702,43.6,0.));
#7337 = VECTOR('',#7338,1.);
#7338 = DIRECTION('',(0.5,-0.866025403784,0.));
#7339 = PCURVE('',#6503,#7340);
#7340 = DEFINITIONAL_REPRESENTATION('',(#7341),#7345);
#7341 = LINE('',#7342,#7343);
#7342 = CARTESIAN_POINT('',(-173.2371766163,-9.655729267513));
#7343 = VECTOR('',#7344,1.);
#7344 = DIRECTION('',(0.5,-0.866025403784));
#7345 = ( GEOMETRIC_REPRESENTATION_CONTEXT(2) 
PARAMETRIC_REPRESENTATION_CONTEXT() REPRESENTATION_CONTEXT('2D SPACE',''
  ) );
#7346 = PCURVE('',#7347,#7352);
#7347 = PLANE('',#7348);
#7348 = AXIS2_PLACEMENT_3D('',#7349,#7350,#7351);
#7349 = CARTESIAN_POINT('',(44.410076043702,43.6,0.));
#7350 = DIRECTION('',(0.866025403784,0.5,-0.));
#7351 = DIRECTION('',(0.5,-0.866025403784,0.));
#7352 = DEFINITIONAL_REPRESENTATION('',(#7353),#7357);
#7353 = LINE('',#7354,#7355);
#7354 = CARTESIAN_POINT('',(0.,0.));
#7355 = VECTOR('',#7356,1.);
#7356 = DIRECTION('',(1.,0.));
#7357 = ( GEOMETRIC_REPRESENTATION_CONTEXT(2) 
PARAMETRIC_REPRESENTATION_CONTEXT() REPRESENTATION_CONTEXT('2D SPACE',''
  ) );
#7358 = ORIENTED_EDGE('',*,*,#7359,.F.);
#7359 = EDGE_CURVE('',#7360,#7332,#7362,.T.);
#7360 = VERTEX_POINT('',#7361);
#7361 = CARTESIAN_POINT('',(51.684689435491,56.2,0.));
#7362 = SURFACE_CURVE('',#7363,(#7367,#7374),.PCURVE_S1.);
#7363 = LINE('',#7364,#7365);
#7364 = CARTESIAN_POINT('',(51.684689435491,56.2,0.));
#7365 = VECTOR('',#7366,1.);
#7366 = DIRECTION('',(-0.5,-0.866025403784,0.));
#7367 = PCURVE('',#6503,#7368);
#7368 = DEFINITIONAL_REPRESENTATION('',(#7369),#7373);
#7369 = LINE('',#7370,#7371);
#7370 = CARTESIAN_POINT('',(-165.9625632245,2.944270732487));
#7371 = VECTOR('',#7372,1.);
#7372 = DIRECTION('',(-0.5,-0.866025403784));
#7373 = ( GEOMETRIC_REPRESENTATION_CONTEXT(2) 
PARAMETRIC_REPRESENTATION_CONTEXT() REPRESENTATION_CONTEXT('2D SPACE',''
  ) );
#7374 = PCURVE('',#7375,#7380);
#7375 = PLANE('',#7376);
#7376 = AXIS2_PLACEMENT_3D('',#7377,#7378,#7379);
#7377 = CARTESIAN_POINT('',(51.684689435491,56.2,0.));
#7378 = DIRECTION('',(0.866025403784,-0.5,0.));
#7379 = DIRECTION('',(-0.5,-0.866025403784,0.));
#7380 = DEFINITIONAL_REPRESENTATION('',(#7381),#7385);
#7381 = LINE('',#7382,#7383);
#7382 = CARTESIAN_POINT('',(0.,0.));
#7383 = VECTOR('',#7384,1.);
#7384 = DIRECTION('',(1.,0.));
#7385 = ( GEOMETRIC_REPRESENTATION_CONTEXT(2) 
PARAMETRIC_REPRESENTATION_CONTEXT() REPRESENTATION_CONTEXT('2D SPACE',''
  ) );
#7386 = ORIENTED_EDGE('',*,*,#7387,.F.);
#7387 = EDGE_CURVE('',#7248,#7360,#7388,.T.);
#7388 = SURFACE_CURVE('',#7389,(#7393,#7400),.PCURVE_S1.);
#7389 = LINE('',#7390,#7391);
#7390 = CARTESIAN_POINT('',(66.23391621907,56.2,0.));
#7391 = VECTOR('',#7392,1.);
#7392 = DIRECTION('',(-1.,0.,0.));
#7393 = PCURVE('',#6503,#7394);
#7394 = DEFINITIONAL_REPRESENTATION('',(#7395),#7399);
#7395 = LINE('',#7396,#7397);
#7396 = CARTESIAN_POINT('',(-151.413336441,2.944270732487));
#7397 = VECTOR('',#7398,1.);
#7398 = DIRECTION('',(-1.,0.));
#7399 = ( GEOMETRIC_REPRESENTATION_CONTEXT(2) 
PARAMETRIC_REPRESENTATION_CONTEXT() REPRESENTATION_CONTEXT('2D SPACE',''
  ) );
#7400 = PCURVE('',#7401,#7406);
#7401 = PLANE('',#7402);
#7402 = AXIS2_PLACEMENT_3D('',#7403,#7404,#7405);
#7403 = CARTESIAN_POINT('',(66.23391621907,56.2,0.));
#7404 = DIRECTION('',(0.,-1.,0.));
#7405 = DIRECTION('',(-1.,0.,0.));
#7406 = DEFINITIONAL_REPRESENTATION('',(#7407),#7411);
#7407 = LINE('',#7408,#7409);
#7408 = CARTESIAN_POINT('',(0.,-0.));
#7409 = VECTOR('',#7410,1.);
#7410 = DIRECTION('',(1.,0.));
#7411 = ( GEOMETRIC_REPRESENTATION_CONTEXT(2) 
PARAMETRIC_REPRESENTATION_CONTEXT() REPRESENTATION_CONTEXT('2D SPACE',''
  ) );
#7412 = FACE_BOUND('',#7413,.F.);
#7413 = EDGE_LOOP('',(#7414,#7444,#7472,#7500,#7528,#7556));
#7414 = ORIENTED_EDGE('',*,*,#7415,.F.);
#7415 = EDGE_CURVE('',#7416,#7418,#7420,.T.);
#7416 = VERTEX_POINT('',#7417);
#7417 = CARTESIAN_POINT('',(134.47671803728,43.6,0.));
#7418 = VERTEX_POINT('',#7419);
#7419 = CARTESIAN_POINT('',(127.20210464549,56.2,0.));
#7420 = SURFACE_CURVE('',#7421,(#7425,#7432),.PCURVE_S1.);
#7421 = LINE('',#7422,#7423);
#7422 = CARTESIAN_POINT('',(134.47671803728,43.6,0.));
#7423 = VECTOR('',#7424,1.);
#7424 = DIRECTION('',(-0.5,0.866025403784,0.));
#7425 = PCURVE('',#6503,#7426);
#7426 = DEFINITIONAL_REPRESENTATION('',(#7427),#7431);
#7427 = LINE('',#7428,#7429);
#7428 = CARTESIAN_POINT('',(-83.1705346228,-9.655729267513));
#7429 = VECTOR('',#7430,1.);
#7430 = DIRECTION('',(-0.5,0.866025403784));
#7431 = ( GEOMETRIC_REPRESENTATION_CONTEXT(2) 
PARAMETRIC_REPRESENTATION_CONTEXT() REPRESENTATION_CONTEXT('2D SPACE',''
  ) );
#7432 = PCURVE('',#7433,#7438);
#7433 = PLANE('',#7434);
#7434 = AXIS2_PLACEMENT_3D('',#7435,#7436,#7437);
#7435 = CARTESIAN_POINT('',(134.47671803728,43.6,0.));
#7436 = DIRECTION('',(-0.866025403784,-0.5,0.));
#7437 = DIRECTION('',(-0.5,0.866025403784,0.));
#7438 = DEFINITIONAL_REPRESENTATION('',(#7439),#7443);
#7439 = LINE('',#7440,#7441);
#7440 = CARTESIAN_POINT('',(0.,0.));
#7441 = VECTOR('',#7442,1.);
#7442 = DIRECTION('',(1.,0.));
#7443 = ( GEOMETRIC_REPRESENTATION_CONTEXT(2) 
PARAMETRIC_REPRESENTATION_CONTEXT() REPRESENTATION_CONTEXT('2D SPACE',''
  ) );
#7444 = ORIENTED_EDGE('',*,*,#7445,.F.);
#7445 = EDGE_CURVE('',#7446,#7416,#7448,.T.);
#7446 = VERTEX_POINT('',#7447);
#7447 = CARTESIAN_POINT('',(127.20210464549,31.,0.));
#7448 = SURFACE_CURVE('',#7449,(#7453,#7460),.PCURVE_S1.);
#7449 = LINE('',#7450,#7451);
#7450 = CARTESIAN_POINT('',(127.20210464549,31.,0.));
#7451 = VECTOR('',#7452,1.);
#7452 = DIRECTION('',(0.5,0.866025403784,0.));
#7453 = PCURVE('',#6503,#7454);
#7454 = DEFINITIONAL_REPRESENTATION('',(#7455),#7459);
#7455 = LINE('',#7456,#7457);
#7456 = CARTESIAN_POINT('',(-90.44514801459,-22.25572926751));
#7457 = VECTOR('',#7458,1.);
#7458 = DIRECTION('',(0.5,0.866025403784));
#7459 = ( GEOMETRIC_REPRESENTATION_CONTEXT(2) 
PARAMETRIC_REPRESENTATION_CONTEXT() REPRESENTATION_CONTEXT('2D SPACE',''
  ) );
#7460 = PCURVE('',#7461,#7466);
#7461 = PLANE('',#7462);
#7462 = AXIS2_PLACEMENT_3D('',#7463,#7464,#7465);
#7463 = CARTESIAN_POINT('',(127.20210464549,31.,0.));
#7464 = DIRECTION('',(-0.866025403784,0.5,0.));
#7465 = DIRECTION('',(0.5,0.866025403784,0.));
#7466 = DEFINITIONAL_REPRESENTATION('',(#7467),#7471);
#7467 = LINE('',#7468,#7469);
#7468 = CARTESIAN_POINT('',(0.,0.));
#7469 = VECTOR('',#7470,1.);
#7470 = DIRECTION('',(1.,0.));
#7471 = ( GEOMETRIC_REPRESENTATION_CONTEXT(2) 
PARAMETRIC_REPRESENTATION_CONTEXT() REPRESENTATION_CONTEXT('2D SPACE',''
  ) );
#7472 = ORIENTED_EDGE('',*,*,#7473,.F.);
#7473 = EDGE_CURVE('',#7474,#7446,#7476,.T.);
#7474 = VERTEX_POINT('',#7475);
#7475 = CARTESIAN_POINT('',(112.65287786191,31.,0.));
#7476 = SURFACE_CURVE('',#7477,(#7481,#7488),.PCURVE_S1.);
#7477 = LINE('',#7478,#7479);
#7478 = CARTESIAN_POINT('',(112.65287786191,31.,0.));
#7479 = VECTOR('',#7480,1.);
#7480 = DIRECTION('',(1.,-2.441857379535E-16,0.));
#7481 = PCURVE('',#6503,#7482);
#7482 = DEFINITIONAL_REPRESENTATION('',(#7483),#7487);
#7483 = LINE('',#7484,#7485);
#7484 = CARTESIAN_POINT('',(-104.9943747981,-22.25572926751));
#7485 = VECTOR('',#7486,1.);
#7486 = DIRECTION('',(1.,-2.441857379535E-16));
#7487 = ( GEOMETRIC_REPRESENTATION_CONTEXT(2) 
PARAMETRIC_REPRESENTATION_CONTEXT() REPRESENTATION_CONTEXT('2D SPACE',''
  ) );
#7488 = PCURVE('',#7489,#7494);
#7489 = PLANE('',#7490);
#7490 = AXIS2_PLACEMENT_3D('',#7491,#7492,#7493);
#7491 = CARTESIAN_POINT('',(112.65287786191,31.,0.));
#7492 = DIRECTION('',(2.441857379535E-16,1.,-0.));
#7493 = DIRECTION('',(1.,-2.441857379535E-16,0.));
#7494 = DEFINITIONAL_REPRESENTATION('',(#7495),#7499);
#7495 = LINE('',#7496,#7497);
#7496 = CARTESIAN_POINT('',(0.,0.));
#7497 = VECTOR('',#7498,1.);
#7498 = DIRECTION('',(1.,0.));
#7499 = ( GEOMETRIC_REPRESENTATION_CONTEXT(2) 
PARAMETRIC_REPRESENTATION_CONTEXT() REPRESENTATION_CONTEXT('2D SPACE',''
  ) );
#7500 = ORIENTED_EDGE('',*,*,#7501,.F.);
#7501 = EDGE_CURVE('',#7502,#7474,#7504,.T.);
#7502 = VERTEX_POINT('',#7503);
#7503 = CARTESIAN_POINT('',(105.37826447012,43.6,0.));
#7504 = SURFACE_CURVE('',#7505,(#7509,#7516),.PCURVE_S1.);
#7505 = LINE('',#7506,#7507);
#7506 = CARTESIAN_POINT('',(105.37826447012,43.6,0.));
#7507 = VECTOR('',#7508,1.);
#7508 = DIRECTION('',(0.5,-0.866025403784,0.));
#7509 = PCURVE('',#6503,#7510);
#7510 = DEFINITIONAL_REPRESENTATION('',(#7511),#7515);
#7511 = LINE('',#7512,#7513);
#7512 = CARTESIAN_POINT('',(-112.2689881899,-9.655729267513));
#7513 = VECTOR('',#7514,1.);
#7514 = DIRECTION('',(0.5,-0.866025403784));
#7515 = ( GEOMETRIC_REPRESENTATION_CONTEXT(2) 
PARAMETRIC_REPRESENTATION_CONTEXT() REPRESENTATION_CONTEXT('2D SPACE',''
  ) );
#7516 = PCURVE('',#7517,#7522);
#7517 = PLANE('',#7518);
#7518 = AXIS2_PLACEMENT_3D('',#7519,#7520,#7521);
#7519 = CARTESIAN_POINT('',(105.37826447012,43.6,0.));
#7520 = DIRECTION('',(0.866025403784,0.5,-0.));
#7521 = DIRECTION('',(0.5,-0.866025403784,0.));
#7522 = DEFINITIONAL_REPRESENTATION('',(#7523),#7527);
#7523 = LINE('',#7524,#7525);
#7524 = CARTESIAN_POINT('',(0.,0.));
#7525 = VECTOR('',#7526,1.);
#7526 = DIRECTION('',(1.,0.));
#7527 = ( GEOMETRIC_REPRESENTATION_CONTEXT(2) 
PARAMETRIC_REPRESENTATION_CONTEXT() REPRESENTATION_CONTEXT('2D SPACE',''
  ) );
#7528 = ORIENTED_EDGE('',*,*,#7529,.F.);
#7529 = EDGE_CURVE('',#7530,#7502,#7532,.T.);
#7530 = VERTEX_POINT('',#7531);
#7531 = CARTESIAN_POINT('',(112.65287786191,56.2,0.));
#7532 = SURFACE_CURVE('',#7533,(#7537,#7544),.PCURVE_S1.);
#7533 = LINE('',#7534,#7535);
#7534 = CARTESIAN_POINT('',(112.65287786191,56.2,0.));
#7535 = VECTOR('',#7536,1.);
#7536 = DIRECTION('',(-0.5,-0.866025403784,0.));
#7537 = PCURVE('',#6503,#7538);
#7538 = DEFINITIONAL_REPRESENTATION('',(#7539),#7543);
#7539 = LINE('',#7540,#7541);
#7540 = CARTESIAN_POINT('',(-104.9943747981,2.944270732487));
#7541 = VECTOR('',#7542,1.);
#7542 = DIRECTION('',(-0.5,-0.866025403784));
#7543 = ( GEOMETRIC_REPRESENTATION_CONTEXT(2) 
PARAMETRIC_REPRESENTATION_CONTEXT() REPRESENTATION_CONTEXT('2D SPACE',''
  ) );
#7544 = PCURVE('',#7545,#7550);
#7545 = PLANE('',#7546);
#7546 = AXIS2_PLACEMENT_3D('',#7547,#7548,#7549);
#7547 = CARTESIAN_POINT('',(112.65287786191,56.2,0.));
#7548 = DIRECTION('',(0.866025403784,-0.5,0.));
#7549 = DIRECTION('',(-0.5,-0.866025403784,0.));
#7550 = DEFINITIONAL_REPRESENTATION('',(#7551),#7555);
#7551 = LINE('',#7552,#7553);
#7552 = CARTESIAN_POINT('',(0.,0.));
#7553 = VECTOR('',#7554,1.);
#7554 = DIRECTION('',(1.,0.));
#7555 = ( GEOMETRIC_REPRESENTATION_CONTEXT(2) 
PARAMETRIC_REPRESENTATION_CONTEXT() REPRESENTATION_CONTEXT('2D SPACE',''
  ) );
#7556 = ORIENTED_EDGE('',*,*,#7557,.F.);
#7557 = EDGE_CURVE('',#7418,#7530,#7558,.T.);
#7558 = SURFACE_CURVE('',#7559,(#7563,#7570),.PCURVE_S1.);
#7559 = LINE('',#7560,#7561);
#7560 = CARTESIAN_POINT('',(127.20210464549,56.2,0.));
#7561 = VECTOR('',#7562,1.);
#7562 = DIRECTION('',(-1.,0.,0.));
#7563 = PCURVE('',#6503,#7564);
#7564 = DEFINITIONAL_REPRESENTATION('',(#7565),#7569);
#7565 = LINE('',#7566,#7567);
#7566 = CARTESIAN_POINT('',(-90.44514801459,2.944270732487));
#7567 = VECTOR('',#7568,1.);
#7568 = DIRECTION('',(-1.,0.));
#7569 = ( GEOMETRIC_REPRESENTATION_CONTEXT(2) 
PARAMETRIC_REPRESENTATION_CONTEXT() REPRESENTATION_CONTEXT('2D SPACE',''
  ) );
#7570 = PCURVE('',#7571,#7576);
#7571 = PLANE('',#7572);
#7572 = AXIS2_PLACEMENT_3D('',#7573,#7574,#7575);
#7573 = CARTESIAN_POINT('',(127.20210464549,56.2,0.));
#7574 = DIRECTION('',(0.,-1.,0.));
#7575 = DIRECTION('',(-1.,0.,0.));
#7576 = DEFINITIONAL_REPRESENTATION('',(#7577),#7581);
#7577 = LINE('',#7578,#7579);
#7578 = CARTESIAN_POINT('',(0.,-0.));
#7579 = VECTOR('',#7580,1.);
#7580 = DIRECTION('',(1.,0.));
#7581 = ( GEOMETRIC_REPRESENTATION_CONTEXT(2) 
PARAMETRIC_REPRESENTATION_CONTEXT() REPRESENTATION_CONTEXT('2D SPACE',''
  ) );
#7582 = ADVANCED_FACE('',(#7583),#6515,.T.);
#7583 = FACE_BOUND('',#7584,.T.);
#7584 = EDGE_LOOP('',(#7585,#7615,#7636,#7637));
#7585 = ORIENTED_EDGE('',*,*,#7586,.F.);
#7586 = EDGE_CURVE('',#7587,#7589,#7591,.T.);
#7587 = VERTEX_POINT('',#7588);
#7588 = CARTESIAN_POINT('',(207.9625,64.741887382267,12.7));
#7589 = VERTEX_POINT('',#7590);
#7590 = CARTESIAN_POINT('',(207.9625,90.410196957194,12.7));
#7591 = SURFACE_CURVE('',#7592,(#7596,#7603),.PCURVE_S1.);
#7592 = LINE('',#7593,#7594);
#7593 = CARTESIAN_POINT('',(207.9625,66.109805530783,12.7));
#7594 = VECTOR('',#7595,1.);
#7595 = DIRECTION('',(0.,1.,0.));
#7596 = PCURVE('',#6515,#7597);
#7597 = DEFINITIONAL_REPRESENTATION('',(#7598),#7602);
#7598 = LINE('',#7599,#7600);
#7599 = CARTESIAN_POINT('',(6.337445111782,66.109805530777));
#7600 = VECTOR('',#7601,1.);
#7601 = DIRECTION('',(0.,-1.));
#7602 = ( GEOMETRIC_REPRESENTATION_CONTEXT(2) 
PARAMETRIC_REPRESENTATION_CONTEXT() REPRESENTATION_CONTEXT('2D SPACE',''
  ) );
#7603 = PCURVE('',#7604,#7609);
#7604 = PLANE('',#7605);
#7605 = AXIS2_PLACEMENT_3D('',#7606,#7607,#7608);
#7606 = CARTESIAN_POINT('',(0.,0.,12.7));
#7607 = DIRECTION('',(0.,0.,1.));
#7608 = DIRECTION('',(1.,0.,-0.));
#7609 = DEFINITIONAL_REPRESENTATION('',(#7610),#7614);
#7610 = LINE('',#7611,#7612);
#7611 = CARTESIAN_POINT('',(207.9625,66.109805530783));
#7612 = VECTOR('',#7613,1.);
#7613 = DIRECTION('',(0.,1.));
#7614 = ( GEOMETRIC_REPRESENTATION_CONTEXT(2) 
PARAMETRIC_REPRESENTATION_CONTEXT() REPRESENTATION_CONTEXT('2D SPACE',''
  ) );
#7615 = ORIENTED_EDGE('',*,*,#7616,.F.);
#7616 = EDGE_CURVE('',#6493,#7587,#7617,.T.);
#7617 = SURFACE_CURVE('',#7618,(#7622,#7629),.PCURVE_S1.);
#7618 = LINE('',#7619,#7620);
#7619 = CARTESIAN_POINT('',(207.9625,65.184747890709,1.813431127244E-02)
  );
#7620 = VECTOR('',#7621,1.);
#7621 = DIRECTION('',(0.,-3.48994967025E-02,0.999390827019));
#7622 = PCURVE('',#6515,#7623);
#7623 = DEFINITIONAL_REPRESENTATION('',(#7624),#7628);
#7624 = LINE('',#7625,#7626);
#7625 = CARTESIAN_POINT('',(-6.344420576946,67.034863170851));
#7626 = VECTOR('',#7627,1.);
#7627 = DIRECTION('',(0.999390827019,3.48994967025E-02));
#7628 = ( GEOMETRIC_REPRESENTATION_CONTEXT(2) 
PARAMETRIC_REPRESENTATION_CONTEXT() REPRESENTATION_CONTEXT('2D SPACE',''
  ) );
#7629 = PCURVE('',#6888,#7630);
#7630 = DEFINITIONAL_REPRESENTATION('',(#7631),#7635);
#7631 = LINE('',#7632,#7633);
#7632 = CARTESIAN_POINT('',(6.28318530718,0.));
#7633 = VECTOR('',#7634,1.);
#7634 = DIRECTION('',(-0.,1.));
#7635 = ( GEOMETRIC_REPRESENTATION_CONTEXT(2) 
PARAMETRIC_REPRESENTATION_CONTEXT() REPRESENTATION_CONTEXT('2D SPACE',''
  ) );
#7636 = ORIENTED_EDGE('',*,*,#6492,.T.);
#7637 = ORIENTED_EDGE('',*,*,#7638,.F.);
#7638 = EDGE_CURVE('',#7589,#6495,#7639,.T.);
#7639 = SURFACE_CURVE('',#7640,(#7646,#7655),.PCURVE_S1.);
#7640 = B_SPLINE_CURVE_WITH_KNOTS('',4,(#7641,#7642,#7643,#7644,#7645),
  .UNSPECIFIED.,.F.,.F.,(5,5),(0.,1.),.PIECEWISE_BEZIER_KNOTS.);
#7641 = CARTESIAN_POINT('',(207.9625,90.41019696742,12.7000006));
#7642 = CARTESIAN_POINT('',(207.9625,90.41019696742,9.5250003));
#7643 = CARTESIAN_POINT('',(207.9625,90.41019696742,6.35));
#7644 = CARTESIAN_POINT('',(207.9625,90.41019696742,3.1749997));
#7645 = CARTESIAN_POINT('',(207.9625,90.41019696742,-5.999999999062E-07)
  );
#7646 = PCURVE('',#6515,#7647);
#7647 = DEFINITIONAL_REPRESENTATION('',(#7648),#7654);
#7648 = B_SPLINE_CURVE_WITH_KNOTS('',4,(#7649,#7650,#7651,#7652,#7653),
  .UNSPECIFIED.,.F.,.F.,(5,5),(0.,1.),.PIECEWISE_BEZIER_KNOTS.);
#7649 = CARTESIAN_POINT('',(6.337445711782,41.80941409414));
#7650 = CARTESIAN_POINT('',(3.162445411782,41.80941409414));
#7651 = CARTESIAN_POINT('',(-1.2554888218E-02,41.80941409414));
#7652 = CARTESIAN_POINT('',(-3.187555188218,41.80941409414));
#7653 = CARTESIAN_POINT('',(-6.362555488218,41.80941409414));
#7654 = ( GEOMETRIC_REPRESENTATION_CONTEXT(2) 
PARAMETRIC_REPRESENTATION_CONTEXT() REPRESENTATION_CONTEXT('2D SPACE',''
  ) );
#7655 = PCURVE('',#6548,#7656);
#7656 = DEFINITIONAL_REPRESENTATION('',(#7657),#7663);
#7657 = B_SPLINE_CURVE_WITH_KNOTS('',4,(#7658,#7659,#7660,#7661,#7662),
  .UNSPECIFIED.,.F.,.F.,(5,5),(0.,1.),.PIECEWISE_BEZIER_KNOTS.);
#7658 = CARTESIAN_POINT('',(1.058751736836,-12.7000006));
#7659 = CARTESIAN_POINT('',(1.058751736836,-9.5250003));
#7660 = CARTESIAN_POINT('',(1.058751736836,-6.35));
#7661 = CARTESIAN_POINT('',(1.058751736836,-3.1749997));
#7662 = CARTESIAN_POINT('',(1.058751736836,5.999999999062E-07));
#7663 = ( GEOMETRIC_REPRESENTATION_CONTEXT(2) 
PARAMETRIC_REPRESENTATION_CONTEXT() REPRESENTATION_CONTEXT('2D SPACE',''
  ) );
#7664 = ADVANCED_FACE('',(#7665),#6888,.T.);
#7665 = FACE_BOUND('',#7666,.T.);
#7666 = EDGE_LOOP('',(#7667,#7668,#7669,#7696,#7742,#7770));
#7667 = ORIENTED_EDGE('',*,*,#6873,.T.);
#7668 = ORIENTED_EDGE('',*,*,#7616,.T.);
#7669 = ORIENTED_EDGE('',*,*,#7670,.F.);
#7670 = EDGE_CURVE('',#7671,#7587,#7673,.T.);
#7671 = VERTEX_POINT('',#7672);
#7672 = CARTESIAN_POINT('',(207.92672250115,64.599721681506,12.7));
#7673 = SURFACE_CURVE('',#7674,(#7679,#7689),.PCURVE_S1.);
#7674 = ELLIPSE('',#7675,0.30018286329,0.3);
#7675 = AXIS2_PLACEMENT_3D('',#7676,#7677,#7678);
#7676 = CARTESIAN_POINT('',(207.6625,64.741887382267,12.7));
#7677 = DIRECTION('',(0.,0.,1.));
#7678 = DIRECTION('',(0.,-1.,0.));
#7679 = PCURVE('',#6888,#7680);
#7680 = DEFINITIONAL_REPRESENTATION('',(#7681),#7688);
#7681 = B_SPLINE_CURVE_WITH_KNOTS('',5,(#7682,#7683,#7684,#7685,#7686,
    #7687),.UNSPECIFIED.,.F.,.F.,(6,6),(1.07742596457,1.570796326795),
  .PIECEWISE_BEZIER_KNOTS.);
#7682 = CARTESIAN_POINT('',(5.789814944955,12.694557359062));
#7683 = CARTESIAN_POINT('',(5.8884890174,12.693646907895));
#7684 = CARTESIAN_POINT('',(5.987163089845,12.692676072824));
#7685 = CARTESIAN_POINT('',(6.08583716229,12.691663313375));
#7686 = CARTESIAN_POINT('',(6.184511234735,12.690629580018));
#7687 = CARTESIAN_POINT('',(6.28318530718,12.689595847657));
#7688 = ( GEOMETRIC_REPRESENTATION_CONTEXT(2) 
PARAMETRIC_REPRESENTATION_CONTEXT() REPRESENTATION_CONTEXT('2D SPACE',''
  ) );
#7689 = PCURVE('',#7604,#7690);
#7690 = DEFINITIONAL_REPRESENTATION('',(#7691),#7695);
#7691 = ELLIPSE('',#7692,0.30018286329,0.3);
#7692 = AXIS2_PLACEMENT_2D('',#7693,#7694);
#7693 = CARTESIAN_POINT('',(207.6625,64.741887382267));
#7694 = DIRECTION('',(0.,-1.));
#7695 = ( GEOMETRIC_REPRESENTATION_CONTEXT(2) 
PARAMETRIC_REPRESENTATION_CONTEXT() REPRESENTATION_CONTEXT('2D SPACE',''
  ) );
#7696 = ORIENTED_EDGE('',*,*,#7697,.F.);
#7697 = EDGE_CURVE('',#7698,#7671,#7700,.T.);
#7698 = VERTEX_POINT('',#7699);
#7699 = CARTESIAN_POINT('',(207.5124999896,64.492714265764,
    12.390932844992));
#7700 = SURFACE_CURVE('',#7701,(#7711,#7724),.PCURVE_S1.);
#7701 = B_SPLINE_CURVE_WITH_KNOTS('',8,(#7702,#7703,#7704,#7705,#7706,
    #7707,#7708,#7709,#7710),.UNSPECIFIED.,.F.,.F.,(9,9),(0.,1.),
  .PIECEWISE_BEZIER_KNOTS.);
#7702 = CARTESIAN_POINT('',(207.5124999896,64.492714265764,
    12.390932844992));
#7703 = CARTESIAN_POINT('',(207.56286942396,64.461585580824,
    12.449067902107));
#7704 = CARTESIAN_POINT('',(207.61969183364,64.441604522848,
    12.507603477097));
#7705 = CARTESIAN_POINT('',(207.68050128367,64.434306227875,
    12.563688252974));
#7706 = CARTESIAN_POINT('',(207.74240824898,64.440956182175,
    12.614229456975));
#7707 = CARTESIAN_POINT('',(207.80201704972,64.462198479019,
    12.655985102842));
#7708 = CARTESIAN_POINT('',(207.85508288775,64.497812505645,
    12.685380126737));
#7709 = CARTESIAN_POINT('',(207.8973822408,64.545124752534,12.7));
#7710 = CARTESIAN_POINT('',(207.92672250115,64.599721681503,12.7));
#7711 = PCURVE('',#6888,#7712);
#7712 = DEFINITIONAL_REPRESENTATION('',(#7713),#7723);
#7713 = B_SPLINE_CURVE_WITH_KNOTS('',8,(#7714,#7715,#7716,#7717,#7718,
    #7719,#7720,#7721,#7722),.UNSPECIFIED.,.F.,.F.,(9,9),(0.,1.),
  .PIECEWISE_BEZIER_KNOTS.);
#7714 = CARTESIAN_POINT('',(4.188790164755,12.389412984367));
#7715 = CARTESIAN_POINT('',(4.382660383235,12.448599002613));
#7716 = CARTESIAN_POINT('',(4.576581972719,12.507796248179));
#7717 = CARTESIAN_POINT('',(4.772078707236,12.564101565547));
#7718 = CARTESIAN_POINT('',(4.970202102313,12.614379901155));
#7719 = CARTESIAN_POINT('',(5.171532702719,12.655368765142));
#7720 = CARTESIAN_POINT('',(5.37621805751,12.683502970777));
#7721 = CARTESIAN_POINT('',(5.583308422024,12.696462764404));
#7722 = CARTESIAN_POINT('',(5.789814944955,12.694557359061));
#7723 = ( GEOMETRIC_REPRESENTATION_CONTEXT(2) 
PARAMETRIC_REPRESENTATION_CONTEXT() REPRESENTATION_CONTEXT('2D SPACE',''
  ) );
#7724 = PCURVE('',#7725,#7730);
#7725 = CYLINDRICAL_SURFACE('',#7726,0.3);
#7726 = AXIS2_PLACEMENT_3D('',#7727,#7728,#7729);
#7727 = CARTESIAN_POINT('',(195.4171748808,71.826515402731,12.4));
#7728 = DIRECTION('',(0.865893403497,-0.50022856154,0.));
#7729 = DIRECTION('',(0.,0.,1.));
#7730 = DEFINITIONAL_REPRESENTATION('',(#7731),#7741);
#7731 = B_SPLINE_CURVE_WITH_KNOTS('',8,(#7732,#7733,#7734,#7735,#7736,
    #7737,#7738,#7739,#7740),.UNSPECIFIED.,.F.,.F.,(9,9),(0.,1.),
  .PIECEWISE_BEZIER_KNOTS.);
#7732 = CARTESIAN_POINT('',(1.601024780199,14.141839018226));
#7733 = CARTESIAN_POINT('',(1.407154561728,14.201025036459));
#7734 = CARTESIAN_POINT('',(1.213232972211,14.260222282112));
#7735 = CARTESIAN_POINT('',(1.01773623776,14.316527599223));
#7736 = CARTESIAN_POINT('',(0.819612842594,14.366805935275));
#7737 = CARTESIAN_POINT('',(0.618282242267,14.407794798777));
#7738 = CARTESIAN_POINT('',(0.413596887431,14.435929004742));
#7739 = CARTESIAN_POINT('',(0.206506522931,14.448888798251));
#7740 = CARTESIAN_POINT('',(0.,14.446983392908));
#7741 = ( GEOMETRIC_REPRESENTATION_CONTEXT(2) 
PARAMETRIC_REPRESENTATION_CONTEXT() REPRESENTATION_CONTEXT('2D SPACE',''
  ) );
#7742 = ORIENTED_EDGE('',*,*,#7743,.F.);
#7743 = EDGE_CURVE('',#7744,#7698,#7746,.T.);
#7744 = VERTEX_POINT('',#7745);
#7745 = CARTESIAN_POINT('',(207.5124999896,64.915255576614,
    0.290932844992));
#7746 = SURFACE_CURVE('',#7747,(#7751,#7758),.PCURVE_S1.);
#7747 = LINE('',#7748,#7749);
#7748 = CARTESIAN_POINT('',(207.5124999896,64.925098543358,
    9.067156264906E-03));
#7749 = VECTOR('',#7750,1.);
#7750 = DIRECTION('',(0.,-3.48994967025E-02,0.999390827019));
#7751 = PCURVE('',#6888,#7752);
#7752 = DEFINITIONAL_REPRESENTATION('',(#7753),#7757);
#7753 = LINE('',#7754,#7755);
#7754 = CARTESIAN_POINT('',(4.188790164755,0.));
#7755 = VECTOR('',#7756,1.);
#7756 = DIRECTION('',(-0.,1.));
#7757 = ( GEOMETRIC_REPRESENTATION_CONTEXT(2) 
PARAMETRIC_REPRESENTATION_CONTEXT() REPRESENTATION_CONTEXT('2D SPACE',''
  ) );
#7758 = PCURVE('',#7759,#7764);
#7759 = PLANE('',#7760);
#7760 = AXIS2_PLACEMENT_3D('',#7761,#7762,#7763);
#7761 = CARTESIAN_POINT('',(201.6125,68.112111517809,6.35));
#7762 = DIRECTION('',(-0.500000034668,-0.865497824504,
    -3.022385002513E-02));
#7763 = DIRECTION('',(-0.865893403497,0.50022856154,-1.03601641079E-14)
  );
#7764 = DEFINITIONAL_REPRESENTATION('',(#7765),#7769);
#7765 = LINE('',#7766,#7767);
#7766 = CARTESIAN_POINT('',(-6.703005987446,6.343830990626));
#7767 = VECTOR('',#7768,1.);
#7768 = DIRECTION('',(-1.745772503396E-02,-0.999847602306));
#7769 = ( GEOMETRIC_REPRESENTATION_CONTEXT(2) 
PARAMETRIC_REPRESENTATION_CONTEXT() REPRESENTATION_CONTEXT('2D SPACE',''
  ) );
#7770 = ORIENTED_EDGE('',*,*,#7771,.T.);
#7771 = EDGE_CURVE('',#7744,#6846,#7772,.T.);
#7772 = SURFACE_CURVE('',#7773,(#7778,#7789),.PCURVE_S1.);
#7773 = ELLIPSE('',#7774,0.420608520126,0.3);
#7774 = AXIS2_PLACEMENT_3D('',#7775,#7776,#7777);
#7775 = CARTESIAN_POINT('',(207.6625,65.174904923965,0.3));
#7776 = DIRECTION('',(0.60700357172,-0.375132367759,0.7005871613));
#7777 = DIRECTION('',(0.617694608404,-0.331947620022,-0.712926467675));
#7778 = PCURVE('',#6888,#7779);
#7779 = DEFINITIONAL_REPRESENTATION('',(#7780),#7788);
#7780 = B_SPLINE_CURVE_WITH_KNOTS('',6,(#7781,#7782,#7783,#7784,#7785,
    #7786,#7787),.UNSPECIFIED.,.F.,.F.,(7,7),(4.712388980385,
    6.252956853776),.PIECEWISE_BEZIER_KNOTS.);
#7781 = CARTESIAN_POINT('',(4.188790164755,0.282037498351));
#7782 = CARTESIAN_POINT('',(4.445551476987,0.206342309426));
#7783 = CARTESIAN_POINT('',(4.702311916368,0.1306522543));
#7784 = CARTESIAN_POINT('',(4.959073913834,6.39117451964E-02));
#7785 = CARTESIAN_POINT('',(5.215836488063,1.524716971426E-02));
#7786 = CARTESIAN_POINT('',(5.472596725915,-1.03476307451E-02));
#7787 = CARTESIAN_POINT('',(5.729358038147,-1.26354307828E-02));
#7788 = ( GEOMETRIC_REPRESENTATION_CONTEXT(2) 
PARAMETRIC_REPRESENTATION_CONTEXT() REPRESENTATION_CONTEXT('2D SPACE',''
  ) );
#7789 = PCURVE('',#6861,#7790);
#7790 = DEFINITIONAL_REPRESENTATION('',(#7791),#7799);
#7791 = B_SPLINE_CURVE_WITH_KNOTS('',6,(#7792,#7793,#7794,#7795,#7796,
    #7797,#7798),.UNSPECIFIED.,.F.,.F.,(7,7),(4.712388980385,
    6.252956853776),.PIECEWISE_BEZIER_KNOTS.);
#7792 = CARTESIAN_POINT('',(4.742617433789,14.152320038001));
#7793 = CARTESIAN_POINT('',(4.999378746021,14.228015226926));
#7794 = CARTESIAN_POINT('',(5.256139185402,14.303705282052));
#7795 = CARTESIAN_POINT('',(5.512901182868,14.370445791155));
#7796 = CARTESIAN_POINT('',(5.769663757096,14.419110366637));
#7797 = CARTESIAN_POINT('',(6.026423994948,14.444705167097));
#7798 = CARTESIAN_POINT('',(6.283185307179,14.446992967135));
#7799 = ( GEOMETRIC_REPRESENTATION_CONTEXT(2) 
PARAMETRIC_REPRESENTATION_CONTEXT() REPRESENTATION_CONTEXT('2D SPACE',''
  ) );
#7800 = ADVANCED_FACE('',(#7801),#6548,.F.);
#7801 = FACE_BOUND('',#7802,.F.);
#7802 = EDGE_LOOP('',(#7803,#7804,#7805,#7972));
#7803 = ORIENTED_EDGE('',*,*,#6527,.F.);
#7804 = ORIENTED_EDGE('',*,*,#7638,.F.);
#7805 = ORIENTED_EDGE('',*,*,#7806,.F.);
#7806 = EDGE_CURVE('',#7807,#7589,#7809,.T.);
#7807 = VERTEX_POINT('',#7808);
#7808 = CARTESIAN_POINT('',(6.497476388175E-15,76.2,12.7));
#7809 = SURFACE_CURVE('',#7810,(#7862,#7917),.PCURVE_S1.);
#7810 = B_SPLINE_CURVE_WITH_KNOTS('',8,(#7811,#7812,#7813,#7814,#7815,
    #7816,#7817,#7818,#7819,#7820,#7821,#7822,#7823,#7824,#7825,#7826,
    #7827,#7828,#7829,#7830,#7831,#7832,#7833,#7834,#7835,#7836,#7837,
    #7838,#7839,#7840,#7841,#7842,#7843,#7844,#7845,#7846,#7847,#7848,
    #7849,#7850,#7851,#7852,#7853,#7854,#7855,#7856,#7857,#7858,#7859,
    #7860,#7861),.UNSPECIFIED.,.F.,.F.,(9,7,7,7,7,7,7,9),(0.,
    0.213683802857,0.419775631631,0.60751072154,0.770858336379,
    0.867872563734,0.94940045527,1.),.UNSPECIFIED.);
#7811 = CARTESIAN_POINT('',(-4.38927617708E-11,76.2,12.7));
#7812 = CARTESIAN_POINT('',(11.093899923116,76.2,12.7));
#7813 = CARTESIAN_POINT('',(22.187766370482,76.286504351476,12.7));
#7814 = CARTESIAN_POINT('',(33.280858547151,76.459511354054,12.7));
#7815 = CARTESIAN_POINT('',(44.372395004459,76.719367138886,12.7));
#7816 = CARTESIAN_POINT('',(55.461553709316,77.066759510801,12.7));
#7817 = CARTESIAN_POINT('',(66.547471420915,77.502734292548,12.7));
#7818 = CARTESIAN_POINT('',(77.629242374833,78.028734171142,12.7));
#7819 = CARTESIAN_POINT('',(99.389046910581,79.242631626526,12.7));
#7820 = CARTESIAN_POINT('',(110.06734283196,79.924108076178,12.7));
#7821 = CARTESIAN_POINT('',(120.73999038733,80.692795895866,12.7));
#7822 = CARTESIAN_POINT('',(131.40602988724,81.550794456941,12.7));
#7823 = CARTESIAN_POINT('',(142.06435047046,82.500650921073,12.7));
#7824 = CARTESIAN_POINT('',(152.71368384884,83.545429728161,12.7));
#7825 = CARTESIAN_POINT('',(163.35259343489,84.688834397755,12.7));
#7826 = CARTESIAN_POINT('',(183.65977548379,87.07097021057,12.7));
#7827 = CARTESIAN_POINT('',(193.32990098246,88.292115783537,12.7));
#7828 = CARTESIAN_POINT('',(202.9887205826,89.602309041927,12.7));
#7829 = CARTESIAN_POINT('',(212.6347833364,91.005562729818,12.7));
#7830 = CARTESIAN_POINT('',(222.26627524077,92.506593359853,12.7));
#7831 = CARTESIAN_POINT('',(231.88099528891,94.110973940616,12.7));
#7832 = CARTESIAN_POINT('',(241.47630884073,95.825431902012,12.7));
#7833 = CARTESIAN_POINT('',(259.37826865579,99.253312409417,12.7));
#7834 = CARTESIAN_POINT('',(267.68987026017,100.93783782429,12.7));
#7835 = CARTESIAN_POINT('',(275.98214817103,102.71762856028,12.7));
#7836 = CARTESIAN_POINT('',(284.2525628622,104.59923790039,12.7));
#7837 = CARTESIAN_POINT('',(292.49769380766,106.59037232105,12.7));
#7838 = CARTESIAN_POINT('',(300.71311833848,108.70037540301,12.7));
#7839 = CARTESIAN_POINT('',(308.89328310997,110.9407553632,12.7));
#7840 = CARTESIAN_POINT('',(321.86416991386,114.74429140918,12.7));
#7841 = CARTESIAN_POINT('',(326.68201474165,116.21291081111,12.7));
#7842 = CARTESIAN_POINT('',(331.4831888781,117.73617682961,12.7));
#7843 = CARTESIAN_POINT('',(336.26582220495,119.31777805222,12.7));
#7844 = CARTESIAN_POINT('',(341.0275181814,120.9619568204,12.7));
#7845 = CARTESIAN_POINT('',(345.76530671892,122.67364521411,12.7));
#7846 = CARTESIAN_POINT('',(350.47554526889,124.45875037222,12.7));
#7847 = CARTESIAN_POINT('',(359.08510827199,127.89286653839,12.7));
#7848 = CARTESIAN_POINT('',(362.9932202662,129.51786273318,12.7));
#7849 = CARTESIAN_POINT('',(366.87582224248,131.20430872558,12.7));
#7850 = CARTESIAN_POINT('',(370.72960870368,132.95735855368,12.7));
#7851 = CARTESIAN_POINT('',(374.55012138585,134.78289813892,12.7));
#7852 = CARTESIAN_POINT('',(378.331571066,136.6879058076,12.7));
#7853 = CARTESIAN_POINT('',(382.06665826451,138.68082471402,12.7));
#7854 = CARTESIAN_POINT('',(388.02934571533,142.07149548404,12.7));
#7855 = CARTESIAN_POINT('',(390.29084956094,143.40796755409,12.7));
#7856 = CARTESIAN_POINT('',(392.52828307925,144.78519922835,12.7));
#7857 = CARTESIAN_POINT('',(394.73880422656,146.20617167035,12.7));
#7858 = CARTESIAN_POINT('',(396.91876726624,147.67415917973,12.7));
#7859 = CARTESIAN_POINT('',(399.06366502215,149.19281451176,12.7));
#7860 = CARTESIAN_POINT('',(401.16799913293,150.76636046146,12.7));
#7861 = CARTESIAN_POINT('',(403.22499999999,152.4,12.7));
#7862 = PCURVE('',#6548,#7863);
#7863 = DEFINITIONAL_REPRESENTATION('',(#7864),#7916);
#7864 = B_SPLINE_CURVE_WITH_KNOTS('',8,(#7865,#7866,#7867,#7868,#7869,
    #7870,#7871,#7872,#7873,#7874,#7875,#7876,#7877,#7878,#7879,#7880,
    #7881,#7882,#7883,#7884,#7885,#7886,#7887,#7888,#7889,#7890,#7891,
    #7892,#7893,#7894,#7895,#7896,#7897,#7898,#7899,#7900,#7901,#7902,
    #7903,#7904,#7905,#7906,#7907,#7908,#7909,#7910,#7911,#7912,#7913,
    #7914,#7915),.UNSPECIFIED.,.F.,.F.,(9,7,7,7,7,7,7,9),(0.,
    0.213683802857,0.419775631631,0.60751072154,0.770858336379,
    0.867872563734,0.94940045527,1.),.UNSPECIFIED.);
#7865 = CARTESIAN_POINT('',(1.570796326795,-12.7));
#7866 = CARTESIAN_POINT('',(1.544659046301,-12.7));
#7867 = CARTESIAN_POINT('',(1.518521841687,-12.7));
#7868 = CARTESIAN_POINT('',(1.492359262883,-12.7));
#7869 = CARTESIAN_POINT('',(1.466145920387,-12.7));
#7870 = CARTESIAN_POINT('',(1.439856056602,-12.7));
#7871 = CARTESIAN_POINT('',(1.413463026379,-12.7));
#7872 = CARTESIAN_POINT('',(1.386938686774,-12.7));
#7873 = CARTESIAN_POINT('',(1.334514832101,-12.7));
#7874 = CARTESIAN_POINT('',(1.308626822389,-12.7));
#7875 = CARTESIAN_POINT('',(1.282561338381,-12.7));
#7876 = CARTESIAN_POINT('',(1.256289387134,-12.7));
#7877 = CARTESIAN_POINT('',(1.229779626342,-12.7));
#7878 = CARTESIAN_POINT('',(1.202997611253,-12.7));
#7879 = CARTESIAN_POINT('',(1.175904635672,-12.7));
#7880 = CARTESIAN_POINT('',(1.123451906784,-12.7));
#7881 = CARTESIAN_POINT('',(1.098153231685,-12.7));
#7882 = CARTESIAN_POINT('',(1.072525584775,-12.7));
#7883 = CARTESIAN_POINT('',(1.04653109117,-12.7));
#7884 = CARTESIAN_POINT('',(1.020126859112,-12.7));
#7885 = CARTESIAN_POINT('',(0.993263572991,-12.7));
#7886 = CARTESIAN_POINT('',(0.965882853592,-12.7));
#7887 = CARTESIAN_POINT('',(0.913575033949,-12.7));
#7888 = CARTESIAN_POINT('',(0.888792781493,-12.7));
#7889 = CARTESIAN_POINT('',(0.863516716119,-12.7));
#7890 = CARTESIAN_POINT('',(0.837691308987,-12.7));
#7891 = CARTESIAN_POINT('',(0.811252124102,-12.7));
#7892 = CARTESIAN_POINT('',(0.784121455363,-12.7));
#7893 = CARTESIAN_POINT('',(0.756203619722,-12.7));
#7894 = CARTESIAN_POINT('',(0.710243063444,-12.7));
#7895 = CARTESIAN_POINT('',(0.692795169592,-12.7));
#7896 = CARTESIAN_POINT('',(0.674997333274,-12.7));
#7897 = CARTESIAN_POINT('',(0.656818773254,-12.7));
#7898 = CARTESIAN_POINT('',(0.638224192537,-12.7));
#7899 = CARTESIAN_POINT('',(0.619172527471,-12.7));
#7900 = CARTESIAN_POINT('',(0.599614374024,-12.7));
#7901 = CARTESIAN_POINT('',(0.562572055836,-12.7));
#7902 = CARTESIAN_POINT('',(0.545257914966,-12.7));
#7903 = CARTESIAN_POINT('',(0.527505238696,-12.7));
#7904 = CARTESIAN_POINT('',(0.509270517369,-12.7));
#7905 = CARTESIAN_POINT('',(0.490504281668,-12.7));
#7906 = CARTESIAN_POINT('',(0.471147745129,-12.7));
#7907 = CARTESIAN_POINT('',(0.451129340945,-12.7));
#7908 = CARTESIAN_POINT('',(0.417456181315,-12.7));
#7909 = CARTESIAN_POINT('',(0.404270757625,-12.7));
#7910 = CARTESIAN_POINT('',(0.390771386308,-12.7));
#7911 = CARTESIAN_POINT('',(0.376932531051,-12.7));
#7912 = CARTESIAN_POINT('',(0.362726217078,-12.7));
#7913 = CARTESIAN_POINT('',(0.348121176615,-12.7));
#7914 = CARTESIAN_POINT('',(0.33308102269,-12.7));
#7915 = CARTESIAN_POINT('',(0.317560429292,-12.7));
#7916 = ( GEOMETRIC_REPRESENTATION_CONTEXT(2) 
PARAMETRIC_REPRESENTATION_CONTEXT() REPRESENTATION_CONTEXT('2D SPACE',''
  ) );
#7917 = PCURVE('',#7604,#7918);
#7918 = DEFINITIONAL_REPRESENTATION('',(#7919),#7971);
#7919 = B_SPLINE_CURVE_WITH_KNOTS('',8,(#7920,#7921,#7922,#7923,#7924,
    #7925,#7926,#7927,#7928,#7929,#7930,#7931,#7932,#7933,#7934,#7935,
    #7936,#7937,#7938,#7939,#7940,#7941,#7942,#7943,#7944,#7945,#7946,
    #7947,#7948,#7949,#7950,#7951,#7952,#7953,#7954,#7955,#7956,#7957,
    #7958,#7959,#7960,#7961,#7962,#7963,#7964,#7965,#7966,#7967,#7968,
    #7969,#7970),.UNSPECIFIED.,.F.,.F.,(9,7,7,7,7,7,7,9),(0.,
    0.213683802857,0.419775631631,0.60751072154,0.770858336379,
    0.867872563734,0.94940045527,1.),.UNSPECIFIED.);
#7920 = CARTESIAN_POINT('',(-4.38927617708E-11,76.2));
#7921 = CARTESIAN_POINT('',(11.093899923116,76.2));
#7922 = CARTESIAN_POINT('',(22.187766370482,76.286504351476));
#7923 = CARTESIAN_POINT('',(33.280858547151,76.459511354054));
#7924 = CARTESIAN_POINT('',(44.372395004459,76.719367138886));
#7925 = CARTESIAN_POINT('',(55.461553709316,77.066759510801));
#7926 = CARTESIAN_POINT('',(66.547471420915,77.502734292548));
#7927 = CARTESIAN_POINT('',(77.629242374833,78.028734171142));
#7928 = CARTESIAN_POINT('',(99.389046910581,79.242631626526));
#7929 = CARTESIAN_POINT('',(110.06734283196,79.924108076178));
#7930 = CARTESIAN_POINT('',(120.73999038733,80.692795895866));
#7931 = CARTESIAN_POINT('',(131.40602988724,81.550794456941));
#7932 = CARTESIAN_POINT('',(142.06435047046,82.500650921073));
#7933 = CARTESIAN_POINT('',(152.71368384884,83.545429728161));
#7934 = CARTESIAN_POINT('',(163.35259343489,84.688834397755));
#7935 = CARTESIAN_POINT('',(183.65977548379,87.07097021057));
#7936 = CARTESIAN_POINT('',(193.32990098246,88.292115783537));
#7937 = CARTESIAN_POINT('',(202.9887205826,89.602309041927));
#7938 = CARTESIAN_POINT('',(212.6347833364,91.005562729818));
#7939 = CARTESIAN_POINT('',(222.26627524077,92.506593359853));
#7940 = CARTESIAN_POINT('',(231.88099528891,94.110973940616));
#7941 = CARTESIAN_POINT('',(241.47630884073,95.825431902012));
#7942 = CARTESIAN_POINT('',(259.37826865579,99.253312409417));
#7943 = CARTESIAN_POINT('',(267.68987026017,100.93783782429));
#7944 = CARTESIAN_POINT('',(275.98214817103,102.71762856028));
#7945 = CARTESIAN_POINT('',(284.2525628622,104.59923790039));
#7946 = CARTESIAN_POINT('',(292.49769380766,106.59037232105));
#7947 = CARTESIAN_POINT('',(300.71311833848,108.70037540301));
#7948 = CARTESIAN_POINT('',(308.89328310997,110.9407553632));
#7949 = CARTESIAN_POINT('',(321.86416991386,114.74429140918));
#7950 = CARTESIAN_POINT('',(326.68201474165,116.21291081111));
#7951 = CARTESIAN_POINT('',(331.4831888781,117.73617682961));
#7952 = CARTESIAN_POINT('',(336.26582220495,119.31777805222));
#7953 = CARTESIAN_POINT('',(341.0275181814,120.9619568204));
#7954 = CARTESIAN_POINT('',(345.76530671892,122.67364521411));
#7955 = CARTESIAN_POINT('',(350.47554526889,124.45875037222));
#7956 = CARTESIAN_POINT('',(359.08510827199,127.89286653839));
#7957 = CARTESIAN_POINT('',(362.9932202662,129.51786273318));
#7958 = CARTESIAN_POINT('',(366.87582224248,131.20430872558));
#7959 = CARTESIAN_POINT('',(370.72960870368,132.95735855368));
#7960 = CARTESIAN_POINT('',(374.55012138585,134.78289813892));
#7961 = CARTESIAN_POINT('',(378.331571066,136.6879058076));
#7962 = CARTESIAN_POINT('',(382.06665826451,138.68082471402));
#7963 = CARTESIAN_POINT('',(388.02934571533,142.07149548404));
#7964 = CARTESIAN_POINT('',(390.29084956094,143.40796755409));
#7965 = CARTESIAN_POINT('',(392.52828307925,144.78519922835));
#7966 = CARTESIAN_POINT('',(394.73880422656,146.20617167035));
#7967 = CARTESIAN_POINT('',(396.91876726624,147.67415917973));
#7968 = CARTESIAN_POINT('',(399.06366502215,149.19281451176));
#7969 = CARTESIAN_POINT('',(401.16799913293,150.76636046146));
#7970 = CARTESIAN_POINT('',(403.22499999999,152.4));
#7971 = ( GEOMETRIC_REPRESENTATION_CONTEXT(2) 
PARAMETRIC_REPRESENTATION_CONTEXT() REPRESENTATION_CONTEXT('2D SPACE',''
  ) );
#7972 = ORIENTED_EDGE('',*,*,#7973,.F.);
#7973 = EDGE_CURVE('',#6528,#7807,#7974,.T.);
#7974 = SURFACE_CURVE('',#7975,(#7979,#7986),.PCURVE_S1.);
#7975 = LINE('',#7976,#7977);
#7976 = CARTESIAN_POINT('',(1.299495277635E-14,76.2,0.));
#7977 = VECTOR('',#7978,1.);
#7978 = DIRECTION('',(0.,0.,1.));
#7979 = PCURVE('',#6548,#7980);
#7980 = DEFINITIONAL_REPRESENTATION('',(#7981),#7985);
#7981 = LINE('',#7982,#7983);
#7982 = CARTESIAN_POINT('',(1.570796326795,0.));
#7983 = VECTOR('',#7984,1.);
#7984 = DIRECTION('',(0.,-1.));
#7985 = ( GEOMETRIC_REPRESENTATION_CONTEXT(2) 
PARAMETRIC_REPRESENTATION_CONTEXT() REPRESENTATION_CONTEXT('2D SPACE',''
  ) );
#7986 = PCURVE('',#6579,#7987);
#7987 = DEFINITIONAL_REPRESENTATION('',(#7988),#7992);
#7988 = LINE('',#7989,#7990);
#7989 = CARTESIAN_POINT('',(0.,0.));
#7990 = VECTOR('',#7991,1.);
#7991 = DIRECTION('',(0.,-1.));
#7992 = ( GEOMETRIC_REPRESENTATION_CONTEXT(2) 
PARAMETRIC_REPRESENTATION_CONTEXT() REPRESENTATION_CONTEXT('2D SPACE',''
  ) );
#7993 = ADVANCED_FACE('',(#7994),#6861,.T.);
#7994 = FACE_BOUND('',#7995,.T.);
#7995 = EDGE_LOOP('',(#7996,#7997,#7998,#8021));
#7996 = ORIENTED_EDGE('',*,*,#6845,.T.);
#7997 = ORIENTED_EDGE('',*,*,#7771,.F.);
#7998 = ORIENTED_EDGE('',*,*,#7999,.F.);
#7999 = EDGE_CURVE('',#8000,#7744,#8002,.T.);
#8000 = VERTEX_POINT('',#8001);
#8001 = CARTESIAN_POINT('',(195.56250000693,71.818797372392,
    0.290932844992));
#8002 = SURFACE_CURVE('',#8003,(#8007,#8014),.PCURVE_S1.);
#8003 = LINE('',#8004,#8005);
#8004 = CARTESIAN_POINT('',(195.25809942451,71.994650271675,
    0.290932844992));
#8005 = VECTOR('',#8006,1.);
#8006 = DIRECTION('',(0.865893403497,-0.50022856154,0.));
#8007 = PCURVE('',#6861,#8008);
#8008 = DEFINITIONAL_REPRESENTATION('',(#8009),#8013);
#8009 = LINE('',#8010,#8011);
#8010 = CARTESIAN_POINT('',(4.742617433789,0.));
#8011 = VECTOR('',#8012,1.);
#8012 = DIRECTION('',(-0.,1.));
#8013 = ( GEOMETRIC_REPRESENTATION_CONTEXT(2) 
PARAMETRIC_REPRESENTATION_CONTEXT() REPRESENTATION_CONTEXT('2D SPACE',''
  ) );
#8014 = PCURVE('',#7759,#8015);
#8015 = DEFINITIONAL_REPRESENTATION('',(#8016),#8020);
#8016 = LINE('',#8017,#8018);
#8017 = CARTESIAN_POINT('',(7.444390317464,6.061836474139));
#8018 = VECTOR('',#8019,1.);
#8019 = DIRECTION('',(-1.,-1.605268984088E-18));
#8020 = ( GEOMETRIC_REPRESENTATION_CONTEXT(2) 
PARAMETRIC_REPRESENTATION_CONTEXT() REPRESENTATION_CONTEXT('2D SPACE',''
  ) );
#8021 = ORIENTED_EDGE('',*,*,#8022,.F.);
#8022 = EDGE_CURVE('',#6793,#8000,#8023,.T.);
#8023 = SURFACE_CURVE('',#8024,(#8028,#8042),.PCURVE_S1.);
#8024 = ( BOUNDED_CURVE() B_SPLINE_CURVE(2,(#8025,#8026,#8027),
.UNSPECIFIED.,.F.,.F.) B_SPLINE_CURVE_WITH_KNOTS((3,3),(0.,2.09465904264
),.PIECEWISE_BEZIER_KNOTS.) CURVE() GEOMETRIC_REPRESENTATION_ITEM() 
RATIONAL_B_SPLINE_CURVE((1.,0.717712982335,1.)) REPRESENTATION_ITEM('') 
  );
#8025 = CARTESIAN_POINT('',(195.71250001733,72.078446719743,0.));
#8026 = CARTESIAN_POINT('',(195.56690058241,71.826414748881,
    -8.326672684689E-17));
#8027 = CARTESIAN_POINT('',(195.56250000693,71.818797372392,
    0.290932844992));
#8028 = PCURVE('',#6861,#8029);
#8029 = DEFINITIONAL_REPRESENTATION('',(#8030),#8041);
#8030 = B_SPLINE_CURVE_WITH_KNOTS('',9,(#8031,#8032,#8033,#8034,#8035,
    #8036,#8037,#8038,#8039,#8040),.UNSPECIFIED.,.F.,.F.,(10,10),(0.,
    2.09465904264),.PIECEWISE_BEZIER_KNOTS.);
#8031 = CARTESIAN_POINT('',(6.28318530718,0.351545099188));
#8032 = CARTESIAN_POINT('',(6.128443295681,0.351545099188));
#8033 = CARTESIAN_POINT('',(5.962781602287,0.351545099188));
#8034 = CARTESIAN_POINT('',(5.787551926192,0.351545099188));
#8035 = CARTESIAN_POINT('',(5.60541093965,0.351545099188));
#8036 = CARTESIAN_POINT('',(5.420391801318,0.351545099188));
#8037 = CARTESIAN_POINT('',(5.238250814777,0.351545099188));
#8038 = CARTESIAN_POINT('',(5.063021138682,0.351545099188));
#8039 = CARTESIAN_POINT('',(4.897359445288,0.351545099188));
#8040 = CARTESIAN_POINT('',(4.742617433789,0.351545099188));
#8041 = ( GEOMETRIC_REPRESENTATION_CONTEXT(2) 
PARAMETRIC_REPRESENTATION_CONTEXT() REPRESENTATION_CONTEXT('2D SPACE',''
  ) );
#8042 = PCURVE('',#6816,#8043);
#8043 = DEFINITIONAL_REPRESENTATION('',(#8044),#8047);
#8044 = B_SPLINE_CURVE_WITH_KNOTS('',1,(#8045,#8046),.UNSPECIFIED.,.F.,
  .F.,(2,2),(0.,2.09465904264),.PIECEWISE_BEZIER_KNOTS.);
#8045 = CARTESIAN_POINT('',(0.,4.575796127198E-14));
#8046 = CARTESIAN_POINT('',(2.09465904264,4.575796127198E-14));
#8047 = ( GEOMETRIC_REPRESENTATION_CONTEXT(2) 
PARAMETRIC_REPRESENTATION_CONTEXT() REPRESENTATION_CONTEXT('2D SPACE',''
  ) );
#8048 = ADVANCED_FACE('',(#8049),#6579,.F.);
#8049 = FACE_BOUND('',#8050,.F.);
#8050 = EDGE_LOOP('',(#8051,#8052,#8053,#8076));
#8051 = ORIENTED_EDGE('',*,*,#6563,.F.);
#8052 = ORIENTED_EDGE('',*,*,#7973,.T.);
#8053 = ORIENTED_EDGE('',*,*,#8054,.F.);
#8054 = EDGE_CURVE('',#8055,#7807,#8057,.T.);
#8055 = VERTEX_POINT('',#8056);
#8056 = CARTESIAN_POINT('',(0.,0.,12.7));
#8057 = SURFACE_CURVE('',#8058,(#8062,#8069),.PCURVE_S1.);
#8058 = LINE('',#8059,#8060);
#8059 = CARTESIAN_POINT('',(0.,0.,12.7));
#8060 = VECTOR('',#8061,1.);
#8061 = DIRECTION('',(0.,1.,0.));
#8062 = PCURVE('',#6579,#8063);
#8063 = DEFINITIONAL_REPRESENTATION('',(#8064),#8068);
#8064 = LINE('',#8065,#8066);
#8065 = CARTESIAN_POINT('',(76.2,-12.7));
#8066 = VECTOR('',#8067,1.);
#8067 = DIRECTION('',(-1.,0.));
#8068 = ( GEOMETRIC_REPRESENTATION_CONTEXT(2) 
PARAMETRIC_REPRESENTATION_CONTEXT() REPRESENTATION_CONTEXT('2D SPACE',''
  ) );
#8069 = PCURVE('',#7604,#8070);
#8070 = DEFINITIONAL_REPRESENTATION('',(#8071),#8075);
#8071 = LINE('',#8072,#8073);
#8072 = CARTESIAN_POINT('',(0.,0.));
#8073 = VECTOR('',#8074,1.);
#8074 = DIRECTION('',(0.,1.));
#8075 = ( GEOMETRIC_REPRESENTATION_CONTEXT(2) 
PARAMETRIC_REPRESENTATION_CONTEXT() REPRESENTATION_CONTEXT('2D SPACE',''
  ) );
#8076 = ORIENTED_EDGE('',*,*,#8077,.F.);
#8077 = EDGE_CURVE('',#6564,#8055,#8078,.T.);
#8078 = SURFACE_CURVE('',#8079,(#8083,#8090),.PCURVE_S1.);
#8079 = LINE('',#8080,#8081);
#8080 = CARTESIAN_POINT('',(0.,0.,0.));
#8081 = VECTOR('',#8082,1.);
#8082 = DIRECTION('',(0.,0.,1.));
#8083 = PCURVE('',#6579,#8084);
#8084 = DEFINITIONAL_REPRESENTATION('',(#8085),#8089);
#8085 = LINE('',#8086,#8087);
#8086 = CARTESIAN_POINT('',(76.2,0.));
#8087 = VECTOR('',#8088,1.);
#8088 = DIRECTION('',(0.,-1.));
#8089 = ( GEOMETRIC_REPRESENTATION_CONTEXT(2) 
PARAMETRIC_REPRESENTATION_CONTEXT() REPRESENTATION_CONTEXT('2D SPACE',''
  ) );
#8090 = PCURVE('',#6607,#8091);
#8091 = DEFINITIONAL_REPRESENTATION('',(#8092),#8096);
#8092 = LINE('',#8093,#8094);
#8093 = CARTESIAN_POINT('',(0.,0.));
#8094 = VECTOR('',#8095,1.);
#8095 = DIRECTION('',(0.,-1.));
#8096 = ( GEOMETRIC_REPRESENTATION_CONTEXT(2) 
PARAMETRIC_REPRESENTATION_CONTEXT() REPRESENTATION_CONTEXT('2D SPACE',''
  ) );
#8097 = ADVANCED_FACE('',(#8098),#6816,.T.);
#8098 = FACE_BOUND('',#8099,.T.);
#8099 = EDGE_LOOP('',(#8100,#8101,#8137,#8164));
#8100 = ORIENTED_EDGE('',*,*,#8022,.T.);
#8101 = ORIENTED_EDGE('',*,*,#8102,.T.);
#8102 = EDGE_CURVE('',#8000,#8103,#8105,.T.);
#8103 = VERTEX_POINT('',#8104);
#8104 = CARTESIAN_POINT('',(195.2625,71.645170087441,0.3));
#8105 = SURFACE_CURVE('',#8106,(#8114,#8121),.PCURVE_S1.);
#8106 = B_SPLINE_CURVE_WITH_KNOTS('',6,(#8107,#8108,#8109,#8110,#8111,
    #8112,#8113),.UNSPECIFIED.,.F.,.F.,(7,7),(4.575796127198E-14,
    2.09465904264),.PIECEWISE_BEZIER_KNOTS.);
#8107 = CARTESIAN_POINT('',(195.56250000693,71.818797372392,
    0.290932844992));
#8108 = CARTESIAN_POINT('',(195.50191271117,71.853862735331,
    0.28910166344));
#8109 = CARTESIAN_POINT('',(195.42661743643,71.863535205286,
    0.288596555463));
#8110 = CARTESIAN_POINT('',(195.34959580951,71.839553841746,
    0.289848789175));
#8111 = CARTESIAN_POINT('',(195.2915022,71.784536858917,0.292722005996)
  );
#8112 = CARTESIAN_POINT('',(195.2625,71.714885624138,0.296359318883));
#8113 = CARTESIAN_POINT('',(195.2625,71.645170087441,0.3));
#8114 = PCURVE('',#6816,#8115);
#8115 = DEFINITIONAL_REPRESENTATION('',(#8116),#8120);
#8116 = LINE('',#8117,#8118);
#8117 = CARTESIAN_POINT('',(2.09465904264,0.));
#8118 = VECTOR('',#8119,1.);
#8119 = DIRECTION('',(0.,1.));
#8120 = ( GEOMETRIC_REPRESENTATION_CONTEXT(2) 
PARAMETRIC_REPRESENTATION_CONTEXT() REPRESENTATION_CONTEXT('2D SPACE',''
  ) );
#8121 = PCURVE('',#8122,#8127);
#8122 = CYLINDRICAL_SURFACE('',#8123,0.2);
#8123 = AXIS2_PLACEMENT_3D('',#8124,#8125,#8126);
#8124 = CARTESIAN_POINT('',(195.4625,71.656068494358,-1.208954084829E-02
    ));
#8125 = DIRECTION('',(0.,-3.48994967025E-02,0.999390827019));
#8126 = DIRECTION('',(0.500000034668,0.865497824504,3.022385002512E-02)
  );
#8127 = DEFINITIONAL_REPRESENTATION('',(#8128),#8136);
#8128 = B_SPLINE_CURVE_WITH_KNOTS('',6,(#8129,#8130,#8131,#8132,#8133,
    #8134,#8135),.UNSPECIFIED.,.F.,.F.,(7,7),(4.575796127198E-14,
    2.09465904264),.PIECEWISE_BEZIER_KNOTS.);
#8129 = CARTESIAN_POINT('',(-1.820765760385E-14,0.297158636848));
#8130 = CARTESIAN_POINT('',(0.349800923269,0.294104807284));
#8131 = CARTESIAN_POINT('',(0.700052274803,0.293264067094));
#8132 = CARTESIAN_POINT('',(1.050263533704,0.295347926718));
#8133 = CARTESIAN_POINT('',(1.398976476145,0.300143955475));
#8134 = CARTESIAN_POINT('',(1.746665092741,0.306208272793));
#8135 = CARTESIAN_POINT('',(2.094395142425,0.312279773249));
#8136 = ( GEOMETRIC_REPRESENTATION_CONTEXT(2) 
PARAMETRIC_REPRESENTATION_CONTEXT() REPRESENTATION_CONTEXT('2D SPACE',''
  ) );
#8137 = ORIENTED_EDGE('',*,*,#8138,.F.);
#8138 = EDGE_CURVE('',#6765,#8103,#8139,.T.);
#8139 = SURFACE_CURVE('',#8140,(#8144,#8150),.PCURVE_S1.);
#8140 = ( BOUNDED_CURVE() B_SPLINE_CURVE(2,(#8141,#8142,#8143),
.UNSPECIFIED.,.F.,.F.) B_SPLINE_CURVE_WITH_KNOTS((3,3),(0.,2.09465904264
),.PIECEWISE_BEZIER_KNOTS.) CURVE() GEOMETRIC_REPRESENTATION_ITEM() 
RATIONAL_B_SPLINE_CURVE((1.,0.707106781187,1.)) REPRESENTATION_ITEM('') 
  );
#8141 = CARTESIAN_POINT('',(194.9625,71.645170087441,0.));
#8142 = CARTESIAN_POINT('',(195.2625,71.645170087441,2.775557561563E-17)
  );
#8143 = CARTESIAN_POINT('',(195.2625,71.645170087441,0.3));
#8144 = PCURVE('',#6816,#8145);
#8145 = DEFINITIONAL_REPRESENTATION('',(#8146),#8149);
#8146 = B_SPLINE_CURVE_WITH_KNOTS('',1,(#8147,#8148),.UNSPECIFIED.,.F.,
  .F.,(2,2),(0.,2.09465904264),.PIECEWISE_BEZIER_KNOTS.);
#8147 = CARTESIAN_POINT('',(0.,2.09465904264));
#8148 = CARTESIAN_POINT('',(2.09465904264,2.09465904264));
#8149 = ( GEOMETRIC_REPRESENTATION_CONTEXT(2) 
PARAMETRIC_REPRESENTATION_CONTEXT() REPRESENTATION_CONTEXT('2D SPACE',''
  ) );
#8150 = PCURVE('',#6780,#8151);
#8151 = DEFINITIONAL_REPRESENTATION('',(#8152),#8163);
#8152 = B_SPLINE_CURVE_WITH_KNOTS('',9,(#8153,#8154,#8155,#8156,#8157,
    #8158,#8159,#8160,#8161,#8162),.UNSPECIFIED.,.F.,.F.,(10,10),(0.,
    2.09465904264),.PIECEWISE_BEZIER_KNOTS.);
#8153 = CARTESIAN_POINT('',(6.28318530718,53.177319275605));
#8154 = CARTESIAN_POINT('',(6.126050466916,53.177319275605));
#8155 = CARTESIAN_POINT('',(5.957410590359,53.177319275607));
#8156 = CARTESIAN_POINT('',(5.77861892031,53.177319275601));
#8157 = CARTESIAN_POINT('',(5.592440455568,53.177319275611));
#8158 = CARTESIAN_POINT('',(5.403133831998,53.1773192756));
#8159 = CARTESIAN_POINT('',(5.216955367255,53.177319275608));
#8160 = CARTESIAN_POINT('',(5.038163697206,53.177319275604));
#8161 = CARTESIAN_POINT('',(4.869523820649,53.177319275606));
#8162 = CARTESIAN_POINT('',(4.712388980385,53.177319275605));
#8163 = ( GEOMETRIC_REPRESENTATION_CONTEXT(2) 
PARAMETRIC_REPRESENTATION_CONTEXT() REPRESENTATION_CONTEXT('2D SPACE',''
  ) );
#8164 = ORIENTED_EDGE('',*,*,#6792,.F.);
#8165 = ADVANCED_FACE('',(#8166),#6607,.F.);
#8166 = FACE_BOUND('',#8167,.F.);
#8167 = EDGE_LOOP('',(#8168,#8169,#8170,#8193));
#8168 = ORIENTED_EDGE('',*,*,#6591,.F.);
#8169 = ORIENTED_EDGE('',*,*,#8077,.T.);
#8170 = ORIENTED_EDGE('',*,*,#8171,.T.);
#8171 = EDGE_CURVE('',#8055,#8172,#8174,.T.);
#8172 = VERTEX_POINT('',#8173);
#8173 = CARTESIAN_POINT('',(207.9625,0.,12.7));
#8174 = SURFACE_CURVE('',#8175,(#8179,#8186),.PCURVE_S1.);
#8175 = LINE('',#8176,#8177);
#8176 = CARTESIAN_POINT('',(0.,0.,12.7));
#8177 = VECTOR('',#8178,1.);
#8178 = DIRECTION('',(1.,0.,0.));
#8179 = PCURVE('',#6607,#8180);
#8180 = DEFINITIONAL_REPRESENTATION('',(#8181),#8185);
#8181 = LINE('',#8182,#8183);
#8182 = CARTESIAN_POINT('',(0.,-12.7));
#8183 = VECTOR('',#8184,1.);
#8184 = DIRECTION('',(1.,0.));
#8185 = ( GEOMETRIC_REPRESENTATION_CONTEXT(2) 
PARAMETRIC_REPRESENTATION_CONTEXT() REPRESENTATION_CONTEXT('2D SPACE',''
  ) );
#8186 = PCURVE('',#7604,#8187);
#8187 = DEFINITIONAL_REPRESENTATION('',(#8188),#8192);
#8188 = LINE('',#8189,#8190);
#8189 = CARTESIAN_POINT('',(0.,0.));
#8190 = VECTOR('',#8191,1.);
#8191 = DIRECTION('',(1.,0.));
#8192 = ( GEOMETRIC_REPRESENTATION_CONTEXT(2) 
PARAMETRIC_REPRESENTATION_CONTEXT() REPRESENTATION_CONTEXT('2D SPACE',''
  ) );
#8193 = ORIENTED_EDGE('',*,*,#8194,.T.);
#8194 = EDGE_CURVE('',#8172,#6592,#8195,.T.);
#8195 = SURFACE_CURVE('',#8196,(#8200,#8207),.PCURVE_S1.);
#8196 = LINE('',#8197,#8198);
#8197 = CARTESIAN_POINT('',(207.9625,0.,3.19359327753));
#8198 = VECTOR('',#8199,1.);
#8199 = DIRECTION('',(0.,0.,-1.));
#8200 = PCURVE('',#6607,#8201);
#8201 = DEFINITIONAL_REPRESENTATION('',(#8202),#8206);
#8202 = LINE('',#8203,#8204);
#8203 = CARTESIAN_POINT('',(207.9625,-3.19359327753));
#8204 = VECTOR('',#8205,1.);
#8205 = DIRECTION('',(0.,1.));
#8206 = ( GEOMETRIC_REPRESENTATION_CONTEXT(2) 
PARAMETRIC_REPRESENTATION_CONTEXT() REPRESENTATION_CONTEXT('2D SPACE',''
  ) );
#8207 = PCURVE('',#6635,#8208);
#8208 = DEFINITIONAL_REPRESENTATION('',(#8209),#8213);
#8209 = LINE('',#8210,#8211);
#8210 = CARTESIAN_POINT('',(-3.19359327753,8.015448168434));
#8211 = VECTOR('',#8212,1.);
#8212 = DIRECTION('',(-1.,0.));
#8213 = ( GEOMETRIC_REPRESENTATION_CONTEXT(2) 
PARAMETRIC_REPRESENTATION_CONTEXT() REPRESENTATION_CONTEXT('2D SPACE',''
  ) );
#8214 = ADVANCED_FACE('',(#8215),#6780,.T.);
#8215 = FACE_BOUND('',#8216,.T.);
#8216 = EDGE_LOOP('',(#8217,#8218,#8219,#8247));
#8217 = ORIENTED_EDGE('',*,*,#6764,.T.);
#8218 = ORIENTED_EDGE('',*,*,#8138,.T.);
#8219 = ORIENTED_EDGE('',*,*,#8220,.F.);
#8220 = EDGE_CURVE('',#8221,#8103,#8223,.T.);
#8221 = VERTEX_POINT('',#8222);
#8222 = CARTESIAN_POINT('',(195.2625,18.824948372559,0.3));
#8223 = SURFACE_CURVE('',#8224,(#8228,#8235),.PCURVE_S1.);
#8224 = LINE('',#8225,#8226);
#8225 = CARTESIAN_POINT('',(195.2625,18.467850811836,0.3));
#8226 = VECTOR('',#8227,1.);
#8227 = DIRECTION('',(0.,1.,0.));
#8228 = PCURVE('',#6780,#8229);
#8229 = DEFINITIONAL_REPRESENTATION('',(#8230),#8234);
#8230 = LINE('',#8231,#8232);
#8231 = CARTESIAN_POINT('',(4.712388980385,0.));
#8232 = VECTOR('',#8233,1.);
#8233 = DIRECTION('',(-0.,1.));
#8234 = ( GEOMETRIC_REPRESENTATION_CONTEXT(2) 
PARAMETRIC_REPRESENTATION_CONTEXT() REPRESENTATION_CONTEXT('2D SPACE',''
  ) );
#8235 = PCURVE('',#8236,#8241);
#8236 = PLANE('',#8237);
#8237 = AXIS2_PLACEMENT_3D('',#8238,#8239,#8240);
#8238 = CARTESIAN_POINT('',(195.2625,45.23505923,6.294350722266));
#8239 = DIRECTION('',(1.,0.,0.));
#8240 = DIRECTION('',(-0.,0.,1.));
#8241 = DEFINITIONAL_REPRESENTATION('',(#8242),#8246);
#8242 = LINE('',#8243,#8244);
#8243 = CARTESIAN_POINT('',(-5.994350722266,26.767208418164));
#8244 = VECTOR('',#8245,1.);
#8245 = DIRECTION('',(0.,-1.));
#8246 = ( GEOMETRIC_REPRESENTATION_CONTEXT(2) 
PARAMETRIC_REPRESENTATION_CONTEXT() REPRESENTATION_CONTEXT('2D SPACE',''
  ) );
#8247 = ORIENTED_EDGE('',*,*,#8248,.F.);
#8248 = EDGE_CURVE('',#6712,#8221,#8249,.T.);
#8249 = SURFACE_CURVE('',#8250,(#8254,#8268),.PCURVE_S1.);
#8250 = ( BOUNDED_CURVE() B_SPLINE_CURVE(2,(#8251,#8252,#8253),
.UNSPECIFIED.,.F.,.F.) B_SPLINE_CURVE_WITH_KNOTS((3,3),(0.,2.09465904264
),.PIECEWISE_BEZIER_KNOTS.) CURVE() GEOMETRIC_REPRESENTATION_ITEM() 
RATIONAL_B_SPLINE_CURVE((1.,0.707106781187,1.)) REPRESENTATION_ITEM('') 
  );
#8251 = CARTESIAN_POINT('',(194.9625,18.824948372559,0.));
#8252 = CARTESIAN_POINT('',(195.2625,18.824948372559,-1.110223024625E-16
    ));
#8253 = CARTESIAN_POINT('',(195.2625,18.824948372559,0.3));
#8254 = PCURVE('',#6780,#8255);
#8255 = DEFINITIONAL_REPRESENTATION('',(#8256),#8267);
#8256 = B_SPLINE_CURVE_WITH_KNOTS('',9,(#8257,#8258,#8259,#8260,#8261,
    #8262,#8263,#8264,#8265,#8266),.UNSPECIFIED.,.F.,.F.,(10,10),(0.,
    2.09465904264),.PIECEWISE_BEZIER_KNOTS.);
#8257 = CARTESIAN_POINT('',(6.28318530718,0.357097560723));
#8258 = CARTESIAN_POINT('',(6.126050466916,0.357097560723));
#8259 = CARTESIAN_POINT('',(5.957410590359,0.357097560723));
#8260 = CARTESIAN_POINT('',(5.77861892031,0.357097560723));
#8261 = CARTESIAN_POINT('',(5.592440455566,0.357097560723));
#8262 = CARTESIAN_POINT('',(5.403133832,0.357097560723));
#8263 = CARTESIAN_POINT('',(5.216955367254,0.357097560723));
#8264 = CARTESIAN_POINT('',(5.038163697206,0.357097560723));
#8265 = CARTESIAN_POINT('',(4.869523820649,0.357097560723));
#8266 = CARTESIAN_POINT('',(4.712388980385,0.357097560723));
#8267 = ( GEOMETRIC_REPRESENTATION_CONTEXT(2) 
PARAMETRIC_REPRESENTATION_CONTEXT() REPRESENTATION_CONTEXT('2D SPACE',''
  ) );
#8268 = PCURVE('',#6735,#8269);
#8269 = DEFINITIONAL_REPRESENTATION('',(#8270),#8273);
#8270 = B_SPLINE_CURVE_WITH_KNOTS('',1,(#8271,#8272),.UNSPECIFIED.,.F.,
  .F.,(2,2),(0.,2.09465904264),.PIECEWISE_BEZIER_KNOTS.);
#8271 = CARTESIAN_POINT('',(0.,0.));
#8272 = CARTESIAN_POINT('',(2.09465904264,0.));
#8273 = ( GEOMETRIC_REPRESENTATION_CONTEXT(2) 
PARAMETRIC_REPRESENTATION_CONTEXT() REPRESENTATION_CONTEXT('2D SPACE',''
  ) );
#8274 = ADVANCED_FACE('',(#8275),#6635,.T.);
#8275 = FACE_BOUND('',#8276,.T.);
#8276 = EDGE_LOOP('',(#8277,#8278,#8301,#8322));
#8277 = ORIENTED_EDGE('',*,*,#6619,.T.);
#8278 = ORIENTED_EDGE('',*,*,#8279,.T.);
#8279 = EDGE_CURVE('',#6620,#8280,#8282,.T.);
#8280 = VERTEX_POINT('',#8281);
#8281 = CARTESIAN_POINT('',(207.9625,25.728231077733,12.7));
#8282 = SURFACE_CURVE('',#8283,(#8287,#8294),.PCURVE_S1.);
#8283 = LINE('',#8284,#8285);
#8284 = CARTESIAN_POINT('',(207.9625,25.285370569291,1.813431127244E-02)
  );
#8285 = VECTOR('',#8286,1.);
#8286 = DIRECTION('',(0.,3.48994967025E-02,0.999390827019));
#8287 = PCURVE('',#6635,#8288);
#8288 = DEFINITIONAL_REPRESENTATION('',(#8289),#8293);
#8289 = LINE('',#8290,#8291);
#8290 = CARTESIAN_POINT('',(-6.369052243788,-17.26992240085));
#8291 = VECTOR('',#8292,1.);
#8292 = DIRECTION('',(0.999390827019,-3.48994967025E-02));
#8293 = ( GEOMETRIC_REPRESENTATION_CONTEXT(2) 
PARAMETRIC_REPRESENTATION_CONTEXT() REPRESENTATION_CONTEXT('2D SPACE',''
  ) );
#8294 = PCURVE('',#6668,#8295);
#8295 = DEFINITIONAL_REPRESENTATION('',(#8296),#8300);
#8296 = LINE('',#8297,#8298);
#8297 = CARTESIAN_POINT('',(0.,0.));
#8298 = VECTOR('',#8299,1.);
#8299 = DIRECTION('',(0.,1.));
#8300 = ( GEOMETRIC_REPRESENTATION_CONTEXT(2) 
PARAMETRIC_REPRESENTATION_CONTEXT() REPRESENTATION_CONTEXT('2D SPACE',''
  ) );
#8301 = ORIENTED_EDGE('',*,*,#8302,.F.);
#8302 = EDGE_CURVE('',#8172,#8280,#8303,.T.);
#8303 = SURFACE_CURVE('',#8304,(#8308,#8315),.PCURVE_S1.);
#8304 = LINE('',#8305,#8306);
#8305 = CARTESIAN_POINT('',(207.9625,4.007724084217,12.7));
#8306 = VECTOR('',#8307,1.);
#8307 = DIRECTION('',(0.,1.,0.));
#8308 = PCURVE('',#6635,#8309);
#8309 = DEFINITIONAL_REPRESENTATION('',(#8310),#8314);
#8310 = LINE('',#8311,#8312);
#8311 = CARTESIAN_POINT('',(6.31281344494,4.007724084217));
#8312 = VECTOR('',#8313,1.);
#8313 = DIRECTION('',(0.,-1.));
#8314 = ( GEOMETRIC_REPRESENTATION_CONTEXT(2) 
PARAMETRIC_REPRESENTATION_CONTEXT() REPRESENTATION_CONTEXT('2D SPACE',''
  ) );
#8315 = PCURVE('',#7604,#8316);
#8316 = DEFINITIONAL_REPRESENTATION('',(#8317),#8321);
#8317 = LINE('',#8318,#8319);
#8318 = CARTESIAN_POINT('',(207.9625,4.007724084217));
#8319 = VECTOR('',#8320,1.);
#8320 = DIRECTION('',(0.,1.));
#8321 = ( GEOMETRIC_REPRESENTATION_CONTEXT(2) 
PARAMETRIC_REPRESENTATION_CONTEXT() REPRESENTATION_CONTEXT('2D SPACE',''
  ) );
#8322 = ORIENTED_EDGE('',*,*,#8194,.T.);
#8323 = ADVANCED_FACE('',(#8324),#6735,.T.);
#8324 = FACE_BOUND('',#8325,.T.);
#8325 = EDGE_LOOP('',(#8326,#8327,#8363,#8390));
#8326 = ORIENTED_EDGE('',*,*,#8248,.T.);
#8327 = ORIENTED_EDGE('',*,*,#8328,.T.);
#8328 = EDGE_CURVE('',#8221,#8329,#8331,.T.);
#8329 = VERTEX_POINT('',#8330);
#8330 = CARTESIAN_POINT('',(195.56250000693,18.651321087608,
    0.290932844992));
#8331 = SURFACE_CURVE('',#8332,(#8340,#8347),.PCURVE_S1.);
#8332 = B_SPLINE_CURVE_WITH_KNOTS('',6,(#8333,#8334,#8335,#8336,#8337,
    #8338,#8339),.UNSPECIFIED.,.F.,.F.,(7,7),(0.,2.09465904264),
  .PIECEWISE_BEZIER_KNOTS.);
#8333 = CARTESIAN_POINT('',(195.2625,18.824948372559,0.3));
#8334 = CARTESIAN_POINT('',(195.2625,18.755232835862,0.296359318883));
#8335 = CARTESIAN_POINT('',(195.2915022,18.685581601083,0.292722005996)
  );
#8336 = CARTESIAN_POINT('',(195.34959580951,18.630564618254,
    0.289848789175));
#8337 = CARTESIAN_POINT('',(195.42661743643,18.606583254714,
    0.288596555463));
#8338 = CARTESIAN_POINT('',(195.50191271117,18.616255724669,
    0.28910166344));
#8339 = CARTESIAN_POINT('',(195.56250000693,18.651321087608,
    0.290932844992));
#8340 = PCURVE('',#6735,#8341);
#8341 = DEFINITIONAL_REPRESENTATION('',(#8342),#8346);
#8342 = LINE('',#8343,#8344);
#8343 = CARTESIAN_POINT('',(2.09465904264,0.));
#8344 = VECTOR('',#8345,1.);
#8345 = DIRECTION('',(0.,1.));
#8346 = ( GEOMETRIC_REPRESENTATION_CONTEXT(2) 
PARAMETRIC_REPRESENTATION_CONTEXT() REPRESENTATION_CONTEXT('2D SPACE',''
  ) );
#8347 = PCURVE('',#8348,#8353);
#8348 = CYLINDRICAL_SURFACE('',#8349,0.2);
#8349 = AXIS2_PLACEMENT_3D('',#8350,#8351,#8352);
#8350 = CARTESIAN_POINT('',(195.4625,18.814049965642,-1.208954084829E-02
    ));
#8351 = DIRECTION('',(0.,3.48994967025E-02,0.999390827019));
#8352 = DIRECTION('',(-1.,0.,0.));
#8353 = DEFINITIONAL_REPRESENTATION('',(#8354),#8362);
#8354 = B_SPLINE_CURVE_WITH_KNOTS('',6,(#8355,#8356,#8357,#8358,#8359,
    #8360,#8361),.UNSPECIFIED.,.F.,.F.,(7,7),(0.,2.09465904264),
  .PIECEWISE_BEZIER_KNOTS.);
#8355 = CARTESIAN_POINT('',(4.440892098501E-16,0.312279773249));
#8356 = CARTESIAN_POINT('',(0.347730049684,0.306208272793));
#8357 = CARTESIAN_POINT('',(0.69541866628,0.300143955475));
#8358 = CARTESIAN_POINT('',(1.04413160872,0.295347926718));
#8359 = CARTESIAN_POINT('',(1.394342867622,0.293264067094));
#8360 = CARTESIAN_POINT('',(1.744594219156,0.294104807284));
#8361 = CARTESIAN_POINT('',(2.094395142425,0.297158636848));
#8362 = ( GEOMETRIC_REPRESENTATION_CONTEXT(2) 
PARAMETRIC_REPRESENTATION_CONTEXT() REPRESENTATION_CONTEXT('2D SPACE',''
  ) );
#8363 = ORIENTED_EDGE('',*,*,#8364,.F.);
#8364 = EDGE_CURVE('',#6684,#8329,#8365,.T.);
#8365 = SURFACE_CURVE('',#8366,(#8370,#8376),.PCURVE_S1.);
#8366 = ( BOUNDED_CURVE() B_SPLINE_CURVE(2,(#8367,#8368,#8369),
.UNSPECIFIED.,.F.,.F.) B_SPLINE_CURVE_WITH_KNOTS((3,3),(0.,2.09465904264
),.PIECEWISE_BEZIER_KNOTS.) CURVE() GEOMETRIC_REPRESENTATION_ITEM() 
RATIONAL_B_SPLINE_CURVE((1.,0.717712982335,1.)) REPRESENTATION_ITEM('') 
  );
#8367 = CARTESIAN_POINT('',(195.71250001733,18.391671740257,0.));
#8368 = CARTESIAN_POINT('',(195.56690058241,18.643703711119,0.));
#8369 = CARTESIAN_POINT('',(195.56250000693,18.651321087608,
    0.290932844992));
#8370 = PCURVE('',#6735,#8371);
#8371 = DEFINITIONAL_REPRESENTATION('',(#8372),#8375);
#8372 = B_SPLINE_CURVE_WITH_KNOTS('',1,(#8373,#8374),.UNSPECIFIED.,.F.,
  .F.,(2,2),(0.,2.09465904264),.PIECEWISE_BEZIER_KNOTS.);
#8373 = CARTESIAN_POINT('',(0.,2.09465904264));
#8374 = CARTESIAN_POINT('',(2.09465904264,2.09465904264));
#8375 = ( GEOMETRIC_REPRESENTATION_CONTEXT(2) 
PARAMETRIC_REPRESENTATION_CONTEXT() REPRESENTATION_CONTEXT('2D SPACE',''
  ) );
#8376 = PCURVE('',#6699,#8377);
#8377 = DEFINITIONAL_REPRESENTATION('',(#8378),#8389);
#8378 = B_SPLINE_CURVE_WITH_KNOTS('',9,(#8379,#8380,#8381,#8382,#8383,
    #8384,#8385,#8386,#8387,#8388),.UNSPECIFIED.,.F.,.F.,(10,10),(0.,
    2.09465904264),.PIECEWISE_BEZIER_KNOTS.);
#8379 = CARTESIAN_POINT('',(6.28318530718,14.315387283839));
#8380 = CARTESIAN_POINT('',(6.128443295681,14.315387283838));
#8381 = CARTESIAN_POINT('',(5.962781602288,14.315387283839));
#8382 = CARTESIAN_POINT('',(5.78755192619,14.315387283837));
#8383 = CARTESIAN_POINT('',(5.605410939652,14.31538728384));
#8384 = CARTESIAN_POINT('',(5.420391801317,14.315387283837));
#8385 = CARTESIAN_POINT('',(5.238250814778,14.315387283839));
#8386 = CARTESIAN_POINT('',(5.063021138682,14.315387283838));
#8387 = CARTESIAN_POINT('',(4.897359445288,14.315387283839));
#8388 = CARTESIAN_POINT('',(4.742617433789,14.315387283839));
#8389 = ( GEOMETRIC_REPRESENTATION_CONTEXT(2) 
PARAMETRIC_REPRESENTATION_CONTEXT() REPRESENTATION_CONTEXT('2D SPACE',''
  ) );
#8390 = ORIENTED_EDGE('',*,*,#6711,.F.);
#8391 = ADVANCED_FACE('',(#8392),#6668,.T.);
#8392 = FACE_BOUND('',#8393,.T.);
#8393 = EDGE_LOOP('',(#8394,#8426,#8454,#8492,#8521,#8522));
#8394 = ORIENTED_EDGE('',*,*,#8395,.F.);
#8395 = EDGE_CURVE('',#8396,#6648,#8398,.T.);
#8396 = VERTEX_POINT('',#8397);
#8397 = CARTESIAN_POINT('',(207.5124999896,25.554862883386,
    0.290932844992));
#8398 = SURFACE_CURVE('',#8399,(#8404,#8415),.PCURVE_S1.);
#8399 = ELLIPSE('',#8400,0.420608520126,0.3);
#8400 = AXIS2_PLACEMENT_3D('',#8401,#8402,#8403);
#8401 = CARTESIAN_POINT('',(207.6625,25.295213536035,0.3));
#8402 = DIRECTION('',(-0.60700357172,-0.375132367759,-0.7005871613));
#8403 = DIRECTION('',(-0.617694608404,-0.331947620022,0.712926467675));
#8404 = PCURVE('',#6668,#8405);
#8405 = DEFINITIONAL_REPRESENTATION('',(#8406),#8414);
#8406 = B_SPLINE_CURVE_WITH_KNOTS('',6,(#8407,#8408,#8409,#8410,#8411,
    #8412,#8413),.UNSPECIFIED.,.F.,.F.,(7,7),(1.570796326795,
    3.111364200184),.PIECEWISE_BEZIER_KNOTS.);
#8407 = CARTESIAN_POINT('',(2.094388197294,0.282035450874));
#8408 = CARTESIAN_POINT('',(1.837628042584,0.206340603196));
#8409 = CARTESIAN_POINT('',(1.580868760693,0.130651051119));
#8410 = CARTESIAN_POINT('',(1.324107920777,6.391108669414E-02));
#8411 = CARTESIAN_POINT('',(1.067346504112,1.524693907572E-02));
#8412 = CARTESIAN_POINT('',(0.810587423744,-1.03476410588E-02));
#8413 = CARTESIAN_POINT('',(0.553827269034,-1.263543078279E-02));
#8414 = ( GEOMETRIC_REPRESENTATION_CONTEXT(2) 
PARAMETRIC_REPRESENTATION_CONTEXT() REPRESENTATION_CONTEXT('2D SPACE',''
  ) );
#8415 = PCURVE('',#6699,#8416);
#8416 = DEFINITIONAL_REPRESENTATION('',(#8417),#8425);
#8417 = B_SPLINE_CURVE_WITH_KNOTS('',6,(#8418,#8419,#8420,#8421,#8422,
    #8423,#8424),.UNSPECIFIED.,.F.,.F.,(7,7),(1.570796326795,
    3.111364200184),.PIECEWISE_BEZIER_KNOTS.);
#8418 = CARTESIAN_POINT('',(4.74262437892,0.514610297548));
#8419 = CARTESIAN_POINT('',(4.99938453363,0.438915449871));
#8420 = CARTESIAN_POINT('',(5.256143815521,0.363225897793));
#8421 = CARTESIAN_POINT('',(5.512904655436,0.296485933369));
#8422 = CARTESIAN_POINT('',(5.769666072102,0.24782178575));
#8423 = CARTESIAN_POINT('',(6.026425152469,0.222227205616));
#8424 = CARTESIAN_POINT('',(6.283185307179,0.219939415892));
#8425 = ( GEOMETRIC_REPRESENTATION_CONTEXT(2) 
PARAMETRIC_REPRESENTATION_CONTEXT() REPRESENTATION_CONTEXT('2D SPACE',''
  ) );
#8426 = ORIENTED_EDGE('',*,*,#8427,.T.);
#8427 = EDGE_CURVE('',#8396,#8428,#8430,.T.);
#8428 = VERTEX_POINT('',#8429);
#8429 = CARTESIAN_POINT('',(207.5124999896,25.977404194236,
    12.390932844992));
#8430 = SURFACE_CURVE('',#8431,(#8435,#8442),.PCURVE_S1.);
#8431 = LINE('',#8432,#8433);
#8432 = CARTESIAN_POINT('',(207.5124999896,25.545019916642,
    9.067156264907E-03));
#8433 = VECTOR('',#8434,1.);
#8434 = DIRECTION('',(0.,3.48994967025E-02,0.999390827019));
#8435 = PCURVE('',#6668,#8436);
#8436 = DEFINITIONAL_REPRESENTATION('',(#8437),#8441);
#8437 = LINE('',#8438,#8439);
#8438 = CARTESIAN_POINT('',(2.094395142425,0.));
#8439 = VECTOR('',#8440,1.);
#8440 = DIRECTION('',(0.,1.));
#8441 = ( GEOMETRIC_REPRESENTATION_CONTEXT(2) 
PARAMETRIC_REPRESENTATION_CONTEXT() REPRESENTATION_CONTEXT('2D SPACE',''
  ) );
#8442 = PCURVE('',#8443,#8448);
#8443 = PLANE('',#8444);
#8444 = AXIS2_PLACEMENT_3D('',#8445,#8446,#8447);
#8445 = CARTESIAN_POINT('',(201.6125,22.358006942191,6.35));
#8446 = DIRECTION('',(-0.500000034668,0.865497824504,-3.022385002513E-02
    ));
#8447 = DIRECTION('',(0.865893403497,0.50022856154,1.03601641079E-14));
#8448 = DEFINITIONAL_REPRESENTATION('',(#8449),#8453);
#8449 = LINE('',#8450,#8451);
#8450 = CARTESIAN_POINT('',(6.703005987446,6.343830990626));
#8451 = VECTOR('',#8452,1.);
#8452 = DIRECTION('',(1.745772503396E-02,-0.999847602306));
#8453 = ( GEOMETRIC_REPRESENTATION_CONTEXT(2) 
PARAMETRIC_REPRESENTATION_CONTEXT() REPRESENTATION_CONTEXT('2D SPACE',''
  ) );
#8454 = ORIENTED_EDGE('',*,*,#8455,.T.);
#8455 = EDGE_CURVE('',#8428,#8456,#8458,.T.);
#8456 = VERTEX_POINT('',#8457);
#8457 = CARTESIAN_POINT('',(207.92672250117,25.870396778506,12.7));
#8458 = SURFACE_CURVE('',#8459,(#8464,#8476),.PCURVE_S1.);
#8459 = ELLIPSE('',#8460,0.428016616763,0.3);
#8460 = AXIS2_PLACEMENT_3D('',#8461,#8462,#8463);
#8461 = CARTESIAN_POINT('',(207.6625,25.717754846885,12.4));
#8462 = DIRECTION('',(0.617694608404,0.331947620022,-0.712926467674));
#8463 = DIRECTION('',(-0.60700357172,-0.375132367759,-0.700587161301));
#8464 = PCURVE('',#6668,#8465);
#8465 = DEFINITIONAL_REPRESENTATION('',(#8466),#8475);
#8466 = B_SPLINE_CURVE_WITH_KNOTS('',7,(#8467,#8468,#8469,#8470,#8471,
    #8472,#8473,#8474),.UNSPECIFIED.,.F.,.F.,(8,8),(1.570796326795,
    3.171821106993),.PIECEWISE_BEZIER_KNOTS.);
#8467 = CARTESIAN_POINT('',(2.094395142425,12.389412984367));
#8468 = CARTESIAN_POINT('',(1.865677316682,12.459236840958));
#8469 = CARTESIAN_POINT('',(1.636959490939,12.529060368765));
#8470 = CARTESIAN_POINT('',(1.408241665198,12.592920247164));
#8471 = CARTESIAN_POINT('',(1.179523839454,12.644840715297));
#8472 = CARTESIAN_POINT('',(0.950806013712,12.680154571375));
#8473 = CARTESIAN_POINT('',(0.722088187969,12.696667704831));
#8474 = CARTESIAN_POINT('',(0.493370362227,12.694557359062));
#8475 = ( GEOMETRIC_REPRESENTATION_CONTEXT(2) 
PARAMETRIC_REPRESENTATION_CONTEXT() REPRESENTATION_CONTEXT('2D SPACE',''
  ) );
#8476 = PCURVE('',#8477,#8482);
#8477 = CYLINDRICAL_SURFACE('',#8478,0.3);
#8478 = AXIS2_PLACEMENT_3D('',#8479,#8480,#8481);
#8479 = CARTESIAN_POINT('',(208.1171748808,25.980421545433,12.4));
#8480 = DIRECTION('',(-0.865893403497,-0.50022856154,0.));
#8481 = DIRECTION('',(0.,0.,1.));
#8482 = DEFINITIONAL_REPRESENTATION('',(#8483),#8491);
#8483 = B_SPLINE_CURVE_WITH_KNOTS('',6,(#8484,#8485,#8486,#8487,#8488,
    #8489,#8490),.UNSPECIFIED.,.F.,.F.,(7,7),(1.570796326795,
    3.171821106993),.PIECEWISE_BEZIER_KNOTS.);
#8484 = CARTESIAN_POINT('',(1.601024780199,0.5250933648));
#8485 = CARTESIAN_POINT('',(1.334187316832,0.443632198777));
#8486 = CARTESIAN_POINT('',(1.06735112301,0.362177806418));
#8487 = CARTESIAN_POINT('',(0.800512303,0.291120108023));
#8488 = CARTESIAN_POINT('',(0.533673828675,0.241090611925));
#8489 = CARTESIAN_POINT('',(0.266837463367,0.21748692004));
#8490 = CARTESIAN_POINT('',(6.160627563645E-13,0.219948990105));
#8491 = ( GEOMETRIC_REPRESENTATION_CONTEXT(2) 
PARAMETRIC_REPRESENTATION_CONTEXT() REPRESENTATION_CONTEXT('2D SPACE',''
  ) );
#8492 = ORIENTED_EDGE('',*,*,#8493,.T.);
#8493 = EDGE_CURVE('',#8456,#8280,#8494,.T.);
#8494 = SURFACE_CURVE('',#8495,(#8500,#8510),.PCURVE_S1.);
#8495 = ELLIPSE('',#8496,0.30018286329,0.3);
#8496 = AXIS2_PLACEMENT_3D('',#8497,#8498,#8499);
#8497 = CARTESIAN_POINT('',(207.6625,25.728231077733,12.7));
#8498 = DIRECTION('',(0.,0.,-1.));
#8499 = DIRECTION('',(0.,1.,0.));
#8500 = PCURVE('',#6668,#8501);
#8501 = DEFINITIONAL_REPRESENTATION('',(#8502),#8509);
#8502 = B_SPLINE_CURVE_WITH_KNOTS('',5,(#8503,#8504,#8505,#8506,#8507,
    #8508),.UNSPECIFIED.,.F.,.F.,(6,6),(1.077425964568,1.570796326795),
  .PIECEWISE_BEZIER_KNOTS.);
#8503 = CARTESIAN_POINT('',(0.493370362227,12.694557359062));
#8504 = CARTESIAN_POINT('',(0.394696289782,12.693646907895));
#8505 = CARTESIAN_POINT('',(0.296022217336,12.692676072824));
#8506 = CARTESIAN_POINT('',(0.197348144891,12.691663313375));
#8507 = CARTESIAN_POINT('',(9.867407244546E-02,12.690629580018));
#8508 = CARTESIAN_POINT('',(0.,12.689595847657));
#8509 = ( GEOMETRIC_REPRESENTATION_CONTEXT(2) 
PARAMETRIC_REPRESENTATION_CONTEXT() REPRESENTATION_CONTEXT('2D SPACE',''
  ) );
#8510 = PCURVE('',#7604,#8511);
#8511 = DEFINITIONAL_REPRESENTATION('',(#8512),#8520);
#8512 = ( BOUNDED_CURVE() B_SPLINE_CURVE(2,(#8513,#8514,#8515,#8516,
#8517,#8518,#8519),.UNSPECIFIED.,.T.,.F.) B_SPLINE_CURVE_WITH_KNOTS((1,2
    ,2,2,2,1),(-2.094395102393,0.,2.094395102393,4.188790204786,
6.28318530718,8.377580409573),.UNSPECIFIED.) CURVE() 
GEOMETRIC_REPRESENTATION_ITEM() RATIONAL_B_SPLINE_CURVE((1.,0.5,1.,0.5,
1.,0.5,1.)) REPRESENTATION_ITEM('') );
#8513 = CARTESIAN_POINT('',(207.6625,26.028413941023));
#8514 = CARTESIAN_POINT('',(208.18211524227,26.028413941023));
#8515 = CARTESIAN_POINT('',(207.92230762113,25.578139646088));
#8516 = CARTESIAN_POINT('',(207.6625,25.127865351153));
#8517 = CARTESIAN_POINT('',(207.40269237886,25.578139646088));
#8518 = CARTESIAN_POINT('',(207.14288475772,26.028413941023));
#8519 = CARTESIAN_POINT('',(207.6625,26.028413941023));
#8520 = ( GEOMETRIC_REPRESENTATION_CONTEXT(2) 
PARAMETRIC_REPRESENTATION_CONTEXT() REPRESENTATION_CONTEXT('2D SPACE',''
  ) );
#8521 = ORIENTED_EDGE('',*,*,#8279,.F.);
#8522 = ORIENTED_EDGE('',*,*,#6647,.F.);
#8523 = ADVANCED_FACE('',(#8524),#6699,.T.);
#8524 = FACE_BOUND('',#8525,.T.);
#8525 = EDGE_LOOP('',(#8526,#8527,#8528,#8549));
#8526 = ORIENTED_EDGE('',*,*,#6683,.T.);
#8527 = ORIENTED_EDGE('',*,*,#8364,.T.);
#8528 = ORIENTED_EDGE('',*,*,#8529,.F.);
#8529 = EDGE_CURVE('',#8396,#8329,#8530,.T.);
#8530 = SURFACE_CURVE('',#8531,(#8535,#8542),.PCURVE_S1.);
#8531 = LINE('',#8532,#8533);
#8532 = CARTESIAN_POINT('',(207.95809942451,25.812286676489,
    0.290932844992));
#8533 = VECTOR('',#8534,1.);
#8534 = DIRECTION('',(-0.865893403497,-0.50022856154,0.));
#8535 = PCURVE('',#6699,#8536);
#8536 = DEFINITIONAL_REPRESENTATION('',(#8537),#8541);
#8537 = LINE('',#8538,#8539);
#8538 = CARTESIAN_POINT('',(4.742617433789,0.));
#8539 = VECTOR('',#8540,1.);
#8540 = DIRECTION('',(-0.,1.));
#8541 = ( GEOMETRIC_REPRESENTATION_CONTEXT(2) 
PARAMETRIC_REPRESENTATION_CONTEXT() REPRESENTATION_CONTEXT('2D SPACE',''
  ) );
#8542 = PCURVE('',#8443,#8543);
#8543 = DEFINITIONAL_REPRESENTATION('',(#8544),#8548);
#8544 = LINE('',#8545,#8546);
#8545 = CARTESIAN_POINT('',(7.222542065562,6.061836474139));
#8546 = VECTOR('',#8547,1.);
#8547 = DIRECTION('',(-1.,1.605268984088E-18));
#8548 = ( GEOMETRIC_REPRESENTATION_CONTEXT(2) 
PARAMETRIC_REPRESENTATION_CONTEXT() REPRESENTATION_CONTEXT('2D SPACE',''
  ) );
#8549 = ORIENTED_EDGE('',*,*,#8395,.T.);
#8550 = ADVANCED_FACE('',(#8551),#6923,.T.);
#8551 = FACE_BOUND('',#8552,.T.);
#8552 = EDGE_LOOP('',(#8553,#8554,#8577,#8600));
#8553 = ORIENTED_EDGE('',*,*,#6905,.F.);
#8554 = ORIENTED_EDGE('',*,*,#8555,.T.);
#8555 = EDGE_CURVE('',#6906,#8556,#8558,.T.);
#8556 = VERTEX_POINT('',#8557);
#8557 = CARTESIAN_POINT('',(43.024435397647,26.,12.7));
#8558 = SURFACE_CURVE('',#8559,(#8563,#8570),.PCURVE_S1.);
#8559 = LINE('',#8560,#8561);
#8560 = CARTESIAN_POINT('',(43.024435397647,26.,0.));
#8561 = VECTOR('',#8562,1.);
#8562 = DIRECTION('',(0.,0.,1.));
#8563 = PCURVE('',#6923,#8564);
#8564 = DEFINITIONAL_REPRESENTATION('',(#8565),#8569);
#8565 = LINE('',#8566,#8567);
#8566 = CARTESIAN_POINT('',(0.,0.));
#8567 = VECTOR('',#8568,1.);
#8568 = DIRECTION('',(0.,-1.));
#8569 = ( GEOMETRIC_REPRESENTATION_CONTEXT(2) 
PARAMETRIC_REPRESENTATION_CONTEXT() REPRESENTATION_CONTEXT('2D SPACE',''
  ) );
#8570 = PCURVE('',#6951,#8571);
#8571 = DEFINITIONAL_REPRESENTATION('',(#8572),#8576);
#8572 = LINE('',#8573,#8574);
#8573 = CARTESIAN_POINT('',(14.549226783579,0.));
#8574 = VECTOR('',#8575,1.);
#8575 = DIRECTION('',(0.,-1.));
#8576 = ( GEOMETRIC_REPRESENTATION_CONTEXT(2) 
PARAMETRIC_REPRESENTATION_CONTEXT() REPRESENTATION_CONTEXT('2D SPACE',''
  ) );
#8577 = ORIENTED_EDGE('',*,*,#8578,.T.);
#8578 = EDGE_CURVE('',#8556,#8579,#8581,.T.);
#8579 = VERTEX_POINT('',#8580);
#8580 = CARTESIAN_POINT('',(35.749822005857,38.6,12.7));
#8581 = SURFACE_CURVE('',#8582,(#8586,#8593),.PCURVE_S1.);
#8582 = LINE('',#8583,#8584);
#8583 = CARTESIAN_POINT('',(43.275546097537,25.565063509466,12.7));
#8584 = VECTOR('',#8585,1.);
#8585 = DIRECTION('',(-0.5,0.866025403784,0.));
#8586 = PCURVE('',#6923,#8587);
#8587 = DEFINITIONAL_REPRESENTATION('',(#8588),#8592);
#8588 = LINE('',#8589,#8590);
#8589 = CARTESIAN_POINT('',(-0.50222139978,-12.7));
#8590 = VECTOR('',#8591,1.);
#8591 = DIRECTION('',(1.,0.));
#8592 = ( GEOMETRIC_REPRESENTATION_CONTEXT(2) 
PARAMETRIC_REPRESENTATION_CONTEXT() REPRESENTATION_CONTEXT('2D SPACE',''
  ) );
#8593 = PCURVE('',#7604,#8594);
#8594 = DEFINITIONAL_REPRESENTATION('',(#8595),#8599);
#8595 = LINE('',#8596,#8597);
#8596 = CARTESIAN_POINT('',(43.275546097537,25.565063509466));
#8597 = VECTOR('',#8598,1.);
#8598 = DIRECTION('',(-0.5,0.866025403784));
#8599 = ( GEOMETRIC_REPRESENTATION_CONTEXT(2) 
PARAMETRIC_REPRESENTATION_CONTEXT() REPRESENTATION_CONTEXT('2D SPACE',''
  ) );
#8600 = ORIENTED_EDGE('',*,*,#8601,.F.);
#8601 = EDGE_CURVE('',#6908,#8579,#8602,.T.);
#8602 = SURFACE_CURVE('',#8603,(#8607,#8614),.PCURVE_S1.);
#8603 = LINE('',#8604,#8605);
#8604 = CARTESIAN_POINT('',(35.749822005857,38.6,0.));
#8605 = VECTOR('',#8606,1.);
#8606 = DIRECTION('',(0.,0.,1.));
#8607 = PCURVE('',#6923,#8608);
#8608 = DEFINITIONAL_REPRESENTATION('',(#8609),#8613);
#8609 = LINE('',#8610,#8611);
#8610 = CARTESIAN_POINT('',(14.549226783579,0.));
#8611 = VECTOR('',#8612,1.);
#8612 = DIRECTION('',(0.,-1.));
#8613 = ( GEOMETRIC_REPRESENTATION_CONTEXT(2) 
PARAMETRIC_REPRESENTATION_CONTEXT() REPRESENTATION_CONTEXT('2D SPACE',''
  ) );
#8614 = PCURVE('',#7061,#8615);
#8615 = DEFINITIONAL_REPRESENTATION('',(#8616),#8620);
#8616 = LINE('',#8617,#8618);
#8617 = CARTESIAN_POINT('',(0.,-0.));
#8618 = VECTOR('',#8619,1.);
#8619 = DIRECTION('',(0.,-1.));
#8620 = ( GEOMETRIC_REPRESENTATION_CONTEXT(2) 
PARAMETRIC_REPRESENTATION_CONTEXT() REPRESENTATION_CONTEXT('2D SPACE',''
  ) );
#8621 = ADVANCED_FACE('',(#8622),#6951,.T.);
#8622 = FACE_BOUND('',#8623,.T.);
#8623 = EDGE_LOOP('',(#8624,#8625,#8648,#8669));
#8624 = ORIENTED_EDGE('',*,*,#6935,.F.);
#8625 = ORIENTED_EDGE('',*,*,#8626,.T.);
#8626 = EDGE_CURVE('',#6936,#8627,#8629,.T.);
#8627 = VERTEX_POINT('',#8628);
#8628 = CARTESIAN_POINT('',(35.749822005857,13.4,12.7));
#8629 = SURFACE_CURVE('',#8630,(#8634,#8641),.PCURVE_S1.);
#8630 = LINE('',#8631,#8632);
#8631 = CARTESIAN_POINT('',(35.749822005857,13.4,0.));
#8632 = VECTOR('',#8633,1.);
#8633 = DIRECTION('',(0.,0.,1.));
#8634 = PCURVE('',#6951,#8635);
#8635 = DEFINITIONAL_REPRESENTATION('',(#8636),#8640);
#8636 = LINE('',#8637,#8638);
#8637 = CARTESIAN_POINT('',(0.,0.));
#8638 = VECTOR('',#8639,1.);
#8639 = DIRECTION('',(0.,-1.));
#8640 = ( GEOMETRIC_REPRESENTATION_CONTEXT(2) 
PARAMETRIC_REPRESENTATION_CONTEXT() REPRESENTATION_CONTEXT('2D SPACE',''
  ) );
#8641 = PCURVE('',#6979,#8642);
#8642 = DEFINITIONAL_REPRESENTATION('',(#8643),#8647);
#8643 = LINE('',#8644,#8645);
#8644 = CARTESIAN_POINT('',(14.549226783578,0.));
#8645 = VECTOR('',#8646,1.);
#8646 = DIRECTION('',(0.,-1.));
#8647 = ( GEOMETRIC_REPRESENTATION_CONTEXT(2) 
PARAMETRIC_REPRESENTATION_CONTEXT() REPRESENTATION_CONTEXT('2D SPACE',''
  ) );
#8648 = ORIENTED_EDGE('',*,*,#8649,.T.);
#8649 = EDGE_CURVE('',#8627,#8556,#8650,.T.);
#8650 = SURFACE_CURVE('',#8651,(#8655,#8662),.PCURVE_S1.);
#8651 = LINE('',#8652,#8653);
#8652 = CARTESIAN_POINT('',(28.379909152443,0.634936490538,12.7));
#8653 = VECTOR('',#8654,1.);
#8654 = DIRECTION('',(0.5,0.866025403784,-0.));
#8655 = PCURVE('',#6951,#8656);
#8656 = DEFINITIONAL_REPRESENTATION('',(#8657),#8661);
#8657 = LINE('',#8658,#8659);
#8658 = CARTESIAN_POINT('',(-14.73982570682,-12.7));
#8659 = VECTOR('',#8660,1.);
#8660 = DIRECTION('',(1.,0.));
#8661 = ( GEOMETRIC_REPRESENTATION_CONTEXT(2) 
PARAMETRIC_REPRESENTATION_CONTEXT() REPRESENTATION_CONTEXT('2D SPACE',''
  ) );
#8662 = PCURVE('',#7604,#8663);
#8663 = DEFINITIONAL_REPRESENTATION('',(#8664),#8668);
#8664 = LINE('',#8665,#8666);
#8665 = CARTESIAN_POINT('',(28.379909152443,0.634936490538));
#8666 = VECTOR('',#8667,1.);
#8667 = DIRECTION('',(0.5,0.866025403784));
#8668 = ( GEOMETRIC_REPRESENTATION_CONTEXT(2) 
PARAMETRIC_REPRESENTATION_CONTEXT() REPRESENTATION_CONTEXT('2D SPACE',''
  ) );
#8669 = ORIENTED_EDGE('',*,*,#8555,.F.);
#8670 = ADVANCED_FACE('',(#8671),#7061,.T.);
#8671 = FACE_BOUND('',#8672,.T.);
#8672 = EDGE_LOOP('',(#8673,#8674,#8675,#8698));
#8673 = ORIENTED_EDGE('',*,*,#7047,.F.);
#8674 = ORIENTED_EDGE('',*,*,#8601,.T.);
#8675 = ORIENTED_EDGE('',*,*,#8676,.T.);
#8676 = EDGE_CURVE('',#8579,#8677,#8679,.T.);
#8677 = VERTEX_POINT('',#8678);
#8678 = CARTESIAN_POINT('',(21.200595222279,38.6,12.7));
#8679 = SURFACE_CURVE('',#8680,(#8684,#8691),.PCURVE_S1.);
#8680 = LINE('',#8681,#8682);
#8681 = CARTESIAN_POINT('',(17.874911002928,38.6,12.7));
#8682 = VECTOR('',#8683,1.);
#8683 = DIRECTION('',(-1.,0.,0.));
#8684 = PCURVE('',#7061,#8685);
#8685 = DEFINITIONAL_REPRESENTATION('',(#8686),#8690);
#8686 = LINE('',#8687,#8688);
#8687 = CARTESIAN_POINT('',(17.874911002929,-12.7));
#8688 = VECTOR('',#8689,1.);
#8689 = DIRECTION('',(1.,0.));
#8690 = ( GEOMETRIC_REPRESENTATION_CONTEXT(2) 
PARAMETRIC_REPRESENTATION_CONTEXT() REPRESENTATION_CONTEXT('2D SPACE',''
  ) );
#8691 = PCURVE('',#7604,#8692);
#8692 = DEFINITIONAL_REPRESENTATION('',(#8693),#8697);
#8693 = LINE('',#8694,#8695);
#8694 = CARTESIAN_POINT('',(17.874911002928,38.6));
#8695 = VECTOR('',#8696,1.);
#8696 = DIRECTION('',(-1.,0.));
#8697 = ( GEOMETRIC_REPRESENTATION_CONTEXT(2) 
PARAMETRIC_REPRESENTATION_CONTEXT() REPRESENTATION_CONTEXT('2D SPACE',''
  ) );
#8698 = ORIENTED_EDGE('',*,*,#8699,.F.);
#8699 = EDGE_CURVE('',#7020,#8677,#8700,.T.);
#8700 = SURFACE_CURVE('',#8701,(#8705,#8712),.PCURVE_S1.);
#8701 = LINE('',#8702,#8703);
#8702 = CARTESIAN_POINT('',(21.200595222279,38.6,0.));
#8703 = VECTOR('',#8704,1.);
#8704 = DIRECTION('',(0.,0.,1.));
#8705 = PCURVE('',#7061,#8706);
#8706 = DEFINITIONAL_REPRESENTATION('',(#8707),#8711);
#8707 = LINE('',#8708,#8709);
#8708 = CARTESIAN_POINT('',(14.549226783578,0.));
#8709 = VECTOR('',#8710,1.);
#8710 = DIRECTION('',(0.,-1.));
#8711 = ( GEOMETRIC_REPRESENTATION_CONTEXT(2) 
PARAMETRIC_REPRESENTATION_CONTEXT() REPRESENTATION_CONTEXT('2D SPACE',''
  ) );
#8712 = PCURVE('',#7035,#8713);
#8713 = DEFINITIONAL_REPRESENTATION('',(#8714),#8718);
#8714 = LINE('',#8715,#8716);
#8715 = CARTESIAN_POINT('',(0.,0.));
#8716 = VECTOR('',#8717,1.);
#8717 = DIRECTION('',(0.,-1.));
#8718 = ( GEOMETRIC_REPRESENTATION_CONTEXT(2) 
PARAMETRIC_REPRESENTATION_CONTEXT() REPRESENTATION_CONTEXT('2D SPACE',''
  ) );
#8719 = ADVANCED_FACE('',(#8720),#6979,.T.);
#8720 = FACE_BOUND('',#8721,.T.);
#8721 = EDGE_LOOP('',(#8722,#8723,#8746,#8767));
#8722 = ORIENTED_EDGE('',*,*,#6963,.F.);
#8723 = ORIENTED_EDGE('',*,*,#8724,.T.);
#8724 = EDGE_CURVE('',#6964,#8725,#8727,.T.);
#8725 = VERTEX_POINT('',#8726);
#8726 = CARTESIAN_POINT('',(21.200595222279,13.4,12.7));
#8727 = SURFACE_CURVE('',#8728,(#8732,#8739),.PCURVE_S1.);
#8728 = LINE('',#8729,#8730);
#8729 = CARTESIAN_POINT('',(21.200595222279,13.4,0.));
#8730 = VECTOR('',#8731,1.);
#8731 = DIRECTION('',(0.,0.,1.));
#8732 = PCURVE('',#6979,#8733);
#8733 = DEFINITIONAL_REPRESENTATION('',(#8734),#8738);
#8734 = LINE('',#8735,#8736);
#8735 = CARTESIAN_POINT('',(0.,0.));
#8736 = VECTOR('',#8737,1.);
#8737 = DIRECTION('',(0.,-1.));
#8738 = ( GEOMETRIC_REPRESENTATION_CONTEXT(2) 
PARAMETRIC_REPRESENTATION_CONTEXT() REPRESENTATION_CONTEXT('2D SPACE',''
  ) );
#8739 = PCURVE('',#7007,#8740);
#8740 = DEFINITIONAL_REPRESENTATION('',(#8741),#8745);
#8741 = LINE('',#8742,#8743);
#8742 = CARTESIAN_POINT('',(14.549226783579,0.));
#8743 = VECTOR('',#8744,1.);
#8744 = DIRECTION('',(0.,-1.));
#8745 = ( GEOMETRIC_REPRESENTATION_CONTEXT(2) 
PARAMETRIC_REPRESENTATION_CONTEXT() REPRESENTATION_CONTEXT('2D SPACE',''
  ) );
#8746 = ORIENTED_EDGE('',*,*,#8747,.T.);
#8747 = EDGE_CURVE('',#8725,#8627,#8748,.T.);
#8748 = SURFACE_CURVE('',#8749,(#8753,#8760),.PCURVE_S1.);
#8749 = LINE('',#8750,#8751);
#8750 = CARTESIAN_POINT('',(10.60029761114,13.4,12.7));
#8751 = VECTOR('',#8752,1.);
#8752 = DIRECTION('',(1.,-2.441857379535E-16,0.));
#8753 = PCURVE('',#6979,#8754);
#8754 = DEFINITIONAL_REPRESENTATION('',(#8755),#8759);
#8755 = LINE('',#8756,#8757);
#8756 = CARTESIAN_POINT('',(-10.60029761113,-12.7));
#8757 = VECTOR('',#8758,1.);
#8758 = DIRECTION('',(1.,0.));
#8759 = ( GEOMETRIC_REPRESENTATION_CONTEXT(2) 
PARAMETRIC_REPRESENTATION_CONTEXT() REPRESENTATION_CONTEXT('2D SPACE',''
  ) );
#8760 = PCURVE('',#7604,#8761);
#8761 = DEFINITIONAL_REPRESENTATION('',(#8762),#8766);
#8762 = LINE('',#8763,#8764);
#8763 = CARTESIAN_POINT('',(10.60029761114,13.4));
#8764 = VECTOR('',#8765,1.);
#8765 = DIRECTION('',(1.,-2.441857379535E-16));
#8766 = ( GEOMETRIC_REPRESENTATION_CONTEXT(2) 
PARAMETRIC_REPRESENTATION_CONTEXT() REPRESENTATION_CONTEXT('2D SPACE',''
  ) );
#8767 = ORIENTED_EDGE('',*,*,#8626,.F.);
#8768 = ADVANCED_FACE('',(#8769),#7035,.T.);
#8769 = FACE_BOUND('',#8770,.T.);
#8770 = EDGE_LOOP('',(#8771,#8772,#8773,#8796));
#8771 = ORIENTED_EDGE('',*,*,#7019,.F.);
#8772 = ORIENTED_EDGE('',*,*,#8699,.T.);
#8773 = ORIENTED_EDGE('',*,*,#8774,.T.);
#8774 = EDGE_CURVE('',#8677,#8775,#8777,.T.);
#8775 = VERTEX_POINT('',#8776);
#8776 = CARTESIAN_POINT('',(13.925981830489,26.,12.7));
#8777 = SURFACE_CURVE('',#8778,(#8782,#8789),.PCURVE_S1.);
#8778 = LINE('',#8779,#8780);
#8779 = CARTESIAN_POINT('',(10.19337567297,19.534936490541,12.7));
#8780 = VECTOR('',#8781,1.);
#8781 = DIRECTION('',(-0.5,-0.866025403784,0.));
#8782 = PCURVE('',#7035,#8783);
#8783 = DEFINITIONAL_REPRESENTATION('',(#8784),#8788);
#8784 = LINE('',#8785,#8786);
#8785 = CARTESIAN_POINT('',(22.01443909861,-12.7));
#8786 = VECTOR('',#8787,1.);
#8787 = DIRECTION('',(1.,0.));
#8788 = ( GEOMETRIC_REPRESENTATION_CONTEXT(2) 
PARAMETRIC_REPRESENTATION_CONTEXT() REPRESENTATION_CONTEXT('2D SPACE',''
  ) );
#8789 = PCURVE('',#7604,#8790);
#8790 = DEFINITIONAL_REPRESENTATION('',(#8791),#8795);
#8791 = LINE('',#8792,#8793);
#8792 = CARTESIAN_POINT('',(10.19337567297,19.534936490541));
#8793 = VECTOR('',#8794,1.);
#8794 = DIRECTION('',(-0.5,-0.866025403784));
#8795 = ( GEOMETRIC_REPRESENTATION_CONTEXT(2) 
PARAMETRIC_REPRESENTATION_CONTEXT() REPRESENTATION_CONTEXT('2D SPACE',''
  ) );
#8796 = ORIENTED_EDGE('',*,*,#8797,.F.);
#8797 = EDGE_CURVE('',#6992,#8775,#8798,.T.);
#8798 = SURFACE_CURVE('',#8799,(#8803,#8810),.PCURVE_S1.);
#8799 = LINE('',#8800,#8801);
#8800 = CARTESIAN_POINT('',(13.925981830489,26.,0.));
#8801 = VECTOR('',#8802,1.);
#8802 = DIRECTION('',(0.,0.,1.));
#8803 = PCURVE('',#7035,#8804);
#8804 = DEFINITIONAL_REPRESENTATION('',(#8805),#8809);
#8805 = LINE('',#8806,#8807);
#8806 = CARTESIAN_POINT('',(14.549226783579,0.));
#8807 = VECTOR('',#8808,1.);
#8808 = DIRECTION('',(0.,-1.));
#8809 = ( GEOMETRIC_REPRESENTATION_CONTEXT(2) 
PARAMETRIC_REPRESENTATION_CONTEXT() REPRESENTATION_CONTEXT('2D SPACE',''
  ) );
#8810 = PCURVE('',#7007,#8811);
#8811 = DEFINITIONAL_REPRESENTATION('',(#8812),#8816);
#8812 = LINE('',#8813,#8814);
#8813 = CARTESIAN_POINT('',(0.,0.));
#8814 = VECTOR('',#8815,1.);
#8815 = DIRECTION('',(0.,-1.));
#8816 = ( GEOMETRIC_REPRESENTATION_CONTEXT(2) 
PARAMETRIC_REPRESENTATION_CONTEXT() REPRESENTATION_CONTEXT('2D SPACE',''
  ) );
#8817 = ADVANCED_FACE('',(#8818),#7007,.T.);
#8818 = FACE_BOUND('',#8819,.T.);
#8819 = EDGE_LOOP('',(#8820,#8821,#8822,#8843));
#8820 = ORIENTED_EDGE('',*,*,#6991,.F.);
#8821 = ORIENTED_EDGE('',*,*,#8797,.T.);
#8822 = ORIENTED_EDGE('',*,*,#8823,.T.);
#8823 = EDGE_CURVE('',#8775,#8725,#8824,.T.);
#8824 = SURFACE_CURVE('',#8825,(#8829,#8836),.PCURVE_S1.);
#8825 = LINE('',#8826,#8827);
#8826 = CARTESIAN_POINT('',(17.814399226277,19.265063509464,12.7));
#8827 = VECTOR('',#8828,1.);
#8828 = DIRECTION('',(0.5,-0.866025403784,0.));
#8829 = PCURVE('',#7007,#8830);
#8830 = DEFINITIONAL_REPRESENTATION('',(#8831),#8835);
#8831 = LINE('',#8832,#8833);
#8832 = CARTESIAN_POINT('',(7.776834791573,-12.7));
#8833 = VECTOR('',#8834,1.);
#8834 = DIRECTION('',(1.,0.));
#8835 = ( GEOMETRIC_REPRESENTATION_CONTEXT(2) 
PARAMETRIC_REPRESENTATION_CONTEXT() REPRESENTATION_CONTEXT('2D SPACE',''
  ) );
#8836 = PCURVE('',#7604,#8837);
#8837 = DEFINITIONAL_REPRESENTATION('',(#8838),#8842);
#8838 = LINE('',#8839,#8840);
#8839 = CARTESIAN_POINT('',(17.814399226277,19.265063509464));
#8840 = VECTOR('',#8841,1.);
#8841 = DIRECTION('',(0.5,-0.866025403784));
#8842 = ( GEOMETRIC_REPRESENTATION_CONTEXT(2) 
PARAMETRIC_REPRESENTATION_CONTEXT() REPRESENTATION_CONTEXT('2D SPACE',''
  ) );
#8843 = ORIENTED_EDGE('',*,*,#8724,.F.);
#8844 = ADVANCED_FACE('',(#8845),#7093,.T.);
#8845 = FACE_BOUND('',#8846,.T.);
#8846 = EDGE_LOOP('',(#8847,#8848,#8871,#8894));
#8847 = ORIENTED_EDGE('',*,*,#7075,.F.);
#8848 = ORIENTED_EDGE('',*,*,#8849,.T.);
#8849 = EDGE_CURVE('',#7076,#8850,#8852,.T.);
#8850 = VERTEX_POINT('',#8851);
#8851 = CARTESIAN_POINT('',(103.99262382407,26.,12.7));
#8852 = SURFACE_CURVE('',#8853,(#8857,#8864),.PCURVE_S1.);
#8853 = LINE('',#8854,#8855);
#8854 = CARTESIAN_POINT('',(103.99262382407,26.,0.));
#8855 = VECTOR('',#8856,1.);
#8856 = DIRECTION('',(0.,0.,1.));
#8857 = PCURVE('',#7093,#8858);
#8858 = DEFINITIONAL_REPRESENTATION('',(#8859),#8863);
#8859 = LINE('',#8860,#8861);
#8860 = CARTESIAN_POINT('',(0.,0.));
#8861 = VECTOR('',#8862,1.);
#8862 = DIRECTION('',(0.,-1.));
#8863 = ( GEOMETRIC_REPRESENTATION_CONTEXT(2) 
PARAMETRIC_REPRESENTATION_CONTEXT() REPRESENTATION_CONTEXT('2D SPACE',''
  ) );
#8864 = PCURVE('',#7121,#8865);
#8865 = DEFINITIONAL_REPRESENTATION('',(#8866),#8870);
#8866 = LINE('',#8867,#8868);
#8867 = CARTESIAN_POINT('',(14.549226783578,0.));
#8868 = VECTOR('',#8869,1.);
#8869 = DIRECTION('',(0.,-1.));
#8870 = ( GEOMETRIC_REPRESENTATION_CONTEXT(2) 
PARAMETRIC_REPRESENTATION_CONTEXT() REPRESENTATION_CONTEXT('2D SPACE',''
  ) );
#8871 = ORIENTED_EDGE('',*,*,#8872,.T.);
#8872 = EDGE_CURVE('',#8850,#8873,#8875,.T.);
#8873 = VERTEX_POINT('',#8874);
#8874 = CARTESIAN_POINT('',(96.718010432282,38.6,12.7));
#8875 = SURFACE_CURVE('',#8876,(#8880,#8887),.PCURVE_S1.);
#8876 = LINE('',#8877,#8878);
#8877 = CARTESIAN_POINT('',(96.622710970652,38.765063509469,12.7));
#8878 = VECTOR('',#8879,1.);
#8879 = DIRECTION('',(-0.5,0.866025403784,0.));
#8880 = PCURVE('',#7093,#8881);
#8881 = DEFINITIONAL_REPRESENTATION('',(#8882),#8886);
#8882 = LINE('',#8883,#8884);
#8883 = CARTESIAN_POINT('',(14.739825706831,-12.7));
#8884 = VECTOR('',#8885,1.);
#8885 = DIRECTION('',(1.,0.));
#8886 = ( GEOMETRIC_REPRESENTATION_CONTEXT(2) 
PARAMETRIC_REPRESENTATION_CONTEXT() REPRESENTATION_CONTEXT('2D SPACE',''
  ) );
#8887 = PCURVE('',#7604,#8888);
#8888 = DEFINITIONAL_REPRESENTATION('',(#8889),#8893);
#8889 = LINE('',#8890,#8891);
#8890 = CARTESIAN_POINT('',(96.622710970652,38.765063509469));
#8891 = VECTOR('',#8892,1.);
#8892 = DIRECTION('',(-0.5,0.866025403784));
#8893 = ( GEOMETRIC_REPRESENTATION_CONTEXT(2) 
PARAMETRIC_REPRESENTATION_CONTEXT() REPRESENTATION_CONTEXT('2D SPACE',''
  ) );
#8894 = ORIENTED_EDGE('',*,*,#8895,.F.);
#8895 = EDGE_CURVE('',#7078,#8873,#8896,.T.);
#8896 = SURFACE_CURVE('',#8897,(#8901,#8908),.PCURVE_S1.);
#8897 = LINE('',#8898,#8899);
#8898 = CARTESIAN_POINT('',(96.718010432282,38.6,0.));
#8899 = VECTOR('',#8900,1.);
#8900 = DIRECTION('',(0.,0.,1.));
#8901 = PCURVE('',#7093,#8902);
#8902 = DEFINITIONAL_REPRESENTATION('',(#8903),#8907);
#8903 = LINE('',#8904,#8905);
#8904 = CARTESIAN_POINT('',(14.549226783578,0.));
#8905 = VECTOR('',#8906,1.);
#8906 = DIRECTION('',(0.,-1.));
#8907 = ( GEOMETRIC_REPRESENTATION_CONTEXT(2) 
PARAMETRIC_REPRESENTATION_CONTEXT() REPRESENTATION_CONTEXT('2D SPACE',''
  ) );
#8908 = PCURVE('',#7231,#8909);
#8909 = DEFINITIONAL_REPRESENTATION('',(#8910),#8914);
#8910 = LINE('',#8911,#8912);
#8911 = CARTESIAN_POINT('',(0.,-0.));
#8912 = VECTOR('',#8913,1.);
#8913 = DIRECTION('',(0.,-1.));
#8914 = ( GEOMETRIC_REPRESENTATION_CONTEXT(2) 
PARAMETRIC_REPRESENTATION_CONTEXT() REPRESENTATION_CONTEXT('2D SPACE',''
  ) );
#8915 = ADVANCED_FACE('',(#8916),#7121,.T.);
#8916 = FACE_BOUND('',#8917,.T.);
#8917 = EDGE_LOOP('',(#8918,#8919,#8942,#8963));
#8918 = ORIENTED_EDGE('',*,*,#7105,.F.);
#8919 = ORIENTED_EDGE('',*,*,#8920,.T.);
#8920 = EDGE_CURVE('',#7106,#8921,#8923,.T.);
#8921 = VERTEX_POINT('',#8922);
#8922 = CARTESIAN_POINT('',(96.718010432282,13.4,12.7));
#8923 = SURFACE_CURVE('',#8924,(#8928,#8935),.PCURVE_S1.);
#8924 = LINE('',#8925,#8926);
#8925 = CARTESIAN_POINT('',(96.718010432282,13.4,0.));
#8926 = VECTOR('',#8927,1.);
#8927 = DIRECTION('',(0.,0.,1.));
#8928 = PCURVE('',#7121,#8929);
#8929 = DEFINITIONAL_REPRESENTATION('',(#8930),#8934);
#8930 = LINE('',#8931,#8932);
#8931 = CARTESIAN_POINT('',(0.,0.));
#8932 = VECTOR('',#8933,1.);
#8933 = DIRECTION('',(0.,-1.));
#8934 = ( GEOMETRIC_REPRESENTATION_CONTEXT(2) 
PARAMETRIC_REPRESENTATION_CONTEXT() REPRESENTATION_CONTEXT('2D SPACE',''
  ) );
#8935 = PCURVE('',#7149,#8936);
#8936 = DEFINITIONAL_REPRESENTATION('',(#8937),#8941);
#8937 = LINE('',#8938,#8939);
#8938 = CARTESIAN_POINT('',(14.549226783579,0.));
#8939 = VECTOR('',#8940,1.);
#8940 = DIRECTION('',(0.,-1.));
#8941 = ( GEOMETRIC_REPRESENTATION_CONTEXT(2) 
PARAMETRIC_REPRESENTATION_CONTEXT() REPRESENTATION_CONTEXT('2D SPACE',''
  ) );
#8942 = ORIENTED_EDGE('',*,*,#8943,.T.);
#8943 = EDGE_CURVE('',#8921,#8850,#8944,.T.);
#8944 = SURFACE_CURVE('',#8945,(#8949,#8956),.PCURVE_S1.);
#8945 = LINE('',#8946,#8947);
#8946 = CARTESIAN_POINT('',(81.727074025559,-12.56506350946,12.7));
#8947 = VECTOR('',#8948,1.);
#8948 = DIRECTION('',(0.5,0.866025403784,-0.));
#8949 = PCURVE('',#7121,#8950);
#8950 = DEFINITIONAL_REPRESENTATION('',(#8951),#8955);
#8951 = LINE('',#8952,#8953);
#8952 = CARTESIAN_POINT('',(-29.98187281343,-12.7));
#8953 = VECTOR('',#8954,1.);
#8954 = DIRECTION('',(1.,0.));
#8955 = ( GEOMETRIC_REPRESENTATION_CONTEXT(2) 
PARAMETRIC_REPRESENTATION_CONTEXT() REPRESENTATION_CONTEXT('2D SPACE',''
  ) );
#8956 = PCURVE('',#7604,#8957);
#8957 = DEFINITIONAL_REPRESENTATION('',(#8958),#8962);
#8958 = LINE('',#8959,#8960);
#8959 = CARTESIAN_POINT('',(81.727074025559,-12.56506350946));
#8960 = VECTOR('',#8961,1.);
#8961 = DIRECTION('',(0.5,0.866025403784));
#8962 = ( GEOMETRIC_REPRESENTATION_CONTEXT(2) 
PARAMETRIC_REPRESENTATION_CONTEXT() REPRESENTATION_CONTEXT('2D SPACE',''
  ) );
#8963 = ORIENTED_EDGE('',*,*,#8849,.F.);
#8964 = ADVANCED_FACE('',(#8965),#7231,.T.);
#8965 = FACE_BOUND('',#8966,.T.);
#8966 = EDGE_LOOP('',(#8967,#8968,#8969,#8992));
#8967 = ORIENTED_EDGE('',*,*,#7217,.F.);
#8968 = ORIENTED_EDGE('',*,*,#8895,.T.);
#8969 = ORIENTED_EDGE('',*,*,#8970,.T.);
#8970 = EDGE_CURVE('',#8873,#8971,#8973,.T.);
#8971 = VERTEX_POINT('',#8972);
#8972 = CARTESIAN_POINT('',(82.168783648703,38.6,12.7));
#8973 = SURFACE_CURVE('',#8974,(#8978,#8985),.PCURVE_S1.);
#8974 = LINE('',#8975,#8976);
#8975 = CARTESIAN_POINT('',(48.359005216141,38.6,12.7));
#8976 = VECTOR('',#8977,1.);
#8977 = DIRECTION('',(-1.,0.,0.));
#8978 = PCURVE('',#7231,#8979);
#8979 = DEFINITIONAL_REPRESENTATION('',(#8980),#8984);
#8980 = LINE('',#8981,#8982);
#8981 = CARTESIAN_POINT('',(48.359005216141,-12.7));
#8982 = VECTOR('',#8983,1.);
#8983 = DIRECTION('',(1.,0.));
#8984 = ( GEOMETRIC_REPRESENTATION_CONTEXT(2) 
PARAMETRIC_REPRESENTATION_CONTEXT() REPRESENTATION_CONTEXT('2D SPACE',''
  ) );
#8985 = PCURVE('',#7604,#8986);
#8986 = DEFINITIONAL_REPRESENTATION('',(#8987),#8991);
#8987 = LINE('',#8988,#8989);
#8988 = CARTESIAN_POINT('',(48.359005216141,38.6));
#8989 = VECTOR('',#8990,1.);
#8990 = DIRECTION('',(-1.,0.));
#8991 = ( GEOMETRIC_REPRESENTATION_CONTEXT(2) 
PARAMETRIC_REPRESENTATION_CONTEXT() REPRESENTATION_CONTEXT('2D SPACE',''
  ) );
#8992 = ORIENTED_EDGE('',*,*,#8993,.F.);
#8993 = EDGE_CURVE('',#7190,#8971,#8994,.T.);
#8994 = SURFACE_CURVE('',#8995,(#8999,#9006),.PCURVE_S1.);
#8995 = LINE('',#8996,#8997);
#8996 = CARTESIAN_POINT('',(82.168783648703,38.6,0.));
#8997 = VECTOR('',#8998,1.);
#8998 = DIRECTION('',(0.,0.,1.));
#8999 = PCURVE('',#7231,#9000);
#9000 = DEFINITIONAL_REPRESENTATION('',(#9001),#9005);
#9001 = LINE('',#9002,#9003);
#9002 = CARTESIAN_POINT('',(14.549226783579,0.));
#9003 = VECTOR('',#9004,1.);
#9004 = DIRECTION('',(0.,-1.));
#9005 = ( GEOMETRIC_REPRESENTATION_CONTEXT(2) 
PARAMETRIC_REPRESENTATION_CONTEXT() REPRESENTATION_CONTEXT('2D SPACE',''
  ) );
#9006 = PCURVE('',#7205,#9007);
#9007 = DEFINITIONAL_REPRESENTATION('',(#9008),#9012);
#9008 = LINE('',#9009,#9010);
#9009 = CARTESIAN_POINT('',(0.,0.));
#9010 = VECTOR('',#9011,1.);
#9011 = DIRECTION('',(0.,-1.));
#9012 = ( GEOMETRIC_REPRESENTATION_CONTEXT(2) 
PARAMETRIC_REPRESENTATION_CONTEXT() REPRESENTATION_CONTEXT('2D SPACE',''
  ) );
#9013 = ADVANCED_FACE('',(#9014),#7149,.T.);
#9014 = FACE_BOUND('',#9015,.T.);
#9015 = EDGE_LOOP('',(#9016,#9017,#9040,#9061));
#9016 = ORIENTED_EDGE('',*,*,#7133,.F.);
#9017 = ORIENTED_EDGE('',*,*,#9018,.T.);
#9018 = EDGE_CURVE('',#7134,#9019,#9021,.T.);
#9019 = VERTEX_POINT('',#9020);
#9020 = CARTESIAN_POINT('',(82.168783648703,13.4,12.7));
#9021 = SURFACE_CURVE('',#9022,(#9026,#9033),.PCURVE_S1.);
#9022 = LINE('',#9023,#9024);
#9023 = CARTESIAN_POINT('',(82.168783648703,13.4,0.));
#9024 = VECTOR('',#9025,1.);
#9025 = DIRECTION('',(0.,0.,1.));
#9026 = PCURVE('',#7149,#9027);
#9027 = DEFINITIONAL_REPRESENTATION('',(#9028),#9032);
#9028 = LINE('',#9029,#9030);
#9029 = CARTESIAN_POINT('',(0.,0.));
#9030 = VECTOR('',#9031,1.);
#9031 = DIRECTION('',(0.,-1.));
#9032 = ( GEOMETRIC_REPRESENTATION_CONTEXT(2) 
PARAMETRIC_REPRESENTATION_CONTEXT() REPRESENTATION_CONTEXT('2D SPACE',''
  ) );
#9033 = PCURVE('',#7177,#9034);
#9034 = DEFINITIONAL_REPRESENTATION('',(#9035),#9039);
#9035 = LINE('',#9036,#9037);
#9036 = CARTESIAN_POINT('',(14.549226783578,0.));
#9037 = VECTOR('',#9038,1.);
#9038 = DIRECTION('',(0.,-1.));
#9039 = ( GEOMETRIC_REPRESENTATION_CONTEXT(2) 
PARAMETRIC_REPRESENTATION_CONTEXT() REPRESENTATION_CONTEXT('2D SPACE',''
  ) );
#9040 = ORIENTED_EDGE('',*,*,#9041,.T.);
#9041 = EDGE_CURVE('',#9019,#8921,#9042,.T.);
#9042 = SURFACE_CURVE('',#9043,(#9047,#9054),.PCURVE_S1.);
#9043 = LINE('',#9044,#9045);
#9044 = CARTESIAN_POINT('',(41.084391824351,13.4,12.7));
#9045 = VECTOR('',#9046,1.);
#9046 = DIRECTION('',(1.,-2.441857379535E-16,0.));
#9047 = PCURVE('',#7149,#9048);
#9048 = DEFINITIONAL_REPRESENTATION('',(#9049),#9053);
#9049 = LINE('',#9050,#9051);
#9050 = CARTESIAN_POINT('',(-41.08439182435,-12.7));
#9051 = VECTOR('',#9052,1.);
#9052 = DIRECTION('',(1.,0.));
#9053 = ( GEOMETRIC_REPRESENTATION_CONTEXT(2) 
PARAMETRIC_REPRESENTATION_CONTEXT() REPRESENTATION_CONTEXT('2D SPACE',''
  ) );
#9054 = PCURVE('',#7604,#9055);
#9055 = DEFINITIONAL_REPRESENTATION('',(#9056),#9060);
#9056 = LINE('',#9057,#9058);
#9057 = CARTESIAN_POINT('',(41.084391824351,13.4));
#9058 = VECTOR('',#9059,1.);
#9059 = DIRECTION('',(1.,-2.441857379535E-16));
#9060 = ( GEOMETRIC_REPRESENTATION_CONTEXT(2) 
PARAMETRIC_REPRESENTATION_CONTEXT() REPRESENTATION_CONTEXT('2D SPACE',''
  ) );
#9061 = ORIENTED_EDGE('',*,*,#8920,.F.);
#9062 = ADVANCED_FACE('',(#9063),#7205,.T.);
#9063 = FACE_BOUND('',#9064,.T.);
#9064 = EDGE_LOOP('',(#9065,#9066,#9067,#9090));
#9065 = ORIENTED_EDGE('',*,*,#7189,.F.);
#9066 = ORIENTED_EDGE('',*,*,#8993,.T.);
#9067 = ORIENTED_EDGE('',*,*,#9068,.T.);
#9068 = EDGE_CURVE('',#8971,#9069,#9071,.T.);
#9069 = VERTEX_POINT('',#9070);
#9070 = CARTESIAN_POINT('',(74.894170256914,26.,12.7));
#9071 = SURFACE_CURVE('',#9072,(#9076,#9083),.PCURVE_S1.);
#9072 = LINE('',#9073,#9074);
#9073 = CARTESIAN_POINT('',(63.540540546085,6.334936490538,12.7));
#9074 = VECTOR('',#9075,1.);
#9075 = DIRECTION('',(-0.5,-0.866025403784,0.));
#9076 = PCURVE('',#7205,#9077);
#9077 = DEFINITIONAL_REPRESENTATION('',(#9078),#9082);
#9078 = LINE('',#9079,#9080);
#9079 = CARTESIAN_POINT('',(37.256486205221,-12.7));
#9080 = VECTOR('',#9081,1.);
#9081 = DIRECTION('',(1.,0.));
#9082 = ( GEOMETRIC_REPRESENTATION_CONTEXT(2) 
PARAMETRIC_REPRESENTATION_CONTEXT() REPRESENTATION_CONTEXT('2D SPACE',''
  ) );
#9083 = PCURVE('',#7604,#9084);
#9084 = DEFINITIONAL_REPRESENTATION('',(#9085),#9089);
#9085 = LINE('',#9086,#9087);
#9086 = CARTESIAN_POINT('',(63.540540546085,6.334936490538));
#9087 = VECTOR('',#9088,1.);
#9088 = DIRECTION('',(-0.5,-0.866025403784));
#9089 = ( GEOMETRIC_REPRESENTATION_CONTEXT(2) 
PARAMETRIC_REPRESENTATION_CONTEXT() REPRESENTATION_CONTEXT('2D SPACE',''
  ) );
#9090 = ORIENTED_EDGE('',*,*,#9091,.F.);
#9091 = EDGE_CURVE('',#7162,#9069,#9092,.T.);
#9092 = SURFACE_CURVE('',#9093,(#9097,#9104),.PCURVE_S1.);
#9093 = LINE('',#9094,#9095);
#9094 = CARTESIAN_POINT('',(74.894170256914,26.,0.));
#9095 = VECTOR('',#9096,1.);
#9096 = DIRECTION('',(0.,0.,1.));
#9097 = PCURVE('',#7205,#9098);
#9098 = DEFINITIONAL_REPRESENTATION('',(#9099),#9103);
#9099 = LINE('',#9100,#9101);
#9100 = CARTESIAN_POINT('',(14.549226783578,0.));
#9101 = VECTOR('',#9102,1.);
#9102 = DIRECTION('',(0.,-1.));
#9103 = ( GEOMETRIC_REPRESENTATION_CONTEXT(2) 
PARAMETRIC_REPRESENTATION_CONTEXT() REPRESENTATION_CONTEXT('2D SPACE',''
  ) );
#9104 = PCURVE('',#7177,#9105);
#9105 = DEFINITIONAL_REPRESENTATION('',(#9106),#9110);
#9106 = LINE('',#9107,#9108);
#9107 = CARTESIAN_POINT('',(0.,0.));
#9108 = VECTOR('',#9109,1.);
#9109 = DIRECTION('',(0.,-1.));
#9110 = ( GEOMETRIC_REPRESENTATION_CONTEXT(2) 
PARAMETRIC_REPRESENTATION_CONTEXT() REPRESENTATION_CONTEXT('2D SPACE',''
  ) );
#9111 = ADVANCED_FACE('',(#9112),#7177,.T.);
#9112 = FACE_BOUND('',#9113,.T.);
#9113 = EDGE_LOOP('',(#9114,#9115,#9116,#9137));
#9114 = ORIENTED_EDGE('',*,*,#7161,.F.);
#9115 = ORIENTED_EDGE('',*,*,#9091,.T.);
#9116 = ORIENTED_EDGE('',*,*,#9117,.T.);
#9117 = EDGE_CURVE('',#9069,#9019,#9118,.T.);
#9118 = SURFACE_CURVE('',#9119,(#9123,#9130),.PCURVE_S1.);
#9119 = LINE('',#9120,#9121);
#9120 = CARTESIAN_POINT('',(71.161564099393,32.465063509468,12.7));
#9121 = VECTOR('',#9122,1.);
#9122 = DIRECTION('',(0.5,-0.866025403784,0.));
#9123 = PCURVE('',#7177,#9124);
#9124 = DEFINITIONAL_REPRESENTATION('',(#9125),#9129);
#9125 = LINE('',#9126,#9127);
#9126 = CARTESIAN_POINT('',(-7.46521231504,-12.7));
#9127 = VECTOR('',#9128,1.);
#9128 = DIRECTION('',(1.,0.));
#9129 = ( GEOMETRIC_REPRESENTATION_CONTEXT(2) 
PARAMETRIC_REPRESENTATION_CONTEXT() REPRESENTATION_CONTEXT('2D SPACE',''
  ) );
#9130 = PCURVE('',#7604,#9131);
#9131 = DEFINITIONAL_REPRESENTATION('',(#9132),#9136);
#9132 = LINE('',#9133,#9134);
#9133 = CARTESIAN_POINT('',(71.161564099393,32.465063509468));
#9134 = VECTOR('',#9135,1.);
#9135 = DIRECTION('',(0.5,-0.866025403784));
#9136 = ( GEOMETRIC_REPRESENTATION_CONTEXT(2) 
PARAMETRIC_REPRESENTATION_CONTEXT() REPRESENTATION_CONTEXT('2D SPACE',''
  ) );
#9137 = ORIENTED_EDGE('',*,*,#9018,.F.);
#9138 = ADVANCED_FACE('',(#9139),#7263,.T.);
#9139 = FACE_BOUND('',#9140,.T.);
#9140 = EDGE_LOOP('',(#9141,#9142,#9165,#9188));
#9141 = ORIENTED_EDGE('',*,*,#7245,.F.);
#9142 = ORIENTED_EDGE('',*,*,#9143,.T.);
#9143 = EDGE_CURVE('',#7246,#9144,#9146,.T.);
#9144 = VERTEX_POINT('',#9145);
#9145 = CARTESIAN_POINT('',(73.508529610859,43.6,12.7));
#9146 = SURFACE_CURVE('',#9147,(#9151,#9158),.PCURVE_S1.);
#9147 = LINE('',#9148,#9149);
#9148 = CARTESIAN_POINT('',(73.508529610859,43.6,0.));
#9149 = VECTOR('',#9150,1.);
#9150 = DIRECTION('',(0.,0.,1.));
#9151 = PCURVE('',#7263,#9152);
#9152 = DEFINITIONAL_REPRESENTATION('',(#9153),#9157);
#9153 = LINE('',#9154,#9155);
#9154 = CARTESIAN_POINT('',(0.,0.));
#9155 = VECTOR('',#9156,1.);
#9156 = DIRECTION('',(0.,-1.));
#9157 = ( GEOMETRIC_REPRESENTATION_CONTEXT(2) 
PARAMETRIC_REPRESENTATION_CONTEXT() REPRESENTATION_CONTEXT('2D SPACE',''
  ) );
#9158 = PCURVE('',#7291,#9159);
#9159 = DEFINITIONAL_REPRESENTATION('',(#9160),#9164);
#9160 = LINE('',#9161,#9162);
#9161 = CARTESIAN_POINT('',(14.549226783578,0.));
#9162 = VECTOR('',#9163,1.);
#9163 = DIRECTION('',(0.,-1.));
#9164 = ( GEOMETRIC_REPRESENTATION_CONTEXT(2) 
PARAMETRIC_REPRESENTATION_CONTEXT() REPRESENTATION_CONTEXT('2D SPACE',''
  ) );
#9165 = ORIENTED_EDGE('',*,*,#9166,.T.);
#9166 = EDGE_CURVE('',#9144,#9167,#9169,.T.);
#9167 = VERTEX_POINT('',#9168);
#9168 = CARTESIAN_POINT('',(66.23391621907,56.2,12.7));
#9169 = SURFACE_CURVE('',#9170,(#9174,#9181),.PCURVE_S1.);
#9170 = LINE('',#9171,#9172);
#9171 = CARTESIAN_POINT('',(73.759640310747,43.165063509469,12.7));
#9172 = VECTOR('',#9173,1.);
#9173 = DIRECTION('',(-0.5,0.866025403784,0.));
#9174 = PCURVE('',#7263,#9175);
#9175 = DEFINITIONAL_REPRESENTATION('',(#9176),#9180);
#9176 = LINE('',#9177,#9178);
#9177 = CARTESIAN_POINT('',(-0.502221399777,-12.7));
#9178 = VECTOR('',#9179,1.);
#9179 = DIRECTION('',(1.,0.));
#9180 = ( GEOMETRIC_REPRESENTATION_CONTEXT(2) 
PARAMETRIC_REPRESENTATION_CONTEXT() REPRESENTATION_CONTEXT('2D SPACE',''
  ) );
#9181 = PCURVE('',#7604,#9182);
#9182 = DEFINITIONAL_REPRESENTATION('',(#9183),#9187);
#9183 = LINE('',#9184,#9185);
#9184 = CARTESIAN_POINT('',(73.759640310747,43.165063509469));
#9185 = VECTOR('',#9186,1.);
#9186 = DIRECTION('',(-0.5,0.866025403784));
#9187 = ( GEOMETRIC_REPRESENTATION_CONTEXT(2) 
PARAMETRIC_REPRESENTATION_CONTEXT() REPRESENTATION_CONTEXT('2D SPACE',''
  ) );
#9188 = ORIENTED_EDGE('',*,*,#9189,.F.);
#9189 = EDGE_CURVE('',#7248,#9167,#9190,.T.);
#9190 = SURFACE_CURVE('',#9191,(#9195,#9202),.PCURVE_S1.);
#9191 = LINE('',#9192,#9193);
#9192 = CARTESIAN_POINT('',(66.23391621907,56.2,0.));
#9193 = VECTOR('',#9194,1.);
#9194 = DIRECTION('',(0.,0.,1.));
#9195 = PCURVE('',#7263,#9196);
#9196 = DEFINITIONAL_REPRESENTATION('',(#9197),#9201);
#9197 = LINE('',#9198,#9199);
#9198 = CARTESIAN_POINT('',(14.549226783578,0.));
#9199 = VECTOR('',#9200,1.);
#9200 = DIRECTION('',(0.,-1.));
#9201 = ( GEOMETRIC_REPRESENTATION_CONTEXT(2) 
PARAMETRIC_REPRESENTATION_CONTEXT() REPRESENTATION_CONTEXT('2D SPACE',''
  ) );
#9202 = PCURVE('',#7401,#9203);
#9203 = DEFINITIONAL_REPRESENTATION('',(#9204),#9208);
#9204 = LINE('',#9205,#9206);
#9205 = CARTESIAN_POINT('',(0.,-0.));
#9206 = VECTOR('',#9207,1.);
#9207 = DIRECTION('',(0.,-1.));
#9208 = ( GEOMETRIC_REPRESENTATION_CONTEXT(2) 
PARAMETRIC_REPRESENTATION_CONTEXT() REPRESENTATION_CONTEXT('2D SPACE',''
  ) );
#9209 = ADVANCED_FACE('',(#9210),#7291,.T.);
#9210 = FACE_BOUND('',#9211,.T.);
#9211 = EDGE_LOOP('',(#9212,#9213,#9236,#9257));
#9212 = ORIENTED_EDGE('',*,*,#7275,.F.);
#9213 = ORIENTED_EDGE('',*,*,#9214,.T.);
#9214 = EDGE_CURVE('',#7276,#9215,#9217,.T.);
#9215 = VERTEX_POINT('',#9216);
#9216 = CARTESIAN_POINT('',(66.23391621907,31.,12.7));
#9217 = SURFACE_CURVE('',#9218,(#9222,#9229),.PCURVE_S1.);
#9218 = LINE('',#9219,#9220);
#9219 = CARTESIAN_POINT('',(66.23391621907,31.,0.));
#9220 = VECTOR('',#9221,1.);
#9221 = DIRECTION('',(0.,0.,1.));
#9222 = PCURVE('',#7291,#9223);
#9223 = DEFINITIONAL_REPRESENTATION('',(#9224),#9228);
#9224 = LINE('',#9225,#9226);
#9225 = CARTESIAN_POINT('',(0.,0.));
#9226 = VECTOR('',#9227,1.);
#9227 = DIRECTION('',(0.,-1.));
#9228 = ( GEOMETRIC_REPRESENTATION_CONTEXT(2) 
PARAMETRIC_REPRESENTATION_CONTEXT() REPRESENTATION_CONTEXT('2D SPACE',''
  ) );
#9229 = PCURVE('',#7319,#9230);
#9230 = DEFINITIONAL_REPRESENTATION('',(#9231),#9235);
#9231 = LINE('',#9232,#9233);
#9232 = CARTESIAN_POINT('',(14.549226783579,0.));
#9233 = VECTOR('',#9234,1.);
#9234 = DIRECTION('',(0.,-1.));
#9235 = ( GEOMETRIC_REPRESENTATION_CONTEXT(2) 
PARAMETRIC_REPRESENTATION_CONTEXT() REPRESENTATION_CONTEXT('2D SPACE',''
  ) );
#9236 = ORIENTED_EDGE('',*,*,#9237,.T.);
#9237 = EDGE_CURVE('',#9215,#9144,#9238,.T.);
#9238 = SURFACE_CURVE('',#9239,(#9243,#9250),.PCURVE_S1.);
#9239 = LINE('',#9240,#9241);
#9240 = CARTESIAN_POINT('',(51.242979812349,5.034936490538,12.7));
#9241 = VECTOR('',#9242,1.);
#9242 = DIRECTION('',(0.5,0.866025403784,-0.));
#9243 = PCURVE('',#7291,#9244);
#9244 = DEFINITIONAL_REPRESENTATION('',(#9245),#9249);
#9245 = LINE('',#9246,#9247);
#9246 = CARTESIAN_POINT('',(-29.98187281343,-12.7));
#9247 = VECTOR('',#9248,1.);
#9248 = DIRECTION('',(1.,0.));
#9249 = ( GEOMETRIC_REPRESENTATION_CONTEXT(2) 
PARAMETRIC_REPRESENTATION_CONTEXT() REPRESENTATION_CONTEXT('2D SPACE',''
  ) );
#9250 = PCURVE('',#7604,#9251);
#9251 = DEFINITIONAL_REPRESENTATION('',(#9252),#9256);
#9252 = LINE('',#9253,#9254);
#9253 = CARTESIAN_POINT('',(51.242979812349,5.034936490538));
#9254 = VECTOR('',#9255,1.);
#9255 = DIRECTION('',(0.5,0.866025403784));
#9256 = ( GEOMETRIC_REPRESENTATION_CONTEXT(2) 
PARAMETRIC_REPRESENTATION_CONTEXT() REPRESENTATION_CONTEXT('2D SPACE',''
  ) );
#9257 = ORIENTED_EDGE('',*,*,#9143,.F.);
#9258 = ADVANCED_FACE('',(#9259),#7401,.T.);
#9259 = FACE_BOUND('',#9260,.T.);
#9260 = EDGE_LOOP('',(#9261,#9262,#9263,#9286));
#9261 = ORIENTED_EDGE('',*,*,#7387,.F.);
#9262 = ORIENTED_EDGE('',*,*,#9189,.T.);
#9263 = ORIENTED_EDGE('',*,*,#9264,.T.);
#9264 = EDGE_CURVE('',#9167,#9265,#9267,.T.);
#9265 = VERTEX_POINT('',#9266);
#9266 = CARTESIAN_POINT('',(51.684689435491,56.2,12.7));
#9267 = SURFACE_CURVE('',#9268,(#9272,#9279),.PCURVE_S1.);
#9268 = LINE('',#9269,#9270);
#9269 = CARTESIAN_POINT('',(33.116958109535,56.2,12.7));
#9270 = VECTOR('',#9271,1.);
#9271 = DIRECTION('',(-1.,0.,0.));
#9272 = PCURVE('',#7401,#9273);
#9273 = DEFINITIONAL_REPRESENTATION('',(#9274),#9278);
#9274 = LINE('',#9275,#9276);
#9275 = CARTESIAN_POINT('',(33.116958109535,-12.7));
#9276 = VECTOR('',#9277,1.);
#9277 = DIRECTION('',(1.,0.));
#9278 = ( GEOMETRIC_REPRESENTATION_CONTEXT(2) 
PARAMETRIC_REPRESENTATION_CONTEXT() REPRESENTATION_CONTEXT('2D SPACE',''
  ) );
#9279 = PCURVE('',#7604,#9280);
#9280 = DEFINITIONAL_REPRESENTATION('',(#9281),#9285);
#9281 = LINE('',#9282,#9283);
#9282 = CARTESIAN_POINT('',(33.116958109535,56.2));
#9283 = VECTOR('',#9284,1.);
#9284 = DIRECTION('',(-1.,0.));
#9285 = ( GEOMETRIC_REPRESENTATION_CONTEXT(2) 
PARAMETRIC_REPRESENTATION_CONTEXT() REPRESENTATION_CONTEXT('2D SPACE',''
  ) );
#9286 = ORIENTED_EDGE('',*,*,#9287,.F.);
#9287 = EDGE_CURVE('',#7360,#9265,#9288,.T.);
#9288 = SURFACE_CURVE('',#9289,(#9293,#9300),.PCURVE_S1.);
#9289 = LINE('',#9290,#9291);
#9290 = CARTESIAN_POINT('',(51.684689435491,56.2,0.));
#9291 = VECTOR('',#9292,1.);
#9292 = DIRECTION('',(0.,0.,1.));
#9293 = PCURVE('',#7401,#9294);
#9294 = DEFINITIONAL_REPRESENTATION('',(#9295),#9299);
#9295 = LINE('',#9296,#9297);
#9296 = CARTESIAN_POINT('',(14.549226783579,0.));
#9297 = VECTOR('',#9298,1.);
#9298 = DIRECTION('',(0.,-1.));
#9299 = ( GEOMETRIC_REPRESENTATION_CONTEXT(2) 
PARAMETRIC_REPRESENTATION_CONTEXT() REPRESENTATION_CONTEXT('2D SPACE',''
  ) );
#9300 = PCURVE('',#7375,#9301);
#9301 = DEFINITIONAL_REPRESENTATION('',(#9302),#9306);
#9302 = LINE('',#9303,#9304);
#9303 = CARTESIAN_POINT('',(0.,0.));
#9304 = VECTOR('',#9305,1.);
#9305 = DIRECTION('',(0.,-1.));
#9306 = ( GEOMETRIC_REPRESENTATION_CONTEXT(2) 
PARAMETRIC_REPRESENTATION_CONTEXT() REPRESENTATION_CONTEXT('2D SPACE',''
  ) );
#9307 = ADVANCED_FACE('',(#9308),#7319,.T.);
#9308 = FACE_BOUND('',#9309,.T.);
#9309 = EDGE_LOOP('',(#9310,#9311,#9334,#9355));
#9310 = ORIENTED_EDGE('',*,*,#7303,.F.);
#9311 = ORIENTED_EDGE('',*,*,#9312,.T.);
#9312 = EDGE_CURVE('',#7304,#9313,#9315,.T.);
#9313 = VERTEX_POINT('',#9314);
#9314 = CARTESIAN_POINT('',(51.684689435491,31.,12.7));
#9315 = SURFACE_CURVE('',#9316,(#9320,#9327),.PCURVE_S1.);
#9316 = LINE('',#9317,#9318);
#9317 = CARTESIAN_POINT('',(51.684689435491,31.,0.));
#9318 = VECTOR('',#9319,1.);
#9319 = DIRECTION('',(0.,0.,1.));
#9320 = PCURVE('',#7319,#9321);
#9321 = DEFINITIONAL_REPRESENTATION('',(#9322),#9326);
#9322 = LINE('',#9323,#9324);
#9323 = CARTESIAN_POINT('',(0.,0.));
#9324 = VECTOR('',#9325,1.);
#9325 = DIRECTION('',(0.,-1.));
#9326 = ( GEOMETRIC_REPRESENTATION_CONTEXT(2) 
PARAMETRIC_REPRESENTATION_CONTEXT() REPRESENTATION_CONTEXT('2D SPACE',''
  ) );
#9327 = PCURVE('',#7347,#9328);
#9328 = DEFINITIONAL_REPRESENTATION('',(#9329),#9333);
#9329 = LINE('',#9330,#9331);
#9330 = CARTESIAN_POINT('',(14.549226783578,0.));
#9331 = VECTOR('',#9332,1.);
#9332 = DIRECTION('',(0.,-1.));
#9333 = ( GEOMETRIC_REPRESENTATION_CONTEXT(2) 
PARAMETRIC_REPRESENTATION_CONTEXT() REPRESENTATION_CONTEXT('2D SPACE',''
  ) );
#9334 = ORIENTED_EDGE('',*,*,#9335,.T.);
#9335 = EDGE_CURVE('',#9313,#9215,#9336,.T.);
#9336 = SURFACE_CURVE('',#9337,(#9341,#9348),.PCURVE_S1.);
#9337 = LINE('',#9338,#9339);
#9338 = CARTESIAN_POINT('',(25.842344717746,31.,12.7));
#9339 = VECTOR('',#9340,1.);
#9340 = DIRECTION('',(1.,-2.441857379535E-16,0.));
#9341 = PCURVE('',#7319,#9342);
#9342 = DEFINITIONAL_REPRESENTATION('',(#9343),#9347);
#9343 = LINE('',#9344,#9345);
#9344 = CARTESIAN_POINT('',(-25.84234471774,-12.7));
#9345 = VECTOR('',#9346,1.);
#9346 = DIRECTION('',(1.,0.));
#9347 = ( GEOMETRIC_REPRESENTATION_CONTEXT(2) 
PARAMETRIC_REPRESENTATION_CONTEXT() REPRESENTATION_CONTEXT('2D SPACE',''
  ) );
#9348 = PCURVE('',#7604,#9349);
#9349 = DEFINITIONAL_REPRESENTATION('',(#9350),#9354);
#9350 = LINE('',#9351,#9352);
#9351 = CARTESIAN_POINT('',(25.842344717746,31.));
#9352 = VECTOR('',#9353,1.);
#9353 = DIRECTION('',(1.,-2.441857379535E-16));
#9354 = ( GEOMETRIC_REPRESENTATION_CONTEXT(2) 
PARAMETRIC_REPRESENTATION_CONTEXT() REPRESENTATION_CONTEXT('2D SPACE',''
  ) );
#9355 = ORIENTED_EDGE('',*,*,#9214,.F.);
#9356 = ADVANCED_FACE('',(#9357),#7375,.T.);
#9357 = FACE_BOUND('',#9358,.T.);
#9358 = EDGE_LOOP('',(#9359,#9360,#9361,#9384));
#9359 = ORIENTED_EDGE('',*,*,#7359,.F.);
#9360 = ORIENTED_EDGE('',*,*,#9287,.T.);
#9361 = ORIENTED_EDGE('',*,*,#9362,.T.);
#9362 = EDGE_CURVE('',#9265,#9363,#9365,.T.);
#9363 = VERTEX_POINT('',#9364);
#9364 = CARTESIAN_POINT('',(44.410076043702,43.6,12.7));
#9365 = SURFACE_CURVE('',#9366,(#9370,#9377),.PCURVE_S1.);
#9366 = LINE('',#9367,#9368);
#9367 = CARTESIAN_POINT('',(33.056446332875,23.934936490541,12.7));
#9368 = VECTOR('',#9369,1.);
#9369 = DIRECTION('',(-0.5,-0.866025403784,0.));
#9370 = PCURVE('',#7375,#9371);
#9371 = DEFINITIONAL_REPRESENTATION('',(#9372),#9376);
#9372 = LINE('',#9373,#9374);
#9373 = CARTESIAN_POINT('',(37.256486205218,-12.7));
#9374 = VECTOR('',#9375,1.);
#9375 = DIRECTION('',(1.,0.));
#9376 = ( GEOMETRIC_REPRESENTATION_CONTEXT(2) 
PARAMETRIC_REPRESENTATION_CONTEXT() REPRESENTATION_CONTEXT('2D SPACE',''
  ) );
#9377 = PCURVE('',#7604,#9378);
#9378 = DEFINITIONAL_REPRESENTATION('',(#9379),#9383);
#9379 = LINE('',#9380,#9381);
#9380 = CARTESIAN_POINT('',(33.056446332875,23.934936490541));
#9381 = VECTOR('',#9382,1.);
#9382 = DIRECTION('',(-0.5,-0.866025403784));
#9383 = ( GEOMETRIC_REPRESENTATION_CONTEXT(2) 
PARAMETRIC_REPRESENTATION_CONTEXT() REPRESENTATION_CONTEXT('2D SPACE',''
  ) );
#9384 = ORIENTED_EDGE('',*,*,#9385,.F.);
#9385 = EDGE_CURVE('',#7332,#9363,#9386,.T.);
#9386 = SURFACE_CURVE('',#9387,(#9391,#9398),.PCURVE_S1.);
#9387 = LINE('',#9388,#9389);
#9388 = CARTESIAN_POINT('',(44.410076043702,43.6,0.));
#9389 = VECTOR('',#9390,1.);
#9390 = DIRECTION('',(0.,0.,1.));
#9391 = PCURVE('',#7375,#9392);
#9392 = DEFINITIONAL_REPRESENTATION('',(#9393),#9397);
#9393 = LINE('',#9394,#9395);
#9394 = CARTESIAN_POINT('',(14.549226783578,0.));
#9395 = VECTOR('',#9396,1.);
#9396 = DIRECTION('',(0.,-1.));
#9397 = ( GEOMETRIC_REPRESENTATION_CONTEXT(2) 
PARAMETRIC_REPRESENTATION_CONTEXT() REPRESENTATION_CONTEXT('2D SPACE',''
  ) );
#9398 = PCURVE('',#7347,#9399);
#9399 = DEFINITIONAL_REPRESENTATION('',(#9400),#9404);
#9400 = LINE('',#9401,#9402);
#9401 = CARTESIAN_POINT('',(0.,0.));
#9402 = VECTOR('',#9403,1.);
#9403 = DIRECTION('',(0.,-1.));
#9404 = ( GEOMETRIC_REPRESENTATION_CONTEXT(2) 
PARAMETRIC_REPRESENTATION_CONTEXT() REPRESENTATION_CONTEXT('2D SPACE',''
  ) );
#9405 = ADVANCED_FACE('',(#9406),#7347,.T.);
#9406 = FACE_BOUND('',#9407,.T.);
#9407 = EDGE_LOOP('',(#9408,#9409,#9410,#9431));
#9408 = ORIENTED_EDGE('',*,*,#7331,.F.);
#9409 = ORIENTED_EDGE('',*,*,#9385,.T.);
#9410 = ORIENTED_EDGE('',*,*,#9411,.T.);
#9411 = EDGE_CURVE('',#9363,#9313,#9412,.T.);
#9412 = SURFACE_CURVE('',#9413,(#9417,#9424),.PCURVE_S1.);
#9413 = LINE('',#9414,#9415);
#9414 = CARTESIAN_POINT('',(48.298493439488,36.865063509468,12.7));
#9415 = VECTOR('',#9416,1.);
#9416 = DIRECTION('',(0.5,-0.866025403784,0.));
#9417 = PCURVE('',#7347,#9418);
#9418 = DEFINITIONAL_REPRESENTATION('',(#9419),#9423);
#9419 = LINE('',#9420,#9421);
#9420 = CARTESIAN_POINT('',(7.776834791569,-12.7));
#9421 = VECTOR('',#9422,1.);
#9422 = DIRECTION('',(1.,0.));
#9423 = ( GEOMETRIC_REPRESENTATION_CONTEXT(2) 
PARAMETRIC_REPRESENTATION_CONTEXT() REPRESENTATION_CONTEXT('2D SPACE',''
  ) );
#9424 = PCURVE('',#7604,#9425);
#9425 = DEFINITIONAL_REPRESENTATION('',(#9426),#9430);
#9426 = LINE('',#9427,#9428);
#9427 = CARTESIAN_POINT('',(48.298493439488,36.865063509468));
#9428 = VECTOR('',#9429,1.);
#9429 = DIRECTION('',(0.5,-0.866025403784));
#9430 = ( GEOMETRIC_REPRESENTATION_CONTEXT(2) 
PARAMETRIC_REPRESENTATION_CONTEXT() REPRESENTATION_CONTEXT('2D SPACE',''
  ) );
#9431 = ORIENTED_EDGE('',*,*,#9312,.F.);
#9432 = ADVANCED_FACE('',(#9433),#7433,.T.);
#9433 = FACE_BOUND('',#9434,.T.);
#9434 = EDGE_LOOP('',(#9435,#9436,#9459,#9482));
#9435 = ORIENTED_EDGE('',*,*,#7415,.F.);
#9436 = ORIENTED_EDGE('',*,*,#9437,.T.);
#9437 = EDGE_CURVE('',#7416,#9438,#9440,.T.);
#9438 = VERTEX_POINT('',#9439);
#9439 = CARTESIAN_POINT('',(134.47671803728,43.6,12.7));
#9440 = SURFACE_CURVE('',#9441,(#9445,#9452),.PCURVE_S1.);
#9441 = LINE('',#9442,#9443);
#9442 = CARTESIAN_POINT('',(134.47671803728,43.6,0.));
#9443 = VECTOR('',#9444,1.);
#9444 = DIRECTION('',(0.,0.,1.));
#9445 = PCURVE('',#7433,#9446);
#9446 = DEFINITIONAL_REPRESENTATION('',(#9447),#9451);
#9447 = LINE('',#9448,#9449);
#9448 = CARTESIAN_POINT('',(0.,0.));
#9449 = VECTOR('',#9450,1.);
#9450 = DIRECTION('',(0.,-1.));
#9451 = ( GEOMETRIC_REPRESENTATION_CONTEXT(2) 
PARAMETRIC_REPRESENTATION_CONTEXT() REPRESENTATION_CONTEXT('2D SPACE',''
  ) );
#9452 = PCURVE('',#7461,#9453);
#9453 = DEFINITIONAL_REPRESENTATION('',(#9454),#9458);
#9454 = LINE('',#9455,#9456);
#9455 = CARTESIAN_POINT('',(14.549226783579,0.));
#9456 = VECTOR('',#9457,1.);
#9457 = DIRECTION('',(0.,-1.));
#9458 = ( GEOMETRIC_REPRESENTATION_CONTEXT(2) 
PARAMETRIC_REPRESENTATION_CONTEXT() REPRESENTATION_CONTEXT('2D SPACE',''
  ) );
#9459 = ORIENTED_EDGE('',*,*,#9460,.T.);
#9460 = EDGE_CURVE('',#9438,#9461,#9463,.T.);
#9461 = VERTEX_POINT('',#9462);
#9462 = CARTESIAN_POINT('',(127.20210464549,56.2,12.7));
#9463 = SURFACE_CURVE('',#9464,(#9468,#9475),.PCURVE_S1.);
#9464 = LINE('',#9465,#9466);
#9465 = CARTESIAN_POINT('',(127.10680518386,56.365063509472,12.7));
#9466 = VECTOR('',#9467,1.);
#9467 = DIRECTION('',(-0.5,0.866025403784,0.));
#9468 = PCURVE('',#7433,#9469);
#9469 = DEFINITIONAL_REPRESENTATION('',(#9470),#9474);
#9470 = LINE('',#9471,#9472);
#9471 = CARTESIAN_POINT('',(14.739825706834,-12.7));
#9472 = VECTOR('',#9473,1.);
#9473 = DIRECTION('',(1.,0.));
#9474 = ( GEOMETRIC_REPRESENTATION_CONTEXT(2) 
PARAMETRIC_REPRESENTATION_CONTEXT() REPRESENTATION_CONTEXT('2D SPACE',''
  ) );
#9475 = PCURVE('',#7604,#9476);
#9476 = DEFINITIONAL_REPRESENTATION('',(#9477),#9481);
#9477 = LINE('',#9478,#9479);
#9478 = CARTESIAN_POINT('',(127.10680518386,56.365063509472));
#9479 = VECTOR('',#9480,1.);
#9480 = DIRECTION('',(-0.5,0.866025403784));
#9481 = ( GEOMETRIC_REPRESENTATION_CONTEXT(2) 
PARAMETRIC_REPRESENTATION_CONTEXT() REPRESENTATION_CONTEXT('2D SPACE',''
  ) );
#9482 = ORIENTED_EDGE('',*,*,#9483,.F.);
#9483 = EDGE_CURVE('',#7418,#9461,#9484,.T.);
#9484 = SURFACE_CURVE('',#9485,(#9489,#9496),.PCURVE_S1.);
#9485 = LINE('',#9486,#9487);
#9486 = CARTESIAN_POINT('',(127.20210464549,56.2,0.));
#9487 = VECTOR('',#9488,1.);
#9488 = DIRECTION('',(0.,0.,1.));
#9489 = PCURVE('',#7433,#9490);
#9490 = DEFINITIONAL_REPRESENTATION('',(#9491),#9495);
#9491 = LINE('',#9492,#9493);
#9492 = CARTESIAN_POINT('',(14.549226783579,0.));
#9493 = VECTOR('',#9494,1.);
#9494 = DIRECTION('',(0.,-1.));
#9495 = ( GEOMETRIC_REPRESENTATION_CONTEXT(2) 
PARAMETRIC_REPRESENTATION_CONTEXT() REPRESENTATION_CONTEXT('2D SPACE',''
  ) );
#9496 = PCURVE('',#7571,#9497);
#9497 = DEFINITIONAL_REPRESENTATION('',(#9498),#9502);
#9498 = LINE('',#9499,#9500);
#9499 = CARTESIAN_POINT('',(0.,-0.));
#9500 = VECTOR('',#9501,1.);
#9501 = DIRECTION('',(0.,-1.));
#9502 = ( GEOMETRIC_REPRESENTATION_CONTEXT(2) 
PARAMETRIC_REPRESENTATION_CONTEXT() REPRESENTATION_CONTEXT('2D SPACE',''
  ) );
#9503 = ADVANCED_FACE('',(#9504),#7461,.T.);
#9504 = FACE_BOUND('',#9505,.T.);
#9505 = EDGE_LOOP('',(#9506,#9507,#9530,#9551));
#9506 = ORIENTED_EDGE('',*,*,#7445,.F.);
#9507 = ORIENTED_EDGE('',*,*,#9508,.T.);
#9508 = EDGE_CURVE('',#7446,#9509,#9511,.T.);
#9509 = VERTEX_POINT('',#9510);
#9510 = CARTESIAN_POINT('',(127.20210464549,31.,12.7));
#9511 = SURFACE_CURVE('',#9512,(#9516,#9523),.PCURVE_S1.);
#9512 = LINE('',#9513,#9514);
#9513 = CARTESIAN_POINT('',(127.20210464549,31.,0.));
#9514 = VECTOR('',#9515,1.);
#9515 = DIRECTION('',(0.,0.,1.));
#9516 = PCURVE('',#7461,#9517);
#9517 = DEFINITIONAL_REPRESENTATION('',(#9518),#9522);
#9518 = LINE('',#9519,#9520);
#9519 = CARTESIAN_POINT('',(0.,0.));
#9520 = VECTOR('',#9521,1.);
#9521 = DIRECTION('',(0.,-1.));
#9522 = ( GEOMETRIC_REPRESENTATION_CONTEXT(2) 
PARAMETRIC_REPRESENTATION_CONTEXT() REPRESENTATION_CONTEXT('2D SPACE',''
  ) );
#9523 = PCURVE('',#7489,#9524);
#9524 = DEFINITIONAL_REPRESENTATION('',(#9525),#9529);
#9525 = LINE('',#9526,#9527);
#9526 = CARTESIAN_POINT('',(14.54922678358,0.));
#9527 = VECTOR('',#9528,1.);
#9528 = DIRECTION('',(0.,-1.));
#9529 = ( GEOMETRIC_REPRESENTATION_CONTEXT(2) 
PARAMETRIC_REPRESENTATION_CONTEXT() REPRESENTATION_CONTEXT('2D SPACE',''
  ) );
#9530 = ORIENTED_EDGE('',*,*,#9531,.T.);
#9531 = EDGE_CURVE('',#9509,#9438,#9532,.T.);
#9532 = SURFACE_CURVE('',#9533,(#9537,#9544),.PCURVE_S1.);
#9533 = LINE('',#9534,#9535);
#9534 = CARTESIAN_POINT('',(104.59014468546,-8.165063509464,12.7));
#9535 = VECTOR('',#9536,1.);
#9536 = DIRECTION('',(0.5,0.866025403784,-0.));
#9537 = PCURVE('',#7461,#9538);
#9538 = DEFINITIONAL_REPRESENTATION('',(#9539),#9543);
#9539 = LINE('',#9540,#9541);
#9540 = CARTESIAN_POINT('',(-45.22391992004,-12.7));
#9541 = VECTOR('',#9542,1.);
#9542 = DIRECTION('',(1.,0.));
#9543 = ( GEOMETRIC_REPRESENTATION_CONTEXT(2) 
PARAMETRIC_REPRESENTATION_CONTEXT() REPRESENTATION_CONTEXT('2D SPACE',''
  ) );
#9544 = PCURVE('',#7604,#9545);
#9545 = DEFINITIONAL_REPRESENTATION('',(#9546),#9550);
#9546 = LINE('',#9547,#9548);
#9547 = CARTESIAN_POINT('',(104.59014468546,-8.165063509464));
#9548 = VECTOR('',#9549,1.);
#9549 = DIRECTION('',(0.5,0.866025403784));
#9550 = ( GEOMETRIC_REPRESENTATION_CONTEXT(2) 
PARAMETRIC_REPRESENTATION_CONTEXT() REPRESENTATION_CONTEXT('2D SPACE',''
  ) );
#9551 = ORIENTED_EDGE('',*,*,#9437,.F.);
#9552 = ADVANCED_FACE('',(#9553),#7571,.T.);
#9553 = FACE_BOUND('',#9554,.T.);
#9554 = EDGE_LOOP('',(#9555,#9556,#9557,#9580));
#9555 = ORIENTED_EDGE('',*,*,#7557,.F.);
#9556 = ORIENTED_EDGE('',*,*,#9483,.T.);
#9557 = ORIENTED_EDGE('',*,*,#9558,.T.);
#9558 = EDGE_CURVE('',#9461,#9559,#9561,.T.);
#9559 = VERTEX_POINT('',#9560);
#9560 = CARTESIAN_POINT('',(112.65287786191,56.2,12.7));
#9561 = SURFACE_CURVE('',#9562,(#9566,#9573),.PCURVE_S1.);
#9562 = LINE('',#9563,#9564);
#9563 = CARTESIAN_POINT('',(63.601052322745,56.2,12.7));
#9564 = VECTOR('',#9565,1.);
#9565 = DIRECTION('',(-1.,0.,0.));
#9566 = PCURVE('',#7571,#9567);
#9567 = DEFINITIONAL_REPRESENTATION('',(#9568),#9572);
#9568 = LINE('',#9569,#9570);
#9569 = CARTESIAN_POINT('',(63.601052322745,-12.7));
#9570 = VECTOR('',#9571,1.);
#9571 = DIRECTION('',(1.,0.));
#9572 = ( GEOMETRIC_REPRESENTATION_CONTEXT(2) 
PARAMETRIC_REPRESENTATION_CONTEXT() REPRESENTATION_CONTEXT('2D SPACE',''
  ) );
#9573 = PCURVE('',#7604,#9574);
#9574 = DEFINITIONAL_REPRESENTATION('',(#9575),#9579);
#9575 = LINE('',#9576,#9577);
#9576 = CARTESIAN_POINT('',(63.601052322745,56.2));
#9577 = VECTOR('',#9578,1.);
#9578 = DIRECTION('',(-1.,0.));
#9579 = ( GEOMETRIC_REPRESENTATION_CONTEXT(2) 
PARAMETRIC_REPRESENTATION_CONTEXT() REPRESENTATION_CONTEXT('2D SPACE',''
  ) );
#9580 = ORIENTED_EDGE('',*,*,#9581,.F.);
#9581 = EDGE_CURVE('',#7530,#9559,#9582,.T.);
#9582 = SURFACE_CURVE('',#9583,(#9587,#9594),.PCURVE_S1.);
#9583 = LINE('',#9584,#9585);
#9584 = CARTESIAN_POINT('',(112.65287786191,56.2,0.));
#9585 = VECTOR('',#9586,1.);
#9586 = DIRECTION('',(0.,0.,1.));
#9587 = PCURVE('',#7571,#9588);
#9588 = DEFINITIONAL_REPRESENTATION('',(#9589),#9593);
#9589 = LINE('',#9590,#9591);
#9590 = CARTESIAN_POINT('',(14.54922678358,0.));
#9591 = VECTOR('',#9592,1.);
#9592 = DIRECTION('',(0.,-1.));
#9593 = ( GEOMETRIC_REPRESENTATION_CONTEXT(2) 
PARAMETRIC_REPRESENTATION_CONTEXT() REPRESENTATION_CONTEXT('2D SPACE',''
  ) );
#9594 = PCURVE('',#7545,#9595);
#9595 = DEFINITIONAL_REPRESENTATION('',(#9596),#9600);
#9596 = LINE('',#9597,#9598);
#9597 = CARTESIAN_POINT('',(0.,0.));
#9598 = VECTOR('',#9599,1.);
#9599 = DIRECTION('',(0.,-1.));
#9600 = ( GEOMETRIC_REPRESENTATION_CONTEXT(2) 
PARAMETRIC_REPRESENTATION_CONTEXT() REPRESENTATION_CONTEXT('2D SPACE',''
  ) );
#9601 = ADVANCED_FACE('',(#9602),#7489,.T.);
#9602 = FACE_BOUND('',#9603,.T.);
#9603 = EDGE_LOOP('',(#9604,#9605,#9628,#9649));
#9604 = ORIENTED_EDGE('',*,*,#7473,.F.);
#9605 = ORIENTED_EDGE('',*,*,#9606,.T.);
#9606 = EDGE_CURVE('',#7474,#9607,#9609,.T.);
#9607 = VERTEX_POINT('',#9608);
#9608 = CARTESIAN_POINT('',(112.65287786191,31.,12.7));
#9609 = SURFACE_CURVE('',#9610,(#9614,#9621),.PCURVE_S1.);
#9610 = LINE('',#9611,#9612);
#9611 = CARTESIAN_POINT('',(112.65287786191,31.,0.));
#9612 = VECTOR('',#9613,1.);
#9613 = DIRECTION('',(0.,0.,1.));
#9614 = PCURVE('',#7489,#9615);
#9615 = DEFINITIONAL_REPRESENTATION('',(#9616),#9620);
#9616 = LINE('',#9617,#9618);
#9617 = CARTESIAN_POINT('',(0.,0.));
#9618 = VECTOR('',#9619,1.);
#9619 = DIRECTION('',(0.,-1.));
#9620 = ( GEOMETRIC_REPRESENTATION_CONTEXT(2) 
PARAMETRIC_REPRESENTATION_CONTEXT() REPRESENTATION_CONTEXT('2D SPACE',''
  ) );
#9621 = PCURVE('',#7517,#9622);
#9622 = DEFINITIONAL_REPRESENTATION('',(#9623),#9627);
#9623 = LINE('',#9624,#9625);
#9624 = CARTESIAN_POINT('',(14.549226783579,0.));
#9625 = VECTOR('',#9626,1.);
#9626 = DIRECTION('',(0.,-1.));
#9627 = ( GEOMETRIC_REPRESENTATION_CONTEXT(2) 
PARAMETRIC_REPRESENTATION_CONTEXT() REPRESENTATION_CONTEXT('2D SPACE',''
  ) );
#9628 = ORIENTED_EDGE('',*,*,#9629,.T.);
#9629 = EDGE_CURVE('',#9607,#9509,#9630,.T.);
#9630 = SURFACE_CURVE('',#9631,(#9635,#9642),.PCURVE_S1.);
#9631 = LINE('',#9632,#9633);
#9632 = CARTESIAN_POINT('',(56.326438930955,31.,12.7));
#9633 = VECTOR('',#9634,1.);
#9634 = DIRECTION('',(1.,-2.441857379535E-16,0.));
#9635 = PCURVE('',#7489,#9636);
#9636 = DEFINITIONAL_REPRESENTATION('',(#9637),#9641);
#9637 = LINE('',#9638,#9639);
#9638 = CARTESIAN_POINT('',(-56.32643893095,-12.7));
#9639 = VECTOR('',#9640,1.);
#9640 = DIRECTION('',(1.,0.));
#9641 = ( GEOMETRIC_REPRESENTATION_CONTEXT(2) 
PARAMETRIC_REPRESENTATION_CONTEXT() REPRESENTATION_CONTEXT('2D SPACE',''
  ) );
#9642 = PCURVE('',#7604,#9643);
#9643 = DEFINITIONAL_REPRESENTATION('',(#9644),#9648);
#9644 = LINE('',#9645,#9646);
#9645 = CARTESIAN_POINT('',(56.326438930955,31.));
#9646 = VECTOR('',#9647,1.);
#9647 = DIRECTION('',(1.,-2.441857379535E-16));
#9648 = ( GEOMETRIC_REPRESENTATION_CONTEXT(2) 
PARAMETRIC_REPRESENTATION_CONTEXT() REPRESENTATION_CONTEXT('2D SPACE',''
  ) );
#9649 = ORIENTED_EDGE('',*,*,#9508,.F.);
#9650 = ADVANCED_FACE('',(#9651),#7545,.T.);
#9651 = FACE_BOUND('',#9652,.T.);
#9652 = EDGE_LOOP('',(#9653,#9654,#9655,#9678));
#9653 = ORIENTED_EDGE('',*,*,#7529,.F.);
#9654 = ORIENTED_EDGE('',*,*,#9581,.T.);
#9655 = ORIENTED_EDGE('',*,*,#9656,.T.);
#9656 = EDGE_CURVE('',#9559,#9657,#9659,.T.);
#9657 = VERTEX_POINT('',#9658);
#9658 = CARTESIAN_POINT('',(105.37826447012,43.6,12.7));
#9659 = SURFACE_CURVE('',#9660,(#9664,#9671),.PCURVE_S1.);
#9660 = LINE('',#9661,#9662);
#9661 = CARTESIAN_POINT('',(86.403611205986,10.734936490539,12.7));
#9662 = VECTOR('',#9663,1.);
#9663 = DIRECTION('',(-0.5,-0.866025403784,0.));
#9664 = PCURVE('',#7545,#9665);
#9665 = DEFINITIONAL_REPRESENTATION('',(#9666),#9670);
#9666 = LINE('',#9667,#9668);
#9667 = CARTESIAN_POINT('',(52.498533311828,-12.7));
#9668 = VECTOR('',#9669,1.);
#9669 = DIRECTION('',(1.,0.));
#9670 = ( GEOMETRIC_REPRESENTATION_CONTEXT(2) 
PARAMETRIC_REPRESENTATION_CONTEXT() REPRESENTATION_CONTEXT('2D SPACE',''
  ) );
#9671 = PCURVE('',#7604,#9672);
#9672 = DEFINITIONAL_REPRESENTATION('',(#9673),#9677);
#9673 = LINE('',#9674,#9675);
#9674 = CARTESIAN_POINT('',(86.403611205986,10.734936490539));
#9675 = VECTOR('',#9676,1.);
#9676 = DIRECTION('',(-0.5,-0.866025403784));
#9677 = ( GEOMETRIC_REPRESENTATION_CONTEXT(2) 
PARAMETRIC_REPRESENTATION_CONTEXT() REPRESENTATION_CONTEXT('2D SPACE',''
  ) );
#9678 = ORIENTED_EDGE('',*,*,#9679,.F.);
#9679 = EDGE_CURVE('',#7502,#9657,#9680,.T.);
#9680 = SURFACE_CURVE('',#9681,(#9685,#9692),.PCURVE_S1.);
#9681 = LINE('',#9682,#9683);
#9682 = CARTESIAN_POINT('',(105.37826447012,43.6,0.));
#9683 = VECTOR('',#9684,1.);
#9684 = DIRECTION('',(0.,0.,1.));
#9685 = PCURVE('',#7545,#9686);
#9686 = DEFINITIONAL_REPRESENTATION('',(#9687),#9691);
#9687 = LINE('',#9688,#9689);
#9688 = CARTESIAN_POINT('',(14.549226783579,0.));
#9689 = VECTOR('',#9690,1.);
#9690 = DIRECTION('',(0.,-1.));
#9691 = ( GEOMETRIC_REPRESENTATION_CONTEXT(2) 
PARAMETRIC_REPRESENTATION_CONTEXT() REPRESENTATION_CONTEXT('2D SPACE',''
  ) );
#9692 = PCURVE('',#7517,#9693);
#9693 = DEFINITIONAL_REPRESENTATION('',(#9694),#9698);
#9694 = LINE('',#9695,#9696);
#9695 = CARTESIAN_POINT('',(0.,0.));
#9696 = VECTOR('',#9697,1.);
#9697 = DIRECTION('',(0.,-1.));
#9698 = ( GEOMETRIC_REPRESENTATION_CONTEXT(2) 
PARAMETRIC_REPRESENTATION_CONTEXT() REPRESENTATION_CONTEXT('2D SPACE',''
  ) );
#9699 = ADVANCED_FACE('',(#9700),#7517,.T.);
#9700 = FACE_BOUND('',#9701,.T.);
#9701 = EDGE_LOOP('',(#9702,#9703,#9704,#9725));
#9702 = ORIENTED_EDGE('',*,*,#7501,.F.);
#9703 = ORIENTED_EDGE('',*,*,#9679,.T.);
#9704 = ORIENTED_EDGE('',*,*,#9705,.T.);
#9705 = EDGE_CURVE('',#9657,#9607,#9706,.T.);
#9706 = SURFACE_CURVE('',#9707,(#9711,#9718),.PCURVE_S1.);
#9707 = LINE('',#9708,#9709);
#9708 = CARTESIAN_POINT('',(101.64565831259,50.06506350947,12.7));
#9709 = VECTOR('',#9710,1.);
#9710 = DIRECTION('',(0.5,-0.866025403784,0.));
#9711 = PCURVE('',#7517,#9712);
#9712 = DEFINITIONAL_REPRESENTATION('',(#9713),#9717);
#9713 = LINE('',#9714,#9715);
#9714 = CARTESIAN_POINT('',(-7.465212315046,-12.7));
#9715 = VECTOR('',#9716,1.);
#9716 = DIRECTION('',(1.,0.));
#9717 = ( GEOMETRIC_REPRESENTATION_CONTEXT(2) 
PARAMETRIC_REPRESENTATION_CONTEXT() REPRESENTATION_CONTEXT('2D SPACE',''
  ) );
#9718 = PCURVE('',#7604,#9719);
#9719 = DEFINITIONAL_REPRESENTATION('',(#9720),#9724);
#9720 = LINE('',#9721,#9722);
#9721 = CARTESIAN_POINT('',(101.64565831259,50.06506350947));
#9722 = VECTOR('',#9723,1.);
#9723 = DIRECTION('',(0.5,-0.866025403784));
#9724 = ( GEOMETRIC_REPRESENTATION_CONTEXT(2) 
PARAMETRIC_REPRESENTATION_CONTEXT() REPRESENTATION_CONTEXT('2D SPACE',''
  ) );
#9725 = ORIENTED_EDGE('',*,*,#9606,.F.);
#9726 = ADVANCED_FACE('',(#9727,#9914,#9922,#9930,#9938),#7604,.T.);
#9727 = FACE_BOUND('',#9728,.T.);
#9728 = EDGE_LOOP('',(#9729,#9730,#9731,#9732,#9733,#9734,#9735,#9758,
    #9811,#9839,#9892,#9913));
#9729 = ORIENTED_EDGE('',*,*,#7586,.T.);
#9730 = ORIENTED_EDGE('',*,*,#7806,.F.);
#9731 = ORIENTED_EDGE('',*,*,#8054,.F.);
#9732 = ORIENTED_EDGE('',*,*,#8171,.T.);
#9733 = ORIENTED_EDGE('',*,*,#8302,.T.);
#9734 = ORIENTED_EDGE('',*,*,#8493,.F.);
#9735 = ORIENTED_EDGE('',*,*,#9736,.T.);
#9736 = EDGE_CURVE('',#8456,#9737,#9739,.T.);
#9737 = VERTEX_POINT('',#9738);
#9738 = CARTESIAN_POINT('',(195.71250001733,18.814213051107,12.7));
#9739 = SURFACE_CURVE('',#9740,(#9744,#9751),.PCURVE_S1.);
#9740 = LINE('',#9741,#9742);
#9741 = CARTESIAN_POINT('',(208.1171748808,25.980421545433,12.7));
#9742 = VECTOR('',#9743,1.);
#9743 = DIRECTION('',(-0.865893403497,-0.50022856154,0.));
#9744 = PCURVE('',#7604,#9745);
#9745 = DEFINITIONAL_REPRESENTATION('',(#9746),#9750);
#9746 = LINE('',#9747,#9748);
#9747 = CARTESIAN_POINT('',(208.1171748808,25.980421545433));
#9748 = VECTOR('',#9749,1.);
#9749 = DIRECTION('',(-0.865893403497,-0.50022856154));
#9750 = ( GEOMETRIC_REPRESENTATION_CONTEXT(2) 
PARAMETRIC_REPRESENTATION_CONTEXT() REPRESENTATION_CONTEXT('2D SPACE',''
  ) );
#9751 = PCURVE('',#8477,#9752);
#9752 = DEFINITIONAL_REPRESENTATION('',(#9753),#9757);
#9753 = LINE('',#9754,#9755);
#9754 = CARTESIAN_POINT('',(0.,0.));
#9755 = VECTOR('',#9756,1.);
#9756 = DIRECTION('',(0.,1.));
#9757 = ( GEOMETRIC_REPRESENTATION_CONTEXT(2) 
PARAMETRIC_REPRESENTATION_CONTEXT() REPRESENTATION_CONTEXT('2D SPACE',''
  ) );
#9758 = ORIENTED_EDGE('',*,*,#9759,.F.);
#9759 = EDGE_CURVE('',#9760,#9737,#9762,.T.);
#9760 = VERTEX_POINT('',#9761);
#9761 = CARTESIAN_POINT('',(194.9625,19.247489683409,12.7));
#9762 = SURFACE_CURVE('',#9763,(#9771,#9782),.PCURVE_S1.);
#9763 = B_SPLINE_CURVE_WITH_KNOTS('',6,(#9764,#9765,#9766,#9767,#9768,
    #9769,#9770),.UNSPECIFIED.,.F.,.F.,(7,7),(0.,2.09465904264),
  .PIECEWISE_BEZIER_KNOTS.);
#9764 = CARTESIAN_POINT('',(194.9625,19.247489683409,12.7));
#9765 = CARTESIAN_POINT('',(194.9625,19.07304119458,12.7));
#9766 = CARTESIAN_POINT('',(195.03537368331,18.898680833603,12.7));
#9767 = CARTESIAN_POINT('',(195.18160580325,18.761854427039,12.7));
#9768 = CARTESIAN_POINT('',(195.37343981789,18.702801068626,12.7));
#9769 = CARTESIAN_POINT('',(195.56123888136,18.726829153554,12.7));
#9770 = CARTESIAN_POINT('',(195.71250001733,18.814213051107,12.7));
#9771 = PCURVE('',#7604,#9772);
#9772 = DEFINITIONAL_REPRESENTATION('',(#9773),#9781);
#9773 = B_SPLINE_CURVE_WITH_KNOTS('',6,(#9774,#9775,#9776,#9777,#9778,
    #9779,#9780),.UNSPECIFIED.,.F.,.F.,(7,7),(0.,2.09465904264),
  .PIECEWISE_BEZIER_KNOTS.);
#9774 = CARTESIAN_POINT('',(194.9625,19.247489683409));
#9775 = CARTESIAN_POINT('',(194.9625,19.07304119458));
#9776 = CARTESIAN_POINT('',(195.03537368331,18.898680833603));
#9777 = CARTESIAN_POINT('',(195.18160580325,18.761854427039));
#9778 = CARTESIAN_POINT('',(195.37343981789,18.702801068626));
#9779 = CARTESIAN_POINT('',(195.56123888136,18.726829153554));
#9780 = CARTESIAN_POINT('',(195.71250001733,18.814213051107));
#9781 = ( GEOMETRIC_REPRESENTATION_CONTEXT(2) 
PARAMETRIC_REPRESENTATION_CONTEXT() REPRESENTATION_CONTEXT('2D SPACE',''
  ) );
#9782 = PCURVE('',#9783,#9805);
#9783 = ( BOUNDED_SURFACE() B_SPLINE_SURFACE(2,6,(
    (#9784,#9785,#9786,#9787,#9788,#9789,#9790)
    ,(#9791,#9792,#9793,#9794,#9795,#9796,#9797)
    ,(#9798,#9799,#9800,#9801,#9802,#9803,#9804
)),.UNSPECIFIED.,.F.,.F.,.F.) B_SPLINE_SURFACE_WITH_KNOTS((3,3),(7,7),(
    0.,2.09465904264),(0.,2.09465904264),.PIECEWISE_BEZIER_KNOTS.) 
GEOMETRIC_REPRESENTATION_ITEM() RATIONAL_B_SPLINE_SURFACE((
    (1.,1.,1.,1.,1.,1.,1.)
    ,(0.707106781187,0.702816197344,0.698499787525,0.695043379923
      ,0.69353366164,0.694147612644,0.696339051747)
,(1.,1.,1.,1.,1.,1.,1.))) REPRESENTATION_ITEM('') SURFACE() );
#9784 = CARTESIAN_POINT('',(194.9625,19.247489683409,12.7));
#9785 = CARTESIAN_POINT('',(194.9625,19.07304119458,12.7));
#9786 = CARTESIAN_POINT('',(195.03537368331,18.898680833603,12.7));
#9787 = CARTESIAN_POINT('',(195.18160580325,18.761854427039,12.7));
#9788 = CARTESIAN_POINT('',(195.37343981789,18.702801068626,12.7));
#9789 = CARTESIAN_POINT('',(195.56123888136,18.726829153554,12.7));
#9790 = CARTESIAN_POINT('',(195.71250001733,18.814213051107,12.7));
#9791 = CARTESIAN_POINT('',(195.2625,19.247489683409,12.7));
#9792 = CARTESIAN_POINT('',(195.26616290691,19.177348544177,12.7));
#9793 = CARTESIAN_POINT('',(195.2993220202,19.110337385226,12.7));
#9794 = CARTESIAN_POINT('',(195.35829126303,19.062953279925,12.7));
#9795 = CARTESIAN_POINT('',(195.42823899493,19.042515202988,12.7));
#9796 = CARTESIAN_POINT('',(195.49890478575,19.050104741501,12.7));
#9797 = CARTESIAN_POINT('',(195.55782513653,19.081954578219,12.7));
#9798 = CARTESIAN_POINT('',(195.2625,19.247489683409,12.4));
#9799 = CARTESIAN_POINT('',(195.2625,19.177774146712,12.396359318883));
#9800 = CARTESIAN_POINT('',(195.2915022,19.108122911933,12.392722005996)
  );
#9801 = CARTESIAN_POINT('',(195.34959580951,19.053105929104,
    12.389848789175));
#9802 = CARTESIAN_POINT('',(195.42661743643,19.029124565564,
    12.388596555463));
#9803 = CARTESIAN_POINT('',(195.50191271117,19.03879703552,
    12.38910166344));
#9804 = CARTESIAN_POINT('',(195.56250000693,19.073862398458,
    12.390932844992));
#9805 = DEFINITIONAL_REPRESENTATION('',(#9806),#9810);
#9806 = LINE('',#9807,#9808);
#9807 = CARTESIAN_POINT('',(0.,0.));
#9808 = VECTOR('',#9809,1.);
#9809 = DIRECTION('',(0.,1.));
#9810 = ( GEOMETRIC_REPRESENTATION_CONTEXT(2) 
PARAMETRIC_REPRESENTATION_CONTEXT() REPRESENTATION_CONTEXT('2D SPACE',''
  ) );
#9811 = ORIENTED_EDGE('',*,*,#9812,.T.);
#9812 = EDGE_CURVE('',#9760,#9813,#9815,.T.);
#9813 = VERTEX_POINT('',#9814);
#9814 = CARTESIAN_POINT('',(194.9625,71.222628776591,12.7));
#9815 = SURFACE_CURVE('',#9816,(#9820,#9827),.PCURVE_S1.);
#9816 = LINE('',#9817,#9818);
#9817 = CARTESIAN_POINT('',(194.9625,18.911344584381,12.7));
#9818 = VECTOR('',#9819,1.);
#9819 = DIRECTION('',(0.,1.,0.));
#9820 = PCURVE('',#7604,#9821);
#9821 = DEFINITIONAL_REPRESENTATION('',(#9822),#9826);
#9822 = LINE('',#9823,#9824);
#9823 = CARTESIAN_POINT('',(194.9625,18.911344584381));
#9824 = VECTOR('',#9825,1.);
#9825 = DIRECTION('',(0.,1.));
#9826 = ( GEOMETRIC_REPRESENTATION_CONTEXT(2) 
PARAMETRIC_REPRESENTATION_CONTEXT() REPRESENTATION_CONTEXT('2D SPACE',''
  ) );
#9827 = PCURVE('',#9828,#9833);
#9828 = CYLINDRICAL_SURFACE('',#9829,0.3);
#9829 = AXIS2_PLACEMENT_3D('',#9830,#9831,#9832);
#9830 = CARTESIAN_POINT('',(194.9625,18.911344584381,12.4));
#9831 = DIRECTION('',(0.,1.,0.));
#9832 = DIRECTION('',(0.,-0.,1.));
#9833 = DEFINITIONAL_REPRESENTATION('',(#9834),#9838);
#9834 = LINE('',#9835,#9836);
#9835 = CARTESIAN_POINT('',(0.,0.));
#9836 = VECTOR('',#9837,1.);
#9837 = DIRECTION('',(0.,1.));
#9838 = ( GEOMETRIC_REPRESENTATION_CONTEXT(2) 
PARAMETRIC_REPRESENTATION_CONTEXT() REPRESENTATION_CONTEXT('2D SPACE',''
  ) );
#9839 = ORIENTED_EDGE('',*,*,#9840,.F.);
#9840 = EDGE_CURVE('',#9841,#9813,#9843,.T.);
#9841 = VERTEX_POINT('',#9842);
#9842 = CARTESIAN_POINT('',(195.71250001733,71.655905408893,12.7));
#9843 = SURFACE_CURVE('',#9844,(#9852,#9863),.PCURVE_S1.);
#9844 = B_SPLINE_CURVE_WITH_KNOTS('',6,(#9845,#9846,#9847,#9848,#9849,
    #9850,#9851),.UNSPECIFIED.,.F.,.F.,(7,7),(0.,2.09465904264),
  .PIECEWISE_BEZIER_KNOTS.);
#9845 = CARTESIAN_POINT('',(195.71250001733,71.655905408893,12.7));
#9846 = CARTESIAN_POINT('',(195.56123888136,71.743289306446,12.7));
#9847 = CARTESIAN_POINT('',(195.37343981789,71.767317391374,12.7));
#9848 = CARTESIAN_POINT('',(195.18160580325,71.708264032961,12.7));
#9849 = CARTESIAN_POINT('',(195.03537368331,71.571437626397,12.7));
#9850 = CARTESIAN_POINT('',(194.9625,71.39707726542,12.7));
#9851 = CARTESIAN_POINT('',(194.9625,71.222628776591,12.7));
#9852 = PCURVE('',#7604,#9853);
#9853 = DEFINITIONAL_REPRESENTATION('',(#9854),#9862);
#9854 = B_SPLINE_CURVE_WITH_KNOTS('',6,(#9855,#9856,#9857,#9858,#9859,
    #9860,#9861),.UNSPECIFIED.,.F.,.F.,(7,7),(0.,2.09465904264),
  .PIECEWISE_BEZIER_KNOTS.);
#9855 = CARTESIAN_POINT('',(195.71250001733,71.655905408893));
#9856 = CARTESIAN_POINT('',(195.56123888136,71.743289306446));
#9857 = CARTESIAN_POINT('',(195.37343981789,71.767317391374));
#9858 = CARTESIAN_POINT('',(195.18160580325,71.708264032961));
#9859 = CARTESIAN_POINT('',(195.03537368331,71.571437626397));
#9860 = CARTESIAN_POINT('',(194.9625,71.39707726542));
#9861 = CARTESIAN_POINT('',(194.9625,71.222628776591));
#9862 = ( GEOMETRIC_REPRESENTATION_CONTEXT(2) 
PARAMETRIC_REPRESENTATION_CONTEXT() REPRESENTATION_CONTEXT('2D SPACE',''
  ) );
#9863 = PCURVE('',#9864,#9886);
#9864 = ( BOUNDED_SURFACE() B_SPLINE_SURFACE(2,6,(
    (#9865,#9866,#9867,#9868,#9869,#9870,#9871)
    ,(#9872,#9873,#9874,#9875,#9876,#9877,#9878)
    ,(#9879,#9880,#9881,#9882,#9883,#9884,#9885
)),.UNSPECIFIED.,.F.,.F.,.F.) B_SPLINE_SURFACE_WITH_KNOTS((3,3),(7,7),(
    0.,2.09465904264),(0.,2.09465904264),.PIECEWISE_BEZIER_KNOTS.) 
GEOMETRIC_REPRESENTATION_ITEM() RATIONAL_B_SPLINE_SURFACE((
    (1.,1.,1.,1.,1.,1.,1.)
    ,(0.696339051747,0.694147612644,0.69353366164,0.695043379923
      ,0.698499787525,0.702816197344,0.707106781187)
,(1.,1.,1.,1.,1.,1.,1.))) REPRESENTATION_ITEM('') SURFACE() );
#9865 = CARTESIAN_POINT('',(195.71250001733,71.655905408893,12.7));
#9866 = CARTESIAN_POINT('',(195.56123888136,71.743289306446,12.7));
#9867 = CARTESIAN_POINT('',(195.37343981789,71.767317391374,12.7));
#9868 = CARTESIAN_POINT('',(195.18160580325,71.708264032961,12.7));
#9869 = CARTESIAN_POINT('',(195.03537368331,71.571437626397,12.7));
#9870 = CARTESIAN_POINT('',(194.9625,71.39707726542,12.7));
#9871 = CARTESIAN_POINT('',(194.9625,71.222628776591,12.7));
#9872 = CARTESIAN_POINT('',(195.55782513653,71.388163881781,12.7));
#9873 = CARTESIAN_POINT('',(195.49890478575,71.420013718499,12.7));
#9874 = CARTESIAN_POINT('',(195.42823899493,71.427603257012,12.7));
#9875 = CARTESIAN_POINT('',(195.35829126303,71.407165180075,12.7));
#9876 = CARTESIAN_POINT('',(195.2993220202,71.359781074774,12.7));
#9877 = CARTESIAN_POINT('',(195.26616290691,71.292769915823,12.7));
#9878 = CARTESIAN_POINT('',(195.2625,71.222628776591,12.7));
#9879 = CARTESIAN_POINT('',(195.56250000693,71.396256061542,
    12.390932844992));
#9880 = CARTESIAN_POINT('',(195.50191271117,71.43132142448,
    12.38910166344));
#9881 = CARTESIAN_POINT('',(195.42661743643,71.440993894436,
    12.388596555463));
#9882 = CARTESIAN_POINT('',(195.34959580951,71.417012530896,
    12.389848789175));
#9883 = CARTESIAN_POINT('',(195.2915022,71.361995548067,12.392722005996)
  );
#9884 = CARTESIAN_POINT('',(195.2625,71.292344313288,12.396359318883));
#9885 = CARTESIAN_POINT('',(195.2625,71.222628776591,12.4));
#9886 = DEFINITIONAL_REPRESENTATION('',(#9887),#9891);
#9887 = LINE('',#9888,#9889);
#9888 = CARTESIAN_POINT('',(0.,0.));
#9889 = VECTOR('',#9890,1.);
#9890 = DIRECTION('',(0.,1.));
#9891 = ( GEOMETRIC_REPRESENTATION_CONTEXT(2) 
PARAMETRIC_REPRESENTATION_CONTEXT() REPRESENTATION_CONTEXT('2D SPACE',''
  ) );
#9892 = ORIENTED_EDGE('',*,*,#9893,.T.);
#9893 = EDGE_CURVE('',#9841,#7671,#9894,.T.);
#9894 = SURFACE_CURVE('',#9895,(#9899,#9906),.PCURVE_S1.);
#9895 = LINE('',#9896,#9897);
#9896 = CARTESIAN_POINT('',(195.4171748808,71.826515402731,12.7));
#9897 = VECTOR('',#9898,1.);
#9898 = DIRECTION('',(0.865893403497,-0.50022856154,0.));
#9899 = PCURVE('',#7604,#9900);
#9900 = DEFINITIONAL_REPRESENTATION('',(#9901),#9905);
#9901 = LINE('',#9902,#9903);
#9902 = CARTESIAN_POINT('',(195.4171748808,71.826515402731));
#9903 = VECTOR('',#9904,1.);
#9904 = DIRECTION('',(0.865893403497,-0.50022856154));
#9905 = ( GEOMETRIC_REPRESENTATION_CONTEXT(2) 
PARAMETRIC_REPRESENTATION_CONTEXT() REPRESENTATION_CONTEXT('2D SPACE',''
  ) );
#9906 = PCURVE('',#7725,#9907);
#9907 = DEFINITIONAL_REPRESENTATION('',(#9908),#9912);
#9908 = LINE('',#9909,#9910);
#9909 = CARTESIAN_POINT('',(0.,0.));
#9910 = VECTOR('',#9911,1.);
#9911 = DIRECTION('',(0.,1.));
#9912 = ( GEOMETRIC_REPRESENTATION_CONTEXT(2) 
PARAMETRIC_REPRESENTATION_CONTEXT() REPRESENTATION_CONTEXT('2D SPACE',''
  ) );
#9913 = ORIENTED_EDGE('',*,*,#7670,.T.);
#9914 = FACE_BOUND('',#9915,.T.);
#9915 = EDGE_LOOP('',(#9916,#9917,#9918,#9919,#9920,#9921));
#9916 = ORIENTED_EDGE('',*,*,#8578,.F.);
#9917 = ORIENTED_EDGE('',*,*,#8649,.F.);
#9918 = ORIENTED_EDGE('',*,*,#8747,.F.);
#9919 = ORIENTED_EDGE('',*,*,#8823,.F.);
#9920 = ORIENTED_EDGE('',*,*,#8774,.F.);
#9921 = ORIENTED_EDGE('',*,*,#8676,.F.);
#9922 = FACE_BOUND('',#9923,.T.);
#9923 = EDGE_LOOP('',(#9924,#9925,#9926,#9927,#9928,#9929));
#9924 = ORIENTED_EDGE('',*,*,#8872,.F.);
#9925 = ORIENTED_EDGE('',*,*,#8943,.F.);
#9926 = ORIENTED_EDGE('',*,*,#9041,.F.);
#9927 = ORIENTED_EDGE('',*,*,#9117,.F.);
#9928 = ORIENTED_EDGE('',*,*,#9068,.F.);
#9929 = ORIENTED_EDGE('',*,*,#8970,.F.);
#9930 = FACE_BOUND('',#9931,.T.);
#9931 = EDGE_LOOP('',(#9932,#9933,#9934,#9935,#9936,#9937));
#9932 = ORIENTED_EDGE('',*,*,#9166,.F.);
#9933 = ORIENTED_EDGE('',*,*,#9237,.F.);
#9934 = ORIENTED_EDGE('',*,*,#9335,.F.);
#9935 = ORIENTED_EDGE('',*,*,#9411,.F.);
#9936 = ORIENTED_EDGE('',*,*,#9362,.F.);
#9937 = ORIENTED_EDGE('',*,*,#9264,.F.);
#9938 = FACE_BOUND('',#9939,.T.);
#9939 = EDGE_LOOP('',(#9940,#9941,#9942,#9943,#9944,#9945));
#9940 = ORIENTED_EDGE('',*,*,#9460,.F.);
#9941 = ORIENTED_EDGE('',*,*,#9531,.F.);
#9942 = ORIENTED_EDGE('',*,*,#9629,.F.);
#9943 = ORIENTED_EDGE('',*,*,#9705,.F.);
#9944 = ORIENTED_EDGE('',*,*,#9656,.F.);
#9945 = ORIENTED_EDGE('',*,*,#9558,.F.);
#9946 = ADVANCED_FACE('',(#9947),#7759,.T.);
#9947 = FACE_BOUND('',#9948,.T.);
#9948 = EDGE_LOOP('',(#9949,#9950,#9951,#9974));
#9949 = ORIENTED_EDGE('',*,*,#7999,.T.);
#9950 = ORIENTED_EDGE('',*,*,#7743,.T.);
#9951 = ORIENTED_EDGE('',*,*,#9952,.F.);
#9952 = EDGE_CURVE('',#9953,#7698,#9955,.T.);
#9953 = VERTEX_POINT('',#9954);
#9954 = CARTESIAN_POINT('',(195.56250000693,71.396256061542,
    12.390932844992));
#9955 = SURFACE_CURVE('',#9956,(#9960,#9967),.PCURVE_S1.);
#9956 = LINE('',#9957,#9958);
#9957 = CARTESIAN_POINT('',(195.2671748704,71.56686605538,
    12.390932844992));
#9958 = VECTOR('',#9959,1.);
#9959 = DIRECTION('',(0.865893403497,-0.50022856154,0.));
#9960 = PCURVE('',#7759,#9961);
#9961 = DEFINITIONAL_REPRESENTATION('',(#9962),#9966);
#9962 = LINE('',#9963,#9964);
#9963 = CARTESIAN_POINT('',(7.222542065567,-6.04369387577));
#9964 = VECTOR('',#9965,1.);
#9965 = DIRECTION('',(-1.,-1.605268984088E-18));
#9966 = ( GEOMETRIC_REPRESENTATION_CONTEXT(2) 
PARAMETRIC_REPRESENTATION_CONTEXT() REPRESENTATION_CONTEXT('2D SPACE',''
  ) );
#9967 = PCURVE('',#7725,#9968);
#9968 = DEFINITIONAL_REPRESENTATION('',(#9969),#9973);
#9969 = LINE('',#9970,#9971);
#9970 = CARTESIAN_POINT('',(1.601024780199,0.));
#9971 = VECTOR('',#9972,1.);
#9972 = DIRECTION('',(0.,1.));
#9973 = ( GEOMETRIC_REPRESENTATION_CONTEXT(2) 
PARAMETRIC_REPRESENTATION_CONTEXT() REPRESENTATION_CONTEXT('2D SPACE',''
  ) );
#9974 = ORIENTED_EDGE('',*,*,#9975,.F.);
#9975 = EDGE_CURVE('',#8000,#9953,#9976,.T.);
#9976 = SURFACE_CURVE('',#9977,(#9981,#9988),.PCURVE_S1.);
#9977 = LINE('',#9978,#9979);
#9978 = CARTESIAN_POINT('',(195.56250000693,71.829168059259,
    -6.04477084327E-03));
#9979 = VECTOR('',#9980,1.);
#9980 = DIRECTION('',(0.,-3.48994967025E-02,0.999390827019));
#9981 = PCURVE('',#7759,#9982);
#9982 = DEFINITIONAL_REPRESENTATION('',(#9983),#9987);
#9983 = LINE('',#9984,#9985);
#9984 = CARTESIAN_POINT('',(7.098032932049,6.358949824696));
#9985 = VECTOR('',#9986,1.);
#9986 = DIRECTION('',(-1.745772503396E-02,-0.999847602306));
#9987 = ( GEOMETRIC_REPRESENTATION_CONTEXT(2) 
PARAMETRIC_REPRESENTATION_CONTEXT() REPRESENTATION_CONTEXT('2D SPACE',''
  ) );
#9988 = PCURVE('',#8122,#9989);
#9989 = DEFINITIONAL_REPRESENTATION('',(#9990),#9994);
#9990 = LINE('',#9991,#9992);
#9991 = CARTESIAN_POINT('',(0.,0.));
#9992 = VECTOR('',#9993,1.);
#9993 = DIRECTION('',(0.,1.));
#9994 = ( GEOMETRIC_REPRESENTATION_CONTEXT(2) 
PARAMETRIC_REPRESENTATION_CONTEXT() REPRESENTATION_CONTEXT('2D SPACE',''
  ) );
#9995 = ADVANCED_FACE('',(#9996),#7725,.T.);
#9996 = FACE_BOUND('',#9997,.T.);
#9997 = EDGE_LOOP('',(#9998,#10025,#10026,#10027));
#9998 = ORIENTED_EDGE('',*,*,#9999,.T.);
#9999 = EDGE_CURVE('',#9841,#9953,#10000,.T.);
#10000 = SURFACE_CURVE('',#10001,(#10005,#10019),.PCURVE_S1.);
#10001 = ( BOUNDED_CURVE() B_SPLINE_CURVE(2,(#10002,#10003,#10004),
.UNSPECIFIED.,.F.,.F.) B_SPLINE_CURVE_WITH_KNOTS((3,3),(0.,2.09465904264
),.PIECEWISE_BEZIER_KNOTS.) CURVE() GEOMETRIC_REPRESENTATION_ITEM() 
RATIONAL_B_SPLINE_CURVE((1.,0.696339051747,1.)) REPRESENTATION_ITEM('') 
  );
#10002 = CARTESIAN_POINT('',(195.71250001733,71.655905408893,12.7));
#10003 = CARTESIAN_POINT('',(195.55782513653,71.388163881781,12.7));
#10004 = CARTESIAN_POINT('',(195.56250000693,71.396256061542,
    12.390932844992));
#10005 = PCURVE('',#7725,#10006);
#10006 = DEFINITIONAL_REPRESENTATION('',(#10007),#10018);
#10007 = B_SPLINE_CURVE_WITH_KNOTS('',9,(#10008,#10009,#10010,#10011,
    #10012,#10013,#10014,#10015,#10016,#10017),.UNSPECIFIED.,.F.,.F.,(10
    ,10),(0.,2.09465904264),.PIECEWISE_BEZIER_KNOTS.);
#10008 = CARTESIAN_POINT('',(-1.110223024625E-16,0.341064079413));
#10009 = CARTESIAN_POINT('',(0.159491773852,0.341064079413));
#10010 = CARTESIAN_POINT('',(0.331090311857,0.341064079413));
#10011 = CARTESIAN_POINT('',(0.513447523062,0.341064079413));
#10012 = CARTESIAN_POINT('',(0.703690953959,0.341064079413));
#10013 = CARTESIAN_POINT('',(0.897333826239,0.341064079413));
#10014 = CARTESIAN_POINT('',(1.087577257137,0.341064079413));
#10015 = CARTESIAN_POINT('',(1.269934468341,0.341064079413));
#10016 = CARTESIAN_POINT('',(1.441533006346,0.341064079413));
#10017 = CARTESIAN_POINT('',(1.601024780199,0.341064079413));
#10018 = ( GEOMETRIC_REPRESENTATION_CONTEXT(2) 
PARAMETRIC_REPRESENTATION_CONTEXT() REPRESENTATION_CONTEXT('2D SPACE',''
  ) );
#10019 = PCURVE('',#9864,#10020);
#10020 = DEFINITIONAL_REPRESENTATION('',(#10021),#10024);
#10021 = B_SPLINE_CURVE_WITH_KNOTS('',1,(#10022,#10023),.UNSPECIFIED.,
  .F.,.F.,(2,2),(0.,2.09465904264),.PIECEWISE_BEZIER_KNOTS.);
#10022 = CARTESIAN_POINT('',(0.,0.));
#10023 = CARTESIAN_POINT('',(2.09465904264,0.));
#10024 = ( GEOMETRIC_REPRESENTATION_CONTEXT(2) 
PARAMETRIC_REPRESENTATION_CONTEXT() REPRESENTATION_CONTEXT('2D SPACE',''
  ) );
#10025 = ORIENTED_EDGE('',*,*,#9952,.T.);
#10026 = ORIENTED_EDGE('',*,*,#7697,.T.);
#10027 = ORIENTED_EDGE('',*,*,#9893,.F.);
#10028 = ADVANCED_FACE('',(#10029),#8122,.F.);
#10029 = FACE_BOUND('',#10030,.F.);
#10030 = EDGE_LOOP('',(#10031,#10032,#10033,#10056));
#10031 = ORIENTED_EDGE('',*,*,#9975,.F.);
#10032 = ORIENTED_EDGE('',*,*,#8102,.T.);
#10033 = ORIENTED_EDGE('',*,*,#10034,.T.);
#10034 = EDGE_CURVE('',#8103,#10035,#10037,.T.);
#10035 = VERTEX_POINT('',#10036);
#10036 = CARTESIAN_POINT('',(195.2625,71.222628776591,12.4));
#10037 = SURFACE_CURVE('',#10038,(#10042,#10049),.PCURVE_S1.);
#10038 = LINE('',#10039,#10040);
#10039 = CARTESIAN_POINT('',(195.2625,71.656068494358,
    -1.208954084829E-02));
#10040 = VECTOR('',#10041,1.);
#10041 = DIRECTION('',(0.,-3.48994967025E-02,0.999390827019));
#10042 = PCURVE('',#8122,#10043);
#10043 = DEFINITIONAL_REPRESENTATION('',(#10044),#10048);
#10044 = LINE('',#10045,#10046);
#10045 = CARTESIAN_POINT('',(2.094395142425,0.));
#10046 = VECTOR('',#10047,1.);
#10047 = DIRECTION('',(0.,1.));
#10048 = ( GEOMETRIC_REPRESENTATION_CONTEXT(2) 
PARAMETRIC_REPRESENTATION_CONTEXT() REPRESENTATION_CONTEXT('2D SPACE',''
  ) );
#10049 = PCURVE('',#8236,#10050);
#10050 = DEFINITIONAL_REPRESENTATION('',(#10051),#10055);
#10051 = LINE('',#10052,#10053);
#10052 = CARTESIAN_POINT('',(-6.306440263114,-26.42100926435));
#10053 = VECTOR('',#10054,1.);
#10054 = DIRECTION('',(0.999390827019,3.48994967025E-02));
#10055 = ( GEOMETRIC_REPRESENTATION_CONTEXT(2) 
PARAMETRIC_REPRESENTATION_CONTEXT() REPRESENTATION_CONTEXT('2D SPACE',''
  ) );
#10056 = ORIENTED_EDGE('',*,*,#10057,.F.);
#10057 = EDGE_CURVE('',#9953,#10035,#10058,.T.);
#10058 = SURFACE_CURVE('',#10059,(#10067,#10078),.PCURVE_S1.);
#10059 = B_SPLINE_CURVE_WITH_KNOTS('',6,(#10060,#10061,#10062,#10063,
    #10064,#10065,#10066),.UNSPECIFIED.,.F.,.F.,(7,7),(0.,2.09465904264)
  ,.PIECEWISE_BEZIER_KNOTS.);
#10060 = CARTESIAN_POINT('',(195.56250000693,71.396256061542,
    12.390932844992));
#10061 = CARTESIAN_POINT('',(195.50191271117,71.43132142448,
    12.38910166344));
#10062 = CARTESIAN_POINT('',(195.42661743643,71.440993894436,
    12.388596555463));
#10063 = CARTESIAN_POINT('',(195.34959580951,71.417012530896,
    12.389848789175));
#10064 = CARTESIAN_POINT('',(195.2915022,71.361995548067,12.392722005996
    ));
#10065 = CARTESIAN_POINT('',(195.2625,71.292344313288,12.396359318883));
#10066 = CARTESIAN_POINT('',(195.2625,71.222628776591,12.4));
#10067 = PCURVE('',#8122,#10068);
#10068 = DEFINITIONAL_REPRESENTATION('',(#10069),#10077);
#10069 = B_SPLINE_CURVE_WITH_KNOTS('',6,(#10070,#10071,#10072,#10073,
    #10074,#10075,#10076),.UNSPECIFIED.,.F.,.F.,(7,7),(0.,2.09465904264)
  ,.PIECEWISE_BEZIER_KNOTS.);
#10070 = CARTESIAN_POINT('',(-3.930189507173E-14,12.404534122864));
#10071 = CARTESIAN_POINT('',(0.349800923269,12.4014802933));
#10072 = CARTESIAN_POINT('',(0.700052274803,12.40063955311));
#10073 = CARTESIAN_POINT('',(1.050263533704,12.402723412734));
#10074 = CARTESIAN_POINT('',(1.398976476146,12.407519441491));
#10075 = CARTESIAN_POINT('',(1.746665092741,12.413583758809));
#10076 = CARTESIAN_POINT('',(2.094395142425,12.419655259264));
#10077 = ( GEOMETRIC_REPRESENTATION_CONTEXT(2) 
PARAMETRIC_REPRESENTATION_CONTEXT() REPRESENTATION_CONTEXT('2D SPACE',''
  ) );
#10078 = PCURVE('',#9864,#10079);
#10079 = DEFINITIONAL_REPRESENTATION('',(#10080),#10084);
#10080 = LINE('',#10081,#10082);
#10081 = CARTESIAN_POINT('',(2.09465904264,0.));
#10082 = VECTOR('',#10083,1.);
#10083 = DIRECTION('',(0.,1.));
#10084 = ( GEOMETRIC_REPRESENTATION_CONTEXT(2) 
PARAMETRIC_REPRESENTATION_CONTEXT() REPRESENTATION_CONTEXT('2D SPACE',''
  ) );
#10085 = ADVANCED_FACE('',(#10086),#8236,.T.);
#10086 = FACE_BOUND('',#10087,.T.);
#10087 = EDGE_LOOP('',(#10088,#10089,#10090,#10113));
#10088 = ORIENTED_EDGE('',*,*,#8220,.T.);
#10089 = ORIENTED_EDGE('',*,*,#10034,.T.);
#10090 = ORIENTED_EDGE('',*,*,#10091,.F.);
#10091 = EDGE_CURVE('',#10092,#10035,#10094,.T.);
#10092 = VERTEX_POINT('',#10093);
#10093 = CARTESIAN_POINT('',(195.2625,19.247489683409,12.4));
#10094 = SURFACE_CURVE('',#10095,(#10099,#10106),.PCURVE_S1.);
#10095 = LINE('',#10096,#10097);
#10096 = CARTESIAN_POINT('',(195.2625,18.911344584381,12.4));
#10097 = VECTOR('',#10098,1.);
#10098 = DIRECTION('',(0.,1.,0.));
#10099 = PCURVE('',#8236,#10100);
#10100 = DEFINITIONAL_REPRESENTATION('',(#10101),#10105);
#10101 = LINE('',#10102,#10103);
#10102 = CARTESIAN_POINT('',(6.105649277734,26.323714645619));
#10103 = VECTOR('',#10104,1.);
#10104 = DIRECTION('',(0.,-1.));
#10105 = ( GEOMETRIC_REPRESENTATION_CONTEXT(2) 
PARAMETRIC_REPRESENTATION_CONTEXT() REPRESENTATION_CONTEXT('2D SPACE',''
  ) );
#10106 = PCURVE('',#9828,#10107);
#10107 = DEFINITIONAL_REPRESENTATION('',(#10108),#10112);
#10108 = LINE('',#10109,#10110);
#10109 = CARTESIAN_POINT('',(1.570796326795,0.));
#10110 = VECTOR('',#10111,1.);
#10111 = DIRECTION('',(0.,1.));
#10112 = ( GEOMETRIC_REPRESENTATION_CONTEXT(2) 
PARAMETRIC_REPRESENTATION_CONTEXT() REPRESENTATION_CONTEXT('2D SPACE',''
  ) );
#10113 = ORIENTED_EDGE('',*,*,#10114,.F.);
#10114 = EDGE_CURVE('',#8221,#10092,#10115,.T.);
#10115 = SURFACE_CURVE('',#10116,(#10120,#10127),.PCURVE_S1.);
#10116 = LINE('',#10117,#10118);
#10117 = CARTESIAN_POINT('',(195.2625,18.814049965642,
    -1.208954084829E-02));
#10118 = VECTOR('',#10119,1.);
#10119 = DIRECTION('',(0.,3.48994967025E-02,0.999390827019));
#10120 = PCURVE('',#8236,#10121);
#10121 = DEFINITIONAL_REPRESENTATION('',(#10122),#10126);
#10122 = LINE('',#10123,#10124);
#10123 = CARTESIAN_POINT('',(-6.306440263114,26.421009264358));
#10124 = VECTOR('',#10125,1.);
#10125 = DIRECTION('',(0.999390827019,-3.48994967025E-02));
#10126 = ( GEOMETRIC_REPRESENTATION_CONTEXT(2) 
PARAMETRIC_REPRESENTATION_CONTEXT() REPRESENTATION_CONTEXT('2D SPACE',''
  ) );
#10127 = PCURVE('',#8348,#10128);
#10128 = DEFINITIONAL_REPRESENTATION('',(#10129),#10133);
#10129 = LINE('',#10130,#10131);
#10130 = CARTESIAN_POINT('',(0.,0.));
#10131 = VECTOR('',#10132,1.);
#10132 = DIRECTION('',(0.,1.));
#10133 = ( GEOMETRIC_REPRESENTATION_CONTEXT(2) 
PARAMETRIC_REPRESENTATION_CONTEXT() REPRESENTATION_CONTEXT('2D SPACE',''
  ) );
#10134 = ADVANCED_FACE('',(#10135),#8348,.F.);
#10135 = FACE_BOUND('',#10136,.F.);
#10136 = EDGE_LOOP('',(#10137,#10138,#10139,#10162));
#10137 = ORIENTED_EDGE('',*,*,#10114,.F.);
#10138 = ORIENTED_EDGE('',*,*,#8328,.T.);
#10139 = ORIENTED_EDGE('',*,*,#10140,.T.);
#10140 = EDGE_CURVE('',#8329,#10141,#10143,.T.);
#10141 = VERTEX_POINT('',#10142);
#10142 = CARTESIAN_POINT('',(195.56250000693,19.073862398458,
    12.390932844992));
#10143 = SURFACE_CURVE('',#10144,(#10148,#10155),.PCURVE_S1.);
#10144 = LINE('',#10145,#10146);
#10145 = CARTESIAN_POINT('',(195.56250000693,18.640950400741,
    -6.04477084327E-03));
#10146 = VECTOR('',#10147,1.);
#10147 = DIRECTION('',(0.,3.48994967025E-02,0.999390827019));
#10148 = PCURVE('',#8348,#10149);
#10149 = DEFINITIONAL_REPRESENTATION('',(#10150),#10154);
#10150 = LINE('',#10151,#10152);
#10151 = CARTESIAN_POINT('',(2.094395142425,0.));
#10152 = VECTOR('',#10153,1.);
#10153 = DIRECTION('',(0.,1.));
#10154 = ( GEOMETRIC_REPRESENTATION_CONTEXT(2) 
PARAMETRIC_REPRESENTATION_CONTEXT() REPRESENTATION_CONTEXT('2D SPACE',''
  ) );
#10155 = PCURVE('',#8443,#10156);
#10156 = DEFINITIONAL_REPRESENTATION('',(#10157),#10161);
#10157 = LINE('',#10158,#10159);
#10158 = CARTESIAN_POINT('',(-7.098032932049,6.358949824696));
#10159 = VECTOR('',#10160,1.);
#10160 = DIRECTION('',(1.745772503396E-02,-0.999847602306));
#10161 = ( GEOMETRIC_REPRESENTATION_CONTEXT(2) 
PARAMETRIC_REPRESENTATION_CONTEXT() REPRESENTATION_CONTEXT('2D SPACE',''
  ) );
#10162 = ORIENTED_EDGE('',*,*,#10163,.F.);
#10163 = EDGE_CURVE('',#10092,#10141,#10164,.T.);
#10164 = SURFACE_CURVE('',#10165,(#10173,#10184),.PCURVE_S1.);
#10165 = B_SPLINE_CURVE_WITH_KNOTS('',6,(#10166,#10167,#10168,#10169,
    #10170,#10171,#10172),.UNSPECIFIED.,.F.,.F.,(7,7),(0.,2.09465904264)
  ,.PIECEWISE_BEZIER_KNOTS.);
#10166 = CARTESIAN_POINT('',(195.2625,19.247489683409,12.4));
#10167 = CARTESIAN_POINT('',(195.2625,19.177774146712,12.396359318883));
#10168 = CARTESIAN_POINT('',(195.2915022,19.108122911933,12.392722005996
    ));
#10169 = CARTESIAN_POINT('',(195.34959580951,19.053105929104,
    12.389848789175));
#10170 = CARTESIAN_POINT('',(195.42661743643,19.029124565564,
    12.388596555463));
#10171 = CARTESIAN_POINT('',(195.50191271117,19.03879703552,
    12.38910166344));
#10172 = CARTESIAN_POINT('',(195.56250000693,19.073862398458,
    12.390932844992));
#10173 = PCURVE('',#8348,#10174);
#10174 = DEFINITIONAL_REPRESENTATION('',(#10175),#10183);
#10175 = B_SPLINE_CURVE_WITH_KNOTS('',6,(#10176,#10177,#10178,#10179,
    #10180,#10181,#10182),.UNSPECIFIED.,.F.,.F.,(7,7),(0.,2.09465904264)
  ,.PIECEWISE_BEZIER_KNOTS.);
#10176 = CARTESIAN_POINT('',(-2.22044604925E-16,12.419655259264));
#10177 = CARTESIAN_POINT('',(0.347730049684,12.413583758809));
#10178 = CARTESIAN_POINT('',(0.695418666279,12.407519441491));
#10179 = CARTESIAN_POINT('',(1.044131608721,12.402723412734));
#10180 = CARTESIAN_POINT('',(1.394342867622,12.400639553109));
#10181 = CARTESIAN_POINT('',(1.744594219155,12.4014802933));
#10182 = CARTESIAN_POINT('',(2.094395142425,12.404534122864));
#10183 = ( GEOMETRIC_REPRESENTATION_CONTEXT(2) 
PARAMETRIC_REPRESENTATION_CONTEXT() REPRESENTATION_CONTEXT('2D SPACE',''
  ) );
#10184 = PCURVE('',#9783,#10185);
#10185 = DEFINITIONAL_REPRESENTATION('',(#10186),#10190);
#10186 = LINE('',#10187,#10188);
#10187 = CARTESIAN_POINT('',(2.09465904264,0.));
#10188 = VECTOR('',#10189,1.);
#10189 = DIRECTION('',(0.,1.));
#10190 = ( GEOMETRIC_REPRESENTATION_CONTEXT(2) 
PARAMETRIC_REPRESENTATION_CONTEXT() REPRESENTATION_CONTEXT('2D SPACE',''
  ) );
#10191 = ADVANCED_FACE('',(#10192),#8443,.T.);
#10192 = FACE_BOUND('',#10193,.T.);
#10193 = EDGE_LOOP('',(#10194,#10195,#10196,#10217));
#10194 = ORIENTED_EDGE('',*,*,#8529,.T.);
#10195 = ORIENTED_EDGE('',*,*,#10140,.T.);
#10196 = ORIENTED_EDGE('',*,*,#10197,.F.);
#10197 = EDGE_CURVE('',#8428,#10141,#10198,.T.);
#10198 = SURFACE_CURVE('',#10199,(#10203,#10210),.PCURVE_S1.);
#10199 = LINE('',#10200,#10201);
#10200 = CARTESIAN_POINT('',(207.9671748704,26.240070892784,
    12.390932844992));
#10201 = VECTOR('',#10202,1.);
#10202 = DIRECTION('',(-0.865893403497,-0.50022856154,0.));
#10203 = PCURVE('',#8443,#10204);
#10204 = DEFINITIONAL_REPRESENTATION('',(#10205),#10209);
#10205 = LINE('',#10206,#10207);
#10206 = CARTESIAN_POINT('',(7.444390317459,-6.043693875769));
#10207 = VECTOR('',#10208,1.);
#10208 = DIRECTION('',(-1.,1.605268984088E-18));
#10209 = ( GEOMETRIC_REPRESENTATION_CONTEXT(2) 
PARAMETRIC_REPRESENTATION_CONTEXT() REPRESENTATION_CONTEXT('2D SPACE',''
  ) );
#10210 = PCURVE('',#8477,#10211);
#10211 = DEFINITIONAL_REPRESENTATION('',(#10212),#10216);
#10212 = LINE('',#10213,#10214);
#10213 = CARTESIAN_POINT('',(1.601024780199,0.));
#10214 = VECTOR('',#10215,1.);
#10215 = DIRECTION('',(0.,1.));
#10216 = ( GEOMETRIC_REPRESENTATION_CONTEXT(2) 
PARAMETRIC_REPRESENTATION_CONTEXT() REPRESENTATION_CONTEXT('2D SPACE',''
  ) );
#10217 = ORIENTED_EDGE('',*,*,#8427,.F.);
#10218 = ADVANCED_FACE('',(#10219),#8477,.T.);
#10219 = FACE_BOUND('',#10220,.T.);
#10220 = EDGE_LOOP('',(#10221,#10222,#10223,#10250));
#10221 = ORIENTED_EDGE('',*,*,#8455,.F.);
#10222 = ORIENTED_EDGE('',*,*,#10197,.T.);
#10223 = ORIENTED_EDGE('',*,*,#10224,.F.);
#10224 = EDGE_CURVE('',#9737,#10141,#10225,.T.);
#10225 = SURFACE_CURVE('',#10226,(#10230,#10244),.PCURVE_S1.);
#10226 = ( BOUNDED_CURVE() B_SPLINE_CURVE(2,(#10227,#10228,#10229),
.UNSPECIFIED.,.F.,.F.) B_SPLINE_CURVE_WITH_KNOTS((3,3),(0.,2.09465904264
),.PIECEWISE_BEZIER_KNOTS.) CURVE() GEOMETRIC_REPRESENTATION_ITEM() 
RATIONAL_B_SPLINE_CURVE((1.,0.696339051747,1.)) REPRESENTATION_ITEM('') 
  );
#10227 = CARTESIAN_POINT('',(195.71250001733,18.814213051107,12.7));
#10228 = CARTESIAN_POINT('',(195.55782513653,19.081954578219,12.7));
#10229 = CARTESIAN_POINT('',(195.56250000693,19.073862398458,
    12.390932844992));
#10230 = PCURVE('',#8477,#10231);
#10231 = DEFINITIONAL_REPRESENTATION('',(#10232),#10243);
#10232 = B_SPLINE_CURVE_WITH_KNOTS('',9,(#10233,#10234,#10235,#10236,
    #10237,#10238,#10239,#10240,#10241,#10242),.UNSPECIFIED.,.F.,.F.,(10
    ,10),(0.,2.09465904264),.PIECEWISE_BEZIER_KNOTS.);
#10233 = CARTESIAN_POINT('',(1.110223024625E-16,14.325868303613));
#10234 = CARTESIAN_POINT('',(0.159491773852,14.325868303613));
#10235 = CARTESIAN_POINT('',(0.331090311858,14.325868303612));
#10236 = CARTESIAN_POINT('',(0.513447523061,14.325868303614));
#10237 = CARTESIAN_POINT('',(0.70369095396,14.325868303612));
#10238 = CARTESIAN_POINT('',(0.897333826239,14.325868303614));
#10239 = CARTESIAN_POINT('',(1.087577257137,14.325868303612));
#10240 = CARTESIAN_POINT('',(1.269934468341,14.325868303613));
#10241 = CARTESIAN_POINT('',(1.441533006346,14.325868303613));
#10242 = CARTESIAN_POINT('',(1.601024780199,14.325868303613));
#10243 = ( GEOMETRIC_REPRESENTATION_CONTEXT(2) 
PARAMETRIC_REPRESENTATION_CONTEXT() REPRESENTATION_CONTEXT('2D SPACE',''
  ) );
#10244 = PCURVE('',#9783,#10245);
#10245 = DEFINITIONAL_REPRESENTATION('',(#10246),#10249);
#10246 = B_SPLINE_CURVE_WITH_KNOTS('',1,(#10247,#10248),.UNSPECIFIED.,
  .F.,.F.,(2,2),(0.,2.09465904264),.PIECEWISE_BEZIER_KNOTS.);
#10247 = CARTESIAN_POINT('',(0.,2.09465904264));
#10248 = CARTESIAN_POINT('',(2.09465904264,2.09465904264));
#10249 = ( GEOMETRIC_REPRESENTATION_CONTEXT(2) 
PARAMETRIC_REPRESENTATION_CONTEXT() REPRESENTATION_CONTEXT('2D SPACE',''
  ) );
#10250 = ORIENTED_EDGE('',*,*,#9736,.F.);
#10251 = ADVANCED_FACE('',(#10252),#9864,.F.);
#10252 = FACE_BOUND('',#10253,.F.);
#10253 = EDGE_LOOP('',(#10254,#10255,#10256,#10283));
#10254 = ORIENTED_EDGE('',*,*,#9999,.T.);
#10255 = ORIENTED_EDGE('',*,*,#10057,.T.);
#10256 = ORIENTED_EDGE('',*,*,#10257,.F.);
#10257 = EDGE_CURVE('',#9813,#10035,#10258,.T.);
#10258 = SURFACE_CURVE('',#10259,(#10263,#10269),.PCURVE_S1.);
#10259 = ( BOUNDED_CURVE() B_SPLINE_CURVE(2,(#10260,#10261,#10262),
.UNSPECIFIED.,.F.,.F.) B_SPLINE_CURVE_WITH_KNOTS((3,3),(0.,2.09465904264
),.PIECEWISE_BEZIER_KNOTS.) CURVE() GEOMETRIC_REPRESENTATION_ITEM() 
RATIONAL_B_SPLINE_CURVE((1.,0.707106781187,1.)) REPRESENTATION_ITEM('') 
  );
#10260 = CARTESIAN_POINT('',(194.9625,71.222628776591,12.7));
#10261 = CARTESIAN_POINT('',(195.2625,71.222628776591,12.7));
#10262 = CARTESIAN_POINT('',(195.2625,71.222628776591,12.4));
#10263 = PCURVE('',#9864,#10264);
#10264 = DEFINITIONAL_REPRESENTATION('',(#10265),#10268);
#10265 = B_SPLINE_CURVE_WITH_KNOTS('',1,(#10266,#10267),.UNSPECIFIED.,
  .F.,.F.,(2,2),(0.,2.09465904264),.PIECEWISE_BEZIER_KNOTS.);
#10266 = CARTESIAN_POINT('',(0.,2.09465904264));
#10267 = CARTESIAN_POINT('',(2.09465904264,2.09465904264));
#10268 = ( GEOMETRIC_REPRESENTATION_CONTEXT(2) 
PARAMETRIC_REPRESENTATION_CONTEXT() REPRESENTATION_CONTEXT('2D SPACE',''
  ) );
#10269 = PCURVE('',#9828,#10270);
#10270 = DEFINITIONAL_REPRESENTATION('',(#10271),#10282);
#10271 = B_SPLINE_CURVE_WITH_KNOTS('',9,(#10272,#10273,#10274,#10275,
    #10276,#10277,#10278,#10279,#10280,#10281),.UNSPECIFIED.,.F.,.F.,(10
    ,10),(0.,2.09465904264),.PIECEWISE_BEZIER_KNOTS.);
#10272 = CARTESIAN_POINT('',(0.,52.31128419221));
#10273 = CARTESIAN_POINT('',(0.157134840264,52.31128419221));
#10274 = CARTESIAN_POINT('',(0.325774716821,52.311284192211));
#10275 = CARTESIAN_POINT('',(0.504566386871,52.311284192208));
#10276 = CARTESIAN_POINT('',(0.690744851611,52.311284192212));
#10277 = CARTESIAN_POINT('',(0.880051475184,52.311284192209));
#10278 = CARTESIAN_POINT('',(1.066229939925,52.31128419221));
#10279 = CARTESIAN_POINT('',(1.245021609974,52.31128419221));
#10280 = CARTESIAN_POINT('',(1.413661486531,52.31128419221));
#10281 = CARTESIAN_POINT('',(1.570796326795,52.31128419221));
#10282 = ( GEOMETRIC_REPRESENTATION_CONTEXT(2) 
PARAMETRIC_REPRESENTATION_CONTEXT() REPRESENTATION_CONTEXT('2D SPACE',''
  ) );
#10283 = ORIENTED_EDGE('',*,*,#9840,.F.);
#10284 = ADVANCED_FACE('',(#10285),#9828,.T.);
#10285 = FACE_BOUND('',#10286,.T.);
#10286 = EDGE_LOOP('',(#10287,#10314,#10315,#10316));
#10287 = ORIENTED_EDGE('',*,*,#10288,.T.);
#10288 = EDGE_CURVE('',#9760,#10092,#10289,.T.);
#10289 = SURFACE_CURVE('',#10290,(#10294,#10308),.PCURVE_S1.);
#10290 = ( BOUNDED_CURVE() B_SPLINE_CURVE(2,(#10291,#10292,#10293),
.UNSPECIFIED.,.F.,.F.) B_SPLINE_CURVE_WITH_KNOTS((3,3),(0.,2.09465904264
),.PIECEWISE_BEZIER_KNOTS.) CURVE() GEOMETRIC_REPRESENTATION_ITEM() 
RATIONAL_B_SPLINE_CURVE((1.,0.707106781187,1.)) REPRESENTATION_ITEM('') 
  );
#10291 = CARTESIAN_POINT('',(194.9625,19.247489683409,12.7));
#10292 = CARTESIAN_POINT('',(195.2625,19.247489683409,12.7));
#10293 = CARTESIAN_POINT('',(195.2625,19.247489683409,12.4));
#10294 = PCURVE('',#9828,#10295);
#10295 = DEFINITIONAL_REPRESENTATION('',(#10296),#10307);
#10296 = B_SPLINE_CURVE_WITH_KNOTS('',9,(#10297,#10298,#10299,#10300,
    #10301,#10302,#10303,#10304,#10305,#10306),.UNSPECIFIED.,.F.,.F.,(10
    ,10),(0.,2.09465904264),.PIECEWISE_BEZIER_KNOTS.);
#10297 = CARTESIAN_POINT('',(-2.22044604925E-16,0.336145099028));
#10298 = CARTESIAN_POINT('',(0.157134840264,0.336145099028));
#10299 = CARTESIAN_POINT('',(0.325774716821,0.336145099028));
#10300 = CARTESIAN_POINT('',(0.504566386871,0.336145099028));
#10301 = CARTESIAN_POINT('',(0.690744851609,0.336145099028));
#10302 = CARTESIAN_POINT('',(0.880051475186,0.336145099028));
#10303 = CARTESIAN_POINT('',(1.066229939923,0.336145099028));
#10304 = CARTESIAN_POINT('',(1.245021609974,0.336145099028));
#10305 = CARTESIAN_POINT('',(1.413661486531,0.336145099028));
#10306 = CARTESIAN_POINT('',(1.570796326795,0.336145099028));
#10307 = ( GEOMETRIC_REPRESENTATION_CONTEXT(2) 
PARAMETRIC_REPRESENTATION_CONTEXT() REPRESENTATION_CONTEXT('2D SPACE',''
  ) );
#10308 = PCURVE('',#9783,#10309);
#10309 = DEFINITIONAL_REPRESENTATION('',(#10310),#10313);
#10310 = B_SPLINE_CURVE_WITH_KNOTS('',1,(#10311,#10312),.UNSPECIFIED.,
  .F.,.F.,(2,2),(0.,2.09465904264),.PIECEWISE_BEZIER_KNOTS.);
#10311 = CARTESIAN_POINT('',(0.,0.));
#10312 = CARTESIAN_POINT('',(2.09465904264,0.));
#10313 = ( GEOMETRIC_REPRESENTATION_CONTEXT(2) 
PARAMETRIC_REPRESENTATION_CONTEXT() REPRESENTATION_CONTEXT('2D SPACE',''
  ) );
#10314 = ORIENTED_EDGE('',*,*,#10091,.T.);
#10315 = ORIENTED_EDGE('',*,*,#10257,.F.);
#10316 = ORIENTED_EDGE('',*,*,#9812,.F.);
#10317 = ADVANCED_FACE('',(#10318),#9783,.F.);
#10318 = FACE_BOUND('',#10319,.F.);
#10319 = EDGE_LOOP('',(#10320,#10321,#10322,#10323));
#10320 = ORIENTED_EDGE('',*,*,#10288,.T.);
#10321 = ORIENTED_EDGE('',*,*,#10163,.T.);
#10322 = ORIENTED_EDGE('',*,*,#10224,.F.);
#10323 = ORIENTED_EDGE('',*,*,#9759,.F.);
#10324 = ( GEOMETRIC_REPRESENTATION_CONTEXT(3) 
GLOBAL_UNCERTAINTY_ASSIGNED_CONTEXT((#10328)) 
GLOBAL_UNIT_ASSIGNED_CONTEXT((#10325,#10326,#10327)) 
REPRESENTATION_CONTEXT('Context #1',
  '3D Context with UNIT and UNCERTAINTY') );
#10325 = ( LENGTH_UNIT() NAMED_UNIT(*) SI_UNIT(.MILLI.,.METRE.) );
#10326 = ( NAMED_UNIT(*) PLANE_ANGLE_UNIT() SI_UNIT($,.RADIAN.) );
#10327 = ( NAMED_UNIT(*) SI_UNIT($,.STERADIAN.) SOLID_ANGLE_UNIT() );
#10328 = UNCERTAINTY_MEASURE_WITH_UNIT(LENGTH_MEASURE(5.E-07),#10325,
  'distance_accuracy_value','confusion accuracy');
#10329 = CONTEXT_DEPENDENT_SHAPE_REPRESENTATION(#10330,#10332);
#10330 = ( REPRESENTATION_RELATIONSHIP('','',#6485,#10) 
REPRESENTATION_RELATIONSHIP_WITH_TRANSFORMATION(#10331) 
SHAPE_REPRESENTATION_RELATIONSHIP() );
#10331 = ITEM_DEFINED_TRANSFORMATION('','',#11,#19);
#10332 = PRODUCT_DEFINITION_SHAPE('Placement','Placement of an item',
  #10333);
#10333 = NEXT_ASSEMBLY_USAGE_OCCURRENCE('2','','',#5,#6480,$);
#10334 = PRODUCT_RELATED_PRODUCT_CATEGORY('part',$,(#6482));
ENDSEC;
END-ISO-10303-21;
